split,date,actual_future_rv_20d,qrc_pred_future_rv_20d,run_name
train,1993-06-22,0.0970362050674187,0.1221062219875094,phase2_feedback_tfim_qrc_reference
train,1993-06-23,0.0947616534773248,0.09898366129007562,phase2_feedback_tfim_qrc_reference
train,1993-06-24,0.0839092203768537,0.09227456473204897,phase2_feedback_tfim_qrc_reference
train,1993-06-25,0.0861754546349264,0.0812755056025769,phase2_feedback_tfim_qrc_reference
train,1993-06-28,0.076672864939864,0.09391884451575462,phase2_feedback_tfim_qrc_reference
train,1993-06-29,0.0750905309899627,0.08315662510333884,phase2_feedback_tfim_qrc_reference
train,1993-06-30,0.0776405115479941,0.08263113483321821,phase2_feedback_tfim_qrc_reference
train,1993-07-01,0.0795001929447279,0.08828887207926825,phase2_feedback_tfim_qrc_reference
train,1993-07-02,0.0776256120018641,0.09142424099684356,phase2_feedback_tfim_qrc_reference
train,1993-07-06,0.068046835449546,0.09587983594395169,phase2_feedback_tfim_qrc_reference
train,1993-07-07,0.0673049773254802,0.09629897541190738,phase2_feedback_tfim_qrc_reference
train,1993-07-08,0.0547780579031029,0.10145048458641971,phase2_feedback_tfim_qrc_reference
train,1993-07-09,0.0541058502154665,0.10055420628955546,phase2_feedback_tfim_qrc_reference
train,1993-07-12,0.057521087311781,0.10431519602133743,phase2_feedback_tfim_qrc_reference
train,1993-07-13,0.0575198358794594,0.08968481236155047,phase2_feedback_tfim_qrc_reference
train,1993-07-14,0.056180497219763,0.08185728047157412,phase2_feedback_tfim_qrc_reference
train,1993-07-15,0.055078703333515,0.09425831938191456,phase2_feedback_tfim_qrc_reference
train,1993-07-16,0.0544036474081331,0.07998002692904102,phase2_feedback_tfim_qrc_reference
train,1993-07-19,0.0577776795370892,0.08242577527264054,phase2_feedback_tfim_qrc_reference
train,1993-07-20,0.058214282401396,0.0896041670328747,phase2_feedback_tfim_qrc_reference
train,1993-07-21,0.0613238747305474,0.0869914242548269,phase2_feedback_tfim_qrc_reference
train,1993-07-22,0.0560641540440553,0.09496295405349037,phase2_feedback_tfim_qrc_reference
train,1993-07-23,0.0533471057406945,0.0883968664237881,phase2_feedback_tfim_qrc_reference
train,1993-07-26,0.0500700222825834,0.08655351648001197,phase2_feedback_tfim_qrc_reference
train,1993-07-27,0.0631803567690186,0.0861106653528772,phase2_feedback_tfim_qrc_reference
train,1993-07-28,0.0627892359734241,0.08574310446006256,phase2_feedback_tfim_qrc_reference
train,1993-07-29,0.0596553415974838,0.09665307670757811,phase2_feedback_tfim_qrc_reference
train,1993-07-30,0.0563474170490417,0.08656251450410328,phase2_feedback_tfim_qrc_reference
train,1993-08-02,0.0573015486755842,0.09225262973366218,phase2_feedback_tfim_qrc_reference
train,1993-08-03,0.0580384506567715,0.09174849615087922,phase2_feedback_tfim_qrc_reference
train,1993-08-04,0.0582334266129739,0.08912312411282486,phase2_feedback_tfim_qrc_reference
train,1993-08-05,0.0589826415611839,0.08058788348962806,phase2_feedback_tfim_qrc_reference
train,1993-08-06,0.0588236185901089,0.11080718328960333,phase2_feedback_tfim_qrc_reference
train,1993-08-09,0.0604094457416253,0.07389792280899335,phase2_feedback_tfim_qrc_reference
train,1993-08-10,0.0615524280517827,0.08340082304509482,phase2_feedback_tfim_qrc_reference
train,1993-08-11,0.0619773909578567,0.08861004378932934,phase2_feedback_tfim_qrc_reference
train,1993-08-12,0.0686913923102535,0.07869595283485983,phase2_feedback_tfim_qrc_reference
train,1993-08-13,0.0685570061173894,0.0914118400888194,phase2_feedback_tfim_qrc_reference
train,1993-08-16,0.0672420991506223,0.10118499438456359,phase2_feedback_tfim_qrc_reference
train,1993-08-17,0.0668167065519101,0.09792724882680887,phase2_feedback_tfim_qrc_reference
train,1993-08-18,0.0643296208711351,0.08024697232576088,phase2_feedback_tfim_qrc_reference
train,1993-08-19,0.0658639732381916,0.08113575100847623,phase2_feedback_tfim_qrc_reference
train,1993-08-20,0.0719947370560905,0.0811325574798841,phase2_feedback_tfim_qrc_reference
train,1993-08-23,0.0726643430318747,0.09339728885501379,phase2_feedback_tfim_qrc_reference
train,1993-08-24,0.068168672524085,0.08942570334760953,phase2_feedback_tfim_qrc_reference
train,1993-08-25,0.0708274904004378,0.08172130221968305,phase2_feedback_tfim_qrc_reference
train,1993-08-26,0.0714448824498183,0.08888533037935674,phase2_feedback_tfim_qrc_reference
train,1993-08-27,0.0811522755846078,0.0922025484833292,phase2_feedback_tfim_qrc_reference
train,1993-08-30,0.0801973083621182,0.08920224273875187,phase2_feedback_tfim_qrc_reference
train,1993-08-31,0.0805294599723378,0.09025172214510702,phase2_feedback_tfim_qrc_reference
train,1993-09-01,0.0807135937973271,0.10011074691911252,phase2_feedback_tfim_qrc_reference
train,1993-09-02,0.0815852799612725,0.09683772963263441,phase2_feedback_tfim_qrc_reference
train,1993-09-03,0.0816918496970227,0.08230655113660021,phase2_feedback_tfim_qrc_reference
train,1993-09-07,0.0782322210101448,0.08299374923279637,phase2_feedback_tfim_qrc_reference
train,1993-09-08,0.0773345441240859,0.09146926330727805,phase2_feedback_tfim_qrc_reference
train,1993-09-09,0.0775956109298486,0.09003582765880172,phase2_feedback_tfim_qrc_reference
train,1993-09-10,0.0712063486503596,0.08584931885006687,phase2_feedback_tfim_qrc_reference
train,1993-09-13,0.0715313005754103,0.09157580834988792,phase2_feedback_tfim_qrc_reference
train,1993-09-14,0.0702407630116019,0.09585236760183236,phase2_feedback_tfim_qrc_reference
train,1993-09-15,0.0695842510290098,0.09040525776655849,phase2_feedback_tfim_qrc_reference
train,1993-09-16,0.0827267521996441,0.09335926313298522,phase2_feedback_tfim_qrc_reference
train,1993-09-17,0.0836719544030074,0.0918042980713445,phase2_feedback_tfim_qrc_reference
train,1993-09-20,0.0789872734776542,0.09297171906239367,phase2_feedback_tfim_qrc_reference
train,1993-09-21,0.0822816348205081,0.10126666137832875,phase2_feedback_tfim_qrc_reference
train,1993-09-22,0.0770406504383018,0.10733832190217882,phase2_feedback_tfim_qrc_reference
train,1993-09-23,0.074717027124048,0.11462836554231555,phase2_feedback_tfim_qrc_reference
train,1993-09-24,0.0759466306408161,0.11881195841451324,phase2_feedback_tfim_qrc_reference
train,1993-09-27,0.06612132951644,0.10242360120471171,phase2_feedback_tfim_qrc_reference
train,1993-09-28,0.0657701586895811,0.09078759839088982,phase2_feedback_tfim_qrc_reference
train,1993-09-29,0.0647065840558421,0.09892535315358082,phase2_feedback_tfim_qrc_reference
train,1993-09-30,0.0694131899348475,0.10719673615252223,phase2_feedback_tfim_qrc_reference
train,1993-10-01,0.0673352804170265,0.10826520756660951,phase2_feedback_tfim_qrc_reference
train,1993-10-04,0.0678255816193915,0.10736577483937397,phase2_feedback_tfim_qrc_reference
train,1993-10-05,0.0676960782452174,0.09917234507695631,phase2_feedback_tfim_qrc_reference
train,1993-10-06,0.0813597740524485,0.09471768990873489,phase2_feedback_tfim_qrc_reference
train,1993-10-07,0.089490013311767,0.10448998165345996,phase2_feedback_tfim_qrc_reference
train,1993-10-08,0.0909423260247745,0.10151375012729073,phase2_feedback_tfim_qrc_reference
train,1993-10-11,0.090783443565101,0.10304151551509343,phase2_feedback_tfim_qrc_reference
train,1993-10-12,0.0906878196296001,0.10460229278158273,phase2_feedback_tfim_qrc_reference
train,1993-10-13,0.0944355500708889,0.09744314630806299,phase2_feedback_tfim_qrc_reference
train,1993-10-14,0.0834018546403443,0.09294439194176204,phase2_feedback_tfim_qrc_reference
train,1993-10-15,0.0829316181886084,0.09217914137709246,phase2_feedback_tfim_qrc_reference
train,1993-10-18,0.0824274183571912,0.09312884229793666,phase2_feedback_tfim_qrc_reference
train,1993-10-19,0.0799374711697393,0.1196809955767335,phase2_feedback_tfim_qrc_reference
train,1993-10-20,0.0820316212629575,0.10812769846985905,phase2_feedback_tfim_qrc_reference
train,1993-10-21,0.0824474322437099,0.10701088839880886,phase2_feedback_tfim_qrc_reference
train,1993-10-22,0.0810571947292127,0.09564678728763501,phase2_feedback_tfim_qrc_reference
train,1993-10-25,0.0833456893301617,0.103958146656732,phase2_feedback_tfim_qrc_reference
train,1993-10-26,0.0855019208238488,0.10875780395738324,phase2_feedback_tfim_qrc_reference
train,1993-10-27,0.0866650743902154,0.10431181077844569,phase2_feedback_tfim_qrc_reference
train,1993-10-28,0.0826613445949409,0.10777587278066587,phase2_feedback_tfim_qrc_reference
train,1993-10-29,0.0838960669157829,0.10301357242227699,phase2_feedback_tfim_qrc_reference
train,1993-11-01,0.0833959292372788,0.10999974011037915,phase2_feedback_tfim_qrc_reference
train,1993-11-02,0.08349997034972,0.09455689401482767,phase2_feedback_tfim_qrc_reference
train,1993-11-03,0.0708583427548183,0.08882546507891842,phase2_feedback_tfim_qrc_reference
train,1993-11-04,0.0611771202532459,0.08506047343946754,phase2_feedback_tfim_qrc_reference
train,1993-11-05,0.0599822731012903,0.08134767097662375,phase2_feedback_tfim_qrc_reference
train,1993-11-08,0.0598351965542352,0.09237616745380499,phase2_feedback_tfim_qrc_reference
train,1993-11-09,0.0597870696804677,0.09858513592258482,phase2_feedback_tfim_qrc_reference
train,1993-11-10,0.0549675650260215,0.10483330355990848,phase2_feedback_tfim_qrc_reference
train,1993-11-11,0.0545997971023493,0.10346910479967442,phase2_feedback_tfim_qrc_reference
train,1993-11-12,0.0562010268075853,0.10338831947637982,phase2_feedback_tfim_qrc_reference
train,1993-11-15,0.0619322428629243,0.11133913079650422,phase2_feedback_tfim_qrc_reference
train,1993-11-16,0.0598471780985813,0.12783854900890365,phase2_feedback_tfim_qrc_reference
train,1993-11-17,0.057978962668445,0.11177137266343086,phase2_feedback_tfim_qrc_reference
train,1993-11-18,0.0604083229342457,0.1056025453567722,phase2_feedback_tfim_qrc_reference
train,1993-11-19,0.0601689281308358,0.09859762366504758,phase2_feedback_tfim_qrc_reference
train,1993-11-22,0.0574010962379472,0.10829432836405467,phase2_feedback_tfim_qrc_reference
train,1993-11-23,0.0590871890436119,0.10193626496248138,phase2_feedback_tfim_qrc_reference
train,1993-11-24,0.0573668652462548,0.09997062144861354,phase2_feedback_tfim_qrc_reference
train,1993-11-26,0.0603603501929091,0.09108382297319853,phase2_feedback_tfim_qrc_reference
train,1993-11-29,0.0590576045262229,0.08890232907075653,phase2_feedback_tfim_qrc_reference
train,1993-11-30,0.0591970646128845,0.09823271088145082,phase2_feedback_tfim_qrc_reference
train,1993-12-01,0.0606846575795441,0.09207701151352585,phase2_feedback_tfim_qrc_reference
train,1993-12-02,0.06286528043898,0.09682833277371365,phase2_feedback_tfim_qrc_reference
train,1993-12-03,0.0619630269053661,0.09330280711813715,phase2_feedback_tfim_qrc_reference
train,1993-12-06,0.0624770829858564,0.10021882969336894,phase2_feedback_tfim_qrc_reference
train,1993-12-07,0.0628380842397365,0.0934167735143083,phase2_feedback_tfim_qrc_reference
train,1993-12-08,0.0628380842397365,0.09745127088450589,phase2_feedback_tfim_qrc_reference
train,1993-12-09,0.0652768966406713,0.09798175190448725,phase2_feedback_tfim_qrc_reference
train,1993-12-10,0.0773999326723028,0.09614585851044394,phase2_feedback_tfim_qrc_reference
train,1993-12-13,0.0747230758425961,0.08560116894423432,phase2_feedback_tfim_qrc_reference
train,1993-12-14,0.0709743603165543,0.08347039439411513,phase2_feedback_tfim_qrc_reference
train,1993-12-15,0.0714347237524345,0.0913649666690058,phase2_feedback_tfim_qrc_reference
train,1993-12-16,0.0718279847330499,0.09487826072414245,phase2_feedback_tfim_qrc_reference
train,1993-12-17,0.0691417635286166,0.09740542474843727,phase2_feedback_tfim_qrc_reference
train,1993-12-20,0.0691359876728629,0.08783916077763829,phase2_feedback_tfim_qrc_reference
train,1993-12-21,0.0687407952910483,0.08625148905488368,phase2_feedback_tfim_qrc_reference
train,1993-12-22,0.0651664504257697,0.0868445499782448,phase2_feedback_tfim_qrc_reference
train,1993-12-23,0.0655009012810367,0.08370095296166272,phase2_feedback_tfim_qrc_reference
train,1993-12-27,0.0642670850212036,0.08648502037478968,phase2_feedback_tfim_qrc_reference
train,1993-12-28,0.0638762654392344,0.0833594916825074,phase2_feedback_tfim_qrc_reference
train,1993-12-29,0.0643900688225156,0.08878807852803189,phase2_feedback_tfim_qrc_reference
train,1993-12-30,0.0707972163655135,0.0800785020804341,phase2_feedback_tfim_qrc_reference
train,1993-12-31,0.0688317141324011,0.08239473018537935,phase2_feedback_tfim_qrc_reference
train,1994-01-03,0.0727465972767705,0.08941420018860996,phase2_feedback_tfim_qrc_reference
train,1994-01-04,0.0736762741585221,0.08633785125164552,phase2_feedback_tfim_qrc_reference
train,1994-01-05,0.0768686252873539,0.07943008814127923,phase2_feedback_tfim_qrc_reference
train,1994-01-06,0.0785403587946329,0.08946657617441972,phase2_feedback_tfim_qrc_reference
train,1994-01-07,0.1113179004278877,0.0837313220648652,phase2_feedback_tfim_qrc_reference
train,1994-01-10,0.1043221691319006,0.08449313619671006,phase2_feedback_tfim_qrc_reference
train,1994-01-11,0.1041132496224141,0.09446884591700888,phase2_feedback_tfim_qrc_reference
train,1994-01-12,0.1044084827371322,0.1017158721087825,phase2_feedback_tfim_qrc_reference
train,1994-01-13,0.1083815977261216,0.10086266077810915,phase2_feedback_tfim_qrc_reference
train,1994-01-14,0.1081078931386411,0.10202161708232609,phase2_feedback_tfim_qrc_reference
train,1994-01-17,0.1082099879344136,0.09455379723359378,phase2_feedback_tfim_qrc_reference
train,1994-01-18,0.1097226810290375,0.09913642709240089,phase2_feedback_tfim_qrc_reference
train,1994-01-19,0.1093482075015949,0.09769823993217863,phase2_feedback_tfim_qrc_reference
train,1994-01-20,0.1109726759982387,0.09186581870331542,phase2_feedback_tfim_qrc_reference
train,1994-01-21,0.1127670950920764,0.09102138342413914,phase2_feedback_tfim_qrc_reference
train,1994-01-24,0.1173296183321618,0.086839559629571,phase2_feedback_tfim_qrc_reference
train,1994-01-25,0.1177050249454009,0.08864054239891456,phase2_feedback_tfim_qrc_reference
train,1994-01-26,0.1265018732895816,0.08338168780480143,phase2_feedback_tfim_qrc_reference
train,1994-01-27,0.1233357211406557,0.07818985598266294,phase2_feedback_tfim_qrc_reference
train,1994-01-28,0.1229864004901204,0.07855282674126675,phase2_feedback_tfim_qrc_reference
train,1994-01-31,0.1211752412072964,0.07878854869081411,phase2_feedback_tfim_qrc_reference
train,1994-02-01,0.1198557058290487,0.08161494468742782,phase2_feedback_tfim_qrc_reference
train,1994-02-02,0.1180019556763026,0.09059213231643537,phase2_feedback_tfim_qrc_reference
train,1994-02-03,0.1172823233425757,0.0949566724497203,phase2_feedback_tfim_qrc_reference
train,1994-02-04,0.0862462638072296,0.10612515658352037,phase2_feedback_tfim_qrc_reference
train,1994-02-07,0.0858376155647415,0.14536387607434018,phase2_feedback_tfim_qrc_reference
train,1994-02-08,0.0873908954025266,0.1261635344485244,phase2_feedback_tfim_qrc_reference
train,1994-02-09,0.0908227176691109,0.13341303658139603,phase2_feedback_tfim_qrc_reference
train,1994-02-10,0.0876103841199748,0.11570474257749966,phase2_feedback_tfim_qrc_reference
train,1994-02-11,0.0869432746818013,0.11704750135086714,phase2_feedback_tfim_qrc_reference
train,1994-02-14,0.0868481923422529,0.12172554222388669,phase2_feedback_tfim_qrc_reference
train,1994-02-15,0.08939307373783,0.11638466589222649,phase2_feedback_tfim_qrc_reference
train,1994-02-16,0.0893623620647989,0.1108175686648319,phase2_feedback_tfim_qrc_reference
train,1994-02-17,0.086837836729834,0.10586501180950164,phase2_feedback_tfim_qrc_reference
train,1994-02-18,0.0847313202432855,0.11093010070395291,phase2_feedback_tfim_qrc_reference
train,1994-02-22,0.0775948430803491,0.10666589496762308,phase2_feedback_tfim_qrc_reference
train,1994-02-23,0.0770601673572409,0.10259706056963003,phase2_feedback_tfim_qrc_reference
train,1994-02-24,0.0743931018075814,0.09530447822567098,phase2_feedback_tfim_qrc_reference
train,1994-02-25,0.0799336269062195,0.10344349211444827,phase2_feedback_tfim_qrc_reference
train,1994-02-28,0.0800789960340177,0.1153665435365856,phase2_feedback_tfim_qrc_reference
train,1994-03-01,0.1058209704241688,0.11985799211016263,phase2_feedback_tfim_qrc_reference
train,1994-03-02,0.1167448349967801,0.1455571742919509,phase2_feedback_tfim_qrc_reference
train,1994-03-03,0.1167819330092632,0.14231549852010728,phase2_feedback_tfim_qrc_reference
train,1994-03-04,0.128800976948467,0.14933082404615572,phase2_feedback_tfim_qrc_reference
train,1994-03-07,0.1465927296619395,0.15465888171628675,phase2_feedback_tfim_qrc_reference
train,1994-03-08,0.1459031741767053,0.15936747238695517,phase2_feedback_tfim_qrc_reference
train,1994-03-09,0.1459872084752168,0.13983409081784798,phase2_feedback_tfim_qrc_reference
train,1994-03-10,0.145748340255778,0.12741413367617613,phase2_feedback_tfim_qrc_reference
train,1994-03-11,0.1452690476801587,0.12927696925048737,phase2_feedback_tfim_qrc_reference
train,1994-03-14,0.1452766096711019,0.10738480094195063,phase2_feedback_tfim_qrc_reference
train,1994-03-15,0.1464449668918445,0.10453847684583632,phase2_feedback_tfim_qrc_reference
train,1994-03-16,0.143692905780119,0.1300636068975738,phase2_feedback_tfim_qrc_reference
train,1994-03-17,0.143692905780119,0.13230410009444069,phase2_feedback_tfim_qrc_reference
train,1994-03-18,0.1456329426584466,0.14199761955713927,phase2_feedback_tfim_qrc_reference
train,1994-03-21,0.1454118526519644,0.1341708440152602,phase2_feedback_tfim_qrc_reference
train,1994-03-22,0.1451529834922813,0.1233629209255013,phase2_feedback_tfim_qrc_reference
train,1994-03-23,0.1526313877065475,0.11912936104905285,phase2_feedback_tfim_qrc_reference
train,1994-03-24,0.1465524449259355,0.12478858932851732,phase2_feedback_tfim_qrc_reference
train,1994-03-25,0.1473342715322742,0.12416092524053927,phase2_feedback_tfim_qrc_reference
train,1994-03-28,0.1473009592062214,0.1213591817083096,phase2_feedback_tfim_qrc_reference
train,1994-03-29,0.1318158924759317,0.11377495317084489,phase2_feedback_tfim_qrc_reference
train,1994-03-30,0.1226555764141671,0.11280756670660431,phase2_feedback_tfim_qrc_reference
train,1994-03-31,0.1242279794769961,0.11489039930143945,phase2_feedback_tfim_qrc_reference
train,1994-04-04,0.1113730301062262,0.13338062693040206,phase2_feedback_tfim_qrc_reference
train,1994-04-05,0.0847476174680462,0.15405041252190968,phase2_feedback_tfim_qrc_reference
train,1994-04-06,0.0848893255422075,0.15863340514549737,phase2_feedback_tfim_qrc_reference
train,1994-04-07,0.0900002469291375,0.17402227429716693,phase2_feedback_tfim_qrc_reference
train,1994-04-08,0.0912598006471932,0.1519245460301033,phase2_feedback_tfim_qrc_reference
train,1994-04-11,0.0941184609197524,0.14264472380608237,phase2_feedback_tfim_qrc_reference
train,1994-04-12,0.0994171575674849,0.1381364252793148,phase2_feedback_tfim_qrc_reference
train,1994-04-13,0.0992117353955106,0.12476229762298073,phase2_feedback_tfim_qrc_reference
train,1994-04-14,0.0992039037967661,0.12060510494723674,phase2_feedback_tfim_qrc_reference
train,1994-04-15,0.0992117573826983,0.12085769423739334,phase2_feedback_tfim_qrc_reference
train,1994-04-18,0.1094422809165584,0.10885392979850061,phase2_feedback_tfim_qrc_reference
train,1994-04-19,0.1123038979742316,0.1217422267094316,phase2_feedback_tfim_qrc_reference
train,1994-04-20,0.1135231565812194,0.12225600160922317,phase2_feedback_tfim_qrc_reference
train,1994-04-21,0.1040849116450222,0.13993900226159592,phase2_feedback_tfim_qrc_reference
train,1994-04-22,0.1041972629523537,0.1388625656859893,phase2_feedback_tfim_qrc_reference
train,1994-04-25,0.0985352437751339,0.13483406828295774,phase2_feedback_tfim_qrc_reference
train,1994-04-26,0.0989431571752987,0.13474733470574116,phase2_feedback_tfim_qrc_reference
train,1994-04-28,0.0955468404688733,0.1507829311325601,phase2_feedback_tfim_qrc_reference
train,1994-04-29,0.0949710242703798,0.13361898832886296,phase2_feedback_tfim_qrc_reference
train,1994-05-02,0.0924961371578233,0.15845028908944372,phase2_feedback_tfim_qrc_reference
train,1994-05-03,0.0937487090966186,0.15716399117191948,phase2_feedback_tfim_qrc_reference
train,1994-05-04,0.0936187903744491,0.131609568139891,phase2_feedback_tfim_qrc_reference
train,1994-05-05,0.0957018924074569,0.14789959144651033,phase2_feedback_tfim_qrc_reference
train,1994-05-06,0.089260084725805,0.13135625039308949,phase2_feedback_tfim_qrc_reference
train,1994-05-09,0.0837980013819231,0.13204628811868324,phase2_feedback_tfim_qrc_reference
train,1994-05-10,0.0843168907213176,0.11169542993118348,phase2_feedback_tfim_qrc_reference
train,1994-05-11,0.0802058458161507,0.1292897911564233,phase2_feedback_tfim_qrc_reference
train,1994-05-12,0.0785086616095305,0.19927568838007417,phase2_feedback_tfim_qrc_reference
train,1994-05-13,0.078655564688503,0.18324827500477142,phase2_feedback_tfim_qrc_reference
train,1994-05-16,0.0833236320147308,0.1733981380095245,phase2_feedback_tfim_qrc_reference
train,1994-05-17,0.0667217829172597,0.1425765020391877,phase2_feedback_tfim_qrc_reference
train,1994-05-18,0.0619976850510533,0.12687011589204342,phase2_feedback_tfim_qrc_reference
train,1994-05-19,0.0628433194546999,0.1342188127783416,phase2_feedback_tfim_qrc_reference
train,1994-05-20,0.068496795958391,0.1278558503028044,phase2_feedback_tfim_qrc_reference
train,1994-05-23,0.0747786943295197,0.13289770299962528,phase2_feedback_tfim_qrc_reference
train,1994-05-24,0.0745699184579399,0.1096663754498608,phase2_feedback_tfim_qrc_reference
train,1994-05-25,0.076831789535427,0.10137820692185112,phase2_feedback_tfim_qrc_reference
train,1994-05-26,0.1071485303449586,0.0953489215283973,phase2_feedback_tfim_qrc_reference
train,1994-05-27,0.1233150272476115,0.10267670624010392,phase2_feedback_tfim_qrc_reference
train,1994-05-31,0.1244380397705477,0.10888504356680004,phase2_feedback_tfim_qrc_reference
train,1994-06-01,0.1239472991765376,0.15869090794284846,phase2_feedback_tfim_qrc_reference
train,1994-06-02,0.1259007797249416,0.12426081172259149,phase2_feedback_tfim_qrc_reference
train,1994-06-03,0.1244531490179481,0.1172602105499381,phase2_feedback_tfim_qrc_reference
train,1994-06-06,0.1258323278774936,0.10860768111539448,phase2_feedback_tfim_qrc_reference
train,1994-06-07,0.1258385564117373,0.10031107337054625,phase2_feedback_tfim_qrc_reference
train,1994-06-08,0.1233597648677841,0.08997395701428083,phase2_feedback_tfim_qrc_reference
train,1994-06-09,0.1218418611844658,0.09068362084439485,phase2_feedback_tfim_qrc_reference
train,1994-06-10,0.1223202955858543,0.0889946183828785,phase2_feedback_tfim_qrc_reference
train,1994-06-13,0.1223258930268584,0.09425861720066075,phase2_feedback_tfim_qrc_reference
train,1994-06-14,0.1193488847919837,0.10848726873017228,phase2_feedback_tfim_qrc_reference
train,1994-06-15,0.1244596721803876,0.11133985766086059,phase2_feedback_tfim_qrc_reference
train,1994-06-16,0.1242586268513092,0.09790090660100617,phase2_feedback_tfim_qrc_reference
train,1994-06-17,0.1228111084906749,0.12586834136538436,phase2_feedback_tfim_qrc_reference
train,1994-06-20,0.1192273637094622,0.09289288314455883,phase2_feedback_tfim_qrc_reference
train,1994-06-21,0.116325029068482,0.10614750843042617,phase2_feedback_tfim_qrc_reference
train,1994-06-22,0.1157731256402927,0.09257238770360575,phase2_feedback_tfim_qrc_reference
train,1994-06-23,0.1140369457968281,0.08743518229774486,phase2_feedback_tfim_qrc_reference
train,1994-06-24,0.086283290421764,0.10320141478166367,phase2_feedback_tfim_qrc_reference
train,1994-06-27,0.0609861467112579,0.12132164061547249,phase2_feedback_tfim_qrc_reference
train,1994-06-28,0.0584610322014041,0.09370885894633507,phase2_feedback_tfim_qrc_reference
train,1994-06-29,0.0578481224335394,0.09155138993932747,phase2_feedback_tfim_qrc_reference
train,1994-06-30,0.0639149044371611,0.12033321019353727,phase2_feedback_tfim_qrc_reference
train,1994-07-01,0.0656808811752293,0.13165005908472172,phase2_feedback_tfim_qrc_reference
train,1994-07-05,0.0631693438572439,0.11297780001734536,phase2_feedback_tfim_qrc_reference
train,1994-07-06,0.0629858512890263,0.10660334637686367,phase2_feedback_tfim_qrc_reference
train,1994-07-07,0.0645416567102983,0.09503488888519478,phase2_feedback_tfim_qrc_reference
train,1994-07-08,0.065653250431455,0.10320633681448788,phase2_feedback_tfim_qrc_reference
train,1994-07-11,0.0650313925413644,0.1090099876024052,phase2_feedback_tfim_qrc_reference
train,1994-07-12,0.0651235099083068,0.10477793757047131,phase2_feedback_tfim_qrc_reference
train,1994-07-13,0.0661676565543565,0.11691198156908765,phase2_feedback_tfim_qrc_reference
train,1994-07-14,0.0556946357310861,0.13661087212311185,phase2_feedback_tfim_qrc_reference
train,1994-07-15,0.0621626622594539,0.12305883853085005,phase2_feedback_tfim_qrc_reference
train,1994-07-18,0.0618724545036446,0.10807773380784023,phase2_feedback_tfim_qrc_reference
train,1994-07-19,0.0663479125897823,0.10209590879901465,phase2_feedback_tfim_qrc_reference
train,1994-07-20,0.0644528052067107,0.12615198127904748,phase2_feedback_tfim_qrc_reference
train,1994-07-21,0.0651340916185828,0.12998220735703273,phase2_feedback_tfim_qrc_reference
train,1994-07-22,0.0648894845477016,0.11343185788168701,phase2_feedback_tfim_qrc_reference
train,1994-07-25,0.0648045160487883,0.12201180304156278,phase2_feedback_tfim_qrc_reference
train,1994-07-26,0.0678028875482621,0.13546411945096007,phase2_feedback_tfim_qrc_reference
train,1994-07-27,0.0776515555379775,0.12688321325560684,phase2_feedback_tfim_qrc_reference
train,1994-07-28,0.0778774743349967,0.11640013387482856,phase2_feedback_tfim_qrc_reference
train,1994-07-29,0.0858035487365256,0.1224363605056598,phase2_feedback_tfim_qrc_reference
train,1994-08-01,0.0841594769362868,0.09112989665759146,phase2_feedback_tfim_qrc_reference
train,1994-08-02,0.0845351263478789,0.09879765073757131,phase2_feedback_tfim_qrc_reference
train,1994-08-03,0.0850359884521134,0.09910949379768873,phase2_feedback_tfim_qrc_reference
train,1994-08-04,0.0833553375727877,0.10181816393195987,phase2_feedback_tfim_qrc_reference
train,1994-08-05,0.0838638656085695,0.11265630127970389,phase2_feedback_tfim_qrc_reference
train,1994-08-08,0.0834430170831134,0.13268414203648038,phase2_feedback_tfim_qrc_reference
train,1994-08-09,0.0832985569803928,0.11705450746631914,phase2_feedback_tfim_qrc_reference
train,1994-08-10,0.0840925340563197,0.10467697824293638,phase2_feedback_tfim_qrc_reference
train,1994-08-11,0.0911431014650962,0.09812794676808433,phase2_feedback_tfim_qrc_reference
train,1994-08-12,0.0875014275530245,0.10878348218684815,phase2_feedback_tfim_qrc_reference
train,1994-08-15,0.088137949526511,0.10489462949393524,phase2_feedback_tfim_qrc_reference
train,1994-08-16,0.084576424280287,0.09983808785244407,phase2_feedback_tfim_qrc_reference
train,1994-08-17,0.0955500977907235,0.09051978111351566,phase2_feedback_tfim_qrc_reference
train,1994-08-18,0.098135188962855,0.09305650926882683,phase2_feedback_tfim_qrc_reference
train,1994-08-19,0.0981701674384733,0.1005950443021506,phase2_feedback_tfim_qrc_reference
train,1994-08-22,0.1192626898477443,0.10320392161367951,phase2_feedback_tfim_qrc_reference
train,1994-08-23,0.1175268630434097,0.09857391496318159,phase2_feedback_tfim_qrc_reference
train,1994-08-24,0.1115838487809214,0.09157010776490128,phase2_feedback_tfim_qrc_reference
train,1994-08-25,0.1118381747425018,0.08833999293753707,phase2_feedback_tfim_qrc_reference
train,1994-08-26,0.1014766263553284,0.09158736774153524,phase2_feedback_tfim_qrc_reference
train,1994-08-29,0.1014784142247845,0.08888725655055986,phase2_feedback_tfim_qrc_reference
train,1994-08-30,0.1047415074624235,0.09280211762414582,phase2_feedback_tfim_qrc_reference
train,1994-08-31,0.1058598747907386,0.10306288583425362,phase2_feedback_tfim_qrc_reference
train,1994-09-01,0.1053258052769438,0.1006704125632962,phase2_feedback_tfim_qrc_reference
train,1994-09-02,0.1045618420525614,0.10091234727088522,phase2_feedback_tfim_qrc_reference
train,1994-09-06,0.1173899051335182,0.09002462071796152,phase2_feedback_tfim_qrc_reference
train,1994-09-07,0.1173436200023813,0.09756599391532723,phase2_feedback_tfim_qrc_reference
train,1994-09-08,0.1165449020387598,0.11201412636019485,phase2_feedback_tfim_qrc_reference
train,1994-09-09,0.1114648798618694,0.08829461890294735,phase2_feedback_tfim_qrc_reference
train,1994-09-12,0.1171623806793219,0.0913845814111909,phase2_feedback_tfim_qrc_reference
train,1994-09-13,0.1280427022111343,0.09640218175109698,phase2_feedback_tfim_qrc_reference
train,1994-09-14,0.1280822434679113,0.08833685998134037,phase2_feedback_tfim_qrc_reference
train,1994-09-15,0.1206783069444055,0.08340974982263033,phase2_feedback_tfim_qrc_reference
train,1994-09-16,0.118980121295233,0.08855389901823328,phase2_feedback_tfim_qrc_reference
train,1994-09-19,0.1191382244108676,0.09430051423946416,phase2_feedback_tfim_qrc_reference
train,1994-09-20,0.0983023806044065,0.10429651426613551,phase2_feedback_tfim_qrc_reference
train,1994-09-21,0.0996847259879828,0.10807225609609197,phase2_feedback_tfim_qrc_reference
train,1994-09-22,0.1021037391134028,0.12112613069776244,phase2_feedback_tfim_qrc_reference
train,1994-09-23,0.1023876676694655,0.12783337073508977,phase2_feedback_tfim_qrc_reference
train,1994-09-26,0.1051207929664945,0.11679062134938124,phase2_feedback_tfim_qrc_reference
train,1994-09-27,0.1051550103544686,0.10043930424760004,phase2_feedback_tfim_qrc_reference
train,1994-09-28,0.1023310840256075,0.09601345893709914,phase2_feedback_tfim_qrc_reference
train,1994-09-29,0.1030067547696778,0.10809959587495312,phase2_feedback_tfim_qrc_reference
train,1994-09-30,0.1267934527608014,0.1319982760700533,phase2_feedback_tfim_qrc_reference
train,1994-10-03,0.1271623314245815,0.11057533318449499,phase2_feedback_tfim_qrc_reference
train,1994-10-04,0.1221342466498999,0.10819437776290065,phase2_feedback_tfim_qrc_reference
train,1994-10-05,0.1237764175558523,0.11087872696370762,phase2_feedback_tfim_qrc_reference
train,1994-10-06,0.1247330382010697,0.09650193328054575,phase2_feedback_tfim_qrc_reference
train,1994-10-07,0.1321234149937054,0.09390006442555777,phase2_feedback_tfim_qrc_reference
train,1994-10-10,0.1271075100806212,0.09981395763744774,phase2_feedback_tfim_qrc_reference
train,1994-10-11,0.1188395703612752,0.11239137395275417,phase2_feedback_tfim_qrc_reference
train,1994-10-12,0.1188917730826846,0.10413503197448017,phase2_feedback_tfim_qrc_reference
train,1994-10-13,0.1208946925988764,0.12389256318088705,phase2_feedback_tfim_qrc_reference
train,1994-10-14,0.1206307984791364,0.13327857792315204,phase2_feedback_tfim_qrc_reference
train,1994-10-17,0.124943916048739,0.14435595028247553,phase2_feedback_tfim_qrc_reference
train,1994-10-18,0.1252311971856818,0.1448482841050959,phase2_feedback_tfim_qrc_reference
train,1994-10-19,0.1246981072549925,0.11924789615440903,phase2_feedback_tfim_qrc_reference
train,1994-10-20,0.124719168359274,0.1122071176665842,phase2_feedback_tfim_qrc_reference
train,1994-10-21,0.1239919675997254,0.11992004136203416,phase2_feedback_tfim_qrc_reference
train,1994-10-24,0.1255987218961362,0.1103487519539501,phase2_feedback_tfim_qrc_reference
train,1994-10-25,0.147814208835991,0.12876484742512492,phase2_feedback_tfim_qrc_reference
train,1994-10-26,0.148535107037781,0.11692382803875172,phase2_feedback_tfim_qrc_reference
train,1994-10-27,0.1479689740738784,0.12528221271819484,phase2_feedback_tfim_qrc_reference
train,1994-10-28,0.1290584363848533,0.11036127324198251,phase2_feedback_tfim_qrc_reference
train,1994-10-31,0.1284248930048446,0.10609755517261106,phase2_feedback_tfim_qrc_reference
train,1994-11-01,0.1221536958479258,0.11119896309292249,phase2_feedback_tfim_qrc_reference
train,1994-11-02,0.1255912192342066,0.11173304523025736,phase2_feedback_tfim_qrc_reference
train,1994-11-03,0.1284689410118184,0.12103371528274247,phase2_feedback_tfim_qrc_reference
train,1994-11-04,0.1198616357845638,0.12261081112117023,phase2_feedback_tfim_qrc_reference
train,1994-11-07,0.1194034401914751,0.1396834481825443,phase2_feedback_tfim_qrc_reference
train,1994-11-08,0.1190179903735852,0.14495649914861472,phase2_feedback_tfim_qrc_reference
train,1994-11-09,0.1237587217112636,0.15352559490201673,phase2_feedback_tfim_qrc_reference
train,1994-11-10,0.121981130209175,0.11191050721575539,phase2_feedback_tfim_qrc_reference
train,1994-11-11,0.1234954691908361,0.10924715642711963,phase2_feedback_tfim_qrc_reference
train,1994-11-14,0.1196741158105337,0.1244750085862242,phase2_feedback_tfim_qrc_reference
train,1994-11-15,0.1204743403762789,0.12693664134023241,phase2_feedback_tfim_qrc_reference
train,1994-11-16,0.1203831166520058,0.1382440022413768,phase2_feedback_tfim_qrc_reference
train,1994-11-17,0.1192780103103989,0.12568525665108835,phase2_feedback_tfim_qrc_reference
train,1994-11-18,0.1192810666934827,0.11561996777179927,phase2_feedback_tfim_qrc_reference
train,1994-11-21,0.1142456958324502,0.11657842811451273,phase2_feedback_tfim_qrc_reference
train,1994-11-22,0.0914752330922111,0.1008687675549514,phase2_feedback_tfim_qrc_reference
train,1994-11-23,0.0899885061596525,0.10595049640636688,phase2_feedback_tfim_qrc_reference
train,1994-11-25,0.0884204834410835,0.11880185759015623,phase2_feedback_tfim_qrc_reference
train,1994-11-28,0.0890882069369044,0.11129861226213213,phase2_feedback_tfim_qrc_reference
train,1994-11-29,0.0908834677974382,0.1282258473094903,phase2_feedback_tfim_qrc_reference
train,1994-11-30,0.090785309394686,0.12878449620783963,phase2_feedback_tfim_qrc_reference
train,1994-12-01,0.0936976671314784,0.1231103695952011,phase2_feedback_tfim_qrc_reference
train,1994-12-02,0.0893204659182475,0.13285012363012969,phase2_feedback_tfim_qrc_reference
train,1994-12-05,0.0908361201038757,0.12804951974649809,phase2_feedback_tfim_qrc_reference
train,1994-12-06,0.0908035538473961,0.131591244732658,phase2_feedback_tfim_qrc_reference
train,1994-12-07,0.0871928458069087,0.10905565636062987,phase2_feedback_tfim_qrc_reference
train,1994-12-08,0.080185102959433,0.10503352300999089,phase2_feedback_tfim_qrc_reference
train,1994-12-09,0.0791123201138109,0.10256984482608116,phase2_feedback_tfim_qrc_reference
train,1994-12-12,0.0756340628616766,0.0952652101760432,phase2_feedback_tfim_qrc_reference
train,1994-12-13,0.0744433205942358,0.09506204240627057,phase2_feedback_tfim_qrc_reference
train,1994-12-14,0.0833994357411384,0.0948781079646218,phase2_feedback_tfim_qrc_reference
train,1994-12-15,0.0853830345661812,0.0911474741939746,phase2_feedback_tfim_qrc_reference
train,1994-12-16,0.0836194210713246,0.09374590069455112,phase2_feedback_tfim_qrc_reference
train,1994-12-19,0.0835536900388406,0.0949847832736215,phase2_feedback_tfim_qrc_reference
train,1994-12-20,0.0852466496455271,0.10866061292773704,phase2_feedback_tfim_qrc_reference
train,1994-12-21,0.0776871735376419,0.11113196581643539,phase2_feedback_tfim_qrc_reference
train,1994-12-22,0.0776700716988983,0.10861868139108327,phase2_feedback_tfim_qrc_reference
train,1994-12-23,0.0777313456565011,0.12260198588880866,phase2_feedback_tfim_qrc_reference
train,1994-12-27,0.0759131457845202,0.0986441836773387,phase2_feedback_tfim_qrc_reference
train,1994-12-28,0.0738296123749864,0.09498687430734108,phase2_feedback_tfim_qrc_reference
train,1994-12-29,0.0751371744161453,0.09381777637758987,phase2_feedback_tfim_qrc_reference
train,1994-12-30,0.0639264368663295,0.0873829547221546,phase2_feedback_tfim_qrc_reference
train,1995-01-03,0.063228446321211,0.09148165866250804,phase2_feedback_tfim_qrc_reference
train,1995-01-04,0.0609331232669604,0.09706249123279316,phase2_feedback_tfim_qrc_reference
train,1995-01-05,0.0644986965434704,0.09958728843883762,phase2_feedback_tfim_qrc_reference
train,1995-01-06,0.081530954081788,0.09455202689527173,phase2_feedback_tfim_qrc_reference
train,1995-01-09,0.0828167911546336,0.08729171492164726,phase2_feedback_tfim_qrc_reference
train,1995-01-10,0.0828659359970138,0.0908203884509562,phase2_feedback_tfim_qrc_reference
train,1995-01-11,0.0828308526280467,0.0783599793945333,phase2_feedback_tfim_qrc_reference
train,1995-01-12,0.0828222758396683,0.08662822389242103,phase2_feedback_tfim_qrc_reference
train,1995-01-13,0.0716543293083373,0.08738115321633746,phase2_feedback_tfim_qrc_reference
train,1995-01-16,0.0684277831701157,0.0797606912572111,phase2_feedback_tfim_qrc_reference
train,1995-01-17,0.0685710525103014,0.10363125138287123,phase2_feedback_tfim_qrc_reference
train,1995-01-18,0.0711784187815848,0.08145320017434297,phase2_feedback_tfim_qrc_reference
train,1995-01-19,0.0684259307029975,0.08339978223826695,phase2_feedback_tfim_qrc_reference
train,1995-01-20,0.0685492346501371,0.08471428454189932,phase2_feedback_tfim_qrc_reference
train,1995-01-23,0.0677181049393966,0.08672639430454855,phase2_feedback_tfim_qrc_reference
train,1995-01-24,0.0724677986191396,0.08416692600983221,phase2_feedback_tfim_qrc_reference
train,1995-01-25,0.0720708199816201,0.08251563433724189,phase2_feedback_tfim_qrc_reference
train,1995-01-26,0.07255135047079,0.09210577032843,phase2_feedback_tfim_qrc_reference
train,1995-01-27,0.0766154092200661,0.0859683595648119,phase2_feedback_tfim_qrc_reference
train,1995-01-30,0.080667961247112,0.09424968881149819,phase2_feedback_tfim_qrc_reference
train,1995-01-31,0.0825976652639897,0.08288843141639801,phase2_feedback_tfim_qrc_reference
train,1995-02-01,0.0827147115543117,0.07719217721342593,phase2_feedback_tfim_qrc_reference
train,1995-02-02,0.0799736749005366,0.07845578918706521,phase2_feedback_tfim_qrc_reference
train,1995-02-03,0.0624552493391406,0.07568134981429171,phase2_feedback_tfim_qrc_reference
train,1995-02-06,0.0665269949945129,0.08923380979940126,phase2_feedback_tfim_qrc_reference
train,1995-02-07,0.0669960985190134,0.0965086356981268,phase2_feedback_tfim_qrc_reference
train,1995-02-08,0.0670058988937272,0.08460294050837518,phase2_feedback_tfim_qrc_reference
train,1995-02-09,0.0849179925085898,0.09703556850010706,phase2_feedback_tfim_qrc_reference
train,1995-02-10,0.0848609394652305,0.08053182008118129,phase2_feedback_tfim_qrc_reference
train,1995-02-13,0.0886955206735662,0.08205039177572375,phase2_feedback_tfim_qrc_reference
train,1995-02-14,0.0888311561228532,0.08729660133423331,phase2_feedback_tfim_qrc_reference
train,1995-02-15,0.08924528899228,0.07897179075212116,phase2_feedback_tfim_qrc_reference
train,1995-02-16,0.0891986318388221,0.09882410530693275,phase2_feedback_tfim_qrc_reference
train,1995-02-17,0.0881395324593123,0.08973504951593772,phase2_feedback_tfim_qrc_reference
train,1995-02-21,0.0885859725525644,0.09783658998553908,phase2_feedback_tfim_qrc_reference
train,1995-02-22,0.0846777895851518,0.0925106746437238,phase2_feedback_tfim_qrc_reference
train,1995-02-23,0.0845166656302225,0.08409910956123612,phase2_feedback_tfim_qrc_reference
train,1995-02-24,0.0978057304841835,0.07765575431715988,phase2_feedback_tfim_qrc_reference
train,1995-02-27,0.0946795943887776,0.08683970715561094,phase2_feedback_tfim_qrc_reference
train,1995-02-28,0.0899533259398374,0.0884193635430136,phase2_feedback_tfim_qrc_reference
train,1995-03-01,0.0870480715644567,0.10123840704318932,phase2_feedback_tfim_qrc_reference
train,1995-03-02,0.0871794417986856,0.09712677328994156,phase2_feedback_tfim_qrc_reference
train,1995-03-03,0.0883475409645184,0.11400837591464749,phase2_feedback_tfim_qrc_reference
train,1995-03-06,0.0887605490587267,0.09557833045997068,phase2_feedback_tfim_qrc_reference
train,1995-03-07,0.0875377491710776,0.11083207588324989,phase2_feedback_tfim_qrc_reference
train,1995-03-08,0.0870578588119692,0.1079282108595095,phase2_feedback_tfim_qrc_reference
train,1995-03-09,0.0880372791567195,0.09314033922071752,phase2_feedback_tfim_qrc_reference
train,1995-03-10,0.0709935009578492,0.1235208599794917,phase2_feedback_tfim_qrc_reference
train,1995-03-13,0.0712153955860955,0.09785096260216102,phase2_feedback_tfim_qrc_reference
train,1995-03-14,0.0674499859316306,0.09838102916631208,phase2_feedback_tfim_qrc_reference
train,1995-03-15,0.0681841132604197,0.09883027368182105,phase2_feedback_tfim_qrc_reference
train,1995-03-16,0.0676958632757092,0.09288431627295016,phase2_feedback_tfim_qrc_reference
train,1995-03-17,0.0706998488300168,0.08597571352588108,phase2_feedback_tfim_qrc_reference
train,1995-03-20,0.0717163661083938,0.08464045636875388,phase2_feedback_tfim_qrc_reference
train,1995-03-21,0.0712311049806082,0.08982269132612933,phase2_feedback_tfim_qrc_reference
train,1995-03-22,0.0713627065030291,0.08846511733343392,phase2_feedback_tfim_qrc_reference
train,1995-03-23,0.0734374558831035,0.08755607177516607,phase2_feedback_tfim_qrc_reference
train,1995-03-24,0.0677034848956881,0.09706164900410306,phase2_feedback_tfim_qrc_reference
train,1995-03-27,0.0668802272675842,0.10439690590695655,phase2_feedback_tfim_qrc_reference
train,1995-03-28,0.0669588455211731,0.10606875764167241,phase2_feedback_tfim_qrc_reference
train,1995-03-29,0.0675020311434003,0.10441914413320467,phase2_feedback_tfim_qrc_reference
train,1995-03-30,0.0673930527885167,0.10590169220770433,phase2_feedback_tfim_qrc_reference
train,1995-03-31,0.0665519932131364,0.1018287240270487,phase2_feedback_tfim_qrc_reference
train,1995-04-03,0.0663898954178711,0.09400254917891417,phase2_feedback_tfim_qrc_reference
train,1995-04-04,0.0792963069766463,0.09590663928402321,phase2_feedback_tfim_qrc_reference
train,1995-04-05,0.079324581500208,0.0894364831174652,phase2_feedback_tfim_qrc_reference
train,1995-04-06,0.0783431739633137,0.08943817555486876,phase2_feedback_tfim_qrc_reference
train,1995-04-07,0.0822975602701444,0.09549751990472227,phase2_feedback_tfim_qrc_reference
train,1995-04-10,0.0820973908941769,0.1009229605506079,phase2_feedback_tfim_qrc_reference
train,1995-04-11,0.0813212506960115,0.09055126226652249,phase2_feedback_tfim_qrc_reference
train,1995-04-12,0.080983939811311,0.09116897251332369,phase2_feedback_tfim_qrc_reference
train,1995-04-13,0.0786034490301253,0.08021944766869393,phase2_feedback_tfim_qrc_reference
train,1995-04-17,0.0776676148020515,0.07744634995856908,phase2_feedback_tfim_qrc_reference
train,1995-04-18,0.0767583791531809,0.09156872497718954,phase2_feedback_tfim_qrc_reference
train,1995-04-19,0.077888902345765,0.08746317078048857,phase2_feedback_tfim_qrc_reference
train,1995-04-20,0.0933925009950973,0.08694888390297476,phase2_feedback_tfim_qrc_reference
train,1995-04-21,0.0917673536453852,0.08224677545733118,phase2_feedback_tfim_qrc_reference
train,1995-04-24,0.0908842079142571,0.0838387581732504,phase2_feedback_tfim_qrc_reference
train,1995-04-25,0.0960313464123439,0.0952348630158873,phase2_feedback_tfim_qrc_reference
train,1995-04-26,0.0959993881233585,0.08451101970288069,phase2_feedback_tfim_qrc_reference
train,1995-04-27,0.0956633102025346,0.08542831879690255,phase2_feedback_tfim_qrc_reference
train,1995-04-28,0.1039073434518716,0.08890418432899393,phase2_feedback_tfim_qrc_reference
train,1995-05-01,0.1034609408458394,0.0874894817433595,phase2_feedback_tfim_qrc_reference
train,1995-05-02,0.1264701740433926,0.07826258689723643,phase2_feedback_tfim_qrc_reference
train,1995-05-03,0.1169073052340216,0.08169910978738956,phase2_feedback_tfim_qrc_reference
train,1995-05-04,0.1169295709099174,0.07711120839344611,phase2_feedback_tfim_qrc_reference
train,1995-05-05,0.1188469103868468,0.09868261957458985,phase2_feedback_tfim_qrc_reference
train,1995-05-08,0.1162615777002329,0.08234987366844358,phase2_feedback_tfim_qrc_reference
train,1995-05-09,0.117699793576976,0.08659313357225262,phase2_feedback_tfim_qrc_reference
train,1995-05-10,0.117916976710477,0.08292515231879569,phase2_feedback_tfim_qrc_reference
train,1995-05-11,0.11936883695119,0.08648154467662403,phase2_feedback_tfim_qrc_reference
train,1995-05-12,0.1209826322549388,0.08647218092886161,phase2_feedback_tfim_qrc_reference
train,1995-05-15,0.1257716031971755,0.08220613497360721,phase2_feedback_tfim_qrc_reference
train,1995-05-16,0.1257922445477999,0.08429588939080948,phase2_feedback_tfim_qrc_reference
train,1995-05-17,0.1259971770700168,0.08488391063476294,phase2_feedback_tfim_qrc_reference
train,1995-05-18,0.1153283213524539,0.09293427027827703,phase2_feedback_tfim_qrc_reference
train,1995-05-19,0.1220012982218457,0.09902108428040944,phase2_feedback_tfim_qrc_reference
train,1995-05-22,0.1159045756800325,0.09507704835779028,phase2_feedback_tfim_qrc_reference
train,1995-05-23,0.1112727303498563,0.09642449289410648,phase2_feedback_tfim_qrc_reference
train,1995-05-24,0.120611287488492,0.09438490577537514,phase2_feedback_tfim_qrc_reference
train,1995-05-25,0.1207763169142616,0.09507706179433052,phase2_feedback_tfim_qrc_reference
train,1995-05-26,0.1213575538022619,0.09754345348673653,phase2_feedback_tfim_qrc_reference
train,1995-05-30,0.1215632431754327,0.10161647471059036,phase2_feedback_tfim_qrc_reference
train,1995-05-31,0.0988304233501261,0.1133971248724394,phase2_feedback_tfim_qrc_reference
train,1995-06-01,0.0985797199263734,0.10594364590193318,phase2_feedback_tfim_qrc_reference
train,1995-06-02,0.0985515205492139,0.12434601740065146,phase2_feedback_tfim_qrc_reference
train,1995-06-05,0.0970414070173556,0.11507974933993628,phase2_feedback_tfim_qrc_reference
train,1995-06-06,0.0977373921919563,0.09356597217077273,phase2_feedback_tfim_qrc_reference
train,1995-06-07,0.106082097590114,0.10571535248153309,phase2_feedback_tfim_qrc_reference
train,1995-06-08,0.1069521908160996,0.108729654568882,phase2_feedback_tfim_qrc_reference
train,1995-06-09,0.1049202868001389,0.10688783495239981,phase2_feedback_tfim_qrc_reference
train,1995-06-12,0.1044156959478185,0.0971786743755638,phase2_feedback_tfim_qrc_reference
train,1995-06-13,0.1065205086709016,0.09702005935890702,phase2_feedback_tfim_qrc_reference
train,1995-06-14,0.1067684333163914,0.0950688776003854,phase2_feedback_tfim_qrc_reference
train,1995-06-15,0.1056932818062371,0.10257545995409692,phase2_feedback_tfim_qrc_reference
train,1995-06-16,0.1070036095337143,0.10352455198388619,phase2_feedback_tfim_qrc_reference
train,1995-06-19,0.1039235883309543,0.10899829079216038,phase2_feedback_tfim_qrc_reference
train,1995-06-20,0.1105947128879337,0.101788801648602,phase2_feedback_tfim_qrc_reference
train,1995-06-21,0.1113405478833203,0.10375957305945747,phase2_feedback_tfim_qrc_reference
train,1995-06-22,0.1012071407677075,0.11380065103008245,phase2_feedback_tfim_qrc_reference
train,1995-06-23,0.1042372953198921,0.1178278664699769,phase2_feedback_tfim_qrc_reference
train,1995-06-26,0.0988172510737926,0.13202373161625397,phase2_feedback_tfim_qrc_reference
train,1995-06-27,0.0986028433219486,0.12943682537551093,phase2_feedback_tfim_qrc_reference
train,1995-06-28,0.1012660036474268,0.12656760305552625,phase2_feedback_tfim_qrc_reference
train,1995-06-29,0.1035737131562938,0.12037644855473995,phase2_feedback_tfim_qrc_reference
train,1995-06-30,0.1039329524427375,0.11944374392265839,phase2_feedback_tfim_qrc_reference
train,1995-07-03,0.1032595404842524,0.11388498185383224,phase2_feedback_tfim_qrc_reference
train,1995-07-05,0.1027207780968215,0.1074792888017173,phase2_feedback_tfim_qrc_reference
train,1995-07-06,0.0922235778502937,0.10867541003227418,phase2_feedback_tfim_qrc_reference
train,1995-07-07,0.0909204830632994,0.1017476347105227,phase2_feedback_tfim_qrc_reference
train,1995-07-10,0.0912429505424984,0.10431150826357768,phase2_feedback_tfim_qrc_reference
train,1995-07-11,0.0896583594517349,0.10309045364626761,phase2_feedback_tfim_qrc_reference
train,1995-07-12,0.0783066722416071,0.10044847657588754,phase2_feedback_tfim_qrc_reference
train,1995-07-13,0.0783084528357051,0.09697961463481695,phase2_feedback_tfim_qrc_reference
train,1995-07-14,0.0807364724350443,0.08526620357413173,phase2_feedback_tfim_qrc_reference
train,1995-07-17,0.0844789618079513,0.08951529466990905,phase2_feedback_tfim_qrc_reference
train,1995-07-18,0.0790322457811093,0.10756639104871032,phase2_feedback_tfim_qrc_reference
train,1995-07-19,0.0694900254039643,0.09768177240970906,phase2_feedback_tfim_qrc_reference
train,1995-07-20,0.0685155757344192,0.1087213556961142,phase2_feedback_tfim_qrc_reference
train,1995-07-21,0.0685126669972857,0.11395919167965103,phase2_feedback_tfim_qrc_reference
train,1995-07-24,0.0641829773913333,0.11613009460588825,phase2_feedback_tfim_qrc_reference
train,1995-07-25,0.0587621533499274,0.11339956789116931,phase2_feedback_tfim_qrc_reference
train,1995-07-26,0.060082880097635,0.11000405712695287,phase2_feedback_tfim_qrc_reference
train,1995-07-27,0.0525002777595744,0.10485171889654465,phase2_feedback_tfim_qrc_reference
train,1995-07-28,0.0513479467113354,0.08785270521240329,phase2_feedback_tfim_qrc_reference
train,1995-07-31,0.0521762466083674,0.08985653615551414,phase2_feedback_tfim_qrc_reference
train,1995-08-01,0.0525925292810975,0.08613722632177973,phase2_feedback_tfim_qrc_reference
train,1995-08-02,0.0525862514308701,0.08509428634825096,phase2_feedback_tfim_qrc_reference
train,1995-08-03,0.0526594597840591,0.08691380954993864,phase2_feedback_tfim_qrc_reference
train,1995-08-04,0.0548062201459776,0.0834575627376365,phase2_feedback_tfim_qrc_reference
train,1995-08-07,0.0635526675668517,0.08418347931196499,phase2_feedback_tfim_qrc_reference
train,1995-08-08,0.0639132937214358,0.08100299434929427,phase2_feedback_tfim_qrc_reference
train,1995-08-09,0.0639352282108268,0.09533837060345515,phase2_feedback_tfim_qrc_reference
train,1995-08-10,0.0648662121883952,0.08459225149612018,phase2_feedback_tfim_qrc_reference
train,1995-08-11,0.0624927707991228,0.08123384858332384,phase2_feedback_tfim_qrc_reference
train,1995-08-14,0.0562406605752576,0.08500772719276328,phase2_feedback_tfim_qrc_reference
train,1995-08-15,0.0581244229705419,0.07821885612576893,phase2_feedback_tfim_qrc_reference
train,1995-08-16,0.0657277966312541,0.08370293283718798,phase2_feedback_tfim_qrc_reference
train,1995-08-17,0.0654670668049152,0.09210899119613146,phase2_feedback_tfim_qrc_reference
train,1995-08-18,0.0666888847119853,0.08076528106036955,phase2_feedback_tfim_qrc_reference
train,1995-08-21,0.0681338178608197,0.07644043314140105,phase2_feedback_tfim_qrc_reference
train,1995-08-22,0.0698879318623405,0.07638218411608493,phase2_feedback_tfim_qrc_reference
train,1995-08-23,0.0747090719268852,0.08349699360433413,phase2_feedback_tfim_qrc_reference
train,1995-08-24,0.0746098128943215,0.07935084095146437,phase2_feedback_tfim_qrc_reference
train,1995-08-25,0.0721718226016923,0.09129809745022086,phase2_feedback_tfim_qrc_reference
train,1995-08-28,0.0710299154262722,0.08151410680446516,phase2_feedback_tfim_qrc_reference
train,1995-08-29,0.0705307760659411,0.11111718931305978,phase2_feedback_tfim_qrc_reference
train,1995-08-30,0.0749681380152277,0.09425441066619827,phase2_feedback_tfim_qrc_reference
train,1995-08-31,0.0752033778069502,0.08982342853164586,phase2_feedback_tfim_qrc_reference
train,1995-09-01,0.0757333540725637,0.07981966841919315,phase2_feedback_tfim_qrc_reference
train,1995-09-05,0.068206797772545,0.08291490259159391,phase2_feedback_tfim_qrc_reference
train,1995-09-06,0.0679758865236712,0.08455000082925083,phase2_feedback_tfim_qrc_reference
train,1995-09-07,0.0687504209409592,0.0852780180525744,phase2_feedback_tfim_qrc_reference
train,1995-09-08,0.0674695125839863,0.09125752241674012,phase2_feedback_tfim_qrc_reference
train,1995-09-11,0.0730300589796687,0.08324927004237412,phase2_feedback_tfim_qrc_reference
train,1995-09-12,0.0712145339250696,0.08080168407699802,phase2_feedback_tfim_qrc_reference
train,1995-09-13,0.0702838731779736,0.08645517561903247,phase2_feedback_tfim_qrc_reference
train,1995-09-14,0.0661778525453286,0.09032477115406057,phase2_feedback_tfim_qrc_reference
train,1995-09-15,0.0671404192722144,0.08483090015917452,phase2_feedback_tfim_qrc_reference
train,1995-09-18,0.0679850864627261,0.09518661114515613,phase2_feedback_tfim_qrc_reference
train,1995-09-19,0.0699316598301243,0.10161890190983723,phase2_feedback_tfim_qrc_reference
train,1995-09-20,0.0686152867344574,0.09038914563572292,phase2_feedback_tfim_qrc_reference
train,1995-09-21,0.064272291999667,0.08721622177980003,phase2_feedback_tfim_qrc_reference
train,1995-09-22,0.0678016709436613,0.08672039039980926,phase2_feedback_tfim_qrc_reference
train,1995-09-25,0.0679817113621241,0.08850333041921547,phase2_feedback_tfim_qrc_reference
train,1995-09-26,0.0680799353431087,0.08675729080121725,phase2_feedback_tfim_qrc_reference
train,1995-09-27,0.0740943616404674,0.09166004187681519,phase2_feedback_tfim_qrc_reference
train,1995-09-28,0.0764140046175268,0.09905020769293775,phase2_feedback_tfim_qrc_reference
train,1995-09-29,0.0807018488819915,0.09121525587695867,phase2_feedback_tfim_qrc_reference
train,1995-10-02,0.0818923182194857,0.09413356419045799,phase2_feedback_tfim_qrc_reference
train,1995-10-03,0.0832011893386521,0.10270416354873353,phase2_feedback_tfim_qrc_reference
train,1995-10-04,0.0878402560096218,0.08783432014979897,phase2_feedback_tfim_qrc_reference
train,1995-10-05,0.0900877673299412,0.09425705463734058,phase2_feedback_tfim_qrc_reference
train,1995-10-06,0.0901642554898633,0.08677999396138508,phase2_feedback_tfim_qrc_reference
train,1995-10-09,0.0860477592800468,0.09660332040284939,phase2_feedback_tfim_qrc_reference
train,1995-10-10,0.0870308332131346,0.09264669618307289,phase2_feedback_tfim_qrc_reference
train,1995-10-11,0.0919881379789857,0.0905527826411531,phase2_feedback_tfim_qrc_reference
train,1995-10-12,0.0902946521629762,0.09014948488254804,phase2_feedback_tfim_qrc_reference
train,1995-10-13,0.0895950593769875,0.09073887857389669,phase2_feedback_tfim_qrc_reference
train,1995-10-16,0.0880338246537329,0.09212072949836285,phase2_feedback_tfim_qrc_reference
train,1995-10-17,0.0879553288520303,0.09461537536846482,phase2_feedback_tfim_qrc_reference
train,1995-10-18,0.0942771667998916,0.0958328949797106,phase2_feedback_tfim_qrc_reference
train,1995-10-19,0.09476968770788,0.09292494826382873,phase2_feedback_tfim_qrc_reference
train,1995-10-20,0.0929350274550687,0.09086589074361506,phase2_feedback_tfim_qrc_reference
train,1995-10-23,0.0944529314266615,0.09062750714867066,phase2_feedback_tfim_qrc_reference
train,1995-10-24,0.0986165031742737,0.10230960304593709,phase2_feedback_tfim_qrc_reference
train,1995-10-25,0.0947833851615329,0.09354230002826715,phase2_feedback_tfim_qrc_reference
train,1995-10-26,0.0895089128917403,0.09597278172559442,phase2_feedback_tfim_qrc_reference
train,1995-10-27,0.085410642587459,0.10218695467019855,phase2_feedback_tfim_qrc_reference
train,1995-10-30,0.0904432427364717,0.09893130389537616,phase2_feedback_tfim_qrc_reference
train,1995-10-31,0.0892333638968223,0.10255271783968908,phase2_feedback_tfim_qrc_reference
train,1995-11-01,0.0849798500900755,0.09752966035999494,phase2_feedback_tfim_qrc_reference
train,1995-11-02,0.0820530152602964,0.09310790057463927,phase2_feedback_tfim_qrc_reference
train,1995-11-03,0.0927001709515011,0.09784186097851597,phase2_feedback_tfim_qrc_reference
train,1995-11-06,0.0947974507314943,0.09673226116997517,phase2_feedback_tfim_qrc_reference
train,1995-11-07,0.0942191788672046,0.10219933652460268,phase2_feedback_tfim_qrc_reference
train,1995-11-08,0.0906085182659532,0.10263961553108598,phase2_feedback_tfim_qrc_reference
train,1995-11-09,0.0904136406494521,0.09240043085494996,phase2_feedback_tfim_qrc_reference
train,1995-11-10,0.0916528083991444,0.0914058030888294,phase2_feedback_tfim_qrc_reference
train,1995-11-13,0.0921974081227584,0.0975628263507824,phase2_feedback_tfim_qrc_reference
train,1995-11-14,0.091904513757486,0.09958281128286373,phase2_feedback_tfim_qrc_reference
train,1995-11-15,0.0886064105914589,0.09741703014032727,phase2_feedback_tfim_qrc_reference
train,1995-11-16,0.0864521050129445,0.09592991484660887,phase2_feedback_tfim_qrc_reference
train,1995-11-17,0.109964827873435,0.10149386534315813,phase2_feedback_tfim_qrc_reference
train,1995-11-20,0.1146426790256341,0.10857915082291478,phase2_feedback_tfim_qrc_reference
train,1995-11-21,0.1162729918353259,0.10500926503749884,phase2_feedback_tfim_qrc_reference
train,1995-11-22,0.1171741078454786,0.10780728984508255,phase2_feedback_tfim_qrc_reference
train,1995-11-24,0.1175013272368336,0.10402811424218336,phase2_feedback_tfim_qrc_reference
train,1995-11-27,0.1187468476330066,0.11164759442024529,phase2_feedback_tfim_qrc_reference
train,1995-11-28,0.1126902715197108,0.11115834842290545,phase2_feedback_tfim_qrc_reference
train,1995-11-29,0.1126893677927028,0.10523587754630946,phase2_feedback_tfim_qrc_reference
train,1995-11-30,0.1124823235155336,0.1037362840063665,phase2_feedback_tfim_qrc_reference
train,1995-12-01,0.118540589744864,0.10571350578095284,phase2_feedback_tfim_qrc_reference
train,1995-12-04,0.1107493630203825,0.10111961926654442,phase2_feedback_tfim_qrc_reference
train,1995-12-05,0.1134848513805467,0.09789842791951818,phase2_feedback_tfim_qrc_reference
train,1995-12-06,0.1134284547935443,0.09491105896120768,phase2_feedback_tfim_qrc_reference
train,1995-12-07,0.1126755785038678,0.09727071122381305,phase2_feedback_tfim_qrc_reference
train,1995-12-08,0.1278509079375202,0.0993875109766311,phase2_feedback_tfim_qrc_reference
train,1995-12-11,0.1353253031135779,0.09097462413758818,phase2_feedback_tfim_qrc_reference
train,1995-12-12,0.1365600710993928,0.09512162644259797,phase2_feedback_tfim_qrc_reference
train,1995-12-13,0.1348552144855049,0.1002011226647323,phase2_feedback_tfim_qrc_reference
train,1995-12-14,0.132574032342606,0.10765280396517479,phase2_feedback_tfim_qrc_reference
train,1995-12-15,0.1393990005139586,0.10577143898686461,phase2_feedback_tfim_qrc_reference
train,1995-12-18,0.1217010676224787,0.11022757314242938,phase2_feedback_tfim_qrc_reference
train,1995-12-19,0.1164469561186326,0.1243163519042326,phase2_feedback_tfim_qrc_reference
train,1995-12-20,0.1136781753195467,0.11038160947644958,phase2_feedback_tfim_qrc_reference
train,1995-12-21,0.1122106096132104,0.10865281953824858,phase2_feedback_tfim_qrc_reference
train,1995-12-22,0.1117849510248479,0.122476197337429,phase2_feedback_tfim_qrc_reference
train,1995-12-26,0.1141431050226547,0.1318536025423667,phase2_feedback_tfim_qrc_reference
train,1995-12-27,0.1148184133425986,0.1182423024316938,phase2_feedback_tfim_qrc_reference
train,1995-12-28,0.1187294954959288,0.12961407733006286,phase2_feedback_tfim_qrc_reference
train,1995-12-29,0.1194937834752366,0.12074340342049746,phase2_feedback_tfim_qrc_reference
train,1996-01-02,0.1173091635735745,0.12446837830128774,phase2_feedback_tfim_qrc_reference
train,1996-01-03,0.1225470878503674,0.11898583178448578,phase2_feedback_tfim_qrc_reference
train,1996-01-04,0.1184599911829959,0.11866877095589295,phase2_feedback_tfim_qrc_reference
train,1996-01-05,0.1191621579018798,0.11770380060021114,phase2_feedback_tfim_qrc_reference
train,1996-01-08,0.1218122405305034,0.10528373330402417,phase2_feedback_tfim_qrc_reference
train,1996-01-09,0.1103600915157864,0.1056121205994075,phase2_feedback_tfim_qrc_reference
train,1996-01-10,0.1019960760463917,0.10714651038039175,phase2_feedback_tfim_qrc_reference
train,1996-01-11,0.1067964301818826,0.11025920515299761,phase2_feedback_tfim_qrc_reference
train,1996-01-12,0.1066569905093099,0.11532501151840481,phase2_feedback_tfim_qrc_reference
train,1996-01-15,0.1097408131370278,0.1249103656452644,phase2_feedback_tfim_qrc_reference
train,1996-01-16,0.1012026828811898,0.13638572298527804,phase2_feedback_tfim_qrc_reference
train,1996-01-17,0.1053151738641501,0.1454031866177934,phase2_feedback_tfim_qrc_reference
train,1996-01-18,0.1069422869708694,0.14999522091515843,phase2_feedback_tfim_qrc_reference
train,1996-01-19,0.1053050466213505,0.1363586779654395,phase2_feedback_tfim_qrc_reference
train,1996-01-22,0.1110258176809192,0.13880573915602443,phase2_feedback_tfim_qrc_reference
train,1996-01-23,0.1190453181927825,0.11494587033695922,phase2_feedback_tfim_qrc_reference
train,1996-01-24,0.1282849721046365,0.11329823798565136,phase2_feedback_tfim_qrc_reference
train,1996-01-25,0.1280653969825788,0.11819341814524705,phase2_feedback_tfim_qrc_reference
train,1996-01-26,0.1343806914014261,0.11598134480172512,phase2_feedback_tfim_qrc_reference
train,1996-01-29,0.1340865861852671,0.12654798613369003,phase2_feedback_tfim_qrc_reference
train,1996-01-30,0.1316890986943485,0.13731826620145632,phase2_feedback_tfim_qrc_reference
train,1996-01-31,0.1310878702285822,0.13503643811212607,phase2_feedback_tfim_qrc_reference
train,1996-02-01,0.1419481458115774,0.11771803011919298,phase2_feedback_tfim_qrc_reference
train,1996-02-02,0.1426503121771614,0.11160136189007305,phase2_feedback_tfim_qrc_reference
train,1996-02-05,0.1435878183593731,0.12809233919333116,phase2_feedback_tfim_qrc_reference
train,1996-02-06,0.1430742582961961,0.11943760821911324,phase2_feedback_tfim_qrc_reference
train,1996-02-07,0.1427118734369306,0.12687202757939026,phase2_feedback_tfim_qrc_reference
train,1996-02-08,0.1804621831928218,0.12975334478622186,phase2_feedback_tfim_qrc_reference
train,1996-02-09,0.1850182347540016,0.10686877329878533,phase2_feedback_tfim_qrc_reference
train,1996-02-12,0.1851465357713838,0.1134298640928681,phase2_feedback_tfim_qrc_reference
train,1996-02-13,0.1865795975905808,0.12388310397716606,phase2_feedback_tfim_qrc_reference
train,1996-02-14,0.1846174166539385,0.14406496773973787,phase2_feedback_tfim_qrc_reference
train,1996-02-15,0.1833113531583035,0.10955837520725531,phase2_feedback_tfim_qrc_reference
train,1996-02-16,0.1948682643274009,0.11932569437006166,phase2_feedback_tfim_qrc_reference
train,1996-02-20,0.1918167215189789,0.11459059298444657,phase2_feedback_tfim_qrc_reference
train,1996-02-21,0.1868164973910129,0.11088005376750172,phase2_feedback_tfim_qrc_reference
train,1996-02-22,0.1784937866203228,0.11360171766644114,phase2_feedback_tfim_qrc_reference
train,1996-02-23,0.1784555350860425,0.11156795900878005,phase2_feedback_tfim_qrc_reference
train,1996-02-26,0.1711986325993088,0.11603052918454373,phase2_feedback_tfim_qrc_reference
train,1996-02-27,0.1716829786953743,0.12554776767255105,phase2_feedback_tfim_qrc_reference
train,1996-02-28,0.1739521650672296,0.10922004630249223,phase2_feedback_tfim_qrc_reference
train,1996-02-29,0.1710321437963279,0.10943695921253814,phase2_feedback_tfim_qrc_reference
train,1996-03-01,0.1625089108080835,0.11386679387329078,phase2_feedback_tfim_qrc_reference
train,1996-03-04,0.166327909501727,0.11173302066806134,phase2_feedback_tfim_qrc_reference
train,1996-03-05,0.1631633618970465,0.11755402589957271,phase2_feedback_tfim_qrc_reference
train,1996-03-06,0.1601347337397146,0.11215937973063671,phase2_feedback_tfim_qrc_reference
train,1996-03-07,0.1591637938412861,0.1322897313391857,phase2_feedback_tfim_qrc_reference
train,1996-03-08,0.1243464879716484,0.12282120210168529,phase2_feedback_tfim_qrc_reference
train,1996-03-11,0.118266018019264,0.1333809487966576,phase2_feedback_tfim_qrc_reference
train,1996-03-12,0.1314299974863731,0.13303549028820813,phase2_feedback_tfim_qrc_reference
train,1996-03-13,0.1292427601533463,0.12870088888625067,phase2_feedback_tfim_qrc_reference
train,1996-03-14,0.1358586289296731,0.13093014216483187,phase2_feedback_tfim_qrc_reference
train,1996-03-15,0.1389988715637246,0.1319880879757214,phase2_feedback_tfim_qrc_reference
train,1996-03-18,0.1218489227715991,0.13593866772137567,phase2_feedback_tfim_qrc_reference
train,1996-03-19,0.1219136021323511,0.1323037163605951,phase2_feedback_tfim_qrc_reference
train,1996-03-20,0.1219489956781699,0.15206533755159515,phase2_feedback_tfim_qrc_reference
train,1996-03-21,0.1219546618285036,0.132189631740559,phase2_feedback_tfim_qrc_reference
train,1996-03-22,0.1246417009415549,0.15072213222409264,phase2_feedback_tfim_qrc_reference
train,1996-03-25,0.1249463120716249,0.12632847037390516,phase2_feedback_tfim_qrc_reference
train,1996-03-26,0.124440006580969,0.11346114672321314,phase2_feedback_tfim_qrc_reference
train,1996-03-27,0.1212309353561193,0.12202314735784885,phase2_feedback_tfim_qrc_reference
train,1996-03-28,0.1206984644144994,0.10976291252769807,phase2_feedback_tfim_qrc_reference
train,1996-03-29,0.1194801174507739,0.11009280885703537,phase2_feedback_tfim_qrc_reference
train,1996-04-01,0.1122841121822554,0.10862216153274855,phase2_feedback_tfim_qrc_reference
train,1996-04-02,0.1123385307733888,0.11278807517194177,phase2_feedback_tfim_qrc_reference
train,1996-04-03,0.1280542767750515,0.12348092862396595,phase2_feedback_tfim_qrc_reference
train,1996-04-04,0.1281337857344909,0.13209223744223877,phase2_feedback_tfim_qrc_reference
train,1996-04-08,0.1124691077044732,0.12071618778773072,phase2_feedback_tfim_qrc_reference
train,1996-04-09,0.1125824511056384,0.1289021041686191,phase2_feedback_tfim_qrc_reference
train,1996-04-10,0.1027085891472456,0.1363473349747845,phase2_feedback_tfim_qrc_reference
train,1996-04-11,0.1026464259053011,0.14373797384778583,phase2_feedback_tfim_qrc_reference
train,1996-04-12,0.0988082525097317,0.14097062120381865,phase2_feedback_tfim_qrc_reference
train,1996-04-15,0.1082062098038079,0.13956254286741596,phase2_feedback_tfim_qrc_reference
train,1996-04-16,0.1098685911316032,0.1308766375989293,phase2_feedback_tfim_qrc_reference
train,1996-04-17,0.1096092064413051,0.14904186127203808,phase2_feedback_tfim_qrc_reference
train,1996-04-18,0.1097421474257466,0.14587254779382944,phase2_feedback_tfim_qrc_reference
train,1996-04-19,0.1110481770786762,0.14055501178676416,phase2_feedback_tfim_qrc_reference
train,1996-04-22,0.1102281856512416,0.14634410552914867,phase2_feedback_tfim_qrc_reference
train,1996-04-23,0.1097814170015053,0.137101333255633,phase2_feedback_tfim_qrc_reference
train,1996-04-24,0.1140664744285726,0.14296672185787934,phase2_feedback_tfim_qrc_reference
train,1996-04-25,0.1138631701613834,0.13663588867428184,phase2_feedback_tfim_qrc_reference
train,1996-04-26,0.1144497700778179,0.1324484951807089,phase2_feedback_tfim_qrc_reference
train,1996-04-29,0.1199714944381227,0.12099610747309333,phase2_feedback_tfim_qrc_reference
train,1996-04-30,0.1223065759610782,0.11966035379316715,phase2_feedback_tfim_qrc_reference
train,1996-05-01,0.1234122859965013,0.09892848326410666,phase2_feedback_tfim_qrc_reference
train,1996-05-02,0.1102347473149373,0.09276925700898653,phase2_feedback_tfim_qrc_reference
train,1996-05-03,0.1105607651025063,0.12141071567864158,phase2_feedback_tfim_qrc_reference
train,1996-05-06,0.1132379436663258,0.15672638348205814,phase2_feedback_tfim_qrc_reference
train,1996-05-07,0.1165005805541585,0.13389680964446515,phase2_feedback_tfim_qrc_reference
train,1996-05-08,0.111021332368431,0.12861888532246663,phase2_feedback_tfim_qrc_reference
train,1996-05-09,0.1109915459286711,0.12631600740098503,phase2_feedback_tfim_qrc_reference
train,1996-05-10,0.1059709717828676,0.09874257138438194,phase2_feedback_tfim_qrc_reference
train,1996-05-13,0.0917951914068824,0.11222390467612574,phase2_feedback_tfim_qrc_reference
train,1996-05-14,0.0894445929245006,0.09993181762286239,phase2_feedback_tfim_qrc_reference
train,1996-05-15,0.0893480955247357,0.10179069168112825,phase2_feedback_tfim_qrc_reference
train,1996-05-16,0.0902694538481424,0.11274267970432518,phase2_feedback_tfim_qrc_reference
train,1996-05-17,0.0882739326523184,0.10349203749886901,phase2_feedback_tfim_qrc_reference
train,1996-05-20,0.0898464209252784,0.12006300592237634,phase2_feedback_tfim_qrc_reference
train,1996-05-21,0.0911011114596094,0.11220265746924207,phase2_feedback_tfim_qrc_reference
train,1996-05-22,0.0847536657213452,0.10364386341755588,phase2_feedback_tfim_qrc_reference
train,1996-05-23,0.0888375828678253,0.10778325607752656,phase2_feedback_tfim_qrc_reference
train,1996-05-24,0.0879995753616772,0.09481988245774131,phase2_feedback_tfim_qrc_reference
train,1996-05-28,0.0804158844003221,0.10062249573826451,phase2_feedback_tfim_qrc_reference
train,1996-05-29,0.0804812434827511,0.10754023412913309,phase2_feedback_tfim_qrc_reference
train,1996-05-30,0.0822858138923627,0.09489374183166571,phase2_feedback_tfim_qrc_reference
train,1996-05-31,0.0789052443015623,0.09243207401856171,phase2_feedback_tfim_qrc_reference
train,1996-06-03,0.0839900797579071,0.10894866024781776,phase2_feedback_tfim_qrc_reference
train,1996-06-04,0.0813373528617114,0.0983106646436339,phase2_feedback_tfim_qrc_reference
train,1996-06-05,0.0755312361481532,0.1193208706248864,phase2_feedback_tfim_qrc_reference
train,1996-06-06,0.1159928308530795,0.14808785559336732,phase2_feedback_tfim_qrc_reference
train,1996-06-07,0.1168842567941503,0.1700692627173357,phase2_feedback_tfim_qrc_reference
train,1996-06-10,0.1172056449432603,0.11938354169350174,phase2_feedback_tfim_qrc_reference
train,1996-06-11,0.1180349059264644,0.09821613657573827,phase2_feedback_tfim_qrc_reference
train,1996-06-12,0.1382798047831178,0.08476124714311115,phase2_feedback_tfim_qrc_reference
train,1996-06-13,0.1383039578462218,0.09150050999474761,phase2_feedback_tfim_qrc_reference
train,1996-06-14,0.1738538474803738,0.09389830029512275,phase2_feedback_tfim_qrc_reference
train,1996-06-17,0.1740609023443893,0.09062702864234828,phase2_feedback_tfim_qrc_reference
train,1996-06-18,0.1766999252893902,0.0868239396545461,phase2_feedback_tfim_qrc_reference
train,1996-06-19,0.1825578812711454,0.10135944261445375,phase2_feedback_tfim_qrc_reference
train,1996-06-20,0.184371641300092,0.09957816473653673,phase2_feedback_tfim_qrc_reference
train,1996-06-21,0.1837125491633908,0.09232627306535883,phase2_feedback_tfim_qrc_reference
train,1996-06-24,0.1891969838949306,0.08517954360683337,phase2_feedback_tfim_qrc_reference
train,1996-06-25,0.1892836246663601,0.08924472948293093,phase2_feedback_tfim_qrc_reference
train,1996-06-26,0.190386248229448,0.09087710179532095,phase2_feedback_tfim_qrc_reference
train,1996-06-27,0.1897161164115688,0.08646088914332725,phase2_feedback_tfim_qrc_reference
train,1996-06-28,0.1933632522049909,0.09812057640081659,phase2_feedback_tfim_qrc_reference
train,1996-07-01,0.1939817109544834,0.09016484042065812,phase2_feedback_tfim_qrc_reference
train,1996-07-02,0.1952829664274377,0.09993001480520423,phase2_feedback_tfim_qrc_reference
train,1996-07-03,0.2036810063159867,0.14423638866324165,phase2_feedback_tfim_qrc_reference
train,1996-07-05,0.1969745068302331,0.09395016364824468,phase2_feedback_tfim_qrc_reference
train,1996-07-08,0.1975547570523839,0.12159591645602628,phase2_feedback_tfim_qrc_reference
train,1996-07-09,0.1973288635676001,0.13044481767680943,phase2_feedback_tfim_qrc_reference
train,1996-07-10,0.1970202438863573,0.11331909754030046,phase2_feedback_tfim_qrc_reference
train,1996-07-11,0.1833534418067947,0.12369731207905506,phase2_feedback_tfim_qrc_reference
train,1996-07-12,0.1837088208763007,0.13162247190698323,phase2_feedback_tfim_qrc_reference
train,1996-07-15,0.1519849972820127,0.12208699958478242,phase2_feedback_tfim_qrc_reference
train,1996-07-16,0.1543582667984391,0.12550569953090973,phase2_feedback_tfim_qrc_reference
train,1996-07-17,0.1490269512505234,0.12168941700349523,phase2_feedback_tfim_qrc_reference
train,1996-07-18,0.1410603068455218,0.15109254871074726,phase2_feedback_tfim_qrc_reference
train,1996-07-19,0.1418658488318283,0.1353451747333206,phase2_feedback_tfim_qrc_reference
train,1996-07-22,0.1394524858448155,0.1429139567225166,phase2_feedback_tfim_qrc_reference
train,1996-07-23,0.1317724060438147,0.1373561714123808,phase2_feedback_tfim_qrc_reference
train,1996-07-24,0.1321727549199446,0.1436449735684006,phase2_feedback_tfim_qrc_reference
train,1996-07-25,0.1325451650039622,0.142312116380687,phase2_feedback_tfim_qrc_reference
train,1996-07-26,0.132520500219087,0.13718384578474707,phase2_feedback_tfim_qrc_reference
train,1996-07-29,0.1277317306336646,0.1403858601067938,phase2_feedback_tfim_qrc_reference
train,1996-07-30,0.1237981900967479,0.15192695452193145,phase2_feedback_tfim_qrc_reference
train,1996-07-31,0.121164313832701,0.1506145295464743,phase2_feedback_tfim_qrc_reference
train,1996-08-01,0.111840573819396,0.15229261481752465,phase2_feedback_tfim_qrc_reference
train,1996-08-02,0.090238119958966,0.14780906601551405,phase2_feedback_tfim_qrc_reference
train,1996-08-05,0.0907099476996971,0.159968318278664,phase2_feedback_tfim_qrc_reference
train,1996-08-06,0.0901181224751566,0.16301218093798303,phase2_feedback_tfim_qrc_reference
train,1996-08-07,0.0995311864902139,0.14675149761310813,phase2_feedback_tfim_qrc_reference
train,1996-08-08,0.1112184649564159,0.13407401203793406,phase2_feedback_tfim_qrc_reference
train,1996-08-09,0.1182395305940619,0.13144389640591173,phase2_feedback_tfim_qrc_reference
train,1996-08-12,0.1153875532781323,0.13208957746007657,phase2_feedback_tfim_qrc_reference
train,1996-08-13,0.1136008250556774,0.12900387794486254,phase2_feedback_tfim_qrc_reference
train,1996-08-14,0.1155817639029717,0.13699500055379327,phase2_feedback_tfim_qrc_reference
train,1996-08-15,0.1273121581004105,0.13907466822125641,phase2_feedback_tfim_qrc_reference
train,1996-08-16,0.1244009339175615,0.14232984554197275,phase2_feedback_tfim_qrc_reference
train,1996-08-19,0.1246514944510596,0.130056610768164,phase2_feedback_tfim_qrc_reference
train,1996-08-20,0.1249436850246718,0.1326601708765703,phase2_feedback_tfim_qrc_reference
train,1996-08-21,0.1250764067769281,0.139812704253734,phase2_feedback_tfim_qrc_reference
train,1996-08-22,0.121252059225063,0.1820886174619528,phase2_feedback_tfim_qrc_reference
train,1996-08-23,0.1197515769182726,0.1663189712324967,phase2_feedback_tfim_qrc_reference
train,1996-08-26,0.1184740212702779,0.14902826627005783,phase2_feedback_tfim_qrc_reference
train,1996-08-27,0.1177487489159958,0.14853428925329754,phase2_feedback_tfim_qrc_reference
train,1996-08-28,0.1176161980290406,0.1442165989530175,phase2_feedback_tfim_qrc_reference
train,1996-08-29,0.1122989189569046,0.1328571424992856,phase2_feedback_tfim_qrc_reference
train,1996-08-30,0.1060227085868355,0.13162658000509783,phase2_feedback_tfim_qrc_reference
train,1996-09-03,0.1053238349410215,0.13406452577637867,phase2_feedback_tfim_qrc_reference
train,1996-09-04,0.1079791983542825,0.1232688016157026,phase2_feedback_tfim_qrc_reference
train,1996-09-05,0.0989965670074197,0.13450243813372417,phase2_feedback_tfim_qrc_reference
train,1996-09-06,0.0978331598647554,0.1386235071050978,phase2_feedback_tfim_qrc_reference
train,1996-09-09,0.0885362580355668,0.16743750042845687,phase2_feedback_tfim_qrc_reference
train,1996-09-10,0.0896538396276022,0.17674855451450425,phase2_feedback_tfim_qrc_reference
train,1996-09-11,0.0917240626525766,0.14791305916752523,phase2_feedback_tfim_qrc_reference
train,1996-09-12,0.0886200696508242,0.14819110567107716,phase2_feedback_tfim_qrc_reference
train,1996-09-13,0.0828564251525678,0.14720676112007328,phase2_feedback_tfim_qrc_reference
train,1996-09-16,0.0819799300927345,0.12831225890655323,phase2_feedback_tfim_qrc_reference
train,1996-09-17,0.0817187137096471,0.11050775251320628,phase2_feedback_tfim_qrc_reference
train,1996-09-18,0.0830581801958628,0.12159201406346812,phase2_feedback_tfim_qrc_reference
train,1996-09-19,0.0824518705701512,0.12583774727910588,phase2_feedback_tfim_qrc_reference
train,1996-09-20,0.0836159504205195,0.11538413453347551,phase2_feedback_tfim_qrc_reference
train,1996-09-23,0.0837429238243324,0.102996936727334,phase2_feedback_tfim_qrc_reference
train,1996-09-24,0.0874031072911385,0.10900724787957643,phase2_feedback_tfim_qrc_reference
train,1996-09-25,0.0881576180994226,0.1052067899527866,phase2_feedback_tfim_qrc_reference
train,1996-09-26,0.0933229522695022,0.12153663879090605,phase2_feedback_tfim_qrc_reference
train,1996-09-27,0.0933203952164699,0.14836973869056988,phase2_feedback_tfim_qrc_reference
train,1996-09-30,0.0962382701639139,0.09925907280666348,phase2_feedback_tfim_qrc_reference
train,1996-10-01,0.0984800708416954,0.09985096716984078,phase2_feedback_tfim_qrc_reference
train,1996-10-02,0.0962325006686401,0.10589826091625756,phase2_feedback_tfim_qrc_reference
train,1996-10-03,0.1019546108134986,0.09226568772412079,phase2_feedback_tfim_qrc_reference
train,1996-10-04,0.0910167306743328,0.08787668384973651,phase2_feedback_tfim_qrc_reference
train,1996-10-07,0.0939160024337829,0.08955255199875631,phase2_feedback_tfim_qrc_reference
train,1996-10-08,0.0950154053728948,0.09254680810322019,phase2_feedback_tfim_qrc_reference
train,1996-10-09,0.113277895875198,0.08979931245951779,phase2_feedback_tfim_qrc_reference
train,1996-10-10,0.1133589724834578,0.08398773720132019,phase2_feedback_tfim_qrc_reference
train,1996-10-11,0.1064535395690551,0.09340198765883594,phase2_feedback_tfim_qrc_reference
train,1996-10-14,0.1064152883952307,0.08873643268415543,phase2_feedback_tfim_qrc_reference
train,1996-10-15,0.1068377500353683,0.10870186836153782,phase2_feedback_tfim_qrc_reference
train,1996-10-16,0.1066171956772017,0.10159379951947614,phase2_feedback_tfim_qrc_reference
train,1996-10-17,0.1087325738407458,0.1082550597862651,phase2_feedback_tfim_qrc_reference
train,1996-10-18,0.1072000982456168,0.09735910149059845,phase2_feedback_tfim_qrc_reference
train,1996-10-21,0.1071005113324945,0.10084097243512702,phase2_feedback_tfim_qrc_reference
train,1996-10-22,0.1071800926408683,0.09224717980712349,phase2_feedback_tfim_qrc_reference
train,1996-10-23,0.1066984508082779,0.09140371094474045,phase2_feedback_tfim_qrc_reference
train,1996-10-24,0.1023308159314038,0.09333617313400143,phase2_feedback_tfim_qrc_reference
train,1996-10-25,0.1058892648287627,0.09077219321077713,phase2_feedback_tfim_qrc_reference
train,1996-10-28,0.1124708697032566,0.09371708350378478,phase2_feedback_tfim_qrc_reference
train,1996-10-29,0.1094318236426661,0.09340583894432553,phase2_feedback_tfim_qrc_reference
train,1996-10-30,0.1089890838479778,0.09323401411100052,phase2_feedback_tfim_qrc_reference
train,1996-10-31,0.1044393865324619,0.13911204810227917,phase2_feedback_tfim_qrc_reference
train,1996-11-01,0.1036930171952927,0.11628319860770182,phase2_feedback_tfim_qrc_reference
train,1996-11-04,0.1180156043930986,0.10601390095475076,phase2_feedback_tfim_qrc_reference
train,1996-11-05,0.1166654550482519,0.12939751030452673,phase2_feedback_tfim_qrc_reference
train,1996-11-06,0.095540593033158,0.1280482847691318,phase2_feedback_tfim_qrc_reference
train,1996-11-07,0.0974276355638785,0.15022455836543566,phase2_feedback_tfim_qrc_reference
train,1996-11-08,0.1085993415010996,0.1380927136339445,phase2_feedback_tfim_qrc_reference
train,1996-11-11,0.1098506646152645,0.12004346501366653,phase2_feedback_tfim_qrc_reference
train,1996-11-12,0.1141133031614515,0.10335489868912419,phase2_feedback_tfim_qrc_reference
train,1996-11-13,0.1276710758957597,0.10419317924757078,phase2_feedback_tfim_qrc_reference
train,1996-11-14,0.1258510655642259,0.10595477371015571,phase2_feedback_tfim_qrc_reference
train,1996-11-15,0.1338105893249892,0.10388383788034779,phase2_feedback_tfim_qrc_reference
train,1996-11-18,0.1367575416007115,0.1088078752426994,phase2_feedback_tfim_qrc_reference
train,1996-11-19,0.1372713292551632,0.10970559972772218,phase2_feedback_tfim_qrc_reference
train,1996-11-20,0.1550888971816003,0.11012993285418701,phase2_feedback_tfim_qrc_reference
train,1996-11-21,0.1551969799105252,0.11582299538750267,phase2_feedback_tfim_qrc_reference
train,1996-11-22,0.1530180323183837,0.11253147947197568,phase2_feedback_tfim_qrc_reference
train,1996-11-25,0.1486097584110803,0.1118892520864921,phase2_feedback_tfim_qrc_reference
train,1996-11-26,0.150623904984666,0.11145630263857337,phase2_feedback_tfim_qrc_reference
train,1996-11-27,0.1505437758884333,0.09942582517355061,phase2_feedback_tfim_qrc_reference
train,1996-11-29,0.153105414245472,0.134796504127498,phase2_feedback_tfim_qrc_reference
train,1996-12-02,0.1665176591141004,0.11872759651061346,phase2_feedback_tfim_qrc_reference
train,1996-12-03,0.1551840353319775,0.12531324502900548,phase2_feedback_tfim_qrc_reference
train,1996-12-04,0.1629348275391057,0.1313847304216571,phase2_feedback_tfim_qrc_reference
train,1996-12-05,0.1656066793048968,0.128581951976555,phase2_feedback_tfim_qrc_reference
train,1996-12-06,0.1698132371533406,0.1316704144811605,phase2_feedback_tfim_qrc_reference
train,1996-12-09,0.1646548929181168,0.11084320506431798,phase2_feedback_tfim_qrc_reference
train,1996-12-10,0.1664277408328012,0.12250059841595404,phase2_feedback_tfim_qrc_reference
train,1996-12-11,0.1675770252349465,0.11858748660378518,phase2_feedback_tfim_qrc_reference
train,1996-12-12,0.1567714820376237,0.11619332887975704,phase2_feedback_tfim_qrc_reference
train,1996-12-13,0.1626373829848716,0.13452089652502527,phase2_feedback_tfim_qrc_reference
train,1996-12-16,0.1563289335763804,0.13013204686278115,phase2_feedback_tfim_qrc_reference
train,1996-12-17,0.1544299016650186,0.14618738732897738,phase2_feedback_tfim_qrc_reference
train,1996-12-18,0.1533843624245313,0.14421796314538626,phase2_feedback_tfim_qrc_reference
train,1996-12-19,0.1352798633538188,0.12827656438656085,phase2_feedback_tfim_qrc_reference
train,1996-12-20,0.1380206399634616,0.130385864690196,phase2_feedback_tfim_qrc_reference
train,1996-12-23,0.140058161140132,0.14403797375224958,phase2_feedback_tfim_qrc_reference
train,1996-12-24,0.1463021632067879,0.14580192500861414,phase2_feedback_tfim_qrc_reference
train,1996-12-26,0.150918964215691,0.13075368949605948,phase2_feedback_tfim_qrc_reference
train,1996-12-27,0.1511947668437033,0.134930198269071,phase2_feedback_tfim_qrc_reference
train,1996-12-30,0.1483624747237024,0.11912054710083585,phase2_feedback_tfim_qrc_reference
train,1996-12-31,0.1375285940893456,0.13013890012397203,phase2_feedback_tfim_qrc_reference
train,1997-01-02,0.1445817429870255,0.13444752449191272,phase2_feedback_tfim_qrc_reference
train,1997-01-03,0.1355944866796447,0.1484620086019018,phase2_feedback_tfim_qrc_reference
train,1997-01-06,0.1337544240317286,0.13125677964393306,phase2_feedback_tfim_qrc_reference
train,1997-01-07,0.1434027600959558,0.13666473192991854,phase2_feedback_tfim_qrc_reference
train,1997-01-08,0.1419589498426191,0.13954460685897518,phase2_feedback_tfim_qrc_reference
train,1997-01-09,0.1468842253182138,0.1405644718517827,phase2_feedback_tfim_qrc_reference
train,1997-01-10,0.1458208566062331,0.1291279680297261,phase2_feedback_tfim_qrc_reference
train,1997-01-13,0.1513245215050451,0.14799085803242373,phase2_feedback_tfim_qrc_reference
train,1997-01-14,0.153096213971311,0.13543427715854983,phase2_feedback_tfim_qrc_reference
train,1997-01-15,0.1575941832631607,0.13502194666385975,phase2_feedback_tfim_qrc_reference
train,1997-01-16,0.1571468345247266,0.13718330772825413,phase2_feedback_tfim_qrc_reference
train,1997-01-17,0.1585182194065084,0.128946977930682,phase2_feedback_tfim_qrc_reference
train,1997-01-20,0.1602366998409048,0.13295100086117367,phase2_feedback_tfim_qrc_reference
train,1997-01-21,0.1635061635449368,0.13036341030078546,phase2_feedback_tfim_qrc_reference
train,1997-01-22,0.1615247668927582,0.13542669161075174,phase2_feedback_tfim_qrc_reference
train,1997-01-23,0.1593177285993784,0.12322703013082917,phase2_feedback_tfim_qrc_reference
train,1997-01-24,0.1525723750370842,0.13326904702560147,phase2_feedback_tfim_qrc_reference
train,1997-01-27,0.1561905701786695,0.15148720027222085,phase2_feedback_tfim_qrc_reference
train,1997-01-28,0.1647528904614875,0.1473338470945668,phase2_feedback_tfim_qrc_reference
train,1997-01-29,0.1614368362237417,0.14765563633835596,phase2_feedback_tfim_qrc_reference
train,1997-01-30,0.1566989400056092,0.13683870236239126,phase2_feedback_tfim_qrc_reference
train,1997-02-03,0.1577845432167273,0.12591058791351317,phase2_feedback_tfim_qrc_reference
train,1997-02-04,0.1672806527959029,0.1367178144457008,phase2_feedback_tfim_qrc_reference
train,1997-02-05,0.1545716890605968,0.15064969523237892,phase2_feedback_tfim_qrc_reference
train,1997-02-06,0.1560304286257177,0.14492857763079733,phase2_feedback_tfim_qrc_reference
train,1997-02-07,0.1529919111445777,0.1461494375112434,phase2_feedback_tfim_qrc_reference
train,1997-02-10,0.1504328074986013,0.13051013960041558,phase2_feedback_tfim_qrc_reference
train,1997-02-11,0.1482015839627558,0.1406342525266478,phase2_feedback_tfim_qrc_reference
train,1997-02-12,0.1501722760650341,0.12348092466144059,phase2_feedback_tfim_qrc_reference
train,1997-02-13,0.1463166705174421,0.14490695769181017,phase2_feedback_tfim_qrc_reference
train,1997-02-14,0.1464112962636008,0.13805650082593024,phase2_feedback_tfim_qrc_reference
train,1997-02-18,0.1483679285811502,0.1550877993225021,phase2_feedback_tfim_qrc_reference
train,1997-02-19,0.1469346189449465,0.13449647022537353,phase2_feedback_tfim_qrc_reference
train,1997-02-20,0.1416280000512285,0.12663934870778856,phase2_feedback_tfim_qrc_reference
train,1997-02-21,0.1425679313951913,0.12552055851931831,phase2_feedback_tfim_qrc_reference
train,1997-02-24,0.1448807759010274,0.1219566318176595,phase2_feedback_tfim_qrc_reference
train,1997-02-25,0.1490319562379629,0.11288228101891953,phase2_feedback_tfim_qrc_reference
train,1997-02-26,0.1457043253671331,0.1113875341252266,phase2_feedback_tfim_qrc_reference
train,1997-02-27,0.1656762832007614,0.11145510350803815,phase2_feedback_tfim_qrc_reference
train,1997-02-28,0.1843867785538712,0.13478735559715463,phase2_feedback_tfim_qrc_reference
train,1997-03-03,0.1850802948337393,0.15225703654368494,phase2_feedback_tfim_qrc_reference
train,1997-03-04,0.1949165413716622,0.11788485395644019,phase2_feedback_tfim_qrc_reference
train,1997-03-05,0.1865560453361461,0.1329244050954114,phase2_feedback_tfim_qrc_reference
train,1997-03-06,0.1905881247242053,0.11096479126007812,phase2_feedback_tfim_qrc_reference
train,1997-03-07,0.1884436089975106,0.11648336456898091,phase2_feedback_tfim_qrc_reference
train,1997-03-10,0.1865422264862188,0.1550629943154013,phase2_feedback_tfim_qrc_reference
train,1997-03-11,0.1878259660386418,0.1178832999284961,phase2_feedback_tfim_qrc_reference
train,1997-03-12,0.1856239611560681,0.13377942081331085,phase2_feedback_tfim_qrc_reference
train,1997-03-13,0.2109326744401202,0.11686544915435411,phase2_feedback_tfim_qrc_reference
train,1997-03-14,0.2154092247863996,0.11296472291907782,phase2_feedback_tfim_qrc_reference
train,1997-03-17,0.223373574076819,0.12011472615386187,phase2_feedback_tfim_qrc_reference
train,1997-03-18,0.2238085668181495,0.11353539982414232,phase2_feedback_tfim_qrc_reference
train,1997-03-19,0.2239610205211637,0.13932985797066735,phase2_feedback_tfim_qrc_reference
train,1997-03-20,0.2238870161298296,0.12389501952117199,phase2_feedback_tfim_qrc_reference
train,1997-03-21,0.2244933747951113,0.12054906706801183,phase2_feedback_tfim_qrc_reference
train,1997-03-24,0.2322473255936175,0.118867025277956,phase2_feedback_tfim_qrc_reference
train,1997-03-25,0.2296170406294541,0.11308840370812408,phase2_feedback_tfim_qrc_reference
train,1997-03-26,0.2297912292003193,0.11256687902386116,phase2_feedback_tfim_qrc_reference
train,1997-03-27,0.2131234792654831,0.11340714720873711,phase2_feedback_tfim_qrc_reference
train,1997-03-31,0.1999007972439394,0.14114186206539092,phase2_feedback_tfim_qrc_reference
train,1997-04-01,0.226472495634306,0.12197993785751096,phase2_feedback_tfim_qrc_reference
train,1997-04-02,0.217825431682459,0.1345471837939673,phase2_feedback_tfim_qrc_reference
train,1997-04-03,0.2170085891319143,0.13626467515693394,phase2_feedback_tfim_qrc_reference
train,1997-04-04,0.221675090847513,0.13505206168777828,phase2_feedback_tfim_qrc_reference
train,1997-04-07,0.2364607409598139,0.13416865706698203,phase2_feedback_tfim_qrc_reference
train,1997-04-08,0.2351075134031638,0.13306221322698633,phase2_feedback_tfim_qrc_reference
train,1997-04-09,0.2460237135529551,0.1464458671652636,phase2_feedback_tfim_qrc_reference
train,1997-04-10,0.2468829475064095,0.14988700946048186,phase2_feedback_tfim_qrc_reference
train,1997-04-11,0.2200434056944339,0.1462545153826935,phase2_feedback_tfim_qrc_reference
train,1997-04-14,0.2227405231844517,0.13643499036407328,phase2_feedback_tfim_qrc_reference
train,1997-04-15,0.2150253730708287,0.13621218349326963,phase2_feedback_tfim_qrc_reference
train,1997-04-16,0.2112167291126118,0.14033863291713888,phase2_feedback_tfim_qrc_reference
train,1997-04-17,0.2120502647953377,0.13343306534210164,phase2_feedback_tfim_qrc_reference
train,1997-04-18,0.2169346453140324,0.13430083559290698,phase2_feedback_tfim_qrc_reference
train,1997-04-21,0.2159468385003996,0.15110750334633333,phase2_feedback_tfim_qrc_reference
train,1997-04-22,0.2060649342177416,0.1336238477739232,phase2_feedback_tfim_qrc_reference
train,1997-04-23,0.2061850523463978,0.138926799549551,phase2_feedback_tfim_qrc_reference
train,1997-04-24,0.2057524334644936,0.13127157195313877,phase2_feedback_tfim_qrc_reference
train,1997-04-25,0.2042716710925935,0.14435615277964292,phase2_feedback_tfim_qrc_reference
train,1997-04-28,0.2018282143654585,0.15699784866363248,phase2_feedback_tfim_qrc_reference
train,1997-04-29,0.169073394110795,0.14268524580659778,phase2_feedback_tfim_qrc_reference
train,1997-04-30,0.1695451567606666,0.14875857091575098,phase2_feedback_tfim_qrc_reference
train,1997-05-01,0.1710297299222253,0.13598168066645644,phase2_feedback_tfim_qrc_reference
train,1997-05-02,0.1596869771736517,0.13636946189146462,phase2_feedback_tfim_qrc_reference
train,1997-05-05,0.1366488993064249,0.13225241062397142,phase2_feedback_tfim_qrc_reference
train,1997-05-06,0.1366795882767728,0.14512426095716602,phase2_feedback_tfim_qrc_reference
train,1997-05-07,0.1129486298574439,0.18123931417637587,phase2_feedback_tfim_qrc_reference
train,1997-05-08,0.1299397619913346,0.16316604742399737,phase2_feedback_tfim_qrc_reference
train,1997-05-09,0.1289107426223967,0.1708930557450372,phase2_feedback_tfim_qrc_reference
train,1997-05-12,0.1153414896094777,0.17120699442028134,phase2_feedback_tfim_qrc_reference
train,1997-05-13,0.1147178157265723,0.16047485266364442,phase2_feedback_tfim_qrc_reference
train,1997-05-14,0.1331788497336203,0.16990266378091798,phase2_feedback_tfim_qrc_reference
train,1997-05-15,0.1343902780562019,0.15568804431300454,phase2_feedback_tfim_qrc_reference
train,1997-05-16,0.1251529219463205,0.1641243013945985,phase2_feedback_tfim_qrc_reference
train,1997-05-19,0.1247976250300486,0.1608405323596529,phase2_feedback_tfim_qrc_reference
train,1997-05-20,0.1180725224860147,0.15342774180219346,phase2_feedback_tfim_qrc_reference
train,1997-05-21,0.1233199605519304,0.14988886616840175,phase2_feedback_tfim_qrc_reference
train,1997-05-22,0.1233443775345228,0.14658616259088605,phase2_feedback_tfim_qrc_reference
train,1997-05-23,0.1473894971796631,0.15483133452066775,phase2_feedback_tfim_qrc_reference
train,1997-05-27,0.1715659176024962,0.1542520961804898,phase2_feedback_tfim_qrc_reference
train,1997-05-28,0.1733537060845959,0.12920694140840255,phase2_feedback_tfim_qrc_reference
train,1997-05-29,0.1729739915636292,0.12299400056146331,phase2_feedback_tfim_qrc_reference
train,1997-05-30,0.1720061251145309,0.14450616360604113,phase2_feedback_tfim_qrc_reference
train,1997-06-02,0.1729349600043027,0.11107065591735463,phase2_feedback_tfim_qrc_reference
train,1997-06-03,0.1773851958607743,0.11033600439684721,phase2_feedback_tfim_qrc_reference
train,1997-06-04,0.1865488149288591,0.10059589212179763,phase2_feedback_tfim_qrc_reference
train,1997-06-05,0.1923104136023218,0.1115915406182528,phase2_feedback_tfim_qrc_reference
train,1997-06-06,0.1832495348731396,0.12675992415150625,phase2_feedback_tfim_qrc_reference
train,1997-06-09,0.1860730526342171,0.11462738738532659,phase2_feedback_tfim_qrc_reference
train,1997-06-10,0.1898833432894511,0.12431726444094252,phase2_feedback_tfim_qrc_reference
train,1997-06-11,0.1903604617981119,0.14108663249103584,phase2_feedback_tfim_qrc_reference
train,1997-06-12,0.1782226131273483,0.13830435931506913,phase2_feedback_tfim_qrc_reference
train,1997-06-13,0.1760489442299278,0.11896109823993084,phase2_feedback_tfim_qrc_reference
train,1997-06-16,0.1769651519763626,0.11822093022215295,phase2_feedback_tfim_qrc_reference
train,1997-06-17,0.1828925180974475,0.13680274244474963,phase2_feedback_tfim_qrc_reference
train,1997-06-18,0.1833376586814123,0.11780346764708118,phase2_feedback_tfim_qrc_reference
train,1997-06-19,0.1952142263772811,0.1141931207907362,phase2_feedback_tfim_qrc_reference
train,1997-06-20,0.1948386688219077,0.09547071407525004,phase2_feedback_tfim_qrc_reference
train,1997-06-23,0.197499849164183,0.10777793218920823,phase2_feedback_tfim_qrc_reference
train,1997-06-24,0.1763446977810231,0.1465160645136263,phase2_feedback_tfim_qrc_reference
train,1997-06-25,0.1753682131667402,0.11577915305971982,phase2_feedback_tfim_qrc_reference
train,1997-06-26,0.1745097490517547,0.13249987616391387,phase2_feedback_tfim_qrc_reference
train,1997-06-27,0.1739833420457693,0.15336967829021625,phase2_feedback_tfim_qrc_reference
train,1997-06-30,0.1727524461742522,0.1693752324048223,phase2_feedback_tfim_qrc_reference
train,1997-07-01,0.1729683635007853,0.11733470138497612,phase2_feedback_tfim_qrc_reference
train,1997-07-02,0.1630330968670716,0.122358763532279,phase2_feedback_tfim_qrc_reference
train,1997-07-03,0.1562709807873011,0.1316454265778628,phase2_feedback_tfim_qrc_reference
train,1997-07-07,0.1522739614162672,0.1279150823106285,phase2_feedback_tfim_qrc_reference
train,1997-07-08,0.1477447965246426,0.14946145973196898,phase2_feedback_tfim_qrc_reference
train,1997-07-09,0.1453246361968705,0.12604705640886818,phase2_feedback_tfim_qrc_reference
train,1997-07-10,0.1469036644644335,0.12953757279457684,phase2_feedback_tfim_qrc_reference
train,1997-07-11,0.1635512223011903,0.1267706334842303,phase2_feedback_tfim_qrc_reference
train,1997-07-14,0.1652546695239504,0.12938077477177287,phase2_feedback_tfim_qrc_reference
train,1997-07-15,0.1738963966932447,0.12382913663041394,phase2_feedback_tfim_qrc_reference
train,1997-07-16,0.1679261941441644,0.14533246876179806,phase2_feedback_tfim_qrc_reference
train,1997-07-17,0.1675014328295506,0.11020779611618499,phase2_feedback_tfim_qrc_reference
train,1997-07-18,0.1856983127237698,0.12060962694170912,phase2_feedback_tfim_qrc_reference
train,1997-07-21,0.2014922204627983,0.1292934853789407,phase2_feedback_tfim_qrc_reference
train,1997-07-22,0.1833967972622028,0.12460155588576581,phase2_feedback_tfim_qrc_reference
train,1997-07-23,0.1909800570606126,0.11651986995840181,phase2_feedback_tfim_qrc_reference
train,1997-07-24,0.2004000351683583,0.12012954140931688,phase2_feedback_tfim_qrc_reference
train,1997-07-25,0.2003897317044548,0.1458778519413192,phase2_feedback_tfim_qrc_reference
train,1997-07-28,0.2008108358440635,0.1328781531111594,phase2_feedback_tfim_qrc_reference
train,1997-07-29,0.2072793505786153,0.1620656370853368,phase2_feedback_tfim_qrc_reference
train,1997-07-30,0.2040729273846197,0.13065469465186644,phase2_feedback_tfim_qrc_reference
train,1997-07-31,0.2111749984506457,0.11936900144983999,phase2_feedback_tfim_qrc_reference
train,1997-08-01,0.2111851746167537,0.1425535513415462,phase2_feedback_tfim_qrc_reference
train,1997-08-04,0.2395879308131547,0.10827311492448286,phase2_feedback_tfim_qrc_reference
train,1997-08-05,0.2403344222682204,0.11177895182521111,phase2_feedback_tfim_qrc_reference
train,1997-08-06,0.2396500427824331,0.11963799877134265,phase2_feedback_tfim_qrc_reference
train,1997-08-07,0.2383759432752948,0.10931696002827468,phase2_feedback_tfim_qrc_reference
train,1997-08-08,0.2274798283230196,0.11231728751178155,phase2_feedback_tfim_qrc_reference
train,1997-08-11,0.2259913707401558,0.13383947998379836,phase2_feedback_tfim_qrc_reference
train,1997-08-12,0.2309333142426408,0.1253793279568127,phase2_feedback_tfim_qrc_reference
train,1997-08-13,0.2313971846430585,0.13709222331040205,phase2_feedback_tfim_qrc_reference
train,1997-08-14,0.2378818106264596,0.14598640743736463,phase2_feedback_tfim_qrc_reference
train,1997-08-15,0.2106459994798989,0.14353817962037826,phase2_feedback_tfim_qrc_reference
train,1997-08-18,0.2143332346642746,0.1411825606530978,phase2_feedback_tfim_qrc_reference
train,1997-08-19,0.2104033383642859,0.147520372678899,phase2_feedback_tfim_qrc_reference
train,1997-08-20,0.2040884823422619,0.13843795605080786,phase2_feedback_tfim_qrc_reference
train,1997-08-21,0.1942361962719022,0.15195461524976675,phase2_feedback_tfim_qrc_reference
train,1997-08-22,0.1952377664612118,0.15284776482212828,phase2_feedback_tfim_qrc_reference
train,1997-08-25,0.1954700039294647,0.13146639594730553,phase2_feedback_tfim_qrc_reference
train,1997-08-26,0.1904912484257167,0.15540596992406933,phase2_feedback_tfim_qrc_reference
train,1997-08-27,0.1909102517784063,0.1750666910358547,phase2_feedback_tfim_qrc_reference
train,1997-08-28,0.1853487467979224,0.15473165148917362,phase2_feedback_tfim_qrc_reference
train,1997-08-29,0.1878897865099389,0.1474116457237266,phase2_feedback_tfim_qrc_reference
train,1997-09-02,0.1543115983855413,0.15189842152507654,phase2_feedback_tfim_qrc_reference
train,1997-09-03,0.1600944002150922,0.14630511737331325,phase2_feedback_tfim_qrc_reference
train,1997-09-04,0.1597013123915167,0.14286605512316283,phase2_feedback_tfim_qrc_reference
train,1997-09-05,0.1603754881696212,0.15363059869852305,phase2_feedback_tfim_qrc_reference
train,1997-09-08,0.1613437191434019,0.14467130336131567,phase2_feedback_tfim_qrc_reference
train,1997-09-09,0.1646571019368206,0.15405089957022283,phase2_feedback_tfim_qrc_reference
train,1997-09-10,0.1490646964189953,0.14120695168546257,phase2_feedback_tfim_qrc_reference
train,1997-09-11,0.1484796598598186,0.1366002131251931,phase2_feedback_tfim_qrc_reference
train,1997-09-12,0.1376035156314371,0.15578089287678445,phase2_feedback_tfim_qrc_reference
train,1997-09-15,0.1375158360036169,0.14766014688047566,phase2_feedback_tfim_qrc_reference
train,1997-09-16,0.1059684033427415,0.19329079170243285,phase2_feedback_tfim_qrc_reference
train,1997-09-17,0.1062711768401491,0.13617155758610555,phase2_feedback_tfim_qrc_reference
train,1997-09-18,0.1194479785188957,0.13408998883664178,phase2_feedback_tfim_qrc_reference
train,1997-09-19,0.1246947684899457,0.12189652527706912,phase2_feedback_tfim_qrc_reference
train,1997-09-22,0.1329704306583007,0.13274150266726933,phase2_feedback_tfim_qrc_reference
train,1997-09-23,0.1486207910590046,0.14925664011102602,phase2_feedback_tfim_qrc_reference
train,1997-09-24,0.1475763204765918,0.15370798547684078,phase2_feedback_tfim_qrc_reference
train,1997-09-25,0.1616930154531678,0.14053954818858852,phase2_feedback_tfim_qrc_reference
train,1997-09-26,0.1628400985947063,0.14295430188634792,phase2_feedback_tfim_qrc_reference
train,1997-09-29,0.3109445377399546,0.1516475990706922,phase2_feedback_tfim_qrc_reference
train,1997-09-30,0.3673513004591926,0.14380297438905443,phase2_feedback_tfim_qrc_reference
train,1997-10-01,0.3644970207410235,0.1730536646042707,phase2_feedback_tfim_qrc_reference
train,1997-10-02,0.3725001953126727,0.1311715279479212,phase2_feedback_tfim_qrc_reference
train,1997-10-03,0.38119543143413,0.11924216823488093,phase2_feedback_tfim_qrc_reference
train,1997-10-06,0.3875889687554769,0.11233083057556048,phase2_feedback_tfim_qrc_reference
train,1997-10-07,0.3861889305793902,0.11056736863477627,phase2_feedback_tfim_qrc_reference
train,1997-10-08,0.3855625925990835,0.1263653739056276,phase2_feedback_tfim_qrc_reference
train,1997-10-09,0.3855969524707714,0.11757630412147815,phase2_feedback_tfim_qrc_reference
train,1997-10-10,0.3873855558649567,0.1145666183392644,phase2_feedback_tfim_qrc_reference
train,1997-10-13,0.3879693103494601,0.12960460535313917,phase2_feedback_tfim_qrc_reference
train,1997-10-14,0.3879694827668596,0.1165647193565718,phase2_feedback_tfim_qrc_reference
train,1997-10-15,0.3948816174231043,0.12087349117917948,phase2_feedback_tfim_qrc_reference
train,1997-10-16,0.3941311411847344,0.11004744980926627,phase2_feedback_tfim_qrc_reference
train,1997-10-17,0.3953811853549448,0.10571875762976823,phase2_feedback_tfim_qrc_reference
train,1997-10-20,0.3975207042117071,0.1147269185774184,phase2_feedback_tfim_qrc_reference
train,1997-10-21,0.392234813778298,0.1190319873738246,phase2_feedback_tfim_qrc_reference
train,1997-10-22,0.3919323638949241,0.1334591251571572,phase2_feedback_tfim_qrc_reference
train,1997-10-23,0.3892218495388733,0.13499486104695074,phase2_feedback_tfim_qrc_reference
train,1997-10-24,0.3883765506571961,0.12997791981828163,phase2_feedback_tfim_qrc_reference
train,1997-10-27,0.2893379917834004,0.18722078601044764,phase2_feedback_tfim_qrc_reference
train,1997-10-28,0.2101031486913015,0.1274763173969783,phase2_feedback_tfim_qrc_reference
train,1997-10-29,0.2103448193452815,0.15241009406870948,phase2_feedback_tfim_qrc_reference
train,1997-10-30,0.2148164239480994,0.1785755702606721,phase2_feedback_tfim_qrc_reference
train,1997-10-31,0.199346732585347,0.22304419664676736,phase2_feedback_tfim_qrc_reference
train,1997-11-03,0.1854133765309935,0.18420197078013015,phase2_feedback_tfim_qrc_reference
train,1997-11-04,0.1854446402486909,0.20164754201864954,phase2_feedback_tfim_qrc_reference
train,1997-11-05,0.1904931178753904,0.21053764407685857,phase2_feedback_tfim_qrc_reference
train,1997-11-06,0.1902787338361654,0.24178552078634397,phase2_feedback_tfim_qrc_reference
train,1997-11-07,0.1875547739917551,0.16503759091710166,phase2_feedback_tfim_qrc_reference
train,1997-11-10,0.1888209446480386,0.21566462333471217,phase2_feedback_tfim_qrc_reference
train,1997-11-11,0.1984242607993181,0.14352534115038135,phase2_feedback_tfim_qrc_reference
train,1997-11-12,0.1842421481790559,0.1620645336622348,phase2_feedback_tfim_qrc_reference
train,1997-11-13,0.1805819483198901,0.13198854502113946,phase2_feedback_tfim_qrc_reference
train,1997-11-14,0.1754359002020264,0.14050303291012517,phase2_feedback_tfim_qrc_reference
train,1997-11-17,0.1639868624785805,0.1364855247810231,phase2_feedback_tfim_qrc_reference
train,1997-11-18,0.1660938288152723,0.14538198585279027,phase2_feedback_tfim_qrc_reference
train,1997-11-19,0.1672898523827698,0.1392315244236376,phase2_feedback_tfim_qrc_reference
train,1997-11-20,0.1601290724586532,0.1750593294258627,phase2_feedback_tfim_qrc_reference
train,1997-11-21,0.1707253213911232,0.10897988380139803,phase2_feedback_tfim_qrc_reference
train,1997-11-24,0.1583124425878265,0.14534220202114811,phase2_feedback_tfim_qrc_reference
train,1997-11-25,0.1586756124012871,0.20957921148927947,phase2_feedback_tfim_qrc_reference
train,1997-11-28,0.172509729504031,0.20946348335766618,phase2_feedback_tfim_qrc_reference
train,1997-12-01,0.1569261560937792,0.19714048686264232,phase2_feedback_tfim_qrc_reference
train,1997-12-02,0.1554557390975569,0.13499753894231167,phase2_feedback_tfim_qrc_reference
train,1997-12-03,0.1561876235909661,0.15411515312933238,phase2_feedback_tfim_qrc_reference
train,1997-12-04,0.1563527248476591,0.14012295602305225,phase2_feedback_tfim_qrc_reference
train,1997-12-05,0.1602466695344776,0.1605382453176332,phase2_feedback_tfim_qrc_reference
train,1997-12-08,0.1601932815241213,0.16138225779593754,phase2_feedback_tfim_qrc_reference
train,1997-12-09,0.1617871154486062,0.1854486004605579,phase2_feedback_tfim_qrc_reference
train,1997-12-10,0.2022222859967199,0.1730178170530887,phase2_feedback_tfim_qrc_reference
train,1997-12-11,0.2032433670166178,0.16905173568189694,phase2_feedback_tfim_qrc_reference
train,1997-12-12,0.2090033665348913,0.17901271627331983,phase2_feedback_tfim_qrc_reference
train,1997-12-15,0.2065661238406723,0.1514280142742275,phase2_feedback_tfim_qrc_reference
train,1997-12-16,0.2075517282352928,0.15222005400156677,phase2_feedback_tfim_qrc_reference
train,1997-12-17,0.2128130253993619,0.1350434191894039,phase2_feedback_tfim_qrc_reference
train,1997-12-18,0.2176223362268414,0.12720738164127002,phase2_feedback_tfim_qrc_reference
train,1997-12-19,0.2186726483411313,0.1468982894061735,phase2_feedback_tfim_qrc_reference
train,1997-12-22,0.2197707971001972,0.1411729755086367,phase2_feedback_tfim_qrc_reference
train,1997-12-23,0.2103252697782258,0.17507999589514303,phase2_feedback_tfim_qrc_reference
train,1997-12-24,0.2100670043864605,0.20115326640268927,phase2_feedback_tfim_qrc_reference
train,1997-12-26,0.2126010572773315,0.22924447637818898,phase2_feedback_tfim_qrc_reference
train,1997-12-29,0.2035737659221485,0.25242600824865635,phase2_feedback_tfim_qrc_reference
train,1997-12-30,0.1968766548635179,0.2289316742633745,phase2_feedback_tfim_qrc_reference
train,1997-12-31,0.1968763361676287,0.1982293223886472,phase2_feedback_tfim_qrc_reference
train,1998-01-02,0.2044850062237777,0.22211718319307405,phase2_feedback_tfim_qrc_reference
train,1998-01-05,0.20604638465165,0.17116084935129633,phase2_feedback_tfim_qrc_reference
train,1998-01-06,0.1980024824484527,0.15764183099323179,phase2_feedback_tfim_qrc_reference
train,1998-01-07,0.1978003092918941,0.16070384499656895,phase2_feedback_tfim_qrc_reference
train,1998-01-08,0.1992836718612771,0.15971545956228794,phase2_feedback_tfim_qrc_reference
train,1998-01-09,0.1555599994803981,0.13646502829668697,phase2_feedback_tfim_qrc_reference
train,1998-01-12,0.145624825002694,0.1517412792373125,phase2_feedback_tfim_qrc_reference
train,1998-01-13,0.1370921610156387,0.19208050406426141,phase2_feedback_tfim_qrc_reference
train,1998-01-14,0.13696817447766,0.17776093124787284,phase2_feedback_tfim_qrc_reference
train,1998-01-15,0.1352957524584797,0.18663054871610207,phase2_feedback_tfim_qrc_reference
train,1998-01-16,0.1267293490991186,0.1653068312178701,phase2_feedback_tfim_qrc_reference
train,1998-01-20,0.1176514324087473,0.18829263894870463,phase2_feedback_tfim_qrc_reference
train,1998-01-21,0.1141422891501394,0.17917533734594523,phase2_feedback_tfim_qrc_reference
train,1998-01-22,0.1127903680977234,0.14959196949270587,phase2_feedback_tfim_qrc_reference
train,1998-01-23,0.1135229530292059,0.11310772624096842,phase2_feedback_tfim_qrc_reference
train,1998-01-26,0.1168596260048031,0.11970618957889888,phase2_feedback_tfim_qrc_reference
train,1998-01-27,0.1195798264052008,0.11810437144918957,phase2_feedback_tfim_qrc_reference
train,1998-01-28,0.1169795560584284,0.17173232823344628,phase2_feedback_tfim_qrc_reference
train,1998-01-29,0.1153850407182405,0.1205284518304566,phase2_feedback_tfim_qrc_reference
train,1998-01-30,0.115599630892184,0.13429781053458129,phase2_feedback_tfim_qrc_reference
train,1998-02-02,0.1018739637392222,0.1160514974592956,phase2_feedback_tfim_qrc_reference
train,1998-02-03,0.1010583000055576,0.1480371595711284,phase2_feedback_tfim_qrc_reference
train,1998-02-04,0.1062051299892597,0.11296318718352685,phase2_feedback_tfim_qrc_reference
train,1998-02-05,0.1276526096515305,0.10841248404914275,phase2_feedback_tfim_qrc_reference
train,1998-02-06,0.1220338919657664,0.11727232205709785,phase2_feedback_tfim_qrc_reference
train,1998-02-09,0.1259669599413439,0.13405388313718278,phase2_feedback_tfim_qrc_reference
train,1998-02-10,0.122482548080131,0.11931098557961503,phase2_feedback_tfim_qrc_reference
train,1998-02-11,0.1232918198508844,0.13088838675311856,phase2_feedback_tfim_qrc_reference
train,1998-02-12,0.1230905602709235,0.127896286977767,phase2_feedback_tfim_qrc_reference
train,1998-02-13,0.1271990810670291,0.11331376276053608,phase2_feedback_tfim_qrc_reference
train,1998-02-17,0.1264242369125323,0.10715992744464865,phase2_feedback_tfim_qrc_reference
train,1998-02-18,0.1229394655247484,0.11274245052056346,phase2_feedback_tfim_qrc_reference
train,1998-02-19,0.1218343300948723,0.09981412028740667,phase2_feedback_tfim_qrc_reference
train,1998-02-20,0.1227901286610053,0.11168941199985753,phase2_feedback_tfim_qrc_reference
train,1998-02-23,0.1222700523098176,0.11055633954388865,phase2_feedback_tfim_qrc_reference
train,1998-02-24,0.1228408989926401,0.10354013124561566,phase2_feedback_tfim_qrc_reference
train,1998-02-25,0.1155175372310076,0.11333127837993141,phase2_feedback_tfim_qrc_reference
train,1998-02-26,0.1137725133629814,0.10959787137507815,phase2_feedback_tfim_qrc_reference
train,1998-02-27,0.1147768536288905,0.09653621395597374,phase2_feedback_tfim_qrc_reference
train,1998-03-02,0.1145563535315991,0.0894224266523608,phase2_feedback_tfim_qrc_reference
train,1998-03-03,0.1134405791463874,0.08906063792673839,phase2_feedback_tfim_qrc_reference
train,1998-03-04,0.1146756353231751,0.08915153750303913,phase2_feedback_tfim_qrc_reference
train,1998-03-05,0.1163313416089442,0.09902799750489931,phase2_feedback_tfim_qrc_reference
train,1998-03-06,0.0939610117943164,0.10854948201422437,phase2_feedback_tfim_qrc_reference
train,1998-03-09,0.09743203108206,0.1072450963014479,phase2_feedback_tfim_qrc_reference
train,1998-03-10,0.0945775807204123,0.138677645968237,phase2_feedback_tfim_qrc_reference
train,1998-03-11,0.0952419157841743,0.11144568855957507,phase2_feedback_tfim_qrc_reference
train,1998-03-12,0.0982255986643723,0.12023715561874629,phase2_feedback_tfim_qrc_reference
train,1998-03-13,0.0978131220362224,0.10977478050267757,phase2_feedback_tfim_qrc_reference
train,1998-03-16,0.0949089361909133,0.12345585118838104,phase2_feedback_tfim_qrc_reference
train,1998-03-17,0.0948740266072991,0.11799197610769041,phase2_feedback_tfim_qrc_reference
train,1998-03-18,0.1028208289947971,0.09987349637701917,phase2_feedback_tfim_qrc_reference
train,1998-03-19,0.1125722669903065,0.10215413629423171,phase2_feedback_tfim_qrc_reference
train,1998-03-20,0.1083852762260148,0.09989831869329274,phase2_feedback_tfim_qrc_reference
train,1998-03-23,0.1093741726748348,0.09630995543962301,phase2_feedback_tfim_qrc_reference
train,1998-03-24,0.1055713790332383,0.12044445743816977,phase2_feedback_tfim_qrc_reference
train,1998-03-25,0.1102923763368044,0.10038032638654704,phase2_feedback_tfim_qrc_reference
train,1998-03-26,0.1165844880264759,0.10508470550917334,phase2_feedback_tfim_qrc_reference
train,1998-03-27,0.1339663627497209,0.09770014518281077,phase2_feedback_tfim_qrc_reference
train,1998-03-30,0.1340485130281451,0.10687426516408506,phase2_feedback_tfim_qrc_reference
train,1998-03-31,0.1357170463950585,0.12500691891000526,phase2_feedback_tfim_qrc_reference
train,1998-04-01,0.147886603843278,0.1096700479221736,phase2_feedback_tfim_qrc_reference
train,1998-04-02,0.1482298812424072,0.11249219850300055,phase2_feedback_tfim_qrc_reference
train,1998-04-03,0.1474268908217531,0.13196338468259647,phase2_feedback_tfim_qrc_reference
train,1998-04-06,0.1467173661971636,0.09585963499329661,phase2_feedback_tfim_qrc_reference
train,1998-04-07,0.1507288540664084,0.11094369703346703,phase2_feedback_tfim_qrc_reference
train,1998-04-08,0.1520435325920893,0.09993550978916166,phase2_feedback_tfim_qrc_reference
train,1998-04-09,0.1600638338251128,0.12080948776188755,phase2_feedback_tfim_qrc_reference
train,1998-04-13,0.1602017156199024,0.10301332189293523,phase2_feedback_tfim_qrc_reference
train,1998-04-14,0.1618781016820852,0.10532294982018593,phase2_feedback_tfim_qrc_reference
train,1998-04-15,0.1618200152489847,0.105839262204605,phase2_feedback_tfim_qrc_reference
train,1998-04-16,0.1573442005833994,0.09850592082715229,phase2_feedback_tfim_qrc_reference
train,1998-04-17,0.1515591392262445,0.117406965743088,phase2_feedback_tfim_qrc_reference
train,1998-04-20,0.1522020433238329,0.11136349759582195,phase2_feedback_tfim_qrc_reference
train,1998-04-21,0.1531675243183722,0.11185418414082086,phase2_feedback_tfim_qrc_reference
train,1998-04-22,0.1565242796890518,0.11191497686690283,phase2_feedback_tfim_qrc_reference
train,1998-04-23,0.154363599942699,0.10689181060530979,phase2_feedback_tfim_qrc_reference
train,1998-04-24,0.1503018323343641,0.10608548950988105,phase2_feedback_tfim_qrc_reference
train,1998-04-27,0.1459060409248594,0.11585844123314933,phase2_feedback_tfim_qrc_reference
train,1998-04-28,0.1459042096408364,0.13268998258086107,phase2_feedback_tfim_qrc_reference
train,1998-04-29,0.1447471667806213,0.12559765212258525,phase2_feedback_tfim_qrc_reference
train,1998-04-30,0.1339228396021721,0.1254907332373955,phase2_feedback_tfim_qrc_reference
train,1998-05-01,0.1289525152216462,0.1444820843468672,phase2_feedback_tfim_qrc_reference
train,1998-05-04,0.1286824015493724,0.13261933445425,phase2_feedback_tfim_qrc_reference
train,1998-05-05,0.138592279425781,0.1342825388666488,phase2_feedback_tfim_qrc_reference
train,1998-05-06,0.1472906928964754,0.13604278938040326,phase2_feedback_tfim_qrc_reference
train,1998-05-07,0.1597436674737874,0.1456387222188869,phase2_feedback_tfim_qrc_reference
train,1998-05-08,0.1491435062579411,0.12611511785534202,phase2_feedback_tfim_qrc_reference
train,1998-05-11,0.1490584015196221,0.12719504309717164,phase2_feedback_tfim_qrc_reference
train,1998-05-12,0.1459637894556869,0.1380299488047484,phase2_feedback_tfim_qrc_reference
train,1998-05-13,0.1604819822269672,0.12916819438073146,phase2_feedback_tfim_qrc_reference
train,1998-05-14,0.1629277200071215,0.12893020601149963,phase2_feedback_tfim_qrc_reference
train,1998-05-15,0.18737718642002,0.13436908589068108,phase2_feedback_tfim_qrc_reference
train,1998-05-18,0.1945704352049096,0.14126030021246755,phase2_feedback_tfim_qrc_reference
train,1998-05-19,0.2065672725114473,0.12482490256673404,phase2_feedback_tfim_qrc_reference
train,1998-05-20,0.2044225085478764,0.12215561789069118,phase2_feedback_tfim_qrc_reference
train,1998-05-21,0.2039323487197795,0.12204746465317877,phase2_feedback_tfim_qrc_reference
train,1998-05-22,0.2041727362069735,0.11857651296530192,phase2_feedback_tfim_qrc_reference
train,1998-05-26,0.2003936015176514,0.1315531429902099,phase2_feedback_tfim_qrc_reference
train,1998-05-27,0.2058294574634777,0.155863744362164,phase2_feedback_tfim_qrc_reference
train,1998-05-28,0.205278599811902,0.14653431827111774,phase2_feedback_tfim_qrc_reference
train,1998-05-29,0.2027289120023552,0.14609815540742757,phase2_feedback_tfim_qrc_reference
train,1998-06-01,0.2024738787344727,0.1347180696769411,phase2_feedback_tfim_qrc_reference
train,1998-06-02,0.2039150852870012,0.12120231311568959,phase2_feedback_tfim_qrc_reference
train,1998-06-03,0.1999736730097628,0.1254236084404523,phase2_feedback_tfim_qrc_reference
train,1998-06-04,0.1891649594419121,0.1542262569318311,phase2_feedback_tfim_qrc_reference
train,1998-06-05,0.1800661517802047,0.17232415031250645,phase2_feedback_tfim_qrc_reference
train,1998-06-08,0.1801472668766813,0.17724026395650236,phase2_feedback_tfim_qrc_reference
train,1998-06-09,0.1816562683942268,0.20201990210823267,phase2_feedback_tfim_qrc_reference
train,1998-06-10,0.1817913176626762,0.16966218844006611,phase2_feedback_tfim_qrc_reference
train,1998-06-11,0.1699546136812784,0.1554343699561675,phase2_feedback_tfim_qrc_reference
train,1998-06-12,0.1666617872571433,0.17761622156929743,phase2_feedback_tfim_qrc_reference
train,1998-06-15,0.1428146091215374,0.16211531619368513,phase2_feedback_tfim_qrc_reference
train,1998-06-16,0.1322717166820082,0.19452618650531076,phase2_feedback_tfim_qrc_reference
train,1998-06-17,0.1127162080632579,0.17849491767321038,phase2_feedback_tfim_qrc_reference
train,1998-06-18,0.1116792031232078,0.1826716752904787,phase2_feedback_tfim_qrc_reference
train,1998-06-19,0.1102459545943052,0.2101534682658983,phase2_feedback_tfim_qrc_reference
train,1998-06-22,0.1254695480341194,0.18706861399040173,phase2_feedback_tfim_qrc_reference
train,1998-06-23,0.1182751087828778,0.1583528520060184,phase2_feedback_tfim_qrc_reference
train,1998-06-24,0.1296910696930795,0.14920723155864118,phase2_feedback_tfim_qrc_reference
train,1998-06-25,0.1295909811153077,0.1572503823683354,phase2_feedback_tfim_qrc_reference
train,1998-06-26,0.1311989775983459,0.16276402365863973,phase2_feedback_tfim_qrc_reference
train,1998-06-29,0.143862477553818,0.14022571593027672,phase2_feedback_tfim_qrc_reference
train,1998-06-30,0.1424473107022231,0.1311428880396249,phase2_feedback_tfim_qrc_reference
train,1998-07-01,0.1463277390384402,0.12400679309539597,phase2_feedback_tfim_qrc_reference
train,1998-07-02,0.1650124084377442,0.1296556134556344,phase2_feedback_tfim_qrc_reference
train,1998-07-06,0.1618245296764802,0.14337204890553384,phase2_feedback_tfim_qrc_reference
train,1998-07-07,0.2140424248949855,0.12257574421788514,phase2_feedback_tfim_qrc_reference
train,1998-07-08,0.2179259510407566,0.12820848440450128,phase2_feedback_tfim_qrc_reference
train,1998-07-09,0.2171558517227937,0.12205658291987669,phase2_feedback_tfim_qrc_reference
train,1998-07-10,0.2164001144586672,0.12544240319415131,phase2_feedback_tfim_qrc_reference
train,1998-07-13,0.2173561101659419,0.12194023126898375,phase2_feedback_tfim_qrc_reference
train,1998-07-14,0.2202984440807294,0.13371861958669745,phase2_feedback_tfim_qrc_reference
train,1998-07-15,0.2281481261004085,0.12948448942716642,phase2_feedback_tfim_qrc_reference
train,1998-07-16,0.2308995604999478,0.1270608121912127,phase2_feedback_tfim_qrc_reference
train,1998-07-17,0.234563974567504,0.11187536445970508,phase2_feedback_tfim_qrc_reference
train,1998-07-20,0.2461013989859159,0.12159615239093878,phase2_feedback_tfim_qrc_reference
train,1998-07-21,0.2467772044755979,0.10448416560245419,phase2_feedback_tfim_qrc_reference
train,1998-07-22,0.2469433934796326,0.1465457141806769,phase2_feedback_tfim_qrc_reference
train,1998-07-23,0.2374170318454222,0.14044480553832844,phase2_feedback_tfim_qrc_reference
train,1998-07-24,0.2391033608369516,0.16606429598213734,phase2_feedback_tfim_qrc_reference
train,1998-07-27,0.2388267192732544,0.1626046289439058,phase2_feedback_tfim_qrc_reference
train,1998-07-28,0.2312149804254347,0.16362703371772436,phase2_feedback_tfim_qrc_reference
train,1998-07-29,0.2316971293885054,0.15720551354506387,phase2_feedback_tfim_qrc_reference
train,1998-07-30,0.2831680374999326,0.17494045329110325,phase2_feedback_tfim_qrc_reference
train,1998-07-31,0.2729214876664891,0.1614947387705481,phase2_feedback_tfim_qrc_reference
train,1998-08-03,0.3785369156328201,0.17045695427040614,phase2_feedback_tfim_qrc_reference
train,1998-08-04,0.3811341276451453,0.1791162243491985,phase2_feedback_tfim_qrc_reference
train,1998-08-05,0.3789143249695316,0.17589706014079892,phase2_feedback_tfim_qrc_reference
train,1998-08-06,0.3796406324362501,0.16113908771551633,phase2_feedback_tfim_qrc_reference
train,1998-08-07,0.3807274017610709,0.19183106145711218,phase2_feedback_tfim_qrc_reference
train,1998-08-10,0.4231118582293675,0.19546599431246492,phase2_feedback_tfim_qrc_reference
train,1998-08-11,0.4286736789583744,0.1998558985334951,phase2_feedback_tfim_qrc_reference
train,1998-08-12,0.4304522543646482,0.1782624534179011,phase2_feedback_tfim_qrc_reference
train,1998-08-13,0.4429559540066239,0.18442712827696053,phase2_feedback_tfim_qrc_reference
train,1998-08-14,0.4451412236833656,0.1838746221426024,phase2_feedback_tfim_qrc_reference
train,1998-08-17,0.439388420516708,0.17431951627600992,phase2_feedback_tfim_qrc_reference
train,1998-08-18,0.435731574565211,0.17756629879263705,phase2_feedback_tfim_qrc_reference
train,1998-08-19,0.4476236481346546,0.19001038195527328,phase2_feedback_tfim_qrc_reference
train,1998-08-20,0.4473987084117184,0.17143312105343517,phase2_feedback_tfim_qrc_reference
train,1998-08-21,0.4464955629660528,0.16943103854047467,phase2_feedback_tfim_qrc_reference
train,1998-08-24,0.446890093838951,0.15570509379801822,phase2_feedback_tfim_qrc_reference
train,1998-08-25,0.4681032134204893,0.15342067655388766,phase2_feedback_tfim_qrc_reference
train,1998-08-26,0.4759010319931661,0.14866950109057397,phase2_feedback_tfim_qrc_reference
train,1998-08-27,0.4440808336858852,0.14806377679996544,phase2_feedback_tfim_qrc_reference
train,1998-08-28,0.4450310019900187,0.16158813057845098,phase2_feedback_tfim_qrc_reference
train,1998-08-31,0.3593013702835529,0.15600934124291477,phase2_feedback_tfim_qrc_reference
train,1998-09-01,0.3456019135715767,0.19019407516314937,phase2_feedback_tfim_qrc_reference
train,1998-09-02,0.3599986021273753,0.19508761272449635,phase2_feedback_tfim_qrc_reference
train,1998-09-03,0.3652590990466465,0.24807046467117574,phase2_feedback_tfim_qrc_reference
train,1998-09-04,0.3711879430802295,0.26028103888086707,phase2_feedback_tfim_qrc_reference
train,1998-09-08,0.3214125245819463,0.24252326404337174,phase2_feedback_tfim_qrc_reference
train,1998-09-09,0.3139075705712334,0.23594143484975605,phase2_feedback_tfim_qrc_reference
train,1998-09-10,0.306308990807443,0.2717776364857487,phase2_feedback_tfim_qrc_reference
train,1998-09-11,0.2932806343495425,0.27756492916010445,phase2_feedback_tfim_qrc_reference
train,1998-09-14,0.2915277200153303,0.21171381540101736,phase2_feedback_tfim_qrc_reference
train,1998-09-15,0.2909997314798312,0.2252488101504013,phase2_feedback_tfim_qrc_reference
train,1998-09-16,0.2911575625437868,0.26956070417202455,phase2_feedback_tfim_qrc_reference
train,1998-09-17,0.3297520817447789,0.22319752073063623,phase2_feedback_tfim_qrc_reference
train,1998-09-18,0.3293759596357495,0.16081500600724738,phase2_feedback_tfim_qrc_reference
train,1998-09-21,0.3296072126231248,0.17067654615429398,phase2_feedback_tfim_qrc_reference
train,1998-09-22,0.3289662645017444,0.20488632306168453,phase2_feedback_tfim_qrc_reference
train,1998-09-23,0.2981583980186042,0.1383580107734793,phase2_feedback_tfim_qrc_reference
train,1998-09-24,0.2896516196187805,0.13911802400359508,phase2_feedback_tfim_qrc_reference
train,1998-09-25,0.2931560906397469,0.17203026529642385,phase2_feedback_tfim_qrc_reference
train,1998-09-28,0.2925735636390339,0.1809716069735235,phase2_feedback_tfim_qrc_reference
train,1998-09-29,0.2931811560894302,0.26068767798402687,phase2_feedback_tfim_qrc_reference
train,1998-09-30,0.2720400785985711,0.226403829711298,phase2_feedback_tfim_qrc_reference
train,1998-10-01,0.2654161798533709,0.23006653689890558,phase2_feedback_tfim_qrc_reference
train,1998-10-02,0.2573216156617295,0.22572233194734703,phase2_feedback_tfim_qrc_reference
train,1998-10-05,0.25413427749751,0.2149307873188296,phase2_feedback_tfim_qrc_reference
train,1998-10-06,0.2554259525765691,0.21003166989559235,phase2_feedback_tfim_qrc_reference
train,1998-10-07,0.2526441197254187,0.19320495286312797,phase2_feedback_tfim_qrc_reference
train,1998-10-08,0.2564434254249276,0.21979003690253446,phase2_feedback_tfim_qrc_reference
train,1998-10-09,0.2467965771044783,0.2208558521874839,phase2_feedback_tfim_qrc_reference
train,1998-10-12,0.2427105718629603,0.2711157594592762,phase2_feedback_tfim_qrc_reference
train,1998-10-13,0.2426003810414424,0.24462095387949606,phase2_feedback_tfim_qrc_reference
train,1998-10-14,0.241471138740347,0.21761265464986834,phase2_feedback_tfim_qrc_reference
train,1998-10-15,0.1541857823037328,0.25462446943136136,phase2_feedback_tfim_qrc_reference
train,1998-10-16,0.1579853154466785,0.2552366635298403,phase2_feedback_tfim_qrc_reference
train,1998-10-19,0.1596773279939923,0.17142179584232423,phase2_feedback_tfim_qrc_reference
train,1998-10-20,0.1583171896804274,0.17155627844073307,phase2_feedback_tfim_qrc_reference
train,1998-10-21,0.159260732610789,0.21182532705332596,phase2_feedback_tfim_qrc_reference
train,1998-10-22,0.1534243211428169,0.21419706805645822,phase2_feedback_tfim_qrc_reference
train,1998-10-23,0.1489734131790904,0.19612752409093237,phase2_feedback_tfim_qrc_reference
train,1998-10-26,0.1684294289689391,0.19984880447998637,phase2_feedback_tfim_qrc_reference
train,1998-10-27,0.1686467296668945,0.1878870436703429,phase2_feedback_tfim_qrc_reference
train,1998-10-28,0.1685317739137092,0.2638965950887061,phase2_feedback_tfim_qrc_reference
train,1998-10-29,0.1477505490285013,0.24213897404075344,phase2_feedback_tfim_qrc_reference
train,1998-10-30,0.1783353880778225,0.2491147032315282,phase2_feedback_tfim_qrc_reference
train,1998-11-02,0.174009961231129,0.17530807627248426,phase2_feedback_tfim_qrc_reference
train,1998-11-03,0.1723886990184087,0.21170647715907376,phase2_feedback_tfim_qrc_reference
train,1998-11-04,0.1782921483363919,0.22803606053924164,phase2_feedback_tfim_qrc_reference
train,1998-11-05,0.1948155659152639,0.21544129460483527,phase2_feedback_tfim_qrc_reference
train,1998-11-06,0.1952477623746981,0.24349080906134163,phase2_feedback_tfim_qrc_reference
train,1998-11-09,0.1942451409776382,0.28654304296859706,phase2_feedback_tfim_qrc_reference
train,1998-11-10,0.19410840546201,0.22208174948763765,phase2_feedback_tfim_qrc_reference
train,1998-11-11,0.1996321982839272,0.2239258401743357,phase2_feedback_tfim_qrc_reference
train,1998-11-12,0.1997197443897336,0.18676336589555617,phase2_feedback_tfim_qrc_reference
train,1998-11-13,0.2224232554655707,0.23650181056445913,phase2_feedback_tfim_qrc_reference
train,1998-11-16,0.2386787720760235,0.23476084718380796,phase2_feedback_tfim_qrc_reference
train,1998-11-17,0.2387261933508571,0.2674551207851088,phase2_feedback_tfim_qrc_reference
train,1998-11-18,0.2443213927742245,0.2323415573544107,phase2_feedback_tfim_qrc_reference
train,1998-11-19,0.2428389366770893,0.20408891010375316,phase2_feedback_tfim_qrc_reference
train,1998-11-20,0.2463402039393665,0.21036019085945754,phase2_feedback_tfim_qrc_reference
train,1998-11-23,0.2325610111077217,0.18488969263993452,phase2_feedback_tfim_qrc_reference
train,1998-11-24,0.2429253424654854,0.17604043780809578,phase2_feedback_tfim_qrc_reference
train,1998-11-25,0.2434090839302545,0.1717066877551435,phase2_feedback_tfim_qrc_reference
train,1998-11-27,0.2421765341730785,0.20238288203828447,phase2_feedback_tfim_qrc_reference
train,1998-11-30,0.2267513319912847,0.1801892468365719,phase2_feedback_tfim_qrc_reference
train,1998-12-01,0.2239695484910158,0.18743252243793432,phase2_feedback_tfim_qrc_reference
train,1998-12-02,0.2237283918057178,0.17744970782515054,phase2_feedback_tfim_qrc_reference
train,1998-12-03,0.2159269612105485,0.1693830785977036,phase2_feedback_tfim_qrc_reference
train,1998-12-04,0.199433476798147,0.20421435233413388,phase2_feedback_tfim_qrc_reference
train,1998-12-07,0.2159661172917941,0.17319970603244836,phase2_feedback_tfim_qrc_reference
train,1998-12-08,0.2160865366620723,0.19175046786943814,phase2_feedback_tfim_qrc_reference
train,1998-12-09,0.2175639938610076,0.20596919922885593,phase2_feedback_tfim_qrc_reference
train,1998-12-10,0.2139119530208114,0.40637630940207853,phase2_feedback_tfim_qrc_reference
train,1998-12-11,0.2233347888906214,0.16072903210435852,phase2_feedback_tfim_qrc_reference
train,1998-12-14,0.1993395757821108,0.1697306123340602,phase2_feedback_tfim_qrc_reference
train,1998-12-15,0.188316720527158,0.16701397952577707,phase2_feedback_tfim_qrc_reference
train,1998-12-16,0.2092009613429355,0.16622645417701457,phase2_feedback_tfim_qrc_reference
train,1998-12-17,0.2028339825026283,0.2222388412536598,phase2_feedback_tfim_qrc_reference
train,1998-12-18,0.204237017763667,0.15468064922657934,phase2_feedback_tfim_qrc_reference
train,1998-12-21,0.219939213729336,0.1462930840761134,phase2_feedback_tfim_qrc_reference
train,1998-12-22,0.2195317974934085,0.15320748922791647,phase2_feedback_tfim_qrc_reference
train,1998-12-23,0.2099122008940246,0.15189847668359266,phase2_feedback_tfim_qrc_reference
train,1998-12-24,0.2188939177232522,0.24364176960036676,phase2_feedback_tfim_qrc_reference
train,1998-12-28,0.2226274211958158,0.18245299679388735,phase2_feedback_tfim_qrc_reference
train,1998-12-29,0.2235008768101771,0.17694970096448384,phase2_feedback_tfim_qrc_reference
train,1998-12-30,0.2232982367716921,0.18143742798230894,phase2_feedback_tfim_qrc_reference
train,1998-12-31,0.2242758333527977,0.20264033008371862,phase2_feedback_tfim_qrc_reference
train,1999-01-04,0.2251983235169573,0.20451537170170675,phase2_feedback_tfim_qrc_reference
train,1999-01-05,0.2244414502994809,0.14968284636792817,phase2_feedback_tfim_qrc_reference
train,1999-01-06,0.2146776177902298,0.14132471311423736,phase2_feedback_tfim_qrc_reference
train,1999-01-07,0.2178401669458373,0.11889335788733411,phase2_feedback_tfim_qrc_reference
train,1999-01-08,0.2163833118136728,0.1385296729094708,phase2_feedback_tfim_qrc_reference
train,1999-01-11,0.228286973867108,0.1362701280196861,phase2_feedback_tfim_qrc_reference
train,1999-01-12,0.2201401205921293,0.14694121011288874,phase2_feedback_tfim_qrc_reference
train,1999-01-13,0.2331196344569911,0.17732735565164767,phase2_feedback_tfim_qrc_reference
train,1999-01-14,0.2286052014820061,0.16226279432754562,phase2_feedback_tfim_qrc_reference
train,1999-01-15,0.2107189628182169,0.18337278742578564,phase2_feedback_tfim_qrc_reference
train,1999-01-19,0.209478501777422,0.18281030701311862,phase2_feedback_tfim_qrc_reference
train,1999-01-20,0.2094332018151059,0.18595983212142397,phase2_feedback_tfim_qrc_reference
train,1999-01-21,0.1870980479170347,0.18124415966263996,phase2_feedback_tfim_qrc_reference
train,1999-01-22,0.2089551314148034,0.16725077454005652,phase2_feedback_tfim_qrc_reference
train,1999-01-25,0.2058342266674819,0.18179024877350414,phase2_feedback_tfim_qrc_reference
train,1999-01-26,0.2056095470276041,0.19170140691752446,phase2_feedback_tfim_qrc_reference
train,1999-01-27,0.2041776146327845,0.1689609193473676,phase2_feedback_tfim_qrc_reference
train,1999-01-28,0.1959468744831849,0.19995453335021024,phase2_feedback_tfim_qrc_reference
train,1999-01-29,0.1943221167409345,0.17767468233022152,phase2_feedback_tfim_qrc_reference
train,1999-02-01,0.195739411149753,0.17948868086307526,phase2_feedback_tfim_qrc_reference
train,1999-02-02,0.1954264092745929,0.20594526676621344,phase2_feedback_tfim_qrc_reference
train,1999-02-03,0.1972230767636869,0.18030139222110392,phase2_feedback_tfim_qrc_reference
train,1999-02-04,0.2025680796202938,0.15791919042501038,phase2_feedback_tfim_qrc_reference
train,1999-02-05,0.1997224755962765,0.15575689713833576,phase2_feedback_tfim_qrc_reference
train,1999-02-08,0.1997820175172267,0.14145815046917365,phase2_feedback_tfim_qrc_reference
train,1999-02-09,0.1855409376610619,0.13942718452714456,phase2_feedback_tfim_qrc_reference
train,1999-02-10,0.1882846479514614,0.15233097066767787,phase2_feedback_tfim_qrc_reference
train,1999-02-11,0.1735049506660948,0.17537916892112446,phase2_feedback_tfim_qrc_reference
train,1999-02-12,0.1754843018274068,0.20158998888746008,phase2_feedback_tfim_qrc_reference
train,1999-02-16,0.1746761887175989,0.20133691120127664,phase2_feedback_tfim_qrc_reference
train,1999-02-17,0.1753084960299684,0.17668990279919644,phase2_feedback_tfim_qrc_reference
train,1999-02-18,0.1821074694285074,0.1636242535401861,phase2_feedback_tfim_qrc_reference
train,1999-02-19,0.1914032240953985,0.16203859946474197,phase2_feedback_tfim_qrc_reference
train,1999-02-22,0.1672099479332147,0.15734486756852145,phase2_feedback_tfim_qrc_reference
train,1999-02-23,0.1968817085247988,0.14206277633770284,phase2_feedback_tfim_qrc_reference
train,1999-02-24,0.1875491370438877,0.1596892553838953,phase2_feedback_tfim_qrc_reference
train,1999-02-25,0.1979617208226769,0.17740962471854,phase2_feedback_tfim_qrc_reference
train,1999-02-26,0.1991195668407475,0.15384909965740354,phase2_feedback_tfim_qrc_reference
train,1999-03-01,0.2111361122251113,0.1791818347446767,phase2_feedback_tfim_qrc_reference
train,1999-03-02,0.2096093015504928,0.15236408034090046,phase2_feedback_tfim_qrc_reference
train,1999-03-03,0.2165091757404996,0.1499883344253342,phase2_feedback_tfim_qrc_reference
train,1999-03-04,0.2135321098597087,0.15144000941360083,phase2_feedback_tfim_qrc_reference
train,1999-03-05,0.2179351433994066,0.13691016199389636,phase2_feedback_tfim_qrc_reference
train,1999-03-08,0.2168832224420392,0.15894312455641338,phase2_feedback_tfim_qrc_reference
train,1999-03-09,0.2185679236065159,0.1845715230819658,phase2_feedback_tfim_qrc_reference
train,1999-03-10,0.2209224288053094,0.1469567936360374,phase2_feedback_tfim_qrc_reference
train,1999-03-11,0.2174035361670865,0.1440993320658022,phase2_feedback_tfim_qrc_reference
train,1999-03-12,0.2179804526661271,0.14673059031339936,phase2_feedback_tfim_qrc_reference
train,1999-03-15,0.2133420030394769,0.16030033988446313,phase2_feedback_tfim_qrc_reference
train,1999-03-16,0.2212845601676894,0.1289951266740992,phase2_feedback_tfim_qrc_reference
train,1999-03-17,0.221158059940309,0.14973345856120004,phase2_feedback_tfim_qrc_reference
train,1999-03-18,0.2159075046837315,0.13664987339600565,phase2_feedback_tfim_qrc_reference
train,1999-03-19,0.2143934714830876,0.12426443433946029,phase2_feedback_tfim_qrc_reference
train,1999-03-22,0.218809063945216,0.15063118453905205,phase2_feedback_tfim_qrc_reference
train,1999-03-23,0.2170000116643571,0.15160170057464212,phase2_feedback_tfim_qrc_reference
train,1999-03-24,0.2186521545864461,0.14074438719267537,phase2_feedback_tfim_qrc_reference
train,1999-03-25,0.206715997698637,0.1511043476421284,phase2_feedback_tfim_qrc_reference
train,1999-03-26,0.2061090875267069,0.15337010280137675,phase2_feedback_tfim_qrc_reference
train,1999-03-29,0.1942765885412089,0.1421015594356557,phase2_feedback_tfim_qrc_reference
train,1999-03-30,0.1994487304411718,0.1608930937370259,phase2_feedback_tfim_qrc_reference
train,1999-03-31,0.1929207182526999,0.1429586744655425,phase2_feedback_tfim_qrc_reference
train,1999-04-01,0.1932564863710844,0.1406661241455125,phase2_feedback_tfim_qrc_reference
train,1999-04-05,0.1859788499201258,0.14806821885637458,phase2_feedback_tfim_qrc_reference
train,1999-04-06,0.1926759377050386,0.1415149992777769,phase2_feedback_tfim_qrc_reference
train,1999-04-07,0.192625101349587,0.12948390833193832,phase2_feedback_tfim_qrc_reference
train,1999-04-08,0.1886379782584392,0.13289796321876013,phase2_feedback_tfim_qrc_reference
train,1999-04-09,0.1905313662997663,0.16242364131584278,phase2_feedback_tfim_qrc_reference
train,1999-04-12,0.187615611958156,0.13668487457454542,phase2_feedback_tfim_qrc_reference
train,1999-04-13,0.1896164215026818,0.16963747396580808,phase2_feedback_tfim_qrc_reference
train,1999-04-14,0.1818935542374515,0.14138393932536786,phase2_feedback_tfim_qrc_reference
train,1999-04-15,0.1820532811742166,0.13562536373271125,phase2_feedback_tfim_qrc_reference
train,1999-04-16,0.2023177065523062,0.1253366089622327,phase2_feedback_tfim_qrc_reference
train,1999-04-19,0.1949270949960493,0.16706353172946553,phase2_feedback_tfim_qrc_reference
train,1999-04-20,0.1899494921887107,0.1275701289731314,phase2_feedback_tfim_qrc_reference
train,1999-04-21,0.1634541199289286,0.15366501319291506,phase2_feedback_tfim_qrc_reference
train,1999-04-22,0.161401917004414,0.15446355626604732,phase2_feedback_tfim_qrc_reference
train,1999-04-23,0.1623778796330927,0.13690221119104787,phase2_feedback_tfim_qrc_reference
train,1999-04-26,0.1717535608045536,0.14547149988644809,phase2_feedback_tfim_qrc_reference
train,1999-04-27,0.180481169962793,0.13863473604584778,phase2_feedback_tfim_qrc_reference
train,1999-04-28,0.1781466337537171,0.14434711329414113,phase2_feedback_tfim_qrc_reference
train,1999-04-29,0.1834147362796892,0.1522670062512461,phase2_feedback_tfim_qrc_reference
train,1999-04-30,0.1866146797207505,0.14950319732189493,phase2_feedback_tfim_qrc_reference
train,1999-05-03,0.1756077567861476,0.13330850044437403,phase2_feedback_tfim_qrc_reference
train,1999-05-04,0.1680582728483852,0.12893760900358486,phase2_feedback_tfim_qrc_reference
train,1999-05-05,0.1668487903417213,0.16400512310401133,phase2_feedback_tfim_qrc_reference
train,1999-05-06,0.1798615323989788,0.17324163763599015,phase2_feedback_tfim_qrc_reference
train,1999-05-07,0.178087751579631,0.1541778065883317,phase2_feedback_tfim_qrc_reference
train,1999-05-10,0.1806381437986069,0.1419021154854415,phase2_feedback_tfim_qrc_reference
train,1999-05-11,0.1770987029467887,0.1426675256071163,phase2_feedback_tfim_qrc_reference
train,1999-05-12,0.177987671621106,0.12465376882028245,phase2_feedback_tfim_qrc_reference
train,1999-05-13,0.1798054347101411,0.11941880429663305,phase2_feedback_tfim_qrc_reference
train,1999-05-14,0.1537486527014313,0.13035124112100085,phase2_feedback_tfim_qrc_reference
train,1999-05-17,0.1552103323839575,0.13035576423028525,phase2_feedback_tfim_qrc_reference
train,1999-05-18,0.169003812354345,0.1511893319682196,phase2_feedback_tfim_qrc_reference
train,1999-05-19,0.1703092449965293,0.13588175600252908,phase2_feedback_tfim_qrc_reference
train,1999-05-20,0.1690043416702213,0.13564072298042537,phase2_feedback_tfim_qrc_reference
train,1999-05-21,0.1680296656358268,0.12960518806212507,phase2_feedback_tfim_qrc_reference
train,1999-05-24,0.1590658488906993,0.13179747167584446,phase2_feedback_tfim_qrc_reference
train,1999-05-25,0.1491425526323095,0.1192432333911864,phase2_feedback_tfim_qrc_reference
train,1999-05-26,0.1463340166863138,0.13328463480228547,phase2_feedback_tfim_qrc_reference
train,1999-05-27,0.1372962500677922,0.17210569688823107,phase2_feedback_tfim_qrc_reference
train,1999-05-28,0.1366861616557291,0.18255928159873375,phase2_feedback_tfim_qrc_reference
train,1999-06-01,0.1400982192000296,0.15020015036684936,phase2_feedback_tfim_qrc_reference
train,1999-06-02,0.1538725635308172,0.1379505861291001,phase2_feedback_tfim_qrc_reference
train,1999-06-03,0.1549240921854824,0.13100470402397021,phase2_feedback_tfim_qrc_reference
train,1999-06-04,0.1423002576547379,0.12472646538209217,phase2_feedback_tfim_qrc_reference
train,1999-06-07,0.1420082098211649,0.14077306537213996,phase2_feedback_tfim_qrc_reference
train,1999-06-08,0.1376972201034747,0.11355074874451693,phase2_feedback_tfim_qrc_reference
train,1999-06-09,0.1376843530084684,0.12416032285112624,phase2_feedback_tfim_qrc_reference
train,1999-06-10,0.135333191760077,0.12087525309288799,phase2_feedback_tfim_qrc_reference
train,1999-06-11,0.1329612388517156,0.1183995988995949,phase2_feedback_tfim_qrc_reference
train,1999-06-14,0.133523706273815,0.11880501658855475,phase2_feedback_tfim_qrc_reference
train,1999-06-15,0.1328713077178065,0.12823272630873683,phase2_feedback_tfim_qrc_reference
train,1999-06-16,0.1168095809091756,0.15677650201048157,phase2_feedback_tfim_qrc_reference
train,1999-06-17,0.1136508347938808,0.12477157753421772,phase2_feedback_tfim_qrc_reference
train,1999-06-18,0.1159913201665089,0.15996598480685606,phase2_feedback_tfim_qrc_reference
train,1999-06-21,0.1371209516040884,0.13065113512602225,phase2_feedback_tfim_qrc_reference
train,1999-06-22,0.1349186323300543,0.11308861133526228,phase2_feedback_tfim_qrc_reference
train,1999-06-23,0.1417961398784909,0.11304748263768677,phase2_feedback_tfim_qrc_reference
train,1999-06-24,0.1394165042167508,0.10708117662288294,phase2_feedback_tfim_qrc_reference
train,1999-06-25,0.1415898174900727,0.11146353732103231,phase2_feedback_tfim_qrc_reference
train,1999-06-28,0.1380567988158863,0.12461405210779294,phase2_feedback_tfim_qrc_reference
train,1999-06-29,0.1345079317903231,0.12372654695580139,phase2_feedback_tfim_qrc_reference
train,1999-06-30,0.1285702226360978,0.12063849638884347,phase2_feedback_tfim_qrc_reference
train,1999-07-01,0.1332629257728682,0.1032667385038766,phase2_feedback_tfim_qrc_reference
train,1999-07-02,0.12880508764549,0.12717751588877743,phase2_feedback_tfim_qrc_reference
train,1999-07-06,0.1298826090819483,0.11782293802205095,phase2_feedback_tfim_qrc_reference
train,1999-07-07,0.1387058200203907,0.13549276292768242,phase2_feedback_tfim_qrc_reference
train,1999-07-08,0.1423502284202081,0.1458847828066632,phase2_feedback_tfim_qrc_reference
train,1999-07-09,0.1460760414786524,0.11142805052437314,phase2_feedback_tfim_qrc_reference
train,1999-07-12,0.145418290990949,0.11244576167245296,phase2_feedback_tfim_qrc_reference
train,1999-07-13,0.1501357479157729,0.12260798861086111,phase2_feedback_tfim_qrc_reference
train,1999-07-14,0.1548665960651892,0.11117945720311326,phase2_feedback_tfim_qrc_reference
train,1999-07-15,0.1532404993017682,0.11057694832600624,phase2_feedback_tfim_qrc_reference
train,1999-07-16,0.1724105819061842,0.1138330849164282,phase2_feedback_tfim_qrc_reference
train,1999-07-19,0.1715239938013217,0.10192184048400094,phase2_feedback_tfim_qrc_reference
train,1999-07-20,0.1566526858021743,0.10277665427700257,phase2_feedback_tfim_qrc_reference
train,1999-07-21,0.1586852974844798,0.11594049830172909,phase2_feedback_tfim_qrc_reference
train,1999-07-22,0.1543481129913999,0.1483076233400811,phase2_feedback_tfim_qrc_reference
train,1999-07-23,0.1582927462733226,0.13379992538942873,phase2_feedback_tfim_qrc_reference
train,1999-07-26,0.1699879283054569,0.14874556975959796,phase2_feedback_tfim_qrc_reference
train,1999-07-27,0.1679094052278446,0.1282054212318884,phase2_feedback_tfim_qrc_reference
train,1999-07-28,0.1713999685635098,0.11941078405919239,phase2_feedback_tfim_qrc_reference
train,1999-07-29,0.1694288359577575,0.12143387376418809,phase2_feedback_tfim_qrc_reference
train,1999-07-30,0.1692358066815631,0.1697414756851842,phase2_feedback_tfim_qrc_reference
train,1999-08-02,0.1815735543401124,0.13440024825134644,phase2_feedback_tfim_qrc_reference
train,1999-08-03,0.1812997793134172,0.1302448157779374,phase2_feedback_tfim_qrc_reference
train,1999-08-04,0.1798933814983418,0.11893116989060404,phase2_feedback_tfim_qrc_reference
train,1999-08-05,0.1819509319764717,0.11887211726334945,phase2_feedback_tfim_qrc_reference
train,1999-08-06,0.2050330285546569,0.14345423319531095,phase2_feedback_tfim_qrc_reference
train,1999-08-09,0.205306489913084,0.1700940645859667,phase2_feedback_tfim_qrc_reference
train,1999-08-10,0.2022180053482131,0.1640632759490718,phase2_feedback_tfim_qrc_reference
train,1999-08-11,0.1976314452404005,0.15469398929905484,phase2_feedback_tfim_qrc_reference
train,1999-08-12,0.199811082630854,0.13823562447921448,phase2_feedback_tfim_qrc_reference
train,1999-08-13,0.1841096652393317,0.12661656994743914,phase2_feedback_tfim_qrc_reference
train,1999-08-16,0.184930832035967,0.13626087890236613,phase2_feedback_tfim_qrc_reference
train,1999-08-17,0.1920426282826008,0.13077253196621788,phase2_feedback_tfim_qrc_reference
train,1999-08-18,0.1908269390944758,0.13127028749026198,phase2_feedback_tfim_qrc_reference
train,1999-08-19,0.1937804599283417,0.12954330364144578,phase2_feedback_tfim_qrc_reference
train,1999-08-20,0.1905106399685555,0.1285198159939391,phase2_feedback_tfim_qrc_reference
train,1999-08-23,0.1935800218182396,0.12303045742866278,phase2_feedback_tfim_qrc_reference
train,1999-08-24,0.1931863768876991,0.13755930195699825,phase2_feedback_tfim_qrc_reference
train,1999-08-25,0.2039967625189463,0.16254980982845216,phase2_feedback_tfim_qrc_reference
train,1999-08-26,0.1994986300438334,0.1339176537245984,phase2_feedback_tfim_qrc_reference
train,1999-08-27,0.1961480390989742,0.13925365539848025,phase2_feedback_tfim_qrc_reference
train,1999-08-30,0.1847265190598015,0.14804174265649128,phase2_feedback_tfim_qrc_reference
train,1999-08-31,0.1891014717505239,0.1461862843118161,phase2_feedback_tfim_qrc_reference
train,1999-09-01,0.1917589310485902,0.15884538128010894,phase2_feedback_tfim_qrc_reference
train,1999-09-02,0.1872302706762041,0.15262603713832407,phase2_feedback_tfim_qrc_reference
train,1999-09-03,0.1688526551991519,0.1627035404642521,phase2_feedback_tfim_qrc_reference
train,1999-09-07,0.1683797271568582,0.16571811198597267,phase2_feedback_tfim_qrc_reference
train,1999-09-08,0.1759642699128022,0.17535282956560327,phase2_feedback_tfim_qrc_reference
train,1999-09-09,0.1771042307633329,0.16831322032657917,phase2_feedback_tfim_qrc_reference
train,1999-09-10,0.1826196355763074,0.17506025968060376,phase2_feedback_tfim_qrc_reference
train,1999-09-13,0.1811068906602609,0.1674505808822501,phase2_feedback_tfim_qrc_reference
train,1999-09-14,0.187867617478472,0.1377094451240696,phase2_feedback_tfim_qrc_reference
train,1999-09-15,0.2018517279037279,0.13808351907013577,phase2_feedback_tfim_qrc_reference
train,1999-09-16,0.2013782489439492,0.14300445003587522,phase2_feedback_tfim_qrc_reference
train,1999-09-17,0.2168927310081719,0.14687598740720692,phase2_feedback_tfim_qrc_reference
train,1999-09-20,0.2183492329897809,0.1478921377846153,phase2_feedback_tfim_qrc_reference
train,1999-09-21,0.2077043071601985,0.18811553828765082,phase2_feedback_tfim_qrc_reference
train,1999-09-22,0.2105550322762708,0.1709237781152571,phase2_feedback_tfim_qrc_reference
train,1999-09-23,0.1978728283975893,0.17077964722089858,phase2_feedback_tfim_qrc_reference
train,1999-09-24,0.2000992272336064,0.16436760272375012,phase2_feedback_tfim_qrc_reference
train,1999-09-27,0.1995390956691404,0.15284650347752526,phase2_feedback_tfim_qrc_reference
train,1999-09-28,0.2043997403589598,0.15459946133143038,phase2_feedback_tfim_qrc_reference
train,1999-09-29,0.2097975106621764,0.1570195457515904,phase2_feedback_tfim_qrc_reference
train,1999-09-30,0.2351329354639504,0.19378922859983735,phase2_feedback_tfim_qrc_reference
train,1999-10-01,0.2434907247115625,0.16564748526423914,phase2_feedback_tfim_qrc_reference
train,1999-10-04,0.2382984930234963,0.16814407413583823,phase2_feedback_tfim_qrc_reference
train,1999-10-05,0.2396301209736432,0.1485434935143757,phase2_feedback_tfim_qrc_reference
train,1999-10-06,0.234693504690031,0.16276116546060057,phase2_feedback_tfim_qrc_reference
train,1999-10-07,0.2353719421031752,0.14074597450004123,phase2_feedback_tfim_qrc_reference
train,1999-10-08,0.231848873709398,0.1619461986137628,phase2_feedback_tfim_qrc_reference
train,1999-10-11,0.2317984275744426,0.15639148754490914,phase2_feedback_tfim_qrc_reference
train,1999-10-12,0.2276110616637724,0.173559106645219,phase2_feedback_tfim_qrc_reference
train,1999-10-13,0.2093576416697783,0.17450970253286222,phase2_feedback_tfim_qrc_reference
train,1999-10-14,0.2103166113320637,0.16710858230286113,phase2_feedback_tfim_qrc_reference
train,1999-10-15,0.1917662938081291,0.18879371197006542,phase2_feedback_tfim_qrc_reference
train,1999-10-18,0.190223281644691,0.20740610531104045,phase2_feedback_tfim_qrc_reference
train,1999-10-19,0.1894407572858993,0.20123073839552888,phase2_feedback_tfim_qrc_reference
train,1999-10-20,0.186388614827649,0.17976779901308318,phase2_feedback_tfim_qrc_reference
train,1999-10-21,0.1871271382156937,0.15805584996721253,phase2_feedback_tfim_qrc_reference
train,1999-10-22,0.1847396613847154,0.16493239344268745,phase2_feedback_tfim_qrc_reference
train,1999-10-25,0.1838663996116133,0.17870985313752114,phase2_feedback_tfim_qrc_reference
train,1999-10-26,0.1810370623840574,0.17192247990441864,phase2_feedback_tfim_qrc_reference
train,1999-10-27,0.1707930458049036,0.17548275009175945,phase2_feedback_tfim_qrc_reference
train,1999-10-28,0.1236832484174797,0.16129614373256715,phase2_feedback_tfim_qrc_reference
train,1999-10-29,0.1065746192910243,0.22124173906029615,phase2_feedback_tfim_qrc_reference
train,1999-11-01,0.1071953264289156,0.1687885204732706,phase2_feedback_tfim_qrc_reference
train,1999-11-02,0.1072699649356334,0.1883132538129494,phase2_feedback_tfim_qrc_reference
train,1999-11-03,0.1067330784696758,0.1807222212170902,phase2_feedback_tfim_qrc_reference
train,1999-11-04,0.1218191340363404,0.1780977774203437,phase2_feedback_tfim_qrc_reference
train,1999-11-05,0.119682716969236,0.16724759548485355,phase2_feedback_tfim_qrc_reference
train,1999-11-08,0.1230712729658217,0.16162104287772022,phase2_feedback_tfim_qrc_reference
train,1999-11-09,0.1205921986010994,0.1733691440593913,phase2_feedback_tfim_qrc_reference
train,1999-11-10,0.1189589044583932,0.180277545799274,phase2_feedback_tfim_qrc_reference
train,1999-11-11,0.1178391177616879,0.17145714304548915,phase2_feedback_tfim_qrc_reference
train,1999-11-12,0.1136136372076801,0.16088694920549781,phase2_feedback_tfim_qrc_reference
train,1999-11-15,0.1184465896631494,0.15115190556210503,phase2_feedback_tfim_qrc_reference
train,1999-11-16,0.1161734495028916,0.12886279407421236,phase2_feedback_tfim_qrc_reference
train,1999-11-17,0.1170124362614611,0.1602360004428828,phase2_feedback_tfim_qrc_reference
train,1999-11-18,0.1162061221799332,0.12866865253502674,phase2_feedback_tfim_qrc_reference
train,1999-11-19,0.118980989873712,0.12249811326670229,phase2_feedback_tfim_qrc_reference
train,1999-11-22,0.13050553857429,0.16234346756844562,phase2_feedback_tfim_qrc_reference
train,1999-11-23,0.127037116457453,0.12906386148490037,phase2_feedback_tfim_qrc_reference
train,1999-11-24,0.1372550914230772,0.14797191397202383,phase2_feedback_tfim_qrc_reference
train,1999-11-26,0.1362597390047789,0.12583348877109596,phase2_feedback_tfim_qrc_reference
train,1999-11-29,0.1358338676448331,0.14119909896341715,phase2_feedback_tfim_qrc_reference
train,1999-11-30,0.1309410719805405,0.13563067029945008,phase2_feedback_tfim_qrc_reference
train,1999-12-01,0.12844806447537,0.14025965604054808,phase2_feedback_tfim_qrc_reference
train,1999-12-02,0.1300059973489922,0.11016412430576855,phase2_feedback_tfim_qrc_reference
train,1999-12-03,0.1810551749686951,0.1400735084854244,phase2_feedback_tfim_qrc_reference
train,1999-12-06,0.1792438817901393,0.15479657622173512,phase2_feedback_tfim_qrc_reference
train,1999-12-07,0.1860185986826447,0.17114780829678605,phase2_feedback_tfim_qrc_reference
train,1999-12-08,0.2724681054081061,0.1506928758658033,phase2_feedback_tfim_qrc_reference
train,1999-12-09,0.2721901565207422,0.15130882975283044,phase2_feedback_tfim_qrc_reference
train,1999-12-10,0.2760262688405069,0.1427879238898415,phase2_feedback_tfim_qrc_reference
train,1999-12-13,0.2776778854082266,0.130706027925123,phase2_feedback_tfim_qrc_reference
train,1999-12-14,0.2796324063934941,0.1253297444907495,phase2_feedback_tfim_qrc_reference
train,1999-12-15,0.283098387495639,0.12969730424383893,phase2_feedback_tfim_qrc_reference
train,1999-12-16,0.2840310805251118,0.11575713755791568,phase2_feedback_tfim_qrc_reference
train,1999-12-17,0.2833203698382157,0.12390586496928227,phase2_feedback_tfim_qrc_reference
train,1999-12-20,0.2845112740775767,0.10948828175811283,phase2_feedback_tfim_qrc_reference
train,1999-12-21,0.2795172269976487,0.12009162740757184,phase2_feedback_tfim_qrc_reference
train,1999-12-22,0.2974224834957099,0.12450350896449838,phase2_feedback_tfim_qrc_reference
train,1999-12-23,0.2948202482442354,0.16163008058932404,phase2_feedback_tfim_qrc_reference
train,1999-12-27,0.2961290887264579,0.15301954857010722,phase2_feedback_tfim_qrc_reference
train,1999-12-28,0.296461149756781,0.1307787464795143,phase2_feedback_tfim_qrc_reference
train,1999-12-29,0.3167234799952363,0.14273568211952284,phase2_feedback_tfim_qrc_reference
train,1999-12-30,0.3311122240033836,0.12748358339646915,phase2_feedback_tfim_qrc_reference
train,2000-01-03,0.3314862320674616,0.11221637535338398,phase2_feedback_tfim_qrc_reference
train,2000-01-04,0.2997358281310956,0.12890315402753022,phase2_feedback_tfim_qrc_reference
train,2000-01-05,0.3043318745987995,0.14528233807153185,phase2_feedback_tfim_qrc_reference
train,2000-01-06,0.2992121810790275,0.13303894007518358,phase2_feedback_tfim_qrc_reference
train,2000-01-07,0.2222667569320784,0.14239055617155877,phase2_feedback_tfim_qrc_reference
train,2000-01-10,0.2270612158544661,0.15565557945848002,phase2_feedback_tfim_qrc_reference
train,2000-01-11,0.2345086004574191,0.20185907750461388,phase2_feedback_tfim_qrc_reference
train,2000-01-12,0.2325738731294598,0.16658809984893796,phase2_feedback_tfim_qrc_reference
train,2000-01-13,0.2389877375687027,0.18936303909068317,phase2_feedback_tfim_qrc_reference
train,2000-01-14,0.2350603478399693,0.17030740814554854,phase2_feedback_tfim_qrc_reference
train,2000-01-18,0.2368405073247218,0.15969699838586696,phase2_feedback_tfim_qrc_reference
train,2000-01-19,0.2424806694894081,0.1476467814686265,phase2_feedback_tfim_qrc_reference
train,2000-01-20,0.2404088169551859,0.13903637887404638,phase2_feedback_tfim_qrc_reference
train,2000-01-21,0.2523334020032363,0.1393271224628067,phase2_feedback_tfim_qrc_reference
train,2000-01-24,0.2309501561349555,0.15696486776422885,phase2_feedback_tfim_qrc_reference
train,2000-01-25,0.2312308311407553,0.14630784937967023,phase2_feedback_tfim_qrc_reference
train,2000-01-26,0.2405911161816836,0.13825976494388773,phase2_feedback_tfim_qrc_reference
train,2000-01-27,0.2405158828974004,0.15855098090903366,phase2_feedback_tfim_qrc_reference
train,2000-01-28,0.225000558725067,0.15165425816390452,phase2_feedback_tfim_qrc_reference
train,2000-01-31,0.2060254849928198,0.15558163489907795,phase2_feedback_tfim_qrc_reference
train,2000-02-01,0.2049531802656446,0.16287523276776375,phase2_feedback_tfim_qrc_reference
train,2000-02-02,0.2049430616323465,0.19453428259990357,phase2_feedback_tfim_qrc_reference
train,2000-02-03,0.208616961239461,0.1516147975619088,phase2_feedback_tfim_qrc_reference
train,2000-02-04,0.2107213661649058,0.14730129682641846,phase2_feedback_tfim_qrc_reference
train,2000-02-07,0.2222688461854418,0.17642957659509162,phase2_feedback_tfim_qrc_reference
train,2000-02-08,0.2170742227666842,0.15583123141959196,phase2_feedback_tfim_qrc_reference
train,2000-02-09,0.2278088631325552,0.12846823652616937,phase2_feedback_tfim_qrc_reference
train,2000-02-10,0.2283606417765642,0.14080794919122064,phase2_feedback_tfim_qrc_reference
train,2000-02-11,0.2202066821209491,0.1893401549545981,phase2_feedback_tfim_qrc_reference
train,2000-02-14,0.2250337641482921,0.17318694753433714,phase2_feedback_tfim_qrc_reference
train,2000-02-15,0.2360414487449867,0.14210708831780808,phase2_feedback_tfim_qrc_reference
train,2000-02-16,0.2813606368382663,0.15251383457337087,phase2_feedback_tfim_qrc_reference
train,2000-02-17,0.2817274105241163,0.23048021148194558,phase2_feedback_tfim_qrc_reference
train,2000-02-18,0.2710165630354164,0.21113729734751285,phase2_feedback_tfim_qrc_reference
train,2000-02-22,0.2769483565928736,0.21907220114879355,phase2_feedback_tfim_qrc_reference
train,2000-02-23,0.2746384142877951,0.15498554417026353,phase2_feedback_tfim_qrc_reference
train,2000-02-24,0.2709230840349004,0.1735979760719618,phase2_feedback_tfim_qrc_reference
train,2000-02-25,0.2717370443118524,0.18220171978808467,phase2_feedback_tfim_qrc_reference
train,2000-02-28,0.264264684715218,0.1863403569755493,phase2_feedback_tfim_qrc_reference
train,2000-02-29,0.262861328895636,0.18427178283330403,phase2_feedback_tfim_qrc_reference
train,2000-03-01,0.2616243971108234,0.15629958146094808,phase2_feedback_tfim_qrc_reference
train,2000-03-02,0.2683881535583932,0.16655220714577854,phase2_feedback_tfim_qrc_reference
train,2000-03-03,0.2632511440100061,0.15730527851699946,phase2_feedback_tfim_qrc_reference
train,2000-03-06,0.2619644420044427,0.2089064891245477,phase2_feedback_tfim_qrc_reference
train,2000-03-07,0.2844002726246567,0.16981916914603,phase2_feedback_tfim_qrc_reference
train,2000-03-08,0.2961596815225378,0.1886415162261741,phase2_feedback_tfim_qrc_reference
train,2000-03-09,0.279643150242808,0.20011407915338875,phase2_feedback_tfim_qrc_reference
train,2000-03-10,0.280001778031913,0.1981189905461231,phase2_feedback_tfim_qrc_reference
train,2000-03-13,0.2773957013522355,0.17772942989800147,phase2_feedback_tfim_qrc_reference
train,2000-03-14,0.2729022894955122,0.1831116154076571,phase2_feedback_tfim_qrc_reference
train,2000-03-15,0.2784206220045542,0.17438415505669674,phase2_feedback_tfim_qrc_reference
train,2000-03-16,0.2317688071798615,0.1560665530005622,phase2_feedback_tfim_qrc_reference
train,2000-03-17,0.2737819128878503,0.14435990648699012,phase2_feedback_tfim_qrc_reference
train,2000-03-20,0.2803419247572746,0.1860329623660945,phase2_feedback_tfim_qrc_reference
train,2000-03-21,0.289531652442236,0.16834231746207307,phase2_feedback_tfim_qrc_reference
train,2000-03-22,0.2906320361377694,0.17231147471694244,phase2_feedback_tfim_qrc_reference
train,2000-03-23,0.2856030876424514,0.16917766056263456,phase2_feedback_tfim_qrc_reference
train,2000-03-24,0.2871678955373997,0.1875854096291225,phase2_feedback_tfim_qrc_reference
train,2000-03-27,0.3192048191342771,0.21383739267637705,phase2_feedback_tfim_qrc_reference
train,2000-03-28,0.3210825523763281,0.18176958054942915,phase2_feedback_tfim_qrc_reference
train,2000-03-29,0.3212767296466725,0.15726167567379537,phase2_feedback_tfim_qrc_reference
train,2000-03-30,0.3164119368630151,0.16819265355306529,phase2_feedback_tfim_qrc_reference
train,2000-03-31,0.3174900344065401,0.15810408933827827,phase2_feedback_tfim_qrc_reference
train,2000-04-03,0.3248157489300641,0.13153462638832158,phase2_feedback_tfim_qrc_reference
train,2000-04-04,0.3034386298019965,0.14897698053812936,phase2_feedback_tfim_qrc_reference
train,2000-04-05,0.2919762837259007,0.1462189511623884,phase2_feedback_tfim_qrc_reference
train,2000-04-06,0.2934873804372997,0.15119000637561614,phase2_feedback_tfim_qrc_reference
train,2000-04-07,0.2938515691658377,0.16738623757500856,phase2_feedback_tfim_qrc_reference
train,2000-04-10,0.2949045424316817,0.19516074071396394,phase2_feedback_tfim_qrc_reference
train,2000-04-11,0.305648084928279,0.17499327649369795,phase2_feedback_tfim_qrc_reference
train,2000-04-12,0.3001807881266568,0.15399686730488357,phase2_feedback_tfim_qrc_reference
train,2000-04-13,0.298512020278647,0.16075494029118598,phase2_feedback_tfim_qrc_reference
train,2000-04-14,0.2665061043263265,0.1792924519528924,phase2_feedback_tfim_qrc_reference
train,2000-04-17,0.2614336308472373,0.1987088248074296,phase2_feedback_tfim_qrc_reference
train,2000-04-18,0.2468804297849029,0.20985552713079333,phase2_feedback_tfim_qrc_reference
train,2000-04-19,0.2468587622285817,0.1925786565575132,phase2_feedback_tfim_qrc_reference
train,2000-04-20,0.2552134646266002,0.2101706388734142,phase2_feedback_tfim_qrc_reference
train,2000-04-24,0.2536723422775125,0.23233135623171233,phase2_feedback_tfim_qrc_reference
train,2000-04-25,0.2151054232540155,0.1949803734872548,phase2_feedback_tfim_qrc_reference
train,2000-04-26,0.2189599505037647,0.22313696438328884,phase2_feedback_tfim_qrc_reference
train,2000-04-27,0.2271096688152655,0.17159999236234508,phase2_feedback_tfim_qrc_reference
train,2000-04-28,0.2260675723829897,0.2005391169661527,phase2_feedback_tfim_qrc_reference
train,2000-05-01,0.2511210326634751,0.1781960687442323,phase2_feedback_tfim_qrc_reference
train,2000-05-02,0.2407024913223245,0.18118175534578054,phase2_feedback_tfim_qrc_reference
train,2000-05-03,0.2405718635395611,0.1929629055771795,phase2_feedback_tfim_qrc_reference
train,2000-05-04,0.2482150188244345,0.23195745544827037,phase2_feedback_tfim_qrc_reference
train,2000-05-05,0.2451149811981937,0.16721561453663247,phase2_feedback_tfim_qrc_reference
train,2000-05-08,0.24416578335997,0.16985172192823159,phase2_feedback_tfim_qrc_reference
train,2000-05-09,0.2437296769150292,0.17595691467556032,phase2_feedback_tfim_qrc_reference
train,2000-05-10,0.2303044830651249,0.19682497882349992,phase2_feedback_tfim_qrc_reference
train,2000-05-11,0.2160222020878078,0.24682262064904179,phase2_feedback_tfim_qrc_reference
train,2000-05-12,0.216688067080787,0.19352878930838485,phase2_feedback_tfim_qrc_reference
train,2000-05-15,0.2181936314499857,0.18184578309212307,phase2_feedback_tfim_qrc_reference
train,2000-05-16,0.2160397214661078,0.209278562633388,phase2_feedback_tfim_qrc_reference
train,2000-05-17,0.2134431197302544,0.17561361093409436,phase2_feedback_tfim_qrc_reference
train,2000-05-18,0.2129004790339216,0.20786046965742194,phase2_feedback_tfim_qrc_reference
train,2000-05-19,0.2070699802336951,0.17974833155546266,phase2_feedback_tfim_qrc_reference
train,2000-05-22,0.2057192563531573,0.15322427193297658,phase2_feedback_tfim_qrc_reference
train,2000-05-23,0.1988780775253801,0.13921412969648328,phase2_feedback_tfim_qrc_reference
train,2000-05-24,0.1978327153384633,0.16956696454103037,phase2_feedback_tfim_qrc_reference
train,2000-05-25,0.1905276259220137,0.15445363408246046,phase2_feedback_tfim_qrc_reference
train,2000-05-26,0.1958265160399411,0.19055519106199353,phase2_feedback_tfim_qrc_reference
train,2000-05-30,0.1574625882833626,0.1753127190951172,phase2_feedback_tfim_qrc_reference
train,2000-05-31,0.1577574598553927,0.1813036630656868,phase2_feedback_tfim_qrc_reference
train,2000-06-01,0.149089869638231,0.173790575328663,phase2_feedback_tfim_qrc_reference
train,2000-06-02,0.1385260817335212,0.16147245380599423,phase2_feedback_tfim_qrc_reference
train,2000-06-05,0.1457585604390565,0.16195735513203857,phase2_feedback_tfim_qrc_reference
train,2000-06-06,0.1586415372555014,0.1477795057503027,phase2_feedback_tfim_qrc_reference
train,2000-06-07,0.1591290287041569,0.1497456057883063,phase2_feedback_tfim_qrc_reference
train,2000-06-08,0.1683283888789966,0.14178719893225647,phase2_feedback_tfim_qrc_reference
train,2000-06-09,0.1682655737773831,0.13177527948125964,phase2_feedback_tfim_qrc_reference
train,2000-06-12,0.1631466546561018,0.12937179374406252,phase2_feedback_tfim_qrc_reference
train,2000-06-13,0.1509846890071354,0.17075450412910967,phase2_feedback_tfim_qrc_reference
train,2000-06-14,0.1516680409869303,0.15714991719900984,phase2_feedback_tfim_qrc_reference
train,2000-06-15,0.1553925563004647,0.13674010148705298,phase2_feedback_tfim_qrc_reference
train,2000-06-16,0.1527182848129142,0.13392519527246777,phase2_feedback_tfim_qrc_reference
train,2000-06-19,0.1487836606245968,0.14342301186351306,phase2_feedback_tfim_qrc_reference
train,2000-06-20,0.1504406398956235,0.16414225369401,phase2_feedback_tfim_qrc_reference
train,2000-06-21,0.1572872774216087,0.17436369645969682,phase2_feedback_tfim_qrc_reference
train,2000-06-22,0.1635401237957947,0.1517141058435044,phase2_feedback_tfim_qrc_reference
train,2000-06-23,0.1619335103224957,0.1351728675343946,phase2_feedback_tfim_qrc_reference
train,2000-06-26,0.1558427957041729,0.14665743061211411,phase2_feedback_tfim_qrc_reference
train,2000-06-27,0.1575073652329227,0.1391940713573226,phase2_feedback_tfim_qrc_reference
train,2000-06-28,0.1576662721484575,0.12472828881394663,phase2_feedback_tfim_qrc_reference
train,2000-06-29,0.1740425867836402,0.11545238864657376,phase2_feedback_tfim_qrc_reference
train,2000-06-30,0.1731498855295109,0.1492647451157595,phase2_feedback_tfim_qrc_reference
train,2000-07-03,0.1679301656962674,0.11441341836423741,phase2_feedback_tfim_qrc_reference
train,2000-07-05,0.1560132803009811,0.10454619074262074,phase2_feedback_tfim_qrc_reference
train,2000-07-06,0.1555063352755483,0.14052266084695975,phase2_feedback_tfim_qrc_reference
train,2000-07-07,0.1460689171377793,0.1509544672411926,phase2_feedback_tfim_qrc_reference
train,2000-07-10,0.1519203400867156,0.13396779366392805,phase2_feedback_tfim_qrc_reference
train,2000-07-11,0.1523308584447805,0.1360257045728217,phase2_feedback_tfim_qrc_reference
train,2000-07-12,0.1535166147339343,0.12308999909134381,phase2_feedback_tfim_qrc_reference
train,2000-07-13,0.153705181909856,0.11407218748125833,phase2_feedback_tfim_qrc_reference
train,2000-07-14,0.1504721214413986,0.11148007613231435,phase2_feedback_tfim_qrc_reference
train,2000-07-17,0.157457474319229,0.10865906191775876,phase2_feedback_tfim_qrc_reference
train,2000-07-18,0.1547663518190543,0.10542590321386984,phase2_feedback_tfim_qrc_reference
train,2000-07-19,0.1531513092338943,0.09703426385766649,phase2_feedback_tfim_qrc_reference
train,2000-07-20,0.1507368229585299,0.13426218692892478,phase2_feedback_tfim_qrc_reference
train,2000-07-21,0.1340694366841096,0.10534051617354492,phase2_feedback_tfim_qrc_reference
train,2000-07-24,0.1341231507402767,0.10152296659868648,phase2_feedback_tfim_qrc_reference
train,2000-07-25,0.1337755302419033,0.15292790265100403,phase2_feedback_tfim_qrc_reference
train,2000-07-26,0.1297734760848141,0.11173209706493728,phase2_feedback_tfim_qrc_reference
train,2000-07-27,0.1296688535858082,0.13203174211797225,phase2_feedback_tfim_qrc_reference
train,2000-07-28,0.1012371984764374,0.12280363124339903,phase2_feedback_tfim_qrc_reference
train,2000-07-31,0.0999263584928087,0.11070507377029112,phase2_feedback_tfim_qrc_reference
train,2000-08-01,0.0970091720729237,0.11780519571736205,phase2_feedback_tfim_qrc_reference
train,2000-08-02,0.1013093882122765,0.12064113035376074,phase2_feedback_tfim_qrc_reference
train,2000-08-03,0.108928509619737,0.11475775916581069,phase2_feedback_tfim_qrc_reference
train,2000-08-04,0.1072622662562209,0.106436444121881,phase2_feedback_tfim_qrc_reference
train,2000-08-07,0.1018797083046471,0.09991036694792986,phase2_feedback_tfim_qrc_reference
train,2000-08-08,0.1070024375583705,0.14700907522080184,phase2_feedback_tfim_qrc_reference
train,2000-08-09,0.1057410357699052,0.10337616265317806,phase2_feedback_tfim_qrc_reference
train,2000-08-10,0.1071137102685068,0.10987467595218059,phase2_feedback_tfim_qrc_reference
train,2000-08-11,0.1062256707081769,0.10583549970743542,phase2_feedback_tfim_qrc_reference
train,2000-08-14,0.0990780271318818,0.12372309560916972,phase2_feedback_tfim_qrc_reference
train,2000-08-15,0.099544123219239,0.10095827809376981,phase2_feedback_tfim_qrc_reference
train,2000-08-16,0.0992472650771328,0.10412320809399092,phase2_feedback_tfim_qrc_reference
train,2000-08-17,0.1039380460198952,0.10151393013305424,phase2_feedback_tfim_qrc_reference
train,2000-08-18,0.1090646493281157,0.10397439147527876,phase2_feedback_tfim_qrc_reference
train,2000-08-21,0.1117810044769889,0.10917959383065812,phase2_feedback_tfim_qrc_reference
train,2000-08-22,0.1146847093062152,0.1031424812765316,phase2_feedback_tfim_qrc_reference
train,2000-08-23,0.1142301658892316,0.12059734990219965,phase2_feedback_tfim_qrc_reference
train,2000-08-24,0.1137208948799961,0.12410271248226097,phase2_feedback_tfim_qrc_reference
train,2000-08-25,0.1170112639301171,0.10888694539121392,phase2_feedback_tfim_qrc_reference
train,2000-08-28,0.1241990548803515,0.10339161919435592,phase2_feedback_tfim_qrc_reference
train,2000-08-29,0.125588761065703,0.08803169170065384,phase2_feedback_tfim_qrc_reference
train,2000-08-30,0.1411212314919418,0.0956140520380841,phase2_feedback_tfim_qrc_reference
train,2000-08-31,0.1465149538130489,0.11359538011974006,phase2_feedback_tfim_qrc_reference
train,2000-09-01,0.1466126769217633,0.08563817589913446,phase2_feedback_tfim_qrc_reference
train,2000-09-05,0.1481599453139263,0.09167556052390002,phase2_feedback_tfim_qrc_reference
train,2000-09-06,0.1468610149569733,0.09559801437963084,phase2_feedback_tfim_qrc_reference
train,2000-09-07,0.1452260148825284,0.10500864736526629,phase2_feedback_tfim_qrc_reference
train,2000-09-08,0.1629322189786526,0.1025918782962657,phase2_feedback_tfim_qrc_reference
train,2000-09-11,0.1650468767144109,0.1035201031767937,phase2_feedback_tfim_qrc_reference
train,2000-09-12,0.1732567822938882,0.10022496589170825,phase2_feedback_tfim_qrc_reference
train,2000-09-13,0.1755351282472754,0.10324654456088447,phase2_feedback_tfim_qrc_reference
train,2000-09-14,0.1968589801709598,0.09716875881929012,phase2_feedback_tfim_qrc_reference
train,2000-09-15,0.2235376053383965,0.09191315462635259,phase2_feedback_tfim_qrc_reference
train,2000-09-18,0.2213499637605707,0.09838890457571202,phase2_feedback_tfim_qrc_reference
train,2000-09-19,0.2365648763760049,0.10475115073182703,phase2_feedback_tfim_qrc_reference
train,2000-09-20,0.2354669464383478,0.10264126202820376,phase2_feedback_tfim_qrc_reference
train,2000-09-21,0.2691605468867786,0.0996378292747046,phase2_feedback_tfim_qrc_reference
train,2000-09-22,0.2696195318056641,0.10158955136437718,phase2_feedback_tfim_qrc_reference
train,2000-09-25,0.2686703251241152,0.11399972468893202,phase2_feedback_tfim_qrc_reference
train,2000-09-26,0.266211216467301,0.10583610658093541,phase2_feedback_tfim_qrc_reference
train,2000-09-27,0.2786578674711233,0.11031049159607524,phase2_feedback_tfim_qrc_reference
train,2000-09-28,0.2691410766668948,0.11907653974693315,phase2_feedback_tfim_qrc_reference
train,2000-09-29,0.2704387764946899,0.11780406383940843,phase2_feedback_tfim_qrc_reference
train,2000-10-02,0.2722385372533898,0.1422894673992073,phase2_feedback_tfim_qrc_reference
train,2000-10-03,0.2769159743543515,0.13877468064420895,phase2_feedback_tfim_qrc_reference
train,2000-10-04,0.275607873012747,0.12254892778387202,phase2_feedback_tfim_qrc_reference
train,2000-10-05,0.2753936579949691,0.1228326184646348,phase2_feedback_tfim_qrc_reference
train,2000-10-06,0.2641895243684886,0.13607777255633602,phase2_feedback_tfim_qrc_reference
train,2000-10-09,0.2639875847104351,0.13576728772458133,phase2_feedback_tfim_qrc_reference
train,2000-10-10,0.2572830992977321,0.13516268804894008,phase2_feedback_tfim_qrc_reference
train,2000-10-11,0.2676447090657035,0.13215372494709143,phase2_feedback_tfim_qrc_reference
train,2000-10-12,0.2525314129520594,0.153862495882112,phase2_feedback_tfim_qrc_reference
train,2000-10-13,0.2405541557542318,0.14488617801170978,phase2_feedback_tfim_qrc_reference
train,2000-10-16,0.2416100207369575,0.1633512331722713,phase2_feedback_tfim_qrc_reference
train,2000-10-17,0.2426083384914174,0.1848302568894566,phase2_feedback_tfim_qrc_reference
train,2000-10-18,0.2425054793093765,0.17619050933492525,phase2_feedback_tfim_qrc_reference
train,2000-10-19,0.2118922566437712,0.16396157646658438,phase2_feedback_tfim_qrc_reference
train,2000-10-20,0.2121505813097542,0.16899805897049408,phase2_feedback_tfim_qrc_reference
train,2000-10-23,0.2176436841272956,0.17644482870790545,phase2_feedback_tfim_qrc_reference
train,2000-10-24,0.2170965421013065,0.18547383748164611,phase2_feedback_tfim_qrc_reference
train,2000-10-25,0.2176449254216714,0.19700803088348495,phase2_feedback_tfim_qrc_reference
train,2000-10-26,0.229000226989874,0.2028687485177244,phase2_feedback_tfim_qrc_reference
train,2000-10-27,0.2212634737568007,0.18513258464910393,phase2_feedback_tfim_qrc_reference
train,2000-10-30,0.2275021292098042,0.1817604719015647,phase2_feedback_tfim_qrc_reference
train,2000-10-31,0.2193689184028574,0.17846205151199762,phase2_feedback_tfim_qrc_reference
train,2000-11-01,0.2212056802647748,0.16960123790602544,phase2_feedback_tfim_qrc_reference
train,2000-11-02,0.2211351383081795,0.1597929127637659,phase2_feedback_tfim_qrc_reference
train,2000-11-03,0.2231622443431328,0.16682543040628287,phase2_feedback_tfim_qrc_reference
train,2000-11-06,0.2496384728302834,0.16524332975532122,phase2_feedback_tfim_qrc_reference
train,2000-11-07,0.2561166010418201,0.13397837079812097,phase2_feedback_tfim_qrc_reference
train,2000-11-08,0.2483255303181201,0.14083634791043093,phase2_feedback_tfim_qrc_reference
train,2000-11-09,0.2481000425405976,0.14858836682835985,phase2_feedback_tfim_qrc_reference
train,2000-11-10,0.261954180785518,0.16110055621031177,phase2_feedback_tfim_qrc_reference
train,2000-11-13,0.2609294879825706,0.1794644403303354,phase2_feedback_tfim_qrc_reference
train,2000-11-14,0.2490023725465809,0.16991107945196893,phase2_feedback_tfim_qrc_reference
train,2000-11-15,0.2528822538662184,0.18491905539618267,phase2_feedback_tfim_qrc_reference
train,2000-11-16,0.2595848882580152,0.2053682590530647,phase2_feedback_tfim_qrc_reference
train,2000-11-17,0.2631394334858555,0.20815693827007953,phase2_feedback_tfim_qrc_reference
train,2000-11-20,0.2682661367049737,0.19228137564030276,phase2_feedback_tfim_qrc_reference
train,2000-11-21,0.287270749214331,0.19269762154864853,phase2_feedback_tfim_qrc_reference
train,2000-11-22,0.2752412191727033,0.2355827717942953,phase2_feedback_tfim_qrc_reference
train,2000-11-24,0.2856449725892748,0.18561281596050963,phase2_feedback_tfim_qrc_reference
train,2000-11-27,0.2864654965949701,0.17242644343245725,phase2_feedback_tfim_qrc_reference
train,2000-11-28,0.2809395723683904,0.17287230770994932,phase2_feedback_tfim_qrc_reference
train,2000-11-29,0.2810685623115018,0.17891159327013492,phase2_feedback_tfim_qrc_reference
train,2000-11-30,0.2874846298953312,0.19091827680974585,phase2_feedback_tfim_qrc_reference
train,2000-12-01,0.2947033689759236,0.21575777411587274,phase2_feedback_tfim_qrc_reference
train,2000-12-04,0.3371660868154721,0.19567529354401778,phase2_feedback_tfim_qrc_reference
train,2000-12-05,0.319413553260751,0.17199913350296706,phase2_feedback_tfim_qrc_reference
train,2000-12-06,0.3355976971430391,0.1684672390289377,phase2_feedback_tfim_qrc_reference
train,2000-12-07,0.3331216173806009,0.2099452077050694,phase2_feedback_tfim_qrc_reference
train,2000-12-08,0.3331506327708924,0.22017904736781335,phase2_feedback_tfim_qrc_reference
train,2000-12-11,0.3163923650556174,0.2065266231393676,phase2_feedback_tfim_qrc_reference
train,2000-12-12,0.3160430811268581,0.20761127360779214,phase2_feedback_tfim_qrc_reference
train,2000-12-13,0.3123009821561481,0.1921704360024382,phase2_feedback_tfim_qrc_reference
train,2000-12-14,0.3097935540466867,0.2268521175361086,phase2_feedback_tfim_qrc_reference
train,2000-12-15,0.2994261010645258,0.20064700569599073,phase2_feedback_tfim_qrc_reference
train,2000-12-18,0.2977777133447268,0.19609052583520215,phase2_feedback_tfim_qrc_reference
train,2000-12-19,0.2893868170255588,0.18387032230772166,phase2_feedback_tfim_qrc_reference
train,2000-12-20,0.2709486492897143,0.20361800475191735,phase2_feedback_tfim_qrc_reference
train,2000-12-21,0.2712704963129189,0.22448828013918024,phase2_feedback_tfim_qrc_reference
train,2000-12-22,0.2503948165463201,0.18519810547481053,phase2_feedback_tfim_qrc_reference
train,2000-12-26,0.2476689793373563,0.18558028310933017,phase2_feedback_tfim_qrc_reference
train,2000-12-27,0.2463461873662646,0.18342976285688653,phase2_feedback_tfim_qrc_reference
train,2000-12-28,0.2468331374137853,0.17346519357075746,phase2_feedback_tfim_qrc_reference
train,2000-12-29,0.2393494875781089,0.18294781373820435,phase2_feedback_tfim_qrc_reference
train,2001-01-02,0.2312762788764496,0.1624849323143726,phase2_feedback_tfim_qrc_reference
train,2001-01-03,0.1621900748881246,0.17130668775951344,phase2_feedback_tfim_qrc_reference
train,2001-01-04,0.1773946210845756,0.17743016511550905,phase2_feedback_tfim_qrc_reference
train,2001-01-05,0.1351511582251384,0.17874245247655787,phase2_feedback_tfim_qrc_reference
train,2001-01-08,0.1327641026905803,0.20678344885575362,phase2_feedback_tfim_qrc_reference
train,2001-01-09,0.1337036934978866,0.17682813317842538,phase2_feedback_tfim_qrc_reference
train,2001-01-10,0.1256448064660887,0.1802647210091373,phase2_feedback_tfim_qrc_reference
train,2001-01-11,0.1301985177188606,0.16295266283851997,phase2_feedback_tfim_qrc_reference
train,2001-01-12,0.1361644729035858,0.22515304904100505,phase2_feedback_tfim_qrc_reference
train,2001-01-16,0.1373968884666774,0.18991901315328968,phase2_feedback_tfim_qrc_reference
train,2001-01-17,0.1365394273879946,0.1752953864133204,phase2_feedback_tfim_qrc_reference
train,2001-01-18,0.1363074849260472,0.1725650591276017,phase2_feedback_tfim_qrc_reference
train,2001-01-19,0.1563147429016543,0.24297522765249815,phase2_feedback_tfim_qrc_reference
train,2001-01-22,0.1640801658955919,0.17057413039901706,phase2_feedback_tfim_qrc_reference
train,2001-01-23,0.1792778091164326,0.16675339267927072,phase2_feedback_tfim_qrc_reference
train,2001-01-24,0.1790452276422142,0.15640998890296254,phase2_feedback_tfim_qrc_reference
train,2001-01-25,0.1804332050676322,0.14764662920927835,phase2_feedback_tfim_qrc_reference
train,2001-01-26,0.1952684438304174,0.12742890096359943,phase2_feedback_tfim_qrc_reference
train,2001-01-29,0.1971296637090228,0.1643682936469049,phase2_feedback_tfim_qrc_reference
train,2001-01-30,0.2070764809321699,0.14396781780069434,phase2_feedback_tfim_qrc_reference
train,2001-01-31,0.2069281947601981,0.13266881256157845,phase2_feedback_tfim_qrc_reference
train,2001-02-01,0.2075306102471845,0.1767108429012362,phase2_feedback_tfim_qrc_reference
train,2001-02-02,0.1935809242321792,0.15467770828253422,phase2_feedback_tfim_qrc_reference
train,2001-02-05,0.1955438598514125,0.14649654316795557,phase2_feedback_tfim_qrc_reference
train,2001-02-06,0.1968885755347789,0.15932716495144514,phase2_feedback_tfim_qrc_reference
train,2001-02-07,0.1960661917185594,0.17541669327740314,phase2_feedback_tfim_qrc_reference
train,2001-02-08,0.2192470360105337,0.1237940191729285,phase2_feedback_tfim_qrc_reference
train,2001-02-09,0.2664641584185903,0.1682072193903846,phase2_feedback_tfim_qrc_reference
train,2001-02-12,0.2696569299123133,0.1480060250375195,phase2_feedback_tfim_qrc_reference
train,2001-02-13,0.2772690848749522,0.13675307363619343,phase2_feedback_tfim_qrc_reference
train,2001-02-14,0.2772184998942853,0.1453023270732955,phase2_feedback_tfim_qrc_reference
train,2001-02-15,0.2843524011551513,0.15489750690810203,phase2_feedback_tfim_qrc_reference
train,2001-02-16,0.2823206464082188,0.15543227193961195,phase2_feedback_tfim_qrc_reference
train,2001-02-20,0.2932457923992017,0.15556389626412995,phase2_feedback_tfim_qrc_reference
train,2001-02-21,0.2893062338710376,0.16743113112684785,phase2_feedback_tfim_qrc_reference
train,2001-02-22,0.2915166171278698,0.16923305037057532,phase2_feedback_tfim_qrc_reference
train,2001-02-23,0.3091665605311063,0.1626735470432591,phase2_feedback_tfim_qrc_reference
train,2001-02-26,0.3033434754592243,0.16652963112557145,phase2_feedback_tfim_qrc_reference
train,2001-02-27,0.3099829107024239,0.16885400339389822,phase2_feedback_tfim_qrc_reference
train,2001-02-28,0.317810191397648,0.14888193939763236,phase2_feedback_tfim_qrc_reference
train,2001-03-01,0.3175567269758735,0.294432099361183,phase2_feedback_tfim_qrc_reference
train,2001-03-02,0.3184486010019953,0.14734538439267572,phase2_feedback_tfim_qrc_reference
train,2001-03-05,0.3259266203529418,0.15494425203330722,phase2_feedback_tfim_qrc_reference
train,2001-03-06,0.3453925875814596,0.14914392280994646,phase2_feedback_tfim_qrc_reference
train,2001-03-07,0.34478457656987,0.16996930332494042,phase2_feedback_tfim_qrc_reference
train,2001-03-08,0.3691709503851514,0.1643145510426958,phase2_feedback_tfim_qrc_reference
train,2001-03-09,0.3576141266363817,0.15227462089621155,phase2_feedback_tfim_qrc_reference
train,2001-03-12,0.3245288057317858,0.15050813252303963,phase2_feedback_tfim_qrc_reference
train,2001-03-13,0.3257166140371877,0.15131196818054013,phase2_feedback_tfim_qrc_reference
train,2001-03-14,0.317938963610936,0.15763077813862075,phase2_feedback_tfim_qrc_reference
train,2001-03-15,0.3242934034354691,0.20100729112880583,phase2_feedback_tfim_qrc_reference
train,2001-03-16,0.3184279750599038,0.14709357031180686,phase2_feedback_tfim_qrc_reference
train,2001-03-19,0.3142607820879611,0.16997976827305503,phase2_feedback_tfim_qrc_reference
train,2001-03-20,0.3295032611188596,0.2019744258010407,phase2_feedback_tfim_qrc_reference
train,2001-03-21,0.3272234924644651,0.16158603868039428,phase2_feedback_tfim_qrc_reference
train,2001-03-22,0.3268454768757293,0.16727676863686852,phase2_feedback_tfim_qrc_reference
train,2001-03-23,0.3160306478990785,0.1648716941847932,phase2_feedback_tfim_qrc_reference
train,2001-03-26,0.3134024829588516,0.1696050583284689,phase2_feedback_tfim_qrc_reference
train,2001-03-27,0.3085273145595203,0.16760931284332906,phase2_feedback_tfim_qrc_reference
train,2001-03-28,0.2924739631489465,0.15418450387055,phase2_feedback_tfim_qrc_reference
train,2001-03-29,0.2979816361551693,0.16054998823758906,phase2_feedback_tfim_qrc_reference
train,2001-03-30,0.2966999593766441,0.13960469596488115,phase2_feedback_tfim_qrc_reference
train,2001-04-02,0.2929237740439341,0.16259754897552026,phase2_feedback_tfim_qrc_reference
train,2001-04-03,0.2670941590731902,0.2183804675162474,phase2_feedback_tfim_qrc_reference
train,2001-04-04,0.2705148328441351,0.1858443415771708,phase2_feedback_tfim_qrc_reference
train,2001-04-05,0.2435925901901128,0.1562570004655107,phase2_feedback_tfim_qrc_reference
train,2001-04-06,0.239427424087734,0.19802770501798433,phase2_feedback_tfim_qrc_reference
train,2001-04-09,0.2361928522091727,0.23958294353864704,phase2_feedback_tfim_qrc_reference
train,2001-04-10,0.2277980906840152,0.19617193330745586,phase2_feedback_tfim_qrc_reference
train,2001-04-11,0.2280239065156964,0.19965351679207122,phase2_feedback_tfim_qrc_reference
train,2001-04-12,0.2202672571861089,0.2262537071427448,phase2_feedback_tfim_qrc_reference
train,2001-04-16,0.2171613767957308,0.19529257725148005,phase2_feedback_tfim_qrc_reference
train,2001-04-17,0.2120187436840304,0.16904542354353558,phase2_feedback_tfim_qrc_reference
train,2001-04-18,0.1806965190228022,0.14800131842945988,phase2_feedback_tfim_qrc_reference
train,2001-04-19,0.1745848041690643,0.19182720657018631,phase2_feedback_tfim_qrc_reference
train,2001-04-20,0.172267702931502,0.18057468624055714,phase2_feedback_tfim_qrc_reference
train,2001-04-23,0.167746476516082,0.22769323613231207,phase2_feedback_tfim_qrc_reference
train,2001-04-24,0.166705204126404,0.20822645068018514,phase2_feedback_tfim_qrc_reference
train,2001-04-25,0.1713193340834132,0.19792879355476714,phase2_feedback_tfim_qrc_reference
train,2001-04-26,0.1709056237277281,0.20898541721252326,phase2_feedback_tfim_qrc_reference
train,2001-04-27,0.1659805497092354,0.18046213862440055,phase2_feedback_tfim_qrc_reference
train,2001-04-30,0.1665765486007742,0.1787351649066607,phase2_feedback_tfim_qrc_reference
train,2001-05-01,0.1631540003449689,0.1940012573506244,phase2_feedback_tfim_qrc_reference
train,2001-05-02,0.164058571803035,0.22180597871501465,phase2_feedback_tfim_qrc_reference
train,2001-05-03,0.1591811055605432,0.2488765046857103,phase2_feedback_tfim_qrc_reference
train,2001-05-04,0.1484721741684276,0.1943282689063946,phase2_feedback_tfim_qrc_reference
train,2001-05-07,0.1507754348775268,0.21550998362747703,phase2_feedback_tfim_qrc_reference
train,2001-05-08,0.1536459502110652,0.17674866491687558,phase2_feedback_tfim_qrc_reference
train,2001-05-09,0.1534490786840025,0.16664169344586363,phase2_feedback_tfim_qrc_reference
train,2001-05-10,0.1566323348624825,0.1992665971383655,phase2_feedback_tfim_qrc_reference
train,2001-05-11,0.1567365840762891,0.17347459262956455,phase2_feedback_tfim_qrc_reference
train,2001-05-14,0.1566991798074665,0.17281238407617971,phase2_feedback_tfim_qrc_reference
train,2001-05-15,0.1588127792499471,0.15476763869325086,phase2_feedback_tfim_qrc_reference
train,2001-05-16,0.1576991994063338,0.15294450357912168,phase2_feedback_tfim_qrc_reference
train,2001-05-17,0.1577060555470767,0.14804017302676276,phase2_feedback_tfim_qrc_reference
train,2001-05-18,0.1578172591670672,0.15752668780625717,phase2_feedback_tfim_qrc_reference
train,2001-05-21,0.149848470559418,0.1661879784995865,phase2_feedback_tfim_qrc_reference
train,2001-05-22,0.1509290191973448,0.19738595779113824,phase2_feedback_tfim_qrc_reference
train,2001-05-23,0.1438695873893331,0.16756481646303503,phase2_feedback_tfim_qrc_reference
train,2001-05-24,0.1461818132677045,0.1750080115031578,phase2_feedback_tfim_qrc_reference
train,2001-05-25,0.1437660601333827,0.18771627813564315,phase2_feedback_tfim_qrc_reference
train,2001-05-29,0.1410254401943336,0.17312142041412396,phase2_feedback_tfim_qrc_reference
train,2001-05-30,0.1318525713931324,0.20579397317896592,phase2_feedback_tfim_qrc_reference
train,2001-05-31,0.1320188708841284,0.17458107162686026,phase2_feedback_tfim_qrc_reference
train,2001-06-01,0.1308403883000512,0.19356224774342623,phase2_feedback_tfim_qrc_reference
train,2001-06-04,0.136992328709874,0.17772677425672806,phase2_feedback_tfim_qrc_reference
train,2001-06-05,0.1308818930040632,0.19034062655544087,phase2_feedback_tfim_qrc_reference
train,2001-06-06,0.1453954916348529,0.17070642311451084,phase2_feedback_tfim_qrc_reference
train,2001-06-07,0.1642953539522015,0.17913640936057074,phase2_feedback_tfim_qrc_reference
train,2001-06-08,0.162082203485709,0.16642228697354763,phase2_feedback_tfim_qrc_reference
train,2001-06-11,0.1657678974355026,0.16357021187353268,phase2_feedback_tfim_qrc_reference
train,2001-06-12,0.1656909586941571,0.17014206221196532,phase2_feedback_tfim_qrc_reference
train,2001-06-13,0.1829020159326173,0.260415159896768,phase2_feedback_tfim_qrc_reference
train,2001-06-14,0.1670409564836295,0.19151536844700187,phase2_feedback_tfim_qrc_reference
train,2001-06-15,0.172827178904591,0.13336340406321057,phase2_feedback_tfim_qrc_reference
train,2001-06-18,0.1751183389904315,0.14411251493776514,phase2_feedback_tfim_qrc_reference
train,2001-06-19,0.1761122353553291,0.12822149213846984,phase2_feedback_tfim_qrc_reference
train,2001-06-20,0.1778422062724897,0.15233238707597482,phase2_feedback_tfim_qrc_reference
train,2001-06-21,0.1745718587385908,0.12677474559170207,phase2_feedback_tfim_qrc_reference
train,2001-06-22,0.1862324979387148,0.16720618625911987,phase2_feedback_tfim_qrc_reference
train,2001-06-25,0.186536512845038,0.1363196911678036,phase2_feedback_tfim_qrc_reference
train,2001-06-26,0.1904970620036526,0.15531197679849718,phase2_feedback_tfim_qrc_reference
train,2001-06-27,0.1940581845016983,0.12007199870290972,phase2_feedback_tfim_qrc_reference
train,2001-06-28,0.1935476103611866,0.1160099002073177,phase2_feedback_tfim_qrc_reference
train,2001-06-29,0.1931104824758642,0.1979732736693482,phase2_feedback_tfim_qrc_reference
train,2001-07-02,0.1885954509015528,0.1252158637527156,phase2_feedback_tfim_qrc_reference
train,2001-07-03,0.1898910508219811,0.1148758776239808,phase2_feedback_tfim_qrc_reference
train,2001-07-05,0.1771512252524173,0.09996661650325181,phase2_feedback_tfim_qrc_reference
train,2001-07-06,0.1604521694184492,0.10616058563056345,phase2_feedback_tfim_qrc_reference
train,2001-07-09,0.1663772959048526,0.1275096007575472,phase2_feedback_tfim_qrc_reference
train,2001-07-10,0.1613296879237334,0.11353184696337572,phase2_feedback_tfim_qrc_reference
train,2001-07-11,0.1744442230519322,0.12652208405474416,phase2_feedback_tfim_qrc_reference
train,2001-07-12,0.1536405254080122,0.2009610982510203,phase2_feedback_tfim_qrc_reference
train,2001-07-13,0.1510531465812654,0.12412274352693173,phase2_feedback_tfim_qrc_reference
train,2001-07-16,0.1442873326950506,0.12325071174635595,phase2_feedback_tfim_qrc_reference
train,2001-07-17,0.1404530774082904,0.17316354084772675,phase2_feedback_tfim_qrc_reference
train,2001-07-18,0.1417258882306494,0.12853350600896346,phase2_feedback_tfim_qrc_reference
train,2001-07-19,0.1388480618385101,0.1270741392201992,phase2_feedback_tfim_qrc_reference
train,2001-07-20,0.1486902920303875,0.12361687836651437,phase2_feedback_tfim_qrc_reference
train,2001-07-23,0.1348729220101306,0.11083743934808875,phase2_feedback_tfim_qrc_reference
train,2001-07-24,0.1439845797177237,0.11751568027376355,phase2_feedback_tfim_qrc_reference
train,2001-07-25,0.1433602897628627,0.12175387821015558,phase2_feedback_tfim_qrc_reference
train,2001-07-26,0.1390732035099252,0.13836886618851146,phase2_feedback_tfim_qrc_reference
train,2001-07-27,0.1564448862421888,0.13802381358815186,phase2_feedback_tfim_qrc_reference
train,2001-07-30,0.1578754712115921,0.15943837691361862,phase2_feedback_tfim_qrc_reference
train,2001-07-31,0.1656625666685336,0.14070459787841513,phase2_feedback_tfim_qrc_reference
train,2001-08-01,0.1672263659561499,0.12032033141018389,phase2_feedback_tfim_qrc_reference
train,2001-08-02,0.1802688560922125,0.12979854260708118,phase2_feedback_tfim_qrc_reference
train,2001-08-03,0.1810792598994511,0.12503538422354102,phase2_feedback_tfim_qrc_reference
train,2001-08-06,0.1760630911287196,0.12819900253163802,phase2_feedback_tfim_qrc_reference
train,2001-08-07,0.1757364764199709,0.13840147284263293,phase2_feedback_tfim_qrc_reference
train,2001-08-08,0.1872315248349339,0.136120831419119,phase2_feedback_tfim_qrc_reference
train,2001-08-09,0.1983498009018165,0.13003687621822158,phase2_feedback_tfim_qrc_reference
train,2001-08-10,0.2026230817322253,0.12678070857571203,phase2_feedback_tfim_qrc_reference
train,2001-08-13,0.2781007424613368,0.11176411552206822,phase2_feedback_tfim_qrc_reference
train,2001-08-14,0.278227210747802,0.10839486545525043,phase2_feedback_tfim_qrc_reference
train,2001-08-15,0.2858338404609041,0.12170656037576388,phase2_feedback_tfim_qrc_reference
train,2001-08-16,0.3077202252003909,0.15502049813388602,phase2_feedback_tfim_qrc_reference
train,2001-08-17,0.304785497178474,0.12175569826405143,phase2_feedback_tfim_qrc_reference
train,2001-08-20,0.3269088293083565,0.14826469150673735,phase2_feedback_tfim_qrc_reference
train,2001-08-21,0.3232566039234951,0.15082815053076226,phase2_feedback_tfim_qrc_reference
train,2001-08-22,0.3214259006196952,0.17141107510637277,phase2_feedback_tfim_qrc_reference
train,2001-08-23,0.322633920910052,0.15779598527139332,phase2_feedback_tfim_qrc_reference
train,2001-08-24,0.3230018391211736,0.15880805657567937,phase2_feedback_tfim_qrc_reference
train,2001-08-27,0.3223546732774423,0.1438710196387079,phase2_feedback_tfim_qrc_reference
train,2001-08-28,0.3211578956208065,0.14904840628264354,phase2_feedback_tfim_qrc_reference
train,2001-08-29,0.3249817639953598,0.14121422073676934,phase2_feedback_tfim_qrc_reference
train,2001-08-30,0.3176151525324612,0.1473716986152973,phase2_feedback_tfim_qrc_reference
train,2001-08-31,0.3166332378476728,0.17490821025707806,phase2_feedback_tfim_qrc_reference
train,2001-09-04,0.3166677769629238,0.16238282487491615,phase2_feedback_tfim_qrc_reference
train,2001-09-05,0.3171189756790192,0.16602810711352933,phase2_feedback_tfim_qrc_reference
train,2001-09-06,0.3131922216108732,0.17820545980397604,phase2_feedback_tfim_qrc_reference
train,2001-09-07,0.310930054878116,0.18517426899265146,phase2_feedback_tfim_qrc_reference
train,2001-09-10,0.3083441232399774,0.1660224660832751,phase2_feedback_tfim_qrc_reference
train,2001-09-17,0.2425562110055762,0.16943157846867207,phase2_feedback_tfim_qrc_reference
train,2001-09-18,0.2434335214291149,0.1890838263906754,phase2_feedback_tfim_qrc_reference
train,2001-09-19,0.2446383964099618,0.21131900437002915,phase2_feedback_tfim_qrc_reference
train,2001-09-20,0.2162494631061801,0.18152033814505816,phase2_feedback_tfim_qrc_reference
train,2001-09-21,0.2127989476131814,0.1861058269786371,phase2_feedback_tfim_qrc_reference
train,2001-09-24,0.1872393311633441,0.19914837138576727,phase2_feedback_tfim_qrc_reference
train,2001-09-25,0.1844841166041144,0.2415422530555748,phase2_feedback_tfim_qrc_reference
train,2001-09-26,0.1842976758796263,0.2717308248446846,phase2_feedback_tfim_qrc_reference
train,2001-09-27,0.1923899147771748,0.24475813880066424,phase2_feedback_tfim_qrc_reference
train,2001-09-28,0.1775497267216104,0.20384641641872434,phase2_feedback_tfim_qrc_reference
train,2001-10-01,0.2006122237282886,0.19335627223637608,phase2_feedback_tfim_qrc_reference
train,2001-10-02,0.2002983035220055,0.1933051716396425,phase2_feedback_tfim_qrc_reference
train,2001-10-03,0.1917872599279894,0.1510691191829832,phase2_feedback_tfim_qrc_reference
train,2001-10-04,0.2117393513682092,0.1406165626672709,phase2_feedback_tfim_qrc_reference
train,2001-10-05,0.2129957663186382,0.12647014290950206,phase2_feedback_tfim_qrc_reference
train,2001-10-08,0.2166971021992609,0.14907457600966403,phase2_feedback_tfim_qrc_reference
train,2001-10-09,0.2226907902057754,0.14266942763444784,phase2_feedback_tfim_qrc_reference
train,2001-10-10,0.2085664487096657,0.14583369700318344,phase2_feedback_tfim_qrc_reference
train,2001-10-11,0.2015873497380307,0.15013897895352457,phase2_feedback_tfim_qrc_reference
train,2001-10-12,0.2009732783754371,0.14404435239554833,phase2_feedback_tfim_qrc_reference
train,2001-10-15,0.2020478497881155,0.17254954428514982,phase2_feedback_tfim_qrc_reference
train,2001-10-16,0.2157764831292027,0.17184368927648733,phase2_feedback_tfim_qrc_reference
train,2001-10-17,0.2018527344136792,0.19397787722350318,phase2_feedback_tfim_qrc_reference
train,2001-10-18,0.2018145260131173,0.19617995162881227,phase2_feedback_tfim_qrc_reference
train,2001-10-19,0.2024181488142669,0.18766125596283853,phase2_feedback_tfim_qrc_reference
train,2001-10-22,0.1950544884833987,0.16812966059577458,phase2_feedback_tfim_qrc_reference
train,2001-10-23,0.1964860607543666,0.16858824222500948,phase2_feedback_tfim_qrc_reference
train,2001-10-24,0.1976694450044153,0.17125687765682612,phase2_feedback_tfim_qrc_reference
train,2001-10-25,0.1940434133067253,0.24156051291900998,phase2_feedback_tfim_qrc_reference
train,2001-10-26,0.1940283709330572,0.2740373322254396,phase2_feedback_tfim_qrc_reference
train,2001-10-29,0.1706682445819613,0.21727501121732576,phase2_feedback_tfim_qrc_reference
train,2001-10-30,0.1774715330577927,0.19811827462997098,phase2_feedback_tfim_qrc_reference
train,2001-10-31,0.1833471289088186,0.21077988562391015,phase2_feedback_tfim_qrc_reference
train,2001-11-01,0.1618723504998733,0.2304312335440446,phase2_feedback_tfim_qrc_reference
train,2001-11-02,0.1614664846316708,0.16492131820135086,phase2_feedback_tfim_qrc_reference
train,2001-11-05,0.1658132592453339,0.14339873708834983,phase2_feedback_tfim_qrc_reference
train,2001-11-06,0.169241657594625,0.15726510123075213,phase2_feedback_tfim_qrc_reference
train,2001-11-07,0.1691849485409594,0.1588093946878484,phase2_feedback_tfim_qrc_reference
train,2001-11-08,0.1704753512587594,0.17328236417821588,phase2_feedback_tfim_qrc_reference
train,2001-11-09,0.183136366939582,0.21317189208001336,phase2_feedback_tfim_qrc_reference
train,2001-11-12,0.1819747209998004,0.2198803929659811,phase2_feedback_tfim_qrc_reference
train,2001-11-13,0.1640001688437705,0.1820535160121654,phase2_feedback_tfim_qrc_reference
train,2001-11-14,0.1781396302319487,0.25774744742101263,phase2_feedback_tfim_qrc_reference
train,2001-11-15,0.181189383051949,0.20423461780311752,phase2_feedback_tfim_qrc_reference
train,2001-11-16,0.1841577509619178,0.19237196006165994,phase2_feedback_tfim_qrc_reference
train,2001-11-19,0.1801821408651769,0.23276284867955108,phase2_feedback_tfim_qrc_reference
train,2001-11-20,0.1794278634212971,0.23345938880100214,phase2_feedback_tfim_qrc_reference
train,2001-11-21,0.1813059299333897,0.18667523167122385,phase2_feedback_tfim_qrc_reference
train,2001-11-23,0.1753912817628034,0.17747075302131435,phase2_feedback_tfim_qrc_reference
train,2001-11-26,0.1753556961809288,0.1571337875209718,phase2_feedback_tfim_qrc_reference
train,2001-11-27,0.1757611412037522,0.17772679010327103,phase2_feedback_tfim_qrc_reference
train,2001-11-28,0.1647617847050904,0.19184010563760132,phase2_feedback_tfim_qrc_reference
train,2001-11-29,0.1577479332458875,0.16974853223164313,phase2_feedback_tfim_qrc_reference
train,2001-11-30,0.1642697952319309,0.1780559721118994,phase2_feedback_tfim_qrc_reference
train,2001-12-03,0.1672650650321262,0.18935286861201842,phase2_feedback_tfim_qrc_reference
train,2001-12-04,0.1613248840428943,0.16634864423903226,phase2_feedback_tfim_qrc_reference
train,2001-12-05,0.1497958836668657,0.20093747419689123,phase2_feedback_tfim_qrc_reference
train,2001-12-06,0.1518796117888068,0.1560516653627575,phase2_feedback_tfim_qrc_reference
train,2001-12-07,0.1502478259744222,0.14369563958815057,phase2_feedback_tfim_qrc_reference
train,2001-12-10,0.1375777861598753,0.1341237680995838,phase2_feedback_tfim_qrc_reference
train,2001-12-11,0.1382786652115346,0.15010308440195794,phase2_feedback_tfim_qrc_reference
train,2001-12-12,0.1425903439885736,0.14491263244932925,phase2_feedback_tfim_qrc_reference
train,2001-12-13,0.1264135633857883,0.1549235449135695,phase2_feedback_tfim_qrc_reference
train,2001-12-14,0.1251840529261327,0.15128338613797876,phase2_feedback_tfim_qrc_reference
train,2001-12-17,0.1400089446991046,0.143581255772093,phase2_feedback_tfim_qrc_reference
train,2001-12-18,0.1409576541060726,0.1445883496977145,phase2_feedback_tfim_qrc_reference
train,2001-12-19,0.1396897914590837,0.13920453986787976,phase2_feedback_tfim_qrc_reference
train,2001-12-20,0.1374147317797867,0.17362937721318053,phase2_feedback_tfim_qrc_reference
train,2001-12-21,0.1384064459722779,0.13963163375201032,phase2_feedback_tfim_qrc_reference
train,2001-12-24,0.1386726004064406,0.13232436802173186,phase2_feedback_tfim_qrc_reference
train,2001-12-26,0.137307066874198,0.12153013204542615,phase2_feedback_tfim_qrc_reference
train,2001-12-27,0.1359621094733096,0.1346405953968176,phase2_feedback_tfim_qrc_reference
train,2001-12-28,0.177036323890167,0.16504673629163577,phase2_feedback_tfim_qrc_reference
train,2001-12-31,0.176570729026136,0.15148410482379743,phase2_feedback_tfim_qrc_reference
train,2002-01-02,0.1773162713921609,0.12249459353714398,phase2_feedback_tfim_qrc_reference
train,2002-01-03,0.1735425259379696,0.1527577371278861,phase2_feedback_tfim_qrc_reference
train,2002-01-04,0.1937549218098615,0.1286765199359282,phase2_feedback_tfim_qrc_reference
train,2002-01-07,0.1933776397957269,0.12382665551577242,phase2_feedback_tfim_qrc_reference
train,2002-01-08,0.1938092720996004,0.12210180666258161,phase2_feedback_tfim_qrc_reference
train,2002-01-09,0.1929083217962927,0.120816544232819,phase2_feedback_tfim_qrc_reference
train,2002-01-10,0.2037389024372687,0.15461308550289307,phase2_feedback_tfim_qrc_reference
train,2002-01-11,0.2053141932173655,0.12025021849051265,phase2_feedback_tfim_qrc_reference
train,2002-01-14,0.2044040306604796,0.1360983467812449,phase2_feedback_tfim_qrc_reference
train,2002-01-15,0.2058128009229195,0.12766987149841633,phase2_feedback_tfim_qrc_reference
train,2002-01-16,0.1927115749623577,0.1265563199319566,phase2_feedback_tfim_qrc_reference
train,2002-01-17,0.194462550398024,0.11507112993223198,phase2_feedback_tfim_qrc_reference
train,2002-01-18,0.2056473714486487,0.10299350255224192,phase2_feedback_tfim_qrc_reference
train,2002-01-22,0.2125940656858537,0.11913499796622622,phase2_feedback_tfim_qrc_reference
train,2002-01-23,0.2235623413989674,0.11595456607277364,phase2_feedback_tfim_qrc_reference
train,2002-01-24,0.2275202219580059,0.11939527292684139,phase2_feedback_tfim_qrc_reference
train,2002-01-25,0.2348237065322679,0.11518109893978858,phase2_feedback_tfim_qrc_reference
train,2002-01-28,0.2347386019153351,0.11433904192824598,phase2_feedback_tfim_qrc_reference
train,2002-01-29,0.2059860685345457,0.11741728696645508,phase2_feedback_tfim_qrc_reference
train,2002-01-30,0.2002551698256802,0.13947919969053596,phase2_feedback_tfim_qrc_reference
train,2002-01-31,0.2123215931790091,0.1319768147417319,phase2_feedback_tfim_qrc_reference
train,2002-02-01,0.2206110802576792,0.14816323115912577,phase2_feedback_tfim_qrc_reference
train,2002-02-04,0.2020310357115583,0.15161472991064867,phase2_feedback_tfim_qrc_reference
train,2002-02-05,0.205149657419464,0.1436434153746772,phase2_feedback_tfim_qrc_reference
train,2002-02-06,0.2047186207686405,0.12801607536309245,phase2_feedback_tfim_qrc_reference
train,2002-02-07,0.2040475512494014,0.13411306581396848,phase2_feedback_tfim_qrc_reference
train,2002-02-08,0.1927498715281244,0.151412091850617,phase2_feedback_tfim_qrc_reference
train,2002-02-11,0.1878437193666537,0.1533522786020821,phase2_feedback_tfim_qrc_reference
train,2002-02-12,0.1906406442358773,0.1650149411505748,phase2_feedback_tfim_qrc_reference
train,2002-02-13,0.1869793199374114,0.15980371957931744,phase2_feedback_tfim_qrc_reference
train,2002-02-14,0.1898636477745526,0.1497343392884374,phase2_feedback_tfim_qrc_reference
train,2002-02-15,0.1861738163358318,0.1555029498248041,phase2_feedback_tfim_qrc_reference
train,2002-02-19,0.1745858997132669,0.1331935915394458,phase2_feedback_tfim_qrc_reference
train,2002-02-20,0.177534174903383,0.12767276475120107,phase2_feedback_tfim_qrc_reference
train,2002-02-21,0.1612585882399659,0.1426862315096725,phase2_feedback_tfim_qrc_reference
train,2002-02-22,0.1554298552639878,0.14737506374850062,phase2_feedback_tfim_qrc_reference
train,2002-02-25,0.1508372872187948,0.14441376804294778,phase2_feedback_tfim_qrc_reference
train,2002-02-26,0.1520553780463112,0.14391724067112904,phase2_feedback_tfim_qrc_reference
train,2002-02-27,0.151723130374294,0.14059776316150038,phase2_feedback_tfim_qrc_reference
train,2002-02-28,0.1508919192286664,0.1645872380277674,phase2_feedback_tfim_qrc_reference
train,2002-03-01,0.1268262144669736,0.16948484275809736,phase2_feedback_tfim_qrc_reference
train,2002-03-04,0.112257211862192,0.15675905023247041,phase2_feedback_tfim_qrc_reference
train,2002-03-05,0.1144464319195788,0.15057724160960886,phase2_feedback_tfim_qrc_reference
train,2002-03-06,0.107520049188882,0.1325396779435339,phase2_feedback_tfim_qrc_reference
train,2002-03-07,0.1072522023869242,0.14077024381290695,phase2_feedback_tfim_qrc_reference
train,2002-03-08,0.1064806930738778,0.16093778015990332,phase2_feedback_tfim_qrc_reference
train,2002-03-11,0.1090943183595495,0.15975616439709941,phase2_feedback_tfim_qrc_reference
train,2002-03-12,0.1161681843853338,0.15093685040286367,phase2_feedback_tfim_qrc_reference
train,2002-03-13,0.1424815001945112,0.16596125467904554,phase2_feedback_tfim_qrc_reference
train,2002-03-14,0.1448500874104472,0.1322421108587643,phase2_feedback_tfim_qrc_reference
train,2002-03-15,0.1434903646672988,0.15327034633363687,phase2_feedback_tfim_qrc_reference
train,2002-03-18,0.1659866061035912,0.1409570276983059,phase2_feedback_tfim_qrc_reference
train,2002-03-19,0.1644648792118856,0.14653637770723396,phase2_feedback_tfim_qrc_reference
train,2002-03-20,0.1507989269873674,0.13859083427680072,phase2_feedback_tfim_qrc_reference
train,2002-03-21,0.1513435738211094,0.14941135019303198,phase2_feedback_tfim_qrc_reference
train,2002-03-22,0.162480877901549,0.13807711410467582,phase2_feedback_tfim_qrc_reference
train,2002-03-25,0.1570526401798153,0.13294315195965506,phase2_feedback_tfim_qrc_reference
train,2002-03-26,0.1597707924563066,0.1322092624835101,phase2_feedback_tfim_qrc_reference
train,2002-03-27,0.1595112440341117,0.19516012825986484,phase2_feedback_tfim_qrc_reference
train,2002-03-28,0.1734303211269652,0.13982241862120134,phase2_feedback_tfim_qrc_reference
train,2002-04-01,0.1743104081721803,0.12134334318554019,phase2_feedback_tfim_qrc_reference
train,2002-04-02,0.1763347734465055,0.13418867526556869,phase2_feedback_tfim_qrc_reference
train,2002-04-03,0.179814101250861,0.13088547269716969,phase2_feedback_tfim_qrc_reference
train,2002-04-04,0.1797279074085807,0.13390820975736598,phase2_feedback_tfim_qrc_reference
train,2002-04-05,0.1838504774289326,0.12689930651092612,phase2_feedback_tfim_qrc_reference
train,2002-04-08,0.196693005777874,0.13635705133840662,phase2_feedback_tfim_qrc_reference
train,2002-04-09,0.1955067181699372,0.13965206588165088,phase2_feedback_tfim_qrc_reference
train,2002-04-10,0.2311650701019097,0.1491453321421321,phase2_feedback_tfim_qrc_reference
train,2002-04-11,0.2171430384136956,0.13649945538471134,phase2_feedback_tfim_qrc_reference
train,2002-04-12,0.225841735811895,0.1382754971196465,phase2_feedback_tfim_qrc_reference
train,2002-04-15,0.2353126516460366,0.13931729069852689,phase2_feedback_tfim_qrc_reference
train,2002-04-16,0.2329422066984532,0.14935806667078688,phase2_feedback_tfim_qrc_reference
train,2002-04-17,0.2332333876447457,0.14299929027650313,phase2_feedback_tfim_qrc_reference
train,2002-04-18,0.2334469719815541,0.13327565467718713,phase2_feedback_tfim_qrc_reference
train,2002-04-19,0.233732265995917,0.13735594269885362,phase2_feedback_tfim_qrc_reference
train,2002-04-22,0.2292765831022503,0.1535544032487282,phase2_feedback_tfim_qrc_reference
train,2002-04-23,0.2310578043968753,0.12964533911021575,phase2_feedback_tfim_qrc_reference
train,2002-04-24,0.2283968937063034,0.12455294663087253,phase2_feedback_tfim_qrc_reference
train,2002-04-25,0.2314630570417122,0.12302755954240222,phase2_feedback_tfim_qrc_reference
train,2002-04-26,0.2259024584100542,0.16152902792837795,phase2_feedback_tfim_qrc_reference
train,2002-04-29,0.2260458800480768,0.15124096399734407,phase2_feedback_tfim_qrc_reference
train,2002-04-30,0.2251646028892391,0.13291586286536103,phase2_feedback_tfim_qrc_reference
train,2002-05-01,0.2212084786113583,0.16134850922218372,phase2_feedback_tfim_qrc_reference
train,2002-05-02,0.2209050894274405,0.14582160219077733,phase2_feedback_tfim_qrc_reference
train,2002-05-03,0.2375819921599364,0.13660930728455736,phase2_feedback_tfim_qrc_reference
train,2002-05-06,0.2271103402012191,0.1285433616647641,phase2_feedback_tfim_qrc_reference
train,2002-05-07,0.2291691326267309,0.13367997164556683,phase2_feedback_tfim_qrc_reference
train,2002-05-08,0.2025750551446318,0.11522994112543813,phase2_feedback_tfim_qrc_reference
train,2002-05-09,0.1983696338197249,0.15009718953494916,phase2_feedback_tfim_qrc_reference
train,2002-05-10,0.1870309647261736,0.17957357847574842,phase2_feedback_tfim_qrc_reference
train,2002-05-13,0.1834349292056924,0.16018709439921003,phase2_feedback_tfim_qrc_reference
train,2002-05-14,0.1681045244783204,0.16598447536086938,phase2_feedback_tfim_qrc_reference
train,2002-05-15,0.1713184469075792,0.14801445147035827,phase2_feedback_tfim_qrc_reference
train,2002-05-16,0.1704104034456123,0.15444678166853054,phase2_feedback_tfim_qrc_reference
train,2002-05-17,0.1938263200036067,0.1501955201249173,phase2_feedback_tfim_qrc_reference
train,2002-05-20,0.1921200579173107,0.14657800693258957,phase2_feedback_tfim_qrc_reference
train,2002-05-21,0.2070791854713702,0.15533254721194176,phase2_feedback_tfim_qrc_reference
train,2002-05-22,0.2119064586613535,0.15402620654677596,phase2_feedback_tfim_qrc_reference
train,2002-05-23,0.2159231190349804,0.15361974123179784,phase2_feedback_tfim_qrc_reference
train,2002-05-24,0.2118331377028687,0.14385810362490892,phase2_feedback_tfim_qrc_reference
train,2002-05-28,0.2258165427060372,0.14765329714120054,phase2_feedback_tfim_qrc_reference
train,2002-05-29,0.2243470172924466,0.1435642034357761,phase2_feedback_tfim_qrc_reference
train,2002-05-30,0.232431071616995,0.14806103615759,phase2_feedback_tfim_qrc_reference
train,2002-05-31,0.2329245765347654,0.13869924732948039,phase2_feedback_tfim_qrc_reference
train,2002-06-03,0.2235980911888672,0.14504537309917812,phase2_feedback_tfim_qrc_reference
train,2002-06-04,0.2360518974247506,0.16361976174302328,phase2_feedback_tfim_qrc_reference
train,2002-06-05,0.2345862334868056,0.17417294083409324,phase2_feedback_tfim_qrc_reference
train,2002-06-06,0.262448449662005,0.16044381788727594,phase2_feedback_tfim_qrc_reference
train,2002-06-07,0.2661790135528917,0.20153419819103113,phase2_feedback_tfim_qrc_reference
train,2002-06-10,0.2808247035074536,0.1748361963941438,phase2_feedback_tfim_qrc_reference
train,2002-06-11,0.3039942402686884,0.18036126192684443,phase2_feedback_tfim_qrc_reference
train,2002-06-12,0.3045941287355745,0.15574025675058367,phase2_feedback_tfim_qrc_reference
train,2002-06-13,0.3050097785607356,0.1554947043788889,phase2_feedback_tfim_qrc_reference
train,2002-06-14,0.3055488823391304,0.16968854374395695,phase2_feedback_tfim_qrc_reference
train,2002-06-17,0.2988394639995386,0.17443263468184625,phase2_feedback_tfim_qrc_reference
train,2002-06-18,0.2975260382479738,0.20617087072704027,phase2_feedback_tfim_qrc_reference
train,2002-06-19,0.3084843625463039,0.17688179682066882,phase2_feedback_tfim_qrc_reference
train,2002-06-20,0.3305333782907796,0.19374362377904011,phase2_feedback_tfim_qrc_reference
train,2002-06-21,0.3428117982988389,0.1875418908733582,phase2_feedback_tfim_qrc_reference
train,2002-06-24,0.3562039793937072,0.1810241602241952,phase2_feedback_tfim_qrc_reference
train,2002-06-25,0.4033629692861628,0.19090787937866296,phase2_feedback_tfim_qrc_reference
train,2002-06-26,0.4044574659891761,0.21073509548182018,phase2_feedback_tfim_qrc_reference
train,2002-06-27,0.4053155152373136,0.16722990392913548,phase2_feedback_tfim_qrc_reference
train,2002-06-28,0.4387541757332909,0.16380422853515025,phase2_feedback_tfim_qrc_reference
train,2002-07-01,0.4355802051481878,0.20755422034822457,phase2_feedback_tfim_qrc_reference
train,2002-07-02,0.4289537359694462,0.2036688282444181,phase2_feedback_tfim_qrc_reference
train,2002-07-03,0.4386506707644257,0.23176456474538146,phase2_feedback_tfim_qrc_reference
train,2002-07-05,0.4239234596384301,0.16608542206741475,phase2_feedback_tfim_qrc_reference
train,2002-07-08,0.4399162759247888,0.18326056696023346,phase2_feedback_tfim_qrc_reference
train,2002-07-09,0.4462498319363275,0.21720986440292256,phase2_feedback_tfim_qrc_reference
train,2002-07-10,0.4307904462229445,0.2233760352669701,phase2_feedback_tfim_qrc_reference
train,2002-07-11,0.4444374291047623,0.17613670211491722,phase2_feedback_tfim_qrc_reference
train,2002-07-12,0.4429031623190929,0.22660080887065734,phase2_feedback_tfim_qrc_reference
train,2002-07-15,0.4432721384848765,0.20348829112896177,phase2_feedback_tfim_qrc_reference
train,2002-07-16,0.442685757931937,0.20848074000893985,phase2_feedback_tfim_qrc_reference
train,2002-07-17,0.4605868835821647,0.21123866970526092,phase2_feedback_tfim_qrc_reference
train,2002-07-18,0.4481797363381964,0.19049533531338794,phase2_feedback_tfim_qrc_reference
train,2002-07-19,0.4298893793817313,0.2122673714129508,phase2_feedback_tfim_qrc_reference
train,2002-07-22,0.4244275613875595,0.19332403062223708,phase2_feedback_tfim_qrc_reference
train,2002-07-23,0.4145611612178598,0.19479860125668713,phase2_feedback_tfim_qrc_reference
train,2002-07-24,0.363491570634911,0.1976992374357515,phase2_feedback_tfim_qrc_reference
train,2002-07-25,0.3638476600511154,0.20095684158805388,phase2_feedback_tfim_qrc_reference
train,2002-07-26,0.3658671307491346,0.22477744665845942,phase2_feedback_tfim_qrc_reference
train,2002-07-29,0.3255157451561022,0.21829314649459716,phase2_feedback_tfim_qrc_reference
train,2002-07-30,0.3248814255742774,0.211200795678472,phase2_feedback_tfim_qrc_reference
train,2002-07-31,0.3341256056368453,0.25019111711853054,phase2_feedback_tfim_qrc_reference
train,2002-08-01,0.3206618332175079,0.244647121373435,phase2_feedback_tfim_qrc_reference
train,2002-08-02,0.3107112920838891,0.2650980537701293,phase2_feedback_tfim_qrc_reference
train,2002-08-05,0.3158879324552331,0.26975761818715727,phase2_feedback_tfim_qrc_reference
train,2002-08-06,0.2974961794036322,0.20674030604467833,phase2_feedback_tfim_qrc_reference
train,2002-08-07,0.2926659923264322,0.21081769187438568,phase2_feedback_tfim_qrc_reference
train,2002-08-08,0.2742762423306308,0.2107865591554169,phase2_feedback_tfim_qrc_reference
train,2002-08-09,0.2751814939519025,0.18368585884264302,phase2_feedback_tfim_qrc_reference
train,2002-08-12,0.2769126172102369,0.1627232518999338,phase2_feedback_tfim_qrc_reference
train,2002-08-13,0.2700293735346015,0.1529468707239903,phase2_feedback_tfim_qrc_reference
train,2002-08-14,0.2471013192264559,0.22775344758048618,phase2_feedback_tfim_qrc_reference
train,2002-08-15,0.2423658983067965,0.18402643441222194,phase2_feedback_tfim_qrc_reference
train,2002-08-16,0.2422880959706365,0.23769436797028173,phase2_feedback_tfim_qrc_reference
train,2002-08-19,0.2423659611978968,0.2957732764139467,phase2_feedback_tfim_qrc_reference
train,2002-08-20,0.2420576013808921,0.23833159812130583,phase2_feedback_tfim_qrc_reference
train,2002-08-21,0.2543104484891246,0.2368995650831994,phase2_feedback_tfim_qrc_reference
train,2002-08-22,0.2519882584427074,0.21884043538050954,phase2_feedback_tfim_qrc_reference
train,2002-08-23,0.2416367751481971,0.15932695809176425,phase2_feedback_tfim_qrc_reference
train,2002-08-26,0.2472130639536631,0.17618456611764705,phase2_feedback_tfim_qrc_reference
train,2002-08-27,0.2587795628488166,0.17286287755747454,phase2_feedback_tfim_qrc_reference
train,2002-08-28,0.2532177875324456,0.1842199917222143,phase2_feedback_tfim_qrc_reference
train,2002-08-29,0.2826433521371855,0.30651920694025336,phase2_feedback_tfim_qrc_reference
train,2002-08-30,0.2853240795277581,0.180530037566308,phase2_feedback_tfim_qrc_reference
train,2002-09-03,0.3001911698455724,0.22031783393839055,phase2_feedback_tfim_qrc_reference
train,2002-09-04,0.3150553230649939,0.18723863323522202,phase2_feedback_tfim_qrc_reference
train,2002-09-05,0.3156638506706201,0.22622916307060859,phase2_feedback_tfim_qrc_reference
train,2002-09-06,0.3187726441464569,0.201326592794128,phase2_feedback_tfim_qrc_reference
train,2002-09-09,0.3262514255883377,0.24064223378934746,phase2_feedback_tfim_qrc_reference
train,2002-09-10,0.3284014389855341,0.21853568878084373,phase2_feedback_tfim_qrc_reference
train,2002-09-11,0.3430752981933427,0.22468714083673133,phase2_feedback_tfim_qrc_reference
train,2002-09-12,0.3551679355637692,0.1820325817965642,phase2_feedback_tfim_qrc_reference
train,2002-09-13,0.3862662902634036,0.17558013530524913,phase2_feedback_tfim_qrc_reference
train,2002-09-16,0.3866739140675084,0.2546887755353324,phase2_feedback_tfim_qrc_reference
train,2002-09-17,0.4129709350705086,0.2620088086579508,phase2_feedback_tfim_qrc_reference
train,2002-09-18,0.4205392511488018,0.2373552338957887,phase2_feedback_tfim_qrc_reference
train,2002-09-19,0.4160188296340972,0.2721691479569049,phase2_feedback_tfim_qrc_reference
train,2002-09-20,0.4162822575569812,0.24729504622409937,phase2_feedback_tfim_qrc_reference
train,2002-09-23,0.4196797488560624,0.19695634222246156,phase2_feedback_tfim_qrc_reference
train,2002-09-24,0.4164799872495949,0.21907046054350965,phase2_feedback_tfim_qrc_reference
train,2002-09-25,0.4081965029858343,0.19805934152807095,phase2_feedback_tfim_qrc_reference
train,2002-09-26,0.4106805639508152,0.2125888575429444,phase2_feedback_tfim_qrc_reference
train,2002-09-27,0.3977942426396015,0.2916391820867321,phase2_feedback_tfim_qrc_reference
train,2002-09-30,0.3963168274870865,0.2663753903951151,phase2_feedback_tfim_qrc_reference
train,2002-10-01,0.3619820714726232,0.24144913959093045,phase2_feedback_tfim_qrc_reference
train,2002-10-02,0.3471768318284507,0.24652453665707721,phase2_feedback_tfim_qrc_reference
train,2002-10-03,0.3472041740091702,0.25439154440571154,phase2_feedback_tfim_qrc_reference
train,2002-10-04,0.3479368464349597,0.20711324966133743,phase2_feedback_tfim_qrc_reference
train,2002-10-07,0.3416081771573622,0.2031211956704711,phase2_feedback_tfim_qrc_reference
train,2002-10-08,0.3382744656317373,0.17504596636227207,phase2_feedback_tfim_qrc_reference
train,2002-10-09,0.3258441928244634,0.33358432565085744,phase2_feedback_tfim_qrc_reference
train,2002-10-10,0.3179999247562682,0.17838075514483567,phase2_feedback_tfim_qrc_reference
train,2002-10-11,0.2826636514819666,0.15365123778095344,phase2_feedback_tfim_qrc_reference
train,2002-10-14,0.2873756952168563,0.16987857470755902,phase2_feedback_tfim_qrc_reference
train,2002-10-15,0.2357360385869635,0.15617778828084075,phase2_feedback_tfim_qrc_reference
train,2002-10-16,0.2190845017724804,0.1997557873418103,phase2_feedback_tfim_qrc_reference
train,2002-10-17,0.2179923462883136,0.16163779151642535,phase2_feedback_tfim_qrc_reference
train,2002-10-18,0.2190483606316876,0.16688435867704873,phase2_feedback_tfim_qrc_reference
train,2002-10-21,0.2134978309450916,0.21879952265002506,phase2_feedback_tfim_qrc_reference
train,2002-10-22,0.2119999088080082,0.2243767058190549,phase2_feedback_tfim_qrc_reference
train,2002-10-23,0.2243242817285906,0.17272379345885805,phase2_feedback_tfim_qrc_reference
train,2002-10-24,0.2219415547802816,0.1954830097807306,phase2_feedback_tfim_qrc_reference
train,2002-10-25,0.211067288073696,0.1568579204211115,phase2_feedback_tfim_qrc_reference
train,2002-10-28,0.209790445104634,0.1740128841213971,phase2_feedback_tfim_qrc_reference
train,2002-10-29,0.2166836682028264,0.18668535100646821,phase2_feedback_tfim_qrc_reference
train,2002-10-30,0.2355328292927781,0.18147127280911954,phase2_feedback_tfim_qrc_reference
train,2002-10-31,0.2329929415878014,0.18363869914421999,phase2_feedback_tfim_qrc_reference
train,2002-11-01,0.2224624239182133,0.21320779125214898,phase2_feedback_tfim_qrc_reference
train,2002-11-04,0.2250440021789754,0.18157498167138958,phase2_feedback_tfim_qrc_reference
train,2002-11-05,0.2238825237566702,0.17399624437102462,phase2_feedback_tfim_qrc_reference
train,2002-11-06,0.2226798142402984,0.19863871740484554,phase2_feedback_tfim_qrc_reference
train,2002-11-07,0.2058391175878018,0.1775523156947005,phase2_feedback_tfim_qrc_reference
train,2002-11-08,0.2241706257981464,0.16932127605992295,phase2_feedback_tfim_qrc_reference
train,2002-11-11,0.2222844391053521,0.15371259329281478,phase2_feedback_tfim_qrc_reference
train,2002-11-12,0.2205306093255791,0.16449672729304282,phase2_feedback_tfim_qrc_reference
train,2002-11-13,0.2205017715856422,0.15723203945494518,phase2_feedback_tfim_qrc_reference
train,2002-11-14,0.2177073430394635,0.14962818556675975,phase2_feedback_tfim_qrc_reference
train,2002-11-15,0.2343630492521039,0.2072085935051961,phase2_feedback_tfim_qrc_reference
train,2002-11-18,0.2336778498218421,0.18729864685516254,phase2_feedback_tfim_qrc_reference
train,2002-11-19,0.2372463461461073,0.21327011089611253,phase2_feedback_tfim_qrc_reference
train,2002-11-20,0.2254585625772623,0.20488872540817335,phase2_feedback_tfim_qrc_reference
train,2002-11-21,0.2215091371610556,0.17945429899199067,phase2_feedback_tfim_qrc_reference
train,2002-11-22,0.2200550241944937,0.16893829658927798,phase2_feedback_tfim_qrc_reference
train,2002-11-25,0.2216121468433607,0.20683730159195982,phase2_feedback_tfim_qrc_reference
train,2002-11-26,0.2108489461063301,0.21545967402657304,phase2_feedback_tfim_qrc_reference
train,2002-11-27,0.2031608403212041,0.19762536831696717,phase2_feedback_tfim_qrc_reference
train,2002-11-29,0.2049836522008526,0.21659928154546704,phase2_feedback_tfim_qrc_reference
train,2002-12-02,0.2049623832693846,0.22061229772627441,phase2_feedback_tfim_qrc_reference
train,2002-12-03,0.2288416930379669,0.20299914751483714,phase2_feedback_tfim_qrc_reference
train,2002-12-04,0.2285349662895357,0.17637261837133975,phase2_feedback_tfim_qrc_reference
train,2002-12-05,0.2335039813795972,0.186303205723178,phase2_feedback_tfim_qrc_reference
train,2002-12-06,0.232513090411436,0.20820070013684727,phase2_feedback_tfim_qrc_reference
train,2002-12-09,0.2166593969488998,0.17817927762125238,phase2_feedback_tfim_qrc_reference
train,2002-12-10,0.2184079621952011,0.2101115712363521,phase2_feedback_tfim_qrc_reference
train,2002-12-11,0.2185942431593651,0.22322430810824156,phase2_feedback_tfim_qrc_reference
train,2002-12-12,0.2185968933522044,0.19301322741031413,phase2_feedback_tfim_qrc_reference
train,2002-12-13,0.2115137959678714,0.19165683500619332,phase2_feedback_tfim_qrc_reference
train,2002-12-16,0.1943964569248445,0.19514728436244866,phase2_feedback_tfim_qrc_reference
train,2002-12-17,0.1924458433081375,0.24275876812166147,phase2_feedback_tfim_qrc_reference
train,2002-12-18,0.1952585405835476,0.16479706087373647,phase2_feedback_tfim_qrc_reference
train,2002-12-19,0.2014378332321592,0.14818296410375834,phase2_feedback_tfim_qrc_reference
train,2002-12-20,0.1998029829818744,0.18963948458775232,phase2_feedback_tfim_qrc_reference
train,2002-12-23,0.200971563022104,0.16933448178790106,phase2_feedback_tfim_qrc_reference
train,2002-12-24,0.22050739271702,0.16955468646739277,phase2_feedback_tfim_qrc_reference
train,2002-12-26,0.2258435826399462,0.1740085169572756,phase2_feedback_tfim_qrc_reference
train,2002-12-27,0.212536308712745,0.1624846347588193,phase2_feedback_tfim_qrc_reference
train,2002-12-30,0.2121717611642438,0.19534521837999752,phase2_feedback_tfim_qrc_reference
train,2002-12-31,0.2285721045096665,0.17508836448482318,phase2_feedback_tfim_qrc_reference
train,2003-01-02,0.2102507722443927,0.16195170165758313,phase2_feedback_tfim_qrc_reference
train,2003-01-03,0.2100852606666544,0.17645243097974783,phase2_feedback_tfim_qrc_reference
train,2003-01-06,0.2037795092725889,0.14194242042274743,phase2_feedback_tfim_qrc_reference
train,2003-01-07,0.2047859309000186,0.1759347938748185,phase2_feedback_tfim_qrc_reference
train,2003-01-08,0.1988685459100863,0.14469786962167835,phase2_feedback_tfim_qrc_reference
train,2003-01-09,0.1960879250598171,0.1375257443167417,phase2_feedback_tfim_qrc_reference
train,2003-01-10,0.1974460361709819,0.1498926958695502,phase2_feedback_tfim_qrc_reference
train,2003-01-13,0.1989685335936442,0.1500247473415276,phase2_feedback_tfim_qrc_reference
train,2003-01-14,0.206666947541478,0.15092345876122285,phase2_feedback_tfim_qrc_reference
train,2003-01-15,0.2038727371083376,0.1543828916551438,phase2_feedback_tfim_qrc_reference
train,2003-01-16,0.2173511109235229,0.1291363012390002,phase2_feedback_tfim_qrc_reference
train,2003-01-17,0.2197227620239651,0.17801304830560738,phase2_feedback_tfim_qrc_reference
train,2003-01-21,0.2133825519375078,0.15132875519002845,phase2_feedback_tfim_qrc_reference
train,2003-01-22,0.2119711819517915,0.1315988329748404,phase2_feedback_tfim_qrc_reference
train,2003-01-23,0.2138440723718624,0.12272031972859608,phase2_feedback_tfim_qrc_reference
train,2003-01-24,0.2004090136472559,0.17312982032861682,phase2_feedback_tfim_qrc_reference
train,2003-01-27,0.1964156877145121,0.16040924634992568,phase2_feedback_tfim_qrc_reference
train,2003-01-28,0.2015107953378003,0.14259583851692156,phase2_feedback_tfim_qrc_reference
train,2003-01-29,0.2050880526558157,0.14220583933254877,phase2_feedback_tfim_qrc_reference
train,2003-01-30,0.1880459772149259,0.15927461034761076,phase2_feedback_tfim_qrc_reference
train,2003-01-31,0.1786399303948456,0.1524132137634125,phase2_feedback_tfim_qrc_reference
train,2003-02-03,0.1873871751554947,0.1339381809798737,phase2_feedback_tfim_qrc_reference
train,2003-02-04,0.1864697227417209,0.17666817208483598,phase2_feedback_tfim_qrc_reference
train,2003-02-05,0.1875534376593921,0.13351620492361396,phase2_feedback_tfim_qrc_reference
train,2003-02-06,0.1883839923042686,0.15488002080623856,phase2_feedback_tfim_qrc_reference
train,2003-02-07,0.2025558143681479,0.13651895304217457,phase2_feedback_tfim_qrc_reference
train,2003-02-10,0.2040462952997421,0.15925294879995133,phase2_feedback_tfim_qrc_reference
train,2003-02-11,0.2039434992571384,0.1896710758672536,phase2_feedback_tfim_qrc_reference
train,2003-02-12,0.2299380283867509,0.19209057671761168,phase2_feedback_tfim_qrc_reference
train,2003-02-13,0.2299679028976778,0.17192012293709366,phase2_feedback_tfim_qrc_reference
train,2003-02-14,0.2431318080161374,0.1554784120277876,phase2_feedback_tfim_qrc_reference
train,2003-02-18,0.2360420998547353,0.1587625927971681,phase2_feedback_tfim_qrc_reference
train,2003-02-19,0.2368601891841443,0.17203001003999374,phase2_feedback_tfim_qrc_reference
train,2003-02-20,0.2342949934805638,0.1703656858734637,phase2_feedback_tfim_qrc_reference
train,2003-02-21,0.2433985918190571,0.14508971323302025,phase2_feedback_tfim_qrc_reference
train,2003-02-24,0.2650938036036938,0.13936930595937133,phase2_feedback_tfim_qrc_reference
train,2003-02-25,0.2657438595997223,0.1622215919110373,phase2_feedback_tfim_qrc_reference
train,2003-02-26,0.261206115557103,0.18235990067586796,phase2_feedback_tfim_qrc_reference
train,2003-02-27,0.257031298425922,0.15445459159804878,phase2_feedback_tfim_qrc_reference
train,2003-02-28,0.2565853878594763,0.21696021302707363,phase2_feedback_tfim_qrc_reference
train,2003-03-03,0.2670818508467449,0.13671038498518315,phase2_feedback_tfim_qrc_reference
train,2003-03-04,0.2664627165151945,0.15825571722112622,phase2_feedback_tfim_qrc_reference
train,2003-03-05,0.2780256368099336,0.16370860062757062,phase2_feedback_tfim_qrc_reference
train,2003-03-06,0.2769334122426611,0.14434429453963962,phase2_feedback_tfim_qrc_reference
train,2003-03-07,0.276657118066048,0.16562788240681559,phase2_feedback_tfim_qrc_reference
train,2003-03-10,0.2629610964543311,0.14971872893440297,phase2_feedback_tfim_qrc_reference
train,2003-03-11,0.2606695269338937,0.16278295707197557,phase2_feedback_tfim_qrc_reference
train,2003-03-12,0.2638085206058141,0.17007249356448162,phase2_feedback_tfim_qrc_reference
train,2003-03-13,0.2354662556358239,0.18811698356888049,phase2_feedback_tfim_qrc_reference
train,2003-03-14,0.2356444081905991,0.16465549868281618,phase2_feedback_tfim_qrc_reference
train,2003-03-17,0.220622508620795,0.16061707893385233,phase2_feedback_tfim_qrc_reference
train,2003-03-18,0.2221008116261907,0.16286280225692057,phase2_feedback_tfim_qrc_reference
train,2003-03-19,0.2287238714909369,0.15067993082239506,phase2_feedback_tfim_qrc_reference
train,2003-03-20,0.2345028864546567,0.1552582254031254,phase2_feedback_tfim_qrc_reference
train,2003-03-21,0.2222349106898157,0.16801725548785976,phase2_feedback_tfim_qrc_reference
train,2003-03-24,0.1984687334711726,0.17257118464285723,phase2_feedback_tfim_qrc_reference
train,2003-03-25,0.1982463531244493,0.17620444967723004,phase2_feedback_tfim_qrc_reference
train,2003-03-26,0.1999692096689746,0.1843151913340972,phase2_feedback_tfim_qrc_reference
train,2003-03-27,0.20477116663082,0.1740228939928545,phase2_feedback_tfim_qrc_reference
train,2003-03-28,0.2128635209788224,0.18211250929184364,phase2_feedback_tfim_qrc_reference
train,2003-03-31,0.1966115079765837,0.17775557192320632,phase2_feedback_tfim_qrc_reference
train,2003-04-01,0.189095410066072,0.15990420395481797,phase2_feedback_tfim_qrc_reference
train,2003-04-02,0.1690191948126092,0.1564230956260762,phase2_feedback_tfim_qrc_reference
train,2003-04-03,0.1755103518374996,0.1528623827629364,phase2_feedback_tfim_qrc_reference
train,2003-04-04,0.1743857400542326,0.174309084920804,phase2_feedback_tfim_qrc_reference
train,2003-04-07,0.1774264596166088,0.19131047804757853,phase2_feedback_tfim_qrc_reference
train,2003-04-08,0.1784287188348338,0.16039953077508048,phase2_feedback_tfim_qrc_reference
train,2003-04-09,0.1758328497799406,0.15597588866785844,phase2_feedback_tfim_qrc_reference
train,2003-04-10,0.1814342776546023,0.16627127558240562,phase2_feedback_tfim_qrc_reference
train,2003-04-11,0.1859513595058325,0.18983301365831262,phase2_feedback_tfim_qrc_reference
train,2003-04-14,0.1713274757973684,0.18382306937667822,phase2_feedback_tfim_qrc_reference
train,2003-04-15,0.1682923717578562,0.15136332023893734,phase2_feedback_tfim_qrc_reference
train,2003-04-16,0.1584439370124201,0.13943291201991756,phase2_feedback_tfim_qrc_reference
train,2003-04-17,0.1498310867401491,0.1764358358696285,phase2_feedback_tfim_qrc_reference
train,2003-04-21,0.1717581322839197,0.18060063780705649,phase2_feedback_tfim_qrc_reference
train,2003-04-22,0.1586166857343607,0.18021954331309076,phase2_feedback_tfim_qrc_reference
train,2003-04-23,0.1554231610090048,0.19286746242740818,phase2_feedback_tfim_qrc_reference
train,2003-04-24,0.156141652738306,0.1832334840119754,phase2_feedback_tfim_qrc_reference
train,2003-04-25,0.1499346750326134,0.17352915278322106,phase2_feedback_tfim_qrc_reference
train,2003-04-28,0.1502215292902669,0.1596166171683078,phase2_feedback_tfim_qrc_reference
train,2003-04-29,0.1505558438580354,0.16249647505388495,phase2_feedback_tfim_qrc_reference
train,2003-04-30,0.1507706320357013,0.17996814926426788,phase2_feedback_tfim_qrc_reference
train,2003-05-01,0.1609964868039258,0.1667651261641843,phase2_feedback_tfim_qrc_reference
train,2003-05-02,0.1536533245931909,0.15894395424600247,phase2_feedback_tfim_qrc_reference
train,2003-05-05,0.1541885894771474,0.13983174748083937,phase2_feedback_tfim_qrc_reference
train,2003-05-06,0.1588767970269363,0.13702848228971024,phase2_feedback_tfim_qrc_reference
train,2003-05-07,0.1586178635199338,0.14575393275877715,phase2_feedback_tfim_qrc_reference
train,2003-05-08,0.1551249915301095,0.1797912266078107,phase2_feedback_tfim_qrc_reference
train,2003-05-09,0.1516551047768499,0.15012632425872513,phase2_feedback_tfim_qrc_reference
train,2003-05-12,0.1497262406482177,0.17889754927105367,phase2_feedback_tfim_qrc_reference
train,2003-05-13,0.1541837922473906,0.14641919849084303,phase2_feedback_tfim_qrc_reference
train,2003-05-14,0.1543905168131737,0.1337686226097371,phase2_feedback_tfim_qrc_reference
train,2003-05-15,0.1572217971490305,0.1486603532550783,phase2_feedback_tfim_qrc_reference
train,2003-05-16,0.1735738480983591,0.17578910861150923,phase2_feedback_tfim_qrc_reference
train,2003-05-19,0.1518672144903201,0.1616469200015706,phase2_feedback_tfim_qrc_reference
train,2003-05-20,0.1517249084867913,0.16054409230574465,phase2_feedback_tfim_qrc_reference
train,2003-05-21,0.161081990942773,0.1694346047344977,phase2_feedback_tfim_qrc_reference
train,2003-05-22,0.1574144111436796,0.16326973147860535,phase2_feedback_tfim_qrc_reference
train,2003-05-23,0.1614525709953744,0.14376014554014233,phase2_feedback_tfim_qrc_reference
train,2003-05-27,0.1493027842807707,0.15364665325189908,phase2_feedback_tfim_qrc_reference
train,2003-05-28,0.1532181078303535,0.1455251058803555,phase2_feedback_tfim_qrc_reference
train,2003-05-29,0.1596823540446101,0.15423929391328867,phase2_feedback_tfim_qrc_reference
train,2003-05-30,0.1549432010008219,0.14710384455966716,phase2_feedback_tfim_qrc_reference
train,2003-06-02,0.15425625480039,0.14474155832717436,phase2_feedback_tfim_qrc_reference
train,2003-06-03,0.1569847490115405,0.12280100741123133,phase2_feedback_tfim_qrc_reference
train,2003-06-04,0.1550182406132407,0.14044106924910507,phase2_feedback_tfim_qrc_reference
train,2003-06-05,0.1583719024133142,0.1445386572305061,phase2_feedback_tfim_qrc_reference
train,2003-06-06,0.1725006383935782,0.12641110171898765,phase2_feedback_tfim_qrc_reference
train,2003-06-09,0.1693777270269197,0.12253762226217685,phase2_feedback_tfim_qrc_reference
train,2003-06-10,0.1667296470653611,0.1445079646352584,phase2_feedback_tfim_qrc_reference
train,2003-06-11,0.1687324672622308,0.13771271469884508,phase2_feedback_tfim_qrc_reference
train,2003-06-12,0.1716652153701681,0.14614596662980953,phase2_feedback_tfim_qrc_reference
train,2003-06-13,0.1684685845908456,0.1606844453115313,phase2_feedback_tfim_qrc_reference
train,2003-06-16,0.1514997853151157,0.13336930330449479,phase2_feedback_tfim_qrc_reference
train,2003-06-17,0.1529345378634452,0.15865794439550637,phase2_feedback_tfim_qrc_reference
train,2003-06-18,0.1611233865592461,0.13321320148924695,phase2_feedback_tfim_qrc_reference
train,2003-06-19,0.1558598383690905,0.12534761615545378,phase2_feedback_tfim_qrc_reference
train,2003-06-20,0.1618014434340711,0.12158761588956657,phase2_feedback_tfim_qrc_reference
train,2003-06-23,0.1608231188787516,0.14198306873096908,phase2_feedback_tfim_qrc_reference
train,2003-06-24,0.1608022495303657,0.1266506186722704,phase2_feedback_tfim_qrc_reference
train,2003-06-25,0.1590513801487098,0.11865982404090526,phase2_feedback_tfim_qrc_reference
train,2003-06-26,0.1644772829410306,0.11757773285460288,phase2_feedback_tfim_qrc_reference
train,2003-06-27,0.1597748696027085,0.1427737954557251,phase2_feedback_tfim_qrc_reference
train,2003-06-30,0.1606093872623991,0.1164861503291159,phase2_feedback_tfim_qrc_reference
train,2003-07-01,0.1575053696787725,0.1362747013686466,phase2_feedback_tfim_qrc_reference
train,2003-07-02,0.1513433358236108,0.12227813915186363,phase2_feedback_tfim_qrc_reference
train,2003-07-03,0.1501472405991176,0.11348991997502493,phase2_feedback_tfim_qrc_reference
train,2003-07-07,0.132949675384794,0.12459619672002606,phase2_feedback_tfim_qrc_reference
train,2003-07-08,0.1523806694307043,0.13001196517675975,phase2_feedback_tfim_qrc_reference
train,2003-07-09,0.1524478790165174,0.11639752938836195,phase2_feedback_tfim_qrc_reference
train,2003-07-10,0.1501741244869507,0.11484313279880512,phase2_feedback_tfim_qrc_reference
train,2003-07-11,0.1467532246537177,0.12262078292559221,phase2_feedback_tfim_qrc_reference
train,2003-07-14,0.1463379502019055,0.12086366938624332,phase2_feedback_tfim_qrc_reference
train,2003-07-15,0.1496448060047006,0.12682022391887715,phase2_feedback_tfim_qrc_reference
train,2003-07-16,0.1492953629481596,0.12001040670011007,phase2_feedback_tfim_qrc_reference
train,2003-07-17,0.1407154008782136,0.12174482898639669,phase2_feedback_tfim_qrc_reference
train,2003-07-18,0.1364245067734214,0.12533680529427146,phase2_feedback_tfim_qrc_reference
train,2003-07-21,0.1326395780255691,0.11716649970279383,phase2_feedback_tfim_qrc_reference
train,2003-07-22,0.1294175248466518,0.1325904160696814,phase2_feedback_tfim_qrc_reference
train,2003-07-23,0.1301985093610826,0.12275241966606729,phase2_feedback_tfim_qrc_reference
train,2003-07-24,0.1278834866822556,0.11437509882198806,phase2_feedback_tfim_qrc_reference
train,2003-07-25,0.1172311355218865,0.12014747191559674,phase2_feedback_tfim_qrc_reference
train,2003-07-28,0.1166320814932494,0.11581815473707976,phase2_feedback_tfim_qrc_reference
train,2003-07-29,0.1156517537416904,0.1142580581827742,phase2_feedback_tfim_qrc_reference
train,2003-07-30,0.1153378915532826,0.1303987557877871,phase2_feedback_tfim_qrc_reference
train,2003-07-31,0.1171118581166034,0.12385713183210058,phase2_feedback_tfim_qrc_reference
train,2003-08-01,0.1152766961995501,0.11209598901523946,phase2_feedback_tfim_qrc_reference
train,2003-08-04,0.1245934123097713,0.10791774494192828,phase2_feedback_tfim_qrc_reference
train,2003-08-05,0.1005022266107854,0.12140225447320581,phase2_feedback_tfim_qrc_reference
train,2003-08-06,0.0983918551249749,0.13350231924765313,phase2_feedback_tfim_qrc_reference
train,2003-08-07,0.0932764735966779,0.1205781479768504,phase2_feedback_tfim_qrc_reference
train,2003-08-08,0.0972208166085637,0.12806148330451678,phase2_feedback_tfim_qrc_reference
train,2003-08-11,0.0990938755454025,0.1376364755339839,phase2_feedback_tfim_qrc_reference
train,2003-08-12,0.1003914160122863,0.12435206640610698,phase2_feedback_tfim_qrc_reference
train,2003-08-13,0.0992719444034574,0.12400233382638007,phase2_feedback_tfim_qrc_reference
train,2003-08-14,0.0990201099260765,0.1099010339765949,phase2_feedback_tfim_qrc_reference
train,2003-08-15,0.0991902474027155,0.10355187738174279,phase2_feedback_tfim_qrc_reference
train,2003-08-18,0.1074840213798729,0.10671292696336174,phase2_feedback_tfim_qrc_reference
train,2003-08-19,0.1068658702294009,0.11359268883815295,phase2_feedback_tfim_qrc_reference
train,2003-08-20,0.113778284028874,0.09883695237718912,phase2_feedback_tfim_qrc_reference
train,2003-08-21,0.1146599449062761,0.11360952529098896,phase2_feedback_tfim_qrc_reference
train,2003-08-22,0.1156734753733716,0.09670519662268369,phase2_feedback_tfim_qrc_reference
train,2003-08-25,0.1163165020073797,0.10302002305713244,phase2_feedback_tfim_qrc_reference
train,2003-08-26,0.1324489731073554,0.11361508757242296,phase2_feedback_tfim_qrc_reference
train,2003-08-27,0.1356378339415499,0.1139084665509971,phase2_feedback_tfim_qrc_reference
train,2003-08-28,0.1343668778719861,0.11006707665805084,phase2_feedback_tfim_qrc_reference
train,2003-08-29,0.136688426430858,0.11112252537714509,phase2_feedback_tfim_qrc_reference
train,2003-09-02,0.1328470370174918,0.11996437261545471,phase2_feedback_tfim_qrc_reference
train,2003-09-03,0.1512579403044683,0.10692129352240523,phase2_feedback_tfim_qrc_reference
train,2003-09-04,0.1517924558478778,0.10544912922586165,phase2_feedback_tfim_qrc_reference
train,2003-09-05,0.1539272318769437,0.11694647785442029,phase2_feedback_tfim_qrc_reference
train,2003-09-08,0.1519830351238813,0.1104490263526156,phase2_feedback_tfim_qrc_reference
train,2003-09-09,0.1507956001824845,0.10411999697124613,phase2_feedback_tfim_qrc_reference
train,2003-09-10,0.1466972127713285,0.10117768489887285,phase2_feedback_tfim_qrc_reference
train,2003-09-11,0.1466368100901029,0.10246046386730576,phase2_feedback_tfim_qrc_reference
train,2003-09-12,0.1468201146644764,0.11695689519013812,phase2_feedback_tfim_qrc_reference
train,2003-09-15,0.1467142757457489,0.11723245941278486,phase2_feedback_tfim_qrc_reference
train,2003-09-16,0.137971749090497,0.12677341094836747,phase2_feedback_tfim_qrc_reference
train,2003-09-17,0.1381251075076654,0.11545207102124909,phase2_feedback_tfim_qrc_reference
train,2003-09-18,0.1324584604053479,0.13665269362191648,phase2_feedback_tfim_qrc_reference
train,2003-09-19,0.1368669804651617,0.12472232052370784,phase2_feedback_tfim_qrc_reference
train,2003-09-22,0.1339621993178414,0.11374966293676822,phase2_feedback_tfim_qrc_reference
train,2003-09-23,0.1334222531322295,0.11422056114016171,phase2_feedback_tfim_qrc_reference
train,2003-09-24,0.1255760439212352,0.12072176781372694,phase2_feedback_tfim_qrc_reference
train,2003-09-25,0.1222940662192009,0.12373307492233765,phase2_feedback_tfim_qrc_reference
train,2003-09-26,0.1219888535992084,0.11751799262008958,phase2_feedback_tfim_qrc_reference
train,2003-09-29,0.1169820382843998,0.12142479703546563,phase2_feedback_tfim_qrc_reference
train,2003-09-30,0.1216012825594733,0.12124830406838696,phase2_feedback_tfim_qrc_reference
train,2003-10-01,0.0959520116361712,0.1286364844798034,phase2_feedback_tfim_qrc_reference
train,2003-10-02,0.0953775417231918,0.13070487844603274,phase2_feedback_tfim_qrc_reference
train,2003-10-03,0.0897610750147857,0.12439189658801164,phase2_feedback_tfim_qrc_reference
train,2003-10-06,0.0912982899341838,0.1276097032514639,phase2_feedback_tfim_qrc_reference
train,2003-10-07,0.0906019230731725,0.13568819208398655,phase2_feedback_tfim_qrc_reference
train,2003-10-08,0.0902072030324911,0.11943722764752163,phase2_feedback_tfim_qrc_reference
train,2003-10-09,0.0916359089418835,0.11392432831755996,phase2_feedback_tfim_qrc_reference
train,2003-10-10,0.094867603909563,0.11868664380191689,phase2_feedback_tfim_qrc_reference
train,2003-10-13,0.0953128005997225,0.1167583893416835,phase2_feedback_tfim_qrc_reference
train,2003-10-14,0.0944952783110596,0.10657254707325668,phase2_feedback_tfim_qrc_reference
train,2003-10-15,0.1020252980880567,0.10023048516237693,phase2_feedback_tfim_qrc_reference
train,2003-10-16,0.101040835956111,0.10157073480956094,phase2_feedback_tfim_qrc_reference
train,2003-10-17,0.0979943141875274,0.1053025482569569,phase2_feedback_tfim_qrc_reference
train,2003-10-20,0.0960349937126668,0.11436004898900011,phase2_feedback_tfim_qrc_reference
train,2003-10-21,0.1027597976591615,0.11370828202654315,phase2_feedback_tfim_qrc_reference
train,2003-10-22,0.0971345224454117,0.11985224676989803,phase2_feedback_tfim_qrc_reference
train,2003-10-23,0.1020643641206314,0.12167458820491836,phase2_feedback_tfim_qrc_reference
train,2003-10-24,0.1028116596288518,0.1241732546061958,phase2_feedback_tfim_qrc_reference
train,2003-10-27,0.1129080828356499,0.1402936612726626,phase2_feedback_tfim_qrc_reference
train,2003-10-28,0.1030867321297453,0.12469966631119767,phase2_feedback_tfim_qrc_reference
train,2003-10-29,0.103759136580536,0.13166911125514358,phase2_feedback_tfim_qrc_reference
train,2003-10-30,0.1035280235384583,0.12347512554404307,phase2_feedback_tfim_qrc_reference
train,2003-10-31,0.1102793658332534,0.12946101006527286,phase2_feedback_tfim_qrc_reference
train,2003-11-03,0.1081826828353507,0.12753497022478313,phase2_feedback_tfim_qrc_reference
train,2003-11-04,0.1080540860012342,0.11108944805828772,phase2_feedback_tfim_qrc_reference
train,2003-11-05,0.1089956561934436,0.11528629059711872,phase2_feedback_tfim_qrc_reference
train,2003-11-06,0.1102074093551802,0.12242283016317693,phase2_feedback_tfim_qrc_reference
train,2003-11-07,0.109608771339211,0.1233668695713147,phase2_feedback_tfim_qrc_reference
train,2003-11-10,0.1120726646860452,0.13822398313719736,phase2_feedback_tfim_qrc_reference
train,2003-11-11,0.1120685897168504,0.13696973510796462,phase2_feedback_tfim_qrc_reference
train,2003-11-12,0.1120943786081406,0.13896954926097918,phase2_feedback_tfim_qrc_reference
train,2003-11-13,0.1123020060626778,0.11339949825514782,phase2_feedback_tfim_qrc_reference
train,2003-11-14,0.109624370911944,0.11570856161953726,phase2_feedback_tfim_qrc_reference
train,2003-11-17,0.1097140699246017,0.11001423602665021,phase2_feedback_tfim_qrc_reference
train,2003-11-18,0.1038620346880448,0.1190869726383624,phase2_feedback_tfim_qrc_reference
train,2003-11-19,0.1070746752795245,0.11836795666902593,phase2_feedback_tfim_qrc_reference
train,2003-11-20,0.1026625238095023,0.12168511874234078,phase2_feedback_tfim_qrc_reference
train,2003-11-21,0.1045642982801174,0.12576325851225886,phase2_feedback_tfim_qrc_reference
train,2003-11-24,0.0935836432282637,0.12142499464537626,phase2_feedback_tfim_qrc_reference
train,2003-11-25,0.0926846793840208,0.14659613853769227,phase2_feedback_tfim_qrc_reference
train,2003-11-26,0.0918462952588144,0.11734120619301996,phase2_feedback_tfim_qrc_reference
train,2003-11-28,0.1031086574391951,0.1260534041661455,phase2_feedback_tfim_qrc_reference
train,2003-12-01,0.095796429051979,0.12209647073962515,phase2_feedback_tfim_qrc_reference
train,2003-12-02,0.0954337469814592,0.12093565651327724,phase2_feedback_tfim_qrc_reference
train,2003-12-03,0.09528094361029,0.10821653724342431,phase2_feedback_tfim_qrc_reference
train,2003-12-04,0.1016959244603924,0.11808134643844734,phase2_feedback_tfim_qrc_reference
train,2003-12-05,0.0986792772629188,0.11008947141496839,phase2_feedback_tfim_qrc_reference
train,2003-12-08,0.0965008848427705,0.10936065142986705,phase2_feedback_tfim_qrc_reference
train,2003-12-09,0.093572445074032,0.10542913085067294,phase2_feedback_tfim_qrc_reference
train,2003-12-10,0.0986150172644089,0.1036956232380432,phase2_feedback_tfim_qrc_reference
train,2003-12-11,0.0939796729032755,0.11157667003185183,phase2_feedback_tfim_qrc_reference
train,2003-12-12,0.0959964253759574,0.11573860980817093,phase2_feedback_tfim_qrc_reference
train,2003-12-15,0.0988494321613577,0.12729165218132765,phase2_feedback_tfim_qrc_reference
train,2003-12-16,0.0975094783616,0.11724512021019436,phase2_feedback_tfim_qrc_reference
train,2003-12-17,0.0978791158721582,0.12249592541529847,phase2_feedback_tfim_qrc_reference
train,2003-12-18,0.0894768242309986,0.12783715529804182,phase2_feedback_tfim_qrc_reference
train,2003-12-19,0.0931853128723403,0.12284734295498291,phase2_feedback_tfim_qrc_reference
train,2003-12-22,0.090331802770812,0.11394659851894258,phase2_feedback_tfim_qrc_reference
train,2003-12-23,0.0910276190807105,0.1317588573956879,phase2_feedback_tfim_qrc_reference
train,2003-12-24,0.101213161986463,0.1111692374070278,phase2_feedback_tfim_qrc_reference
train,2003-12-26,0.1076119549178963,0.10792882816165535,phase2_feedback_tfim_qrc_reference
train,2003-12-29,0.1050738555606974,0.1055248249687154,phase2_feedback_tfim_qrc_reference
train,2003-12-30,0.1051282990294964,0.10365805637601933,phase2_feedback_tfim_qrc_reference
train,2003-12-31,0.1050799873626968,0.1071168853987125,phase2_feedback_tfim_qrc_reference
train,2004-01-02,0.1061746611756908,0.1189300653888848,phase2_feedback_tfim_qrc_reference
train,2004-01-05,0.0991612319591274,0.12037409201791745,phase2_feedback_tfim_qrc_reference
train,2004-01-06,0.1032930850778372,0.12258527125103857,phase2_feedback_tfim_qrc_reference
train,2004-01-07,0.1031200283624492,0.11162240175557711,phase2_feedback_tfim_qrc_reference
train,2004-01-08,0.1095588678699181,0.10643291580083353,phase2_feedback_tfim_qrc_reference
train,2004-01-09,0.1050465626567596,0.11091251662570335,phase2_feedback_tfim_qrc_reference
train,2004-01-12,0.1023902627505408,0.10706117183338854,phase2_feedback_tfim_qrc_reference
train,2004-01-13,0.1070499027129185,0.10644018361253116,phase2_feedback_tfim_qrc_reference
train,2004-01-14,0.103699590203461,0.11104137704683911,phase2_feedback_tfim_qrc_reference
train,2004-01-15,0.1045614521905727,0.1137800928624935,phase2_feedback_tfim_qrc_reference
train,2004-01-16,0.1084229912978941,0.11100435009261508,phase2_feedback_tfim_qrc_reference
train,2004-01-20,0.1095375593784608,0.10529961459086919,phase2_feedback_tfim_qrc_reference
train,2004-01-21,0.1067556193645636,0.11351405055111964,phase2_feedback_tfim_qrc_reference
train,2004-01-22,0.1068996914469154,0.12120321408838705,phase2_feedback_tfim_qrc_reference
train,2004-01-23,0.106661735065428,0.11032186424363956,phase2_feedback_tfim_qrc_reference
train,2004-01-26,0.0971824435360604,0.11198265667403896,phase2_feedback_tfim_qrc_reference
train,2004-01-27,0.0912274668770386,0.1092096494978946,phase2_feedback_tfim_qrc_reference
train,2004-01-28,0.0816344359404156,0.11976160608756628,phase2_feedback_tfim_qrc_reference
train,2004-01-29,0.0815992006890307,0.11810956638302175,phase2_feedback_tfim_qrc_reference
train,2004-01-30,0.0887910973747536,0.12225468317239463,phase2_feedback_tfim_qrc_reference
train,2004-02-02,0.0899125039794139,0.12192141249861668,phase2_feedback_tfim_qrc_reference
train,2004-02-03,0.0899487291848807,0.11033477346668608,phase2_feedback_tfim_qrc_reference
train,2004-02-04,0.0855958462958573,0.11611750946268337,phase2_feedback_tfim_qrc_reference
train,2004-02-05,0.085797402753924,0.11747677511479668,phase2_feedback_tfim_qrc_reference
train,2004-02-06,0.0877000338252571,0.11476846713442165,phase2_feedback_tfim_qrc_reference
train,2004-02-09,0.0888425899102087,0.13407401417171835,phase2_feedback_tfim_qrc_reference
train,2004-02-10,0.1066065193702214,0.12434787452034222,phase2_feedback_tfim_qrc_reference
train,2004-02-11,0.110022997162402,0.11417523532714674,phase2_feedback_tfim_qrc_reference
train,2004-02-12,0.1186858501647228,0.11494677715852777,phase2_feedback_tfim_qrc_reference
train,2004-02-13,0.1254885110856252,0.11475825022855297,phase2_feedback_tfim_qrc_reference
train,2004-02-17,0.1228065772425547,0.12240313860588911,phase2_feedback_tfim_qrc_reference
train,2004-02-18,0.1280460334566098,0.114874190245598,phase2_feedback_tfim_qrc_reference
train,2004-02-19,0.1273650104449654,0.11371523077818499,phase2_feedback_tfim_qrc_reference
train,2004-02-20,0.1368805647519872,0.10710249342224812,phase2_feedback_tfim_qrc_reference
train,2004-02-23,0.1439180619410726,0.11116118885979753,phase2_feedback_tfim_qrc_reference
train,2004-02-24,0.1439162421330789,0.11718857423854143,phase2_feedback_tfim_qrc_reference
train,2004-02-25,0.1431762353746087,0.11442319135724817,phase2_feedback_tfim_qrc_reference
train,2004-02-26,0.150576786011209,0.10432253537385787,phase2_feedback_tfim_qrc_reference
train,2004-02-27,0.1505595925265784,0.1408736183391688,phase2_feedback_tfim_qrc_reference
train,2004-03-01,0.1545814840938759,0.11273438559053231,phase2_feedback_tfim_qrc_reference
train,2004-03-02,0.1536368964704579,0.1093042950394414,phase2_feedback_tfim_qrc_reference
train,2004-03-03,0.1535557356500115,0.1061423238639037,phase2_feedback_tfim_qrc_reference
train,2004-03-04,0.1547504593742404,0.10746284305840048,phase2_feedback_tfim_qrc_reference
train,2004-03-05,0.1565890651196899,0.10870091381341217,phase2_feedback_tfim_qrc_reference
train,2004-03-08,0.1516569294775522,0.10812707403872454,phase2_feedback_tfim_qrc_reference
train,2004-03-09,0.1514183755287145,0.11227264232584164,phase2_feedback_tfim_qrc_reference
train,2004-03-10,0.1392626557154576,0.11468674062563418,phase2_feedback_tfim_qrc_reference
train,2004-03-11,0.1315762048734217,0.13903858079306458,phase2_feedback_tfim_qrc_reference
train,2004-03-12,0.123934568648475,0.1398336981719929,phase2_feedback_tfim_qrc_reference
train,2004-03-15,0.1263135207260599,0.1331579773184002,phase2_feedback_tfim_qrc_reference
train,2004-03-16,0.1250360877682945,0.16860165362129093,phase2_feedback_tfim_qrc_reference
train,2004-03-17,0.1194059290544548,0.18240667831812785,phase2_feedback_tfim_qrc_reference
train,2004-03-18,0.1224683984836194,0.15043453982925825,phase2_feedback_tfim_qrc_reference
train,2004-03-19,0.1112090454907056,0.1703462509872638,phase2_feedback_tfim_qrc_reference
train,2004-03-22,0.1179765927539467,0.16979850927013243,phase2_feedback_tfim_qrc_reference
train,2004-03-23,0.1201768945361979,0.1448809033873402,phase2_feedback_tfim_qrc_reference
train,2004-03-24,0.1299135952346572,0.13662296451416311,phase2_feedback_tfim_qrc_reference
train,2004-03-25,0.1212871904262727,0.1363598235065991,phase2_feedback_tfim_qrc_reference
train,2004-03-26,0.1213850280807295,0.1396384075707002,phase2_feedback_tfim_qrc_reference
train,2004-03-29,0.1108661119305703,0.14374253228550884,phase2_feedback_tfim_qrc_reference
train,2004-03-30,0.1195333116307279,0.14286224175059267,phase2_feedback_tfim_qrc_reference
train,2004-03-31,0.1234933515680424,0.13978875611531,phase2_feedback_tfim_qrc_reference
train,2004-04-01,0.1247650680744909,0.14285570435671738,phase2_feedback_tfim_qrc_reference
train,2004-04-02,0.1276158488688103,0.14996215000975185,phase2_feedback_tfim_qrc_reference
train,2004-04-05,0.1261563697521723,0.14589241999568567,phase2_feedback_tfim_qrc_reference
train,2004-04-06,0.1276794027663397,0.14497236468470556,phase2_feedback_tfim_qrc_reference
train,2004-04-07,0.1310441512378125,0.15930671880281094,phase2_feedback_tfim_qrc_reference
train,2004-04-08,0.1435790283369262,0.13585054985546907,phase2_feedback_tfim_qrc_reference
train,2004-04-12,0.1475308826634632,0.12838295531690938,phase2_feedback_tfim_qrc_reference
train,2004-04-13,0.141936991203397,0.13612115477326575,phase2_feedback_tfim_qrc_reference
train,2004-04-14,0.1436090929022143,0.12962376638900452,phase2_feedback_tfim_qrc_reference
train,2004-04-15,0.1437395193216556,0.12267599463756299,phase2_feedback_tfim_qrc_reference
train,2004-04-16,0.1411454193324527,0.1194856996142264,phase2_feedback_tfim_qrc_reference
train,2004-04-19,0.1443932392706126,0.12226709905705749,phase2_feedback_tfim_qrc_reference
train,2004-04-20,0.1325156476403836,0.15573770309027632,phase2_feedback_tfim_qrc_reference
train,2004-04-21,0.1309592547781795,0.17533912243183358,phase2_feedback_tfim_qrc_reference
train,2004-04-22,0.1218014898899636,0.19229507821210412,phase2_feedback_tfim_qrc_reference
train,2004-04-23,0.1219086289786782,0.17975847552408428,phase2_feedback_tfim_qrc_reference
train,2004-04-26,0.1227080692674553,0.18245807240818968,phase2_feedback_tfim_qrc_reference
train,2004-04-27,0.1326572526607696,0.17171561114034067,phase2_feedback_tfim_qrc_reference
train,2004-04-28,0.1249424415348431,0.1694005756957851,phase2_feedback_tfim_qrc_reference
train,2004-04-29,0.12258205627787,0.17407110696830694,phase2_feedback_tfim_qrc_reference
train,2004-04-30,0.1194067473625646,0.17498037692584112,phase2_feedback_tfim_qrc_reference
train,2004-05-03,0.113341670676617,0.16742371270404754,phase2_feedback_tfim_qrc_reference
train,2004-05-04,0.1140725765299065,0.16771025822610222,phase2_feedback_tfim_qrc_reference
train,2004-05-05,0.1164916320923978,0.174898199212087,phase2_feedback_tfim_qrc_reference
train,2004-05-06,0.1158358397017949,0.1638633551951028,phase2_feedback_tfim_qrc_reference
train,2004-05-07,0.1130795248914741,0.17593896020028402,phase2_feedback_tfim_qrc_reference
train,2004-05-10,0.1070832264782417,0.16745885046502879,phase2_feedback_tfim_qrc_reference
train,2004-05-11,0.1080626162237238,0.16561845880005177,phase2_feedback_tfim_qrc_reference
train,2004-05-12,0.107107129606669,0.16831193686620038,phase2_feedback_tfim_qrc_reference
train,2004-05-13,0.1117817109429117,0.151025980923605,phase2_feedback_tfim_qrc_reference
train,2004-05-14,0.1145307284621163,0.14506523813131192,phase2_feedback_tfim_qrc_reference
train,2004-05-17,0.1104096933857072,0.142393659734564,phase2_feedback_tfim_qrc_reference
train,2004-05-18,0.1090858545619575,0.14143277642903274,phase2_feedback_tfim_qrc_reference
train,2004-05-19,0.1085909207964234,0.13502384622009697,phase2_feedback_tfim_qrc_reference
train,2004-05-20,0.1088309730997976,0.1461429111514817,phase2_feedback_tfim_qrc_reference
train,2004-05-21,0.1101100028660456,0.12313688087384453,phase2_feedback_tfim_qrc_reference
train,2004-05-24,0.1132733591930309,0.12335200337933891,phase2_feedback_tfim_qrc_reference
train,2004-05-25,0.10200443295208,0.1149170576987949,phase2_feedback_tfim_qrc_reference
train,2004-05-26,0.1026890093148129,0.11008896579449134,phase2_feedback_tfim_qrc_reference
train,2004-05-27,0.1014816617574248,0.11675804925940304,phase2_feedback_tfim_qrc_reference
train,2004-05-28,0.102536335999841,0.1323299217562849,phase2_feedback_tfim_qrc_reference
train,2004-06-01,0.1041675895917131,0.12948956736217945,phase2_feedback_tfim_qrc_reference
train,2004-06-02,0.1146269191847935,0.11522778859104232,phase2_feedback_tfim_qrc_reference
train,2004-06-03,0.1098556644203124,0.11234448087538701,phase2_feedback_tfim_qrc_reference
train,2004-06-04,0.1107155380666879,0.11427815727052083,phase2_feedback_tfim_qrc_reference
train,2004-06-07,0.0974205018775038,0.12368695006317969,phase2_feedback_tfim_qrc_reference
train,2004-06-08,0.1005538174736369,0.1160848055407818,phase2_feedback_tfim_qrc_reference
train,2004-06-09,0.0954180517920266,0.12876419628558958,phase2_feedback_tfim_qrc_reference
train,2004-06-10,0.0938267487803835,0.12227625985352598,phase2_feedback_tfim_qrc_reference
train,2004-06-14,0.0869904295112978,0.12489178824095745,phase2_feedback_tfim_qrc_reference
train,2004-06-15,0.08401977378003,0.12169480019915589,phase2_feedback_tfim_qrc_reference
train,2004-06-16,0.0871069460344433,0.11203029135123309,phase2_feedback_tfim_qrc_reference
train,2004-06-17,0.0869934957618222,0.1205982906167618,phase2_feedback_tfim_qrc_reference
train,2004-06-18,0.0880445409506612,0.14142298851057145,phase2_feedback_tfim_qrc_reference
train,2004-06-21,0.097865508834607,0.13217254258600297,phase2_feedback_tfim_qrc_reference
train,2004-06-22,0.1167517336217078,0.13080657868570617,phase2_feedback_tfim_qrc_reference
train,2004-06-23,0.1131297315908971,0.1275821949360809,phase2_feedback_tfim_qrc_reference
train,2004-06-24,0.1164685311971321,0.10877869599074055,phase2_feedback_tfim_qrc_reference
train,2004-06-25,0.1154081090285972,0.11125047269532186,phase2_feedback_tfim_qrc_reference
train,2004-06-28,0.1194521993424308,0.11396321624315818,phase2_feedback_tfim_qrc_reference
train,2004-06-29,0.1190256265470587,0.12312937257551006,phase2_feedback_tfim_qrc_reference
train,2004-06-30,0.1184750384404716,0.1190645356369447,phase2_feedback_tfim_qrc_reference
train,2004-07-01,0.1079282298857695,0.12996215449055454,phase2_feedback_tfim_qrc_reference
train,2004-07-02,0.1081622833982728,0.13678267320429582,phase2_feedback_tfim_qrc_reference
train,2004-07-06,0.1071573491790268,0.13231827475992058,phase2_feedback_tfim_qrc_reference
train,2004-07-07,0.1066471277779496,0.12901484238487787,phase2_feedback_tfim_qrc_reference
train,2004-07-08,0.1189361897522877,0.13042931601085123,phase2_feedback_tfim_qrc_reference
train,2004-07-09,0.1290822365867145,0.135535721450615,phase2_feedback_tfim_qrc_reference
train,2004-07-12,0.129168469911332,0.1255944440415791,phase2_feedback_tfim_qrc_reference
train,2004-07-13,0.1369212241385261,0.11479383274554159,phase2_feedback_tfim_qrc_reference
train,2004-07-14,0.1366848519855079,0.11150972207895782,phase2_feedback_tfim_qrc_reference
train,2004-07-15,0.140251005270348,0.10725898663540806,phase2_feedback_tfim_qrc_reference
train,2004-07-16,0.1403940254856122,0.10935998569091411,phase2_feedback_tfim_qrc_reference
train,2004-07-19,0.1442909316730141,0.10373558569949003,phase2_feedback_tfim_qrc_reference
train,2004-07-20,0.1386017596350837,0.11257742988414385,phase2_feedback_tfim_qrc_reference
train,2004-07-21,0.1271153237811105,0.1069719171259986,phase2_feedback_tfim_qrc_reference
train,2004-07-22,0.1271649240926037,0.15539475088052962,phase2_feedback_tfim_qrc_reference
train,2004-07-23,0.1260804768254479,0.1259397286976943,phase2_feedback_tfim_qrc_reference
train,2004-07-26,0.1262164077436803,0.13045694456958676,phase2_feedback_tfim_qrc_reference
train,2004-07-27,0.1218843154164894,0.11695104567627118,phase2_feedback_tfim_qrc_reference
train,2004-07-28,0.1237761819273329,0.11127955568521021,phase2_feedback_tfim_qrc_reference
train,2004-07-29,0.1228489175819449,0.11473445134150119,phase2_feedback_tfim_qrc_reference
train,2004-07-30,0.1230507006148706,0.12185332072203944,phase2_feedback_tfim_qrc_reference
train,2004-08-02,0.1263051413151519,0.11886505337825311,phase2_feedback_tfim_qrc_reference
train,2004-08-03,0.1246473412573813,0.1264218097730866,phase2_feedback_tfim_qrc_reference
train,2004-08-04,0.1248269675733824,0.12230905907336123,phase2_feedback_tfim_qrc_reference
train,2004-08-05,0.1173073769955848,0.10288355731198551,phase2_feedback_tfim_qrc_reference
train,2004-08-06,0.1065764719463358,0.11757402439786707,phase2_feedback_tfim_qrc_reference
train,2004-08-09,0.108990318498088,0.12517767842178265,phase2_feedback_tfim_qrc_reference
train,2004-08-10,0.0994344855946784,0.13631361352398,phase2_feedback_tfim_qrc_reference
train,2004-08-11,0.0992225827800551,0.13978166153725952,phase2_feedback_tfim_qrc_reference
train,2004-08-12,0.0930706908913336,0.13978785895130028,phase2_feedback_tfim_qrc_reference
train,2004-08-13,0.0935319648634525,0.1375607940361039,phase2_feedback_tfim_qrc_reference
train,2004-08-16,0.0863853325490836,0.12626055885363166,phase2_feedback_tfim_qrc_reference
train,2004-08-17,0.0882723217474485,0.14333016039737173,phase2_feedback_tfim_qrc_reference
train,2004-08-18,0.0811617761653826,0.14785355256542926,phase2_feedback_tfim_qrc_reference
train,2004-08-19,0.0818880698650749,0.1342321333739841,phase2_feedback_tfim_qrc_reference
train,2004-08-20,0.0809144191281146,0.1228115009173251,phase2_feedback_tfim_qrc_reference
train,2004-08-23,0.0818780305823593,0.11627924867815838,phase2_feedback_tfim_qrc_reference
train,2004-08-24,0.0931058330987165,0.11974021046214756,phase2_feedback_tfim_qrc_reference
train,2004-08-25,0.0919614396392155,0.12211534876946792,phase2_feedback_tfim_qrc_reference
train,2004-08-26,0.0933911701807856,0.12042799871954933,phase2_feedback_tfim_qrc_reference
train,2004-08-27,0.0954558176169349,0.12549667695567673,phase2_feedback_tfim_qrc_reference
train,2004-08-30,0.0923756256299592,0.11158453443897036,phase2_feedback_tfim_qrc_reference
train,2004-08-31,0.0922259088311595,0.11684486345597152,phase2_feedback_tfim_qrc_reference
train,2004-09-01,0.0920171150352643,0.11519875636624148,phase2_feedback_tfim_qrc_reference
train,2004-09-02,0.1020515196915037,0.11996944656254593,phase2_feedback_tfim_qrc_reference
train,2004-09-03,0.101185164744729,0.1222716342565368,phase2_feedback_tfim_qrc_reference
train,2004-09-07,0.0984723899745845,0.12673718036069082,phase2_feedback_tfim_qrc_reference
train,2004-09-08,0.1005952347700342,0.12336066574057404,phase2_feedback_tfim_qrc_reference
train,2004-09-09,0.1069376132287139,0.11476186659524358,phase2_feedback_tfim_qrc_reference
train,2004-09-10,0.1094283741950129,0.11717687374990608,phase2_feedback_tfim_qrc_reference
train,2004-09-13,0.1097714916559005,0.11568918731938747,phase2_feedback_tfim_qrc_reference
train,2004-09-14,0.1104083848091169,0.126563202292616,phase2_feedback_tfim_qrc_reference
train,2004-09-15,0.111565867587632,0.1076335001839281,phase2_feedback_tfim_qrc_reference
train,2004-09-16,0.1147161125758479,0.11984461789903456,phase2_feedback_tfim_qrc_reference
train,2004-09-17,0.1154473032073657,0.11847412980922142,phase2_feedback_tfim_qrc_reference
train,2004-09-20,0.1142327826783954,0.12242586857257506,phase2_feedback_tfim_qrc_reference
train,2004-09-21,0.1170952538656164,0.12674492287465963,phase2_feedback_tfim_qrc_reference
train,2004-09-22,0.1085041440070929,0.12925527680151155,phase2_feedback_tfim_qrc_reference
train,2004-09-23,0.1092607042814502,0.13246744965111076,phase2_feedback_tfim_qrc_reference
train,2004-09-24,0.1152462328237773,0.1424613194007868,phase2_feedback_tfim_qrc_reference
train,2004-09-27,0.1130701063580569,0.13627507181703916,phase2_feedback_tfim_qrc_reference
train,2004-09-28,0.1240948535226481,0.13299987552008877,phase2_feedback_tfim_qrc_reference
train,2004-09-29,0.1299195740860067,0.12311904189526304,phase2_feedback_tfim_qrc_reference
train,2004-09-30,0.1303327028454309,0.1150647150721525,phase2_feedback_tfim_qrc_reference
train,2004-10-01,0.1159455827172133,0.11756445459285891,phase2_feedback_tfim_qrc_reference
train,2004-10-04,0.1162002980026581,0.12167055729688271,phase2_feedback_tfim_qrc_reference
train,2004-10-05,0.116191942438358,0.13697403609354505,phase2_feedback_tfim_qrc_reference
train,2004-10-06,0.1223680308388282,0.12599920221125055,phase2_feedback_tfim_qrc_reference
train,2004-10-07,0.1263534293208004,0.12574000975404967,phase2_feedback_tfim_qrc_reference
train,2004-10-08,0.1248366977790244,0.12136276333379971,phase2_feedback_tfim_qrc_reference
train,2004-10-11,0.1241006754049209,0.13404165283397676,phase2_feedback_tfim_qrc_reference
train,2004-10-12,0.1235223521110004,0.13225874796830733,phase2_feedback_tfim_qrc_reference
train,2004-10-13,0.1195044167333914,0.13704957684634989,phase2_feedback_tfim_qrc_reference
train,2004-10-14,0.1190721864011063,0.12201055479027974,phase2_feedback_tfim_qrc_reference
train,2004-10-15,0.1206770534162811,0.12805764566325706,phase2_feedback_tfim_qrc_reference
train,2004-10-18,0.120249922594778,0.11931714226554238,phase2_feedback_tfim_qrc_reference
train,2004-10-19,0.1192073636360144,0.11649772082242793,phase2_feedback_tfim_qrc_reference
train,2004-10-20,0.1208398522650072,0.12933349581892856,phase2_feedback_tfim_qrc_reference
train,2004-10-21,0.1187178763072439,0.11583806118434473,phase2_feedback_tfim_qrc_reference
train,2004-10-22,0.1185738835879614,0.12152195382161166,phase2_feedback_tfim_qrc_reference
train,2004-10-25,0.1196968224299725,0.11588777527608135,phase2_feedback_tfim_qrc_reference
train,2004-10-26,0.1070271705899326,0.13190124710688383,phase2_feedback_tfim_qrc_reference
train,2004-10-27,0.0986322226947462,0.12215241995716684,phase2_feedback_tfim_qrc_reference
train,2004-10-28,0.0980898208758424,0.12498130582729569,phase2_feedback_tfim_qrc_reference
train,2004-10-29,0.0994224592981009,0.11244435772698382,phase2_feedback_tfim_qrc_reference
train,2004-11-01,0.0989766533470841,0.11537201000081755,phase2_feedback_tfim_qrc_reference
train,2004-11-02,0.1067915348445293,0.12457601366970063,phase2_feedback_tfim_qrc_reference
train,2004-11-03,0.0971577603768675,0.11667897833746718,phase2_feedback_tfim_qrc_reference
train,2004-11-04,0.084426540108705,0.11653302125568482,phase2_feedback_tfim_qrc_reference
train,2004-11-05,0.0814740165943371,0.1272088151547772,phase2_feedback_tfim_qrc_reference
train,2004-11-08,0.0878311001046761,0.14003567332254663,phase2_feedback_tfim_qrc_reference
train,2004-11-09,0.0899622299575268,0.11779423610291401,phase2_feedback_tfim_qrc_reference
train,2004-11-10,0.0907894342351374,0.12482708390093442,phase2_feedback_tfim_qrc_reference
train,2004-11-11,0.086784626065242,0.12618465528743913,phase2_feedback_tfim_qrc_reference
train,2004-11-12,0.0877614730162372,0.11278156402116005,phase2_feedback_tfim_qrc_reference
train,2004-11-15,0.0881981823286321,0.11551103202810081,phase2_feedback_tfim_qrc_reference
train,2004-11-16,0.0844709658368241,0.10629612150065487,phase2_feedback_tfim_qrc_reference
train,2004-11-17,0.0818404741222834,0.10680050184713562,phase2_feedback_tfim_qrc_reference
train,2004-11-18,0.0850843325583667,0.11644089622343091,phase2_feedback_tfim_qrc_reference
train,2004-11-19,0.075269585783869,0.13755432594071162,phase2_feedback_tfim_qrc_reference
train,2004-11-22,0.0782416742489849,0.12386657281863556,phase2_feedback_tfim_qrc_reference
train,2004-11-23,0.0785204694829395,0.11844746219178622,phase2_feedback_tfim_qrc_reference
train,2004-11-24,0.0781145094124093,0.1115392743698202,phase2_feedback_tfim_qrc_reference
train,2004-11-26,0.0784136043338808,0.12249339770719221,phase2_feedback_tfim_qrc_reference
train,2004-11-29,0.0791253153113934,0.11038550956977516,phase2_feedback_tfim_qrc_reference
train,2004-11-30,0.0792640783755116,0.11224155883574609,phase2_feedback_tfim_qrc_reference
train,2004-12-01,0.0686915609985015,0.1230763922240637,phase2_feedback_tfim_qrc_reference
train,2004-12-02,0.0690497229738755,0.10925663693481613,phase2_feedback_tfim_qrc_reference
train,2004-12-03,0.0710193971620043,0.1144054717542764,phase2_feedback_tfim_qrc_reference
train,2004-12-06,0.0833475335263734,0.10941743351857398,phase2_feedback_tfim_qrc_reference
train,2004-12-07,0.0803002460436534,0.1076118387939336,phase2_feedback_tfim_qrc_reference
train,2004-12-08,0.0796521412738154,0.11356498956670281,phase2_feedback_tfim_qrc_reference
train,2004-12-09,0.0788251058287407,0.11245489353445279,phase2_feedback_tfim_qrc_reference
train,2004-12-10,0.0805049668929785,0.11624832257265866,phase2_feedback_tfim_qrc_reference
train,2004-12-13,0.078323723120334,0.12575987961556778,phase2_feedback_tfim_qrc_reference
train,2004-12-14,0.0782210150482105,0.11782653492685322,phase2_feedback_tfim_qrc_reference
train,2004-12-15,0.083228008071227,0.11002572753115647,phase2_feedback_tfim_qrc_reference
train,2004-12-16,0.0852704321478376,0.11076832981183715,phase2_feedback_tfim_qrc_reference
train,2004-12-17,0.0897551172203395,0.10306659891030719,phase2_feedback_tfim_qrc_reference
train,2004-12-20,0.0972066708853082,0.10180457546022424,phase2_feedback_tfim_qrc_reference
train,2004-12-21,0.0958012404285545,0.11194177338936871,phase2_feedback_tfim_qrc_reference
train,2004-12-22,0.0978829719543046,0.11348452271955382,phase2_feedback_tfim_qrc_reference
train,2004-12-23,0.0980969500917792,0.10254406024544908,phase2_feedback_tfim_qrc_reference
train,2004-12-27,0.0983340873080212,0.09934010041598414,phase2_feedback_tfim_qrc_reference
train,2004-12-28,0.0969874914399434,0.10165644511256443,phase2_feedback_tfim_qrc_reference
train,2004-12-29,0.0970329828346219,0.10149677059188092,phase2_feedback_tfim_qrc_reference
train,2004-12-30,0.0967989974663788,0.11794293296013798,phase2_feedback_tfim_qrc_reference
train,2004-12-31,0.0989730015578922,0.11256755300205276,phase2_feedback_tfim_qrc_reference
train,2005-01-03,0.1000924523186592,0.10124710344575294,phase2_feedback_tfim_qrc_reference
train,2005-01-04,0.0907149248105578,0.098732566027232,phase2_feedback_tfim_qrc_reference
train,2005-01-05,0.0874516880856541,0.09844534281932273,phase2_feedback_tfim_qrc_reference
train,2005-01-06,0.0918014502615961,0.10553530846542791,phase2_feedback_tfim_qrc_reference
train,2005-01-07,0.0917818130010071,0.10301844461874506,phase2_feedback_tfim_qrc_reference
train,2005-01-10,0.0903359738604808,0.10712849016787411,phase2_feedback_tfim_qrc_reference
train,2005-01-11,0.0909390038631808,0.10246594566507014,phase2_feedback_tfim_qrc_reference
train,2005-01-12,0.0910840131485941,0.10332097579344063,phase2_feedback_tfim_qrc_reference
train,2005-01-13,0.0916798251832497,0.111255556967672,phase2_feedback_tfim_qrc_reference
train,2005-01-14,0.0897986718816678,0.10983673190686115,phase2_feedback_tfim_qrc_reference
train,2005-01-18,0.0829998263585728,0.10891826743509171,phase2_feedback_tfim_qrc_reference
train,2005-01-19,0.0741653896770561,0.11831652978767034,phase2_feedback_tfim_qrc_reference
train,2005-01-20,0.0765552871145607,0.11428123815053058,phase2_feedback_tfim_qrc_reference
train,2005-01-21,0.0735312285780151,0.11193959839356048,phase2_feedback_tfim_qrc_reference
train,2005-01-24,0.090473407780961,0.11637396284254316,phase2_feedback_tfim_qrc_reference
train,2005-01-25,0.0934202864122387,0.11712278606229748,phase2_feedback_tfim_qrc_reference
train,2005-01-26,0.095719801856389,0.11736125841767305,phase2_feedback_tfim_qrc_reference
train,2005-01-27,0.1017234943320271,0.11882709426290439,phase2_feedback_tfim_qrc_reference
train,2005-01-28,0.104394730099483,0.10932882676472415,phase2_feedback_tfim_qrc_reference
train,2005-01-31,0.1035599903286974,0.1060812351404141,phase2_feedback_tfim_qrc_reference
train,2005-02-01,0.1011106153763254,0.1080752124368651,phase2_feedback_tfim_qrc_reference
train,2005-02-02,0.1005500904506735,0.11053996547379202,phase2_feedback_tfim_qrc_reference
train,2005-02-03,0.1096303684925916,0.10612671969438069,phase2_feedback_tfim_qrc_reference
train,2005-02-04,0.10449003648326,0.10903785509276882,phase2_feedback_tfim_qrc_reference
train,2005-02-07,0.1052302069385281,0.1193473422311495,phase2_feedback_tfim_qrc_reference
train,2005-02-08,0.1123880518442887,0.12080948947819786,phase2_feedback_tfim_qrc_reference
train,2005-02-09,0.1094623448838808,0.11906433810473423,phase2_feedback_tfim_qrc_reference
train,2005-02-10,0.1115462631410726,0.11528368690785049,phase2_feedback_tfim_qrc_reference
train,2005-02-11,0.1095639329104275,0.10975597396344719,phase2_feedback_tfim_qrc_reference
train,2005-02-14,0.1134146812566263,0.10560677049406654,phase2_feedback_tfim_qrc_reference
train,2005-02-15,0.1166376853261908,0.11350704739282555,phase2_feedback_tfim_qrc_reference
train,2005-02-16,0.1168328028202268,0.11334798336170292,phase2_feedback_tfim_qrc_reference
train,2005-02-17,0.1137139247390931,0.10724739882092267,phase2_feedback_tfim_qrc_reference
train,2005-02-18,0.1143801109573181,0.11343661742376496,phase2_feedback_tfim_qrc_reference
train,2005-02-22,0.1075629555081357,0.10811986768650737,phase2_feedback_tfim_qrc_reference
train,2005-02-23,0.1045774169910078,0.1202095640198087,phase2_feedback_tfim_qrc_reference
train,2005-02-24,0.1020138008855446,0.12278056712961921,phase2_feedback_tfim_qrc_reference
train,2005-02-25,0.0959756497237522,0.12914120667621068,phase2_feedback_tfim_qrc_reference
train,2005-02-28,0.0960294746910647,0.12839859519498154,phase2_feedback_tfim_qrc_reference
train,2005-03-01,0.1067823565421957,0.14001459118171,phase2_feedback_tfim_qrc_reference
train,2005-03-02,0.1069724199659396,0.12804979849154785,phase2_feedback_tfim_qrc_reference
train,2005-03-03,0.1081501726295221,0.12878506674840912,phase2_feedback_tfim_qrc_reference
train,2005-03-04,0.0990036074999888,0.12817789785019995,phase2_feedback_tfim_qrc_reference
train,2005-03-07,0.100413888813912,0.11679646610737729,phase2_feedback_tfim_qrc_reference
train,2005-03-08,0.1002820036853505,0.12090034346899114,phase2_feedback_tfim_qrc_reference
train,2005-03-09,0.0940562984837744,0.11801934726979547,phase2_feedback_tfim_qrc_reference
train,2005-03-10,0.1008005714184698,0.13921187936721205,phase2_feedback_tfim_qrc_reference
train,2005-03-11,0.0976954596755164,0.13316839619062296,phase2_feedback_tfim_qrc_reference
train,2005-03-14,0.0969174439616039,0.13215216399044247,phase2_feedback_tfim_qrc_reference
train,2005-03-15,0.1014950501673632,0.13729274620621873,phase2_feedback_tfim_qrc_reference
train,2005-03-16,0.1075049703562688,0.12774519848544266,phase2_feedback_tfim_qrc_reference
train,2005-03-17,0.1183575817218488,0.12290428115578603,phase2_feedback_tfim_qrc_reference
train,2005-03-18,0.1183861771324584,0.12091153918472408,phase2_feedback_tfim_qrc_reference
train,2005-03-21,0.1209575188216227,0.12519906890468302,phase2_feedback_tfim_qrc_reference
train,2005-03-22,0.1257091973458005,0.13200248827010985,phase2_feedback_tfim_qrc_reference
train,2005-03-23,0.1430196187581766,0.13152246257723152,phase2_feedback_tfim_qrc_reference
train,2005-03-24,0.1435915634860914,0.1242043865790836,phase2_feedback_tfim_qrc_reference
train,2005-03-28,0.145373052735581,0.11928710140295544,phase2_feedback_tfim_qrc_reference
train,2005-03-29,0.1475564777318485,0.11956912266222507,phase2_feedback_tfim_qrc_reference
train,2005-03-30,0.1395473165422699,0.1530696000664821,phase2_feedback_tfim_qrc_reference
train,2005-03-31,0.1464098107328954,0.12103186389623505,phase2_feedback_tfim_qrc_reference
train,2005-04-01,0.1532004712416405,0.11822552142927366,phase2_feedback_tfim_qrc_reference
train,2005-04-04,0.1543666128543851,0.13246111358284846,phase2_feedback_tfim_qrc_reference
train,2005-04-05,0.1535640557859945,0.1260602821784757,phase2_feedback_tfim_qrc_reference
train,2005-04-06,0.1554855713806467,0.12653607404957506,phase2_feedback_tfim_qrc_reference
train,2005-04-07,0.1543124448176115,0.11402373020137328,phase2_feedback_tfim_qrc_reference
train,2005-04-08,0.1502030349481466,0.11063414073744866,phase2_feedback_tfim_qrc_reference
train,2005-04-11,0.1517908366058534,0.12233010018694003,phase2_feedback_tfim_qrc_reference
train,2005-04-12,0.1551492356679756,0.11946947654856518,phase2_feedback_tfim_qrc_reference
train,2005-04-13,0.1505823982514859,0.11373712737946974,phase2_feedback_tfim_qrc_reference
train,2005-04-14,0.1484767733383938,0.13525735345049705,phase2_feedback_tfim_qrc_reference
train,2005-04-15,0.1399742377380249,0.13150373176114605,phase2_feedback_tfim_qrc_reference
train,2005-04-18,0.1433943349490441,0.14641470155339603,phase2_feedback_tfim_qrc_reference
train,2005-04-19,0.1425846737279296,0.13203675682410607,phase2_feedback_tfim_qrc_reference
train,2005-04-20,0.138436553262274,0.15144340524073716,phase2_feedback_tfim_qrc_reference
train,2005-04-21,0.121350299645061,0.1611572536013269,phase2_feedback_tfim_qrc_reference
train,2005-04-22,0.1207045545167188,0.15775729628927315,phase2_feedback_tfim_qrc_reference
train,2005-04-25,0.1200543639126337,0.1587391888844704,phase2_feedback_tfim_qrc_reference
train,2005-04-26,0.1152456384006027,0.1654181889250052,phase2_feedback_tfim_qrc_reference
train,2005-04-27,0.1144427254719851,0.16499442045563553,phase2_feedback_tfim_qrc_reference
train,2005-04-28,0.107009390523666,0.14937307681670836,phase2_feedback_tfim_qrc_reference
train,2005-04-29,0.0958952735352825,0.15681655089445826,phase2_feedback_tfim_qrc_reference
train,2005-05-02,0.0965442337764069,0.14013765548949075,phase2_feedback_tfim_qrc_reference
train,2005-05-03,0.10096642174362,0.1326847290825545,phase2_feedback_tfim_qrc_reference
train,2005-05-04,0.0975078710521791,0.13093382130126294,phase2_feedback_tfim_qrc_reference
train,2005-05-05,0.09914317032902,0.13908052339225171,phase2_feedback_tfim_qrc_reference
train,2005-05-06,0.0985622258248168,0.13821868786265604,phase2_feedback_tfim_qrc_reference
train,2005-05-09,0.0960976552061699,0.13719914211459192,phase2_feedback_tfim_qrc_reference
train,2005-05-10,0.0889480683337533,0.1346963104829722,phase2_feedback_tfim_qrc_reference
train,2005-05-11,0.0884170234232187,0.13542553670160148,phase2_feedback_tfim_qrc_reference
train,2005-05-12,0.0796457813373831,0.1391106766574138,phase2_feedback_tfim_qrc_reference
train,2005-05-13,0.0801202678979983,0.1518471666256489,phase2_feedback_tfim_qrc_reference
train,2005-05-16,0.0734832927550253,0.13885097556250334,phase2_feedback_tfim_qrc_reference
train,2005-05-17,0.0699085018435552,0.1352508401342865,phase2_feedback_tfim_qrc_reference
train,2005-05-18,0.0604047161402343,0.1487279505069677,phase2_feedback_tfim_qrc_reference
train,2005-05-19,0.0599872520790889,0.1369615277975247,phase2_feedback_tfim_qrc_reference
train,2005-05-20,0.0597846418578448,0.12525792836648209,phase2_feedback_tfim_qrc_reference
train,2005-05-23,0.0565121959561842,0.1381168515382898,phase2_feedback_tfim_qrc_reference
train,2005-05-24,0.0559743466667488,0.1727320178614358,phase2_feedback_tfim_qrc_reference
train,2005-05-25,0.075195967826841,0.13392536561930984,phase2_feedback_tfim_qrc_reference
train,2005-05-26,0.0773224022870014,0.13802395004707685,phase2_feedback_tfim_qrc_reference
train,2005-05-27,0.0772626690875848,0.13012058134107843,phase2_feedback_tfim_qrc_reference
train,2005-05-31,0.0795593380992993,0.12916722205340497,phase2_feedback_tfim_qrc_reference
train,2005-06-01,0.0742209350934973,0.15394336533735012,phase2_feedback_tfim_qrc_reference
train,2005-06-02,0.0763096694849873,0.15235651287002994,phase2_feedback_tfim_qrc_reference
train,2005-06-03,0.0748899356113589,0.14008081682960966,phase2_feedback_tfim_qrc_reference
train,2005-06-06,0.0800272240143605,0.14037630496290812,phase2_feedback_tfim_qrc_reference
train,2005-06-07,0.0853826294068796,0.14257379786881985,phase2_feedback_tfim_qrc_reference
train,2005-06-08,0.0862673498599096,0.13850300300561796,phase2_feedback_tfim_qrc_reference
train,2005-06-09,0.0937209501228274,0.13353472861922003,phase2_feedback_tfim_qrc_reference
train,2005-06-10,0.0950931450160369,0.13580818337859699,phase2_feedback_tfim_qrc_reference
train,2005-06-13,0.0948885564954471,0.12808199629965195,phase2_feedback_tfim_qrc_reference
train,2005-06-14,0.0946591591662442,0.12597123610238545,phase2_feedback_tfim_qrc_reference
train,2005-06-15,0.0954346337717165,0.12565843982591848,phase2_feedback_tfim_qrc_reference
train,2005-06-16,0.0950234634263442,0.1516151528851418,phase2_feedback_tfim_qrc_reference
train,2005-06-17,0.0951777985512442,0.12491267842445344,phase2_feedback_tfim_qrc_reference
train,2005-06-20,0.0971249430401436,0.1227026144743371,phase2_feedback_tfim_qrc_reference
train,2005-06-21,0.0978543318441333,0.1284297116826526,phase2_feedback_tfim_qrc_reference
train,2005-06-22,0.0999906244261022,0.1324657878192552,phase2_feedback_tfim_qrc_reference
train,2005-06-23,0.0896012715659998,0.14907934848236973,phase2_feedback_tfim_qrc_reference
train,2005-06-24,0.0862875696213711,0.14082448764664762,phase2_feedback_tfim_qrc_reference
train,2005-06-27,0.0862467477491039,0.1277116391672027,phase2_feedback_tfim_qrc_reference
train,2005-06-28,0.082008580285961,0.13358182143337202,phase2_feedback_tfim_qrc_reference
train,2005-06-29,0.0844564748436662,0.11611712593055756,phase2_feedback_tfim_qrc_reference
train,2005-06-30,0.0855747648677312,0.10420490048819768,phase2_feedback_tfim_qrc_reference
train,2005-07-01,0.0849784715207041,0.09717206330406135,phase2_feedback_tfim_qrc_reference
train,2005-07-05,0.0828466084414581,0.10491318102519874,phase2_feedback_tfim_qrc_reference
train,2005-07-06,0.0778401940272663,0.10078423404087801,phase2_feedback_tfim_qrc_reference
train,2005-07-07,0.0817403571170958,0.1302565482449299,phase2_feedback_tfim_qrc_reference
train,2005-07-08,0.075108042922987,0.11979493187810356,phase2_feedback_tfim_qrc_reference
train,2005-07-11,0.0731990833738072,0.11441640160664607,phase2_feedback_tfim_qrc_reference
train,2005-07-12,0.0756787881565094,0.1174342687021104,phase2_feedback_tfim_qrc_reference
train,2005-07-13,0.0755377260015201,0.12846928192850224,phase2_feedback_tfim_qrc_reference
train,2005-07-14,0.0755721785834124,0.13823605725854432,phase2_feedback_tfim_qrc_reference
train,2005-07-15,0.0786434442472056,0.12609922647006633,phase2_feedback_tfim_qrc_reference
train,2005-07-18,0.0803814490447266,0.12554516298486018,phase2_feedback_tfim_qrc_reference
train,2005-07-19,0.0907958281229085,0.11489632516276486,phase2_feedback_tfim_qrc_reference
train,2005-07-20,0.0899864499153543,0.11417872234154201,phase2_feedback_tfim_qrc_reference
train,2005-07-21,0.0875583830228833,0.11378974886457122,phase2_feedback_tfim_qrc_reference
train,2005-07-22,0.0846977758346469,0.11884233207078632,phase2_feedback_tfim_qrc_reference
train,2005-07-25,0.0840967682730594,0.1187161245810335,phase2_feedback_tfim_qrc_reference
train,2005-07-26,0.0842501815172307,0.117993364999987,phase2_feedback_tfim_qrc_reference
train,2005-07-27,0.0891178744752032,0.13482783924086922,phase2_feedback_tfim_qrc_reference
train,2005-07-28,0.0872386074172067,0.12849619501683157,phase2_feedback_tfim_qrc_reference
train,2005-07-29,0.0874003010482379,0.13810143586987747,phase2_feedback_tfim_qrc_reference
train,2005-08-01,0.0915081689267328,0.16852704673623434,phase2_feedback_tfim_qrc_reference
train,2005-08-02,0.0909693430933875,0.13599801737133693,phase2_feedback_tfim_qrc_reference
train,2005-08-03,0.1008703658076474,0.11949397806010532,phase2_feedback_tfim_qrc_reference
train,2005-08-04,0.0967730280627987,0.11979989491882458,phase2_feedback_tfim_qrc_reference
train,2005-08-05,0.093920189382577,0.10980455903878072,phase2_feedback_tfim_qrc_reference
train,2005-08-08,0.1023747168026161,0.11966973841301765,phase2_feedback_tfim_qrc_reference
train,2005-08-09,0.1003048324901033,0.11523765452494812,phase2_feedback_tfim_qrc_reference
train,2005-08-10,0.1009777779286357,0.11136345572841023,phase2_feedback_tfim_qrc_reference
train,2005-08-11,0.1048286220625912,0.10872091208008264,phase2_feedback_tfim_qrc_reference
train,2005-08-12,0.1027722098398591,0.10641172736213568,phase2_feedback_tfim_qrc_reference
train,2005-08-15,0.1023454670722024,0.11604662389448128,phase2_feedback_tfim_qrc_reference
train,2005-08-16,0.0921060306771488,0.11723583329106795,phase2_feedback_tfim_qrc_reference
train,2005-08-17,0.0921218039576826,0.1363202515290329,phase2_feedback_tfim_qrc_reference
train,2005-08-18,0.0954914767119618,0.11957339934280373,phase2_feedback_tfim_qrc_reference
train,2005-08-19,0.0958749003101216,0.117508556520167,phase2_feedback_tfim_qrc_reference
train,2005-08-22,0.1004943454891035,0.1143200971104892,phase2_feedback_tfim_qrc_reference
train,2005-08-23,0.1056615978520788,0.11646588889646385,phase2_feedback_tfim_qrc_reference
train,2005-08-24,0.1015487446451608,0.11009261384317612,phase2_feedback_tfim_qrc_reference
train,2005-08-25,0.1007722156460037,0.1138825087988482,phase2_feedback_tfim_qrc_reference
train,2005-08-26,0.0978799207354492,0.11312039098981164,phase2_feedback_tfim_qrc_reference
train,2005-08-29,0.0940193585450174,0.11744185070137515,phase2_feedback_tfim_qrc_reference
train,2005-08-30,0.0922041289552838,0.14579299704761844,phase2_feedback_tfim_qrc_reference
train,2005-08-31,0.0856803876462626,0.1386058672411612,phase2_feedback_tfim_qrc_reference
train,2005-09-01,0.0863418989127169,0.1285410325136339,phase2_feedback_tfim_qrc_reference
train,2005-09-02,0.0870400007311712,0.12283124436322919,phase2_feedback_tfim_qrc_reference
train,2005-09-06,0.086526050216837,0.12053090570690028,phase2_feedback_tfim_qrc_reference
train,2005-09-07,0.0982193338004659,0.11818852404745984,phase2_feedback_tfim_qrc_reference
train,2005-09-08,0.098346108535839,0.11597928856134393,phase2_feedback_tfim_qrc_reference
train,2005-09-09,0.0939671794645577,0.11769444203602543,phase2_feedback_tfim_qrc_reference
train,2005-09-12,0.098413257630801,0.1122896743978326,phase2_feedback_tfim_qrc_reference
train,2005-09-13,0.096544700860251,0.12144559472564113,phase2_feedback_tfim_qrc_reference
train,2005-09-14,0.0996817204609468,0.12582314478842355,phase2_feedback_tfim_qrc_reference
train,2005-09-15,0.0996892657072169,0.1099791991984742,phase2_feedback_tfim_qrc_reference
train,2005-09-16,0.1034210592671834,0.11694736683809583,phase2_feedback_tfim_qrc_reference
train,2005-09-19,0.1035819813501933,0.14920826714468766,phase2_feedback_tfim_qrc_reference
train,2005-09-20,0.1063781008744658,0.10815547029189984,phase2_feedback_tfim_qrc_reference
train,2005-09-21,0.1167759955437512,0.11758332633815287,phase2_feedback_tfim_qrc_reference
train,2005-09-22,0.1321286743476981,0.1293249417320738,phase2_feedback_tfim_qrc_reference
train,2005-09-23,0.1328204281034336,0.1214888915557686,phase2_feedback_tfim_qrc_reference
train,2005-09-26,0.1435336004210315,0.12259705712992669,phase2_feedback_tfim_qrc_reference
train,2005-09-27,0.1437067457087228,0.12084629881138319,phase2_feedback_tfim_qrc_reference
train,2005-09-28,0.1440394073579767,0.1091179888098438,phase2_feedback_tfim_qrc_reference
train,2005-09-29,0.1461564237902858,0.1069217827661957,phase2_feedback_tfim_qrc_reference
train,2005-09-30,0.1543208518097829,0.10818895220085417,phase2_feedback_tfim_qrc_reference
train,2005-10-03,0.1541055177852804,0.1061058946811797,phase2_feedback_tfim_qrc_reference
train,2005-10-04,0.1491533861172579,0.11580747376812299,phase2_feedback_tfim_qrc_reference
train,2005-10-05,0.146334231816192,0.12023677450906894,phase2_feedback_tfim_qrc_reference
train,2005-10-06,0.146558120920276,0.12893819259017378,phase2_feedback_tfim_qrc_reference
train,2005-10-07,0.1461244347234377,0.138441761860531,phase2_feedback_tfim_qrc_reference
train,2005-10-10,0.1430327280049332,0.14366243922203925,phase2_feedback_tfim_qrc_reference
train,2005-10-11,0.1429421433374909,0.13013420784623145,phase2_feedback_tfim_qrc_reference
train,2005-10-12,0.1402533170016385,0.1331623715987722,phase2_feedback_tfim_qrc_reference
train,2005-10-13,0.1428980285920142,0.1308342696117011,phase2_feedback_tfim_qrc_reference
train,2005-10-14,0.1384745439712453,0.13666683985074296,phase2_feedback_tfim_qrc_reference
train,2005-10-17,0.1378643713192064,0.1445225437737659,phase2_feedback_tfim_qrc_reference
train,2005-10-18,0.1329651100267349,0.14864286206465568,phase2_feedback_tfim_qrc_reference
train,2005-10-19,0.1195882131406141,0.14413900209489916,phase2_feedback_tfim_qrc_reference
train,2005-10-20,0.1067891206456734,0.12904415200154085,phase2_feedback_tfim_qrc_reference
train,2005-10-21,0.1067990371249438,0.14157909664363028,phase2_feedback_tfim_qrc_reference
train,2005-10-24,0.0935224872830795,0.14341845972834616,phase2_feedback_tfim_qrc_reference
train,2005-10-25,0.0944843342520442,0.1435236185716637,phase2_feedback_tfim_qrc_reference
train,2005-10-26,0.0961138272227604,0.16805107175317127,phase2_feedback_tfim_qrc_reference
train,2005-10-27,0.0883398364041562,0.1479418524529253,phase2_feedback_tfim_qrc_reference
train,2005-10-28,0.0765902746170245,0.15602861432723575,phase2_feedback_tfim_qrc_reference
train,2005-10-31,0.0760672374228118,0.16754303225184228,phase2_feedback_tfim_qrc_reference
train,2005-11-01,0.0777296318322774,0.16200368522210926,phase2_feedback_tfim_qrc_reference
train,2005-11-02,0.0773163148243844,0.1590490358194291,phase2_feedback_tfim_qrc_reference
train,2005-11-03,0.075953576627599,0.15863738840267186,phase2_feedback_tfim_qrc_reference
train,2005-11-04,0.0761874435287634,0.15001384087752362,phase2_feedback_tfim_qrc_reference
train,2005-11-07,0.0764041956284781,0.13887387498066017,phase2_feedback_tfim_qrc_reference
train,2005-11-08,0.0791780457856205,0.12409284267877405,phase2_feedback_tfim_qrc_reference
train,2005-11-09,0.0790739312730816,0.12267472677510433,phase2_feedback_tfim_qrc_reference
train,2005-11-10,0.074736597442699,0.13148342483657816,phase2_feedback_tfim_qrc_reference
train,2005-11-11,0.0738329093145909,0.13349231760146654,phase2_feedback_tfim_qrc_reference
train,2005-11-14,0.0776288658251014,0.11924665424386786,phase2_feedback_tfim_qrc_reference
train,2005-11-15,0.0777976648242636,0.11408733349557684,phase2_feedback_tfim_qrc_reference
train,2005-11-16,0.0781449967700091,0.13493119533142653,phase2_feedback_tfim_qrc_reference
train,2005-11-17,0.0717993391241429,0.12432781824634732,phase2_feedback_tfim_qrc_reference
train,2005-11-18,0.0727752037352659,0.11561507495752249,phase2_feedback_tfim_qrc_reference
train,2005-11-21,0.0706393677655975,0.1258920483889855,phase2_feedback_tfim_qrc_reference
train,2005-11-22,0.0692123325571604,0.12589337779632123,phase2_feedback_tfim_qrc_reference
train,2005-11-23,0.0686695277998637,0.13065852540706227,phase2_feedback_tfim_qrc_reference
train,2005-11-25,0.0686408214890615,0.12727075687660452,phase2_feedback_tfim_qrc_reference
train,2005-11-28,0.0734440155288459,0.13045673548567083,phase2_feedback_tfim_qrc_reference
train,2005-11-29,0.0737641596728614,0.12120996150846101,phase2_feedback_tfim_qrc_reference
train,2005-11-30,0.0729636101045095,0.12347246574877556,phase2_feedback_tfim_qrc_reference
train,2005-12-01,0.0663175021083719,0.1298576865040228,phase2_feedback_tfim_qrc_reference
train,2005-12-02,0.0906006067922602,0.12244077784680954,phase2_feedback_tfim_qrc_reference
train,2005-12-05,0.0918286005671426,0.12863882623657702,phase2_feedback_tfim_qrc_reference
train,2005-12-06,0.0916090832027653,0.14160851621847978,phase2_feedback_tfim_qrc_reference
train,2005-12-07,0.0939469944267312,0.13361620339920147,phase2_feedback_tfim_qrc_reference
train,2005-12-08,0.0943606038227637,0.13439536419091888,phase2_feedback_tfim_qrc_reference
train,2005-12-09,0.0939709625911181,0.14128654666635174,phase2_feedback_tfim_qrc_reference
train,2005-12-12,0.094584671612627,0.12835085682553335,phase2_feedback_tfim_qrc_reference
train,2005-12-13,0.0925425699268549,0.11846456621694382,phase2_feedback_tfim_qrc_reference
train,2005-12-14,0.0915505731362965,0.13880992910575365,phase2_feedback_tfim_qrc_reference
train,2005-12-15,0.0914827752982505,0.12134549559210846,phase2_feedback_tfim_qrc_reference
train,2005-12-16,0.0918566725828143,0.1144815812425051,phase2_feedback_tfim_qrc_reference
train,2005-12-19,0.0910331122101485,0.14205573263063095,phase2_feedback_tfim_qrc_reference
train,2005-12-20,0.1119999178157346,0.12857474563324894,phase2_feedback_tfim_qrc_reference
train,2005-12-21,0.1125717914921746,0.12409621071294355,phase2_feedback_tfim_qrc_reference
train,2005-12-22,0.1110945219188018,0.13055642900157738,phase2_feedback_tfim_qrc_reference
train,2005-12-23,0.1111200327524842,0.1408271419240619,phase2_feedback_tfim_qrc_reference
train,2005-12-27,0.1068266634574623,0.11585971193081553,phase2_feedback_tfim_qrc_reference
train,2005-12-28,0.1114493944569493,0.10944874812430687,phase2_feedback_tfim_qrc_reference
train,2005-12-29,0.1103521226879966,0.13127603764559176,phase2_feedback_tfim_qrc_reference
train,2005-12-30,0.1117308093039114,0.1135441771139203,phase2_feedback_tfim_qrc_reference
train,2006-01-03,0.0962441956813473,0.10926789242535698,phase2_feedback_tfim_qrc_reference
train,2006-01-04,0.1034341187662769,0.10653407576976634,phase2_feedback_tfim_qrc_reference
train,2006-01-05,0.1049078880536412,0.10411781325513639,phase2_feedback_tfim_qrc_reference
train,2006-01-06,0.1011242829643106,0.11237503907384348,phase2_feedback_tfim_qrc_reference
train,2006-01-09,0.1055373390407525,0.16581037259510012,phase2_feedback_tfim_qrc_reference
train,2006-01-10,0.1102539847531762,0.11911846675374466,phase2_feedback_tfim_qrc_reference
train,2006-01-11,0.1098344540888695,0.1076247614091705,phase2_feedback_tfim_qrc_reference
train,2006-01-12,0.1091256488963243,0.10769461065687104,phase2_feedback_tfim_qrc_reference
train,2006-01-13,0.1092662231454433,0.10290133936445567,phase2_feedback_tfim_qrc_reference
train,2006-01-17,0.1150936992933613,0.12236171946167466,phase2_feedback_tfim_qrc_reference
train,2006-01-18,0.1149024460971728,0.11122824415556878,phase2_feedback_tfim_qrc_reference
train,2006-01-19,0.1171303276559784,0.10688026018466575,phase2_feedback_tfim_qrc_reference
train,2006-01-20,0.0976926953381669,0.11260478783224485,phase2_feedback_tfim_qrc_reference
train,2006-01-23,0.0972710556374091,0.11818996091876346,phase2_feedback_tfim_qrc_reference
train,2006-01-24,0.0995488706761434,0.12563964919746773,phase2_feedback_tfim_qrc_reference
train,2006-01-25,0.0996379715904989,0.12603589564700088,phase2_feedback_tfim_qrc_reference
train,2006-01-26,0.0981180970736419,0.121910342321931,phase2_feedback_tfim_qrc_reference
train,2006-01-27,0.0925060023872429,0.11413538735726138,phase2_feedback_tfim_qrc_reference
train,2006-01-30,0.0984777995202942,0.13868051679555538,phase2_feedback_tfim_qrc_reference
train,2006-01-31,0.1000252217860594,0.12287327359757523,phase2_feedback_tfim_qrc_reference
train,2006-02-01,0.0969300318870364,0.12711637775559806,phase2_feedback_tfim_qrc_reference
train,2006-02-02,0.0891675580152397,0.13104697878399713,phase2_feedback_tfim_qrc_reference
train,2006-02-03,0.0889074961030394,0.13548617609431132,phase2_feedback_tfim_qrc_reference
train,2006-02-06,0.0885972285448908,0.12244727970994373,phase2_feedback_tfim_qrc_reference
train,2006-02-07,0.0831292660135829,0.12323946896047061,phase2_feedback_tfim_qrc_reference
train,2006-02-08,0.0803132961037262,0.12331707337308445,phase2_feedback_tfim_qrc_reference
train,2006-02-09,0.086843909958867,0.13411860822858193,phase2_feedback_tfim_qrc_reference
train,2006-02-10,0.086856266733833,0.13656076438936998,phase2_feedback_tfim_qrc_reference
train,2006-02-13,0.0941894726970791,0.13469685948002308,phase2_feedback_tfim_qrc_reference
train,2006-02-14,0.0878621071573176,0.12873207653139918,phase2_feedback_tfim_qrc_reference
train,2006-02-15,0.0872788387467816,0.11186887246594136,phase2_feedback_tfim_qrc_reference
train,2006-02-16,0.0832170953431564,0.12104298313762213,phase2_feedback_tfim_qrc_reference
train,2006-02-17,0.0828549838470725,0.12012987125745021,phase2_feedback_tfim_qrc_reference
train,2006-02-21,0.0853720405289078,0.12082124773044084,phase2_feedback_tfim_qrc_reference
train,2006-02-22,0.0853941722762063,0.11739799556365418,phase2_feedback_tfim_qrc_reference
train,2006-02-23,0.085551240854423,0.1230127676285305,phase2_feedback_tfim_qrc_reference
train,2006-02-24,0.0851135311484555,0.1175424682086228,phase2_feedback_tfim_qrc_reference
train,2006-02-27,0.0852601924324836,0.11820984729190685,phase2_feedback_tfim_qrc_reference
train,2006-02-28,0.0812474948178305,0.1035414630268035,phase2_feedback_tfim_qrc_reference
train,2006-03-01,0.0781416636408781,0.13512059593521586,phase2_feedback_tfim_qrc_reference
train,2006-03-02,0.0783936678475479,0.12130945061571215,phase2_feedback_tfim_qrc_reference
train,2006-03-03,0.0766414822829891,0.1253065052395304,phase2_feedback_tfim_qrc_reference
train,2006-03-06,0.0749379082358692,0.13105806150638605,phase2_feedback_tfim_qrc_reference
train,2006-03-07,0.0780857089443252,0.12528449168623326,phase2_feedback_tfim_qrc_reference
train,2006-03-08,0.078680265591079,0.12110027651657444,phase2_feedback_tfim_qrc_reference
train,2006-03-09,0.0750638707978849,0.11101701076123245,phase2_feedback_tfim_qrc_reference
train,2006-03-10,0.076307959305314,0.11985365652050073,phase2_feedback_tfim_qrc_reference
train,2006-03-13,0.0762172167428686,0.12882764214683043,phase2_feedback_tfim_qrc_reference
train,2006-03-14,0.0731648678278811,0.13944493743238348,phase2_feedback_tfim_qrc_reference
train,2006-03-15,0.0717485792880634,0.12897157146065374,phase2_feedback_tfim_qrc_reference
train,2006-03-16,0.0715277091364857,0.12880536986774152,phase2_feedback_tfim_qrc_reference
train,2006-03-17,0.0714790778379059,0.11866026291246073,phase2_feedback_tfim_qrc_reference
train,2006-03-20,0.0905260323480776,0.12270290745355847,phase2_feedback_tfim_qrc_reference
train,2006-03-21,0.0879747253110534,0.11523941698049707,phase2_feedback_tfim_qrc_reference
train,2006-03-22,0.0854277263990746,0.11191395809794129,phase2_feedback_tfim_qrc_reference
train,2006-03-23,0.0851121256372834,0.12226940483894481,phase2_feedback_tfim_qrc_reference
train,2006-03-24,0.0853164762621669,0.11469641190189803,phase2_feedback_tfim_qrc_reference
train,2006-03-27,0.0864136255703891,0.11861784933849878,phase2_feedback_tfim_qrc_reference
train,2006-03-28,0.0835941354712086,0.10952909566663689,phase2_feedback_tfim_qrc_reference
train,2006-03-29,0.082392741565475,0.1122054215056188,phase2_feedback_tfim_qrc_reference
train,2006-03-30,0.0830098617264946,0.10875822415415003,phase2_feedback_tfim_qrc_reference
train,2006-03-31,0.0879280693435886,0.10475851692857024,phase2_feedback_tfim_qrc_reference
train,2006-04-03,0.0918159824624845,0.10375454503310204,phase2_feedback_tfim_qrc_reference
train,2006-04-04,0.0899646982247543,0.10969444189162175,phase2_feedback_tfim_qrc_reference
train,2006-04-05,0.0900355388373587,0.12311213714458774,phase2_feedback_tfim_qrc_reference
train,2006-04-06,0.0952146849218859,0.10269097959321422,phase2_feedback_tfim_qrc_reference
train,2006-04-07,0.0881450619525155,0.10405918533467048,phase2_feedback_tfim_qrc_reference
train,2006-04-10,0.0882504463376015,0.10299649144711236,phase2_feedback_tfim_qrc_reference
train,2006-04-11,0.0829356582364927,0.1463483528842524,phase2_feedback_tfim_qrc_reference
train,2006-04-12,0.0932363022807066,0.11082561660293296,phase2_feedback_tfim_qrc_reference
train,2006-04-13,0.1041532008861326,0.12120138507414434,phase2_feedback_tfim_qrc_reference
train,2006-04-17,0.1043879232780908,0.10170952377231737,phase2_feedback_tfim_qrc_reference
train,2006-04-18,0.0883496456041614,0.10855932485808817,phase2_feedback_tfim_qrc_reference
train,2006-04-19,0.1113910873150008,0.11138685542336998,phase2_feedback_tfim_qrc_reference
train,2006-04-20,0.1127234293206929,0.12602751877419452,phase2_feedback_tfim_qrc_reference
train,2006-04-21,0.1154489215630244,0.12411247668096928,phase2_feedback_tfim_qrc_reference
train,2006-04-24,0.1184298518497308,0.11975845721846838,phase2_feedback_tfim_qrc_reference
train,2006-04-25,0.1206066676081981,0.11347650251655363,phase2_feedback_tfim_qrc_reference
train,2006-04-26,0.1238676510372308,0.11474473718804909,phase2_feedback_tfim_qrc_reference
train,2006-04-27,0.1302039992091855,0.10296550216383062,phase2_feedback_tfim_qrc_reference
train,2006-04-28,0.1309051227489182,0.10732623057024925,phase2_feedback_tfim_qrc_reference
train,2006-05-01,0.142621083031469,0.10000275754642317,phase2_feedback_tfim_qrc_reference
train,2006-05-02,0.1455766414857751,0.10407527415366973,phase2_feedback_tfim_qrc_reference
train,2006-05-03,0.1488592743234703,0.11363020925202463,phase2_feedback_tfim_qrc_reference
train,2006-05-04,0.1485006201235359,0.10742081093104619,phase2_feedback_tfim_qrc_reference
train,2006-05-05,0.1542526556874244,0.1205279891039341,phase2_feedback_tfim_qrc_reference
train,2006-05-08,0.1544364543392142,0.11761995415311902,phase2_feedback_tfim_qrc_reference
train,2006-05-09,0.1565714408684624,0.1291564449872913,phase2_feedback_tfim_qrc_reference
train,2006-05-10,0.1565910303274571,0.11019018861235437,phase2_feedback_tfim_qrc_reference
train,2006-05-11,0.1509642456308775,0.12188309637257916,phase2_feedback_tfim_qrc_reference
train,2006-05-12,0.1487032935699519,0.128838003956692,phase2_feedback_tfim_qrc_reference
train,2006-05-15,0.1542119682424979,0.1368824324522968,phase2_feedback_tfim_qrc_reference
train,2006-05-16,0.1565425421268859,0.12694708297816226,phase2_feedback_tfim_qrc_reference
train,2006-05-17,0.1594051779947744,0.13096524020151387,phase2_feedback_tfim_qrc_reference
train,2006-05-18,0.1605019918983654,0.13769518452526425,phase2_feedback_tfim_qrc_reference
train,2006-05-19,0.1610085025697435,0.13460713166684213,phase2_feedback_tfim_qrc_reference
train,2006-05-22,0.1591510823731114,0.13160215206595158,phase2_feedback_tfim_qrc_reference
train,2006-05-23,0.1589996915247619,0.14154345346698083,phase2_feedback_tfim_qrc_reference
train,2006-05-24,0.1572513113236566,0.16587545341311094,phase2_feedback_tfim_qrc_reference
train,2006-05-25,0.1510819558866405,0.14244551794525712,phase2_feedback_tfim_qrc_reference
train,2006-05-26,0.1508182125068214,0.1540625159822931,phase2_feedback_tfim_qrc_reference
train,2006-05-30,0.1401751388610399,0.16404529904981494,phase2_feedback_tfim_qrc_reference
train,2006-05-31,0.1366245206143553,0.16708024951074313,phase2_feedback_tfim_qrc_reference
train,2006-06-01,0.1502094046875126,0.15452513646444438,phase2_feedback_tfim_qrc_reference
train,2006-06-02,0.1500294100558531,0.15341923538650515,phase2_feedback_tfim_qrc_reference
train,2006-06-05,0.1415813147640076,0.1618643726134116,phase2_feedback_tfim_qrc_reference
train,2006-06-06,0.1427711124654165,0.1696026765967981,phase2_feedback_tfim_qrc_reference
train,2006-06-07,0.140632736032121,0.15616590660854454,phase2_feedback_tfim_qrc_reference
train,2006-06-08,0.1424986220281743,0.1591430927386646,phase2_feedback_tfim_qrc_reference
train,2006-06-09,0.1422081538471456,0.16045410624318707,phase2_feedback_tfim_qrc_reference
train,2006-06-12,0.1377254690464611,0.17513852178047803,phase2_feedback_tfim_qrc_reference
train,2006-06-13,0.1367475087814147,0.20889440629782197,phase2_feedback_tfim_qrc_reference
train,2006-06-14,0.1460696229397567,0.16494853838803925,phase2_feedback_tfim_qrc_reference
train,2006-06-15,0.1263845894019486,0.1566271688965677,phase2_feedback_tfim_qrc_reference
train,2006-06-16,0.1238007436958022,0.16607020777942538,phase2_feedback_tfim_qrc_reference
train,2006-06-19,0.121937138626401,0.169449303569857,phase2_feedback_tfim_qrc_reference
train,2006-06-20,0.130828584652105,0.163071453114476,phase2_feedback_tfim_qrc_reference
train,2006-06-21,0.1304703630642522,0.1847987227248212,phase2_feedback_tfim_qrc_reference
train,2006-06-22,0.1319402366933597,0.19109110643276517,phase2_feedback_tfim_qrc_reference
train,2006-06-23,0.1467025165014453,0.1647068658089702,phase2_feedback_tfim_qrc_reference
train,2006-06-26,0.1464110600190017,0.1484057145675471,phase2_feedback_tfim_qrc_reference
train,2006-06-27,0.1432128735190667,0.16055878048645011,phase2_feedback_tfim_qrc_reference
train,2006-06-28,0.1412301281358114,0.1689956068342957,phase2_feedback_tfim_qrc_reference
train,2006-06-29,0.127122352367703,0.1965444717707383,phase2_feedback_tfim_qrc_reference
train,2006-06-30,0.1271686011341218,0.17070821879845124,phase2_feedback_tfim_qrc_reference
train,2006-07-03,0.1273875670132499,0.16666093609927127,phase2_feedback_tfim_qrc_reference
train,2006-07-05,0.1280076279831531,0.17447875250677738,phase2_feedback_tfim_qrc_reference
train,2006-07-06,0.1279375416884623,0.2090328464816231,phase2_feedback_tfim_qrc_reference
train,2006-07-07,0.1259647040381593,0.1695836759997013,phase2_feedback_tfim_qrc_reference
train,2006-07-10,0.1259758738973647,0.16267524748370293,phase2_feedback_tfim_qrc_reference
train,2006-07-11,0.1259001275347371,0.17316735784571063,phase2_feedback_tfim_qrc_reference
train,2006-07-12,0.1205975850765663,0.15833191677190606,phase2_feedback_tfim_qrc_reference
train,2006-07-13,0.1061813714110362,0.1771129569429778,phase2_feedback_tfim_qrc_reference
train,2006-07-14,0.1057635287397122,0.19575371147853302,phase2_feedback_tfim_qrc_reference
train,2006-07-17,0.1056736942841443,0.20535264050713023,phase2_feedback_tfim_qrc_reference
train,2006-07-18,0.1123404532548823,0.17552652433900942,phase2_feedback_tfim_qrc_reference
train,2006-07-19,0.1060353583785414,0.15159281554955856,phase2_feedback_tfim_qrc_reference
train,2006-07-20,0.1034053837601234,0.1710279866337701,phase2_feedback_tfim_qrc_reference
train,2006-07-21,0.1019064993695721,0.17318094928007344,phase2_feedback_tfim_qrc_reference
train,2006-07-24,0.0806444458742361,0.18841782482229388,phase2_feedback_tfim_qrc_reference
train,2006-07-25,0.0796491552646424,0.19347808078397463,phase2_feedback_tfim_qrc_reference
train,2006-07-26,0.0801126171829659,0.21076238453405224,phase2_feedback_tfim_qrc_reference
train,2006-07-27,0.08009856944469,0.1926321569655401,phase2_feedback_tfim_qrc_reference
train,2006-07-28,0.0719844651650466,0.165621117835474,phase2_feedback_tfim_qrc_reference
train,2006-07-31,0.073856056528915,0.15723241211428685,phase2_feedback_tfim_qrc_reference
train,2006-08-01,0.0718603132368299,0.13841764185291316,phase2_feedback_tfim_qrc_reference
train,2006-08-02,0.0677998258711416,0.13624447714105567,phase2_feedback_tfim_qrc_reference
train,2006-08-03,0.067145646780351,0.1355823691973046,phase2_feedback_tfim_qrc_reference
train,2006-08-04,0.0701278472044576,0.12259445565657957,phase2_feedback_tfim_qrc_reference
train,2006-08-07,0.0701100199513128,0.1553031958753754,phase2_feedback_tfim_qrc_reference
train,2006-08-08,0.0753438861061962,0.14225307223386444,phase2_feedback_tfim_qrc_reference
train,2006-08-09,0.076158615862302,0.13997034050323476,phase2_feedback_tfim_qrc_reference
train,2006-08-10,0.0760492821858657,0.19783753023909245,phase2_feedback_tfim_qrc_reference
train,2006-08-11,0.0754656998608373,0.15113141891684298,phase2_feedback_tfim_qrc_reference
train,2006-08-14,0.0830016953313797,0.14055051690918124,phase2_feedback_tfim_qrc_reference
train,2006-08-15,0.0728838197237331,0.14554453494229785,phase2_feedback_tfim_qrc_reference
train,2006-08-16,0.0655498281216469,0.16279034963650016,phase2_feedback_tfim_qrc_reference
train,2006-08-17,0.0657510317515588,0.12474878043236416,phase2_feedback_tfim_qrc_reference
train,2006-08-18,0.0634322596202559,0.11370948703412234,phase2_feedback_tfim_qrc_reference
train,2006-08-21,0.062210243610552,0.11061799078216313,phase2_feedback_tfim_qrc_reference
train,2006-08-22,0.064989025706654,0.11174734498122868,phase2_feedback_tfim_qrc_reference
train,2006-08-23,0.0664995703907191,0.11128414659801274,phase2_feedback_tfim_qrc_reference
train,2006-08-24,0.0673009929907087,0.14739257132695302,phase2_feedback_tfim_qrc_reference
train,2006-08-25,0.072444862367426,0.11603491246952621,phase2_feedback_tfim_qrc_reference
train,2006-08-28,0.076313082172534,0.11496342820109819,phase2_feedback_tfim_qrc_reference
train,2006-08-29,0.0763222954222856,0.13591969021306893,phase2_feedback_tfim_qrc_reference
train,2006-08-30,0.0763028509915396,0.13984008632212588,phase2_feedback_tfim_qrc_reference
train,2006-08-31,0.0763568945548806,0.14012763812504223,phase2_feedback_tfim_qrc_reference
train,2006-09-01,0.0745731596282278,0.13363217627373503,phase2_feedback_tfim_qrc_reference
train,2006-09-05,0.0746411620510418,0.13951477881924124,phase2_feedback_tfim_qrc_reference
train,2006-09-06,0.0793018514904316,0.1228591946685646,phase2_feedback_tfim_qrc_reference
train,2006-09-07,0.0778975335610163,0.12488600477313865,phase2_feedback_tfim_qrc_reference
train,2006-09-08,0.0773696318066564,0.12343346237993234,phase2_feedback_tfim_qrc_reference
train,2006-09-11,0.0773172284344406,0.12074918112558372,phase2_feedback_tfim_qrc_reference
train,2006-09-12,0.06926972947397,0.11940257386139738,phase2_feedback_tfim_qrc_reference
train,2006-09-13,0.0679166181299088,0.1566743465870556,phase2_feedback_tfim_qrc_reference
train,2006-09-14,0.0744945467271848,0.10598426738496092,phase2_feedback_tfim_qrc_reference
train,2006-09-15,0.0745848815027472,0.10193060781647147,phase2_feedback_tfim_qrc_reference
train,2006-09-18,0.0746270720591098,0.15949887721669,phase2_feedback_tfim_qrc_reference
train,2006-09-19,0.0749347100056499,0.1223894290028112,phase2_feedback_tfim_qrc_reference
train,2006-09-20,0.072688381294377,0.11835136300218262,phase2_feedback_tfim_qrc_reference
train,2006-09-21,0.0708582190112722,0.12028527375085556,phase2_feedback_tfim_qrc_reference
train,2006-09-22,0.070037156166584,0.11681867386128786,phase2_feedback_tfim_qrc_reference
train,2006-09-25,0.0665813693756482,0.1118012401549199,phase2_feedback_tfim_qrc_reference
train,2006-09-26,0.0606911204349097,0.11677051822639849,phase2_feedback_tfim_qrc_reference
train,2006-09-27,0.0617354684526638,0.11274248129221498,phase2_feedback_tfim_qrc_reference
train,2006-09-28,0.0626969613082389,0.11184021619504833,phase2_feedback_tfim_qrc_reference
train,2006-09-29,0.0664882087174961,0.10882367721191018,phase2_feedback_tfim_qrc_reference
train,2006-10-02,0.065193004318609,0.10589866452844117,phase2_feedback_tfim_qrc_reference
train,2006-10-03,0.064766698903096,0.1055482194625319,phase2_feedback_tfim_qrc_reference
train,2006-10-04,0.0553946429238281,0.11474878726239589,phase2_feedback_tfim_qrc_reference
train,2006-10-05,0.0550106145045952,0.14634023854255657,phase2_feedback_tfim_qrc_reference
train,2006-10-06,0.0551822011417375,0.13877628697299957,phase2_feedback_tfim_qrc_reference
train,2006-10-09,0.0680113944912529,0.13440305190180055,phase2_feedback_tfim_qrc_reference
train,2006-10-10,0.0691959396623082,0.14505575949328017,phase2_feedback_tfim_qrc_reference
train,2006-10-11,0.0694934110561954,0.1409957716637097,phase2_feedback_tfim_qrc_reference
train,2006-10-12,0.0651330685033335,0.12467973954296599,phase2_feedback_tfim_qrc_reference
train,2006-10-13,0.0645119344086624,0.13095683047149576,phase2_feedback_tfim_qrc_reference
train,2006-10-16,0.0648699586998071,0.10149950284743732,phase2_feedback_tfim_qrc_reference
train,2006-10-17,0.0691929051697811,0.09844195499373912,phase2_feedback_tfim_qrc_reference
train,2006-10-18,0.0697772274502595,0.10435728470169811,phase2_feedback_tfim_qrc_reference
train,2006-10-19,0.0701377283673152,0.1081786149841763,phase2_feedback_tfim_qrc_reference
train,2006-10-20,0.0701407274376739,0.09955977859571954,phase2_feedback_tfim_qrc_reference
train,2006-10-23,0.0682489550673912,0.10218024275445019,phase2_feedback_tfim_qrc_reference
train,2006-10-24,0.0675181623073961,0.10176654050005815,phase2_feedback_tfim_qrc_reference
train,2006-10-25,0.0668029486322511,0.0996786320995274,phase2_feedback_tfim_qrc_reference
train,2006-10-26,0.0674403527439252,0.1003490829927035,phase2_feedback_tfim_qrc_reference
train,2006-10-27,0.0804102568147997,0.10848361701335102,phase2_feedback_tfim_qrc_reference
train,2006-10-30,0.0818227888564823,0.10320635678005664,phase2_feedback_tfim_qrc_reference
train,2006-10-31,0.0897282781598433,0.10135917001134272,phase2_feedback_tfim_qrc_reference
train,2006-11-01,0.0864608364646053,0.10034383340223516,phase2_feedback_tfim_qrc_reference
train,2006-11-02,0.0867906453188977,0.10114659901493042,phase2_feedback_tfim_qrc_reference
train,2006-11-03,0.0906743721448549,0.1021402151128002,phase2_feedback_tfim_qrc_reference
train,2006-11-06,0.0828904015541013,0.12507306606733617,phase2_feedback_tfim_qrc_reference
train,2006-11-07,0.0818226966413736,0.11646466051786969,phase2_feedback_tfim_qrc_reference
train,2006-11-08,0.0829344859952135,0.10550942858362224,phase2_feedback_tfim_qrc_reference
train,2006-11-09,0.081061525835447,0.10585973605064963,phase2_feedback_tfim_qrc_reference
train,2006-11-10,0.0816959971113326,0.10858160392331163,phase2_feedback_tfim_qrc_reference
train,2006-11-13,0.0812762021228648,0.11044683393170074,phase2_feedback_tfim_qrc_reference
train,2006-11-14,0.0769127629571044,0.10981681794744536,phase2_feedback_tfim_qrc_reference
train,2006-11-15,0.0823533239420568,0.10448480638286467,phase2_feedback_tfim_qrc_reference
train,2006-11-16,0.0818480840704571,0.10647445933196929,phase2_feedback_tfim_qrc_reference
train,2006-11-17,0.0824192447148159,0.11459916431559022,phase2_feedback_tfim_qrc_reference
train,2006-11-20,0.0826700725282769,0.11268339152290903,phase2_feedback_tfim_qrc_reference
train,2006-11-21,0.0826185346085559,0.10414990897031264,phase2_feedback_tfim_qrc_reference
train,2006-11-22,0.0833381750409164,0.09934023000949946,phase2_feedback_tfim_qrc_reference
train,2006-11-24,0.0849509343638967,0.09706292536136456,phase2_feedback_tfim_qrc_reference
train,2006-11-27,0.0723622697331179,0.10325803145588777,phase2_feedback_tfim_qrc_reference
train,2006-11-28,0.0744349963702284,0.11882465906121228,phase2_feedback_tfim_qrc_reference
train,2006-11-29,0.0651155065987534,0.12486535775294914,phase2_feedback_tfim_qrc_reference
train,2006-11-30,0.0667500028893797,0.11769616985295722,phase2_feedback_tfim_qrc_reference
train,2006-12-01,0.0665840207561904,0.12365894286360772,phase2_feedback_tfim_qrc_reference
train,2006-12-04,0.0613346591411409,0.11552888663453431,phase2_feedback_tfim_qrc_reference
train,2006-12-05,0.0658496744185518,0.11281302957943122,phase2_feedback_tfim_qrc_reference
train,2006-12-06,0.0677902379679201,0.12121499522011475,phase2_feedback_tfim_qrc_reference
train,2006-12-07,0.0660495386039421,0.11969813058403317,phase2_feedback_tfim_qrc_reference
train,2006-12-08,0.0667780222301132,0.12891274943739242,phase2_feedback_tfim_qrc_reference
train,2006-12-11,0.0677810556165401,0.11892893948717825,phase2_feedback_tfim_qrc_reference
train,2006-12-12,0.0728592166253917,0.11473317048152348,phase2_feedback_tfim_qrc_reference
train,2006-12-13,0.073093190958139,0.10559801971401593,phase2_feedback_tfim_qrc_reference
train,2006-12-14,0.0661453730188532,0.10854018745899932,phase2_feedback_tfim_qrc_reference
train,2006-12-15,0.0672121909995099,0.11021871742114542,phase2_feedback_tfim_qrc_reference
train,2006-12-18,0.0668666978954504,0.11812259386902152,phase2_feedback_tfim_qrc_reference
train,2006-12-19,0.067421170881123,0.12601106025311792,phase2_feedback_tfim_qrc_reference
train,2006-12-20,0.0681976189554312,0.11023248683312202,phase2_feedback_tfim_qrc_reference
train,2006-12-21,0.0727473765637229,0.1074605154483712,phase2_feedback_tfim_qrc_reference
train,2006-12-22,0.081060874840925,0.11061893029556094,phase2_feedback_tfim_qrc_reference
train,2006-12-26,0.0783680215018036,0.11337272981753423,phase2_feedback_tfim_qrc_reference
train,2006-12-27,0.0748935288754904,0.11396294779904628,phase2_feedback_tfim_qrc_reference
train,2006-12-28,0.0767679386055375,0.1131446408829349,phase2_feedback_tfim_qrc_reference
train,2006-12-29,0.0790014631821515,0.11615473326646818,phase2_feedback_tfim_qrc_reference
train,2007-01-03,0.0815491562188199,0.11721677457037577,phase2_feedback_tfim_qrc_reference
train,2007-01-04,0.0813494363897763,0.1256952695939545,phase2_feedback_tfim_qrc_reference
train,2007-01-05,0.0762271868846814,0.11401442011408419,phase2_feedback_tfim_qrc_reference
train,2007-01-08,0.0744526416742407,0.12190275953692499,phase2_feedback_tfim_qrc_reference
train,2007-01-09,0.0748023593471897,0.11234882329965638,phase2_feedback_tfim_qrc_reference
train,2007-01-10,0.0740106479534237,0.11702975290675705,phase2_feedback_tfim_qrc_reference
train,2007-01-11,0.0770771834571691,0.12998835596166436,phase2_feedback_tfim_qrc_reference
train,2007-01-12,0.0732508297301846,0.13228252877219904,phase2_feedback_tfim_qrc_reference
train,2007-01-16,0.0787816411415388,0.11841812259927852,phase2_feedback_tfim_qrc_reference
train,2007-01-17,0.0821229457167006,0.11568464753519006,phase2_feedback_tfim_qrc_reference
train,2007-01-18,0.081383146576731,0.10835607280568238,phase2_feedback_tfim_qrc_reference
train,2007-01-19,0.0811023368642762,0.11163226097533176,phase2_feedback_tfim_qrc_reference
train,2007-01-22,0.0807125179796497,0.11058429493412696,phase2_feedback_tfim_qrc_reference
train,2007-01-23,0.0800459670410402,0.10692515059015761,phase2_feedback_tfim_qrc_reference
train,2007-01-24,0.0748596757497114,0.10610898642511599,phase2_feedback_tfim_qrc_reference
train,2007-01-25,0.0635615654344811,0.11777159420076166,phase2_feedback_tfim_qrc_reference
train,2007-01-26,0.0635917383233131,0.12812578862391238,phase2_feedback_tfim_qrc_reference
train,2007-01-29,0.1550373840190871,0.1326895485982092,phase2_feedback_tfim_qrc_reference
train,2007-01-30,0.1581355531077273,0.12878329118030366,phase2_feedback_tfim_qrc_reference
train,2007-01-31,0.1566949517027948,0.12094702619372175,phase2_feedback_tfim_qrc_reference
train,2007-02-01,0.16215501435481,0.12023378698108934,phase2_feedback_tfim_qrc_reference
train,2007-02-02,0.1655989316245638,0.10899152422179577,phase2_feedback_tfim_qrc_reference
train,2007-02-05,0.1762055832141192,0.10846415178116921,phase2_feedback_tfim_qrc_reference
train,2007-02-06,0.1762387486199503,0.11198015422912153,phase2_feedback_tfim_qrc_reference
train,2007-02-07,0.1785833557690125,0.1318436182372253,phase2_feedback_tfim_qrc_reference
train,2007-02-08,0.178525678627355,0.12726141017621653,phase2_feedback_tfim_qrc_reference
train,2007-02-09,0.1766224096725885,0.10223955387340125,phase2_feedback_tfim_qrc_reference
train,2007-02-12,0.1894777504875297,0.10189090015945869,phase2_feedback_tfim_qrc_reference
train,2007-02-13,0.1889629554900186,0.11729791423530123,phase2_feedback_tfim_qrc_reference
train,2007-02-14,0.1875915173283703,0.1114655892935676,phase2_feedback_tfim_qrc_reference
train,2007-02-15,0.1877980547768546,0.11125043712850377,phase2_feedback_tfim_qrc_reference
train,2007-02-16,0.1925467964730054,0.11862091318511764,phase2_feedback_tfim_qrc_reference
train,2007-02-20,0.1933791478415329,0.11317574479267893,phase2_feedback_tfim_qrc_reference
train,2007-02-21,0.2018673619300705,0.11087492177221467,phase2_feedback_tfim_qrc_reference
train,2007-02-22,0.2018680279502395,0.10415068370070658,phase2_feedback_tfim_qrc_reference
train,2007-02-23,0.2014561804697565,0.10215953629724259,phase2_feedback_tfim_qrc_reference
train,2007-02-26,0.2014861374932141,0.11512960168050324,phase2_feedback_tfim_qrc_reference
train,2007-02-27,0.143762291910374,0.1169387905402984,phase2_feedback_tfim_qrc_reference
train,2007-02-28,0.1415265804500758,0.1346376842789947,phase2_feedback_tfim_qrc_reference
train,2007-03-01,0.1411794321109143,0.15265129604431663,phase2_feedback_tfim_qrc_reference
train,2007-03-02,0.1332025063548752,0.17718291140750575,phase2_feedback_tfim_qrc_reference
train,2007-03-05,0.1288645954886926,0.18155437075753428,phase2_feedback_tfim_qrc_reference
train,2007-03-06,0.1200982194426596,0.17425256220396504,phase2_feedback_tfim_qrc_reference
train,2007-03-07,0.1201105385070099,0.16255868789731104,phase2_feedback_tfim_qrc_reference
train,2007-03-08,0.1167290369698798,0.23078300280796224,phase2_feedback_tfim_qrc_reference
train,2007-03-09,0.1168282481992286,0.1872194586299721,phase2_feedback_tfim_qrc_reference
train,2007-03-12,0.116783101067528,0.1663296531665775,phase2_feedback_tfim_qrc_reference
train,2007-03-13,0.0948469472662209,0.1405437082078614,phase2_feedback_tfim_qrc_reference
train,2007-03-14,0.0924629613295226,0.16195002365370695,phase2_feedback_tfim_qrc_reference
train,2007-03-15,0.0937392883526811,0.1606146949542902,phase2_feedback_tfim_qrc_reference
train,2007-03-16,0.0990632522643317,0.1488271581127854,phase2_feedback_tfim_qrc_reference
train,2007-03-19,0.0899629942683311,0.1405352785837078,phase2_feedback_tfim_qrc_reference
train,2007-03-20,0.0879435185306706,0.12883273475405735,phase2_feedback_tfim_qrc_reference
train,2007-03-21,0.0661658831843283,0.12377660422079098,phase2_feedback_tfim_qrc_reference
train,2007-03-22,0.0740479953331071,0.13725220418278344,phase2_feedback_tfim_qrc_reference
train,2007-03-23,0.075070779631936,0.1626969064333244,phase2_feedback_tfim_qrc_reference
train,2007-03-26,0.0749369217274835,0.14906205262720573,phase2_feedback_tfim_qrc_reference
train,2007-03-27,0.0812209599827722,0.1462016258656961,phase2_feedback_tfim_qrc_reference
train,2007-03-28,0.0770745825234534,0.13962735029779272,phase2_feedback_tfim_qrc_reference
train,2007-03-29,0.0770360180108458,0.12199176982957137,phase2_feedback_tfim_qrc_reference
train,2007-03-30,0.0825086075991785,0.12020581630947079,phase2_feedback_tfim_qrc_reference
train,2007-04-02,0.0829108501573485,0.1148761939970393,phase2_feedback_tfim_qrc_reference
train,2007-04-03,0.076546868847586,0.12112026994884297,phase2_feedback_tfim_qrc_reference
train,2007-04-04,0.0788125633213615,0.14310052491248218,phase2_feedback_tfim_qrc_reference
train,2007-04-05,0.0793692258653033,0.16909998470410723,phase2_feedback_tfim_qrc_reference
train,2007-04-09,0.0792198709175951,0.14793952903860963,phase2_feedback_tfim_qrc_reference
train,2007-04-10,0.0792497581720177,0.16162476341726886,phase2_feedback_tfim_qrc_reference
train,2007-04-11,0.0785044132960375,0.18148417700516759,phase2_feedback_tfim_qrc_reference
train,2007-04-12,0.0854774322446398,0.13948419634011078,phase2_feedback_tfim_qrc_reference
train,2007-04-13,0.0892200343893492,0.1222417934230869,phase2_feedback_tfim_qrc_reference
train,2007-04-16,0.0830376429819181,0.11183463389097288,phase2_feedback_tfim_qrc_reference
train,2007-04-17,0.0825062071143445,0.12225775443203152,phase2_feedback_tfim_qrc_reference
train,2007-04-18,0.0858714817290892,0.13300825181636364,phase2_feedback_tfim_qrc_reference
train,2007-04-19,0.0861534405213644,0.14770106923629642,phase2_feedback_tfim_qrc_reference
train,2007-04-20,0.0852088480981566,0.12635768739760644,phase2_feedback_tfim_qrc_reference
train,2007-04-23,0.0841691177428278,0.11783943110056104,phase2_feedback_tfim_qrc_reference
train,2007-04-24,0.0842031319832003,0.1593436021439212,phase2_feedback_tfim_qrc_reference
train,2007-04-25,0.0777040423090017,0.17423178192931427,phase2_feedback_tfim_qrc_reference
train,2007-04-26,0.0840447368344269,0.1718583253714846,phase2_feedback_tfim_qrc_reference
train,2007-04-27,0.0852852517788733,0.20046245659943845,phase2_feedback_tfim_qrc_reference
train,2007-04-30,0.0810243898535908,0.19139681830437102,phase2_feedback_tfim_qrc_reference
train,2007-05-01,0.0855075365366778,0.1679068858667991,phase2_feedback_tfim_qrc_reference
train,2007-05-02,0.0830431015012645,0.16202467869321358,phase2_feedback_tfim_qrc_reference
train,2007-05-03,0.0826837888861261,0.15028579160224237,phase2_feedback_tfim_qrc_reference
train,2007-05-04,0.0815868371294539,0.13555865920438906,phase2_feedback_tfim_qrc_reference
train,2007-05-07,0.0827894143103553,0.13220573243287045,phase2_feedback_tfim_qrc_reference
train,2007-05-08,0.091125684025302,0.160295868588559,phase2_feedback_tfim_qrc_reference
train,2007-05-09,0.1113063846065037,0.17532517875237308,phase2_feedback_tfim_qrc_reference
train,2007-05-10,0.1144715895473875,0.16279323575623142,phase2_feedback_tfim_qrc_reference
train,2007-05-11,0.1105716028517101,0.14351570602337532,phase2_feedback_tfim_qrc_reference
train,2007-05-14,0.1169637316165735,0.16831527616276323,phase2_feedback_tfim_qrc_reference
train,2007-05-15,0.1283004910313313,0.15426799087018647,phase2_feedback_tfim_qrc_reference
train,2007-05-16,0.12800829649135,0.18783292350454683,phase2_feedback_tfim_qrc_reference
train,2007-05-17,0.1293903265320169,0.14665526636218387,phase2_feedback_tfim_qrc_reference
train,2007-05-18,0.1257320369793929,0.15006136647713192,phase2_feedback_tfim_qrc_reference
train,2007-05-21,0.1260267083235023,0.1454102475589658,phase2_feedback_tfim_qrc_reference
train,2007-05-22,0.1354350784571869,0.12225674250216235,phase2_feedback_tfim_qrc_reference
train,2007-05-23,0.1368557172481307,0.10904526557241968,phase2_feedback_tfim_qrc_reference
train,2007-05-24,0.1371633180625894,0.1114918214593636,phase2_feedback_tfim_qrc_reference
train,2007-05-25,0.1374233132201717,0.1206986436090437,phase2_feedback_tfim_qrc_reference
train,2007-05-29,0.1416509139375315,0.10785233867927477,phase2_feedback_tfim_qrc_reference
train,2007-05-30,0.1474823972283489,0.13069678428553486,phase2_feedback_tfim_qrc_reference
train,2007-05-31,0.147436731980714,0.11522359693287551,phase2_feedback_tfim_qrc_reference
train,2007-06-01,0.1463930293468209,0.10908806484504215,phase2_feedback_tfim_qrc_reference
train,2007-06-04,0.1498379098041493,0.10943274397129961,phase2_feedback_tfim_qrc_reference
train,2007-06-05,0.1497266169470166,0.11309072416951005,phase2_feedback_tfim_qrc_reference
train,2007-06-06,0.1447756990045569,0.10598048653741626,phase2_feedback_tfim_qrc_reference
train,2007-06-07,0.1308749555088411,0.12269786300946729,phase2_feedback_tfim_qrc_reference
train,2007-06-08,0.1225669007957408,0.12971635933508407,phase2_feedback_tfim_qrc_reference
train,2007-06-11,0.1317039937346636,0.13009761060852726,phase2_feedback_tfim_qrc_reference
train,2007-06-12,0.1282959474769962,0.13500358903562582,phase2_feedback_tfim_qrc_reference
train,2007-06-13,0.1295037648219717,0.1321508081681762,phase2_feedback_tfim_qrc_reference
train,2007-06-14,0.1279540399743519,0.13546983340955449,phase2_feedback_tfim_qrc_reference
train,2007-06-15,0.126361716648564,0.1374458082249484,phase2_feedback_tfim_qrc_reference
train,2007-06-18,0.1263060816260319,0.1345398960161484,phase2_feedback_tfim_qrc_reference
train,2007-06-19,0.1261620862805686,0.13839386884921687,phase2_feedback_tfim_qrc_reference
train,2007-06-20,0.1167840228756447,0.13527388421137396,phase2_feedback_tfim_qrc_reference
train,2007-06-21,0.1206496936264717,0.13548285565009338,phase2_feedback_tfim_qrc_reference
train,2007-06-22,0.1163957543275036,0.1289948048113736,phase2_feedback_tfim_qrc_reference
train,2007-06-25,0.1308205245379049,0.13076064075059748,phase2_feedback_tfim_qrc_reference
train,2007-06-26,0.1257850473153818,0.1462598625346507,phase2_feedback_tfim_qrc_reference
train,2007-06-27,0.1433254543091629,0.14110011125679456,phase2_feedback_tfim_qrc_reference
train,2007-06-28,0.1597173566499327,0.15098385188120025,phase2_feedback_tfim_qrc_reference
train,2007-06-29,0.1689503196643903,0.14617291638554594,phase2_feedback_tfim_qrc_reference
train,2007-07-02,0.1707048478381935,0.14983903691008557,phase2_feedback_tfim_qrc_reference
train,2007-07-03,0.1710932804292653,0.15025666981119334,phase2_feedback_tfim_qrc_reference
train,2007-07-05,0.1733697489803655,0.16065329790223024,phase2_feedback_tfim_qrc_reference
train,2007-07-06,0.195658037423085,0.15597573673354778,phase2_feedback_tfim_qrc_reference
train,2007-07-09,0.2043582744294334,0.1487280909634047,phase2_feedback_tfim_qrc_reference
train,2007-07-10,0.2020420409011658,0.1370254397270827,phase2_feedback_tfim_qrc_reference
train,2007-07-11,0.2064151463647376,0.14229173240928014,phase2_feedback_tfim_qrc_reference
train,2007-07-12,0.225645958698442,0.13721469587289956,phase2_feedback_tfim_qrc_reference
train,2007-07-13,0.2260119549315377,0.13007122230064802,phase2_feedback_tfim_qrc_reference
train,2007-07-16,0.2263697180177357,0.154726037825563,phase2_feedback_tfim_qrc_reference
train,2007-07-17,0.2328722687324781,0.17181864508707306,phase2_feedback_tfim_qrc_reference
train,2007-07-18,0.2379337252953617,0.1690193635077883,phase2_feedback_tfim_qrc_reference
train,2007-07-19,0.2390176714784075,0.1705475617204014,phase2_feedback_tfim_qrc_reference
train,2007-07-20,0.2449461057267943,0.1434791116067692,phase2_feedback_tfim_qrc_reference
train,2007-07-23,0.2447115666314271,0.16002929483913075,phase2_feedback_tfim_qrc_reference
train,2007-07-24,0.2368093936116869,0.16558823624639438,phase2_feedback_tfim_qrc_reference
train,2007-07-25,0.2403743659909957,0.2113400052268647,phase2_feedback_tfim_qrc_reference
train,2007-07-26,0.2248427482446461,0.17054218038935676,phase2_feedback_tfim_qrc_reference
train,2007-07-27,0.2179129628158115,0.20413833394599326,phase2_feedback_tfim_qrc_reference
train,2007-07-30,0.2134268993164498,0.2089483997044829,phase2_feedback_tfim_qrc_reference
train,2007-07-31,0.2239600045798741,0.2100372192899916,phase2_feedback_tfim_qrc_reference
train,2007-08-01,0.2337044059647607,0.19183076893162926,phase2_feedback_tfim_qrc_reference
train,2007-08-02,0.2321834103213682,0.1897056614033791,phase2_feedback_tfim_qrc_reference
train,2007-08-03,0.2157520020541594,0.23980927064522056,phase2_feedback_tfim_qrc_reference
train,2007-08-06,0.2105701623941931,0.22613939172117067,phase2_feedback_tfim_qrc_reference
train,2007-08-07,0.2094571078014492,0.21604792112001053,phase2_feedback_tfim_qrc_reference
train,2007-08-08,0.2037738613944659,0.22372335502575277,phase2_feedback_tfim_qrc_reference
train,2007-08-09,0.1805361270499025,0.19409550222755245,phase2_feedback_tfim_qrc_reference
train,2007-08-10,0.1798965498457113,0.18058208405173054,phase2_feedback_tfim_qrc_reference
train,2007-08-13,0.1841037762422833,0.16635082919872676,phase2_feedback_tfim_qrc_reference
train,2007-08-14,0.176034136012345,0.17923301091464502,phase2_feedback_tfim_qrc_reference
train,2007-08-15,0.1708291903882083,0.16432272457925656,phase2_feedback_tfim_qrc_reference
train,2007-08-16,0.1687492704634345,0.1658346548679497,phase2_feedback_tfim_qrc_reference
train,2007-08-17,0.1570602424398586,0.15726689852246747,phase2_feedback_tfim_qrc_reference
train,2007-08-20,0.1878093726753103,0.16363228975864358,phase2_feedback_tfim_qrc_reference
train,2007-08-21,0.1888339150907417,0.18738567063406047,phase2_feedback_tfim_qrc_reference
train,2007-08-22,0.1858323403444033,0.22652116183162027,phase2_feedback_tfim_qrc_reference
train,2007-08-23,0.1860514185077498,0.21306356175927568,phase2_feedback_tfim_qrc_reference
train,2007-08-24,0.1809930960713732,0.1979600776888788,phase2_feedback_tfim_qrc_reference
train,2007-08-27,0.1780644266541386,0.1565160498537818,phase2_feedback_tfim_qrc_reference
train,2007-08-28,0.1607273813325273,0.16509640031925576,phase2_feedback_tfim_qrc_reference
train,2007-08-29,0.1466765622663733,0.1267098268907802,phase2_feedback_tfim_qrc_reference
train,2007-08-30,0.1468495509010476,0.14323514816858643,phase2_feedback_tfim_qrc_reference
train,2007-08-31,0.1481102029407403,0.13818815202746343,phase2_feedback_tfim_qrc_reference
train,2007-09-04,0.143835626058417,0.1596261317060434,phase2_feedback_tfim_qrc_reference
train,2007-09-05,0.1406700180180193,0.18405931176045195,phase2_feedback_tfim_qrc_reference
train,2007-09-06,0.1405423890975798,0.19325234574232225,phase2_feedback_tfim_qrc_reference
train,2007-09-07,0.1379812448374549,0.16879666640030658,phase2_feedback_tfim_qrc_reference
train,2007-09-10,0.1391105087530695,0.17057304890773645,phase2_feedback_tfim_qrc_reference
train,2007-09-11,0.1369870298365459,0.18816303292860673,phase2_feedback_tfim_qrc_reference
train,2007-09-12,0.1368095908031444,0.1658506854447629,phase2_feedback_tfim_qrc_reference
train,2007-09-13,0.1356090744193956,0.1459754260452552,phase2_feedback_tfim_qrc_reference
train,2007-09-14,0.1370155501820583,0.1344733685913856,phase2_feedback_tfim_qrc_reference
train,2007-09-17,0.1389738004829988,0.16194232075831141,phase2_feedback_tfim_qrc_reference
train,2007-09-18,0.0974983004750589,0.1755383554304033,phase2_feedback_tfim_qrc_reference
train,2007-09-19,0.0958480196329057,0.20400397705219656,phase2_feedback_tfim_qrc_reference
train,2007-09-20,0.0934037075537343,0.19339013381737125,phase2_feedback_tfim_qrc_reference
train,2007-09-21,0.1322292689558988,0.18939626816266755,phase2_feedback_tfim_qrc_reference
train,2007-09-24,0.133659994209257,0.21419977931745468,phase2_feedback_tfim_qrc_reference
train,2007-09-25,0.1365156701611538,0.1965282306315912,phase2_feedback_tfim_qrc_reference
train,2007-09-26,0.1353863624786251,0.19172461373851438,phase2_feedback_tfim_qrc_reference
train,2007-09-27,0.1340240738075696,0.1807036382923191,phase2_feedback_tfim_qrc_reference
train,2007-09-28,0.1397636005702221,0.18142017838407526,phase2_feedback_tfim_qrc_reference
train,2007-10-01,0.1344958289062151,0.18359730531449878,phase2_feedback_tfim_qrc_reference
train,2007-10-02,0.1366645117709746,0.17445191860735212,phase2_feedback_tfim_qrc_reference
train,2007-10-03,0.1413217757745262,0.2193576900785337,phase2_feedback_tfim_qrc_reference
train,2007-10-04,0.164347273837728,0.1833103454566858,phase2_feedback_tfim_qrc_reference
train,2007-10-05,0.158959590879991,0.17203203154519892,phase2_feedback_tfim_qrc_reference
train,2007-10-08,0.1601357504275889,0.18853849207441856,phase2_feedback_tfim_qrc_reference
train,2007-10-09,0.163675050538181,0.19390841578792317,phase2_feedback_tfim_qrc_reference
train,2007-10-10,0.1909139967029252,0.1916560757607564,phase2_feedback_tfim_qrc_reference
train,2007-10-11,0.1910024941793981,0.2121121287012494,phase2_feedback_tfim_qrc_reference
train,2007-10-12,0.1962286056684306,0.20905993685226765,phase2_feedback_tfim_qrc_reference
train,2007-10-15,0.197110126090534,0.19100838195614012,phase2_feedback_tfim_qrc_reference
train,2007-10-16,0.222287258800299,0.1687779333067871,phase2_feedback_tfim_qrc_reference
train,2007-10-17,0.222241127151394,0.18003570626858453,phase2_feedback_tfim_qrc_reference
train,2007-10-18,0.2277810769459574,0.16585905864006106,phase2_feedback_tfim_qrc_reference
train,2007-10-19,0.2075321951778742,0.1651728069959766,phase2_feedback_tfim_qrc_reference
train,2007-10-22,0.2124231807836515,0.15299526803683267,phase2_feedback_tfim_qrc_reference
train,2007-10-23,0.2115938370870044,0.17852031801167476,phase2_feedback_tfim_qrc_reference
train,2007-10-24,0.2238658098327208,0.19854952543410279,phase2_feedback_tfim_qrc_reference
train,2007-10-25,0.2318371301476342,0.2000295933375953,phase2_feedback_tfim_qrc_reference
train,2007-10-26,0.2414718493099754,0.17997459963250742,phase2_feedback_tfim_qrc_reference
train,2007-10-29,0.244573198337281,0.18756468248751493,phase2_feedback_tfim_qrc_reference
train,2007-10-30,0.2677560478580111,0.1459538571524954,phase2_feedback_tfim_qrc_reference
train,2007-10-31,0.2652339115241169,0.13916365245994644,phase2_feedback_tfim_qrc_reference
train,2007-11-01,0.2540506010046655,0.14425301926845605,phase2_feedback_tfim_qrc_reference
train,2007-11-02,0.2551020004661069,0.16008622687574667,phase2_feedback_tfim_qrc_reference
train,2007-11-05,0.2556522936321045,0.1623225517274635,phase2_feedback_tfim_qrc_reference
train,2007-11-06,0.2580255636032595,0.16126120181315726,phase2_feedback_tfim_qrc_reference
train,2007-11-07,0.2437800550896258,0.16435349759774376,phase2_feedback_tfim_qrc_reference
train,2007-11-08,0.2431123185758105,0.15277575426798715,phase2_feedback_tfim_qrc_reference
train,2007-11-09,0.2396829837194277,0.17054397477003766,phase2_feedback_tfim_qrc_reference
train,2007-11-12,0.2567776427725903,0.25182649333386414,phase2_feedback_tfim_qrc_reference
train,2007-11-13,0.2362024532220985,0.17629503520322395,phase2_feedback_tfim_qrc_reference
train,2007-11-14,0.2361125864043299,0.1825536979463506,phase2_feedback_tfim_qrc_reference
train,2007-11-15,0.2348214309409445,0.19999687133091032,phase2_feedback_tfim_qrc_reference
train,2007-11-16,0.2402214575322125,0.1882198227979835,phase2_feedback_tfim_qrc_reference
train,2007-11-19,0.235838189260463,0.19963926713584276,phase2_feedback_tfim_qrc_reference
train,2007-11-20,0.2348411882170704,0.18802054532670243,phase2_feedback_tfim_qrc_reference
train,2007-11-21,0.2241907151640063,0.16915526300545924,phase2_feedback_tfim_qrc_reference
train,2007-11-23,0.2216759424783678,0.13779786602860963,phase2_feedback_tfim_qrc_reference
train,2007-11-26,0.2087056219176291,0.1902181289884056,phase2_feedback_tfim_qrc_reference
train,2007-11-27,0.2048659697754855,0.14375501180107125,phase2_feedback_tfim_qrc_reference
train,2007-11-28,0.1774759985450863,0.1408006444830016,phase2_feedback_tfim_qrc_reference
train,2007-11-29,0.1776952685015187,0.16300952164804702,phase2_feedback_tfim_qrc_reference
train,2007-11-30,0.176094312752882,0.19393388784234886,phase2_feedback_tfim_qrc_reference
train,2007-12-03,0.1772906786998331,0.1781547075078015,phase2_feedback_tfim_qrc_reference
train,2007-12-04,0.1744112595995169,0.20162403006961882,phase2_feedback_tfim_qrc_reference
train,2007-12-05,0.1862909115401451,0.18457775480765112,phase2_feedback_tfim_qrc_reference
train,2007-12-06,0.1793554409300131,0.16626274692942472,phase2_feedback_tfim_qrc_reference
train,2007-12-07,0.1884348500224632,0.17012360151666156,phase2_feedback_tfim_qrc_reference
train,2007-12-10,0.1900887013032038,0.17540574427928207,phase2_feedback_tfim_qrc_reference
train,2007-12-11,0.1641088261097094,0.17918983037833774,phase2_feedback_tfim_qrc_reference
train,2007-12-12,0.1629203617837629,0.23600389077173872,phase2_feedback_tfim_qrc_reference
train,2007-12-13,0.1652309790398051,0.19514341802996366,phase2_feedback_tfim_qrc_reference
train,2007-12-14,0.1774613273324405,0.17343035826345113,phase2_feedback_tfim_qrc_reference
train,2007-12-17,0.172721754434976,0.18212027790284158,phase2_feedback_tfim_qrc_reference
train,2007-12-18,0.1952681326571788,0.190931027595145,phase2_feedback_tfim_qrc_reference
train,2007-12-19,0.1986748921502966,0.18862857468025276,phase2_feedback_tfim_qrc_reference
train,2007-12-20,0.2007096994466715,0.13727555526956986,phase2_feedback_tfim_qrc_reference
train,2007-12-21,0.2116633997857643,0.18209211015656016,phase2_feedback_tfim_qrc_reference
train,2007-12-24,0.2121372027797177,0.17387578651145524,phase2_feedback_tfim_qrc_reference
train,2007-12-26,0.2182025045016677,0.17631800816062554,phase2_feedback_tfim_qrc_reference
train,2007-12-27,0.221326101050154,0.2277791590761588,phase2_feedback_tfim_qrc_reference
train,2007-12-28,0.2218415095218737,0.18033478551716048,phase2_feedback_tfim_qrc_reference
train,2007-12-31,0.2218233985248882,0.1761655501184399,phase2_feedback_tfim_qrc_reference
train,2008-01-02,0.2287920535667104,0.16745382749902651,phase2_feedback_tfim_qrc_reference
train,2008-01-03,0.2356950364745956,0.18934054704258044,phase2_feedback_tfim_qrc_reference
train,2008-01-04,0.2232122425768277,0.1617410762995115,phase2_feedback_tfim_qrc_reference
train,2008-01-07,0.2430941666554193,0.14868747359532866,phase2_feedback_tfim_qrc_reference
train,2008-01-08,0.237862384761668,0.15959699139203046,phase2_feedback_tfim_qrc_reference
train,2008-01-09,0.2361112816256438,0.17474469774078177,phase2_feedback_tfim_qrc_reference
train,2008-01-10,0.2360798125235477,0.19366089894829905,phase2_feedback_tfim_qrc_reference
train,2008-01-11,0.2350192271111659,0.16803863088440252,phase2_feedback_tfim_qrc_reference
train,2008-01-14,0.235572482687251,0.16952265188159696,phase2_feedback_tfim_qrc_reference
train,2008-01-15,0.2248439546424742,0.16766993663534044,phase2_feedback_tfim_qrc_reference
train,2008-01-16,0.2249367964507172,0.15388142557993578,phase2_feedback_tfim_qrc_reference
train,2008-01-17,0.2047188036252166,0.17654721735058515,phase2_feedback_tfim_qrc_reference
train,2008-01-18,0.2016608435787426,0.18984876142777876,phase2_feedback_tfim_qrc_reference
train,2008-01-22,0.1986600275387072,0.20890357391511263,phase2_feedback_tfim_qrc_reference
train,2008-01-23,0.1823309563840551,0.2150169398859211,phase2_feedback_tfim_qrc_reference
train,2008-01-24,0.1811875295762923,0.19093574413997816,phase2_feedback_tfim_qrc_reference
train,2008-01-25,0.1792739984197318,0.18766078530296423,phase2_feedback_tfim_qrc_reference
train,2008-01-28,0.1716199081921659,0.15853593099647798,phase2_feedback_tfim_qrc_reference
train,2008-01-29,0.170758771692394,0.19438989998595796,phase2_feedback_tfim_qrc_reference
train,2008-01-30,0.1722944356560529,0.19045488096760899,phase2_feedback_tfim_qrc_reference
train,2008-01-31,0.1788012144453822,0.1684163215448168,phase2_feedback_tfim_qrc_reference
train,2008-02-01,0.1698023204859772,0.15032798992299531,phase2_feedback_tfim_qrc_reference
train,2008-02-04,0.1642818878977399,0.17909408056179377,phase2_feedback_tfim_qrc_reference
train,2008-02-05,0.1349371158095038,0.1546160504921685,phase2_feedback_tfim_qrc_reference
train,2008-02-06,0.1513156876097376,0.1624589698189122,phase2_feedback_tfim_qrc_reference
train,2008-02-07,0.1539470777657219,0.19242360786019544,phase2_feedback_tfim_qrc_reference
train,2008-02-08,0.1593611339407201,0.1661296715692537,phase2_feedback_tfim_qrc_reference
train,2008-02-11,0.2019304657201146,0.17054501820088788,phase2_feedback_tfim_qrc_reference
train,2008-02-12,0.2020275391582478,0.16541455463645097,phase2_feedback_tfim_qrc_reference
train,2008-02-13,0.1989295562150768,0.17760659297182865,phase2_feedback_tfim_qrc_reference
train,2008-02-14,0.2041117418016746,0.17710004678770522,phase2_feedback_tfim_qrc_reference
train,2008-02-15,0.2072709060727405,0.19612689591120594,phase2_feedback_tfim_qrc_reference
train,2008-02-19,0.2524619536243166,0.19263266504577928,phase2_feedback_tfim_qrc_reference
train,2008-02-20,0.2674968925696081,0.19137290372996982,phase2_feedback_tfim_qrc_reference
train,2008-02-21,0.2737167716919636,0.1657119213118491,phase2_feedback_tfim_qrc_reference
train,2008-02-22,0.2817463248400672,0.1604770249566995,phase2_feedback_tfim_qrc_reference
train,2008-02-25,0.278234716419351,0.17533529632866643,phase2_feedback_tfim_qrc_reference
train,2008-02-26,0.2803940864271015,0.17336269299734944,phase2_feedback_tfim_qrc_reference
train,2008-02-27,0.2805951764460677,0.17231100626912024,phase2_feedback_tfim_qrc_reference
train,2008-02-28,0.2805056865227568,0.1575385174479689,phase2_feedback_tfim_qrc_reference
train,2008-02-29,0.2691436253268619,0.16305371969701227,phase2_feedback_tfim_qrc_reference
train,2008-03-03,0.2956542938677864,0.16589205007271568,phase2_feedback_tfim_qrc_reference
train,2008-03-04,0.2953511321007024,0.16095574684517208,phase2_feedback_tfim_qrc_reference
train,2008-03-05,0.2946360320319141,0.1750506906988981,phase2_feedback_tfim_qrc_reference
train,2008-03-06,0.2851553024459787,0.17109324654551497,phase2_feedback_tfim_qrc_reference
train,2008-03-07,0.2827825862163427,0.18614080732400864,phase2_feedback_tfim_qrc_reference
train,2008-03-10,0.2788550045406519,0.18751728448190494,phase2_feedback_tfim_qrc_reference
train,2008-03-11,0.2504341191240112,0.20716687951189847,phase2_feedback_tfim_qrc_reference
train,2008-03-12,0.2482531697126871,0.19302902284974038,phase2_feedback_tfim_qrc_reference
train,2008-03-13,0.2576984787646168,0.20080589898896464,phase2_feedback_tfim_qrc_reference
train,2008-03-14,0.2519511634821765,0.1961544048569166,phase2_feedback_tfim_qrc_reference
train,2008-03-17,0.2494945373198697,0.19579917221967594,phase2_feedback_tfim_qrc_reference
train,2008-03-18,0.2244477787278314,0.20403150912223172,phase2_feedback_tfim_qrc_reference
train,2008-03-19,0.2060989479744897,0.2510182145311715,phase2_feedback_tfim_qrc_reference
train,2008-03-20,0.1989719615242978,0.19823082033901043,phase2_feedback_tfim_qrc_reference
train,2008-03-24,0.1861669551054412,0.19679596342930408,phase2_feedback_tfim_qrc_reference
train,2008-03-25,0.1867932560457549,0.2436090733372008,phase2_feedback_tfim_qrc_reference
train,2008-03-26,0.1816976697802982,0.1938739866858246,phase2_feedback_tfim_qrc_reference
train,2008-03-27,0.1820065434350399,0.19677063493800082,phase2_feedback_tfim_qrc_reference
train,2008-03-28,0.1817465026758969,0.22320774444180108,phase2_feedback_tfim_qrc_reference
train,2008-03-31,0.1813250967928403,0.1921444439585045,phase2_feedback_tfim_qrc_reference
train,2008-04-01,0.1342745338871727,0.16754470589149398,phase2_feedback_tfim_qrc_reference
train,2008-04-02,0.1358852846988414,0.2325191594891826,phase2_feedback_tfim_qrc_reference
train,2008-04-03,0.1538485357072536,0.21980276704338778,phase2_feedback_tfim_qrc_reference
train,2008-04-04,0.1541110876586294,0.2030682355968571,phase2_feedback_tfim_qrc_reference
train,2008-04-07,0.1550462098409093,0.19684616080348447,phase2_feedback_tfim_qrc_reference
train,2008-04-08,0.1579987126514057,0.18549625628581237,phase2_feedback_tfim_qrc_reference
train,2008-04-09,0.1684298390162545,0.18904768486073228,phase2_feedback_tfim_qrc_reference
train,2008-04-10,0.1686063466788671,0.2282271017098675,phase2_feedback_tfim_qrc_reference
train,2008-04-11,0.1537271134688514,0.2190345179249688,phase2_feedback_tfim_qrc_reference
train,2008-04-14,0.158302478523953,0.18277319562020522,phase2_feedback_tfim_qrc_reference
train,2008-04-15,0.158087162750273,0.17762000648402199,phase2_feedback_tfim_qrc_reference
train,2008-04-16,0.126651810268802,0.22059599136240418,phase2_feedback_tfim_qrc_reference
train,2008-04-17,0.1340106676461463,0.21081161348137217,phase2_feedback_tfim_qrc_reference
train,2008-04-18,0.1288872843924445,0.2164320931281861,phase2_feedback_tfim_qrc_reference
train,2008-04-21,0.1292386494604465,0.20332110120339156,phase2_feedback_tfim_qrc_reference
train,2008-04-22,0.1315013794940606,0.18598239643146192,phase2_feedback_tfim_qrc_reference
train,2008-04-23,0.144662634506539,0.17014923184237926,phase2_feedback_tfim_qrc_reference
train,2008-04-24,0.1438383695773432,0.15817257086647254,phase2_feedback_tfim_qrc_reference
train,2008-04-25,0.1480368442215797,0.15240852613460026,phase2_feedback_tfim_qrc_reference
train,2008-04-28,0.1503369863898092,0.13857925862199458,phase2_feedback_tfim_qrc_reference
train,2008-04-29,0.1505724719150374,0.14288175746780804,phase2_feedback_tfim_qrc_reference
train,2008-04-30,0.15016013704386,0.14859923160718114,phase2_feedback_tfim_qrc_reference
train,2008-05-01,0.1316976695578037,0.1463048904138194,phase2_feedback_tfim_qrc_reference
train,2008-05-02,0.1364074907513733,0.16061325669745588,phase2_feedback_tfim_qrc_reference
train,2008-05-05,0.1369144693359993,0.16586856978683262,phase2_feedback_tfim_qrc_reference
train,2008-05-06,0.1334592631722555,0.1751193163560296,phase2_feedback_tfim_qrc_reference
train,2008-05-07,0.1366796317990364,0.1805400313151436,phase2_feedback_tfim_qrc_reference
train,2008-05-08,0.1784231674474388,0.1622141901035938,phase2_feedback_tfim_qrc_reference
train,2008-05-09,0.1785062358582058,0.17581286794181086,phase2_feedback_tfim_qrc_reference
train,2008-05-12,0.1749476202984518,0.17454629864778853,phase2_feedback_tfim_qrc_reference
train,2008-05-13,0.1826868968335944,0.20356484300122119,phase2_feedback_tfim_qrc_reference
train,2008-05-14,0.1830379657851303,0.20158906091854356,phase2_feedback_tfim_qrc_reference
train,2008-05-15,0.1831589623967311,0.2167621331699423,phase2_feedback_tfim_qrc_reference
train,2008-05-16,0.1831422159026943,0.21105536794053914,phase2_feedback_tfim_qrc_reference
train,2008-05-19,0.1836964459186011,0.17461987326530146,phase2_feedback_tfim_qrc_reference
train,2008-05-20,0.184703261217629,0.16241447001566617,phase2_feedback_tfim_qrc_reference
train,2008-05-21,0.1745529304053588,0.14178542645355616,phase2_feedback_tfim_qrc_reference
train,2008-05-22,0.1839624245414149,0.1610573225199682,phase2_feedback_tfim_qrc_reference
train,2008-05-23,0.1776513443995131,0.1736514174004119,phase2_feedback_tfim_qrc_reference
train,2008-05-27,0.1758478459428696,0.21671292224338934,phase2_feedback_tfim_qrc_reference
train,2008-05-28,0.1758845811898993,0.1760886087657976,phase2_feedback_tfim_qrc_reference
train,2008-05-29,0.2004309991350794,0.1643626089023211,phase2_feedback_tfim_qrc_reference
train,2008-05-30,0.2011754684004352,0.17021716114679455,phase2_feedback_tfim_qrc_reference
train,2008-06-02,0.1981644552349003,0.17293573080956184,phase2_feedback_tfim_qrc_reference
train,2008-06-03,0.1973851083963646,0.15225710279292046,phase2_feedback_tfim_qrc_reference
train,2008-06-04,0.2066937284863795,0.1412632344787706,phase2_feedback_tfim_qrc_reference
train,2008-06-05,0.1944126540028225,0.16160656955950164,phase2_feedback_tfim_qrc_reference
train,2008-06-06,0.1608926858206603,0.1770515618388958,phase2_feedback_tfim_qrc_reference
train,2008-06-09,0.1723834086684236,0.17346717491465094,phase2_feedback_tfim_qrc_reference
train,2008-06-10,0.1848375955681245,0.1534813621404448,phase2_feedback_tfim_qrc_reference
train,2008-06-11,0.1777817899136178,0.20631563545375262,phase2_feedback_tfim_qrc_reference
train,2008-06-12,0.1820857782844736,0.15745300869562026,phase2_feedback_tfim_qrc_reference
train,2008-06-13,0.1794596993088847,0.15381538487978208,phase2_feedback_tfim_qrc_reference
train,2008-06-16,0.1863891835331663,0.15628589028437326,phase2_feedback_tfim_qrc_reference
train,2008-06-17,0.2045817224656116,0.1394019977433913,phase2_feedback_tfim_qrc_reference
train,2008-06-18,0.2046848034212771,0.16809490209685962,phase2_feedback_tfim_qrc_reference
train,2008-06-19,0.2058194207055281,0.16456261781974474,phase2_feedback_tfim_qrc_reference
train,2008-06-20,0.1974634467477082,0.17178548659812928,phase2_feedback_tfim_qrc_reference
train,2008-06-23,0.2014517868856105,0.14648059742583758,phase2_feedback_tfim_qrc_reference
train,2008-06-24,0.202239195458588,0.14083538572632512,phase2_feedback_tfim_qrc_reference
train,2008-06-25,0.2148543107502939,0.14450477255947208,phase2_feedback_tfim_qrc_reference
train,2008-06-26,0.1913354855787313,0.17711846714055318,phase2_feedback_tfim_qrc_reference
train,2008-06-27,0.1974366570347687,0.14578694411176676,phase2_feedback_tfim_qrc_reference
train,2008-06-30,0.2108293407916676,0.15777968545945942,phase2_feedback_tfim_qrc_reference
train,2008-07-01,0.2196728104813039,0.14440214645958177,phase2_feedback_tfim_qrc_reference
train,2008-07-02,0.2161602035835137,0.15523456191713503,phase2_feedback_tfim_qrc_reference
train,2008-07-03,0.2169452478643319,0.15547798597243032,phase2_feedback_tfim_qrc_reference
train,2008-07-07,0.216405629187019,0.16585687742081415,phase2_feedback_tfim_qrc_reference
train,2008-07-08,0.2276997967460907,0.18535026672463065,phase2_feedback_tfim_qrc_reference
train,2008-07-09,0.2175589781851993,0.16411129870856903,phase2_feedback_tfim_qrc_reference
train,2008-07-10,0.2235153419710295,0.18009056466306128,phase2_feedback_tfim_qrc_reference
train,2008-07-11,0.2291268893948758,0.18043814201132904,phase2_feedback_tfim_qrc_reference
train,2008-07-14,0.2297765577361792,0.16819679049332262,phase2_feedback_tfim_qrc_reference
train,2008-07-15,0.2272363797596394,0.17849232173724133,phase2_feedback_tfim_qrc_reference
train,2008-07-16,0.2113936496741599,0.1674442264718101,phase2_feedback_tfim_qrc_reference
train,2008-07-17,0.2101206523383393,0.17194583462789645,phase2_feedback_tfim_qrc_reference
train,2008-07-18,0.2096694566162461,0.17162110953725002,phase2_feedback_tfim_qrc_reference
train,2008-07-21,0.2152814106351965,0.16592133544213117,phase2_feedback_tfim_qrc_reference
train,2008-07-22,0.215075602852021,0.176665240666366,phase2_feedback_tfim_qrc_reference
train,2008-07-23,0.2148512278193462,0.20519747648760958,phase2_feedback_tfim_qrc_reference
train,2008-07-24,0.201635079809457,0.1845086982707197,phase2_feedback_tfim_qrc_reference
train,2008-07-25,0.2079876823514044,0.1792918758328834,phase2_feedback_tfim_qrc_reference
train,2008-07-28,0.2140133238155022,0.16876407328526966,phase2_feedback_tfim_qrc_reference
train,2008-07-29,0.2007094523545795,0.16770425312114254,phase2_feedback_tfim_qrc_reference
train,2008-07-30,0.193743618631243,0.16369039295839316,phase2_feedback_tfim_qrc_reference
train,2008-07-31,0.192701703764015,0.1953222497034551,phase2_feedback_tfim_qrc_reference
train,2008-08-01,0.1955850364439501,0.19745677210848653,phase2_feedback_tfim_qrc_reference
train,2008-08-04,0.1940329058157356,0.1773633142981852,phase2_feedback_tfim_qrc_reference
train,2008-08-05,0.169525816870436,0.18928165952495188,phase2_feedback_tfim_qrc_reference
train,2008-08-06,0.2006623436543214,0.16521934122253018,phase2_feedback_tfim_qrc_reference
train,2008-08-07,0.1937855360442083,0.18076743286169603,phase2_feedback_tfim_qrc_reference
train,2008-08-08,0.1963384490659887,0.2357773734222941,phase2_feedback_tfim_qrc_reference
train,2008-08-11,0.2205767840746995,0.19287864381887473,phase2_feedback_tfim_qrc_reference
train,2008-08-12,0.2179040343316263,0.1717856281590728,phase2_feedback_tfim_qrc_reference
train,2008-08-13,0.2227581220686679,0.2042389697537522,phase2_feedback_tfim_qrc_reference
train,2008-08-14,0.2217593820478788,0.21279444136601075,phase2_feedback_tfim_qrc_reference
train,2008-08-15,0.2807684475279035,0.17987051686303723,phase2_feedback_tfim_qrc_reference
train,2008-08-18,0.2826901908513125,0.16613974295105818,phase2_feedback_tfim_qrc_reference
train,2008-08-19,0.3241395592487155,0.17653254912015612,phase2_feedback_tfim_qrc_reference
train,2008-08-20,0.3399530410977694,0.1776524292695013,phase2_feedback_tfim_qrc_reference
train,2008-08-21,0.3669347786783661,0.17072177201980698,phase2_feedback_tfim_qrc_reference
train,2008-08-22,0.3723518627182723,0.1700739843839461,phase2_feedback_tfim_qrc_reference
train,2008-08-25,0.3742024147460773,0.15765398418328916,phase2_feedback_tfim_qrc_reference
train,2008-08-26,0.3742323974576735,0.17453970223964668,phase2_feedback_tfim_qrc_reference
train,2008-08-27,0.3766992013027712,0.1762239968554058,phase2_feedback_tfim_qrc_reference
train,2008-08-28,0.3742649810694364,0.18472673454147245,phase2_feedback_tfim_qrc_reference
train,2008-08-29,0.4717033277030371,0.16844870898582504,phase2_feedback_tfim_qrc_reference
train,2008-09-02,0.4926868765922512,0.20298003819962443,phase2_feedback_tfim_qrc_reference
train,2008-09-03,0.4926820671699876,0.16940119151555724,phase2_feedback_tfim_qrc_reference
train,2008-09-04,0.4981599561156968,0.17436422262268986,phase2_feedback_tfim_qrc_reference
train,2008-09-05,0.5003668813801566,0.18582887564916734,phase2_feedback_tfim_qrc_reference
train,2008-09-08,0.5287095944556861,0.17523945740613903,phase2_feedback_tfim_qrc_reference
train,2008-09-09,0.5427193660584032,0.1865104905644686,phase2_feedback_tfim_qrc_reference
train,2008-09-10,0.5500363828715082,0.23398236248858578,phase2_feedback_tfim_qrc_reference
train,2008-09-11,0.6049662820815963,0.19020505482308733,phase2_feedback_tfim_qrc_reference
train,2008-09-12,0.6109930671518516,0.19862449098408577,phase2_feedback_tfim_qrc_reference
train,2008-09-15,0.7582622044028217,0.19507105362544172,phase2_feedback_tfim_qrc_reference
train,2008-09-16,0.7578199875923373,0.22379832287063084,phase2_feedback_tfim_qrc_reference
train,2008-09-17,0.826411595786619,0.21870453686367794,phase2_feedback_tfim_qrc_reference
train,2008-09-18,0.8325692826818196,0.21545306124080216,phase2_feedback_tfim_qrc_reference
train,2008-09-19,0.821287547643077,0.18681013686549872,phase2_feedback_tfim_qrc_reference
train,2008-09-22,0.8430867716567829,0.21394817910291491,phase2_feedback_tfim_qrc_reference
train,2008-09-23,0.8459889944599045,0.2990164372119279,phase2_feedback_tfim_qrc_reference
train,2008-09-24,0.8689480566418832,0.2559320629340849,phase2_feedback_tfim_qrc_reference
train,2008-09-25,0.8681634067208648,0.19490577114485488,phase2_feedback_tfim_qrc_reference
train,2008-09-26,0.8876011695044991,0.18482012975207748,phase2_feedback_tfim_qrc_reference
train,2008-09-29,0.8487613708607461,0.18219410310060632,phase2_feedback_tfim_qrc_reference
train,2008-09-30,0.923888172157604,0.24636621334033082,phase2_feedback_tfim_qrc_reference
train,2008-10-01,0.9242469629024572,0.2553853915311628,phase2_feedback_tfim_qrc_reference
train,2008-10-02,0.9228241205863932,0.28041990681279927,phase2_feedback_tfim_qrc_reference
train,2008-10-03,0.92176789458834,0.32897457452372864,phase2_feedback_tfim_qrc_reference
train,2008-10-06,0.9029548164439596,0.3309651175239776,phase2_feedback_tfim_qrc_reference
train,2008-10-07,0.8960719819149321,0.2839859631795404,phase2_feedback_tfim_qrc_reference
train,2008-10-08,0.904418129833288,0.2513928280797638,phase2_feedback_tfim_qrc_reference
train,2008-10-09,0.8904343137872658,0.25734489165020447,phase2_feedback_tfim_qrc_reference
train,2008-10-10,0.8936296831493754,0.19721943114365958,phase2_feedback_tfim_qrc_reference
train,2008-10-13,0.7544319183862993,0.2442240432749822,phase2_feedback_tfim_qrc_reference
train,2008-10-14,0.7607625713911033,0.22189797768340577,phase2_feedback_tfim_qrc_reference
train,2008-10-15,0.6847923781312399,0.26093730726167236,phase2_feedback_tfim_qrc_reference
train,2008-10-16,0.7028745563635604,0.21992033473182213,phase2_feedback_tfim_qrc_reference
train,2008-10-17,0.7256760188821348,0.2654540093206571,phase2_feedback_tfim_qrc_reference
train,2008-10-20,0.6971131285214589,0.27484680061456807,phase2_feedback_tfim_qrc_reference
train,2008-10-21,0.6919385547460057,0.2325598574767916,phase2_feedback_tfim_qrc_reference
train,2008-10-22,0.703230974180054,0.2083374695757295,phase2_feedback_tfim_qrc_reference
train,2008-10-23,0.7535420254357407,0.3071771745387097,phase2_feedback_tfim_qrc_reference
train,2008-10-24,0.7539708904158497,0.21806355257126936,phase2_feedback_tfim_qrc_reference
train,2008-10-27,0.7801054537427683,0.25957836954339186,phase2_feedback_tfim_qrc_reference
train,2008-10-28,0.6747977932131861,0.24400724469825344,phase2_feedback_tfim_qrc_reference
train,2008-10-29,0.6876018539818518,0.21107203499557306,phase2_feedback_tfim_qrc_reference
train,2008-10-30,0.6783765824141477,0.27185210543210075,phase2_feedback_tfim_qrc_reference
train,2008-10-31,0.7537951777219969,0.21112652275223878,phase2_feedback_tfim_qrc_reference
train,2008-11-03,0.7655521312990222,0.13858948091009196,phase2_feedback_tfim_qrc_reference
train,2008-11-04,0.7609930861960921,0.21167669271009668,phase2_feedback_tfim_qrc_reference
train,2008-11-05,0.7501891299358482,0.30485155186141,phase2_feedback_tfim_qrc_reference
train,2008-11-06,0.7303816770470649,0.3304674965018681,phase2_feedback_tfim_qrc_reference
train,2008-11-07,0.7314376431612417,0.28819484678492857,phase2_feedback_tfim_qrc_reference
train,2008-11-10,0.7323177323489136,0.3685499371381041,phase2_feedback_tfim_qrc_reference
train,2008-11-11,0.724208168733137,0.2463188327819066,phase2_feedback_tfim_qrc_reference
train,2008-11-12,0.711653782820875,0.2343246998975756,phase2_feedback_tfim_qrc_reference
train,2008-11-13,0.6798131046598581,0.31194032815481426,phase2_feedback_tfim_qrc_reference
train,2008-11-14,0.6569637036866269,0.2980318147527792,phase2_feedback_tfim_qrc_reference
train,2008-11-17,0.6752786502897975,0.30177366325989063,phase2_feedback_tfim_qrc_reference
train,2008-11-18,0.6729092755585246,0.24001749504159028,phase2_feedback_tfim_qrc_reference
train,2008-11-19,0.634059136944171,0.2694189847100475,phase2_feedback_tfim_qrc_reference
train,2008-11-20,0.5721027274040636,0.25199307692369227,phase2_feedback_tfim_qrc_reference
train,2008-11-21,0.5427881555146016,0.24189648915859407,phase2_feedback_tfim_qrc_reference
train,2008-11-24,0.4893102867126243,0.22197632698120157,phase2_feedback_tfim_qrc_reference
train,2008-11-25,0.4890396722305687,0.3836090428655663,phase2_feedback_tfim_qrc_reference
train,2008-11-26,0.4706007323120889,0.4381313688773919,phase2_feedback_tfim_qrc_reference
train,2008-11-28,0.4686119845533131,0.3956712173949206,phase2_feedback_tfim_qrc_reference
train,2008-12-01,0.3436858644934255,0.2780209960720511,phase2_feedback_tfim_qrc_reference
train,2008-12-02,0.3204421073797554,0.2693551095587363,phase2_feedback_tfim_qrc_reference
train,2008-12-03,0.3266238208710089,0.2989066897412436,phase2_feedback_tfim_qrc_reference
train,2008-12-04,0.3159082385011613,0.24136060888041178,phase2_feedback_tfim_qrc_reference
train,2008-12-05,0.2978878540196046,0.2569770111703136,phase2_feedback_tfim_qrc_reference
train,2008-12-08,0.2924920843680568,0.22589648509827193,phase2_feedback_tfim_qrc_reference
train,2008-12-09,0.286848185166919,0.36250057560484894,phase2_feedback_tfim_qrc_reference
train,2008-12-10,0.2960056907330564,0.22594713230750088,phase2_feedback_tfim_qrc_reference
train,2008-12-11,0.2959405311267377,0.22714057262067255,phase2_feedback_tfim_qrc_reference
train,2008-12-12,0.2929994858710406,0.2632056908327763,phase2_feedback_tfim_qrc_reference
train,2008-12-15,0.3102233721639202,0.22086184912212573,phase2_feedback_tfim_qrc_reference
train,2008-12-16,0.2637980674296518,0.3305853047340652,phase2_feedback_tfim_qrc_reference
train,2008-12-17,0.2629832524195817,0.2587773787601868,phase2_feedback_tfim_qrc_reference
train,2008-12-18,0.3189570916505782,0.25881668170740224,phase2_feedback_tfim_qrc_reference
train,2008-12-19,0.3521759728751693,0.24295638613895848,phase2_feedback_tfim_qrc_reference
train,2008-12-22,0.3535453084191137,0.25599760514537556,phase2_feedback_tfim_qrc_reference
train,2008-12-23,0.3519532157999603,0.36029015729268477,phase2_feedback_tfim_qrc_reference
train,2008-12-24,0.352190261881509,0.22822703937112473,phase2_feedback_tfim_qrc_reference
train,2008-12-26,0.3534228744075735,0.23683713298485956,phase2_feedback_tfim_qrc_reference
train,2008-12-29,0.3724980313398645,0.27857810935655763,phase2_feedback_tfim_qrc_reference
train,2008-12-30,0.3815667897625884,0.2726366246641473,phase2_feedback_tfim_qrc_reference
train,2008-12-31,0.3852070797404844,0.36780105604495256,phase2_feedback_tfim_qrc_reference
train,2009-01-02,0.3706585961032953,0.21711504462332243,phase2_feedback_tfim_qrc_reference
train,2009-01-05,0.3739273952071564,0.20664786264433782,phase2_feedback_tfim_qrc_reference
train,2009-01-06,0.3735868959782094,0.23568951628704074,phase2_feedback_tfim_qrc_reference
train,2009-01-07,0.361471330651101,0.19213018212013122,phase2_feedback_tfim_qrc_reference
train,2009-01-08,0.3746864278805272,0.20348333975850635,phase2_feedback_tfim_qrc_reference
train,2009-01-09,0.36673601413141,0.16406356698053554,phase2_feedback_tfim_qrc_reference
train,2009-01-12,0.3933854144658502,0.3660552597940721,phase2_feedback_tfim_qrc_reference
train,2009-01-13,0.3938845937852996,0.20518838821960006,phase2_feedback_tfim_qrc_reference
train,2009-01-14,0.3772017155969751,0.20949474196579781,phase2_feedback_tfim_qrc_reference
train,2009-01-15,0.3791486901987704,0.288472607296907,phase2_feedback_tfim_qrc_reference
train,2009-01-16,0.4087400737163533,0.19703789671894378,phase2_feedback_tfim_qrc_reference
train,2009-01-20,0.3606747450501304,0.18146541952574213,phase2_feedback_tfim_qrc_reference
train,2009-01-21,0.3301941998059629,0.3422486758789979,phase2_feedback_tfim_qrc_reference
train,2009-01-22,0.3273713197562408,0.37916918501236213,phase2_feedback_tfim_qrc_reference
train,2009-01-23,0.3516556659024898,0.16077415973753806,phase2_feedback_tfim_qrc_reference
train,2009-01-26,0.374857805820963,0.2343898249535549,phase2_feedback_tfim_qrc_reference
train,2009-01-27,0.3741835662091406,0.2238910337269568,phase2_feedback_tfim_qrc_reference
train,2009-01-28,0.3598058424202077,0.16792180334791298,phase2_feedback_tfim_qrc_reference
train,2009-01-29,0.3494903291952385,0.3336953743048239,phase2_feedback_tfim_qrc_reference
train,2009-01-30,0.3789260829024914,0.3151246765183902,phase2_feedback_tfim_qrc_reference
train,2009-02-02,0.3797172989717516,0.1870655974930784,phase2_feedback_tfim_qrc_reference
train,2009-02-03,0.385539401508349,0.4301364760192873,phase2_feedback_tfim_qrc_reference
train,2009-02-04,0.4126171570212197,0.5136224081428503,phase2_feedback_tfim_qrc_reference
train,2009-02-05,0.4093187478193777,0.31222187199602847,phase2_feedback_tfim_qrc_reference
train,2009-02-06,0.399202866387127,0.39070636071392967,phase2_feedback_tfim_qrc_reference
train,2009-02-09,0.4489745940230221,0.24227947654543194,phase2_feedback_tfim_qrc_reference
train,2009-02-10,0.4176170378136397,0.35494282222610196,phase2_feedback_tfim_qrc_reference
train,2009-02-11,0.4390414692316965,0.3599345272941428,phase2_feedback_tfim_qrc_reference
train,2009-02-12,0.4399029162703427,0.6246645502409794,phase2_feedback_tfim_qrc_reference
train,2009-02-13,0.4383558775492491,0.36541914788927066,phase2_feedback_tfim_qrc_reference
train,2009-02-17,0.4236878084843929,0.24093808391401592,phase2_feedback_tfim_qrc_reference
train,2009-02-18,0.4308279909300009,0.2258888656495624,phase2_feedback_tfim_qrc_reference
train,2009-02-19,0.4313924150450369,0.24829720926472584,phase2_feedback_tfim_qrc_reference
train,2009-02-20,0.4367253148889254,0.25786275482631815,phase2_feedback_tfim_qrc_reference
train,2009-02-23,0.4843863447840198,0.29302537777554705,phase2_feedback_tfim_qrc_reference
train,2009-02-24,0.4713538868936899,0.26587276460762616,phase2_feedback_tfim_qrc_reference
train,2009-02-25,0.471995117252342,0.32230738591916075,phase2_feedback_tfim_qrc_reference
train,2009-02-26,0.4738254869618402,0.35806539600320686,phase2_feedback_tfim_qrc_reference
train,2009-02-27,0.4714384109624593,0.27057732787658306,phase2_feedback_tfim_qrc_reference
train,2009-03-02,0.4594251439255209,0.4161943118100715,phase2_feedback_tfim_qrc_reference
train,2009-03-03,0.4598125268777041,0.3024059507317001,phase2_feedback_tfim_qrc_reference
train,2009-03-04,0.4573357381589746,0.30748756348746525,phase2_feedback_tfim_qrc_reference
train,2009-03-05,0.4446406579036986,0.3139122890226704,phase2_feedback_tfim_qrc_reference
train,2009-03-06,0.4459841289484655,0.3293369167652214,phase2_feedback_tfim_qrc_reference
train,2009-03-09,0.4448825005355175,0.3264387816149754,phase2_feedback_tfim_qrc_reference
train,2009-03-10,0.4033596076188789,0.20684280144419123,phase2_feedback_tfim_qrc_reference
train,2009-03-11,0.4044946109740607,0.22817653233129617,phase2_feedback_tfim_qrc_reference
train,2009-03-12,0.4049254482636548,0.2409641983685035,phase2_feedback_tfim_qrc_reference
train,2009-03-13,0.4039822610167548,0.23454591924298718,phase2_feedback_tfim_qrc_reference
train,2009-03-16,0.4085311789390108,0.29838488783282546,phase2_feedback_tfim_qrc_reference
train,2009-03-17,0.3960836695336401,0.20321134340940591,phase2_feedback_tfim_qrc_reference
train,2009-03-18,0.3916346657991951,0.24926343867599424,phase2_feedback_tfim_qrc_reference
train,2009-03-19,0.3898509595130253,0.22499639675627453,phase2_feedback_tfim_qrc_reference
train,2009-03-20,0.4114007835826245,0.26831952260736064,phase2_feedback_tfim_qrc_reference
train,2009-03-23,0.336658797171211,0.206448522895485,phase2_feedback_tfim_qrc_reference
train,2009-03-24,0.3298835961372678,0.23995901182214527,phase2_feedback_tfim_qrc_reference
train,2009-03-25,0.3296045232336817,0.34619108905288176,phase2_feedback_tfim_qrc_reference
train,2009-03-26,0.3261041747113093,0.20370752593067318,phase2_feedback_tfim_qrc_reference
train,2009-03-27,0.3214073962361518,0.18362261420662637,phase2_feedback_tfim_qrc_reference
train,2009-03-30,0.2963893463891214,0.22636770427840192,phase2_feedback_tfim_qrc_reference
train,2009-03-31,0.3039017606811267,0.18843058519454883,phase2_feedback_tfim_qrc_reference
train,2009-04-01,0.2961796302555168,0.18208981532223387,phase2_feedback_tfim_qrc_reference
train,2009-04-02,0.2786028343839342,0.4203764603678696,phase2_feedback_tfim_qrc_reference
train,2009-04-03,0.3008096478657417,0.3496198425400464,phase2_feedback_tfim_qrc_reference
train,2009-04-06,0.2997569104243249,0.19353411832738127,phase2_feedback_tfim_qrc_reference
train,2009-04-07,0.2942145195802504,0.21414015195803282,phase2_feedback_tfim_qrc_reference
train,2009-04-08,0.2959454152260217,0.22781401926821934,phase2_feedback_tfim_qrc_reference
train,2009-04-09,0.2741326842422502,0.24366826456200386,phase2_feedback_tfim_qrc_reference
train,2009-04-13,0.2822134189364978,0.1864150216582177,phase2_feedback_tfim_qrc_reference
train,2009-04-14,0.2755785413702499,0.19193261971036074,phase2_feedback_tfim_qrc_reference
train,2009-04-15,0.2876016135423552,0.18624656420218785,phase2_feedback_tfim_qrc_reference
train,2009-04-16,0.2845397468066189,0.261496431412167,phase2_feedback_tfim_qrc_reference
train,2009-04-17,0.2850377811124024,0.206293167762944,phase2_feedback_tfim_qrc_reference
train,2009-04-20,0.2608277870340079,0.187238961310667,phase2_feedback_tfim_qrc_reference
train,2009-04-21,0.2516596602203892,0.2503481802710888,phase2_feedback_tfim_qrc_reference
train,2009-04-22,0.2518477247334509,0.1945057082373289,phase2_feedback_tfim_qrc_reference
train,2009-04-23,0.2546798960181957,0.20127870939538933,phase2_feedback_tfim_qrc_reference
train,2009-04-24,0.2491689117911731,0.23633872650520454,phase2_feedback_tfim_qrc_reference
train,2009-04-27,0.2626875192400466,0.24185729569023945,phase2_feedback_tfim_qrc_reference
train,2009-04-28,0.270126648658069,0.25365961646439633,phase2_feedback_tfim_qrc_reference
train,2009-04-29,0.264200238826118,0.24921452772739947,phase2_feedback_tfim_qrc_reference
train,2009-04-30,0.2714456152357543,0.24935707477044364,phase2_feedback_tfim_qrc_reference
train,2009-05-01,0.283776869775369,0.21095156437511753,phase2_feedback_tfim_qrc_reference
train,2009-05-04,0.2577529602588603,0.2143129266138221,phase2_feedback_tfim_qrc_reference
train,2009-05-05,0.2614037249005798,0.25019982778139316,phase2_feedback_tfim_qrc_reference
train,2009-05-06,0.2563356491801804,0.23753574600949454,phase2_feedback_tfim_qrc_reference
train,2009-05-07,0.2514738159483177,0.22882766451083755,phase2_feedback_tfim_qrc_reference
train,2009-05-08,0.2382261848057172,0.24431100177201673,phase2_feedback_tfim_qrc_reference
train,2009-05-11,0.229305989237859,0.233497207343357,phase2_feedback_tfim_qrc_reference
train,2009-05-12,0.2292418722640469,0.26731674266573363,phase2_feedback_tfim_qrc_reference
train,2009-05-13,0.2112101899198932,0.2526096506922721,phase2_feedback_tfim_qrc_reference
train,2009-05-14,0.2092522999010226,0.20617684568081845,phase2_feedback_tfim_qrc_reference
train,2009-05-15,0.2229778513454345,0.21360703463888966,phase2_feedback_tfim_qrc_reference
train,2009-05-18,0.2053836346290201,0.24479428842104906,phase2_feedback_tfim_qrc_reference
train,2009-05-19,0.2053685886422687,0.24187203389241732,phase2_feedback_tfim_qrc_reference
train,2009-05-20,0.2056111645271152,0.2216863390976625,phase2_feedback_tfim_qrc_reference
train,2009-05-21,0.1995252479093176,0.22258463483536986,phase2_feedback_tfim_qrc_reference
train,2009-05-22,0.2267868975316028,0.21772539386062892,phase2_feedback_tfim_qrc_reference
train,2009-05-26,0.2082827416300103,0.2182417562527779,phase2_feedback_tfim_qrc_reference
train,2009-05-27,0.2005392327565935,0.2794098979433491,phase2_feedback_tfim_qrc_reference
train,2009-05-28,0.2089174506451212,0.29945886832327384,phase2_feedback_tfim_qrc_reference
train,2009-05-29,0.1996243893693303,0.3161645709546226,phase2_feedback_tfim_qrc_reference
train,2009-06-01,0.1836727093743864,0.2752359692003665,phase2_feedback_tfim_qrc_reference
train,2009-06-02,0.1858988488999118,0.2696207080584999,phase2_feedback_tfim_qrc_reference
train,2009-06-03,0.1809149612220656,0.248987397757858,phase2_feedback_tfim_qrc_reference
train,2009-06-04,0.2031663576987509,0.23294535251160042,phase2_feedback_tfim_qrc_reference
train,2009-06-05,0.2031653536786706,0.2737299917128949,phase2_feedback_tfim_qrc_reference
train,2009-06-08,0.2142063850254758,0.2133212762042156,phase2_feedback_tfim_qrc_reference
train,2009-06-09,0.2134580911456306,0.20590319096429374,phase2_feedback_tfim_qrc_reference
train,2009-06-10,0.2133776860844048,0.26080264210143295,phase2_feedback_tfim_qrc_reference
train,2009-06-11,0.2129631289872749,0.27286013568697143,phase2_feedback_tfim_qrc_reference
train,2009-06-12,0.2292433453514457,0.2501993253876753,phase2_feedback_tfim_qrc_reference
train,2009-06-15,0.2148764884960876,0.2121822246607306,phase2_feedback_tfim_qrc_reference
train,2009-06-16,0.2330061277855801,0.2683596691416012,phase2_feedback_tfim_qrc_reference
train,2009-06-17,0.2354071580131787,0.24097708344169647,phase2_feedback_tfim_qrc_reference
train,2009-06-18,0.2339849263565139,0.2212586729667202,phase2_feedback_tfim_qrc_reference
train,2009-06-19,0.2366163015024393,0.1901407471115231,phase2_feedback_tfim_qrc_reference
train,2009-06-22,0.2111280043100817,0.19800549143741925,phase2_feedback_tfim_qrc_reference
train,2009-06-23,0.2111109752922518,0.21087187034028554,phase2_feedback_tfim_qrc_reference
train,2009-06-24,0.2228488375700469,0.2591854969750859,phase2_feedback_tfim_qrc_reference
train,2009-06-25,0.2098237464755361,0.2591039242964822,phase2_feedback_tfim_qrc_reference
train,2009-06-26,0.2098809758561863,0.22607498082393054,phase2_feedback_tfim_qrc_reference
train,2009-06-29,0.2079238115121159,0.2501630804780903,phase2_feedback_tfim_qrc_reference
train,2009-06-30,0.2060951545953186,0.1863204314460033,phase2_feedback_tfim_qrc_reference
train,2009-07-01,0.2088441385580366,0.2473762459576147,phase2_feedback_tfim_qrc_reference
train,2009-07-02,0.1843710734831716,0.1805857841629137,phase2_feedback_tfim_qrc_reference
train,2009-07-06,0.1933020757279309,0.22758651056309462,phase2_feedback_tfim_qrc_reference
train,2009-07-07,0.1806276826483547,0.1997240193192592,phase2_feedback_tfim_qrc_reference
train,2009-07-08,0.180901250946364,0.21953087814030908,phase2_feedback_tfim_qrc_reference
train,2009-07-09,0.1817089115076946,0.19235805702418937,phase2_feedback_tfim_qrc_reference
train,2009-07-10,0.1873294141779417,0.2144941921931088,phase2_feedback_tfim_qrc_reference
train,2009-07-13,0.1668955171664658,0.21703346650931465,phase2_feedback_tfim_qrc_reference
train,2009-07-14,0.1715864538350094,0.2431525124128697,phase2_feedback_tfim_qrc_reference
train,2009-07-15,0.1428550851540986,0.21887595568841575,phase2_feedback_tfim_qrc_reference
train,2009-07-16,0.1414227481372234,0.23749339698235342,phase2_feedback_tfim_qrc_reference
train,2009-07-17,0.1440439632491769,0.22567644706479223,phase2_feedback_tfim_qrc_reference
train,2009-07-20,0.1648006870854484,0.2057044341330864,phase2_feedback_tfim_qrc_reference
train,2009-07-21,0.1663707847353208,0.26609666819495376,phase2_feedback_tfim_qrc_reference
train,2009-07-22,0.169237434379206,0.17733473603711514,phase2_feedback_tfim_qrc_reference
train,2009-07-23,0.1547540117632087,0.20537984948328525,phase2_feedback_tfim_qrc_reference
train,2009-07-24,0.1687893049651082,0.2508126814631378,phase2_feedback_tfim_qrc_reference
train,2009-07-27,0.1684639361882585,0.19595985003675134,phase2_feedback_tfim_qrc_reference
train,2009-07-28,0.1677814010588993,0.24763831567455907,phase2_feedback_tfim_qrc_reference
train,2009-07-29,0.1675592844631908,0.1394165448470764,phase2_feedback_tfim_qrc_reference
train,2009-07-30,0.1636570618745652,0.15545646296648172,phase2_feedback_tfim_qrc_reference
train,2009-07-31,0.1635811284639277,0.1517084471011665,phase2_feedback_tfim_qrc_reference
train,2009-08-03,0.1561807482650021,0.19058966895260193,phase2_feedback_tfim_qrc_reference
train,2009-08-04,0.1748617915345853,0.17471471700848143,phase2_feedback_tfim_qrc_reference
train,2009-08-05,0.1750821752797578,0.17485351036827884,phase2_feedback_tfim_qrc_reference
train,2009-08-06,0.1765732702748104,0.16326725754549057,phase2_feedback_tfim_qrc_reference
train,2009-08-07,0.1773993592310264,0.17163764777956345,phase2_feedback_tfim_qrc_reference
train,2009-08-10,0.1798441989027019,0.15422568734762815,phase2_feedback_tfim_qrc_reference
train,2009-08-11,0.176335447982173,0.1449625611827478,phase2_feedback_tfim_qrc_reference
train,2009-08-12,0.1759580690499991,0.1473757326070838,phase2_feedback_tfim_qrc_reference
train,2009-08-13,0.1738736460797437,0.1564145895758,phase2_feedback_tfim_qrc_reference
train,2009-08-14,0.1725700266534344,0.13736025201033922,phase2_feedback_tfim_qrc_reference
train,2009-08-17,0.1489258704550766,0.15201611985411362,phase2_feedback_tfim_qrc_reference
train,2009-08-18,0.1556751684512008,0.16910891409277784,phase2_feedback_tfim_qrc_reference
train,2009-08-19,0.1526440020981021,0.17621030208727065,phase2_feedback_tfim_qrc_reference
train,2009-08-20,0.1482602377750758,0.2029487427181128,phase2_feedback_tfim_qrc_reference
train,2009-08-21,0.1315730906355552,0.19294134944398963,phase2_feedback_tfim_qrc_reference
train,2009-08-24,0.1331774756803573,0.18718977812071286,phase2_feedback_tfim_qrc_reference
train,2009-08-25,0.1362590488413785,0.18009317813408202,phase2_feedback_tfim_qrc_reference
train,2009-08-26,0.1418224587461942,0.16548885773739508,phase2_feedback_tfim_qrc_reference
train,2009-08-27,0.1428684096395112,0.1532253153058268,phase2_feedback_tfim_qrc_reference
train,2009-08-28,0.1561369915711305,0.17172550819264684,phase2_feedback_tfim_qrc_reference
train,2009-08-31,0.1532530653856664,0.175733582174884,phase2_feedback_tfim_qrc_reference
train,2009-09-01,0.1319363981947445,0.17331931935391476,phase2_feedback_tfim_qrc_reference
train,2009-09-02,0.1581025391207191,0.15261767771244317,phase2_feedback_tfim_qrc_reference
train,2009-09-03,0.1563416916649437,0.148482910338937,phase2_feedback_tfim_qrc_reference
train,2009-09-04,0.157387644719938,0.18484106263510156,phase2_feedback_tfim_qrc_reference
train,2009-09-08,0.1624529101084668,0.16736060089078855,phase2_feedback_tfim_qrc_reference
train,2009-09-09,0.1604662168570082,0.18172630221477282,phase2_feedback_tfim_qrc_reference
train,2009-09-10,0.158682165517516,0.19520924735925832,phase2_feedback_tfim_qrc_reference
train,2009-09-11,0.1601408616288834,0.19146784255876625,phase2_feedback_tfim_qrc_reference
train,2009-09-14,0.1598131288388455,0.15764540344699177,phase2_feedback_tfim_qrc_reference
train,2009-09-15,0.1592915772226596,0.16641341634909923,phase2_feedback_tfim_qrc_reference
train,2009-09-16,0.1618707984011374,0.1659218865359165,phase2_feedback_tfim_qrc_reference
train,2009-09-17,0.162303079046538,0.1843824782600887,phase2_feedback_tfim_qrc_reference
train,2009-09-18,0.1644575911505093,0.15763889556092395,phase2_feedback_tfim_qrc_reference
train,2009-09-21,0.166790101308488,0.14677181686971844,phase2_feedback_tfim_qrc_reference
train,2009-09-22,0.1665719378731333,0.14415585692736055,phase2_feedback_tfim_qrc_reference
train,2009-09-23,0.1670165764594756,0.14216823945530102,phase2_feedback_tfim_qrc_reference
train,2009-09-24,0.1662405578032843,0.1424357788059867,phase2_feedback_tfim_qrc_reference
train,2009-09-25,0.1701227917737777,0.14167491790639625,phase2_feedback_tfim_qrc_reference
train,2009-09-28,0.1626854804667879,0.14610112663383926,phase2_feedback_tfim_qrc_reference
train,2009-09-29,0.163150289359103,0.15020595653650315,phase2_feedback_tfim_qrc_reference
train,2009-09-30,0.1760957103331817,0.1398099615454097,phase2_feedback_tfim_qrc_reference
train,2009-10-01,0.1700469641883432,0.13776114120682373,phase2_feedback_tfim_qrc_reference
train,2009-10-02,0.1987401125544039,0.15410941174872103,phase2_feedback_tfim_qrc_reference
train,2009-10-05,0.1934031382416498,0.1384462910273077,phase2_feedback_tfim_qrc_reference
train,2009-10-06,0.187033603547928,0.13698659935799207,phase2_feedback_tfim_qrc_reference
train,2009-10-07,0.1870033538892857,0.157812661701233,phase2_feedback_tfim_qrc_reference
train,2009-10-08,0.1960213464954409,0.14388575659582248,phase2_feedback_tfim_qrc_reference
train,2009-10-09,0.1950515297268984,0.14083258370969545,phase2_feedback_tfim_qrc_reference
train,2009-10-12,0.2103395508678784,0.14663676248206917,phase2_feedback_tfim_qrc_reference
train,2009-10-13,0.2102152543678673,0.16031972801331928,phase2_feedback_tfim_qrc_reference
train,2009-10-14,0.2021055396682577,0.15527935613442304,phase2_feedback_tfim_qrc_reference
train,2009-10-15,0.204925630236762,0.1526980758033791,phase2_feedback_tfim_qrc_reference
train,2009-10-16,0.2040886965806195,0.16656933513234934,phase2_feedback_tfim_qrc_reference
train,2009-10-19,0.2083546774226125,0.1657843343695428,phase2_feedback_tfim_qrc_reference
train,2009-10-20,0.2075487237896152,0.16858326404262128,phase2_feedback_tfim_qrc_reference
train,2009-10-21,0.2050738265194422,0.15889247711056892,phase2_feedback_tfim_qrc_reference
train,2009-10-22,0.2072069734532168,0.17132472371465107,phase2_feedback_tfim_qrc_reference
train,2009-10-23,0.2035389427436744,0.18269505894360147,phase2_feedback_tfim_qrc_reference
train,2009-10-26,0.2047993586058425,0.1643867927043861,phase2_feedback_tfim_qrc_reference
train,2009-10-27,0.2042214350494342,0.17355177140818104,phase2_feedback_tfim_qrc_reference
train,2009-10-28,0.1930817401598027,0.17408881153225045,phase2_feedback_tfim_qrc_reference
train,2009-10-29,0.1870442193242225,0.17029779284642907,phase2_feedback_tfim_qrc_reference
train,2009-10-30,0.1556812077382705,0.1964012836167871,phase2_feedback_tfim_qrc_reference
train,2009-11-02,0.1595853215207156,0.17214396142581748,phase2_feedback_tfim_qrc_reference
train,2009-11-03,0.1591989175794923,0.17653728235946786,phase2_feedback_tfim_qrc_reference
train,2009-11-04,0.1613606188690992,0.17000060217304033,phase2_feedback_tfim_qrc_reference
train,2009-11-05,0.149192376253204,0.15676889057885082,phase2_feedback_tfim_qrc_reference
train,2009-11-06,0.1490023640142375,0.19347032017530927,phase2_feedback_tfim_qrc_reference
train,2009-11-09,0.1318366463771697,0.18327969235552516,phase2_feedback_tfim_qrc_reference
train,2009-11-10,0.1325026647844556,0.19441639429856225,phase2_feedback_tfim_qrc_reference
train,2009-11-11,0.1327639687145881,0.18304858084920064,phase2_feedback_tfim_qrc_reference
train,2009-11-12,0.1285948888447987,0.17035056812476224,phase2_feedback_tfim_qrc_reference
train,2009-11-13,0.1294424902448427,0.2018371004595659,phase2_feedback_tfim_qrc_reference
train,2009-11-16,0.1200662731170898,0.1840224239026284,phase2_feedback_tfim_qrc_reference
train,2009-11-17,0.1201177824514498,0.17452134320456703,phase2_feedback_tfim_qrc_reference
train,2009-11-18,0.1275344680426219,0.16478381282859486,phase2_feedback_tfim_qrc_reference
train,2009-11-19,0.1204092122300889,0.1736127394690351,phase2_feedback_tfim_qrc_reference
train,2009-11-20,0.1250083139512308,0.17748950016768847,phase2_feedback_tfim_qrc_reference
train,2009-11-23,0.1173956891055701,0.1655201787981246,phase2_feedback_tfim_qrc_reference
train,2009-11-24,0.1174774250046074,0.1864515005621276,phase2_feedback_tfim_qrc_reference
train,2009-11-25,0.1180126673142792,0.20645038182120268,phase2_feedback_tfim_qrc_reference
train,2009-11-27,0.1029653100921924,0.20413290724254374,phase2_feedback_tfim_qrc_reference
train,2009-11-30,0.1023885323567456,0.21713608533538126,phase2_feedback_tfim_qrc_reference
train,2009-12-01,0.0926327537760192,0.1922977390526929,phase2_feedback_tfim_qrc_reference
train,2009-12-02,0.0987431707043406,0.17631167397457348,phase2_feedback_tfim_qrc_reference
train,2009-12-03,0.1119690630537298,0.1739502282121546,phase2_feedback_tfim_qrc_reference
train,2009-12-04,0.1105305027630101,0.16921294661312894,phase2_feedback_tfim_qrc_reference
train,2009-12-07,0.1104247860170405,0.15923505347085648,phase2_feedback_tfim_qrc_reference
train,2009-12-08,0.1041539892681664,0.1649846854665023,phase2_feedback_tfim_qrc_reference
train,2009-12-09,0.1039740699727709,0.17495348216163023,phase2_feedback_tfim_qrc_reference
train,2009-12-10,0.1021689123857835,0.15774013800216918,phase2_feedback_tfim_qrc_reference
train,2009-12-11,0.1063878257600228,0.14445207388735712,phase2_feedback_tfim_qrc_reference
train,2009-12-14,0.107815612446332,0.15496171702289893,phase2_feedback_tfim_qrc_reference
train,2009-12-15,0.1069702315935039,0.14246523279263532,phase2_feedback_tfim_qrc_reference
train,2009-12-16,0.1140996340176739,0.15878710580827077,phase2_feedback_tfim_qrc_reference
train,2009-12-17,0.114542979376771,0.15283497581488692,phase2_feedback_tfim_qrc_reference
train,2009-12-18,0.1184688960575877,0.1381969775474218,phase2_feedback_tfim_qrc_reference
train,2009-12-21,0.1322740783230741,0.1424795024537941,phase2_feedback_tfim_qrc_reference
train,2009-12-22,0.1540741829428708,0.13922744699793888,phase2_feedback_tfim_qrc_reference
train,2009-12-23,0.1549827738231356,0.18735284847600117,phase2_feedback_tfim_qrc_reference
train,2009-12-24,0.1547925132276801,0.16868901471122794,phase2_feedback_tfim_qrc_reference
train,2009-12-28,0.1555224608043005,0.21252573050518928,phase2_feedback_tfim_qrc_reference
train,2009-12-29,0.1607482662136862,0.1671986441156048,phase2_feedback_tfim_qrc_reference
train,2009-12-30,0.1653562651327793,0.15882674286658166,phase2_feedback_tfim_qrc_reference
train,2009-12-31,0.1707949574850281,0.15682520443162418,phase2_feedback_tfim_qrc_reference
train,2010-01-04,0.1656238130875061,0.16792378494619614,phase2_feedback_tfim_qrc_reference
train,2010-01-05,0.1663058369451575,0.14281847258980182,phase2_feedback_tfim_qrc_reference
train,2010-01-06,0.2000922132261153,0.15969972492599757,phase2_feedback_tfim_qrc_reference
train,2010-01-07,0.1996674005623829,0.1506856036910252,phase2_feedback_tfim_qrc_reference
train,2010-01-08,0.2009716387690148,0.1668644444365104,phase2_feedback_tfim_qrc_reference
train,2010-01-11,0.205738550276736,0.1641023378090602,phase2_feedback_tfim_qrc_reference
train,2010-01-12,0.2031514312514283,0.15171448213408553,phase2_feedback_tfim_qrc_reference
train,2010-01-13,0.204316030806767,0.1429312006685151,phase2_feedback_tfim_qrc_reference
train,2010-01-14,0.2041123668214974,0.13250517718640598,phase2_feedback_tfim_qrc_reference
train,2010-01-15,0.2076728229533013,0.12835989442307533,phase2_feedback_tfim_qrc_reference
train,2010-01-19,0.2036333667038719,0.13191590897465771,phase2_feedback_tfim_qrc_reference
train,2010-01-20,0.2014590311502411,0.13052658344302476,phase2_feedback_tfim_qrc_reference
train,2010-01-21,0.189446853343381,0.1359254780266243,phase2_feedback_tfim_qrc_reference
train,2010-01-22,0.1717151631322471,0.16123033231754116,phase2_feedback_tfim_qrc_reference
train,2010-01-25,0.1761754937461735,0.15528817709187404,phase2_feedback_tfim_qrc_reference
train,2010-01-26,0.1785270601989214,0.17661698629972497,phase2_feedback_tfim_qrc_reference
train,2010-01-27,0.177795702423983,0.16042866620482896,phase2_feedback_tfim_qrc_reference
train,2010-01-28,0.1730283123685549,0.16962007136626764,phase2_feedback_tfim_qrc_reference
train,2010-01-29,0.1725665292804065,0.15240125897230614,phase2_feedback_tfim_qrc_reference
train,2010-02-01,0.1639375285010068,0.1358487205316895,phase2_feedback_tfim_qrc_reference
train,2010-02-02,0.1583089570180361,0.15601405523672604,phase2_feedback_tfim_qrc_reference
train,2010-02-03,0.1576803590288267,0.15464864307770057,phase2_feedback_tfim_qrc_reference
train,2010-02-04,0.1225232288440351,0.16338471006187158,phase2_feedback_tfim_qrc_reference
train,2010-02-05,0.1223051906343369,0.17557799456479126,phase2_feedback_tfim_qrc_reference
train,2010-02-08,0.1197153562822436,0.16914549184725058,phase2_feedback_tfim_qrc_reference
train,2010-02-09,0.1123278999052567,0.17443970153934207,phase2_feedback_tfim_qrc_reference
train,2010-02-10,0.1130832788992716,0.22263669190625884,phase2_feedback_tfim_qrc_reference
train,2010-02-11,0.1068736266584088,0.1656828556313261,phase2_feedback_tfim_qrc_reference
train,2010-02-12,0.1068367039620259,0.15622574966064967,phase2_feedback_tfim_qrc_reference
train,2010-02-16,0.0955810456711969,0.13748731195488523,phase2_feedback_tfim_qrc_reference
train,2010-02-17,0.0964074612881588,0.17151800988206403,phase2_feedback_tfim_qrc_reference
train,2010-02-18,0.0941415497059051,0.17943912265047887,phase2_feedback_tfim_qrc_reference
train,2010-02-19,0.0955507823170531,0.15850186925593807,phase2_feedback_tfim_qrc_reference
train,2010-02-22,0.0974202195372731,0.1570300037154443,phase2_feedback_tfim_qrc_reference
train,2010-02-23,0.0906887108770751,0.15645928712296656,phase2_feedback_tfim_qrc_reference
train,2010-02-24,0.0864091269959579,0.14298295995606505,phase2_feedback_tfim_qrc_reference
train,2010-02-25,0.0864685872780779,0.14671392480989986,phase2_feedback_tfim_qrc_reference
train,2010-02-26,0.0864641456635058,0.1463306545988951,phase2_feedback_tfim_qrc_reference
train,2010-03-01,0.0814433148864032,0.13686061252767634,phase2_feedback_tfim_qrc_reference
train,2010-03-02,0.080885089894524,0.17170937305551298,phase2_feedback_tfim_qrc_reference
train,2010-03-03,0.081726042466585,0.16764223677320528,phase2_feedback_tfim_qrc_reference
train,2010-03-04,0.0845483359841653,0.16350558700685816,phase2_feedback_tfim_qrc_reference
train,2010-03-05,0.0737841580974309,0.1686152122163298,phase2_feedback_tfim_qrc_reference
train,2010-03-08,0.0742531693828489,0.16322018740862776,phase2_feedback_tfim_qrc_reference
train,2010-03-09,0.0767610003852919,0.15641340231990913,phase2_feedback_tfim_qrc_reference
train,2010-03-10,0.0761297244517952,0.14173089399604816,phase2_feedback_tfim_qrc_reference
train,2010-03-11,0.0781877822246604,0.15377182971824357,phase2_feedback_tfim_qrc_reference
train,2010-03-12,0.0783903426730996,0.14001517877743178,phase2_feedback_tfim_qrc_reference
train,2010-03-15,0.0784301916283311,0.13170483216448303,phase2_feedback_tfim_qrc_reference
train,2010-03-16,0.0834447991728016,0.13994980531992332,phase2_feedback_tfim_qrc_reference
train,2010-03-17,0.0808171749491133,0.13156629073447404,phase2_feedback_tfim_qrc_reference
train,2010-03-18,0.0988416407666547,0.1319463242334485,phase2_feedback_tfim_qrc_reference
train,2010-03-19,0.098115587369304,0.15245292823032533,phase2_feedback_tfim_qrc_reference
train,2010-03-22,0.1012999783268246,0.15228330660925463,phase2_feedback_tfim_qrc_reference
train,2010-03-23,0.0984298280211341,0.14685088038271005,phase2_feedback_tfim_qrc_reference
train,2010-03-24,0.0974776354356496,0.14731359483561388,phase2_feedback_tfim_qrc_reference
train,2010-03-25,0.1000264664176056,0.1489166995189139,phase2_feedback_tfim_qrc_reference
train,2010-03-26,0.1009124000657945,0.14810500345813624,phase2_feedback_tfim_qrc_reference
train,2010-03-29,0.129998542910885,0.15594043549952433,phase2_feedback_tfim_qrc_reference
train,2010-03-30,0.1327226067292256,0.15489962504026447,phase2_feedback_tfim_qrc_reference
train,2010-03-31,0.1391944049542244,0.1441925335919196,phase2_feedback_tfim_qrc_reference
train,2010-04-01,0.1498648067256808,0.1926678224320703,phase2_feedback_tfim_qrc_reference
train,2010-04-05,0.1539879444587511,0.1761477175053763,phase2_feedback_tfim_qrc_reference
train,2010-04-06,0.1754332193591947,0.17989501441846611,phase2_feedback_tfim_qrc_reference
train,2010-04-07,0.175536397564705,0.17044954675708826,phase2_feedback_tfim_qrc_reference
train,2010-04-08,0.2121827477708852,0.16549124107977575,phase2_feedback_tfim_qrc_reference
train,2010-04-09,0.2175356252339721,0.16198156641768557,phase2_feedback_tfim_qrc_reference
train,2010-04-12,0.2658827116006557,0.1608466819049142,phase2_feedback_tfim_qrc_reference
train,2010-04-13,0.266060983234295,0.1675230458192212,phase2_feedback_tfim_qrc_reference
train,2010-04-14,0.267607939441741,0.14934114649559885,phase2_feedback_tfim_qrc_reference
train,2010-04-15,0.2712507520056961,0.15028835762596737,phase2_feedback_tfim_qrc_reference
train,2010-04-16,0.2730223099863204,0.13393953983550155,phase2_feedback_tfim_qrc_reference
train,2010-04-19,0.2727018053272347,0.1277100379333535,phase2_feedback_tfim_qrc_reference
train,2010-04-20,0.2751976055943531,0.12694538260693558,phase2_feedback_tfim_qrc_reference
train,2010-04-21,0.2758671790102715,0.1346388210283976,phase2_feedback_tfim_qrc_reference
train,2010-04-22,0.3076669392143217,0.13531712286751033,phase2_feedback_tfim_qrc_reference
train,2010-04-23,0.3111040800007579,0.13822477219799434,phase2_feedback_tfim_qrc_reference
train,2010-04-26,0.31419719413656,0.14908564115156944,phase2_feedback_tfim_qrc_reference
train,2010-04-27,0.3025135182123071,0.13584211078784067,phase2_feedback_tfim_qrc_reference
train,2010-04-28,0.3020775002837944,0.13707153592460963,phase2_feedback_tfim_qrc_reference
train,2010-04-29,0.3209726883723213,0.14179342581773255,phase2_feedback_tfim_qrc_reference
train,2010-04-30,0.318381057093472,0.17118074003280243,phase2_feedback_tfim_qrc_reference
train,2010-05-03,0.3207913206641393,0.15524095314791808,phase2_feedback_tfim_qrc_reference
train,2010-05-04,0.3226441525449608,0.1699084701106312,phase2_feedback_tfim_qrc_reference
train,2010-05-05,0.3221776903061623,0.17249617757331867,phase2_feedback_tfim_qrc_reference
train,2010-05-06,0.3248973121858292,0.15741660917249997,phase2_feedback_tfim_qrc_reference
train,2010-05-07,0.3235728978085654,0.17548706530132613,phase2_feedback_tfim_qrc_reference
train,2010-05-10,0.2876214360788652,0.21880365939574917,phase2_feedback_tfim_qrc_reference
train,2010-05-11,0.2880733779788152,0.19050822206880905,phase2_feedback_tfim_qrc_reference
train,2010-05-12,0.3016878781416117,0.19541489377304935,phase2_feedback_tfim_qrc_reference
train,2010-05-13,0.2988975232237697,0.24185815595813098,phase2_feedback_tfim_qrc_reference
train,2010-05-14,0.2918293138052051,0.26534603764224923,phase2_feedback_tfim_qrc_reference
train,2010-05-17,0.3025484372219155,0.21132746784220802,phase2_feedback_tfim_qrc_reference
train,2010-05-18,0.298619403394652,0.2017981908989323,phase2_feedback_tfim_qrc_reference
train,2010-05-19,0.2979853454435123,0.18875933195101893,phase2_feedback_tfim_qrc_reference
train,2010-05-20,0.2648430651015263,0.2104923612928396,phase2_feedback_tfim_qrc_reference
train,2010-05-21,0.2599639704786965,0.15874235654402066,phase2_feedback_tfim_qrc_reference
train,2010-05-24,0.262600306279228,0.19252168952473567,phase2_feedback_tfim_qrc_reference
train,2010-05-25,0.2628077938673163,0.2169822697831019,phase2_feedback_tfim_qrc_reference
train,2010-05-26,0.2685667357440545,0.24803363752886162,phase2_feedback_tfim_qrc_reference
train,2010-05-27,0.2422119665036746,0.19621102133692048,phase2_feedback_tfim_qrc_reference
train,2010-05-28,0.2382810280353186,0.19622419698988916,phase2_feedback_tfim_qrc_reference
train,2010-06-01,0.2560204385543048,0.2339071238796627,phase2_feedback_tfim_qrc_reference
train,2010-06-02,0.2415952181554241,0.17498021935236655,phase2_feedback_tfim_qrc_reference
train,2010-06-03,0.2418071671147794,0.14789585485954498,phase2_feedback_tfim_qrc_reference
train,2010-06-04,0.2067028613807061,0.15309442057086947,phase2_feedback_tfim_qrc_reference
train,2010-06-07,0.2031905656919391,0.18766707673465072,phase2_feedback_tfim_qrc_reference
train,2010-06-08,0.2279349020940725,0.2042017126086833,phase2_feedback_tfim_qrc_reference
train,2010-06-09,0.2298251641818586,0.23160185354411064,phase2_feedback_tfim_qrc_reference
train,2010-06-10,0.2075013587814927,0.17873025121229527,phase2_feedback_tfim_qrc_reference
train,2010-06-11,0.2068005032087782,0.1731459747137947,phase2_feedback_tfim_qrc_reference
train,2010-06-14,0.2134516660043023,0.25438328837993807,phase2_feedback_tfim_qrc_reference
train,2010-06-15,0.1979570462309719,0.21877176745978896,phase2_feedback_tfim_qrc_reference
train,2010-06-16,0.1979552017624159,0.10514709489900814,phase2_feedback_tfim_qrc_reference
train,2010-06-17,0.2213058618712919,0.09874979505970924,phase2_feedback_tfim_qrc_reference
train,2010-06-18,0.2222583450560576,0.1318200348142705,phase2_feedback_tfim_qrc_reference
train,2010-06-21,0.2254518783898888,0.16045394771632943,phase2_feedback_tfim_qrc_reference
train,2010-06-22,0.2224662305742367,0.2346037013951155,phase2_feedback_tfim_qrc_reference
train,2010-06-23,0.2356179818010699,0.19944270053240373,phase2_feedback_tfim_qrc_reference
train,2010-06-24,0.2300797128012964,0.21117803115336573,phase2_feedback_tfim_qrc_reference
train,2010-06-25,0.2325331739452872,0.18617173166255258,phase2_feedback_tfim_qrc_reference
train,2010-06-28,0.2322671174327293,0.2439738050129485,phase2_feedback_tfim_qrc_reference
train,2010-06-29,0.2051444049985064,0.17532557252959252,phase2_feedback_tfim_qrc_reference
train,2010-06-30,0.2030678817007578,0.1694117762917195,phase2_feedback_tfim_qrc_reference
train,2010-07-01,0.2024490354586209,0.24047460642822158,phase2_feedback_tfim_qrc_reference
train,2010-07-02,0.2165457575848189,0.26188676521406457,phase2_feedback_tfim_qrc_reference
train,2010-07-06,0.2159729191479315,0.2555162649874678,phase2_feedback_tfim_qrc_reference
train,2010-07-07,0.1873633617118304,0.26709329152672634,phase2_feedback_tfim_qrc_reference
train,2010-07-08,0.1840974384284579,0.27248017054756113,phase2_feedback_tfim_qrc_reference
train,2010-07-09,0.1827653113066004,0.23794820364623379,phase2_feedback_tfim_qrc_reference
train,2010-07-12,0.1837252207469989,0.22121526235552247,phase2_feedback_tfim_qrc_reference
train,2010-07-13,0.1769375319013241,0.2773014538090061,phase2_feedback_tfim_qrc_reference
train,2010-07-14,0.202498988030753,0.2703961778393393,phase2_feedback_tfim_qrc_reference
train,2010-07-15,0.2036697786598488,0.23884248045408238,phase2_feedback_tfim_qrc_reference
train,2010-07-16,0.1782371404460997,0.2430315819897721,phase2_feedback_tfim_qrc_reference
train,2010-07-19,0.1770143108485987,0.18674948138329545,phase2_feedback_tfim_qrc_reference
train,2010-07-20,0.1779880856646351,0.23632835898571702,phase2_feedback_tfim_qrc_reference
train,2010-07-21,0.1719445248709251,0.25419861876063243,phase2_feedback_tfim_qrc_reference
train,2010-07-22,0.1652252844660248,0.18099542587747897,phase2_feedback_tfim_qrc_reference
train,2010-07-23,0.1627686034154391,0.18448703725135254,phase2_feedback_tfim_qrc_reference
train,2010-07-26,0.1591272934925611,0.19803551325832416,phase2_feedback_tfim_qrc_reference
train,2010-07-27,0.1677859013180118,0.21544448761082455,phase2_feedback_tfim_qrc_reference
train,2010-07-28,0.1667734552600581,0.19463748333319456,phase2_feedback_tfim_qrc_reference
train,2010-07-29,0.1675782663023038,0.22083670937995217,phase2_feedback_tfim_qrc_reference
train,2010-07-30,0.1762359291129172,0.2632693427882743,phase2_feedback_tfim_qrc_reference
train,2010-08-02,0.1657197734990904,0.2543853823438505,phase2_feedback_tfim_qrc_reference
train,2010-08-03,0.1648416311138692,0.2472565402798283,phase2_feedback_tfim_qrc_reference
train,2010-08-04,0.1938027388048152,0.21239938519177376,phase2_feedback_tfim_qrc_reference
train,2010-08-05,0.1965390163284879,0.21643774931859544,phase2_feedback_tfim_qrc_reference
train,2010-08-06,0.2012772056499819,0.20519674997416187,phase2_feedback_tfim_qrc_reference
train,2010-08-09,0.2043889118836539,0.17885950457174551,phase2_feedback_tfim_qrc_reference
train,2010-08-10,0.20497359335346,0.18560499772692726,phase2_feedback_tfim_qrc_reference
train,2010-08-11,0.1805070637397518,0.17774607332362122,phase2_feedback_tfim_qrc_reference
train,2010-08-12,0.1800780817623505,0.17736169806419924,phase2_feedback_tfim_qrc_reference
train,2010-08-13,0.1839980775662906,0.16794653183102273,phase2_feedback_tfim_qrc_reference
train,2010-08-16,0.1840039624536436,0.18431155508330901,phase2_feedback_tfim_qrc_reference
train,2010-08-17,0.1793372453133526,0.17360224728592544,phase2_feedback_tfim_qrc_reference
train,2010-08-18,0.1792228191481908,0.17834163961795996,phase2_feedback_tfim_qrc_reference
train,2010-08-19,0.168052967978693,0.21216521983693087,phase2_feedback_tfim_qrc_reference
train,2010-08-20,0.1760965591652091,0.18127915719266677,phase2_feedback_tfim_qrc_reference
train,2010-08-23,0.175728758052141,0.1468477746435942,phase2_feedback_tfim_qrc_reference
train,2010-08-24,0.1683908599430497,0.15868652212914178,phase2_feedback_tfim_qrc_reference
train,2010-08-25,0.1703100384255379,0.18291862833363692,phase2_feedback_tfim_qrc_reference
train,2010-08-26,0.1835618741335002,0.17555950915753432,phase2_feedback_tfim_qrc_reference
train,2010-08-27,0.1760918236337549,0.18250009111612325,phase2_feedback_tfim_qrc_reference
train,2010-08-30,0.1687469217312029,0.2003982523680799,phase2_feedback_tfim_qrc_reference
train,2010-08-31,0.1688605347173332,0.17881375359086696,phase2_feedback_tfim_qrc_reference
train,2010-09-01,0.1329650972857944,0.18274870343815533,phase2_feedback_tfim_qrc_reference
train,2010-09-02,0.1296896255919263,0.17526764741548045,phase2_feedback_tfim_qrc_reference
train,2010-09-03,0.1242620266512328,0.16126347237049082,phase2_feedback_tfim_qrc_reference
train,2010-09-07,0.1372144649909239,0.1779767372903607,phase2_feedback_tfim_qrc_reference
train,2010-09-08,0.1349473319329507,0.17757401459098623,phase2_feedback_tfim_qrc_reference
train,2010-09-09,0.1340205521995763,0.15355872574527124,phase2_feedback_tfim_qrc_reference
train,2010-09-10,0.1342794950167357,0.16332139462533088,phase2_feedback_tfim_qrc_reference
train,2010-09-13,0.1284753767341527,0.17159991234443098,phase2_feedback_tfim_qrc_reference
train,2010-09-14,0.1289211046904495,0.19540702628027437,phase2_feedback_tfim_qrc_reference
train,2010-09-15,0.1311255648120011,0.16036668771383997,phase2_feedback_tfim_qrc_reference
train,2010-09-16,0.1318541530728613,0.17378581138281024,phase2_feedback_tfim_qrc_reference
train,2010-09-17,0.1320464547804198,0.14803415268451145,phase2_feedback_tfim_qrc_reference
train,2010-09-20,0.1218172174306706,0.1370987637405327,phase2_feedback_tfim_qrc_reference
train,2010-09-21,0.1303092743339277,0.13062494927855825,phase2_feedback_tfim_qrc_reference
train,2010-09-22,0.1336598822398723,0.15133143141731448,phase2_feedback_tfim_qrc_reference
train,2010-09-23,0.1307155746097201,0.14223108607060464,phase2_feedback_tfim_qrc_reference
train,2010-09-24,0.1089486753836053,0.14476371351050824,phase2_feedback_tfim_qrc_reference
train,2010-09-27,0.1081256351731058,0.16776586128527582,phase2_feedback_tfim_qrc_reference
train,2010-09-28,0.1074137534124746,0.1389016125765171,phase2_feedback_tfim_qrc_reference
train,2010-09-29,0.1077175240534677,0.15396955683335348,phase2_feedback_tfim_qrc_reference
train,2010-09-30,0.1072001067545043,0.1470512142520858,phase2_feedback_tfim_qrc_reference
train,2010-10-01,0.1061939005650401,0.16409340665790023,phase2_feedback_tfim_qrc_reference
train,2010-10-04,0.1027797261649318,0.1435610120726247,phase2_feedback_tfim_qrc_reference
train,2010-10-05,0.07969932650841,0.18464896333823252,phase2_feedback_tfim_qrc_reference
train,2010-10-06,0.0809332806622372,0.14185538940138598,phase2_feedback_tfim_qrc_reference
train,2010-10-07,0.1054348976864027,0.13769303241322564,phase2_feedback_tfim_qrc_reference
train,2010-10-08,0.1044361054316204,0.1621565478141967,phase2_feedback_tfim_qrc_reference
train,2010-10-11,0.1046014003299992,0.16055850857294643,phase2_feedback_tfim_qrc_reference
train,2010-10-12,0.1071302779850532,0.17419516438775887,phase2_feedback_tfim_qrc_reference
train,2010-10-13,0.1045201370280555,0.1793947163295713,phase2_feedback_tfim_qrc_reference
train,2010-10-14,0.1044769133569963,0.1583562788587239,phase2_feedback_tfim_qrc_reference
train,2010-10-15,0.1124388383546412,0.14053413255206096,phase2_feedback_tfim_qrc_reference
train,2010-10-18,0.1111874830414279,0.13536819939994277,phase2_feedback_tfim_qrc_reference
train,2010-10-19,0.1152254320366821,0.13897056380206796,phase2_feedback_tfim_qrc_reference
train,2010-10-20,0.1099539909578068,0.14597482220529556,phase2_feedback_tfim_qrc_reference
train,2010-10-21,0.1213148258294366,0.14176159796009022,phase2_feedback_tfim_qrc_reference
train,2010-10-22,0.121537628041824,0.15804350118343702,phase2_feedback_tfim_qrc_reference
train,2010-10-25,0.1211130559996753,0.16773040196417013,phase2_feedback_tfim_qrc_reference
train,2010-10-26,0.1317395070904594,0.1607756369818803,phase2_feedback_tfim_qrc_reference
train,2010-10-27,0.1413141325791483,0.18636138799169794,phase2_feedback_tfim_qrc_reference
train,2010-10-28,0.1473055282291608,0.17379353068067588,phase2_feedback_tfim_qrc_reference
train,2010-10-29,0.1476764816858803,0.17401611335926184,phase2_feedback_tfim_qrc_reference
train,2010-11-01,0.149019961112782,0.17680476320958216,phase2_feedback_tfim_qrc_reference
train,2010-11-02,0.16426089219557,0.1402352939844073,phase2_feedback_tfim_qrc_reference
train,2010-11-03,0.169776981053888,0.13155395806507222,phase2_feedback_tfim_qrc_reference
train,2010-11-04,0.1559828848880547,0.13236083791342396,phase2_feedback_tfim_qrc_reference
train,2010-11-05,0.1554451555352297,0.12817654463943162,phase2_feedback_tfim_qrc_reference
train,2010-11-08,0.1553093462695273,0.12140669592076384,phase2_feedback_tfim_qrc_reference
train,2010-11-09,0.1537352748680205,0.12400342990990544,phase2_feedback_tfim_qrc_reference
train,2010-11-10,0.1536913875129717,0.13779460723290293,phase2_feedback_tfim_qrc_reference
train,2010-11-11,0.1544718201230964,0.12748552908236663,phase2_feedback_tfim_qrc_reference
train,2010-11-12,0.1486175210381219,0.1354635781891857,phase2_feedback_tfim_qrc_reference
train,2010-11-15,0.1485676068377071,0.13337737428072627,phase2_feedback_tfim_qrc_reference
train,2010-11-16,0.1386801945400308,0.12576436369569197,phase2_feedback_tfim_qrc_reference
train,2010-11-17,0.1401894260332135,0.14031543554440903,phase2_feedback_tfim_qrc_reference
train,2010-11-18,0.1303031548226185,0.16335060951830335,phase2_feedback_tfim_qrc_reference
train,2010-11-19,0.1302134913673769,0.13920930572488657,phase2_feedback_tfim_qrc_reference
train,2010-11-22,0.1320991963871675,0.1440015367851461,phase2_feedback_tfim_qrc_reference
train,2010-11-23,0.1220018244958909,0.1449985804397285,phase2_feedback_tfim_qrc_reference
train,2010-11-24,0.1104183153149413,0.13962566651324387,phase2_feedback_tfim_qrc_reference
train,2010-11-26,0.1022966589873421,0.16593404497539127,phase2_feedback_tfim_qrc_reference
train,2010-11-29,0.1018513445771922,0.16666001333920485,phase2_feedback_tfim_qrc_reference
train,2010-11-30,0.0999004937177295,0.17624911318030653,phase2_feedback_tfim_qrc_reference
train,2010-12-01,0.0666540886669421,0.14040481910525804,phase2_feedback_tfim_qrc_reference
train,2010-12-02,0.0490162427488499,0.1371039780362219,phase2_feedback_tfim_qrc_reference
train,2010-12-03,0.0603673267321349,0.1409318400796222,phase2_feedback_tfim_qrc_reference
train,2010-12-06,0.0602819588327135,0.14785239675379588,phase2_feedback_tfim_qrc_reference
train,2010-12-07,0.062995986583053,0.14886978834440992,phase2_feedback_tfim_qrc_reference
train,2010-12-08,0.0620352314323152,0.1397752525292538,phase2_feedback_tfim_qrc_reference
train,2010-12-09,0.0608829322677072,0.13212022084287678,phase2_feedback_tfim_qrc_reference
train,2010-12-10,0.0574697619139725,0.15210414209102627,phase2_feedback_tfim_qrc_reference
train,2010-12-13,0.0587816937749513,0.15978783009170167,phase2_feedback_tfim_qrc_reference
train,2010-12-14,0.0668017348492432,0.14237928811782566,phase2_feedback_tfim_qrc_reference
train,2010-12-15,0.0650428813824186,0.1316739220730646,phase2_feedback_tfim_qrc_reference
train,2010-12-16,0.0668348666377816,0.11707543214548953,phase2_feedback_tfim_qrc_reference
train,2010-12-17,0.0669992598315531,0.1207793725946101,phase2_feedback_tfim_qrc_reference
train,2010-12-20,0.0750946351650302,0.12740216231927334,phase2_feedback_tfim_qrc_reference
train,2010-12-21,0.0718190937907378,0.13033011490267618,phase2_feedback_tfim_qrc_reference
train,2010-12-22,0.0714204668101109,0.12427763189094385,phase2_feedback_tfim_qrc_reference
train,2010-12-23,0.0740285061296073,0.11788492101836691,phase2_feedback_tfim_qrc_reference
train,2010-12-27,0.0740400091895269,0.12099518555943946,phase2_feedback_tfim_qrc_reference
train,2010-12-28,0.0751275916376758,0.14320666250559225,phase2_feedback_tfim_qrc_reference
train,2010-12-29,0.0755927509266272,0.1514062295135502,phase2_feedback_tfim_qrc_reference
train,2010-12-30,0.0979450432679243,0.1600284817116552,phase2_feedback_tfim_qrc_reference
train,2010-12-31,0.1014841476769887,0.15748524991590124,phase2_feedback_tfim_qrc_reference
train,2011-01-03,0.1102028238102015,0.13465795730219204,phase2_feedback_tfim_qrc_reference
train,2011-01-04,0.1104032327848459,0.12155881121950089,phase2_feedback_tfim_qrc_reference
train,2011-01-05,0.1091532784234971,0.12533037805657077,phase2_feedback_tfim_qrc_reference
train,2011-01-06,0.1093919455274713,0.13747450266974762,phase2_feedback_tfim_qrc_reference
train,2011-01-07,0.1113889351294121,0.1546482070997221,phase2_feedback_tfim_qrc_reference
train,2011-01-10,0.1124579038949254,0.15604092752387946,phase2_feedback_tfim_qrc_reference
train,2011-01-11,0.1120453176990055,0.1563554069604358,phase2_feedback_tfim_qrc_reference
train,2011-01-12,0.1074201899907525,0.13986885904962448,phase2_feedback_tfim_qrc_reference
train,2011-01-13,0.1093158939575619,0.12916565487728593,phase2_feedback_tfim_qrc_reference
train,2011-01-14,0.1065945028163041,0.14021818509835046,phase2_feedback_tfim_qrc_reference
train,2011-01-18,0.1070106588905696,0.13587781950091266,phase2_feedback_tfim_qrc_reference
train,2011-01-19,0.1035724378811707,0.12846419597730782,phase2_feedback_tfim_qrc_reference
train,2011-01-20,0.1040062325448202,0.12503153363306274,phase2_feedback_tfim_qrc_reference
train,2011-01-21,0.1039593748349512,0.12768016672680108,phase2_feedback_tfim_qrc_reference
train,2011-01-24,0.1248257887777061,0.14015838099962782,phase2_feedback_tfim_qrc_reference
train,2011-01-25,0.1267138443822538,0.1401890298880936,phase2_feedback_tfim_qrc_reference
train,2011-01-26,0.1259933076677015,0.15575472327430528,phase2_feedback_tfim_qrc_reference
train,2011-01-27,0.131236195897951,0.1611086446268653,phase2_feedback_tfim_qrc_reference
train,2011-01-28,0.1174434073250797,0.15201406698226208,phase2_feedback_tfim_qrc_reference
train,2011-01-31,0.1290273513846813,0.135202600260357,phase2_feedback_tfim_qrc_reference
train,2011-02-01,0.1163062898312348,0.13817510727367105,phase2_feedback_tfim_qrc_reference
train,2011-02-02,0.1309721429283681,0.14163000418190053,phase2_feedback_tfim_qrc_reference
train,2011-02-03,0.1334246804075,0.1329216372065756,phase2_feedback_tfim_qrc_reference
train,2011-02-04,0.1359566888073859,0.134867434222988,phase2_feedback_tfim_qrc_reference
train,2011-02-07,0.1376627572681503,0.14458238548862148,phase2_feedback_tfim_qrc_reference
train,2011-02-08,0.1368125381629355,0.12438848755896742,phase2_feedback_tfim_qrc_reference
train,2011-02-09,0.1518475109249313,0.12706029387648016,phase2_feedback_tfim_qrc_reference
train,2011-02-10,0.1538155935414583,0.12468413974367636,phase2_feedback_tfim_qrc_reference
train,2011-02-11,0.1538698238551007,0.1402708208015409,phase2_feedback_tfim_qrc_reference
train,2011-02-14,0.1589854171791944,0.12422168177145086,phase2_feedback_tfim_qrc_reference
train,2011-02-15,0.1719585570593864,0.11036774219826584,phase2_feedback_tfim_qrc_reference
train,2011-02-16,0.1768099696057206,0.11782764612233079,phase2_feedback_tfim_qrc_reference
train,2011-02-17,0.1769630654381902,0.1345636258264391,phase2_feedback_tfim_qrc_reference
train,2011-02-18,0.1850435122318139,0.12873472741212272,phase2_feedback_tfim_qrc_reference
train,2011-02-22,0.1709213289485966,0.13444585276356819,phase2_feedback_tfim_qrc_reference
train,2011-02-23,0.1698186471102349,0.12176721565589713,phase2_feedback_tfim_qrc_reference
train,2011-02-24,0.173130110501248,0.12047650696483518,phase2_feedback_tfim_qrc_reference
train,2011-02-25,0.1693106817417978,0.1230925291381976,phase2_feedback_tfim_qrc_reference
train,2011-02-28,0.1681079247297173,0.13513410310671095,phase2_feedback_tfim_qrc_reference
train,2011-03-01,0.1589448626858904,0.14996098010457262,phase2_feedback_tfim_qrc_reference
train,2011-03-02,0.1606302396730005,0.14258783066645517,phase2_feedback_tfim_qrc_reference
train,2011-03-03,0.1488310602439051,0.13784971445550717,phase2_feedback_tfim_qrc_reference
train,2011-03-04,0.1471794600670647,0.1358286766158016,phase2_feedback_tfim_qrc_reference
train,2011-03-07,0.1445258324443351,0.14867785395602226,phase2_feedback_tfim_qrc_reference
train,2011-03-08,0.1411796794814087,0.1671123746411508,phase2_feedback_tfim_qrc_reference
train,2011-03-09,0.1415293268223553,0.1551749543546538,phase2_feedback_tfim_qrc_reference
train,2011-03-10,0.1253282473596322,0.17971065901750366,phase2_feedback_tfim_qrc_reference
train,2011-03-11,0.123507998160386,0.18897428136943364,phase2_feedback_tfim_qrc_reference
train,2011-03-14,0.1220930139916846,0.19154801547563693,phase2_feedback_tfim_qrc_reference
train,2011-03-15,0.1180799470454164,0.18607227566322662,phase2_feedback_tfim_qrc_reference
train,2011-03-16,0.0975923451381809,0.1910594145007629,phase2_feedback_tfim_qrc_reference
train,2011-03-17,0.0856742035811499,0.1869020242321799,phase2_feedback_tfim_qrc_reference
train,2011-03-18,0.085678431837224,0.1792429592840117,phase2_feedback_tfim_qrc_reference
train,2011-03-21,0.07721290344514,0.17962595549713098,phase2_feedback_tfim_qrc_reference
train,2011-03-22,0.0788872174936141,0.20220324238288795,phase2_feedback_tfim_qrc_reference
train,2011-03-23,0.091815728010268,0.20103876143539662,phase2_feedback_tfim_qrc_reference
train,2011-03-24,0.0872680280155099,0.1891686336979315,phase2_feedback_tfim_qrc_reference
train,2011-03-25,0.0866733326347986,0.18671733500689025,phase2_feedback_tfim_qrc_reference
train,2011-03-28,0.0914547041839291,0.19130085833373636,phase2_feedback_tfim_qrc_reference
train,2011-03-29,0.0912770505239843,0.21106498025039724,phase2_feedback_tfim_qrc_reference
train,2011-03-30,0.0886991723830589,0.1585011545095403,phase2_feedback_tfim_qrc_reference
train,2011-03-31,0.0889595093674744,0.1574778147260361,phase2_feedback_tfim_qrc_reference
train,2011-04-01,0.0878629431419602,0.15461213521491482,phase2_feedback_tfim_qrc_reference
train,2011-04-04,0.0887407769434435,0.15377307636664028,phase2_feedback_tfim_qrc_reference
train,2011-04-05,0.0918278426639161,0.17035389191952874,phase2_feedback_tfim_qrc_reference
train,2011-04-06,0.0966876996023589,0.17223907504478728,phase2_feedback_tfim_qrc_reference
train,2011-04-07,0.0975266500869768,0.15598354096614722,phase2_feedback_tfim_qrc_reference
train,2011-04-08,0.0977204935707602,0.14664325273327736,phase2_feedback_tfim_qrc_reference
train,2011-04-11,0.1017109507589933,0.1391433180608603,phase2_feedback_tfim_qrc_reference
train,2011-04-12,0.1051021867104934,0.13486538444808804,phase2_feedback_tfim_qrc_reference
train,2011-04-13,0.1064451385859464,0.1447369270512562,phase2_feedback_tfim_qrc_reference
train,2011-04-14,0.1098900965371636,0.14465891921512533,phase2_feedback_tfim_qrc_reference
train,2011-04-15,0.1114394779060452,0.14313344778343545,phase2_feedback_tfim_qrc_reference
train,2011-04-18,0.1040102822684987,0.15813955218280965,phase2_feedback_tfim_qrc_reference
train,2011-04-19,0.1067795501304785,0.1453408640240513,phase2_feedback_tfim_qrc_reference
train,2011-04-20,0.0957254768459125,0.14250182982164708,phase2_feedback_tfim_qrc_reference
train,2011-04-21,0.0981723958630079,0.16345213423049135,phase2_feedback_tfim_qrc_reference
train,2011-04-25,0.1064882366046536,0.14207044787974524,phase2_feedback_tfim_qrc_reference
train,2011-04-26,0.1020872256968639,0.15129826849565808,phase2_feedback_tfim_qrc_reference
train,2011-04-27,0.100145172144309,0.14286467509151124,phase2_feedback_tfim_qrc_reference
train,2011-04-28,0.100812767212692,0.15366890204950276,phase2_feedback_tfim_qrc_reference
train,2011-04-29,0.101382157884381,0.1502311911431628,phase2_feedback_tfim_qrc_reference
train,2011-05-02,0.1077041598327462,0.16038321473063724,phase2_feedback_tfim_qrc_reference
train,2011-05-03,0.1339373841206987,0.15561090515718493,phase2_feedback_tfim_qrc_reference
train,2011-05-04,0.1318928843095802,0.1536635864521493,phase2_feedback_tfim_qrc_reference
train,2011-05-05,0.1327155782284914,0.1497061630288094,phase2_feedback_tfim_qrc_reference
train,2011-05-06,0.1370554914892057,0.14799613394478103,phase2_feedback_tfim_qrc_reference
train,2011-05-09,0.1363864323950264,0.14782049249674653,phase2_feedback_tfim_qrc_reference
train,2011-05-10,0.1338384860515815,0.16033745423731963,phase2_feedback_tfim_qrc_reference
train,2011-05-11,0.1312644967910451,0.186642780203906,phase2_feedback_tfim_qrc_reference
train,2011-05-12,0.1393510837236793,0.16927213147571887,phase2_feedback_tfim_qrc_reference
train,2011-05-13,0.1366525014651149,0.17545357386342525,phase2_feedback_tfim_qrc_reference
train,2011-05-16,0.1420079504469874,0.19076282274781198,phase2_feedback_tfim_qrc_reference
train,2011-05-17,0.1556393469496206,0.1603531589406001,phase2_feedback_tfim_qrc_reference
train,2011-05-18,0.1526022701618638,0.1610589884717389,phase2_feedback_tfim_qrc_reference
train,2011-05-19,0.1527344273839607,0.15897814126373205,phase2_feedback_tfim_qrc_reference
train,2011-05-20,0.1511763557624856,0.13916731930081017,phase2_feedback_tfim_qrc_reference
train,2011-05-23,0.153207973843856,0.13740814898925607,phase2_feedback_tfim_qrc_reference
train,2011-05-24,0.1546742525925623,0.1399620295184162,phase2_feedback_tfim_qrc_reference
train,2011-05-25,0.1545589763020113,0.12672531099007894,phase2_feedback_tfim_qrc_reference
train,2011-05-26,0.1591969479905214,0.1206523179515321,phase2_feedback_tfim_qrc_reference
train,2011-05-27,0.1617119468734552,0.1267513482120227,phase2_feedback_tfim_qrc_reference
train,2011-05-31,0.1640671226540949,0.11995641089473735,phase2_feedback_tfim_qrc_reference
train,2011-06-01,0.1460533730990933,0.1135459162729367,phase2_feedback_tfim_qrc_reference
train,2011-06-02,0.1498622677054958,0.12320711732574134,phase2_feedback_tfim_qrc_reference
train,2011-06-03,0.1546318722997976,0.13216961634007618,phase2_feedback_tfim_qrc_reference
train,2011-06-06,0.150013689636041,0.13396652200685208,phase2_feedback_tfim_qrc_reference
train,2011-06-07,0.1500554297729132,0.13621507118554194,phase2_feedback_tfim_qrc_reference
train,2011-06-08,0.1537443081762916,0.1254321321608172,phase2_feedback_tfim_qrc_reference
train,2011-06-09,0.1534514166103548,0.12216832105485524,phase2_feedback_tfim_qrc_reference
train,2011-06-10,0.1589638538614445,0.13031964177497965,phase2_feedback_tfim_qrc_reference
train,2011-06-13,0.1596804690039673,0.14457268804127915,phase2_feedback_tfim_qrc_reference
train,2011-06-14,0.1537408799368185,0.13416394151094208,phase2_feedback_tfim_qrc_reference
train,2011-06-15,0.1420667421165055,0.14987920058532117,phase2_feedback_tfim_qrc_reference
train,2011-06-16,0.1433314668111938,0.16393254571812205,phase2_feedback_tfim_qrc_reference
train,2011-06-17,0.1458991306454946,0.15024199067566096,phase2_feedback_tfim_qrc_reference
train,2011-06-20,0.1556427800667611,0.15761711557970678,phase2_feedback_tfim_qrc_reference
train,2011-06-21,0.1479699942224412,0.1520590323898921,phase2_feedback_tfim_qrc_reference
train,2011-06-22,0.1543577612474992,0.1543148315149538,phase2_feedback_tfim_qrc_reference
train,2011-06-23,0.1540389613081628,0.15224610328712418,phase2_feedback_tfim_qrc_reference
train,2011-06-24,0.149666494272783,0.16170181590069144,phase2_feedback_tfim_qrc_reference
train,2011-06-27,0.1469181693448305,0.16418822096424143,phase2_feedback_tfim_qrc_reference
train,2011-06-28,0.1576660577029277,0.15368638996578446,phase2_feedback_tfim_qrc_reference
train,2011-06-29,0.1550784006789014,0.16060799848057006,phase2_feedback_tfim_qrc_reference
train,2011-06-30,0.1532990364418456,0.15242413282537784,phase2_feedback_tfim_qrc_reference
train,2011-07-01,0.1449778998314164,0.15295423281931234,phase2_feedback_tfim_qrc_reference
train,2011-07-05,0.1716062585211456,0.1592918335080464,phase2_feedback_tfim_qrc_reference
train,2011-07-06,0.1726231468557148,0.156996603286879,phase2_feedback_tfim_qrc_reference
train,2011-07-07,0.2396989497684529,0.15568403198908703,phase2_feedback_tfim_qrc_reference
train,2011-07-08,0.2384231312419952,0.15852942061245806,phase2_feedback_tfim_qrc_reference
train,2011-07-11,0.3313434423480182,0.15639083758556258,phase2_feedback_tfim_qrc_reference
train,2011-07-12,0.3682123901752994,0.1729053310817893,phase2_feedback_tfim_qrc_reference
train,2011-07-13,0.4014498131497953,0.19565239205856033,phase2_feedback_tfim_qrc_reference
train,2011-07-14,0.4299372085088969,0.20816537297200582,phase2_feedback_tfim_qrc_reference
train,2011-07-15,0.4301062182778516,0.19071117610009453,phase2_feedback_tfim_qrc_reference
train,2011-07-18,0.4355043590365506,0.16767602774683754,phase2_feedback_tfim_qrc_reference
train,2011-07-19,0.4328099171919136,0.16157649228374854,phase2_feedback_tfim_qrc_reference
train,2011-07-20,0.4328111354724347,0.16307259412094433,phase2_feedback_tfim_qrc_reference
train,2011-07-21,0.457615225023455,0.19291723118374013,phase2_feedback_tfim_qrc_reference
train,2011-07-22,0.4613264010138074,0.201708942598939,phase2_feedback_tfim_qrc_reference
train,2011-07-25,0.4609083840632191,0.20655366612084408,phase2_feedback_tfim_qrc_reference
train,2011-07-26,0.4748378971706878,0.21426765100606948,phase2_feedback_tfim_qrc_reference
train,2011-07-27,0.4717449050040973,0.1812667405007323,phase2_feedback_tfim_qrc_reference
train,2011-07-28,0.4747732347564737,0.18036982389529424,phase2_feedback_tfim_qrc_reference
train,2011-07-29,0.4769070678084083,0.18137389596615003,phase2_feedback_tfim_qrc_reference
train,2011-08-01,0.4871598558883316,0.18683996878712425,phase2_feedback_tfim_qrc_reference
train,2011-08-02,0.4785117174805602,0.18625316347888798,phase2_feedback_tfim_qrc_reference
train,2011-08-03,0.4783853717259916,0.20005811203975288,phase2_feedback_tfim_qrc_reference
train,2011-08-04,0.4486090365979007,0.20398385615247108,phase2_feedback_tfim_qrc_reference
train,2011-08-05,0.4578882968206224,0.2371955781156355,phase2_feedback_tfim_qrc_reference
train,2011-08-08,0.3914079023021124,0.22981297451001295,phase2_feedback_tfim_qrc_reference
train,2011-08-09,0.3700304623052842,0.18466817916320674,phase2_feedback_tfim_qrc_reference
train,2011-08-10,0.3355222800244974,0.24437881258042507,phase2_feedback_tfim_qrc_reference
train,2011-08-11,0.3117282858743665,0.2660996259420466,phase2_feedback_tfim_qrc_reference
train,2011-08-12,0.3116586066164085,0.32053532594867873,phase2_feedback_tfim_qrc_reference
train,2011-08-15,0.3043916709643159,0.3703963167337313,phase2_feedback_tfim_qrc_reference
train,2011-08-16,0.3067729051051522,0.3509434273319338,phase2_feedback_tfim_qrc_reference
train,2011-08-17,0.3127178558501692,0.3054009015807811,phase2_feedback_tfim_qrc_reference
train,2011-08-18,0.2715785426666975,0.3352391025424432,phase2_feedback_tfim_qrc_reference
train,2011-08-19,0.2675872922032794,0.2995296252237986,phase2_feedback_tfim_qrc_reference
train,2011-08-22,0.2676041873348447,0.30357628159341093,phase2_feedback_tfim_qrc_reference
train,2011-08-23,0.2639425260814037,0.26766842748454933,phase2_feedback_tfim_qrc_reference
train,2011-08-24,0.2842614297584201,0.24250511353227722,phase2_feedback_tfim_qrc_reference
train,2011-08-25,0.2797960787726557,0.2646479917043351,phase2_feedback_tfim_qrc_reference
train,2011-08-26,0.2874406001795649,0.25267010490871883,phase2_feedback_tfim_qrc_reference
train,2011-08-29,0.2721531233026871,0.21126523156883809,phase2_feedback_tfim_qrc_reference
train,2011-08-30,0.281638282281877,0.1808497494265391,phase2_feedback_tfim_qrc_reference
train,2011-08-31,0.2825689644277037,0.1751942221014037,phase2_feedback_tfim_qrc_reference
train,2011-09-01,0.2941386198557283,0.15780993477710942,phase2_feedback_tfim_qrc_reference
train,2011-09-02,0.2976243436965732,0.13575476156281452,phase2_feedback_tfim_qrc_reference
train,2011-09-06,0.3063171408618723,0.1270747012524598,phase2_feedback_tfim_qrc_reference
train,2011-09-07,0.2971877750370118,0.14390289323719604,phase2_feedback_tfim_qrc_reference
train,2011-09-08,0.3016556783957522,0.1457016290877264,phase2_feedback_tfim_qrc_reference
train,2011-09-09,0.287536308684789,0.15349853229358226,phase2_feedback_tfim_qrc_reference
train,2011-09-12,0.3095001758421349,0.14710571239981032,phase2_feedback_tfim_qrc_reference
train,2011-09-13,0.3078194439667563,0.20554762615453775,phase2_feedback_tfim_qrc_reference
train,2011-09-14,0.3055028506751505,0.20212028580162963,phase2_feedback_tfim_qrc_reference
train,2011-09-15,0.2994885632655021,0.21773972708487163,phase2_feedback_tfim_qrc_reference
train,2011-09-16,0.3047513352681972,0.17048406990845863,phase2_feedback_tfim_qrc_reference
train,2011-09-19,0.310308150459882,0.11993093742832373,phase2_feedback_tfim_qrc_reference
train,2011-09-20,0.3177978249711237,0.16433193583582417,phase2_feedback_tfim_qrc_reference
train,2011-09-21,0.3025141959041258,0.22951522486549564,phase2_feedback_tfim_qrc_reference
train,2011-09-22,0.2795554220229308,0.2293493353732073,phase2_feedback_tfim_qrc_reference
train,2011-09-23,0.2866253061523797,0.26963853878321786,phase2_feedback_tfim_qrc_reference
train,2011-09-26,0.2776075383234276,0.25206753905152907,phase2_feedback_tfim_qrc_reference
train,2011-09-27,0.2834954404323844,0.26285297199566854,phase2_feedback_tfim_qrc_reference
train,2011-09-28,0.2762587055242332,0.2340843579950021,phase2_feedback_tfim_qrc_reference
train,2011-09-29,0.3005333916428186,0.23983892749593685,phase2_feedback_tfim_qrc_reference
train,2011-09-30,0.2867958431134803,0.28944113870672034,phase2_feedback_tfim_qrc_reference
train,2011-10-03,0.2815161585577326,0.24877843625396776,phase2_feedback_tfim_qrc_reference
train,2011-10-04,0.2887806832061054,0.17833522435312646,phase2_feedback_tfim_qrc_reference
train,2011-10-05,0.2871332652643102,0.3161943900900216,phase2_feedback_tfim_qrc_reference
train,2011-10-06,0.2872384310641909,0.21680293889548968,phase2_feedback_tfim_qrc_reference
train,2011-10-07,0.2870671962949692,0.3104344128563118,phase2_feedback_tfim_qrc_reference
train,2011-10-10,0.263159938141683,0.29163193435949203,phase2_feedback_tfim_qrc_reference
train,2011-10-11,0.2669989796040841,0.318653255904445,phase2_feedback_tfim_qrc_reference
train,2011-10-12,0.2968860552674993,0.27335188519980425,phase2_feedback_tfim_qrc_reference
train,2011-10-13,0.29865839674511,0.3351101555114759,phase2_feedback_tfim_qrc_reference
train,2011-10-14,0.2999306798822472,0.3124617940144151,phase2_feedback_tfim_qrc_reference
train,2011-10-17,0.2939699864737421,0.29044027358669283,phase2_feedback_tfim_qrc_reference
train,2011-10-18,0.2863670213156347,0.22803750812352336,phase2_feedback_tfim_qrc_reference
train,2011-10-19,0.2888822307705543,0.29265789502237494,phase2_feedback_tfim_qrc_reference
train,2011-10-20,0.2940353295254923,0.270555450051146,phase2_feedback_tfim_qrc_reference
train,2011-10-21,0.2863786955426234,0.2204652668614481,phase2_feedback_tfim_qrc_reference
train,2011-10-24,0.2911690340543647,0.2518966920355486,phase2_feedback_tfim_qrc_reference
train,2011-10-25,0.2830425917135197,0.22885955803907435,phase2_feedback_tfim_qrc_reference
train,2011-10-26,0.2917136773659856,0.22257627902700142,phase2_feedback_tfim_qrc_reference
train,2011-10-27,0.2652699518601811,0.22050804968197413,phase2_feedback_tfim_qrc_reference
train,2011-10-28,0.2839734173661022,0.2242887666928033,phase2_feedback_tfim_qrc_reference
train,2011-10-31,0.2706291966438673,0.2051683408588581,phase2_feedback_tfim_qrc_reference
train,2011-11-01,0.2892407052839498,0.22373776839615414,phase2_feedback_tfim_qrc_reference
train,2011-11-02,0.2834934373561831,0.2251329175976825,phase2_feedback_tfim_qrc_reference
train,2011-11-03,0.276165362252644,0.21358763750185292,phase2_feedback_tfim_qrc_reference
train,2011-11-04,0.2779847536851419,0.23919687193610273,phase2_feedback_tfim_qrc_reference
train,2011-11-07,0.2771174157964833,0.24073519517075828,phase2_feedback_tfim_qrc_reference
train,2011-11-08,0.2737151986414932,0.232965675955888,phase2_feedback_tfim_qrc_reference
train,2011-11-09,0.2516046958300125,0.2131747963928199,phase2_feedback_tfim_qrc_reference
train,2011-11-10,0.2564294328801058,0.2534965720375626,phase2_feedback_tfim_qrc_reference
train,2011-11-11,0.2531783876609363,0.26723180229261145,phase2_feedback_tfim_qrc_reference
train,2011-11-14,0.2531142692134652,0.2432224223562525,phase2_feedback_tfim_qrc_reference
train,2011-11-15,0.2553450296516936,0.1989831617032107,phase2_feedback_tfim_qrc_reference
train,2011-11-16,0.2492746681835267,0.24644558324705815,phase2_feedback_tfim_qrc_reference
train,2011-11-17,0.2427345605848395,0.2424318228161054,phase2_feedback_tfim_qrc_reference
train,2011-11-18,0.2456882279155384,0.2266613824084643,phase2_feedback_tfim_qrc_reference
train,2011-11-21,0.2586944549608255,0.24588802120004064,phase2_feedback_tfim_qrc_reference
train,2011-11-22,0.2584067258528321,0.2037871441655899,phase2_feedback_tfim_qrc_reference
train,2011-11-23,0.2479534438496357,0.223971568578338,phase2_feedback_tfim_qrc_reference
train,2011-11-25,0.2498683212912903,0.1962408652503104,phase2_feedback_tfim_qrc_reference
train,2011-11-28,0.2284045120126438,0.21659627951144425,phase2_feedback_tfim_qrc_reference
train,2011-11-29,0.2329504707127475,0.257904677948142,phase2_feedback_tfim_qrc_reference
train,2011-11-30,0.1873730462321926,0.26780677983743906,phase2_feedback_tfim_qrc_reference
train,2011-12-01,0.1881870494807803,0.27849092543220866,phase2_feedback_tfim_qrc_reference
train,2011-12-02,0.1963131838670344,0.23186116374882917,phase2_feedback_tfim_qrc_reference
train,2011-12-05,0.1925949130578285,0.2796300751838179,phase2_feedback_tfim_qrc_reference
train,2011-12-06,0.1928227856051211,0.22021048923044703,phase2_feedback_tfim_qrc_reference
train,2011-12-07,0.1925892678206008,0.19425603112457462,phase2_feedback_tfim_qrc_reference
train,2011-12-08,0.1759710400297815,0.18698416803545614,phase2_feedback_tfim_qrc_reference
train,2011-12-09,0.1683695285200835,0.21486243331377877,phase2_feedback_tfim_qrc_reference
train,2011-12-12,0.1600848731334576,0.19774213848087002,phase2_feedback_tfim_qrc_reference
train,2011-12-13,0.1568126583225485,0.2380484742801936,phase2_feedback_tfim_qrc_reference
train,2011-12-14,0.153250957117517,0.1773351718199747,phase2_feedback_tfim_qrc_reference
train,2011-12-15,0.1533206382717101,0.2222782862836709,phase2_feedback_tfim_qrc_reference
train,2011-12-16,0.1581271871387468,0.1930359571544724,phase2_feedback_tfim_qrc_reference
train,2011-12-19,0.1545867097355487,0.19167235107343103,phase2_feedback_tfim_qrc_reference
train,2011-12-20,0.1127097320753191,0.17320007334288415,phase2_feedback_tfim_qrc_reference
train,2011-12-21,0.1125161114884081,0.2016145341994386,phase2_feedback_tfim_qrc_reference
train,2011-12-22,0.108149221530404,0.23269237505636464,phase2_feedback_tfim_qrc_reference
train,2011-12-23,0.1075778283134082,0.19948178128336366,phase2_feedback_tfim_qrc_reference
train,2011-12-27,0.1090799417467429,0.18536964041672171,phase2_feedback_tfim_qrc_reference
train,2011-12-28,0.09850053938714,0.1923482051269785,phase2_feedback_tfim_qrc_reference
train,2011-12-29,0.0922933888024301,0.1919858462837669,phase2_feedback_tfim_qrc_reference
train,2011-12-30,0.090630395800105,0.2100743096607393,phase2_feedback_tfim_qrc_reference
train,2012-01-03,0.0777019291325429,0.17264278894496837,phase2_feedback_tfim_qrc_reference
train,2012-01-04,0.0776961151898952,0.15951987142531224,phase2_feedback_tfim_qrc_reference
train,2012-01-05,0.0915953682826733,0.1979376311470162,phase2_feedback_tfim_qrc_reference
train,2012-01-06,0.0911670882071325,0.18716256486022465,phase2_feedback_tfim_qrc_reference
train,2012-01-09,0.0912015778164465,0.18193566001586017,phase2_feedback_tfim_qrc_reference
train,2012-01-10,0.0865408182325467,0.17364750220986364,phase2_feedback_tfim_qrc_reference
train,2012-01-11,0.0866342542676671,0.1654600825222464,phase2_feedback_tfim_qrc_reference
train,2012-01-12,0.0901356532588757,0.16982633587518142,phase2_feedback_tfim_qrc_reference
train,2012-01-13,0.0920690659759315,0.16340820640417994,phase2_feedback_tfim_qrc_reference
train,2012-01-17,0.0911455522795322,0.19768403222976696,phase2_feedback_tfim_qrc_reference
train,2012-01-18,0.0840194894498356,0.18483647048249435,phase2_feedback_tfim_qrc_reference
train,2012-01-19,0.0907551930699041,0.17891115334998897,phase2_feedback_tfim_qrc_reference
train,2012-01-20,0.0912156327737878,0.16749580962010635,phase2_feedback_tfim_qrc_reference
train,2012-01-23,0.091209491322201,0.16174651821461974,phase2_feedback_tfim_qrc_reference
train,2012-01-24,0.0918314378872176,0.14788462064365213,phase2_feedback_tfim_qrc_reference
train,2012-01-25,0.0883247738435049,0.17294914596759214,phase2_feedback_tfim_qrc_reference
train,2012-01-26,0.0867649995487824,0.15651443758491415,phase2_feedback_tfim_qrc_reference
train,2012-01-27,0.0869542942596495,0.22452212971707408,phase2_feedback_tfim_qrc_reference
train,2012-01-30,0.0867180022117832,0.1853358232478708,phase2_feedback_tfim_qrc_reference
train,2012-01-31,0.0878204959226726,0.17796415701512353,phase2_feedback_tfim_qrc_reference
train,2012-02-01,0.0842082672362372,0.18027324124460162,phase2_feedback_tfim_qrc_reference
train,2012-02-02,0.0847103265896639,0.18148568699976347,phase2_feedback_tfim_qrc_reference
train,2012-02-03,0.070325313704891,0.19324035065980405,phase2_feedback_tfim_qrc_reference
train,2012-02-06,0.0876085918828102,0.15846819222430572,phase2_feedback_tfim_qrc_reference
train,2012-02-07,0.0905747388989965,0.19895487752335225,phase2_feedback_tfim_qrc_reference
train,2012-02-08,0.0965829910691499,0.1576188704862887,phase2_feedback_tfim_qrc_reference
train,2012-02-09,0.0974477290642543,0.16234638995174747,phase2_feedback_tfim_qrc_reference
train,2012-02-10,0.093834127249847,0.1589159558459883,phase2_feedback_tfim_qrc_reference
train,2012-02-13,0.1101883475493564,0.16544709530981452,phase2_feedback_tfim_qrc_reference
train,2012-02-14,0.1101654248552046,0.1567703318229639,phase2_feedback_tfim_qrc_reference
train,2012-02-15,0.1108208318529108,0.13509452670088418,phase2_feedback_tfim_qrc_reference
train,2012-02-16,0.1038230111667944,0.19352802861266954,phase2_feedback_tfim_qrc_reference
train,2012-02-17,0.104324860996023,0.1460922894157669,phase2_feedback_tfim_qrc_reference
train,2012-02-21,0.1048252755949583,0.13150780184927546,phase2_feedback_tfim_qrc_reference
train,2012-02-22,0.1043645055744651,0.12957004136794695,phase2_feedback_tfim_qrc_reference
train,2012-02-23,0.1063359022610463,0.13189944688759953,phase2_feedback_tfim_qrc_reference
train,2012-02-24,0.106669301475447,0.13511530819763468,phase2_feedback_tfim_qrc_reference
train,2012-02-27,0.1174330465353341,0.16064156923338557,phase2_feedback_tfim_qrc_reference
train,2012-02-28,0.1174997551372575,0.14004179685527346,phase2_feedback_tfim_qrc_reference
train,2012-02-29,0.1179971594690377,0.14899532917802966,phase2_feedback_tfim_qrc_reference
train,2012-03-01,0.1167200953446069,0.1304610555946925,phase2_feedback_tfim_qrc_reference
train,2012-03-02,0.117140282221859,0.13275027593056785,phase2_feedback_tfim_qrc_reference
train,2012-03-05,0.1190763777482177,0.1296207230875995,phase2_feedback_tfim_qrc_reference
train,2012-03-06,0.1079605545951654,0.12677881601943808,phase2_feedback_tfim_qrc_reference
train,2012-03-07,0.1108897939796504,0.15317867339323885,phase2_feedback_tfim_qrc_reference
train,2012-03-08,0.1051884677813095,0.13796945424484278,phase2_feedback_tfim_qrc_reference
train,2012-03-09,0.1117327168175155,0.13832294027681422,phase2_feedback_tfim_qrc_reference
train,2012-03-12,0.1268643460359342,0.13967892809717414,phase2_feedback_tfim_qrc_reference
train,2012-03-13,0.1135143625685233,0.130108679943357,phase2_feedback_tfim_qrc_reference
train,2012-03-14,0.1224489242579623,0.15586558051704105,phase2_feedback_tfim_qrc_reference
train,2012-03-15,0.1279688618859099,0.1364331249976201,phase2_feedback_tfim_qrc_reference
train,2012-03-16,0.1278958638070096,0.13634976422064513,phase2_feedback_tfim_qrc_reference
train,2012-03-19,0.1374537275535663,0.1388645586244407,phase2_feedback_tfim_qrc_reference
train,2012-03-20,0.1375936056348609,0.1382791150615475,phase2_feedback_tfim_qrc_reference
train,2012-03-21,0.1393590955697419,0.15673934860673744,phase2_feedback_tfim_qrc_reference
train,2012-03-22,0.1371037854583656,0.13256647275124456,phase2_feedback_tfim_qrc_reference
train,2012-03-23,0.1398739094716998,0.12990111377318575,phase2_feedback_tfim_qrc_reference
train,2012-03-26,0.1315234880988482,0.13647894235887426,phase2_feedback_tfim_qrc_reference
train,2012-03-27,0.1396659269071756,0.13879596340410152,phase2_feedback_tfim_qrc_reference
train,2012-03-28,0.1407225153478476,0.15697979527717357,phase2_feedback_tfim_qrc_reference
train,2012-03-29,0.1407119810031225,0.136752636059474,phase2_feedback_tfim_qrc_reference
train,2012-03-30,0.1405656161790849,0.13547466604897174,phase2_feedback_tfim_qrc_reference
train,2012-04-02,0.1399067699070004,0.1261855374694746,phase2_feedback_tfim_qrc_reference
train,2012-04-03,0.1395430063485917,0.14906801426076752,phase2_feedback_tfim_qrc_reference
train,2012-04-04,0.1377219290609364,0.15545789020710118,phase2_feedback_tfim_qrc_reference
train,2012-04-05,0.1493580519000253,0.15211452834641528,phase2_feedback_tfim_qrc_reference
train,2012-04-09,0.143900208148086,0.1543879240321596,phase2_feedback_tfim_qrc_reference
train,2012-04-10,0.1315309367319254,0.15947698906944116,phase2_feedback_tfim_qrc_reference
train,2012-04-11,0.1301058104912208,0.15078020601003683,phase2_feedback_tfim_qrc_reference
train,2012-04-12,0.1218932624911933,0.13292946622735244,phase2_feedback_tfim_qrc_reference
train,2012-04-13,0.1147638459196156,0.15210809444487478,phase2_feedback_tfim_qrc_reference
train,2012-04-16,0.1213435667752795,0.16158191048116324,phase2_feedback_tfim_qrc_reference
train,2012-04-17,0.111413005517953,0.16210929874965863,phase2_feedback_tfim_qrc_reference
train,2012-04-18,0.1115932228731683,0.17109957428542577,phase2_feedback_tfim_qrc_reference
train,2012-04-19,0.121410805154271,0.2001898830806572,phase2_feedback_tfim_qrc_reference
train,2012-04-20,0.1250455251549679,0.1911193807371985,phase2_feedback_tfim_qrc_reference
train,2012-04-23,0.1356361605710367,0.18051595016110003,phase2_feedback_tfim_qrc_reference
train,2012-04-24,0.1351073040358261,0.17564969354820265,phase2_feedback_tfim_qrc_reference
train,2012-04-25,0.1262036073259274,0.16223066410848003,phase2_feedback_tfim_qrc_reference
train,2012-04-26,0.1239690050079738,0.15379344945724271,phase2_feedback_tfim_qrc_reference
train,2012-04-27,0.1243685166343057,0.15466961235047025,phase2_feedback_tfim_qrc_reference
train,2012-04-30,0.1308447988393771,0.14745969419662808,phase2_feedback_tfim_qrc_reference
train,2012-05-01,0.1390248055271798,0.14026716729910085,phase2_feedback_tfim_qrc_reference
train,2012-05-02,0.1388494527737958,0.15225674428101524,phase2_feedback_tfim_qrc_reference
train,2012-05-03,0.1634827480801513,0.1437148458617458,phase2_feedback_tfim_qrc_reference
train,2012-05-04,0.1529238948913058,0.14808222983453864,phase2_feedback_tfim_qrc_reference
train,2012-05-07,0.1552294494912051,0.16291996097476139,phase2_feedback_tfim_qrc_reference
train,2012-05-08,0.1735313082648731,0.18028325941828305,phase2_feedback_tfim_qrc_reference
train,2012-05-09,0.1722548875535482,0.1571028971057278,phase2_feedback_tfim_qrc_reference
train,2012-05-10,0.1743809808879894,0.1617427699501968,phase2_feedback_tfim_qrc_reference
train,2012-05-11,0.1798307164700292,0.14978213435930904,phase2_feedback_tfim_qrc_reference
train,2012-05-14,0.180038330632251,0.13765070140113103,phase2_feedback_tfim_qrc_reference
train,2012-05-15,0.1803180268839269,0.1423854538422899,phase2_feedback_tfim_qrc_reference
train,2012-05-16,0.1836566909159567,0.15062710205798527,phase2_feedback_tfim_qrc_reference
train,2012-05-17,0.1795118427076901,0.1533841950142801,phase2_feedback_tfim_qrc_reference
train,2012-05-18,0.1770334797963005,0.1888730722665533,phase2_feedback_tfim_qrc_reference
train,2012-05-21,0.1698504075929854,0.2073970706825679,phase2_feedback_tfim_qrc_reference
train,2012-05-22,0.1698355901591714,0.17719314750981757,phase2_feedback_tfim_qrc_reference
train,2012-05-23,0.1879629848788412,0.17970234801572862,phase2_feedback_tfim_qrc_reference
train,2012-05-24,0.1897974343744475,0.17737773518876784,phase2_feedback_tfim_qrc_reference
train,2012-05-25,0.1979451516683147,0.17152016536729844,phase2_feedback_tfim_qrc_reference
train,2012-05-29,0.1940942514868853,0.1829452262251546,phase2_feedback_tfim_qrc_reference
train,2012-05-30,0.1897389808929645,0.1534265663678272,phase2_feedback_tfim_qrc_reference
train,2012-05-31,0.1898531367794095,0.16724048171572942,phase2_feedback_tfim_qrc_reference
train,2012-06-01,0.1884477504670004,0.17572512373209992,phase2_feedback_tfim_qrc_reference
train,2012-06-04,0.1887354454510118,0.18936359386690382,phase2_feedback_tfim_qrc_reference
train,2012-06-05,0.1882824611699393,0.18436169270736466,phase2_feedback_tfim_qrc_reference
train,2012-06-06,0.1717239404543942,0.16180291297987398,phase2_feedback_tfim_qrc_reference
train,2012-06-07,0.1750241780137389,0.17920984901916312,phase2_feedback_tfim_qrc_reference
train,2012-06-08,0.1728086268716394,0.17472944834783316,phase2_feedback_tfim_qrc_reference
train,2012-06-11,0.1696587702383062,0.17283425056881244,phase2_feedback_tfim_qrc_reference
train,2012-06-12,0.1647747448846561,0.1801886498415983,phase2_feedback_tfim_qrc_reference
train,2012-06-13,0.1641019666029751,0.17569427339065133,phase2_feedback_tfim_qrc_reference
train,2012-06-14,0.1703433051853641,0.17787576924671678,phase2_feedback_tfim_qrc_reference
train,2012-06-15,0.1666792746810736,0.1693291873779452,phase2_feedback_tfim_qrc_reference
train,2012-06-18,0.1682997532730738,0.15402820999362415,phase2_feedback_tfim_qrc_reference
train,2012-06-19,0.1668634760408904,0.15737172113353787,phase2_feedback_tfim_qrc_reference
train,2012-06-20,0.1670226635118593,0.15548032687739102,phase2_feedback_tfim_qrc_reference
train,2012-06-21,0.1499047118766747,0.15157003830032645,phase2_feedback_tfim_qrc_reference
train,2012-06-22,0.1517608241948821,0.155597881092857,phase2_feedback_tfim_qrc_reference
train,2012-06-25,0.1438200558643018,0.161838874381093,phase2_feedback_tfim_qrc_reference
train,2012-06-26,0.1427180534660951,0.18101682793653143,phase2_feedback_tfim_qrc_reference
train,2012-06-27,0.1507371193252357,0.17665488407976004,phase2_feedback_tfim_qrc_reference
train,2012-06-28,0.1637191651086812,0.1792307170905617,phase2_feedback_tfim_qrc_reference
train,2012-06-29,0.1383587821020874,0.1752901486132658,phase2_feedback_tfim_qrc_reference
train,2012-07-02,0.1401875861233735,0.1975296512149696,phase2_feedback_tfim_qrc_reference
train,2012-07-03,0.1382597530887505,0.2035561442241968,phase2_feedback_tfim_qrc_reference
train,2012-07-05,0.1395035386566737,0.21280501537031926,phase2_feedback_tfim_qrc_reference
train,2012-07-06,0.1522109379361812,0.19886666861313057,phase2_feedback_tfim_qrc_reference
train,2012-07-09,0.1523019478193394,0.1869944443801365,phase2_feedback_tfim_qrc_reference
train,2012-07-10,0.1501484864397797,0.1776812023316486,phase2_feedback_tfim_qrc_reference
train,2012-07-11,0.150209019164785,0.17997324845174453,phase2_feedback_tfim_qrc_reference
train,2012-07-12,0.1492471813495089,0.1725409388988094,phase2_feedback_tfim_qrc_reference
train,2012-07-13,0.1371861886591139,0.16886006520820374,phase2_feedback_tfim_qrc_reference
train,2012-07-16,0.1369414746009261,0.1691929501449096,phase2_feedback_tfim_qrc_reference
train,2012-07-17,0.1347707894438493,0.1942008818973001,phase2_feedback_tfim_qrc_reference
train,2012-07-18,0.1322619096487697,0.16602214737107168,phase2_feedback_tfim_qrc_reference
train,2012-07-19,0.1344907960867132,0.16682655259184898,phase2_feedback_tfim_qrc_reference
train,2012-07-20,0.1305602559650772,0.1549584033518619,phase2_feedback_tfim_qrc_reference
train,2012-07-23,0.1254771859561102,0.15365507799009934,phase2_feedback_tfim_qrc_reference
train,2012-07-24,0.1221268274983026,0.16567523364075112,phase2_feedback_tfim_qrc_reference
train,2012-07-25,0.1221325668606309,0.15553712807309783,phase2_feedback_tfim_qrc_reference
train,2012-07-26,0.1112898184439837,0.1663989403845936,phase2_feedback_tfim_qrc_reference
train,2012-07-27,0.0930088529565796,0.19845610362771193,phase2_feedback_tfim_qrc_reference
train,2012-07-30,0.0930117931849527,0.17023865527241064,phase2_feedback_tfim_qrc_reference
train,2012-07-31,0.0896818364509219,0.17509445506237817,phase2_feedback_tfim_qrc_reference
train,2012-08-01,0.0896708790528948,0.1851275401960889,phase2_feedback_tfim_qrc_reference
train,2012-08-02,0.0899754060322942,0.17503776658248402,phase2_feedback_tfim_qrc_reference
train,2012-08-03,0.0593706470313765,0.1688880204535876,phase2_feedback_tfim_qrc_reference
train,2012-08-06,0.059059317762536,0.15246997042907814,phase2_feedback_tfim_qrc_reference
train,2012-08-07,0.0564087355148864,0.17626225885796729,phase2_feedback_tfim_qrc_reference
train,2012-08-08,0.0908310343264937,0.15954799990855587,phase2_feedback_tfim_qrc_reference
train,2012-08-09,0.0918232853249335,0.17062488891521096,phase2_feedback_tfim_qrc_reference
train,2012-08-10,0.0938448005058926,0.16058724774074476,phase2_feedback_tfim_qrc_reference
train,2012-08-13,0.0943469187410353,0.15596246844437464,phase2_feedback_tfim_qrc_reference
train,2012-08-14,0.095083291029727,0.12699504849875015,phase2_feedback_tfim_qrc_reference
train,2012-08-15,0.109112672591313,0.11974264162872501,phase2_feedback_tfim_qrc_reference
train,2012-08-16,0.1071043885921336,0.14231010990124782,phase2_feedback_tfim_qrc_reference
train,2012-08-17,0.1076783421686664,0.13535939717462137,phase2_feedback_tfim_qrc_reference
train,2012-08-20,0.1077171582168122,0.15242219065911702,phase2_feedback_tfim_qrc_reference
train,2012-08-21,0.1071967003267869,0.15160581385474256,phase2_feedback_tfim_qrc_reference
train,2012-08-22,0.1071864222376343,0.15566797417472264,phase2_feedback_tfim_qrc_reference
train,2012-08-23,0.1031915109579019,0.14853064080149883,phase2_feedback_tfim_qrc_reference
train,2012-08-24,0.1011261240297523,0.16920102934558998,phase2_feedback_tfim_qrc_reference
train,2012-08-27,0.1079770411434916,0.1487261506561661,phase2_feedback_tfim_qrc_reference
train,2012-08-28,0.1097366644490411,0.13863299555158481,phase2_feedback_tfim_qrc_reference
train,2012-08-29,0.1146055865208365,0.12094516980497703,phase2_feedback_tfim_qrc_reference
train,2012-08-30,0.1129007779369427,0.12231203975536067,phase2_feedback_tfim_qrc_reference
train,2012-08-31,0.1120118201002538,0.1259796119929253,phase2_feedback_tfim_qrc_reference
train,2012-09-04,0.1120288496036854,0.1438197537001952,phase2_feedback_tfim_qrc_reference
train,2012-09-05,0.1129183409131662,0.12749884896919966,phase2_feedback_tfim_qrc_reference
train,2012-09-06,0.0911059145601318,0.12466871488479399,phase2_feedback_tfim_qrc_reference
train,2012-09-07,0.0900554866941142,0.14054809746849234,phase2_feedback_tfim_qrc_reference
train,2012-09-10,0.0885878822492312,0.12412868194956263,phase2_feedback_tfim_qrc_reference
train,2012-09-11,0.094856690216088,0.16084558662788345,phase2_feedback_tfim_qrc_reference
train,2012-09-12,0.0968202769277609,0.14973601178861418,phase2_feedback_tfim_qrc_reference
train,2012-09-13,0.0806045397876955,0.14338630522433915,phase2_feedback_tfim_qrc_reference
train,2012-09-14,0.0799143362170403,0.14630398068008488,phase2_feedback_tfim_qrc_reference
train,2012-09-17,0.0843040495286578,0.1287721815069798,phase2_feedback_tfim_qrc_reference
train,2012-09-18,0.0915394665124768,0.12890279447095496,phase2_feedback_tfim_qrc_reference
train,2012-09-19,0.0929176576084427,0.1230610444568597,phase2_feedback_tfim_qrc_reference
train,2012-09-20,0.0933756561035649,0.1419414769017642,phase2_feedback_tfim_qrc_reference
train,2012-09-21,0.1107967941655343,0.14885721986532877,phase2_feedback_tfim_qrc_reference
train,2012-09-24,0.1106623827574988,0.14380705616273773,phase2_feedback_tfim_qrc_reference
train,2012-09-25,0.1152104992033548,0.1534817061261271,phase2_feedback_tfim_qrc_reference
train,2012-09-26,0.1139259011075359,0.12226548251419363,phase2_feedback_tfim_qrc_reference
train,2012-09-27,0.109477705962751,0.12754441490267812,phase2_feedback_tfim_qrc_reference
train,2012-09-28,0.1082486360860324,0.15919424081998018,phase2_feedback_tfim_qrc_reference
train,2012-10-01,0.1078540469851792,0.1294228738245172,phase2_feedback_tfim_qrc_reference
train,2012-10-02,0.1139523909262234,0.136376474353762,phase2_feedback_tfim_qrc_reference
train,2012-10-03,0.1173929351123355,0.14996521569166577,phase2_feedback_tfim_qrc_reference
train,2012-10-04,0.1148774538779196,0.13509395565331422,phase2_feedback_tfim_qrc_reference
train,2012-10-05,0.1181705794868747,0.13300798906620842,phase2_feedback_tfim_qrc_reference
train,2012-10-08,0.1429668178149485,0.14950127097764862,phase2_feedback_tfim_qrc_reference
train,2012-10-09,0.1450370346340473,0.1460589299474783,phase2_feedback_tfim_qrc_reference
train,2012-10-10,0.1432799347799191,0.1468841772136176,phase2_feedback_tfim_qrc_reference
train,2012-10-11,0.1432915864710155,0.16371125279945933,phase2_feedback_tfim_qrc_reference
train,2012-10-12,0.1433380126649275,0.11626954004609091,phase2_feedback_tfim_qrc_reference
train,2012-10-15,0.1483469398225997,0.1146262738643211,phase2_feedback_tfim_qrc_reference
train,2012-10-16,0.1440909551724244,0.1152767556086809,phase2_feedback_tfim_qrc_reference
train,2012-10-17,0.1442564038283549,0.11722799317325433,phase2_feedback_tfim_qrc_reference
train,2012-10-18,0.1605712397268144,0.10875409173159195,phase2_feedback_tfim_qrc_reference
train,2012-10-19,0.1490851233547644,0.1388112562036164,phase2_feedback_tfim_qrc_reference
train,2012-10-22,0.1492314350135564,0.13220333765185516,phase2_feedback_tfim_qrc_reference
train,2012-10-23,0.1487178552125559,0.12513587865516243,phase2_feedback_tfim_qrc_reference
train,2012-10-24,0.1485691318298857,0.12972754946507714,phase2_feedback_tfim_qrc_reference
train,2012-10-25,0.149320578711974,0.12788220238293957,phase2_feedback_tfim_qrc_reference
train,2012-10-26,0.1519969623984238,0.12481918778887896,phase2_feedback_tfim_qrc_reference
train,2012-10-31,0.1528924373328241,0.12056035151704805,phase2_feedback_tfim_qrc_reference
train,2012-11-01,0.1483566617353885,0.11928421077198764,phase2_feedback_tfim_qrc_reference
train,2012-11-02,0.1459998517099818,0.14835627493416284,phase2_feedback_tfim_qrc_reference
train,2012-11-05,0.1459071805995324,0.13344344766087918,phase2_feedback_tfim_qrc_reference
train,2012-11-06,0.1433900069470963,0.14320581947747996,phase2_feedback_tfim_qrc_reference
train,2012-11-07,0.1186723910096464,0.13337079416372077,phase2_feedback_tfim_qrc_reference
train,2012-11-08,0.1111631647661985,0.15303444027327703,phase2_feedback_tfim_qrc_reference
train,2012-11-09,0.111129758030541,0.18000581443349697,phase2_feedback_tfim_qrc_reference
train,2012-11-12,0.1136621460192162,0.15375673254297015,phase2_feedback_tfim_qrc_reference
train,2012-11-13,0.1130173224738926,0.15495854399512454,phase2_feedback_tfim_qrc_reference
train,2012-11-14,0.1045081979402398,0.1517659391769709,phase2_feedback_tfim_qrc_reference
train,2012-11-15,0.1051529779858921,0.14298170254103246,phase2_feedback_tfim_qrc_reference
train,2012-11-16,0.1116289600450493,0.14517564739055383,phase2_feedback_tfim_qrc_reference
train,2012-11-19,0.0945818926632989,0.1409788207969485,phase2_feedback_tfim_qrc_reference
train,2012-11-20,0.0982040365178818,0.15460192263970804,phase2_feedback_tfim_qrc_reference
train,2012-11-21,0.1000735951392765,0.15857638773581398,phase2_feedback_tfim_qrc_reference
train,2012-11-23,0.09356968902859,0.1450791688625151,phase2_feedback_tfim_qrc_reference
train,2012-11-26,0.0939067389126311,0.15706909025621568,phase2_feedback_tfim_qrc_reference
train,2012-11-27,0.093344568268422,0.1368432730158207,phase2_feedback_tfim_qrc_reference
train,2012-11-28,0.0890226538064258,0.13480721094242695,phase2_feedback_tfim_qrc_reference
train,2012-11-29,0.095619070024407,0.135586776515266,phase2_feedback_tfim_qrc_reference
train,2012-11-30,0.1127890239592725,0.14081965010787015,phase2_feedback_tfim_qrc_reference
train,2012-12-03,0.1431070473574394,0.15167948937936984,phase2_feedback_tfim_qrc_reference
train,2012-12-04,0.1432385962392714,0.15637838310047122,phase2_feedback_tfim_qrc_reference
train,2012-12-05,0.1439331590890873,0.1525443707441259,phase2_feedback_tfim_qrc_reference
train,2012-12-06,0.1437596564106291,0.12801391781057767,phase2_feedback_tfim_qrc_reference
train,2012-12-07,0.1437132528919656,0.11857470567786087,phase2_feedback_tfim_qrc_reference
train,2012-12-10,0.1439889161782047,0.1319037117852479,phase2_feedback_tfim_qrc_reference
train,2012-12-11,0.1447279043898151,0.11815217152510565,phase2_feedback_tfim_qrc_reference
train,2012-12-12,0.1447177362992845,0.11871015000528977,phase2_feedback_tfim_qrc_reference
train,2012-12-13,0.1430814060794716,0.12408529883811684,phase2_feedback_tfim_qrc_reference
train,2012-12-14,0.1425020235015263,0.12766062387242086,phase2_feedback_tfim_qrc_reference
train,2012-12-17,0.136372707607581,0.13288006742389838,phase2_feedback_tfim_qrc_reference
train,2012-12-18,0.1325772668291359,0.12849554398356255,phase2_feedback_tfim_qrc_reference
train,2012-12-19,0.1301482878986499,0.12479169018079705,phase2_feedback_tfim_qrc_reference
train,2012-12-20,0.1299560882862719,0.1361162975701897,phase2_feedback_tfim_qrc_reference
train,2012-12-21,0.1259889070683335,0.13194160912924555,phase2_feedback_tfim_qrc_reference
train,2012-12-24,0.1255151860061032,0.13144714797119808,phase2_feedback_tfim_qrc_reference
train,2012-12-26,0.1261957378939054,0.1354149960587792,phase2_feedback_tfim_qrc_reference
train,2012-12-27,0.126179109949411,0.1486931482781231,phase2_feedback_tfim_qrc_reference
train,2012-12-28,0.1209304654042183,0.13706748081210718,phase2_feedback_tfim_qrc_reference
train,2012-12-31,0.1060144452838942,0.15266037798680562,phase2_feedback_tfim_qrc_reference
train,2013-01-02,0.0569752891631761,0.15287099235613796,phase2_feedback_tfim_qrc_reference
train,2013-01-03,0.0671059239424833,0.1744040964475593,phase2_feedback_tfim_qrc_reference
train,2013-01-04,0.076706346231595,0.1721666695002994,phase2_feedback_tfim_qrc_reference
train,2013-01-07,0.0840801318257274,0.186148269126667,phase2_feedback_tfim_qrc_reference
train,2013-01-08,0.083495907367972,0.1826303153114694,phase2_feedback_tfim_qrc_reference
train,2013-01-09,0.0831400997695119,0.16956596932182488,phase2_feedback_tfim_qrc_reference
train,2013-01-10,0.0806869600936057,0.15298050549294914,phase2_feedback_tfim_qrc_reference
train,2013-01-11,0.0806896374765693,0.1451385019627232,phase2_feedback_tfim_qrc_reference
train,2013-01-14,0.0808646004387001,0.13685142099071673,phase2_feedback_tfim_qrc_reference
train,2013-01-15,0.0808863841425633,0.14303645351558425,phase2_feedback_tfim_qrc_reference
train,2013-01-16,0.0809497932063382,0.14967108806510335,phase2_feedback_tfim_qrc_reference
train,2013-01-17,0.0777687058604405,0.13148425094356256,phase2_feedback_tfim_qrc_reference
train,2013-01-18,0.0817803464742474,0.1468057415691677,phase2_feedback_tfim_qrc_reference
train,2013-01-22,0.091133001913893,0.15052030734273622,phase2_feedback_tfim_qrc_reference
train,2013-01-23,0.0934945346717386,0.15028008699480377,phase2_feedback_tfim_qrc_reference
train,2013-01-24,0.0996597334492855,0.1333588711869699,phase2_feedback_tfim_qrc_reference
train,2013-01-25,0.1191045374952669,0.1557706949891888,phase2_feedback_tfim_qrc_reference
train,2013-01-28,0.1214671639385644,0.15761771902553046,phase2_feedback_tfim_qrc_reference
train,2013-01-29,0.1285890879437017,0.13846333502498684,phase2_feedback_tfim_qrc_reference
train,2013-01-30,0.1280248378272312,0.1519076914842253,phase2_feedback_tfim_qrc_reference
train,2013-01-31,0.1282579153646804,0.15035299607664138,phase2_feedback_tfim_qrc_reference
train,2013-02-01,0.1244415372941376,0.14897887218044545,phase2_feedback_tfim_qrc_reference
train,2013-02-04,0.1219363537363766,0.12623424223375126,phase2_feedback_tfim_qrc_reference
train,2013-02-05,0.1166687062152084,0.12954389328000238,phase2_feedback_tfim_qrc_reference
train,2013-02-06,0.1168119691270908,0.11232745896107804,phase2_feedback_tfim_qrc_reference
train,2013-02-07,0.1177025445559123,0.13568123385628228,phase2_feedback_tfim_qrc_reference
train,2013-02-08,0.1168193047833011,0.1853030585938611,phase2_feedback_tfim_qrc_reference
train,2013-02-11,0.1170889671246756,0.15715993553446075,phase2_feedback_tfim_qrc_reference
train,2013-02-12,0.1170555640216971,0.15832014706827108,phase2_feedback_tfim_qrc_reference
train,2013-02-13,0.1185060027008073,0.14904126775292015,phase2_feedback_tfim_qrc_reference
train,2013-02-14,0.1185547658089875,0.13946832125247688,phase2_feedback_tfim_qrc_reference
train,2013-02-15,0.1200978669015944,0.12255254684495334,phase2_feedback_tfim_qrc_reference
train,2013-02-19,0.1174270279160231,0.1227873976284832,phase2_feedback_tfim_qrc_reference
train,2013-02-20,0.1114352468977526,0.11242703304369435,phase2_feedback_tfim_qrc_reference
train,2013-02-21,0.1134819615546307,0.10978810550292716,phase2_feedback_tfim_qrc_reference
train,2013-02-22,0.1117786843103759,0.12677932992214067,phase2_feedback_tfim_qrc_reference
train,2013-02-25,0.0898075789735934,0.1308544929503729,phase2_feedback_tfim_qrc_reference
train,2013-02-26,0.090991364398095,0.14354657912787966,phase2_feedback_tfim_qrc_reference
train,2013-02-27,0.0794011499919192,0.20443418074718767,phase2_feedback_tfim_qrc_reference
train,2013-02-28,0.0798370890533136,0.19762261207784307,phase2_feedback_tfim_qrc_reference
train,2013-03-01,0.0802217811830093,0.15536899150978647,phase2_feedback_tfim_qrc_reference
train,2013-03-04,0.079908249326633,0.14609674947393272,phase2_feedback_tfim_qrc_reference
train,2013-03-05,0.0818019153668434,0.13861867533737454,phase2_feedback_tfim_qrc_reference
train,2013-03-06,0.0829154347742983,0.1473687320669884,phase2_feedback_tfim_qrc_reference
train,2013-03-07,0.0842117492796027,0.1309000965580341,phase2_feedback_tfim_qrc_reference
train,2013-03-08,0.0862322405722508,0.12606088227603937,phase2_feedback_tfim_qrc_reference
train,2013-03-11,0.0860531950056691,0.11660178764628329,phase2_feedback_tfim_qrc_reference
train,2013-03-12,0.0959647288093076,0.12065098653856772,phase2_feedback_tfim_qrc_reference
train,2013-03-13,0.0965289973767378,0.13902405116428318,phase2_feedback_tfim_qrc_reference
train,2013-03-14,0.0950927915356991,0.14466028633708522,phase2_feedback_tfim_qrc_reference
train,2013-03-15,0.1263134689875377,0.1251681822868651,phase2_feedback_tfim_qrc_reference
train,2013-03-18,0.1352036970590739,0.12030089365334713,phase2_feedback_tfim_qrc_reference
train,2013-03-19,0.1447123568278897,0.11316974800107316,phase2_feedback_tfim_qrc_reference
train,2013-03-20,0.1443160469395349,0.11751223034653376,phase2_feedback_tfim_qrc_reference
train,2013-03-21,0.1443689139018752,0.13587154778463026,phase2_feedback_tfim_qrc_reference
train,2013-03-22,0.142412594966267,0.15663203160141276,phase2_feedback_tfim_qrc_reference
train,2013-03-25,0.1462395202205033,0.17207165508222483,phase2_feedback_tfim_qrc_reference
train,2013-03-26,0.1434940414890387,0.19073143712050886,phase2_feedback_tfim_qrc_reference
train,2013-03-27,0.1442108448082073,0.17112372551066152,phase2_feedback_tfim_qrc_reference
train,2013-03-28,0.1439358532566522,0.13805352160665627,phase2_feedback_tfim_qrc_reference
train,2013-04-01,0.1451933927061634,0.1357296646973889,phase2_feedback_tfim_qrc_reference
train,2013-04-02,0.1443861454807979,0.1150633326408252,phase2_feedback_tfim_qrc_reference
train,2013-04-03,0.1432341821687785,0.12384881049497548,phase2_feedback_tfim_qrc_reference
train,2013-04-04,0.1462398798805693,0.140936224686051,phase2_feedback_tfim_qrc_reference
train,2013-04-05,0.1496962913302642,0.16091261192546236,phase2_feedback_tfim_qrc_reference
train,2013-04-08,0.1480390441209834,0.1629241321035519,phase2_feedback_tfim_qrc_reference
train,2013-04-09,0.1486186046342048,0.1633202091900733,phase2_feedback_tfim_qrc_reference
train,2013-04-10,0.1431073719411147,0.1742768549863683,phase2_feedback_tfim_qrc_reference
train,2013-04-11,0.1429845937642612,0.16053341623073986,phase2_feedback_tfim_qrc_reference
train,2013-04-12,0.1431826778845769,0.14092224304444698,phase2_feedback_tfim_qrc_reference
train,2013-04-15,0.1165106230018486,0.1446335902626296,phase2_feedback_tfim_qrc_reference
train,2013-04-16,0.1104345078903559,0.16109467232848249,phase2_feedback_tfim_qrc_reference
train,2013-04-17,0.0991240056952674,0.16569802204036632,phase2_feedback_tfim_qrc_reference
train,2013-04-18,0.0980059668340919,0.16951960760167462,phase2_feedback_tfim_qrc_reference
train,2013-04-19,0.099144280950826,0.17494003309425252,phase2_feedback_tfim_qrc_reference
train,2013-04-22,0.097890830216874,0.18445435425305237,phase2_feedback_tfim_qrc_reference
train,2013-04-23,0.0910118209374601,0.16450999825204196,phase2_feedback_tfim_qrc_reference
train,2013-04-24,0.0947445933618056,0.1733301954649526,phase2_feedback_tfim_qrc_reference
train,2013-04-25,0.0942127854295751,0.16543078180592327,phase2_feedback_tfim_qrc_reference
train,2013-04-26,0.0940528803671631,0.16430420102866627,phase2_feedback_tfim_qrc_reference
train,2013-04-29,0.0934624617640412,0.17075359647628652,phase2_feedback_tfim_qrc_reference
train,2013-04-30,0.0959090970898423,0.1321736265683182,phase2_feedback_tfim_qrc_reference
train,2013-05-01,0.0916105873806279,0.1253151905399921,phase2_feedback_tfim_qrc_reference
train,2013-05-02,0.0998001008838592,0.13114458846630447,phase2_feedback_tfim_qrc_reference
train,2013-05-03,0.0952081835620509,0.14377549242677468,phase2_feedback_tfim_qrc_reference
train,2013-05-06,0.0963080723172345,0.15340883616355966,phase2_feedback_tfim_qrc_reference
train,2013-05-07,0.1070226525880704,0.13568864007496925,phase2_feedback_tfim_qrc_reference
train,2013-05-08,0.1105197164861909,0.13364762118247697,phase2_feedback_tfim_qrc_reference
train,2013-05-09,0.1188610176728333,0.13611125828666473,phase2_feedback_tfim_qrc_reference
train,2013-05-10,0.1183023160984687,0.14285115208272955,phase2_feedback_tfim_qrc_reference
train,2013-05-13,0.1238761317039072,0.16520577020326202,phase2_feedback_tfim_qrc_reference
train,2013-05-14,0.1219890231257632,0.18027918063506865,phase2_feedback_tfim_qrc_reference
train,2013-05-15,0.1318803567650378,0.1858123255372512,phase2_feedback_tfim_qrc_reference
train,2013-05-16,0.1327427461015461,0.1544122019765175,phase2_feedback_tfim_qrc_reference
train,2013-05-17,0.1311621275386171,0.14404597209626102,phase2_feedback_tfim_qrc_reference
train,2013-05-20,0.1340852545776756,0.12041970588574415,phase2_feedback_tfim_qrc_reference
train,2013-05-21,0.1427636603845611,0.1250641847120633,phase2_feedback_tfim_qrc_reference
train,2013-05-22,0.1661773894356725,0.1385128591577152,phase2_feedback_tfim_qrc_reference
train,2013-05-23,0.1662488763820895,0.14494678411817957,phase2_feedback_tfim_qrc_reference
train,2013-05-24,0.1722409742143176,0.1395061723687669,phase2_feedback_tfim_qrc_reference
train,2013-05-28,0.1742901136339138,0.14720929299699204,phase2_feedback_tfim_qrc_reference
train,2013-05-29,0.1762310714763552,0.134435084542824,phase2_feedback_tfim_qrc_reference
train,2013-05-30,0.176968840301287,0.14388743531163395,phase2_feedback_tfim_qrc_reference
train,2013-05-31,0.1699590806283309,0.13577969155715444,phase2_feedback_tfim_qrc_reference
train,2013-06-03,0.170094000861898,0.13966232317898888,phase2_feedback_tfim_qrc_reference
train,2013-06-04,0.1692639749751679,0.12934110376990252,phase2_feedback_tfim_qrc_reference
train,2013-06-05,0.1617161993683036,0.12911555494881033,phase2_feedback_tfim_qrc_reference
train,2013-06-06,0.163040917667006,0.131469812087095,phase2_feedback_tfim_qrc_reference
train,2013-06-07,0.1580273814296583,0.12949400338635428,phase2_feedback_tfim_qrc_reference
train,2013-06-10,0.1600815422079453,0.17125947828090488,phase2_feedback_tfim_qrc_reference
train,2013-06-11,0.1557885319890112,0.16522674883609237,phase2_feedback_tfim_qrc_reference
train,2013-06-12,0.1603252736200215,0.15387389965158083,phase2_feedback_tfim_qrc_reference
train,2013-06-13,0.1511149238668604,0.15306813097702557,phase2_feedback_tfim_qrc_reference
train,2013-06-14,0.15006019672007,0.16559733538805083,phase2_feedback_tfim_qrc_reference
train,2013-06-17,0.1481354486632618,0.15389052145766333,phase2_feedback_tfim_qrc_reference
train,2013-06-18,0.1457725950826562,0.15873618924875746,phase2_feedback_tfim_qrc_reference
train,2013-06-19,0.1385529269438368,0.13738629066006133,phase2_feedback_tfim_qrc_reference
train,2013-06-20,0.1063236469718851,0.14260240421132,phase2_feedback_tfim_qrc_reference
train,2013-06-21,0.1059390401176839,0.14989223975193325,phase2_feedback_tfim_qrc_reference
train,2013-06-24,0.0961379257776705,0.15326359413280716,phase2_feedback_tfim_qrc_reference
train,2013-06-25,0.09083696883421,0.15737748149625494,phase2_feedback_tfim_qrc_reference
train,2013-06-26,0.0843239904766004,0.15060651843239536,phase2_feedback_tfim_qrc_reference
train,2013-06-27,0.0818116242949169,0.1553384815529901,phase2_feedback_tfim_qrc_reference
train,2013-06-28,0.0812417563573228,0.1453886544852382,phase2_feedback_tfim_qrc_reference
train,2013-07-01,0.0785502419810165,0.14185904162273752,phase2_feedback_tfim_qrc_reference
train,2013-07-02,0.0785228926896698,0.14294774812596017,phase2_feedback_tfim_qrc_reference
train,2013-07-03,0.0884722505726862,0.14000048032606827,phase2_feedback_tfim_qrc_reference
train,2013-07-05,0.0800802106436508,0.13400335050522746,phase2_feedback_tfim_qrc_reference
train,2013-07-08,0.0776943534400567,0.13475772991295099,phase2_feedback_tfim_qrc_reference
train,2013-07-09,0.0761060419108479,0.11987847793594628,phase2_feedback_tfim_qrc_reference
train,2013-07-10,0.0769618224308747,0.12439886412836759,phase2_feedback_tfim_qrc_reference
train,2013-07-11,0.0615604703579076,0.12466366896667179,phase2_feedback_tfim_qrc_reference
train,2013-07-12,0.0623915835805288,0.1287568967888781,phase2_feedback_tfim_qrc_reference
train,2013-07-15,0.0610247995590912,0.13803275127041104,phase2_feedback_tfim_qrc_reference
train,2013-07-16,0.0604638458141945,0.14727982166742531,phase2_feedback_tfim_qrc_reference
train,2013-07-17,0.0625148238921574,0.13724113028280777,phase2_feedback_tfim_qrc_reference
train,2013-07-18,0.0776643367191479,0.13837612056045165,phase2_feedback_tfim_qrc_reference
train,2013-07-19,0.0782957278060988,0.14023114549354845,phase2_feedback_tfim_qrc_reference
train,2013-07-22,0.0812430956432476,0.15673064078484636,phase2_feedback_tfim_qrc_reference
train,2013-07-23,0.0827431346227568,0.14438109155308781,phase2_feedback_tfim_qrc_reference
train,2013-07-24,0.0846025901681373,0.13418960182406756,phase2_feedback_tfim_qrc_reference
train,2013-07-25,0.090114749230988,0.13174057071462908,phase2_feedback_tfim_qrc_reference
train,2013-07-26,0.0908250466129283,0.11625885338932994,phase2_feedback_tfim_qrc_reference
train,2013-07-29,0.0911305222861043,0.118500560831556,phase2_feedback_tfim_qrc_reference
train,2013-07-30,0.107785094450556,0.12342739517231449,phase2_feedback_tfim_qrc_reference
train,2013-07-31,0.1084865230125596,0.13503601563821632,phase2_feedback_tfim_qrc_reference
train,2013-08-01,0.1006833152958119,0.1490029438839313,phase2_feedback_tfim_qrc_reference
train,2013-08-02,0.1011317843939128,0.1444125702721666,phase2_feedback_tfim_qrc_reference
train,2013-08-05,0.1022600174842581,0.12890201870873666,phase2_feedback_tfim_qrc_reference
train,2013-08-06,0.1044186253664157,0.13077227670339195,phase2_feedback_tfim_qrc_reference
train,2013-08-07,0.103878256941424,0.12898984515553663,phase2_feedback_tfim_qrc_reference
train,2013-08-08,0.1030776792441496,0.13912992819787448,phase2_feedback_tfim_qrc_reference
train,2013-08-09,0.1080276623201148,0.12171161496098172,phase2_feedback_tfim_qrc_reference
train,2013-08-12,0.1110513864914168,0.1323124626384486,phase2_feedback_tfim_qrc_reference
train,2013-08-13,0.1111161156490584,0.13044401068883896,phase2_feedback_tfim_qrc_reference
train,2013-08-14,0.1100126620886098,0.12992048472958026,phase2_feedback_tfim_qrc_reference
train,2013-08-15,0.0983203185956301,0.1420227227369301,phase2_feedback_tfim_qrc_reference
train,2013-08-16,0.0997409507337936,0.14659743089641902,phase2_feedback_tfim_qrc_reference
train,2013-08-19,0.0983869018291141,0.14985104128309637,phase2_feedback_tfim_qrc_reference
train,2013-08-20,0.1051060494602631,0.15173208057635967,phase2_feedback_tfim_qrc_reference
train,2013-08-21,0.1029652958560798,0.14436042139155583,phase2_feedback_tfim_qrc_reference
train,2013-08-22,0.100919588914852,0.13794322249244667,phase2_feedback_tfim_qrc_reference
train,2013-08-23,0.1015527173345153,0.1403489344850227,phase2_feedback_tfim_qrc_reference
train,2013-08-26,0.1010338940115469,0.12651428969358755,phase2_feedback_tfim_qrc_reference
train,2013-08-27,0.0836693535759688,0.11881030048292433,phase2_feedback_tfim_qrc_reference
train,2013-08-28,0.0838322823024643,0.12344569936838871,phase2_feedback_tfim_qrc_reference
train,2013-08-29,0.0852309025866107,0.1404139098813203,phase2_feedback_tfim_qrc_reference
train,2013-08-30,0.0865808097188219,0.11931301740410737,phase2_feedback_tfim_qrc_reference
train,2013-09-03,0.0895718570634109,0.12648534853286725,phase2_feedback_tfim_qrc_reference
train,2013-09-04,0.0847294130390912,0.1273514041327148,phase2_feedback_tfim_qrc_reference
train,2013-09-05,0.0907755967990011,0.1507760312457776,phase2_feedback_tfim_qrc_reference
train,2013-09-06,0.0946318286948414,0.12814670198557906,phase2_feedback_tfim_qrc_reference
train,2013-09-09,0.0935670496855371,0.12528141022462833,phase2_feedback_tfim_qrc_reference
train,2013-09-10,0.099015955037994,0.11643618369702857,phase2_feedback_tfim_qrc_reference
train,2013-09-11,0.0984227503170381,0.11509071651640515,phase2_feedback_tfim_qrc_reference
train,2013-09-12,0.1238135970144498,0.10975816417128485,phase2_feedback_tfim_qrc_reference
train,2013-09-13,0.1256419581440861,0.11480735729076391,phase2_feedback_tfim_qrc_reference
train,2013-09-16,0.1247661225807126,0.1173277849728023,phase2_feedback_tfim_qrc_reference
train,2013-09-17,0.1264306162062406,0.12455814397844193,phase2_feedback_tfim_qrc_reference
train,2013-09-18,0.1293761298947534,0.12055779370706818,phase2_feedback_tfim_qrc_reference
train,2013-09-19,0.1313834226835747,0.13147252940354953,phase2_feedback_tfim_qrc_reference
train,2013-09-20,0.1311876445932134,0.13914735545153614,phase2_feedback_tfim_qrc_reference
train,2013-09-23,0.1301508500145268,0.118295452055702,phase2_feedback_tfim_qrc_reference
train,2013-09-24,0.131489042838399,0.11683121248935889,phase2_feedback_tfim_qrc_reference
train,2013-09-25,0.1321899855991458,0.11631559550840895,phase2_feedback_tfim_qrc_reference
train,2013-09-26,0.1320122971543029,0.11577165060895256,phase2_feedback_tfim_qrc_reference
train,2013-09-27,0.1319877102313481,0.1148914485019702,phase2_feedback_tfim_qrc_reference
train,2013-09-30,0.1307434706026868,0.10758609365739845,phase2_feedback_tfim_qrc_reference
train,2013-10-01,0.129100762110827,0.10877086932734907,phase2_feedback_tfim_qrc_reference
train,2013-10-02,0.1302617455968338,0.1104365575547547,phase2_feedback_tfim_qrc_reference
train,2013-10-03,0.1264453756276149,0.13046077807668915,phase2_feedback_tfim_qrc_reference
train,2013-10-04,0.1238640312511855,0.12923638049522884,phase2_feedback_tfim_qrc_reference
train,2013-10-07,0.1206149290307259,0.1261018586453384,phase2_feedback_tfim_qrc_reference
train,2013-10-08,0.1137782278243589,0.14095548663010166,phase2_feedback_tfim_qrc_reference
train,2013-10-09,0.1151763493652775,0.14351170326669146,phase2_feedback_tfim_qrc_reference
train,2013-10-10,0.0978435029762252,0.13965203259119485,phase2_feedback_tfim_qrc_reference
train,2013-10-11,0.1063785920275696,0.14049906303730744,phase2_feedback_tfim_qrc_reference
train,2013-10-14,0.1054349492842171,0.14831375246715348,phase2_feedback_tfim_qrc_reference
train,2013-10-15,0.1024726235408852,0.15561040583757238,phase2_feedback_tfim_qrc_reference
train,2013-10-16,0.0942430666802646,0.15695984849590244,phase2_feedback_tfim_qrc_reference
train,2013-10-17,0.0929233605936196,0.15265393274045377,phase2_feedback_tfim_qrc_reference
train,2013-10-18,0.091122472283408,0.1510753432175796,phase2_feedback_tfim_qrc_reference
train,2013-10-21,0.0919678173053557,0.15102147065014968,phase2_feedback_tfim_qrc_reference
train,2013-10-22,0.0899865936192636,0.13879987286527928,phase2_feedback_tfim_qrc_reference
train,2013-10-23,0.0890553144521115,0.1310174649667477,phase2_feedback_tfim_qrc_reference
train,2013-10-24,0.0927676776375428,0.13742820861065522,phase2_feedback_tfim_qrc_reference
train,2013-10-25,0.0930481386415143,0.13247042575901916,phase2_feedback_tfim_qrc_reference
train,2013-10-28,0.09294396592225,0.1257281183329939,phase2_feedback_tfim_qrc_reference
train,2013-10-29,0.0910112614573164,0.13316937148877855,phase2_feedback_tfim_qrc_reference
train,2013-10-30,0.0896950974162575,0.12425016120940294,phase2_feedback_tfim_qrc_reference
train,2013-10-31,0.0891576384650561,0.12333711127461171,phase2_feedback_tfim_qrc_reference
train,2013-11-01,0.0892327179580841,0.11965313480230903,phase2_feedback_tfim_qrc_reference
train,2013-11-04,0.0896842675974891,0.12243162305811629,phase2_feedback_tfim_qrc_reference
train,2013-11-05,0.0889756532584995,0.12763302884514968,phase2_feedback_tfim_qrc_reference
train,2013-11-06,0.0885126068224405,0.12916630213847752,phase2_feedback_tfim_qrc_reference
train,2013-11-07,0.0857406253062596,0.13453201301990808,phase2_feedback_tfim_qrc_reference
train,2013-11-08,0.0719019044470554,0.14426001597499255,phase2_feedback_tfim_qrc_reference
train,2013-11-11,0.0730197493517868,0.1485286609160397,phase2_feedback_tfim_qrc_reference
train,2013-11-12,0.0829889679511571,0.1780133458700222,phase2_feedback_tfim_qrc_reference
train,2013-11-13,0.0788673542572248,0.13917088578016365,phase2_feedback_tfim_qrc_reference
train,2013-11-14,0.0768643462001325,0.1302027131874392,phase2_feedback_tfim_qrc_reference
train,2013-11-15,0.0784443221339672,0.13408477205690145,phase2_feedback_tfim_qrc_reference
train,2013-11-18,0.0782608228202585,0.13732216099436648,phase2_feedback_tfim_qrc_reference
train,2013-11-19,0.0983661322763896,0.14564496110291553,phase2_feedback_tfim_qrc_reference
train,2013-11-20,0.0978217468499935,0.15536004988680835,phase2_feedback_tfim_qrc_reference
train,2013-11-21,0.0958101220543816,0.1688469216871183,phase2_feedback_tfim_qrc_reference
train,2013-11-22,0.0960390052772054,0.15372315906744205,phase2_feedback_tfim_qrc_reference
train,2013-11-25,0.0962880664278573,0.16205045306131885,phase2_feedback_tfim_qrc_reference
train,2013-11-26,0.0979333761117511,0.15198011029080222,phase2_feedback_tfim_qrc_reference
train,2013-11-27,0.0975522882263573,0.13855686892347646,phase2_feedback_tfim_qrc_reference
train,2013-11-29,0.097525114043144,0.13325458627313594,phase2_feedback_tfim_qrc_reference
train,2013-12-02,0.0985233256778794,0.12767723654117266,phase2_feedback_tfim_qrc_reference
train,2013-12-03,0.1031457432459419,0.12273049348099282,phase2_feedback_tfim_qrc_reference
train,2013-12-04,0.1031472249625558,0.12361784324516123,phase2_feedback_tfim_qrc_reference
train,2013-12-05,0.1024642919751687,0.16785140881212685,phase2_feedback_tfim_qrc_reference
train,2013-12-06,0.0970292153543367,0.1384440000807189,phase2_feedback_tfim_qrc_reference
train,2013-12-09,0.0966129796389685,0.13288179353699364,phase2_feedback_tfim_qrc_reference
train,2013-12-10,0.095797113190119,0.13516017946854691,phase2_feedback_tfim_qrc_reference
train,2013-12-11,0.087538055710248,0.17107154050862006,phase2_feedback_tfim_qrc_reference
train,2013-12-12,0.0989693277332823,0.1441284430033851,phase2_feedback_tfim_qrc_reference
train,2013-12-13,0.1062192854449342,0.13172610933691137,phase2_feedback_tfim_qrc_reference
train,2013-12-16,0.1056585829493692,0.12138055156700732,phase2_feedback_tfim_qrc_reference
train,2013-12-17,0.1051616391848966,0.12104822759736793,phase2_feedback_tfim_qrc_reference
train,2013-12-18,0.0876212837813019,0.11909920825824732,phase2_feedback_tfim_qrc_reference
train,2013-12-19,0.0881550320830912,0.11117755366897299,phase2_feedback_tfim_qrc_reference
train,2013-12-20,0.0857468957576008,0.13206685911931398,phase2_feedback_tfim_qrc_reference
train,2013-12-23,0.0885864460787755,0.12744700799209902,phase2_feedback_tfim_qrc_reference
train,2013-12-24,0.1168247066247809,0.12156592811110781,phase2_feedback_tfim_qrc_reference
train,2013-12-26,0.1167643371349365,0.12686048803390113,phase2_feedback_tfim_qrc_reference
train,2013-12-27,0.1186509606018792,0.11744148398545169,phase2_feedback_tfim_qrc_reference
train,2013-12-30,0.1234971748466504,0.11451445498374824,phase2_feedback_tfim_qrc_reference
train,2013-12-31,0.1279517678170594,0.10837738653470942,phase2_feedback_tfim_qrc_reference
train,2014-01-02,0.1250526386080432,0.10990221736636528,phase2_feedback_tfim_qrc_reference
train,2014-01-03,0.1488834460662297,0.10726063999508109,phase2_feedback_tfim_qrc_reference
train,2014-01-06,0.1505694681060588,0.105656232695951,phase2_feedback_tfim_qrc_reference
train,2014-01-07,0.1490561284387037,0.12560488278100956,phase2_feedback_tfim_qrc_reference
train,2014-01-08,0.1561401356124142,0.11568146122245161,phase2_feedback_tfim_qrc_reference
train,2014-01-09,0.1621311981230666,0.11705690982117571,phase2_feedback_tfim_qrc_reference
train,2014-01-10,0.1619747280071903,0.1293240078403091,phase2_feedback_tfim_qrc_reference
train,2014-01-13,0.1595579991760576,0.12400430998867344,phase2_feedback_tfim_qrc_reference
train,2014-01-14,0.1548356167723292,0.12390988771724262,phase2_feedback_tfim_qrc_reference
train,2014-01-15,0.1547387828085639,0.12161167732633188,phase2_feedback_tfim_qrc_reference
train,2014-01-16,0.1558989218120548,0.11806486668324671,phase2_feedback_tfim_qrc_reference
train,2014-01-17,0.1552196690017571,0.12231808249104743,phase2_feedback_tfim_qrc_reference
train,2014-01-21,0.1566482029758323,0.1301233794900198,phase2_feedback_tfim_qrc_reference
train,2014-01-22,0.158017404453149,0.11733514300199874,phase2_feedback_tfim_qrc_reference
train,2014-01-23,0.1553486816697275,0.10544196054653428,phase2_feedback_tfim_qrc_reference
train,2014-01-24,0.1365939129375667,0.11332653750588977,phase2_feedback_tfim_qrc_reference
train,2014-01-27,0.1354743074657015,0.1398914318037454,phase2_feedback_tfim_qrc_reference
train,2014-01-28,0.133825066596062,0.1769963328815655,phase2_feedback_tfim_qrc_reference
train,2014-01-29,0.1306923681974749,0.18166316695818865,phase2_feedback_tfim_qrc_reference
train,2014-01-30,0.125538667349378,0.1949187898941951,phase2_feedback_tfim_qrc_reference
train,2014-01-31,0.1263032852344796,0.1787530602094529,phase2_feedback_tfim_qrc_reference
train,2014-02-03,0.108989288602898,0.1680155606050413,phase2_feedback_tfim_qrc_reference
train,2014-02-04,0.106207371430631,0.17589870443426583,phase2_feedback_tfim_qrc_reference
train,2014-02-05,0.1064281827546167,0.16004908524844197,phase2_feedback_tfim_qrc_reference
train,2014-02-06,0.0957424930188506,0.15772555567074026,phase2_feedback_tfim_qrc_reference
train,2014-02-07,0.08519400961174,0.15796317660439768,phase2_feedback_tfim_qrc_reference
train,2014-02-10,0.0867463605748577,0.16307667143951668,phase2_feedback_tfim_qrc_reference
train,2014-02-11,0.0776731931091447,0.16294883068867783,phase2_feedback_tfim_qrc_reference
train,2014-02-12,0.0873630413538706,0.15801278507853106,phase2_feedback_tfim_qrc_reference
train,2014-02-13,0.0860104198422916,0.14622123550138794,phase2_feedback_tfim_qrc_reference
train,2014-02-14,0.0896514240372189,0.1788013270487518,phase2_feedback_tfim_qrc_reference
train,2014-02-18,0.0930419270094653,0.12623841299378497,phase2_feedback_tfim_qrc_reference
train,2014-02-19,0.091980292087464,0.1472595580649828,phase2_feedback_tfim_qrc_reference
train,2014-02-20,0.0919189074896398,0.14161215684701245,phase2_feedback_tfim_qrc_reference
train,2014-02-21,0.0928525258455584,0.14435532650950697,phase2_feedback_tfim_qrc_reference
train,2014-02-24,0.0919370294605092,0.15335786529690512,phase2_feedback_tfim_qrc_reference
train,2014-02-25,0.0934506640645534,0.1340244434821811,phase2_feedback_tfim_qrc_reference
train,2014-02-26,0.0968997544380564,0.12897587958557657,phase2_feedback_tfim_qrc_reference
train,2014-02-27,0.0953970899657862,0.13401027298416218,phase2_feedback_tfim_qrc_reference
train,2014-02-28,0.0965657323313405,0.11782399614043795,phase2_feedback_tfim_qrc_reference
train,2014-03-03,0.0976558783048807,0.12545089619460711,phase2_feedback_tfim_qrc_reference
train,2014-03-04,0.0873629762976949,0.13407035477210133,phase2_feedback_tfim_qrc_reference
train,2014-03-05,0.0881055729673654,0.1478580474157133,phase2_feedback_tfim_qrc_reference
train,2014-03-06,0.087856687871493,0.14337488114292382,phase2_feedback_tfim_qrc_reference
train,2014-03-07,0.0974603454523285,0.14775354916694902,phase2_feedback_tfim_qrc_reference
train,2014-03-10,0.1051235297452351,0.15067192419590802,phase2_feedback_tfim_qrc_reference
train,2014-03-11,0.1046655567217481,0.12435693372748884,phase2_feedback_tfim_qrc_reference
train,2014-03-12,0.1113316067589328,0.1454171117351353,phase2_feedback_tfim_qrc_reference
train,2014-03-13,0.1283974387156649,0.12284196437732373,phase2_feedback_tfim_qrc_reference
train,2014-03-14,0.1319539564232991,0.13512719975744542,phase2_feedback_tfim_qrc_reference
train,2014-03-17,0.1310212309754596,0.14906530056736697,phase2_feedback_tfim_qrc_reference
train,2014-03-18,0.1308541136389727,0.15167990754258656,phase2_feedback_tfim_qrc_reference
train,2014-03-19,0.1346285453646384,0.15329833142834134,phase2_feedback_tfim_qrc_reference
train,2014-03-20,0.1331369370367055,0.15927898178096744,phase2_feedback_tfim_qrc_reference
train,2014-03-21,0.1330010580184032,0.1678911770538519,phase2_feedback_tfim_qrc_reference
train,2014-03-24,0.1331612366128028,0.1502628609928468,phase2_feedback_tfim_qrc_reference
train,2014-03-25,0.1323584242920192,0.14649216125890493,phase2_feedback_tfim_qrc_reference
train,2014-03-26,0.1300533170218218,0.13325516279390015,phase2_feedback_tfim_qrc_reference
train,2014-03-27,0.1330855121914051,0.13955310217733283,phase2_feedback_tfim_qrc_reference
train,2014-03-28,0.1324041676599929,0.1340753801394032,phase2_feedback_tfim_qrc_reference
train,2014-03-31,0.1302556607363042,0.1488793695585331,phase2_feedback_tfim_qrc_reference
train,2014-04-01,0.1285611067245869,0.145399905738512,phase2_feedback_tfim_qrc_reference
train,2014-04-02,0.1280132330311442,0.14425217119855718,phase2_feedback_tfim_qrc_reference
train,2014-04-03,0.128024368419887,0.16249274283360216,phase2_feedback_tfim_qrc_reference
train,2014-04-04,0.121054972824711,0.17210460507807304,phase2_feedback_tfim_qrc_reference
train,2014-04-07,0.1185798025543563,0.1502273504775217,phase2_feedback_tfim_qrc_reference
train,2014-04-08,0.1195089118826382,0.14951449020600258,phase2_feedback_tfim_qrc_reference
train,2014-04-09,0.1133872356995259,0.15508859158979094,phase2_feedback_tfim_qrc_reference
train,2014-04-10,0.0848071365265034,0.14458580724457104,phase2_feedback_tfim_qrc_reference
train,2014-04-11,0.0856923830110644,0.14234252426159585,phase2_feedback_tfim_qrc_reference
train,2014-04-14,0.0811041440052328,0.1298393765424157,phase2_feedback_tfim_qrc_reference
train,2014-04-15,0.0791732213531743,0.13163962301603307,phase2_feedback_tfim_qrc_reference
train,2014-04-16,0.0767242233815899,0.13737764452529938,phase2_feedback_tfim_qrc_reference
train,2014-04-17,0.0775381967281544,0.1289758088100066,phase2_feedback_tfim_qrc_reference
train,2014-04-21,0.077643251797555,0.12960211369321686,phase2_feedback_tfim_qrc_reference
train,2014-04-22,0.0792056773887268,0.12550209372845494,phase2_feedback_tfim_qrc_reference
train,2014-04-23,0.0842081925275723,0.11740305013375692,phase2_feedback_tfim_qrc_reference
train,2014-04-24,0.0843426287148822,0.12780293138291138,phase2_feedback_tfim_qrc_reference
train,2014-04-25,0.080382263365637,0.12385465937624576,phase2_feedback_tfim_qrc_reference
train,2014-04-28,0.0825262744481691,0.12179853886259723,phase2_feedback_tfim_qrc_reference
train,2014-04-29,0.0808851353783937,0.13133886678522164,phase2_feedback_tfim_qrc_reference
train,2014-04-30,0.0822564044903211,0.11972862200094879,phase2_feedback_tfim_qrc_reference
train,2014-05-01,0.0824541512897928,0.12195607507297758,phase2_feedback_tfim_qrc_reference
train,2014-05-02,0.0823977675814138,0.11363563418061505,phase2_feedback_tfim_qrc_reference
train,2014-05-05,0.0821363666259451,0.11690017515467202,phase2_feedback_tfim_qrc_reference
train,2014-05-06,0.0763869757681402,0.11780032225027862,phase2_feedback_tfim_qrc_reference
train,2014-05-07,0.0770259864454944,0.13206619685406848,phase2_feedback_tfim_qrc_reference
train,2014-05-08,0.0787515127925446,0.14047181074960485,phase2_feedback_tfim_qrc_reference
train,2014-05-09,0.0786551748797827,0.1395846695722982,phase2_feedback_tfim_qrc_reference
train,2014-05-12,0.0707833443176741,0.15997667417599618,phase2_feedback_tfim_qrc_reference
train,2014-05-13,0.0717802915144583,0.14837082046661737,phase2_feedback_tfim_qrc_reference
train,2014-05-14,0.0741912989651428,0.11962096187009587,phase2_feedback_tfim_qrc_reference
train,2014-05-15,0.0681255274343057,0.11905342504465503,phase2_feedback_tfim_qrc_reference
train,2014-05-16,0.0670714621821916,0.11318351598503715,phase2_feedback_tfim_qrc_reference
train,2014-05-19,0.0665326799444535,0.11533517488416611,phase2_feedback_tfim_qrc_reference
train,2014-05-20,0.0677620605784211,0.12377624395347175,phase2_feedback_tfim_qrc_reference
train,2014-05-21,0.0610040666816276,0.12865643187845524,phase2_feedback_tfim_qrc_reference
train,2014-05-22,0.0608185743779494,0.13232277470955478,phase2_feedback_tfim_qrc_reference
train,2014-05-23,0.0591476149226334,0.1419937277178165,phase2_feedback_tfim_qrc_reference
train,2014-05-27,0.0590361068529869,0.13452156097885234,phase2_feedback_tfim_qrc_reference
train,2014-05-28,0.0611124575490608,0.12557833014670963,phase2_feedback_tfim_qrc_reference
train,2014-05-29,0.058358476651383,0.11946045594933538,phase2_feedback_tfim_qrc_reference
train,2014-05-30,0.0584859415264795,0.10779906099325266,phase2_feedback_tfim_qrc_reference
train,2014-06-02,0.0583799658095402,0.10457738746078685,phase2_feedback_tfim_qrc_reference
train,2014-06-03,0.0629750796238583,0.1035640281520394,phase2_feedback_tfim_qrc_reference
train,2014-06-04,0.0626688041566225,0.10773124469205146,phase2_feedback_tfim_qrc_reference
train,2014-06-05,0.0608128815688298,0.12078704653172176,phase2_feedback_tfim_qrc_reference
train,2014-06-06,0.0597295461099599,0.1354375781291101,phase2_feedback_tfim_qrc_reference
train,2014-06-09,0.0638604517285307,0.12094842894048091,phase2_feedback_tfim_qrc_reference
train,2014-06-10,0.0658050605420546,0.12174571500288794,phase2_feedback_tfim_qrc_reference
train,2014-06-11,0.0661480774382059,0.12306896859638625,phase2_feedback_tfim_qrc_reference
train,2014-06-12,0.0613454705361246,0.12823359518777494,phase2_feedback_tfim_qrc_reference
train,2014-06-13,0.0629632658675997,0.11409017910941552,phase2_feedback_tfim_qrc_reference
train,2014-06-16,0.0632462251807214,0.1088011990332756,phase2_feedback_tfim_qrc_reference
train,2014-06-17,0.0638356991518357,0.10851403272661003,phase2_feedback_tfim_qrc_reference
train,2014-06-18,0.071078609187849,0.11274292346148188,phase2_feedback_tfim_qrc_reference
train,2014-06-19,0.0796113885223059,0.10192171593361848,phase2_feedback_tfim_qrc_reference
train,2014-06-20,0.0795638712783104,0.10062974728572445,phase2_feedback_tfim_qrc_reference
train,2014-06-23,0.0810402278382786,0.10452317231433292,phase2_feedback_tfim_qrc_reference
train,2014-06-24,0.0785460708589711,0.10566498049577104,phase2_feedback_tfim_qrc_reference
train,2014-06-25,0.0768980411740377,0.11123043624888153,phase2_feedback_tfim_qrc_reference
train,2014-06-26,0.0786402651488391,0.10618395595263842,phase2_feedback_tfim_qrc_reference
train,2014-06-27,0.0783505624057723,0.10616686557372013,phase2_feedback_tfim_qrc_reference
train,2014-06-30,0.0798074811251724,0.10382059663414543,phase2_feedback_tfim_qrc_reference
train,2014-07-01,0.0762156678500992,0.10513229286550882,phase2_feedback_tfim_qrc_reference
train,2014-07-02,0.1039633529739863,0.1093855542863368,phase2_feedback_tfim_qrc_reference
train,2014-07-03,0.1030683123282944,0.1044713269754366,phase2_feedback_tfim_qrc_reference
train,2014-07-07,0.1054613107370784,0.0964110743680267,phase2_feedback_tfim_qrc_reference
train,2014-07-08,0.1085993324412896,0.10569966016175389,phase2_feedback_tfim_qrc_reference
train,2014-07-09,0.1074372408231826,0.09692306500997294,phase2_feedback_tfim_qrc_reference
train,2014-07-10,0.1082405636590574,0.09854382124168819,phase2_feedback_tfim_qrc_reference
train,2014-07-11,0.1155819605286323,0.10354993328379797,phase2_feedback_tfim_qrc_reference
train,2014-07-14,0.1146514294675325,0.1220579727239314,phase2_feedback_tfim_qrc_reference
train,2014-07-15,0.1145612295393185,0.10627327818537839,phase2_feedback_tfim_qrc_reference
train,2014-07-16,0.1163000874113442,0.10402297405563056,phase2_feedback_tfim_qrc_reference
train,2014-07-17,0.110267955075538,0.12238213154018775,phase2_feedback_tfim_qrc_reference
train,2014-07-18,0.1041979249977214,0.11925866693429656,phase2_feedback_tfim_qrc_reference
train,2014-07-21,0.1081217886181017,0.12177757878171576,phase2_feedback_tfim_qrc_reference
train,2014-07-22,0.1085975640029475,0.12281369808645143,phase2_feedback_tfim_qrc_reference
train,2014-07-23,0.1087253585138873,0.11477131702357113,phase2_feedback_tfim_qrc_reference
train,2014-07-24,0.109215228994632,0.11734501668928661,phase2_feedback_tfim_qrc_reference
train,2014-07-25,0.1080786650622311,0.11873907388605642,phase2_feedback_tfim_qrc_reference
train,2014-07-28,0.1095501948156542,0.1099854052806752,phase2_feedback_tfim_qrc_reference
train,2014-07-29,0.1085026970846034,0.10700079202575788,phase2_feedback_tfim_qrc_reference
train,2014-07-30,0.1085105909423152,0.10764718812235834,phase2_feedback_tfim_qrc_reference
train,2014-07-31,0.0822547336800535,0.11960605646086159,phase2_feedback_tfim_qrc_reference
train,2014-08-01,0.0821565709351009,0.13585585981411322,phase2_feedback_tfim_qrc_reference
train,2014-08-04,0.0781061678780002,0.1252530317448935,phase2_feedback_tfim_qrc_reference
train,2014-08-05,0.0700588798510511,0.13583688832260732,phase2_feedback_tfim_qrc_reference
train,2014-08-06,0.0702381190643068,0.1377800193254216,phase2_feedback_tfim_qrc_reference
train,2014-08-07,0.0693933002392894,0.13597288284971673,phase2_feedback_tfim_qrc_reference
train,2014-08-08,0.0568586637264482,0.1293312524084259,phase2_feedback_tfim_qrc_reference
train,2014-08-11,0.0603129302201171,0.12818167824963037,phase2_feedback_tfim_qrc_reference
train,2014-08-12,0.0615776102618321,0.13832508042263106,phase2_feedback_tfim_qrc_reference
train,2014-08-13,0.0568773164848884,0.16720081410708065,phase2_feedback_tfim_qrc_reference
train,2014-08-14,0.0582052338616906,0.1384730262171345,phase2_feedback_tfim_qrc_reference
train,2014-08-15,0.0582613136807495,0.13741938372787288,phase2_feedback_tfim_qrc_reference
train,2014-08-18,0.0568047468153426,0.12955426308667412,phase2_feedback_tfim_qrc_reference
train,2014-08-19,0.0539276977386832,0.1297202704801838,phase2_feedback_tfim_qrc_reference
train,2014-08-20,0.0563431751022404,0.12901231112038503,phase2_feedback_tfim_qrc_reference
train,2014-08-21,0.0554794635684378,0.12876620734127606,phase2_feedback_tfim_qrc_reference
train,2014-08-22,0.0616842138952814,0.14235118657738585,phase2_feedback_tfim_qrc_reference
train,2014-08-25,0.0624327315091786,0.16006556720586226,phase2_feedback_tfim_qrc_reference
train,2014-08-26,0.0682537758662939,0.1549648541756605,phase2_feedback_tfim_qrc_reference
train,2014-08-27,0.0893910251645713,0.1414592752757517,phase2_feedback_tfim_qrc_reference
train,2014-08-28,0.0936810586467551,0.14063144890344512,phase2_feedback_tfim_qrc_reference
train,2014-08-29,0.0933595938711127,0.11659802240695272,phase2_feedback_tfim_qrc_reference
train,2014-09-02,0.0938106323152965,0.11260831021377636,phase2_feedback_tfim_qrc_reference
train,2014-09-03,0.1055577320916601,0.1149331165665949,phase2_feedback_tfim_qrc_reference
train,2014-09-04,0.1054341600827188,0.11431553516613006,phase2_feedback_tfim_qrc_reference
train,2014-09-05,0.1112365366036563,0.1154191561355349,phase2_feedback_tfim_qrc_reference
train,2014-09-08,0.1109343034358647,0.11185635743895908,phase2_feedback_tfim_qrc_reference
train,2014-09-09,0.1218498056051664,0.11487327317396968,phase2_feedback_tfim_qrc_reference
train,2014-09-10,0.1358580420827155,0.12957349800686285,phase2_feedback_tfim_qrc_reference
train,2014-09-11,0.1532881035821289,0.1311026974665646,phase2_feedback_tfim_qrc_reference
train,2014-09-12,0.1572429059672958,0.1419642312793116,phase2_feedback_tfim_qrc_reference
train,2014-09-15,0.167854421347131,0.11464275760282712,phase2_feedback_tfim_qrc_reference
train,2014-09-16,0.1658178064041264,0.12792981474818885,phase2_feedback_tfim_qrc_reference
train,2014-09-17,0.1674916966563762,0.12561995804979886,phase2_feedback_tfim_qrc_reference
train,2014-09-18,0.16645328203481,0.12762776037251752,phase2_feedback_tfim_qrc_reference
train,2014-09-19,0.171562217254238,0.14464851120256328,phase2_feedback_tfim_qrc_reference
train,2014-09-22,0.1727793934407361,0.13591468494364609,phase2_feedback_tfim_qrc_reference
train,2014-09-23,0.1851658244613407,0.13848024081751498,phase2_feedback_tfim_qrc_reference
train,2014-09-24,0.1848296402656501,0.14815499967380885,phase2_feedback_tfim_qrc_reference
train,2014-09-25,0.1803077716012373,0.15383236178822568,phase2_feedback_tfim_qrc_reference
train,2014-09-26,0.180172564653674,0.15939143371220696,phase2_feedback_tfim_qrc_reference
train,2014-09-29,0.1801228104734283,0.16575646138837333,phase2_feedback_tfim_qrc_reference
train,2014-09-30,0.184378589040037,0.1566305839906413,phase2_feedback_tfim_qrc_reference
train,2014-10-01,0.1779845503838258,0.16235799504090417,phase2_feedback_tfim_qrc_reference
train,2014-10-02,0.179423210227479,0.15730816845251896,phase2_feedback_tfim_qrc_reference
train,2014-10-03,0.1797530848370863,0.14484284884187965,phase2_feedback_tfim_qrc_reference
train,2014-10-06,0.1797154082790584,0.1458103852945268,phase2_feedback_tfim_qrc_reference
train,2014-10-07,0.1714658000158242,0.14656026610600278,phase2_feedback_tfim_qrc_reference
train,2014-10-08,0.1615928436332248,0.14971773189476661,phase2_feedback_tfim_qrc_reference
train,2014-10-09,0.1457975112690859,0.15329300052373362,phase2_feedback_tfim_qrc_reference
train,2014-10-10,0.1400263002425797,0.16292028526584384,phase2_feedback_tfim_qrc_reference
train,2014-10-13,0.1275733039395069,0.17396401282715948,phase2_feedback_tfim_qrc_reference
train,2014-10-14,0.1275002571004617,0.18030553250677347,phase2_feedback_tfim_qrc_reference
train,2014-10-15,0.1252579836363584,0.18588954269879204,phase2_feedback_tfim_qrc_reference
train,2014-10-16,0.1252848215953006,0.17873415149271765,phase2_feedback_tfim_qrc_reference
train,2014-10-17,0.1181521372018595,0.18833603532997717,phase2_feedback_tfim_qrc_reference
train,2014-10-20,0.1130861058454188,0.18009466516794867,phase2_feedback_tfim_qrc_reference
train,2014-10-21,0.0914179156464412,0.15720672177673212,phase2_feedback_tfim_qrc_reference
train,2014-10-22,0.0880233776388336,0.17119366843426914,phase2_feedback_tfim_qrc_reference
train,2014-10-23,0.0781264291578581,0.1887485845705648,phase2_feedback_tfim_qrc_reference
train,2014-10-24,0.0756446092412871,0.18140971262934869,phase2_feedback_tfim_qrc_reference
train,2014-10-27,0.0761394143286977,0.16589034992131044,phase2_feedback_tfim_qrc_reference
train,2014-10-28,0.0645370273613629,0.12963427359554616,phase2_feedback_tfim_qrc_reference
train,2014-10-29,0.0649499106141263,0.12767658254791278,phase2_feedback_tfim_qrc_reference
train,2014-10-30,0.0613245620157799,0.1340155983903727,phase2_feedback_tfim_qrc_reference
train,2014-10-31,0.0523873193794974,0.12906493076796133,phase2_feedback_tfim_qrc_reference
train,2014-11-03,0.057094810225509,0.14565204539643506,phase2_feedback_tfim_qrc_reference
train,2014-11-04,0.0574217219538682,0.17105068366208392,phase2_feedback_tfim_qrc_reference
train,2014-11-05,0.0530395048903809,0.17805477406455741,phase2_feedback_tfim_qrc_reference
train,2014-11-06,0.0514369130957508,0.16115088357523227,phase2_feedback_tfim_qrc_reference
train,2014-11-07,0.056578900421481,0.16179527805075344,phase2_feedback_tfim_qrc_reference
train,2014-11-10,0.0555207505089306,0.18385180891051894,phase2_feedback_tfim_qrc_reference
train,2014-11-11,0.0797602467690375,0.16029781863671988,phase2_feedback_tfim_qrc_reference
train,2014-11-12,0.0816695125781503,0.15288693502815076,phase2_feedback_tfim_qrc_reference
train,2014-11-13,0.0999945270431763,0.15617645094131258,phase2_feedback_tfim_qrc_reference
train,2014-11-14,0.1029414029251076,0.14850587340880536,phase2_feedback_tfim_qrc_reference
train,2014-11-17,0.1068116237974082,0.14083748357136838,phase2_feedback_tfim_qrc_reference
train,2014-11-18,0.1254616567013778,0.1620659605830156,phase2_feedback_tfim_qrc_reference
train,2014-11-19,0.1524040987553556,0.14340102122550483,phase2_feedback_tfim_qrc_reference
train,2014-11-20,0.1530209748866895,0.14098358865742708,phase2_feedback_tfim_qrc_reference
train,2014-11-21,0.1527152489191577,0.12744000669877034,phase2_feedback_tfim_qrc_reference
train,2014-11-24,0.1524661772346396,0.12299444773039918,phase2_feedback_tfim_qrc_reference
train,2014-11-25,0.1524449124430463,0.12520692976780026,phase2_feedback_tfim_qrc_reference
train,2014-11-26,0.1526033544506124,0.13268010028741578,phase2_feedback_tfim_qrc_reference
train,2014-11-28,0.1524919229763309,0.1392620152786655,phase2_feedback_tfim_qrc_reference
train,2014-12-01,0.1516765098719899,0.1326114687771294,phase2_feedback_tfim_qrc_reference
train,2014-12-02,0.1540770538905998,0.14501777237150582,phase2_feedback_tfim_qrc_reference
train,2014-12-03,0.1534721511335981,0.16493669753113088,phase2_feedback_tfim_qrc_reference
train,2014-12-04,0.1662306071147903,0.17733184314953623,phase2_feedback_tfim_qrc_reference
train,2014-12-05,0.1696324453541363,0.17788637622941283,phase2_feedback_tfim_qrc_reference
train,2014-12-08,0.1736124628975583,0.1890603753532017,phase2_feedback_tfim_qrc_reference
train,2014-12-09,0.1844820342320939,0.17755694579574585,phase2_feedback_tfim_qrc_reference
train,2014-12-10,0.1776476153742874,0.17045335510976473,phase2_feedback_tfim_qrc_reference
train,2014-12-11,0.178929288713588,0.16079815400073508,phase2_feedback_tfim_qrc_reference
train,2014-12-12,0.1696192065406028,0.17255882763205355,phase2_feedback_tfim_qrc_reference
train,2014-12-15,0.1692155879187775,0.18947034813053087,phase2_feedback_tfim_qrc_reference
train,2014-12-16,0.169953530872144,0.18629374949260324,phase2_feedback_tfim_qrc_reference
train,2014-12-17,0.162091603120042,0.17340929503921074,phase2_feedback_tfim_qrc_reference
train,2014-12-18,0.1371518611480108,0.1641754170858232,phase2_feedback_tfim_qrc_reference
train,2014-12-19,0.137499577778456,0.16694437271033885,phase2_feedback_tfim_qrc_reference
train,2014-12-22,0.1462411780825889,0.15376806525432013,phase2_feedback_tfim_qrc_reference
train,2014-12-23,0.1474599166658001,0.17670839733173022,phase2_feedback_tfim_qrc_reference
train,2014-12-24,0.1476931134307591,0.16506793925439986,phase2_feedback_tfim_qrc_reference
train,2014-12-26,0.1546099926499969,0.16789928776066576,phase2_feedback_tfim_qrc_reference
train,2014-12-29,0.1611848791177497,0.15906917832763623,phase2_feedback_tfim_qrc_reference
train,2014-12-30,0.1633484609629127,0.1624240697332098,phase2_feedback_tfim_qrc_reference
train,2014-12-31,0.1656738288975758,0.1663177682025087,phase2_feedback_tfim_qrc_reference
val,2015-03-02,0.1402888108596878,0.15873905877015296,phase2_feedback_tfim_qrc_reference
val,2015-03-03,0.1429641397667498,0.15977086624176426,phase2_feedback_tfim_qrc_reference
val,2015-03-04,0.1427306733121168,0.1555996442655469,phase2_feedback_tfim_qrc_reference
val,2015-03-05,0.1432386355305345,0.14662026733333156,phase2_feedback_tfim_qrc_reference
val,2015-03-06,0.1362386135647382,0.16180859860035626,phase2_feedback_tfim_qrc_reference
val,2015-03-09,0.1357714819874942,0.1391979463668518,phase2_feedback_tfim_qrc_reference
val,2015-03-10,0.1233078689620185,0.13874974547011334,phase2_feedback_tfim_qrc_reference
val,2015-03-11,0.1240309178955625,0.1423059479439038,phase2_feedback_tfim_qrc_reference
val,2015-03-12,0.1172420149525509,0.16055836906031376,phase2_feedback_tfim_qrc_reference
val,2015-03-13,0.116300401420178,0.153177566137061,phase2_feedback_tfim_qrc_reference
val,2015-03-16,0.1065267650207923,0.15717836329032897,phase2_feedback_tfim_qrc_reference
val,2015-03-17,0.1071859567380524,0.14453870763810364,phase2_feedback_tfim_qrc_reference
val,2015-03-18,0.0984409912340179,0.13982721360607367,phase2_feedback_tfim_qrc_reference
val,2015-03-19,0.1054230637168326,0.14857044611196105,phase2_feedback_tfim_qrc_reference
val,2015-03-20,0.1057516408663064,0.1399455455231501,phase2_feedback_tfim_qrc_reference
val,2015-03-23,0.1056094787871063,0.14848932529585657,phase2_feedback_tfim_qrc_reference
val,2015-03-24,0.1051479123705566,0.1464143656892455,phase2_feedback_tfim_qrc_reference
val,2015-03-25,0.0915955260775378,0.154199836032217,phase2_feedback_tfim_qrc_reference
val,2015-03-26,0.0915740417325917,0.15943578273251513,phase2_feedback_tfim_qrc_reference
val,2015-03-27,0.092404576841154,0.16775131661128379,phase2_feedback_tfim_qrc_reference
val,2015-03-30,0.0825398810916796,0.1722243595689607,phase2_feedback_tfim_qrc_reference
val,2015-03-31,0.077821290036875,0.16326768889081317,phase2_feedback_tfim_qrc_reference
val,2015-04-01,0.0847113132209644,0.1457504915476187,phase2_feedback_tfim_qrc_reference
val,2015-04-02,0.0920910759821593,0.14783549721124822,phase2_feedback_tfim_qrc_reference
val,2015-04-06,0.089505225402876,0.1294478569771283,phase2_feedback_tfim_qrc_reference
val,2015-04-07,0.0979509521945659,0.1412271995482129,phase2_feedback_tfim_qrc_reference
val,2015-04-08,0.0983238745491948,0.14884293537317825,phase2_feedback_tfim_qrc_reference
val,2015-04-09,0.0980776685965242,0.1474586017912211,phase2_feedback_tfim_qrc_reference
val,2015-04-10,0.1067788859754798,0.16088865382068288,phase2_feedback_tfim_qrc_reference
val,2015-04-13,0.1069302058248868,0.1543930933681935,phase2_feedback_tfim_qrc_reference
val,2015-04-14,0.1072347997245766,0.12911917520159602,phase2_feedback_tfim_qrc_reference
val,2015-04-15,0.1060529977247174,0.1341083981405034,phase2_feedback_tfim_qrc_reference
val,2015-04-16,0.1122588449601267,0.11692584629691558,phase2_feedback_tfim_qrc_reference
val,2015-04-17,0.1045471945703835,0.12357454419047911,phase2_feedback_tfim_qrc_reference
val,2015-04-20,0.1000454430255641,0.10823859968634686,phase2_feedback_tfim_qrc_reference
val,2015-04-21,0.099962754927953,0.1116780570262614,phase2_feedback_tfim_qrc_reference
val,2015-04-22,0.0984684998011506,0.10887930432757738,phase2_feedback_tfim_qrc_reference
val,2015-04-23,0.0986054753118487,0.10800944903989564,phase2_feedback_tfim_qrc_reference
val,2015-04-24,0.0986277729391574,0.13202910219437197,phase2_feedback_tfim_qrc_reference
val,2015-04-27,0.1047902632543864,0.12063407871430501,phase2_feedback_tfim_qrc_reference
val,2015-04-28,0.1094467929348563,0.12345943215652966,phase2_feedback_tfim_qrc_reference
val,2015-04-29,0.108537836244856,0.11328731291300168,phase2_feedback_tfim_qrc_reference
val,2015-04-30,0.1048420675987773,0.1138097567178768,phase2_feedback_tfim_qrc_reference
val,2015-05-01,0.0978720850968505,0.1204403552154147,phase2_feedback_tfim_qrc_reference
val,2015-05-04,0.0974140289098886,0.12214964044560221,phase2_feedback_tfim_qrc_reference
val,2015-05-05,0.0889160219452957,0.12177503518591512,phase2_feedback_tfim_qrc_reference
val,2015-05-06,0.0927312981568622,0.12810202559414968,phase2_feedback_tfim_qrc_reference
val,2015-05-07,0.0918490038089799,0.1373648990074352,phase2_feedback_tfim_qrc_reference
val,2015-05-08,0.0822185743463856,0.13242197594692834,phase2_feedback_tfim_qrc_reference
val,2015-05-11,0.0804292855254069,0.13098111056404033,phase2_feedback_tfim_qrc_reference
val,2015-05-12,0.0902689210319504,0.14305320059359167,phase2_feedback_tfim_qrc_reference
val,2015-05-13,0.0909863802026697,0.14501716390659725,phase2_feedback_tfim_qrc_reference
val,2015-05-14,0.0875599304081284,0.12312263988194211,phase2_feedback_tfim_qrc_reference
val,2015-05-15,0.0887936567343997,0.12734822107134008,phase2_feedback_tfim_qrc_reference
val,2015-05-18,0.0901967951778597,0.12164761566618613,phase2_feedback_tfim_qrc_reference
val,2015-05-19,0.0903714273964174,0.11172737714542903,phase2_feedback_tfim_qrc_reference
val,2015-05-20,0.0975163131240161,0.11092209869201827,phase2_feedback_tfim_qrc_reference
val,2015-05-21,0.0982458055462963,0.11863039124147827,phase2_feedback_tfim_qrc_reference
val,2015-05-22,0.0995447446395401,0.1211034464660555,phase2_feedback_tfim_qrc_reference
val,2015-05-26,0.0918868697776614,0.11486250738030569,phase2_feedback_tfim_qrc_reference
val,2015-05-27,0.0893766005362656,0.11571935643165634,phase2_feedback_tfim_qrc_reference
val,2015-05-28,0.0899386044058351,0.11591823725633783,phase2_feedback_tfim_qrc_reference
val,2015-05-29,0.0871782147551351,0.114659130354389,phase2_feedback_tfim_qrc_reference
val,2015-06-01,0.1149219760740503,0.12274617540069077,phase2_feedback_tfim_qrc_reference
val,2015-06-02,0.1151073341784553,0.11852586422428553,phase2_feedback_tfim_qrc_reference
val,2015-06-03,0.118171921818475,0.1304233744392485,phase2_feedback_tfim_qrc_reference
val,2015-06-04,0.1143143334565366,0.14057147353088545,phase2_feedback_tfim_qrc_reference
val,2015-06-05,0.1146001494061047,0.13999707897984218,phase2_feedback_tfim_qrc_reference
val,2015-06-08,0.1146687546987339,0.11972893645494556,phase2_feedback_tfim_qrc_reference
val,2015-06-09,0.1294436438386278,0.1249224468471987,phase2_feedback_tfim_qrc_reference
val,2015-06-10,0.1224986986006028,0.11794237022503397,phase2_feedback_tfim_qrc_reference
val,2015-06-11,0.1298011252342318,0.10769280680075129,phase2_feedback_tfim_qrc_reference
val,2015-06-12,0.1327492609856731,0.1074555908610537,phase2_feedback_tfim_qrc_reference
val,2015-06-15,0.1327634127433335,0.11502599692680995,phase2_feedback_tfim_qrc_reference
val,2015-06-16,0.1313587246686179,0.13400751700743013,phase2_feedback_tfim_qrc_reference
val,2015-06-17,0.1342648464018739,0.13678429803074343,phase2_feedback_tfim_qrc_reference
val,2015-06-18,0.1291797581196444,0.12183323885742797,phase2_feedback_tfim_qrc_reference
val,2015-06-19,0.1282240521617518,0.11542254880334768,phase2_feedback_tfim_qrc_reference
val,2015-06-22,0.1277101786467641,0.13365123654876243,phase2_feedback_tfim_qrc_reference
val,2015-06-23,0.1278445664002315,0.12261778765556212,phase2_feedback_tfim_qrc_reference
val,2015-06-24,0.1267925845444411,0.1136282200009281,phase2_feedback_tfim_qrc_reference
val,2015-06-25,0.1316407108951114,0.11512931327553991,phase2_feedback_tfim_qrc_reference
val,2015-06-26,0.1332579674572042,0.12766511830568458,phase2_feedback_tfim_qrc_reference
val,2015-06-29,0.1182218406628296,0.12327630173944228,phase2_feedback_tfim_qrc_reference
val,2015-06-30,0.1204721970146835,0.125431617236609,phase2_feedback_tfim_qrc_reference
val,2015-07-01,0.1170945062751217,0.12903240088672352,phase2_feedback_tfim_qrc_reference
val,2015-07-02,0.1171734744673753,0.14780301269782367,phase2_feedback_tfim_qrc_reference
val,2015-07-06,0.1173504476585392,0.16149592326787907,phase2_feedback_tfim_qrc_reference
val,2015-07-07,0.1154307246080951,0.12774532121771381,phase2_feedback_tfim_qrc_reference
val,2015-07-08,0.0992655328776698,0.13275382539454855,phase2_feedback_tfim_qrc_reference
val,2015-07-09,0.1032673628501118,0.15282968929439356,phase2_feedback_tfim_qrc_reference
val,2015-07-10,0.0934760934891216,0.14199046472625312,phase2_feedback_tfim_qrc_reference
val,2015-07-13,0.0958900272726377,0.14038902145922508,phase2_feedback_tfim_qrc_reference
val,2015-07-14,0.0999696907019772,0.14636612668212373,phase2_feedback_tfim_qrc_reference
val,2015-07-15,0.1000530049159669,0.14071254282130974,phase2_feedback_tfim_qrc_reference
val,2015-07-16,0.0960484750584088,0.1352615526602058,phase2_feedback_tfim_qrc_reference
val,2015-07-17,0.0968650961756509,0.15177358782426595,phase2_feedback_tfim_qrc_reference
val,2015-07-20,0.0988458732224413,0.14645644517451598,phase2_feedback_tfim_qrc_reference
val,2015-07-21,0.0983821714271141,0.12957032464794677,phase2_feedback_tfim_qrc_reference
val,2015-07-22,0.1021376350933824,0.13627685096588396,phase2_feedback_tfim_qrc_reference
val,2015-07-23,0.1250648559648453,0.12180914051619117,phase2_feedback_tfim_qrc_reference
val,2015-07-24,0.1638131237610726,0.13072435049987824,phase2_feedback_tfim_qrc_reference
val,2015-07-27,0.2199138428580392,0.15335349123336237,phase2_feedback_tfim_qrc_reference
val,2015-07-28,0.2198391315575895,0.1532819818437536,phase2_feedback_tfim_qrc_reference
val,2015-07-29,0.2561667564109937,0.1527287561415112,phase2_feedback_tfim_qrc_reference
val,2015-07-30,0.2704499788107197,0.1473974379661124,phase2_feedback_tfim_qrc_reference
val,2015-07-31,0.2703962776949788,0.14726100562203745,phase2_feedback_tfim_qrc_reference
val,2015-08-03,0.2716604891855252,0.13415950607849209,phase2_feedback_tfim_qrc_reference
val,2015-08-04,0.2920972426515595,0.14089428288265302,phase2_feedback_tfim_qrc_reference
val,2015-08-05,0.2993979435477862,0.1809221833211806,phase2_feedback_tfim_qrc_reference
val,2015-08-06,0.2979831083273121,0.1523683928933158,phase2_feedback_tfim_qrc_reference
val,2015-08-07,0.3027847765351801,0.156694421399111,phase2_feedback_tfim_qrc_reference
val,2015-08-10,0.3121949725751525,0.15408664574221603,phase2_feedback_tfim_qrc_reference
val,2015-08-11,0.3141880762909201,0.15363187331494102,phase2_feedback_tfim_qrc_reference
val,2015-08-12,0.3147494200268197,0.16243191000015111,phase2_feedback_tfim_qrc_reference
val,2015-08-13,0.3151296950861016,0.17319951234220787,phase2_feedback_tfim_qrc_reference
val,2015-08-14,0.315141699630612,0.15626912545237537,phase2_feedback_tfim_qrc_reference
val,2015-08-17,0.3175965749076335,0.16372039788304427,phase2_feedback_tfim_qrc_reference
val,2015-08-18,0.3189041106975884,0.15903114985072045,phase2_feedback_tfim_qrc_reference
val,2015-08-19,0.3177576803715317,0.15533323930463583,phase2_feedback_tfim_qrc_reference
val,2015-08-20,0.3142912808295627,0.14909523157141585,phase2_feedback_tfim_qrc_reference
val,2015-08-21,0.2941946379664001,0.1862983188506211,phase2_feedback_tfim_qrc_reference
val,2015-08-24,0.2583502893529302,0.1948622824761251,phase2_feedback_tfim_qrc_reference
val,2015-08-25,0.2548177506500748,0.19600743402555745,phase2_feedback_tfim_qrc_reference
val,2015-08-26,0.2172856181444432,0.2114630970752322,phase2_feedback_tfim_qrc_reference
val,2015-08-27,0.1992269881125729,0.2309230535390142,phase2_feedback_tfim_qrc_reference
val,2015-08-28,0.2187046874892904,0.2428732255735899,phase2_feedback_tfim_qrc_reference
val,2015-08-31,0.216810878179679,0.3254009306348771,phase2_feedback_tfim_qrc_reference
val,2015-09-01,0.1993575603574442,0.28511951379560063,phase2_feedback_tfim_qrc_reference
val,2015-09-02,0.1880804605749824,0.2647570514014389,phase2_feedback_tfim_qrc_reference
val,2015-09-03,0.1952890702663251,0.2676083365544482,phase2_feedback_tfim_qrc_reference
val,2015-09-04,0.1978049028090887,0.26363070053699234,phase2_feedback_tfim_qrc_reference
val,2015-09-08,0.1775188276022089,0.24512321524805242,phase2_feedback_tfim_qrc_reference
val,2015-09-09,0.1734004857083007,0.19299143195401927,phase2_feedback_tfim_qrc_reference
val,2015-09-10,0.1752542797057309,0.22717851322366822,phase2_feedback_tfim_qrc_reference
val,2015-09-11,0.1745264452546166,0.18214909040381855,phase2_feedback_tfim_qrc_reference
val,2015-09-14,0.1740590024780623,0.14101665375377367,phase2_feedback_tfim_qrc_reference
val,2015-09-15,0.1698698168917325,0.14881022039994102,phase2_feedback_tfim_qrc_reference
val,2015-09-16,0.1679538318799192,0.17217012797793202,phase2_feedback_tfim_qrc_reference
val,2015-09-17,0.1762678710913486,0.210893958777251,phase2_feedback_tfim_qrc_reference
val,2015-09-18,0.1670622992343775,0.16655816636927787,phase2_feedback_tfim_qrc_reference
val,2015-09-21,0.1660665875350695,0.11806655682860338,phase2_feedback_tfim_qrc_reference
val,2015-09-22,0.1595350019403717,0.1235502413432949,phase2_feedback_tfim_qrc_reference
val,2015-09-23,0.160909086065719,0.188514548728322,phase2_feedback_tfim_qrc_reference
val,2015-09-24,0.1710631145339196,0.14480557840923308,phase2_feedback_tfim_qrc_reference
val,2015-09-25,0.1753832616556395,0.14655558371603178,phase2_feedback_tfim_qrc_reference
val,2015-09-28,0.1506493421961387,0.1201330385864423,phase2_feedback_tfim_qrc_reference
val,2015-09-29,0.1507913532923221,0.16531803956145608,phase2_feedback_tfim_qrc_reference
val,2015-09-30,0.1415756769141231,0.2445845333693839,phase2_feedback_tfim_qrc_reference
val,2015-10-01,0.1412879418680353,0.18536127868225835,phase2_feedback_tfim_qrc_reference
val,2015-10-02,0.1320124710455441,0.13973768801542874,phase2_feedback_tfim_qrc_reference
val,2015-10-05,0.1234908847421145,0.12168256572423891,phase2_feedback_tfim_qrc_reference
val,2015-10-06,0.1233173489341575,0.142603077972344,phase2_feedback_tfim_qrc_reference
val,2015-10-07,0.1203537672001338,0.19095383209155017,phase2_feedback_tfim_qrc_reference
val,2015-10-08,0.1161041260958046,0.22970047597016405,phase2_feedback_tfim_qrc_reference
val,2015-10-09,0.116099681789612,0.22405685176658685,phase2_feedback_tfim_qrc_reference
val,2015-10-12,0.1207286549749149,0.2162751372028433,phase2_feedback_tfim_qrc_reference
val,2015-10-13,0.1189064636382491,0.174617653373949,phase2_feedback_tfim_qrc_reference
val,2015-10-14,0.1185044601994559,0.16419960344424958,phase2_feedback_tfim_qrc_reference
val,2015-10-15,0.116651832794034,0.1824335743757734,phase2_feedback_tfim_qrc_reference
val,2015-10-16,0.1222907149264632,0.2311946552597832,phase2_feedback_tfim_qrc_reference
val,2015-10-19,0.133499269942653,0.22212434797216535,phase2_feedback_tfim_qrc_reference
val,2015-10-20,0.1334347996699528,0.24075728351816292,phase2_feedback_tfim_qrc_reference
val,2015-10-21,0.1430192241648487,0.1672424556375128,phase2_feedback_tfim_qrc_reference
val,2015-10-22,0.1301064273776481,0.1875364103644854,phase2_feedback_tfim_qrc_reference
val,2015-10-23,0.1248887952966476,0.23609988823244135,phase2_feedback_tfim_qrc_reference
val,2015-10-26,0.1246499070258183,0.203143759490783,phase2_feedback_tfim_qrc_reference
val,2015-10-27,0.1245513950581085,0.21869626505493014,phase2_feedback_tfim_qrc_reference
val,2015-10-28,0.1179049534154644,0.232892432973324,phase2_feedback_tfim_qrc_reference
val,2015-10-29,0.1179575254032381,0.21515682900485747,phase2_feedback_tfim_qrc_reference
val,2015-10-30,0.1178856197908816,0.19369463524003624,phase2_feedback_tfim_qrc_reference
val,2015-11-02,0.1152777208361472,0.23808169536884163,phase2_feedback_tfim_qrc_reference
val,2015-11-03,0.1204586550375156,0.21072348448788059,phase2_feedback_tfim_qrc_reference
val,2015-11-04,0.1299920410470631,0.17798134567035637,phase2_feedback_tfim_qrc_reference
val,2015-11-05,0.1469221145273538,0.17897758491069565,phase2_feedback_tfim_qrc_reference
val,2015-11-06,0.1484857391862434,0.16935506924397234,phase2_feedback_tfim_qrc_reference
val,2015-11-09,0.1466768672210177,0.19879622749105472,phase2_feedback_tfim_qrc_reference
val,2015-11-10,0.1490463139412582,0.19564089156760262,phase2_feedback_tfim_qrc_reference
val,2015-11-11,0.1486706878571049,0.1931227015117394,phase2_feedback_tfim_qrc_reference
val,2015-11-12,0.1563306875659879,0.18383678879492035,phase2_feedback_tfim_qrc_reference
val,2015-11-13,0.1521615146499217,0.18156137889659688,phase2_feedback_tfim_qrc_reference
val,2015-11-16,0.1471640235434425,0.1738646719959449,phase2_feedback_tfim_qrc_reference
val,2015-11-17,0.1559092521038685,0.17009113277440766,phase2_feedback_tfim_qrc_reference
val,2015-11-18,0.1554231441620722,0.13513171391506743,phase2_feedback_tfim_qrc_reference
val,2015-11-19,0.1679807360424345,0.13063032136373098,phase2_feedback_tfim_qrc_reference
val,2015-11-20,0.1699998254939247,0.16772601117888114,phase2_feedback_tfim_qrc_reference
val,2015-11-23,0.1729494982585399,0.13859873480734927,phase2_feedback_tfim_qrc_reference
val,2015-11-24,0.1783184002933066,0.144041769039855,phase2_feedback_tfim_qrc_reference
val,2015-11-25,0.1784140526693255,0.14724057579529304,phase2_feedback_tfim_qrc_reference
val,2015-11-27,0.1785523989944769,0.18830362393460923,phase2_feedback_tfim_qrc_reference
val,2015-11-30,0.1818866674359362,0.17021612828431323,phase2_feedback_tfim_qrc_reference
val,2015-12-01,0.1805145807744503,0.1503961084585739,phase2_feedback_tfim_qrc_reference
val,2015-12-02,0.1803665787425731,0.13047071834038224,phase2_feedback_tfim_qrc_reference
val,2015-12-03,0.1803519764518738,0.1344471205460159,phase2_feedback_tfim_qrc_reference
val,2015-12-04,0.1669198733631204,0.14942912084613502,phase2_feedback_tfim_qrc_reference
val,2015-12-07,0.1715445096388832,0.1663341393021189,phase2_feedback_tfim_qrc_reference
val,2015-12-08,0.1904841294239895,0.1636023108959876,phase2_feedback_tfim_qrc_reference
val,2015-12-09,0.1924767585279505,0.17584918258693022,phase2_feedback_tfim_qrc_reference
val,2015-12-10,0.1922901756350501,0.18325780596309865,phase2_feedback_tfim_qrc_reference
val,2015-12-11,0.1815590663038494,0.15100923100210334,phase2_feedback_tfim_qrc_reference
val,2015-12-14,0.2017017622088092,0.1489839803325445,phase2_feedback_tfim_qrc_reference
val,2015-12-15,0.2065198188436186,0.15965097143676588,phase2_feedback_tfim_qrc_reference
val,2015-12-16,0.214304758859749,0.1503292999109585,phase2_feedback_tfim_qrc_reference
val,2015-12-17,0.2073112534883862,0.23610789597857768,phase2_feedback_tfim_qrc_reference
val,2015-12-18,0.2024933388290699,0.17191000388688107,phase2_feedback_tfim_qrc_reference
val,2015-12-21,0.2013634738709179,0.1381110272027312,phase2_feedback_tfim_qrc_reference
val,2015-12-22,0.2114597955266758,0.14567595341232936,phase2_feedback_tfim_qrc_reference
val,2015-12-23,0.2138460416770954,0.16687649415801098,phase2_feedback_tfim_qrc_reference
val,2015-12-24,0.2191109076147471,0.16452488634187526,phase2_feedback_tfim_qrc_reference
val,2015-12-28,0.2223791450011857,0.18194398366557699,phase2_feedback_tfim_qrc_reference
val,2015-12-29,0.2199380703692978,0.15534960618036148,phase2_feedback_tfim_qrc_reference
val,2015-12-30,0.2346204056935521,0.1581669016364982,phase2_feedback_tfim_qrc_reference
val,2015-12-31,0.231894125299053,0.16515165604373416,phase2_feedback_tfim_qrc_reference
val,2016-01-04,0.2354653501648367,0.16582821930019317,phase2_feedback_tfim_qrc_reference
val,2016-01-05,0.2363429511944309,0.1613392114730785,phase2_feedback_tfim_qrc_reference
val,2016-01-06,0.2320738888061293,0.14456971010620487,phase2_feedback_tfim_qrc_reference
val,2016-01-07,0.2260297780680754,0.16747386576231282,phase2_feedback_tfim_qrc_reference
val,2016-01-08,0.2277561705221065,0.1825442254226343,phase2_feedback_tfim_qrc_reference
val,2016-01-11,0.2277300148333276,0.18012517802629088,phase2_feedback_tfim_qrc_reference
val,2016-01-12,0.22595534871807,0.16857790861546876,phase2_feedback_tfim_qrc_reference
val,2016-01-13,0.2125455505157114,0.24954024587682785,phase2_feedback_tfim_qrc_reference
val,2016-01-14,0.2169840205535807,0.23778011168141408,phase2_feedback_tfim_qrc_reference
val,2016-01-15,0.211372830793583,0.23736868587880205,phase2_feedback_tfim_qrc_reference
val,2016-01-19,0.2190071092327522,0.21661119259981182,phase2_feedback_tfim_qrc_reference
val,2016-01-20,0.2146630476814574,0.2234114396089578,phase2_feedback_tfim_qrc_reference
val,2016-01-21,0.2137517414015039,0.20277663017196457,phase2_feedback_tfim_qrc_reference
val,2016-01-22,0.2075988797304442,0.19966761281703685,phase2_feedback_tfim_qrc_reference
val,2016-01-25,0.2054489876875189,0.1990790239563507,phase2_feedback_tfim_qrc_reference
val,2016-01-26,0.2003947383787137,0.168019345418616,phase2_feedback_tfim_qrc_reference
val,2016-01-27,0.201184833696263,0.1622978263135787,phase2_feedback_tfim_qrc_reference
val,2016-01-28,0.2005051366518441,0.21279757478445863,phase2_feedback_tfim_qrc_reference
val,2016-01-29,0.1834964432551685,0.15028260133148977,phase2_feedback_tfim_qrc_reference
val,2016-02-01,0.2011747183033219,0.1570241867747821,phase2_feedback_tfim_qrc_reference
val,2016-02-02,0.1911982471842775,0.1962695617001307,phase2_feedback_tfim_qrc_reference
val,2016-02-03,0.190517488829106,0.15845374182619826,phase2_feedback_tfim_qrc_reference
val,2016-02-04,0.1907904366482476,0.17642871749629557,phase2_feedback_tfim_qrc_reference
val,2016-02-05,0.1781785260452107,0.17836555778819102,phase2_feedback_tfim_qrc_reference
val,2016-02-08,0.1759317008694096,0.18566984078215723,phase2_feedback_tfim_qrc_reference
val,2016-02-09,0.1767989134210446,0.15765825825963875,phase2_feedback_tfim_qrc_reference
val,2016-02-10,0.1767952908833457,0.1911825684745032,phase2_feedback_tfim_qrc_reference
val,2016-02-11,0.1797927651042137,0.20227114819058126,phase2_feedback_tfim_qrc_reference
val,2016-02-12,0.1646167776127446,0.21878387297608462,phase2_feedback_tfim_qrc_reference
val,2016-02-16,0.1536312555187076,0.1765664572238548,phase2_feedback_tfim_qrc_reference
val,2016-02-17,0.1439242833378481,0.17963312031839285,phase2_feedback_tfim_qrc_reference
val,2016-02-18,0.1449340520708323,0.18459718928930385,phase2_feedback_tfim_qrc_reference
val,2016-02-19,0.1455910456887253,0.20121329286818274,phase2_feedback_tfim_qrc_reference
val,2016-02-22,0.1364488679481411,0.22078323764346178,phase2_feedback_tfim_qrc_reference
val,2016-02-23,0.1287888282913542,0.17130280607948303,phase2_feedback_tfim_qrc_reference
val,2016-02-24,0.1299114800939767,0.1779246556085687,phase2_feedback_tfim_qrc_reference
val,2016-02-25,0.1226919283902865,0.18829776150025185,phase2_feedback_tfim_qrc_reference
val,2016-02-26,0.1224360552560941,0.15887810597177718,phase2_feedback_tfim_qrc_reference
val,2016-02-29,0.1236099883974656,0.16443400218845103,phase2_feedback_tfim_qrc_reference
val,2016-03-01,0.0933731399517163,0.1587205112976913,phase2_feedback_tfim_qrc_reference
val,2016-03-02,0.0924107327894381,0.18115340836366467,phase2_feedback_tfim_qrc_reference
val,2016-03-03,0.0944988879953342,0.1533196874007626,phase2_feedback_tfim_qrc_reference
val,2016-03-04,0.0944858618263977,0.1544461264215657,phase2_feedback_tfim_qrc_reference
val,2016-03-07,0.100946155648407,0.17556171112177235,phase2_feedback_tfim_qrc_reference
val,2016-03-08,0.1007936025500226,0.17238893898036672,phase2_feedback_tfim_qrc_reference
val,2016-03-09,0.1080715242535133,0.17898805171779059,phase2_feedback_tfim_qrc_reference
val,2016-03-10,0.1084550178370457,0.1788039141114222,phase2_feedback_tfim_qrc_reference
val,2016-03-11,0.0927510534533686,0.19045209000498975,phase2_feedback_tfim_qrc_reference
val,2016-03-14,0.0983086042073822,0.17777847556288845,phase2_feedback_tfim_qrc_reference
val,2016-03-15,0.1044255101932197,0.16676655685401556,phase2_feedback_tfim_qrc_reference
val,2016-03-16,0.1023969131847703,0.17924301697958683,phase2_feedback_tfim_qrc_reference
val,2016-03-17,0.0999830971401757,0.1723992702965509,phase2_feedback_tfim_qrc_reference
val,2016-03-18,0.1020788594855272,0.17042450640916365,phase2_feedback_tfim_qrc_reference
val,2016-03-21,0.1025673583274554,0.16376840315284982,phase2_feedback_tfim_qrc_reference
val,2016-03-22,0.1026052895062513,0.16564099728016718,phase2_feedback_tfim_qrc_reference
val,2016-03-23,0.1016920193851039,0.16330435174313962,phase2_feedback_tfim_qrc_reference
val,2016-03-24,0.1016800539495823,0.1642136477962711,phase2_feedback_tfim_qrc_reference
val,2016-03-28,0.1018423742618902,0.1981445074485795,phase2_feedback_tfim_qrc_reference
val,2016-03-29,0.096594313020563,0.16281520912349035,phase2_feedback_tfim_qrc_reference
val,2016-03-30,0.0956180107747269,0.17143069654971047,phase2_feedback_tfim_qrc_reference
val,2016-03-31,0.1005904853519083,0.1543815975370822,phase2_feedback_tfim_qrc_reference
val,2016-04-01,0.0995231498176965,0.16427847719869532,phase2_feedback_tfim_qrc_reference
val,2016-04-04,0.1027680096406923,0.16068823128882948,phase2_feedback_tfim_qrc_reference
val,2016-04-05,0.1012638055398063,0.1587070378592876,phase2_feedback_tfim_qrc_reference
val,2016-04-06,0.0957098436711542,0.15973014375390804,phase2_feedback_tfim_qrc_reference
val,2016-04-07,0.0856435697443662,0.1682475105496939,phase2_feedback_tfim_qrc_reference
val,2016-04-08,0.0860916188969638,0.16833865498637718,phase2_feedback_tfim_qrc_reference
val,2016-04-11,0.0857378742409187,0.16245167871565322,phase2_feedback_tfim_qrc_reference
val,2016-04-12,0.0905181577509607,0.1655825928619582,phase2_feedback_tfim_qrc_reference
val,2016-04-13,0.0896266630588186,0.16149317442663577,phase2_feedback_tfim_qrc_reference
val,2016-04-14,0.0896324545820236,0.14204721548167668,phase2_feedback_tfim_qrc_reference
val,2016-04-15,0.0947822612719184,0.14977961355086505,phase2_feedback_tfim_qrc_reference
val,2016-04-18,0.0978815885899588,0.14542429102217322,phase2_feedback_tfim_qrc_reference
val,2016-04-19,0.1027744428221376,0.15103439905869373,phase2_feedback_tfim_qrc_reference
val,2016-04-20,0.1027239773354102,0.1393768363561328,phase2_feedback_tfim_qrc_reference
val,2016-04-21,0.1016738161019862,0.1467136036441996,phase2_feedback_tfim_qrc_reference
val,2016-04-22,0.1041020017247961,0.14222499097370367,phase2_feedback_tfim_qrc_reference
val,2016-04-25,0.1040346194548032,0.1463867416754889,phase2_feedback_tfim_qrc_reference
val,2016-04-26,0.1135145719041899,0.18847488329671602,phase2_feedback_tfim_qrc_reference
val,2016-04-27,0.115792294145994,0.14632753226507997,phase2_feedback_tfim_qrc_reference
val,2016-04-28,0.1111704227302586,0.14290814087584763,phase2_feedback_tfim_qrc_reference
val,2016-04-29,0.1105609383435516,0.13764666247717514,phase2_feedback_tfim_qrc_reference
val,2016-05-02,0.1071469347906322,0.12569023667557314,phase2_feedback_tfim_qrc_reference
val,2016-05-03,0.1028085636583516,0.11699052937092197,phase2_feedback_tfim_qrc_reference
val,2016-05-04,0.1014506399574024,0.12730819185018816,phase2_feedback_tfim_qrc_reference
val,2016-05-05,0.1020023886661334,0.12866954377807957,phase2_feedback_tfim_qrc_reference
val,2016-05-06,0.1027667644997966,0.17645521648873885,phase2_feedback_tfim_qrc_reference
val,2016-05-09,0.1028743762723463,0.13196248389731993,phase2_feedback_tfim_qrc_reference
val,2016-05-10,0.0937628318887504,0.1240091760956286,phase2_feedback_tfim_qrc_reference
val,2016-05-11,0.0877606845586794,0.16231873999957536,phase2_feedback_tfim_qrc_reference
val,2016-05-12,0.0940403278581685,0.13453327590736558,phase2_feedback_tfim_qrc_reference
val,2016-05-13,0.0929211303779288,0.11937230953743704,phase2_feedback_tfim_qrc_reference
val,2016-05-16,0.0864218957632132,0.11942151436388354,phase2_feedback_tfim_qrc_reference
val,2016-05-17,0.079913698519783,0.11697132990297768,phase2_feedback_tfim_qrc_reference
val,2016-05-18,0.0806042857653027,0.12173033932504315,phase2_feedback_tfim_qrc_reference
val,2016-05-19,0.0807495072015391,0.13477357392121708,phase2_feedback_tfim_qrc_reference
val,2016-05-20,0.0808707756484291,0.12552790220743731,phase2_feedback_tfim_qrc_reference
val,2016-05-23,0.0813504695560844,0.13508674356380823,phase2_feedback_tfim_qrc_reference
val,2016-05-24,0.067538831065806,0.11830283733495575,phase2_feedback_tfim_qrc_reference
val,2016-05-25,0.0780710729585344,0.1163552364554071,phase2_feedback_tfim_qrc_reference
val,2016-05-26,0.1531254596083225,0.12824798767049378,phase2_feedback_tfim_qrc_reference
val,2016-05-27,0.164583818161499,0.11256212102687697,phase2_feedback_tfim_qrc_reference
val,2016-05-31,0.1762600638251283,0.11193782783913094,phase2_feedback_tfim_qrc_reference
val,2016-06-01,0.1860305177195539,0.1342084993104401,phase2_feedback_tfim_qrc_reference
val,2016-06-02,0.1918263559330057,0.12504619418675364,phase2_feedback_tfim_qrc_reference
val,2016-06-03,0.1916809023041826,0.13740320324922417,phase2_feedback_tfim_qrc_reference
val,2016-06-06,0.1925468827417064,0.12641933952328827,phase2_feedback_tfim_qrc_reference
val,2016-06-07,0.1936342605017104,0.12630812425964552,phase2_feedback_tfim_qrc_reference
val,2016-06-08,0.1933026939633894,0.113458832205116,phase2_feedback_tfim_qrc_reference
val,2016-06-09,0.200255785612477,0.10089450344475763,phase2_feedback_tfim_qrc_reference
val,2016-06-10,0.1977772962845305,0.10364788687192274,phase2_feedback_tfim_qrc_reference
val,2016-06-13,0.1975345354793331,0.11812541097736681,phase2_feedback_tfim_qrc_reference
val,2016-06-14,0.1974119819062288,0.11450985815690133,phase2_feedback_tfim_qrc_reference
val,2016-06-15,0.1983371759614478,0.11484741518480009,phase2_feedback_tfim_qrc_reference
val,2016-06-16,0.1981122209675884,0.11845583454209556,phase2_feedback_tfim_qrc_reference
val,2016-06-17,0.1978982568248781,0.11466207929687441,phase2_feedback_tfim_qrc_reference
val,2016-06-20,0.1966148652494252,0.11037220270373663,phase2_feedback_tfim_qrc_reference
val,2016-06-21,0.1969042117676308,0.11592150963118973,phase2_feedback_tfim_qrc_reference
val,2016-06-22,0.1972769459325575,0.12532967364144437,phase2_feedback_tfim_qrc_reference
val,2016-06-23,0.1925196951074001,0.1214043537463863,phase2_feedback_tfim_qrc_reference
val,2016-06-24,0.1407256309049066,0.12543988756633584,phase2_feedback_tfim_qrc_reference
val,2016-06-27,0.1262300606624887,0.15439663383535582,phase2_feedback_tfim_qrc_reference
val,2016-06-28,0.1091913817855663,0.16978363193060494,phase2_feedback_tfim_qrc_reference
val,2016-06-29,0.0913618941392007,0.1757198196328932,phase2_feedback_tfim_qrc_reference
val,2016-06-30,0.0779323561839546,0.23473241817611631,phase2_feedback_tfim_qrc_reference
val,2016-07-01,0.0776219789925281,0.2693776031292325,phase2_feedback_tfim_qrc_reference
val,2016-07-05,0.0767397862400617,0.2577612271665812,phase2_feedback_tfim_qrc_reference
val,2016-07-06,0.0744715181871672,0.22763802651038523,phase2_feedback_tfim_qrc_reference
val,2016-07-07,0.0745322389967308,0.18667638273315046,phase2_feedback_tfim_qrc_reference
val,2016-07-08,0.0602608687766981,0.13406997164884482,phase2_feedback_tfim_qrc_reference
val,2016-07-11,0.0589886341868532,0.13192898406986897,phase2_feedback_tfim_qrc_reference
val,2016-07-12,0.0531433711091052,0.13729317651110484,phase2_feedback_tfim_qrc_reference
val,2016-07-13,0.0538638961453104,0.13429499918805737,phase2_feedback_tfim_qrc_reference
val,2016-07-14,0.0527326370477092,0.1408086552237287,phase2_feedback_tfim_qrc_reference
val,2016-07-15,0.0526073468826763,0.15326603682628853,phase2_feedback_tfim_qrc_reference
val,2016-07-18,0.0527399862806467,0.17131908063855616,phase2_feedback_tfim_qrc_reference
val,2016-07-19,0.0557267815219153,0.1740407826016507,phase2_feedback_tfim_qrc_reference
val,2016-07-20,0.0541746473522915,0.15857351100634834,phase2_feedback_tfim_qrc_reference
val,2016-07-21,0.0530818308575933,0.1523226820851238,phase2_feedback_tfim_qrc_reference
val,2016-07-22,0.0508886204886462,0.14935882245032608,phase2_feedback_tfim_qrc_reference
val,2016-07-25,0.049964582536682,0.16501432623401233,phase2_feedback_tfim_qrc_reference
val,2016-07-26,0.050445526305184,0.16481178814570455,phase2_feedback_tfim_qrc_reference
val,2016-07-27,0.0534961654945476,0.16477442330201883,phase2_feedback_tfim_qrc_reference
val,2016-07-28,0.0533951008018273,0.1594316043444991,phase2_feedback_tfim_qrc_reference
val,2016-07-29,0.0535072081306445,0.1405769789989277,phase2_feedback_tfim_qrc_reference
val,2016-08-01,0.0562034297824012,0.15188838730558937,phase2_feedback_tfim_qrc_reference
val,2016-08-02,0.0516924823164486,0.13472164014754806,phase2_feedback_tfim_qrc_reference
val,2016-08-03,0.0516405104048561,0.1325855354679997,phase2_feedback_tfim_qrc_reference
val,2016-08-04,0.0515030535393879,0.13260374923671367,phase2_feedback_tfim_qrc_reference
val,2016-08-05,0.0455104643994273,0.13632638184552448,phase2_feedback_tfim_qrc_reference
val,2016-08-08,0.0467090466781202,0.1407966199377424,phase2_feedback_tfim_qrc_reference
val,2016-08-09,0.046662345869831,0.13215369706862895,phase2_feedback_tfim_qrc_reference
val,2016-08-10,0.0465387074117678,0.132014652636065,phase2_feedback_tfim_qrc_reference
val,2016-08-11,0.096387512037813,0.14320053804604113,phase2_feedback_tfim_qrc_reference
val,2016-08-12,0.1088020020458325,0.13234655583138472,phase2_feedback_tfim_qrc_reference
val,2016-08-15,0.1198958819776459,0.15527791817725126,phase2_feedback_tfim_qrc_reference
val,2016-08-16,0.118490012696051,0.14444817503093066,phase2_feedback_tfim_qrc_reference
val,2016-08-17,0.12345504345311,0.15841603842288293,phase2_feedback_tfim_qrc_reference
val,2016-08-18,0.1239632177660329,0.1601401667949095,phase2_feedback_tfim_qrc_reference
val,2016-08-19,0.1238561797390548,0.18243238759354646,phase2_feedback_tfim_qrc_reference
val,2016-08-22,0.1238561838393731,0.17829735469287622,phase2_feedback_tfim_qrc_reference
val,2016-08-23,0.1298654917073521,0.18603753547121038,phase2_feedback_tfim_qrc_reference
val,2016-08-24,0.1305026580032042,0.19054129065203623,phase2_feedback_tfim_qrc_reference
val,2016-08-25,0.1319291524540778,0.17924782318605806,phase2_feedback_tfim_qrc_reference
val,2016-08-26,0.1348866130028343,0.17133856625413735,phase2_feedback_tfim_qrc_reference
val,2016-08-29,0.1355451323372886,0.1753479561661457,phase2_feedback_tfim_qrc_reference
val,2016-08-30,0.1365538676598894,0.156714663402561,phase2_feedback_tfim_qrc_reference
val,2016-08-31,0.1399484431007476,0.14094636837448613,phase2_feedback_tfim_qrc_reference
val,2016-09-01,0.1424697955128076,0.1618543266618114,phase2_feedback_tfim_qrc_reference
val,2016-09-02,0.1418299246286685,0.13604193148172414,phase2_feedback_tfim_qrc_reference
val,2016-09-06,0.1425826830352445,0.131648896525111,phase2_feedback_tfim_qrc_reference
val,2016-09-07,0.1434412415432291,0.12744504928528502,phase2_feedback_tfim_qrc_reference
val,2016-09-08,0.1432328545567125,0.12532588981430792,phase2_feedback_tfim_qrc_reference
val,2016-09-09,0.1151935864132979,0.12934296144916546,phase2_feedback_tfim_qrc_reference
val,2016-09-12,0.1051319930469958,0.15250934606110048,phase2_feedback_tfim_qrc_reference
val,2016-09-13,0.1022081295785439,0.14009728000157737,phase2_feedback_tfim_qrc_reference
val,2016-09-14,0.1023053663255949,0.1469177752002753,phase2_feedback_tfim_qrc_reference
val,2016-09-15,0.0967277801695912,0.14018435316426328,phase2_feedback_tfim_qrc_reference
val,2016-09-16,0.0957632644826302,0.17678626668918104,phase2_feedback_tfim_qrc_reference
val,2016-09-19,0.0965535738285121,0.13910164150743898,phase2_feedback_tfim_qrc_reference
val,2016-09-20,0.0990639794278874,0.12665245622443444,phase2_feedback_tfim_qrc_reference
val,2016-09-21,0.091254493073737,0.1413197941106225,phase2_feedback_tfim_qrc_reference
val,2016-09-22,0.0887366130743032,0.17103102517607074,phase2_feedback_tfim_qrc_reference
val,2016-09-23,0.0865829716846707,0.20789255544868818,phase2_feedback_tfim_qrc_reference
val,2016-09-26,0.0830036173056251,0.1520187740098792,phase2_feedback_tfim_qrc_reference
val,2016-09-27,0.0809256039404653,0.1574539425521538,phase2_feedback_tfim_qrc_reference
val,2016-09-28,0.0793152176839783,0.15500048357318089,phase2_feedback_tfim_qrc_reference
val,2016-09-29,0.0730749215108714,0.16830154096203004,phase2_feedback_tfim_qrc_reference
val,2016-09-30,0.0688347299044445,0.18568098159965687,phase2_feedback_tfim_qrc_reference
val,2016-10-03,0.0683026062478967,0.17836064094582516,phase2_feedback_tfim_qrc_reference
val,2016-10-04,0.0707278725522966,0.14895081092420798,phase2_feedback_tfim_qrc_reference
val,2016-10-05,0.0722215177584923,0.14169804211459777,phase2_feedback_tfim_qrc_reference
val,2016-10-06,0.0739933752418378,0.15449968334858857,phase2_feedback_tfim_qrc_reference
val,2016-10-07,0.0730864788376561,0.15963835475913346,phase2_feedback_tfim_qrc_reference
val,2016-10-10,0.1048762448111142,0.16613224232796311,phase2_feedback_tfim_qrc_reference
val,2016-10-11,0.0960110136551362,0.1491577132600627,phase2_feedback_tfim_qrc_reference
val,2016-10-12,0.1029411824994117,0.15685453390334655,phase2_feedback_tfim_qrc_reference
val,2016-10-13,0.1026631524005709,0.14982174059406314,phase2_feedback_tfim_qrc_reference
val,2016-10-14,0.1029731184613016,0.14305378947410227,phase2_feedback_tfim_qrc_reference
val,2016-10-17,0.1022682837579593,0.12592342495499792,phase2_feedback_tfim_qrc_reference
val,2016-10-18,0.1035800174962787,0.14514138466377813,phase2_feedback_tfim_qrc_reference
val,2016-10-19,0.1033632478988055,0.13614288402182384,phase2_feedback_tfim_qrc_reference
val,2016-10-20,0.1047436521421375,0.14669009526858906,phase2_feedback_tfim_qrc_reference
val,2016-10-21,0.1050318814496368,0.15674441746296278,phase2_feedback_tfim_qrc_reference
val,2016-10-24,0.1073217655734894,0.14194730914706247,phase2_feedback_tfim_qrc_reference
val,2016-10-25,0.1068831576724202,0.13819982610467102,phase2_feedback_tfim_qrc_reference
val,2016-10-26,0.106662356305389,0.13636579283196826,phase2_feedback_tfim_qrc_reference
val,2016-10-27,0.1070528361830274,0.13624070772057142,phase2_feedback_tfim_qrc_reference
val,2016-10-28,0.1078377448505203,0.1410464652329271,phase2_feedback_tfim_qrc_reference
val,2016-10-31,0.1080592165224595,0.13392343897818626,phase2_feedback_tfim_qrc_reference
val,2016-11-01,0.1052768448830957,0.14388090387020927,phase2_feedback_tfim_qrc_reference
val,2016-11-02,0.1038984094112812,0.14933181783844734,phase2_feedback_tfim_qrc_reference
val,2016-11-03,0.1026298295518999,0.144859568552338,phase2_feedback_tfim_qrc_reference
val,2016-11-04,0.104736900387069,0.16097019078944041,phase2_feedback_tfim_qrc_reference
val,2016-11-07,0.0714030789671277,0.1627115333220911,phase2_feedback_tfim_qrc_reference
val,2016-11-08,0.0834984585584622,0.15162852579686567,phase2_feedback_tfim_qrc_reference
val,2016-11-09,0.0751461453520065,0.15572571985206068,phase2_feedback_tfim_qrc_reference
val,2016-11-10,0.0776235293564232,0.16572059027060074,phase2_feedback_tfim_qrc_reference
val,2016-11-11,0.0772977093848817,0.16512636004307762,phase2_feedback_tfim_qrc_reference
val,2016-11-14,0.0807754858252268,0.17685222003057355,phase2_feedback_tfim_qrc_reference
val,2016-11-15,0.0814197152311546,0.1762260939840969,phase2_feedback_tfim_qrc_reference
val,2016-11-16,0.0824462547817888,0.1493756612704417,phase2_feedback_tfim_qrc_reference
val,2016-11-17,0.0807120421416468,0.13093461851197333,phase2_feedback_tfim_qrc_reference
val,2016-11-18,0.0806895636354178,0.13739810966782165,phase2_feedback_tfim_qrc_reference
val,2016-11-21,0.0773594741940848,0.14880395510108863,phase2_feedback_tfim_qrc_reference
val,2016-11-22,0.0776812597959597,0.15160030106110292,phase2_feedback_tfim_qrc_reference
val,2016-11-23,0.0778993727271291,0.14002266218099646,phase2_feedback_tfim_qrc_reference
val,2016-11-25,0.0769542607004845,0.1433601189353675,phase2_feedback_tfim_qrc_reference
val,2016-11-28,0.0756326171059431,0.14305893105877718,phase2_feedback_tfim_qrc_reference
val,2016-11-29,0.0808715588316894,0.14618299899640164,phase2_feedback_tfim_qrc_reference
val,2016-11-30,0.0804246702044169,0.14708230398368935,phase2_feedback_tfim_qrc_reference
val,2016-12-01,0.0804127288089502,0.13879242796561078,phase2_feedback_tfim_qrc_reference
val,2016-12-02,0.0848223008552891,0.12871559224488754,phase2_feedback_tfim_qrc_reference
val,2016-12-05,0.0847693107416888,0.14019560435434414,phase2_feedback_tfim_qrc_reference
val,2016-12-06,0.0840701628521815,0.14779335072171923,phase2_feedback_tfim_qrc_reference
val,2016-12-07,0.0714171007236673,0.1456235924552417,phase2_feedback_tfim_qrc_reference
val,2016-12-08,0.0718523929888813,0.14250578087168322,phase2_feedback_tfim_qrc_reference
val,2016-12-09,0.0685989147776684,0.1336528566037683,phase2_feedback_tfim_qrc_reference
val,2016-12-12,0.0692064880253299,0.11547052579654807,phase2_feedback_tfim_qrc_reference
val,2016-12-13,0.0656627564434289,0.12143654051086737,phase2_feedback_tfim_qrc_reference
val,2016-12-14,0.0592640550872941,0.12519647349398802,phase2_feedback_tfim_qrc_reference
val,2016-12-15,0.0587917355684798,0.12583992932966295,phase2_feedback_tfim_qrc_reference
val,2016-12-16,0.058902949180613,0.17290039560468323,phase2_feedback_tfim_qrc_reference
val,2016-12-19,0.0598625869298137,0.17234238021661943,phase2_feedback_tfim_qrc_reference
val,2016-12-20,0.0597176299055971,0.178536857836249,phase2_feedback_tfim_qrc_reference
val,2016-12-21,0.0596144638397911,0.16382367743812967,phase2_feedback_tfim_qrc_reference
val,2016-12-22,0.0634889976857275,0.1554238179426211,phase2_feedback_tfim_qrc_reference
val,2016-12-23,0.0702838125377501,0.1292981875675003,phase2_feedback_tfim_qrc_reference
val,2016-12-27,0.0698299574464818,0.12060340595409717,phase2_feedback_tfim_qrc_reference
val,2016-12-28,0.0635575800717881,0.11338300568450621,phase2_feedback_tfim_qrc_reference
val,2016-12-29,0.0672796237932066,0.11362610162496369,phase2_feedback_tfim_qrc_reference
val,2016-12-30,0.0660128989751299,0.12138135791993795,phase2_feedback_tfim_qrc_reference
val,2017-01-03,0.0602320347541005,0.12473026790853196,phase2_feedback_tfim_qrc_reference
val,2017-01-04,0.056481096707403,0.1724820063397456,phase2_feedback_tfim_qrc_reference
val,2017-01-05,0.0614551044036784,0.13181727132248688,phase2_feedback_tfim_qrc_reference
val,2017-01-06,0.060468078286229,0.23877980812719343,phase2_feedback_tfim_qrc_reference
val,2017-01-09,0.0593183272581513,0.14600315893047744,phase2_feedback_tfim_qrc_reference
val,2017-01-10,0.0595001566390949,0.1311586357117229,phase2_feedback_tfim_qrc_reference
val,2017-01-11,0.0622960798961047,0.11329179786212216,phase2_feedback_tfim_qrc_reference
val,2017-01-12,0.0632192610825018,0.11922411386656818,phase2_feedback_tfim_qrc_reference
val,2017-01-13,0.0655866948230949,0.11274075484774432,phase2_feedback_tfim_qrc_reference
val,2017-01-17,0.0659164777454656,0.11130812809379072,phase2_feedback_tfim_qrc_reference
val,2017-01-18,0.0680083855180375,0.10261222710112998,phase2_feedback_tfim_qrc_reference
val,2017-01-19,0.0667885274963521,0.10822606685753793,phase2_feedback_tfim_qrc_reference
val,2017-01-20,0.0657455530044513,0.10931740209970285,phase2_feedback_tfim_qrc_reference
val,2017-01-23,0.0684186198694198,0.10549242535338008,phase2_feedback_tfim_qrc_reference
val,2017-01-24,0.064625227737822,0.10531216700161401,phase2_feedback_tfim_qrc_reference
val,2017-01-25,0.0569760290030009,0.10723524948158353,phase2_feedback_tfim_qrc_reference
val,2017-01-26,0.0570327370030132,0.10230997895485429,phase2_feedback_tfim_qrc_reference
val,2017-01-27,0.0570294285811928,0.09964627577758697,phase2_feedback_tfim_qrc_reference
val,2017-01-30,0.0534489677696951,0.10289873386145433,phase2_feedback_tfim_qrc_reference
val,2017-01-31,0.0727422945942011,0.1100498597181337,phase2_feedback_tfim_qrc_reference
val,2017-02-01,0.0761076857839418,0.1369527096278605,phase2_feedback_tfim_qrc_reference
val,2017-02-02,0.076104545053493,0.1063251240262423,phase2_feedback_tfim_qrc_reference
val,2017-02-03,0.0728656537722892,0.12965649974475565,phase2_feedback_tfim_qrc_reference
val,2017-02-06,0.0733607484950027,0.1107655191072206,phase2_feedback_tfim_qrc_reference
val,2017-02-07,0.0736566418803921,0.11163685528172418,phase2_feedback_tfim_qrc_reference
val,2017-02-08,0.0736473510813369,0.10446085287805706,phase2_feedback_tfim_qrc_reference
val,2017-02-09,0.0716746417154037,0.11366892834994147,phase2_feedback_tfim_qrc_reference
val,2017-02-10,0.0703207954137103,0.11144284482727508,phase2_feedback_tfim_qrc_reference
val,2017-02-13,0.0689857849403741,0.11139293565430647,phase2_feedback_tfim_qrc_reference
val,2017-02-14,0.074122309397754,0.11106125030874466,phase2_feedback_tfim_qrc_reference
val,2017-02-15,0.0721206254336566,0.10943936430343247,phase2_feedback_tfim_qrc_reference
val,2017-02-16,0.0723267688489525,0.10911280198717144,phase2_feedback_tfim_qrc_reference
val,2017-02-17,0.0722155847343092,0.10564933236803736,phase2_feedback_tfim_qrc_reference
val,2017-02-21,0.0829155425885294,0.10372925442828695,phase2_feedback_tfim_qrc_reference
val,2017-02-22,0.0832745029781551,0.10462008215346241,phase2_feedback_tfim_qrc_reference
val,2017-02-23,0.0833260136112184,0.10454612515756197,phase2_feedback_tfim_qrc_reference
val,2017-02-24,0.0832443466863674,0.11042000324065498,phase2_feedback_tfim_qrc_reference
val,2017-02-27,0.0831395406025906,0.11037660694349004,phase2_feedback_tfim_qrc_reference
val,2017-02-28,0.0865014763468049,0.10563966944088715,phase2_feedback_tfim_qrc_reference
val,2017-03-01,0.0711249595197376,0.12653005354598226,phase2_feedback_tfim_qrc_reference
val,2017-03-02,0.0684339449924795,0.12529185590323028,phase2_feedback_tfim_qrc_reference
val,2017-03-03,0.0688959823155637,0.11330604961789537,phase2_feedback_tfim_qrc_reference
val,2017-03-06,0.0683575383789577,0.11719879010637568,phase2_feedback_tfim_qrc_reference
val,2017-03-07,0.0675657326287267,0.1150191432221242,phase2_feedback_tfim_qrc_reference
val,2017-03-08,0.0680682706382299,0.11764656113845862,phase2_feedback_tfim_qrc_reference
val,2017-03-09,0.0686466888719698,0.11622529634729534,phase2_feedback_tfim_qrc_reference
val,2017-03-10,0.06761119615756,0.10619316938233292,phase2_feedback_tfim_qrc_reference
val,2017-03-13,0.0676204891336303,0.11395932918527395,phase2_feedback_tfim_qrc_reference
val,2017-03-14,0.066371609620777,0.11328086042215985,phase2_feedback_tfim_qrc_reference
val,2017-03-15,0.0609320953390882,0.12205927209016984,phase2_feedback_tfim_qrc_reference
val,2017-03-16,0.0647992555646903,0.11508884537916751,phase2_feedback_tfim_qrc_reference
val,2017-03-17,0.0716968509610786,0.11806542757927901,phase2_feedback_tfim_qrc_reference
val,2017-03-20,0.072372713944509,0.10961131064256786,phase2_feedback_tfim_qrc_reference
val,2017-03-21,0.0563596288998025,0.12279016914347457,phase2_feedback_tfim_qrc_reference
val,2017-03-22,0.0627280860199391,0.12297974818345757,phase2_feedback_tfim_qrc_reference
val,2017-03-23,0.0636305238942006,0.12485439638580519,phase2_feedback_tfim_qrc_reference
val,2017-03-24,0.0744953434940115,0.12467030640014774,phase2_feedback_tfim_qrc_reference
val,2017-03-27,0.0772037144153264,0.11960213838015961,phase2_feedback_tfim_qrc_reference
val,2017-03-28,0.0728219083525273,0.11943113601933437,phase2_feedback_tfim_qrc_reference
val,2017-03-29,0.072807175814075,0.11453278216874693,phase2_feedback_tfim_qrc_reference
val,2017-03-30,0.0723430166231888,0.12173882705347149,phase2_feedback_tfim_qrc_reference
val,2017-03-31,0.0724217411936694,0.12375052796969609,phase2_feedback_tfim_qrc_reference
val,2017-04-03,0.072170176345762,0.11168794763576954,phase2_feedback_tfim_qrc_reference
val,2017-04-04,0.0722636310804897,0.10687387712367735,phase2_feedback_tfim_qrc_reference
val,2017-04-05,0.0716079184903399,0.10487194712609499,phase2_feedback_tfim_qrc_reference
val,2017-04-06,0.0722699188296019,0.1091981653862704,phase2_feedback_tfim_qrc_reference
val,2017-04-07,0.0721816073732671,0.1068955014776299,phase2_feedback_tfim_qrc_reference
val,2017-04-10,0.0722242720860243,0.10779994118159296,phase2_feedback_tfim_qrc_reference
val,2017-04-11,0.0723812872625006,0.11273939121924695,phase2_feedback_tfim_qrc_reference
val,2017-04-12,0.0710549318513453,0.11389327592212918,phase2_feedback_tfim_qrc_reference
val,2017-04-13,0.0674462207725386,0.10627303917100374,phase2_feedback_tfim_qrc_reference
val,2017-04-17,0.0628562323548868,0.1107720294635394,phase2_feedback_tfim_qrc_reference
val,2017-04-18,0.0620396596176293,0.11322793539626175,phase2_feedback_tfim_qrc_reference
val,2017-04-19,0.0885719684919801,0.11032020301070943,phase2_feedback_tfim_qrc_reference
val,2017-04-20,0.0849743592736717,0.11538384149594422,phase2_feedback_tfim_qrc_reference
val,2017-04-21,0.087303274254803,0.12130410213116294,phase2_feedback_tfim_qrc_reference
val,2017-04-24,0.0802353154452337,0.11446089090080014,phase2_feedback_tfim_qrc_reference
val,2017-04-25,0.077942940171342,0.11962315405922913,phase2_feedback_tfim_qrc_reference
val,2017-04-26,0.0783489351252582,0.13002883494081505,phase2_feedback_tfim_qrc_reference
val,2017-04-27,0.0801007027383901,0.12694107969503138,phase2_feedback_tfim_qrc_reference
val,2017-04-28,0.0797287895179443,0.1368761092697037,phase2_feedback_tfim_qrc_reference
val,2017-05-01,0.0792865328809757,0.12619709808321142,phase2_feedback_tfim_qrc_reference
val,2017-05-02,0.0792801576752797,0.12561560639912608,phase2_feedback_tfim_qrc_reference
val,2017-05-03,0.0840073838595419,0.12679320289394785,phase2_feedback_tfim_qrc_reference
val,2017-05-04,0.08472913749017,0.12998503904164246,phase2_feedback_tfim_qrc_reference
val,2017-05-05,0.083614108055507,0.12022069868954981,phase2_feedback_tfim_qrc_reference
val,2017-05-08,0.0843809288147992,0.11233534312093797,phase2_feedback_tfim_qrc_reference
val,2017-05-09,0.0845728647611774,0.11450522475617947,phase2_feedback_tfim_qrc_reference
val,2017-05-10,0.0843507484461664,0.11450258611166053,phase2_feedback_tfim_qrc_reference
val,2017-05-11,0.0842106021617634,0.10835949579453329,phase2_feedback_tfim_qrc_reference
val,2017-05-12,0.0840042582260229,0.11109488156684687,phase2_feedback_tfim_qrc_reference
val,2017-05-15,0.0835117273536037,0.11803386769262486,phase2_feedback_tfim_qrc_reference
val,2017-05-16,0.0835698429901824,0.12824526001224545,phase2_feedback_tfim_qrc_reference
val,2017-05-17,0.054698382330127,0.14285568791050166,phase2_feedback_tfim_qrc_reference
val,2017-05-18,0.0528097153228897,0.15358619148561287,phase2_feedback_tfim_qrc_reference
val,2017-05-19,0.0559046376980208,0.14230473964081972,phase2_feedback_tfim_qrc_reference
val,2017-05-22,0.0581303190725507,0.14687239776545882,phase2_feedback_tfim_qrc_reference
val,2017-05-23,0.0576052122161945,0.15494208458027967,phase2_feedback_tfim_qrc_reference
val,2017-05-24,0.0570307764285078,0.13570541970173478,phase2_feedback_tfim_qrc_reference
val,2017-05-25,0.0546262600887125,0.1225176794327114,phase2_feedback_tfim_qrc_reference
val,2017-05-26,0.0546712160000044,0.13517887949866117,phase2_feedback_tfim_qrc_reference
val,2017-05-30,0.0616750283609071,0.13647494667995871,phase2_feedback_tfim_qrc_reference
val,2017-05-31,0.0693073510888353,0.1645229931368985,phase2_feedback_tfim_qrc_reference
val,2017-06-01,0.0706746481467983,0.16781486063966353,phase2_feedback_tfim_qrc_reference
val,2017-06-02,0.0699962907788606,0.1586003651920437,phase2_feedback_tfim_qrc_reference
val,2017-06-05,0.0702054212406462,0.15620121237245227,phase2_feedback_tfim_qrc_reference
val,2017-06-06,0.0697625624013787,0.15700834510526027,phase2_feedback_tfim_qrc_reference
val,2017-06-07,0.0767274674062064,0.1555765531660828,phase2_feedback_tfim_qrc_reference
val,2017-06-08,0.0800658959756085,0.14609945211063272,phase2_feedback_tfim_qrc_reference
val,2017-06-09,0.079974922282266,0.13344681167205316,phase2_feedback_tfim_qrc_reference
val,2017-06-12,0.0800150905994631,0.1284714103544397,phase2_feedback_tfim_qrc_reference
val,2017-06-13,0.0825158203347015,0.13038512192533258,phase2_feedback_tfim_qrc_reference
val,2017-06-14,0.08260801660779,0.13643533290470494,phase2_feedback_tfim_qrc_reference
val,2017-06-15,0.0839655678480054,0.1496722426570523,phase2_feedback_tfim_qrc_reference
val,2017-06-16,0.0839630948590442,0.13716028135100494,phase2_feedback_tfim_qrc_reference
val,2017-06-19,0.0786591444763703,0.19271306265576965,phase2_feedback_tfim_qrc_reference
val,2017-06-20,0.0773147390573845,0.1463240043569691,phase2_feedback_tfim_qrc_reference
val,2017-06-21,0.0773259405740467,0.12947788208853456,phase2_feedback_tfim_qrc_reference
val,2017-06-22,0.0773738077266727,0.12686131641466508,phase2_feedback_tfim_qrc_reference
val,2017-06-23,0.0772626061452291,0.11171650380035807,phase2_feedback_tfim_qrc_reference
val,2017-06-26,0.0777066560597392,0.12294114564003511,phase2_feedback_tfim_qrc_reference
val,2017-06-27,0.0722077691375067,0.13864404955395326,phase2_feedback_tfim_qrc_reference
val,2017-06-28,0.0649952497895294,0.15946328563782952,phase2_feedback_tfim_qrc_reference
val,2017-06-29,0.0570950593714796,0.1587425809485525,phase2_feedback_tfim_qrc_reference
val,2017-06-30,0.0567466824516957,0.16492228834893866,phase2_feedback_tfim_qrc_reference
val,2017-07-03,0.0569777159959818,0.15250619629253717,phase2_feedback_tfim_qrc_reference
val,2017-07-05,0.05641131250141,0.13963671160575875,phase2_feedback_tfim_qrc_reference
val,2017-07-06,0.0465445206470876,0.12138087145399931,phase2_feedback_tfim_qrc_reference
val,2017-07-07,0.0410078209211343,0.12614546858470138,phase2_feedback_tfim_qrc_reference
val,2017-07-10,0.0413594197747123,0.12396341934697276,phase2_feedback_tfim_qrc_reference
val,2017-07-11,0.0421918421552965,0.12987966255368544,phase2_feedback_tfim_qrc_reference
val,2017-07-12,0.0327706516035473,0.12889902466896683,phase2_feedback_tfim_qrc_reference
val,2017-07-13,0.0598719386347813,0.1353852201840869,phase2_feedback_tfim_qrc_reference
val,2017-07-14,0.0577859972251744,0.13215511340246996,phase2_feedback_tfim_qrc_reference
val,2017-07-17,0.0675652686954061,0.14979489872223936,phase2_feedback_tfim_qrc_reference
val,2017-07-18,0.0675405370352821,0.1291546187698986,phase2_feedback_tfim_qrc_reference
val,2017-07-19,0.0650589879645655,0.11958667206158943,phase2_feedback_tfim_qrc_reference
val,2017-07-20,0.0856818508864992,0.11826301398562639,phase2_feedback_tfim_qrc_reference
val,2017-07-21,0.0858033419415225,0.11383836725621968,phase2_feedback_tfim_qrc_reference
val,2017-07-24,0.0858439007723594,0.10856025959357943,phase2_feedback_tfim_qrc_reference
val,2017-07-25,0.0930511887696547,0.11141646164866621,phase2_feedback_tfim_qrc_reference
val,2017-07-26,0.0939205853830054,0.10927027159850852,phase2_feedback_tfim_qrc_reference
val,2017-07-27,0.0942273521504812,0.11545772158989495,phase2_feedback_tfim_qrc_reference
val,2017-07-28,0.0944988955811563,0.10841739171655447,phase2_feedback_tfim_qrc_reference
val,2017-07-31,0.0944775787460385,0.10463545071371491,phase2_feedback_tfim_qrc_reference
val,2017-08-01,0.0942341293554894,0.10841194504512527,phase2_feedback_tfim_qrc_reference
val,2017-08-02,0.0957002343913496,0.10958622667224953,phase2_feedback_tfim_qrc_reference
val,2017-08-03,0.0977974035442394,0.10487741464534084,phase2_feedback_tfim_qrc_reference
val,2017-08-04,0.0977125815751815,0.10639031827650866,phase2_feedback_tfim_qrc_reference
val,2017-08-07,0.1007910823573544,0.09773701298436431,phase2_feedback_tfim_qrc_reference
val,2017-08-08,0.1011368058629722,0.10504173909715277,phase2_feedback_tfim_qrc_reference
val,2017-08-09,0.1011376259137034,0.0973737528515057,phase2_feedback_tfim_qrc_reference
val,2017-08-10,0.087749554323768,0.0940762247496316,phase2_feedback_tfim_qrc_reference
val,2017-08-11,0.0953453772409338,0.12528290974840334,phase2_feedback_tfim_qrc_reference
val,2017-08-14,0.08948405644886,0.13147417648996215,phase2_feedback_tfim_qrc_reference
val,2017-08-15,0.0894992150696555,0.13602885423003236,phase2_feedback_tfim_qrc_reference
val,2017-08-16,0.0892923678037218,0.13537084596873597,phase2_feedback_tfim_qrc_reference
val,2017-08-17,0.069890365320756,0.1366679430358681,phase2_feedback_tfim_qrc_reference
val,2017-08-18,0.0700764907772075,0.13548657890831886,phase2_feedback_tfim_qrc_reference
val,2017-08-21,0.0701115430776229,0.1641504987789236,phase2_feedback_tfim_qrc_reference
val,2017-08-22,0.0596124583154489,0.16203363853992855,phase2_feedback_tfim_qrc_reference
val,2017-08-23,0.0590065540208773,0.1749548566520599,phase2_feedback_tfim_qrc_reference
val,2017-08-24,0.0584265770772545,0.17153399487684662,phase2_feedback_tfim_qrc_reference
val,2017-08-25,0.0582909610929063,0.1365199647402608,phase2_feedback_tfim_qrc_reference
val,2017-08-28,0.0583299595114204,0.13452920034727298,phase2_feedback_tfim_qrc_reference
val,2017-08-29,0.0598016014861755,0.1453199748975651,phase2_feedback_tfim_qrc_reference
val,2017-08-30,0.0575579587159427,0.1407999939809212,phase2_feedback_tfim_qrc_reference
val,2017-08-31,0.0549069793530787,0.1431191366117119,phase2_feedback_tfim_qrc_reference
val,2017-09-01,0.056795745519645,0.14118192333397625,phase2_feedback_tfim_qrc_reference
val,2017-09-05,0.0512715909176629,0.13152225793198616,phase2_feedback_tfim_qrc_reference
val,2017-09-06,0.050001719103395,0.13753122846154991,phase2_feedback_tfim_qrc_reference
val,2017-09-07,0.0542192794469625,0.13464994401185518,phase2_feedback_tfim_qrc_reference
val,2017-09-08,0.0542097401970874,0.13899996014384983,phase2_feedback_tfim_qrc_reference
val,2017-09-11,0.039432251950129,0.14602594981701608,phase2_feedback_tfim_qrc_reference
val,2017-09-12,0.0387258638892951,0.1645396454247531,phase2_feedback_tfim_qrc_reference
val,2017-09-13,0.0390875953281742,0.17405643351935587,phase2_feedback_tfim_qrc_reference
val,2017-09-14,0.0394281151748403,0.16515431787143064,phase2_feedback_tfim_qrc_reference
val,2017-09-15,0.0393762504049163,0.1832391942896899,phase2_feedback_tfim_qrc_reference
val,2017-09-18,0.038935790487979,0.14878009356953628,phase2_feedback_tfim_qrc_reference
val,2017-09-19,0.0388539486541756,0.12457974722048545,phase2_feedback_tfim_qrc_reference
val,2017-09-20,0.0389879170489563,0.11803743052000934,phase2_feedback_tfim_qrc_reference
val,2017-09-21,0.0378193083730745,0.11519160215138219,phase2_feedback_tfim_qrc_reference
val,2017-09-22,0.0419951857832299,0.12216216579464015,phase2_feedback_tfim_qrc_reference
val,2017-09-25,0.0436137448759262,0.13954679800049094,phase2_feedback_tfim_qrc_reference
val,2017-09-26,0.0440048966856625,0.15573341587515638,phase2_feedback_tfim_qrc_reference
val,2017-09-27,0.0453471700568399,0.15044610859495866,phase2_feedback_tfim_qrc_reference
val,2017-09-28,0.0453792470236582,0.1403706341066898,phase2_feedback_tfim_qrc_reference
val,2017-09-29,0.0523410058420968,0.13928104308729541,phase2_feedback_tfim_qrc_reference
val,2017-10-02,0.0517583582017352,0.126207875241881,phase2_feedback_tfim_qrc_reference
val,2017-10-03,0.0514963111612687,0.12431023551495066,phase2_feedback_tfim_qrc_reference
val,2017-10-04,0.0515379087854328,0.12651202776377515,phase2_feedback_tfim_qrc_reference
val,2017-10-05,0.0470989493288549,0.1211231080089846,phase2_feedback_tfim_qrc_reference
val,2017-10-06,0.0483933515756896,0.11821212912687154,phase2_feedback_tfim_qrc_reference
val,2017-10-09,0.0483492575184525,0.1355354435585625,phase2_feedback_tfim_qrc_reference
val,2017-10-10,0.0475002416814693,0.11904428232841653,phase2_feedback_tfim_qrc_reference
val,2017-10-11,0.0475565426110138,0.11493948590000493,phase2_feedback_tfim_qrc_reference
val,2017-10-12,0.0489902156367739,0.12753278809790308,phase2_feedback_tfim_qrc_reference
val,2017-10-13,0.0488118202737625,0.12207438735383871,phase2_feedback_tfim_qrc_reference
val,2017-10-16,0.0486938309929222,0.11408037373128029,phase2_feedback_tfim_qrc_reference
val,2017-10-17,0.0493250865054071,0.13476699094755992,phase2_feedback_tfim_qrc_reference
val,2017-10-18,0.0523272293334016,0.12426250156456195,phase2_feedback_tfim_qrc_reference
val,2017-10-19,0.0603334718426133,0.11802590288859813,phase2_feedback_tfim_qrc_reference
val,2017-10-20,0.0584418628894793,0.11650491726156233,phase2_feedback_tfim_qrc_reference
val,2017-10-23,0.0571026327650154,0.10218138126749124,phase2_feedback_tfim_qrc_reference
val,2017-10-24,0.0613008743460482,0.10466165767089498,phase2_feedback_tfim_qrc_reference
val,2017-10-25,0.0587995433956501,0.1146669574696712,phase2_feedback_tfim_qrc_reference
val,2017-10-26,0.0591897906417364,0.11779318436380619,phase2_feedback_tfim_qrc_reference
val,2017-10-27,0.0516828219188621,0.11226119672588888,phase2_feedback_tfim_qrc_reference
val,2017-10-30,0.061476797051137,0.1419397917009046,phase2_feedback_tfim_qrc_reference
val,2017-10-31,0.0612660682970931,0.12713651952107746,phase2_feedback_tfim_qrc_reference
val,2017-11-01,0.0684756958249556,0.11116014785915382,phase2_feedback_tfim_qrc_reference
val,2017-11-02,0.0688579489150725,0.1059973596876782,phase2_feedback_tfim_qrc_reference
val,2017-11-03,0.0679699182361767,0.13347056886604983,phase2_feedback_tfim_qrc_reference
val,2017-11-06,0.0689446853286892,0.11126703981754298,phase2_feedback_tfim_qrc_reference
val,2017-11-07,0.0689037383400143,0.10971444858695795,phase2_feedback_tfim_qrc_reference
val,2017-11-08,0.0695427420782348,0.1073650930055068,phase2_feedback_tfim_qrc_reference
val,2017-11-09,0.0710099395174239,0.10431284084762654,phase2_feedback_tfim_qrc_reference
val,2017-11-10,0.07180007629085,0.09836663383202886,phase2_feedback_tfim_qrc_reference
val,2017-11-13,0.0719968902983795,0.1049802561023042,phase2_feedback_tfim_qrc_reference
val,2017-11-14,0.0715233018137691,0.11083985809837929,phase2_feedback_tfim_qrc_reference
val,2017-11-15,0.0707784238407886,0.10071619858297809,phase2_feedback_tfim_qrc_reference
val,2017-11-16,0.0705227683432434,0.10603631664924262,phase2_feedback_tfim_qrc_reference
val,2017-11-17,0.0732653991043234,0.11079155531164109,phase2_feedback_tfim_qrc_reference
val,2017-11-20,0.0742818207059793,0.10967410490600864,phase2_feedback_tfim_qrc_reference
val,2017-11-21,0.0706068101443658,0.11971388530437153,phase2_feedback_tfim_qrc_reference
val,2017-11-22,0.0709139864333017,0.11563506295012174,phase2_feedback_tfim_qrc_reference
val,2017-11-24,0.0704456191386102,0.11781495423789341,phase2_feedback_tfim_qrc_reference
val,2017-11-27,0.0705513537539959,0.11578306825592707,phase2_feedback_tfim_qrc_reference
val,2017-11-28,0.0608005002837555,0.11325772740746784,phase2_feedback_tfim_qrc_reference
val,2017-11-29,0.0611984014118504,0.11663000223820413,phase2_feedback_tfim_qrc_reference
val,2017-11-30,0.0544758812708877,0.12610479985025155,phase2_feedback_tfim_qrc_reference
val,2017-12-01,0.0596161254472319,0.11885403872754807,phase2_feedback_tfim_qrc_reference
val,2017-12-04,0.0635337953313288,0.11895495346771834,phase2_feedback_tfim_qrc_reference
val,2017-12-05,0.0639988248735903,0.13314326723252948,phase2_feedback_tfim_qrc_reference
val,2017-12-06,0.0681996483220027,0.12864539675221193,phase2_feedback_tfim_qrc_reference
val,2017-12-07,0.0675898314814649,0.13160671664948315,phase2_feedback_tfim_qrc_reference
val,2017-12-08,0.0652697149084503,0.12463246197938205,phase2_feedback_tfim_qrc_reference
val,2017-12-11,0.0646190965293379,0.11952540611513662,phase2_feedback_tfim_qrc_reference
val,2017-12-12,0.0692989730122535,0.11803952941024613,phase2_feedback_tfim_qrc_reference
val,2017-12-13,0.0730351858575198,0.1202963977017458,phase2_feedback_tfim_qrc_reference
val,2017-12-14,0.0725990984457164,0.12290588671270865,phase2_feedback_tfim_qrc_reference
val,2017-12-15,0.0744162898544685,0.1267734828782107,phase2_feedback_tfim_qrc_reference
val,2017-12-18,0.0712036048625274,0.12398098445382677,phase2_feedback_tfim_qrc_reference
val,2017-12-19,0.0717147391502094,0.12111842820292403,phase2_feedback_tfim_qrc_reference
val,2017-12-20,0.077238797662157,0.12120645787419973,phase2_feedback_tfim_qrc_reference
val,2017-12-21,0.0772600323761098,0.1206799655802995,phase2_feedback_tfim_qrc_reference
val,2017-12-22,0.0772667328774213,0.13915919646397706,phase2_feedback_tfim_qrc_reference
val,2017-12-26,0.0771644690255284,0.1220438733782685,phase2_feedback_tfim_qrc_reference
val,2017-12-27,0.0872984717390561,0.1205167000937375,phase2_feedback_tfim_qrc_reference
val,2017-12-28,0.0901406899665135,0.11638115078794954,phase2_feedback_tfim_qrc_reference
val,2017-12-29,0.0963582636871053,0.12245700636559273,phase2_feedback_tfim_qrc_reference
val,2018-01-02,0.0929901417765158,0.13349690659157354,phase2_feedback_tfim_qrc_reference
val,2018-01-03,0.090346522381998,0.13598416244179598,phase2_feedback_tfim_qrc_reference
val,2018-01-04,0.1185066222127413,0.11969870465364607,phase2_feedback_tfim_qrc_reference
val,2018-01-05,0.1910112974953351,0.12367021860255335,phase2_feedback_tfim_qrc_reference
val,2018-01-08,0.2030753067747722,0.12295453709206118,phase2_feedback_tfim_qrc_reference
val,2018-01-09,0.203833258902823,0.12640453205145272,phase2_feedback_tfim_qrc_reference
val,2018-01-10,0.2448139744047472,0.13494380169154438,phase2_feedback_tfim_qrc_reference
val,2018-01-11,0.2491364533170054,0.1318648900042221,phase2_feedback_tfim_qrc_reference
val,2018-01-12,0.2534058850443693,0.12308912140807579,phase2_feedback_tfim_qrc_reference
val,2018-01-16,0.2532678275948083,0.1333734869804417,phase2_feedback_tfim_qrc_reference
val,2018-01-17,0.2554899926184683,0.14260247903623602,phase2_feedback_tfim_qrc_reference
val,2018-01-18,0.2593551533527689,0.14061093064850197,phase2_feedback_tfim_qrc_reference
val,2018-01-19,0.2588562262699553,0.15211293168755857,phase2_feedback_tfim_qrc_reference
val,2018-01-22,0.2582195206956675,0.13462451279787083,phase2_feedback_tfim_qrc_reference
val,2018-01-23,0.2587160386940741,0.13143992775698157,phase2_feedback_tfim_qrc_reference
val,2018-01-24,0.2587532057496852,0.13232295659481816,phase2_feedback_tfim_qrc_reference
val,2018-01-25,0.2647678298624609,0.13913449799539576,phase2_feedback_tfim_qrc_reference
val,2018-01-26,0.2647863648842571,0.13259524767431016,phase2_feedback_tfim_qrc_reference
val,2018-01-29,0.2674763872671464,0.14196572749128494,phase2_feedback_tfim_qrc_reference
val,2018-01-30,0.2674144716858734,0.15667726752206906,phase2_feedback_tfim_qrc_reference
val,2018-01-31,0.2724163196241236,0.1461721594471789,phase2_feedback_tfim_qrc_reference
val,2018-02-01,0.2729972981884347,0.14420627606473627,phase2_feedback_tfim_qrc_reference
val,2018-02-02,0.2647398705505739,0.14602785712896352,phase2_feedback_tfim_qrc_reference
val,2018-02-05,0.2171881033841662,0.13911944703549736,phase2_feedback_tfim_qrc_reference
val,2018-02-06,0.2058544184132595,0.13870494936561653,phase2_feedback_tfim_qrc_reference
val,2018-02-07,0.205661973850684,0.19178481554464497,phase2_feedback_tfim_qrc_reference
val,2018-02-08,0.1662282174279896,0.22670446821655835,phase2_feedback_tfim_qrc_reference
val,2018-02-09,0.157641037717191,0.2101294516618736,phase2_feedback_tfim_qrc_reference
val,2018-02-12,0.1506747987419086,0.2096051529087234,phase2_feedback_tfim_qrc_reference
val,2018-02-13,0.1515209436338013,0.26397602340437776,phase2_feedback_tfim_qrc_reference
val,2018-02-14,0.1439064637341202,0.20175343996581854,phase2_feedback_tfim_qrc_reference
val,2018-02-15,0.1367415095350424,0.19086536942299157,phase2_feedback_tfim_qrc_reference
val,2018-02-16,0.1450361209456293,0.1719344347908383,phase2_feedback_tfim_qrc_reference
val,2018-02-20,0.1434391632877571,0.18778957517833492,phase2_feedback_tfim_qrc_reference
val,2018-02-21,0.1425061152502524,0.17050051579072723,phase2_feedback_tfim_qrc_reference
val,2018-02-22,0.1684088966846286,0.15084880352746047,phase2_feedback_tfim_qrc_reference
val,2018-02-23,0.1762365078408192,0.15657923069894197,phase2_feedback_tfim_qrc_reference
val,2018-02-26,0.1963659353619825,0.14723859498686145,phase2_feedback_tfim_qrc_reference
val,2018-02-27,0.2006980282344262,0.16126016149502087,phase2_feedback_tfim_qrc_reference
val,2018-02-28,0.1976962490020116,0.16362614799446337,phase2_feedback_tfim_qrc_reference
val,2018-03-01,0.1959889749286524,0.20612348093473543,phase2_feedback_tfim_qrc_reference
val,2018-03-02,0.2099479696761148,0.15372201438677546,phase2_feedback_tfim_qrc_reference
val,2018-03-05,0.2108503378642217,0.12177020476521337,phase2_feedback_tfim_qrc_reference
val,2018-03-06,0.2140190676189896,0.1330315406203419,phase2_feedback_tfim_qrc_reference
val,2018-03-07,0.2158265101847633,0.10569757899497373,phase2_feedback_tfim_qrc_reference
val,2018-03-08,0.2295378360199728,0.11251838563127702,phase2_feedback_tfim_qrc_reference
val,2018-03-09,0.2219047928956941,0.16614578183543305,phase2_feedback_tfim_qrc_reference
val,2018-03-12,0.2288178333774904,0.19264145452693632,phase2_feedback_tfim_qrc_reference
val,2018-03-13,0.2284205946619033,0.17736513708213142,phase2_feedback_tfim_qrc_reference
val,2018-03-14,0.2295393595834959,0.19232332206756006,phase2_feedback_tfim_qrc_reference
val,2018-03-15,0.2297434191732215,0.1344570296078116,phase2_feedback_tfim_qrc_reference
val,2018-03-16,0.2315426902744098,0.13816533436212708,phase2_feedback_tfim_qrc_reference
val,2018-03-19,0.2295659156714897,0.1550257763907724,phase2_feedback_tfim_qrc_reference
val,2018-03-20,0.2295017046230124,0.12461509929395997,phase2_feedback_tfim_qrc_reference
val,2018-03-21,0.2302487174976303,0.14660389579521874,phase2_feedback_tfim_qrc_reference
val,2018-03-22,0.2141340926871895,0.17184093280407156,phase2_feedback_tfim_qrc_reference
val,2018-03-23,0.2000122567359115,0.16558696461295516,phase2_feedback_tfim_qrc_reference
val,2018-03-26,0.1820485715681989,0.14902027142410423,phase2_feedback_tfim_qrc_reference
val,2018-03-27,0.1717819084805562,0.14119317501214662,phase2_feedback_tfim_qrc_reference
val,2018-03-28,0.1751790075671419,0.16532551767415005,phase2_feedback_tfim_qrc_reference
val,2018-03-29,0.1693152304543501,0.14965235007051336,phase2_feedback_tfim_qrc_reference
val,2018-04-02,0.1530327163436691,0.19419462367173967,phase2_feedback_tfim_qrc_reference
val,2018-04-03,0.1463389898238656,0.28207473432371766,phase2_feedback_tfim_qrc_reference
val,2018-04-04,0.1433890535573264,0.1771351886205273,phase2_feedback_tfim_qrc_reference
val,2018-04-05,0.1408657072365079,0.23870209302070597,phase2_feedback_tfim_qrc_reference
val,2018-04-06,0.1246110838893285,0.2792466664989244,phase2_feedback_tfim_qrc_reference
val,2018-04-09,0.1239643098174825,0.23919243992342995,phase2_feedback_tfim_qrc_reference
val,2018-04-10,0.1105957538037937,0.26230991531071557,phase2_feedback_tfim_qrc_reference
val,2018-04-11,0.1142333340764707,0.2878683325646595,phase2_feedback_tfim_qrc_reference
val,2018-04-12,0.1153031217295763,0.21275405945778497,phase2_feedback_tfim_qrc_reference
val,2018-04-13,0.1153390048806097,0.24643708792786304,phase2_feedback_tfim_qrc_reference
val,2018-04-16,0.11162965394164,0.24277765116219568,phase2_feedback_tfim_qrc_reference
val,2018-04-17,0.1078707086383973,0.22892994405800474,phase2_feedback_tfim_qrc_reference
val,2018-04-18,0.1088625200679495,0.1885075026947002,phase2_feedback_tfim_qrc_reference
val,2018-04-19,0.1070986102214384,0.1949094151712768,phase2_feedback_tfim_qrc_reference
val,2018-04-20,0.103128145045221,0.22164676175263034,phase2_feedback_tfim_qrc_reference
val,2018-04-23,0.1064991740517037,0.20849890760864398,phase2_feedback_tfim_qrc_reference
val,2018-04-24,0.0955155968289738,0.22519638646558415,phase2_feedback_tfim_qrc_reference
val,2018-04-25,0.0956114355275591,0.2158018934915216,phase2_feedback_tfim_qrc_reference
val,2018-04-26,0.0889131140512739,0.22516364041157122,phase2_feedback_tfim_qrc_reference
val,2018-04-27,0.0892533392248346,0.2354033645701991,phase2_feedback_tfim_qrc_reference
val,2018-04-30,0.0943459133117746,0.1930707855769315,phase2_feedback_tfim_qrc_reference
val,2018-05-01,0.1052409035035223,0.14579162363816975,phase2_feedback_tfim_qrc_reference
val,2018-05-02,0.1047809220116972,0.15875570348196183,phase2_feedback_tfim_qrc_reference
val,2018-05-03,0.1100924432309449,0.1584787450250375,phase2_feedback_tfim_qrc_reference
val,2018-05-04,0.1015802331605271,0.17126952665264844,phase2_feedback_tfim_qrc_reference
val,2018-05-07,0.1009032286265733,0.12859044569764472,phase2_feedback_tfim_qrc_reference
val,2018-05-08,0.1051424698849083,0.1392668651231452,phase2_feedback_tfim_qrc_reference
val,2018-05-09,0.0994442871554945,0.14077583727453358,phase2_feedback_tfim_qrc_reference
val,2018-05-10,0.09438004842818,0.13760217219400314,phase2_feedback_tfim_qrc_reference
val,2018-05-11,0.0938768950418695,0.15134711173464868,phase2_feedback_tfim_qrc_reference
val,2018-05-14,0.0939735997805674,0.13897631092297105,phase2_feedback_tfim_qrc_reference
val,2018-05-15,0.0914223390221922,0.1330539975502162,phase2_feedback_tfim_qrc_reference
val,2018-05-16,0.0906414256600899,0.14291953558168913,phase2_feedback_tfim_qrc_reference
val,2018-05-17,0.090705312902038,0.1532323429040331,phase2_feedback_tfim_qrc_reference
val,2018-05-18,0.0905645525630634,0.16143172419588478,phase2_feedback_tfim_qrc_reference
val,2018-05-21,0.0876401839867588,0.16850262379246936,phase2_feedback_tfim_qrc_reference
val,2018-05-22,0.0872911578283243,0.16839214494997945,phase2_feedback_tfim_qrc_reference
val,2018-05-23,0.08957066724959,0.1708822438114929,phase2_feedback_tfim_qrc_reference
val,2018-05-24,0.0895082231678339,0.1689567338294411,phase2_feedback_tfim_qrc_reference
val,2018-05-25,0.101523839992225,0.1673388952471976,phase2_feedback_tfim_qrc_reference
val,2018-05-29,0.093181267664095,0.15642699824740222,phase2_feedback_tfim_qrc_reference
val,2018-05-30,0.0856765366321679,0.18312535044969894,phase2_feedback_tfim_qrc_reference
val,2018-05-31,0.0852892885742378,0.1693070399489703,phase2_feedback_tfim_qrc_reference
val,2018-06-01,0.0780877296965117,0.15262952454545828,phase2_feedback_tfim_qrc_reference
val,2018-06-04,0.07662904289682,0.15649501082809325,phase2_feedback_tfim_qrc_reference
val,2018-06-05,0.0776079340010715,0.14472847050593882,phase2_feedback_tfim_qrc_reference
val,2018-06-06,0.0773385144867126,0.1330605862931599,phase2_feedback_tfim_qrc_reference
val,2018-06-07,0.0829153469911078,0.14615257044921123,phase2_feedback_tfim_qrc_reference
val,2018-06-08,0.0881905814824425,0.13226487321049324,phase2_feedback_tfim_qrc_reference
val,2018-06-11,0.0889826136162444,0.14342705787914475,phase2_feedback_tfim_qrc_reference
val,2018-06-12,0.0926065777605482,0.15163800907140768,phase2_feedback_tfim_qrc_reference
val,2018-06-13,0.0973320534034647,0.12857163748950126,phase2_feedback_tfim_qrc_reference
val,2018-06-14,0.0969621329958796,0.1280525699096623,phase2_feedback_tfim_qrc_reference
val,2018-06-15,0.0969079456518802,0.13417461141654252,phase2_feedback_tfim_qrc_reference
val,2018-06-18,0.0976886107124202,0.13524561144667904,phase2_feedback_tfim_qrc_reference
val,2018-06-19,0.097020132827924,0.1366688192799539,phase2_feedback_tfim_qrc_reference
val,2018-06-20,0.0977557292508337,0.13174091551998388,phase2_feedback_tfim_qrc_reference
val,2018-06-21,0.0952596196350494,0.1272817154111862,phase2_feedback_tfim_qrc_reference
val,2018-06-22,0.0952683884889099,0.11243019636384224,phase2_feedback_tfim_qrc_reference
val,2018-06-25,0.0838240692840036,0.10747157498045574,phase2_feedback_tfim_qrc_reference
val,2018-06-26,0.0887258172704715,0.12276730940857286,phase2_feedback_tfim_qrc_reference
val,2018-06-27,0.0840870847357321,0.11733450817344912,phase2_feedback_tfim_qrc_reference
val,2018-06-28,0.0851093602759531,0.13002421635030148,phase2_feedback_tfim_qrc_reference
val,2018-06-29,0.0869661982291741,0.17627981736702292,phase2_feedback_tfim_qrc_reference
val,2018-07-02,0.0883761649755435,0.12016811257539832,phase2_feedback_tfim_qrc_reference
val,2018-07-03,0.0876808858124762,0.11881813194088886,phase2_feedback_tfim_qrc_reference
val,2018-07-05,0.0850183300706251,0.13946328488249743,phase2_feedback_tfim_qrc_reference
val,2018-07-06,0.0810222734743933,0.11827855016707577,phase2_feedback_tfim_qrc_reference
val,2018-07-09,0.0756372186467039,0.11437299299702337,phase2_feedback_tfim_qrc_reference
val,2018-07-10,0.0754676634724793,0.1334744848488105,phase2_feedback_tfim_qrc_reference
val,2018-07-11,0.0708413680589724,0.14497372041539724,phase2_feedback_tfim_qrc_reference
val,2018-07-12,0.0633701262328388,0.15305717311730463,phase2_feedback_tfim_qrc_reference
val,2018-07-13,0.0676566447373092,0.1660804851244788,phase2_feedback_tfim_qrc_reference
val,2018-07-16,0.0688808387616917,0.15619237312452763,phase2_feedback_tfim_qrc_reference
val,2018-07-17,0.0710563114563152,0.1325912916305683,phase2_feedback_tfim_qrc_reference
val,2018-07-18,0.0755069411713543,0.12188298010432315,phase2_feedback_tfim_qrc_reference
val,2018-07-19,0.0796223218780914,0.1230223815178792,phase2_feedback_tfim_qrc_reference
val,2018-07-20,0.080491331577788,0.12373631981493244,phase2_feedback_tfim_qrc_reference
val,2018-07-23,0.0805788179506574,0.1344367819974048,phase2_feedback_tfim_qrc_reference
val,2018-07-24,0.0790228167397613,0.14568088269728402,phase2_feedback_tfim_qrc_reference
val,2018-07-25,0.0730864808741671,0.17055025998988688,phase2_feedback_tfim_qrc_reference
val,2018-07-26,0.0727570673986915,0.14698895401990733,phase2_feedback_tfim_qrc_reference
val,2018-07-27,0.0718658345224251,0.1591531941691607,phase2_feedback_tfim_qrc_reference
val,2018-07-30,0.0748223723444592,0.13204084916246434,phase2_feedback_tfim_qrc_reference
val,2018-07-31,0.0727780328352071,0.1327382092001253,phase2_feedback_tfim_qrc_reference
val,2018-08-01,0.0749949524754365,0.13144069629095909,phase2_feedback_tfim_qrc_reference
val,2018-08-02,0.073889526601045,0.11218325136268432,phase2_feedback_tfim_qrc_reference
val,2018-08-03,0.0723140923902376,0.11551354010030343,phase2_feedback_tfim_qrc_reference
val,2018-08-06,0.0713999164358736,0.11807400592628081,phase2_feedback_tfim_qrc_reference
val,2018-08-07,0.0710811050594594,0.12110939430618016,phase2_feedback_tfim_qrc_reference
val,2018-08-08,0.0718664761606956,0.12428839028117472,phase2_feedback_tfim_qrc_reference
val,2018-08-09,0.0720341786105283,0.12516290651341266,phase2_feedback_tfim_qrc_reference
val,2018-08-10,0.0682456896297145,0.12415865286335484,phase2_feedback_tfim_qrc_reference
val,2018-08-13,0.0679470340548598,0.11931476873148189,phase2_feedback_tfim_qrc_reference
val,2018-08-14,0.064091942359234,0.12653896101081064,phase2_feedback_tfim_qrc_reference
val,2018-08-15,0.0619514896283724,0.12776321651532666,phase2_feedback_tfim_qrc_reference
val,2018-08-16,0.0549549855513279,0.12768422214606365,phase2_feedback_tfim_qrc_reference
val,2018-08-17,0.0567406676234748,0.13757554969951066,phase2_feedback_tfim_qrc_reference
val,2018-08-20,0.0594213947103082,0.13135269553877044,phase2_feedback_tfim_qrc_reference
val,2018-08-21,0.0589580452865707,0.12344363424920955,phase2_feedback_tfim_qrc_reference
val,2018-08-22,0.0655169461096959,0.11867648998096823,phase2_feedback_tfim_qrc_reference
val,2018-08-23,0.0654277367061086,0.11613770964775133,phase2_feedback_tfim_qrc_reference
val,2018-08-24,0.0629812496455645,0.10693994892511001,phase2_feedback_tfim_qrc_reference
val,2018-08-27,0.0565527915136113,0.11555964217854198,phase2_feedback_tfim_qrc_reference
val,2018-08-28,0.0575188994733997,0.10891851745012589,phase2_feedback_tfim_qrc_reference
val,2018-08-29,0.0551696145844239,0.11463989043626754,phase2_feedback_tfim_qrc_reference
val,2018-08-30,0.0532587153817093,0.12382197488538305,phase2_feedback_tfim_qrc_reference
val,2018-08-31,0.0546628315446969,0.11845343088304384,phase2_feedback_tfim_qrc_reference
val,2018-09-04,0.0543586869177591,0.11923417115280895,phase2_feedback_tfim_qrc_reference
val,2018-09-05,0.0535454845005021,0.11481925571723084,phase2_feedback_tfim_qrc_reference
val,2018-09-06,0.0594001259032089,0.12044058375616674,phase2_feedback_tfim_qrc_reference
val,2018-09-07,0.0622703557448844,0.10997787953746394,phase2_feedback_tfim_qrc_reference
val,2018-09-10,0.0619643826660606,0.10939102168247697,phase2_feedback_tfim_qrc_reference
val,2018-09-11,0.0610728795472019,0.1168450280791646,phase2_feedback_tfim_qrc_reference
val,2018-09-12,0.1295122738976825,0.1085090069748642,phase2_feedback_tfim_qrc_reference
val,2018-09-13,0.1502862320069511,0.1054577980871912,phase2_feedback_tfim_qrc_reference
val,2018-09-14,0.1580592124462908,0.10341093775396128,phase2_feedback_tfim_qrc_reference
val,2018-09-17,0.1582005236329527,0.10505828413004835,phase2_feedback_tfim_qrc_reference
val,2018-09-18,0.1747957196020606,0.10558113779315441,phase2_feedback_tfim_qrc_reference
val,2018-09-19,0.1747559644523187,0.11711621104518875,phase2_feedback_tfim_qrc_reference
val,2018-09-20,0.1799578866046567,0.10527457187845571,phase2_feedback_tfim_qrc_reference
val,2018-09-21,0.179938852008579,0.10732596989039128,phase2_feedback_tfim_qrc_reference
val,2018-09-24,0.1802595887120209,0.10944775578986149,phase2_feedback_tfim_qrc_reference
val,2018-09-25,0.1811376602808596,0.11506200185530781,phase2_feedback_tfim_qrc_reference
val,2018-09-26,0.2112461542962432,0.10876889629625787,phase2_feedback_tfim_qrc_reference
val,2018-09-27,0.220251423264821,0.11554130901892756,phase2_feedback_tfim_qrc_reference
val,2018-09-28,0.22907989032204,0.10410195911228776,phase2_feedback_tfim_qrc_reference
val,2018-10-01,0.2295974295940455,0.1037612015904852,phase2_feedback_tfim_qrc_reference
val,2018-10-02,0.2354508168733298,0.1031257829780959,phase2_feedback_tfim_qrc_reference
val,2018-10-03,0.2384440518005149,0.09975343590598947,phase2_feedback_tfim_qrc_reference
val,2018-10-04,0.239774285129193,0.09786052999404368,phase2_feedback_tfim_qrc_reference
val,2018-10-05,0.2398739116469192,0.10893453744470387,phase2_feedback_tfim_qrc_reference
val,2018-10-08,0.2406676442118544,0.11377907330028947,phase2_feedback_tfim_qrc_reference
val,2018-10-09,0.2416513952906652,0.12668317696552192,phase2_feedback_tfim_qrc_reference
val,2018-10-10,0.2258425013993605,0.12404787099532356,phase2_feedback_tfim_qrc_reference
val,2018-10-11,0.2116500171364739,0.1319284280908349,phase2_feedback_tfim_qrc_reference
val,2018-10-12,0.208836523793762,0.1532048213809017,phase2_feedback_tfim_qrc_reference
val,2018-10-15,0.2183934616290203,0.19635616639811937,phase2_feedback_tfim_qrc_reference
val,2018-10-16,0.2045599994943227,0.19738737179734672,phase2_feedback_tfim_qrc_reference
val,2018-10-17,0.2060034061013682,0.22549383292535305,phase2_feedback_tfim_qrc_reference
val,2018-10-18,0.2028043779918169,0.21636545934496682,phase2_feedback_tfim_qrc_reference
val,2018-10-19,0.2030046689465094,0.2199115941094244,phase2_feedback_tfim_qrc_reference
val,2018-10-22,0.2112407657268636,0.22136880785597984,phase2_feedback_tfim_qrc_reference
val,2018-10-23,0.2206602582329888,0.1653896745964749,phase2_feedback_tfim_qrc_reference
val,2018-10-24,0.1921185790183191,0.19492343874579837,phase2_feedback_tfim_qrc_reference
val,2018-10-25,0.1830069166384373,0.1831965425231224,phase2_feedback_tfim_qrc_reference
val,2018-10-26,0.1809869498458257,0.23472123242738255,phase2_feedback_tfim_qrc_reference
val,2018-10-29,0.1803038618189168,0.21149898990238963,phase2_feedback_tfim_qrc_reference
val,2018-10-30,0.1905590138632324,0.21216374707732855,phase2_feedback_tfim_qrc_reference
val,2018-10-31,0.1869512810316343,0.16372801228252626,phase2_feedback_tfim_qrc_reference
val,2018-11-01,0.1844023526332648,0.1388498311334258,phase2_feedback_tfim_qrc_reference
val,2018-11-02,0.1890498976603113,0.1813222505271751,phase2_feedback_tfim_qrc_reference
val,2018-11-05,0.2214253726554506,0.1301150069305578,phase2_feedback_tfim_qrc_reference
val,2018-11-06,0.2203562883713659,0.10042175935552546,phase2_feedback_tfim_qrc_reference
val,2018-11-07,0.2233103493882641,0.125754871486062,phase2_feedback_tfim_qrc_reference
val,2018-11-08,0.2233186045874371,0.10727279948991335,phase2_feedback_tfim_qrc_reference
val,2018-11-09,0.2205850163684906,0.10679913517467855,phase2_feedback_tfim_qrc_reference
val,2018-11-12,0.2109331805681212,0.1086322143922828,phase2_feedback_tfim_qrc_reference
val,2018-11-13,0.2108318390399713,0.1359622756898089,phase2_feedback_tfim_qrc_reference
val,2018-11-14,0.2196216617095678,0.14675988439571672,phase2_feedback_tfim_qrc_reference
val,2018-11-15,0.2276439183975895,0.16092044308857378,phase2_feedback_tfim_qrc_reference
val,2018-11-16,0.2274904865415369,0.16033969291344094,phase2_feedback_tfim_qrc_reference
val,2018-11-19,0.2257297219523549,0.13443867556759198,phase2_feedback_tfim_qrc_reference
val,2018-11-20,0.2234978158392349,0.14545803027800858,phase2_feedback_tfim_qrc_reference
val,2018-11-21,0.2349569828616767,0.13145627058826953,phase2_feedback_tfim_qrc_reference
val,2018-11-23,0.2523369350964627,0.1389610120354928,phase2_feedback_tfim_qrc_reference
val,2018-11-26,0.3017506242059964,0.1514328799301446,phase2_feedback_tfim_qrc_reference
val,2018-11-27,0.3027347624637063,0.14675465326301196,phase2_feedback_tfim_qrc_reference
val,2018-11-28,0.2917870663083153,0.16561895660973183,phase2_feedback_tfim_qrc_reference
val,2018-11-29,0.2933217103491671,0.14616590510547658,phase2_feedback_tfim_qrc_reference
val,2018-11-30,0.292550687806921,0.16104049664042802,phase2_feedback_tfim_qrc_reference
val,2018-12-03,0.3012562206393623,0.16020331784817865,phase2_feedback_tfim_qrc_reference
val,2018-12-04,0.3012671542889019,0.1832330403715869,phase2_feedback_tfim_qrc_reference
val,2018-12-06,0.3025062108812328,0.2306859675223985,phase2_feedback_tfim_qrc_reference
val,2018-12-07,0.292656040745483,0.25183142838456307,phase2_feedback_tfim_qrc_reference
val,2018-12-10,0.2930464826401556,0.2496157587338313,phase2_feedback_tfim_qrc_reference
val,2018-12-11,0.2933118138875255,0.2276118056180663,phase2_feedback_tfim_qrc_reference
val,2018-12-12,0.2927727179544964,0.2418238064068092,phase2_feedback_tfim_qrc_reference
val,2018-12-13,0.2935749241214261,0.20397084240040309,phase2_feedback_tfim_qrc_reference
val,2018-12-14,0.2888699877332136,0.19498690397658458,phase2_feedback_tfim_qrc_reference
val,2018-12-17,0.2803089920637748,0.18897920255938386,phase2_feedback_tfim_qrc_reference
val,2018-12-18,0.2815630056213254,0.2150243983587859,phase2_feedback_tfim_qrc_reference
val,2018-12-19,0.2803779861358968,0.24592227041754167,phase2_feedback_tfim_qrc_reference
val,2018-12-20,0.2784769806885131,0.2110232245894087,phase2_feedback_tfim_qrc_reference
val,2018-12-21,0.2687101396735368,0.20968224855254,phase2_feedback_tfim_qrc_reference
val,2018-12-24,0.2513438245914903,0.2336249653250827,phase2_feedback_tfim_qrc_reference
val,2018-12-26,0.182912376292028,0.2209952672376042,phase2_feedback_tfim_qrc_reference
val,2018-12-27,0.1829022500994006,0.2457122595078527,phase2_feedback_tfim_qrc_reference
val,2018-12-28,0.1829056067503273,0.23685436125739726,phase2_feedback_tfim_qrc_reference
val,2018-12-31,0.1886920640576236,0.2651861901101212,phase2_feedback_tfim_qrc_reference
val,2019-01-02,0.1911923141732583,0.24416777649770563,phase2_feedback_tfim_qrc_reference
val,2019-01-03,0.1709025717297939,0.2599789854012571,phase2_feedback_tfim_qrc_reference
val,2019-01-04,0.1270812103350005,0.26208373974994126,phase2_feedback_tfim_qrc_reference
val,2019-01-07,0.1248718587115342,0.23382882752133996,phase2_feedback_tfim_qrc_reference
val,2019-01-08,0.1204700510366644,0.17798378194841347,phase2_feedback_tfim_qrc_reference
val,2019-01-09,0.1240770207429064,0.14525446425078103,phase2_feedback_tfim_qrc_reference
val,2019-01-10,0.1235219040797644,0.15861259149443324,phase2_feedback_tfim_qrc_reference
val,2019-01-11,0.1235299851958312,0.16920254025887077,phase2_feedback_tfim_qrc_reference
val,2019-01-14,0.1297880594679583,0.16115285184292547,phase2_feedback_tfim_qrc_reference
val,2019-01-15,0.1238591262431151,0.16967354582047384,phase2_feedback_tfim_qrc_reference
val,2019-01-16,0.123812818020482,0.17999467042229847,phase2_feedback_tfim_qrc_reference
val,2019-01-17,0.1268461616454296,0.14952060672718626,phase2_feedback_tfim_qrc_reference
val,2019-01-18,0.1180032119389208,0.16072623686974546,phase2_feedback_tfim_qrc_reference
val,2019-01-22,0.1079091211431212,0.17362930128261245,phase2_feedback_tfim_qrc_reference
val,2019-01-23,0.1083937753214105,0.17497731863659574,phase2_feedback_tfim_qrc_reference
val,2019-01-24,0.1105756123136966,0.21162494756410627,phase2_feedback_tfim_qrc_reference
val,2019-01-25,0.106563448843709,0.19518962815765561,phase2_feedback_tfim_qrc_reference
val,2019-01-28,0.1030965018494206,0.20492837552888263,phase2_feedback_tfim_qrc_reference
val,2019-01-29,0.1029999516279793,0.18847494980046017,phase2_feedback_tfim_qrc_reference
val,2019-01-30,0.0868579936619428,0.18621429068821924,phase2_feedback_tfim_qrc_reference
val,2019-01-31,0.0840777733467484,0.18903381003543723,phase2_feedback_tfim_qrc_reference
val,2019-02-01,0.085049838489263,0.17782344165789432,phase2_feedback_tfim_qrc_reference
val,2019-02-04,0.0814710165479689,0.2250772969228424,phase2_feedback_tfim_qrc_reference
val,2019-02-05,0.0829582876254437,0.1811019216070873,phase2_feedback_tfim_qrc_reference
val,2019-02-06,0.0880303801851065,0.19276520823899557,phase2_feedback_tfim_qrc_reference
val,2019-02-07,0.0815096921578475,0.16810530582526292,phase2_feedback_tfim_qrc_reference
val,2019-02-08,0.096107514769983,0.1501313134997507,phase2_feedback_tfim_qrc_reference
val,2019-02-11,0.0970119006226869,0.15143133331787276,phase2_feedback_tfim_qrc_reference
val,2019-02-12,0.0888967076431421,0.14527887755806,phase2_feedback_tfim_qrc_reference
val,2019-02-13,0.088178182711886,0.1624698643827651,phase2_feedback_tfim_qrc_reference
val,2019-02-14,0.0895509035294012,0.15581033592445365,phase2_feedback_tfim_qrc_reference
val,2019-02-15,0.0818799516040375,0.1680748524761682,phase2_feedback_tfim_qrc_reference
val,2019-02-19,0.0816543225390052,0.1626309541740824,phase2_feedback_tfim_qrc_reference
val,2019-02-20,0.0820416190812086,0.1782087744511568,phase2_feedback_tfim_qrc_reference
val,2019-02-21,0.0903342867139516,0.21174157551595776,phase2_feedback_tfim_qrc_reference
val,2019-02-22,0.1115246438158879,0.17626859280234872,phase2_feedback_tfim_qrc_reference
val,2019-02-25,0.1114520579205513,0.21196898157850125,phase2_feedback_tfim_qrc_reference
val,2019-02-26,0.1144992911542226,0.21710601518648992,phase2_feedback_tfim_qrc_reference
val,2019-02-27,0.1159919266539735,0.2238991822199136,phase2_feedback_tfim_qrc_reference
val,2019-02-28,0.1165790134429236,0.21034322116858276,phase2_feedback_tfim_qrc_reference
val,2019-03-01,0.1166204074049251,0.19914104856222412,phase2_feedback_tfim_qrc_reference
val,2019-03-04,0.1232244803793034,0.23008436806975782,phase2_feedback_tfim_qrc_reference
val,2019-03-05,0.123142019508566,0.20163885887730684,phase2_feedback_tfim_qrc_reference
val,2019-03-06,0.1213674679777699,0.19540778108609347,phase2_feedback_tfim_qrc_reference
val,2019-03-07,0.1180225224173991,0.18405377149128507,phase2_feedback_tfim_qrc_reference
val,2019-03-08,0.1190487769034609,0.18895843920394417,phase2_feedback_tfim_qrc_reference
val,2019-03-11,0.1075561298842655,0.18920290127833203,phase2_feedback_tfim_qrc_reference
val,2019-03-12,0.1082701992154172,0.1702167022968841,phase2_feedback_tfim_qrc_reference
val,2019-03-13,0.1063960293053313,0.16949101801934957,phase2_feedback_tfim_qrc_reference
val,2019-03-14,0.1063763226901205,0.13985130120015402,phase2_feedback_tfim_qrc_reference
val,2019-03-15,0.1076228979930368,0.1575461980632484,phase2_feedback_tfim_qrc_reference
val,2019-03-18,0.1068786249169263,0.15823522769309298,phase2_feedback_tfim_qrc_reference
val,2019-03-19,0.1069002836996759,0.11531473956414702,phase2_feedback_tfim_qrc_reference
val,2019-03-20,0.1067183262216723,0.13236025478809121,phase2_feedback_tfim_qrc_reference
val,2019-03-21,0.0992382716811053,0.12855741020258868,phase2_feedback_tfim_qrc_reference
val,2019-03-22,0.0714059895876338,0.14057197871303725,phase2_feedback_tfim_qrc_reference
val,2019-03-25,0.07811037818634,0.13021844409275185,phase2_feedback_tfim_qrc_reference
val,2019-03-26,0.0739489929789763,0.15244552022928945,phase2_feedback_tfim_qrc_reference
val,2019-03-27,0.0716021866918038,0.18874812237868885,phase2_feedback_tfim_qrc_reference
val,2019-03-28,0.0722393507469472,0.17857218658987303,phase2_feedback_tfim_qrc_reference
val,2019-03-29,0.0689319557606178,0.15509322546695728,phase2_feedback_tfim_qrc_reference
val,2019-04-01,0.054805285176156,0.16388329323815695,phase2_feedback_tfim_qrc_reference
val,2019-04-02,0.0609743325224739,0.13178726897120907,phase2_feedback_tfim_qrc_reference
val,2019-04-03,0.0612009644021169,0.14330264208611124,phase2_feedback_tfim_qrc_reference
val,2019-04-04,0.0696594348360895,0.16304494522964708,phase2_feedback_tfim_qrc_reference
val,2019-04-05,0.0690861327932812,0.18863874283768428,phase2_feedback_tfim_qrc_reference
val,2019-04-08,0.0913187675673892,0.14075630017291726,phase2_feedback_tfim_qrc_reference
val,2019-04-09,0.0896148764183353,0.15454207489123095,phase2_feedback_tfim_qrc_reference
val,2019-04-10,0.0894451575553019,0.14392112675134977,phase2_feedback_tfim_qrc_reference
val,2019-04-11,0.0911912606094647,0.14909206984986229,phase2_feedback_tfim_qrc_reference
val,2019-04-12,0.1261142746582929,0.15906299546119335,phase2_feedback_tfim_qrc_reference
val,2019-04-15,0.1300792402022496,0.13409764254615333,phase2_feedback_tfim_qrc_reference
val,2019-04-16,0.1317004374881884,0.12277623375449488,phase2_feedback_tfim_qrc_reference
val,2019-04-17,0.1354259916983245,0.11774641641389133,phase2_feedback_tfim_qrc_reference
val,2019-04-18,0.1371914151439003,0.1233846258798441,phase2_feedback_tfim_qrc_reference
val,2019-04-22,0.1391641534390855,0.1188421966728507,phase2_feedback_tfim_qrc_reference
val,2019-04-23,0.1391835998381697,0.11822576747939352,phase2_feedback_tfim_qrc_reference
val,2019-04-24,0.1393883016410994,0.14056188830397293,phase2_feedback_tfim_qrc_reference
val,2019-04-25,0.1460433614270482,0.13823973701089798,phase2_feedback_tfim_qrc_reference
val,2019-04-26,0.1453318460644067,0.16262530401266276,phase2_feedback_tfim_qrc_reference
val,2019-04-29,0.1489647764411266,0.1447926232522046,phase2_feedback_tfim_qrc_reference
val,2019-04-30,0.150859184626744,0.1087269629994246,phase2_feedback_tfim_qrc_reference
val,2019-05-01,0.148778205032906,0.0989763311484612,phase2_feedback_tfim_qrc_reference
val,2019-05-02,0.1561896219678662,0.10433049269316078,phase2_feedback_tfim_qrc_reference
val,2019-05-03,0.152582991301723,0.10897712062624514,phase2_feedback_tfim_qrc_reference
val,2019-05-06,0.1699347660275904,0.11777889299422852,phase2_feedback_tfim_qrc_reference
val,2019-05-07,0.1619925600548101,0.12190404570022291,phase2_feedback_tfim_qrc_reference
val,2019-05-08,0.1635439005561434,0.13885395077436263,phase2_feedback_tfim_qrc_reference
val,2019-05-09,0.1669734029973718,0.1334954663313787,phase2_feedback_tfim_qrc_reference
val,2019-05-10,0.1668169247978402,0.1368141594913383,phase2_feedback_tfim_qrc_reference
val,2019-05-13,0.1402383221316341,0.1488583209448232,phase2_feedback_tfim_qrc_reference
val,2019-05-14,0.1366927890671862,0.19361580710740758,phase2_feedback_tfim_qrc_reference
val,2019-05-15,0.135899901335313,0.1960936871798351,phase2_feedback_tfim_qrc_reference
val,2019-05-16,0.1319597668383607,0.18412358777823362,phase2_feedback_tfim_qrc_reference
val,2019-05-17,0.1299428499060466,0.17457771544152278,phase2_feedback_tfim_qrc_reference
val,2019-05-20,0.1330328520936108,0.1813811949281424,phase2_feedback_tfim_qrc_reference
val,2019-05-21,0.1294095274854526,0.1712393217550415,phase2_feedback_tfim_qrc_reference
val,2019-05-22,0.1332925455987005,0.15137192467232535,phase2_feedback_tfim_qrc_reference
val,2019-05-23,0.1260526263686881,0.1465799986562734,phase2_feedback_tfim_qrc_reference
val,2019-05-24,0.1258709880492683,0.1519775799562252,phase2_feedback_tfim_qrc_reference
val,2019-05-28,0.1263623189370117,0.1486839658018247,phase2_feedback_tfim_qrc_reference
val,2019-05-29,0.1241318370966656,0.13259599227307164,phase2_feedback_tfim_qrc_reference
val,2019-05-30,0.1243898458626401,0.1460148818608413,phase2_feedback_tfim_qrc_reference
val,2019-05-31,0.1161279067054281,0.14866837986383494,phase2_feedback_tfim_qrc_reference
val,2019-06-03,0.1201380602388891,0.15819751961409598,phase2_feedback_tfim_qrc_reference
val,2019-06-04,0.0933159527379914,0.14225983249751603,phase2_feedback_tfim_qrc_reference
val,2019-06-05,0.0925722531050797,0.14509166582531952,phase2_feedback_tfim_qrc_reference
val,2019-06-06,0.089758508815844,0.16530855938502415,phase2_feedback_tfim_qrc_reference
val,2019-06-07,0.0847931399140699,0.16489014882828754,phase2_feedback_tfim_qrc_reference
val,2019-06-10,0.0833383060124125,0.17225012203804366,phase2_feedback_tfim_qrc_reference
val,2019-06-11,0.085034310268085,0.17141361621599982,phase2_feedback_tfim_qrc_reference
val,2019-06-12,0.0852090625418953,0.16439371883560763,phase2_feedback_tfim_qrc_reference
val,2019-06-13,0.0854303046188045,0.14735118910146536,phase2_feedback_tfim_qrc_reference
val,2019-06-14,0.0853482536737429,0.15225131696989982,phase2_feedback_tfim_qrc_reference
val,2019-06-17,0.0862188298504035,0.14488924503897413,phase2_feedback_tfim_qrc_reference
val,2019-06-18,0.0813299469478175,0.1561211411678105,phase2_feedback_tfim_qrc_reference
val,2019-06-19,0.0819680960975938,0.14456466967759676,phase2_feedback_tfim_qrc_reference
val,2019-06-20,0.0772686223074844,0.15403440419055436,phase2_feedback_tfim_qrc_reference
val,2019-06-21,0.0775859561384999,0.16232101186581882,phase2_feedback_tfim_qrc_reference
val,2019-06-24,0.0814876122554209,0.16192998593436664,phase2_feedback_tfim_qrc_reference
val,2019-06-25,0.075453224582164,0.16150944921965252,phase2_feedback_tfim_qrc_reference
val,2019-06-26,0.0772628547038271,0.14954463352139863,phase2_feedback_tfim_qrc_reference
val,2019-06-27,0.0798342840845793,0.14238628200157552,phase2_feedback_tfim_qrc_reference
val,2019-06-28,0.0779963503630066,0.14838065345112117,phase2_feedback_tfim_qrc_reference
val,2019-07-01,0.0716265271470001,0.14938233305189322,phase2_feedback_tfim_qrc_reference
val,2019-07-02,0.0810550186451628,0.149785785822653,phase2_feedback_tfim_qrc_reference
val,2019-07-03,0.0820653242093889,0.14273740408303726,phase2_feedback_tfim_qrc_reference
val,2019-07-05,0.0862443371444512,0.13967800279448134,phase2_feedback_tfim_qrc_reference
val,2019-07-08,0.1371252718479215,0.16744697551185328,phase2_feedback_tfim_qrc_reference
val,2019-07-09,0.1456955339200333,0.13776936418373287,phase2_feedback_tfim_qrc_reference
val,2019-07-10,0.1447248430956164,0.1448481572918397,phase2_feedback_tfim_qrc_reference
val,2019-07-11,0.1601032923102163,0.14621154107897913,phase2_feedback_tfim_qrc_reference
val,2019-07-12,0.1611529333716523,0.14607402823640425,phase2_feedback_tfim_qrc_reference
val,2019-07-15,0.1669103751509543,0.14483559416991357,phase2_feedback_tfim_qrc_reference
val,2019-07-16,0.1752384939636192,0.1383039820821657,phase2_feedback_tfim_qrc_reference
val,2019-07-17,0.2037418035848827,0.1421618579487467,phase2_feedback_tfim_qrc_reference
val,2019-07-18,0.2035440687663316,0.12881259311278526,phase2_feedback_tfim_qrc_reference
val,2019-07-19,0.2091468585712892,0.11864099649458236,phase2_feedback_tfim_qrc_reference
val,2019-07-22,0.2132455177146032,0.1206730789883846,phase2_feedback_tfim_qrc_reference
val,2019-07-23,0.213493947309843,0.130663588897133,phase2_feedback_tfim_qrc_reference
val,2019-07-24,0.2147787230723361,0.12798031801883822,phase2_feedback_tfim_qrc_reference
val,2019-07-25,0.2141078832388318,0.13463568135993334,phase2_feedback_tfim_qrc_reference
val,2019-07-26,0.2319768619381718,0.1298568167728262,phase2_feedback_tfim_qrc_reference
val,2019-07-29,0.2351496822120182,0.12935867175249194,phase2_feedback_tfim_qrc_reference
val,2019-07-30,0.2354018278155374,0.1585191112856275,phase2_feedback_tfim_qrc_reference
val,2019-07-31,0.2334730580008,0.13135591393629878,phase2_feedback_tfim_qrc_reference
val,2019-08-01,0.2357446355179109,0.13106073429505277,phase2_feedback_tfim_qrc_reference
val,2019-08-02,0.2342185285737796,0.13333853004625465,phase2_feedback_tfim_qrc_reference
val,2019-08-05,0.2086717234705773,0.13502528227753946,phase2_feedback_tfim_qrc_reference
val,2019-08-06,0.2066531779302153,0.14059318527070708,phase2_feedback_tfim_qrc_reference
val,2019-08-07,0.2115585558542887,0.16774846305878796,phase2_feedback_tfim_qrc_reference
val,2019-08-08,0.2000191612114179,0.1727822285097497,phase2_feedback_tfim_qrc_reference
val,2019-08-09,0.1985503172938079,0.19915026343155895,phase2_feedback_tfim_qrc_reference
val,2019-08-12,0.1937336435750452,0.2079542308119192,phase2_feedback_tfim_qrc_reference
val,2019-08-13,0.1875226719036723,0.18794532146297363,phase2_feedback_tfim_qrc_reference
val,2019-08-14,0.1548069735843747,0.18480294978219033,phase2_feedback_tfim_qrc_reference
val,2019-08-15,0.1545413561563225,0.2092066942993811,phase2_feedback_tfim_qrc_reference
val,2019-08-16,0.1459466991189772,0.16839355722461313,phase2_feedback_tfim_qrc_reference
val,2019-08-19,0.1399068231613753,0.14604359586390656,phase2_feedback_tfim_qrc_reference
val,2019-08-20,0.1372328128449709,0.17770599709864343,phase2_feedback_tfim_qrc_reference
val,2019-08-21,0.1341852914812593,0.17818098422906367,phase2_feedback_tfim_qrc_reference
val,2019-08-22,0.1352304336846325,0.15031082274859248,phase2_feedback_tfim_qrc_reference
val,2019-08-23,0.0987677462731684,0.1500966664851117,phase2_feedback_tfim_qrc_reference
val,2019-08-26,0.0949371897088348,0.19269485423119131,phase2_feedback_tfim_qrc_reference
val,2019-08-27,0.0962110036816357,0.1940731029845426,phase2_feedback_tfim_qrc_reference
val,2019-08-28,0.093225090273007,0.19727506823093602,phase2_feedback_tfim_qrc_reference
val,2019-08-29,0.083838425634918,0.18673046846112654,phase2_feedback_tfim_qrc_reference
val,2019-08-30,0.0854175634899321,0.16538629576834296,phase2_feedback_tfim_qrc_reference
val,2019-09-03,0.0930968185528443,0.1562678788148995,phase2_feedback_tfim_qrc_reference
val,2019-09-04,0.105186428653596,0.1340064413871192,phase2_feedback_tfim_qrc_reference
val,2019-09-05,0.0992328759255129,0.11655875705152108,phase2_feedback_tfim_qrc_reference
val,2019-09-06,0.1100727751083119,0.11777128900815627,phase2_feedback_tfim_qrc_reference
val,2019-09-09,0.1111233193008776,0.13137917337847407,phase2_feedback_tfim_qrc_reference
val,2019-09-10,0.1242269638868916,0.13334735345335835,phase2_feedback_tfim_qrc_reference
val,2019-09-11,0.1261954708370389,0.14955548444427977,phase2_feedback_tfim_qrc_reference
val,2019-09-12,0.1278558039848184,0.19216387109979127,phase2_feedback_tfim_qrc_reference
val,2019-09-13,0.1329732609548528,0.1618761570511018,phase2_feedback_tfim_qrc_reference
val,2019-09-16,0.1325780312579678,0.13943005328841185,phase2_feedback_tfim_qrc_reference
val,2019-09-17,0.1368181401472614,0.15782291259544992,phase2_feedback_tfim_qrc_reference
val,2019-09-18,0.1369205763287606,0.17100201730616832,phase2_feedback_tfim_qrc_reference
val,2019-09-19,0.1373187477431881,0.12237628665974006,phase2_feedback_tfim_qrc_reference
val,2019-09-20,0.1371719531750561,0.13407706082932858,phase2_feedback_tfim_qrc_reference
val,2019-09-23,0.1392502585786074,0.1271485674251143,phase2_feedback_tfim_qrc_reference
val,2019-09-24,0.1369071399940365,0.12539793544083624,phase2_feedback_tfim_qrc_reference
val,2019-09-25,0.1356896693572556,0.12257282798199433,phase2_feedback_tfim_qrc_reference
val,2019-09-26,0.1356115565297251,0.13668003825443284,phase2_feedback_tfim_qrc_reference
val,2019-09-27,0.135030369937405,0.12717385460761008,phase2_feedback_tfim_qrc_reference
val,2019-09-30,0.1355046625902814,0.16777168698968795,phase2_feedback_tfim_qrc_reference
val,2019-10-01,0.1286795881041006,0.18711740091394938,phase2_feedback_tfim_qrc_reference
val,2019-10-02,0.1125806250422199,0.15153126849886359,phase2_feedback_tfim_qrc_reference
val,2019-10-03,0.1092022953032048,0.18921308242304796,phase2_feedback_tfim_qrc_reference
val,2019-10-04,0.1035379333514938,0.18484012874058883,phase2_feedback_tfim_qrc_reference
val,2019-10-07,0.1033785934227086,0.1704950290464208,phase2_feedback_tfim_qrc_reference
val,2019-10-08,0.0872807277654917,0.16644541999940804,phase2_feedback_tfim_qrc_reference
val,2019-10-09,0.0805788681395319,0.17158881174612306,phase2_feedback_tfim_qrc_reference
val,2019-10-10,0.0779472694501088,0.1849503059456869,phase2_feedback_tfim_qrc_reference
val,2019-10-11,0.0693678008721267,0.17798290565921537,phase2_feedback_tfim_qrc_reference
val,2019-10-14,0.0695865367070163,0.16505006784517154,phase2_feedback_tfim_qrc_reference
val,2019-10-15,0.0606243998551288,0.1659043778701683,phase2_feedback_tfim_qrc_reference
val,2019-10-16,0.0603662935102622,0.16495083132847174,phase2_feedback_tfim_qrc_reference
val,2019-10-17,0.0596783743248095,0.16538309718989147,phase2_feedback_tfim_qrc_reference
val,2019-10-18,0.0630402728368809,0.16267307635525796,phase2_feedback_tfim_qrc_reference
val,2019-10-21,0.0583587776590428,0.16657442689473875,phase2_feedback_tfim_qrc_reference
val,2019-10-22,0.0572004223740313,0.17300981288233186,phase2_feedback_tfim_qrc_reference
val,2019-10-23,0.0577963191195519,0.18350323640962785,phase2_feedback_tfim_qrc_reference
val,2019-10-24,0.0577883608342387,0.1941401254277926,phase2_feedback_tfim_qrc_reference
val,2019-10-25,0.0564914468132907,0.1679861556986415,phase2_feedback_tfim_qrc_reference
val,2019-10-28,0.0595328556239115,0.15049279626596912,phase2_feedback_tfim_qrc_reference
val,2019-10-29,0.0600632196263842,0.1750889095963572,phase2_feedback_tfim_qrc_reference
val,2019-10-30,0.0611444853458064,0.1718241751244724,phase2_feedback_tfim_qrc_reference
val,2019-10-31,0.061830142704815,0.1779017022500781,phase2_feedback_tfim_qrc_reference
val,2019-11-01,0.0605697350570851,0.17001757699818215,phase2_feedback_tfim_qrc_reference
val,2019-11-04,0.0635345878931155,0.16574108078766073,phase2_feedback_tfim_qrc_reference
val,2019-11-05,0.0670669330983574,0.17864018257665154,phase2_feedback_tfim_qrc_reference
val,2019-11-06,0.0673645751453967,0.1485430890876117,phase2_feedback_tfim_qrc_reference
val,2019-11-07,0.0736504621965872,0.13293809033415213,phase2_feedback_tfim_qrc_reference
val,2019-11-08,0.0739790015843404,0.11259154052888017,phase2_feedback_tfim_qrc_reference
val,2019-11-11,0.0737735117989392,0.11162063794857503,phase2_feedback_tfim_qrc_reference
val,2019-11-12,0.0740802672975785,0.11471008327689754,phase2_feedback_tfim_qrc_reference
val,2019-11-13,0.0800910674211659,0.11508001587562547,phase2_feedback_tfim_qrc_reference
val,2019-11-14,0.0799526806951742,0.12620146084017464,phase2_feedback_tfim_qrc_reference
val,2019-11-15,0.0795487752381585,0.1363507884067026,phase2_feedback_tfim_qrc_reference
val,2019-11-18,0.0795094924960252,0.14534278298497363,phase2_feedback_tfim_qrc_reference
val,2019-11-19,0.0795031973349095,0.14090158973179212,phase2_feedback_tfim_qrc_reference
val,2019-11-20,0.0797290427375796,0.14919715002651984,phase2_feedback_tfim_qrc_reference
val,2019-11-21,0.0810256688219549,0.13296800626539604,phase2_feedback_tfim_qrc_reference
val,2019-11-22,0.0808228842931232,0.12413590941307988,phase2_feedback_tfim_qrc_reference
val,2019-11-25,0.0760354602482265,0.12438581410688045,phase2_feedback_tfim_qrc_reference
val,2019-11-26,0.0779230358094822,0.1300323636407352,phase2_feedback_tfim_qrc_reference
val,2019-11-27,0.0763121601289488,0.11920853275298347,phase2_feedback_tfim_qrc_reference
val,2019-11-29,0.0776836742011243,0.12594484764088393,phase2_feedback_tfim_qrc_reference
val,2019-12-02,0.0720547594860029,0.10777901331356117,phase2_feedback_tfim_qrc_reference
val,2019-12-03,0.0755852407248705,0.1200972876499877,phase2_feedback_tfim_qrc_reference
val,2019-12-04,0.0772295851314868,0.12741194305702033,phase2_feedback_tfim_qrc_reference
val,2019-12-05,0.0781438453758929,0.12424876689772713,phase2_feedback_tfim_qrc_reference
val,2019-12-06,0.0718657821323598,0.1397131382547125,phase2_feedback_tfim_qrc_reference
val,2019-12-09,0.073455662984339,0.13220625996357874,phase2_feedback_tfim_qrc_reference
val,2019-12-10,0.0771716366747151,0.13257895243209264,phase2_feedback_tfim_qrc_reference
val,2019-12-11,0.0771937029272947,0.11573821786883975,phase2_feedback_tfim_qrc_reference
val,2019-12-12,0.074984609143998,0.11375224086149177,phase2_feedback_tfim_qrc_reference
val,2019-12-13,0.075149836052631,0.11341946061332663,phase2_feedback_tfim_qrc_reference
val,2019-12-16,0.0715617163026701,0.11365604740210716,phase2_feedback_tfim_qrc_reference
val,2019-12-17,0.0773638494393549,0.11305483840889713,phase2_feedback_tfim_qrc_reference
val,2019-12-18,0.0781459122338237,0.11216307361057927,phase2_feedback_tfim_qrc_reference
val,2019-12-19,0.0770995338400984,0.12089593063330747,phase2_feedback_tfim_qrc_reference
val,2019-12-20,0.0755209126827912,0.147680115420716,phase2_feedback_tfim_qrc_reference
val,2019-12-23,0.0754360284280252,0.13628960444046012,phase2_feedback_tfim_qrc_reference
val,2019-12-24,0.0818291414737041,0.1340771600251746,phase2_feedback_tfim_qrc_reference
val,2019-12-26,0.0981374355078893,0.1344681185147533,phase2_feedback_tfim_qrc_reference
val,2019-12-27,0.1048783866972864,0.12543605526444393,phase2_feedback_tfim_qrc_reference
val,2019-12-30,0.1030677210487561,0.13984409696659367,phase2_feedback_tfim_qrc_reference
val,2019-12-31,0.1033491921487442,0.11685812514379137,phase2_feedback_tfim_qrc_reference
test,2020-02-28,0.9232012495028388,0.22172859988932295,phase2_feedback_tfim_qrc_reference
test,2020-03-02,0.917891119139974,0.19161271773608154,phase2_feedback_tfim_qrc_reference
test,2020-03-03,0.9136368908040716,0.19205090346807058,phase2_feedback_tfim_qrc_reference
test,2020-03-04,0.9165644585639228,0.1946936169298817,phase2_feedback_tfim_qrc_reference
test,2020-03-05,0.91227602059658,0.26620527205951244,phase2_feedback_tfim_qrc_reference
test,2020-03-06,0.9118209191632692,0.24218560281622278,phase2_feedback_tfim_qrc_reference
test,2020-03-09,0.8951846172161024,0.2601763217246734,phase2_feedback_tfim_qrc_reference
test,2020-03-10,0.8770966391854239,0.2581801994152917,phase2_feedback_tfim_qrc_reference
test,2020-03-11,0.8669279955686815,0.2225324863427932,phase2_feedback_tfim_qrc_reference
test,2020-03-12,0.7918335988644885,0.2285494684805048,phase2_feedback_tfim_qrc_reference
test,2020-03-13,0.737075713182344,0.24469815710540022,phase2_feedback_tfim_qrc_reference
test,2020-03-16,0.6202516280015581,0.19052876791374865,phase2_feedback_tfim_qrc_reference
test,2020-03-17,0.596391325997834,0.16749279813874207,phase2_feedback_tfim_qrc_reference
test,2020-03-18,0.567412198885068,0.22684393983621218,phase2_feedback_tfim_qrc_reference
test,2020-03-19,0.5751985247258079,0.2548351580596588,phase2_feedback_tfim_qrc_reference
test,2020-03-20,0.5571200255544214,0.26813513430875185,phase2_feedback_tfim_qrc_reference
test,2020-03-23,0.5602761724096167,0.2747253323975452,phase2_feedback_tfim_qrc_reference
test,2020-03-24,0.4745536188236609,0.2870221722826254,phase2_feedback_tfim_qrc_reference
test,2020-03-25,0.4716132414245852,0.19745608469773315,phase2_feedback_tfim_qrc_reference
test,2020-03-26,0.4292513343637495,0.1909998725075592,phase2_feedback_tfim_qrc_reference
test,2020-03-27,0.4187103627322876,0.15674729263485188,phase2_feedback_tfim_qrc_reference
test,2020-03-30,0.4033810035455642,0.19362330256799437,phase2_feedback_tfim_qrc_reference
test,2020-03-31,0.4102301509843103,0.23509129900585493,phase2_feedback_tfim_qrc_reference
test,2020-04-01,0.3777204310128774,0.24980753802184144,phase2_feedback_tfim_qrc_reference
test,2020-04-02,0.3810322565434791,0.15355323832952822,phase2_feedback_tfim_qrc_reference
test,2020-04-03,0.3776377060036913,0.20331536056472066,phase2_feedback_tfim_qrc_reference
test,2020-04-06,0.3007156144814732,0.3039487947002507,phase2_feedback_tfim_qrc_reference
test,2020-04-07,0.3016616148498545,0.2079017048364454,phase2_feedback_tfim_qrc_reference
test,2020-04-08,0.2812055526195198,0.1681050774260211,phase2_feedback_tfim_qrc_reference
test,2020-04-09,0.2821274398121022,0.09792682510196928,phase2_feedback_tfim_qrc_reference
test,2020-04-13,0.2802434650929139,0.1230493020714463,phase2_feedback_tfim_qrc_reference
test,2020-04-14,0.2701823503502518,0.11289834104126024,phase2_feedback_tfim_qrc_reference
test,2020-04-15,0.2668310328277478,0.13020422162489448,phase2_feedback_tfim_qrc_reference
test,2020-04-16,0.2696111141700713,0.13774886496554928,phase2_feedback_tfim_qrc_reference
test,2020-04-17,0.2529855470497542,0.1947808767223842,phase2_feedback_tfim_qrc_reference
test,2020-04-20,0.2671414942094705,0.3235328361259691,phase2_feedback_tfim_qrc_reference
test,2020-04-21,0.2464316169093808,0.2966320206496645,phase2_feedback_tfim_qrc_reference
test,2020-04-22,0.2413138401029233,0.2957344991272764,phase2_feedback_tfim_qrc_reference
test,2020-04-23,0.2425635310772559,0.3870280121100811,phase2_feedback_tfim_qrc_reference
test,2020-04-24,0.2376302820153834,0.32829163647580595,phase2_feedback_tfim_qrc_reference
test,2020-04-27,0.2361677407903995,0.3045444452024308,phase2_feedback_tfim_qrc_reference
test,2020-04-28,0.2413629471772201,0.4097003441071062,phase2_feedback_tfim_qrc_reference
test,2020-04-29,0.2233489578622734,0.3295324679088512,phase2_feedback_tfim_qrc_reference
test,2020-04-30,0.2214301447476907,0.382405005392779,phase2_feedback_tfim_qrc_reference
test,2020-05-01,0.2004143808599535,0.31425038775177255,phase2_feedback_tfim_qrc_reference
test,2020-05-04,0.2023045172244171,0.27810915034963085,phase2_feedback_tfim_qrc_reference
test,2020-05-05,0.2050939316640647,0.23969626245017997,phase2_feedback_tfim_qrc_reference
test,2020-05-06,0.2038817160184683,0.2820199771798705,phase2_feedback_tfim_qrc_reference
test,2020-05-07,0.218687747859732,0.2471726402574687,phase2_feedback_tfim_qrc_reference
test,2020-05-08,0.2150580534305033,0.17474601781614382,phase2_feedback_tfim_qrc_reference
test,2020-05-11,0.2166917327934761,0.2356650464544658,phase2_feedback_tfim_qrc_reference
test,2020-05-12,0.205530263597585,0.20026464421405168,phase2_feedback_tfim_qrc_reference
test,2020-05-13,0.2874955811826977,0.27491621422201507,phase2_feedback_tfim_qrc_reference
test,2020-05-14,0.2874999254023734,0.2809138431515133,phase2_feedback_tfim_qrc_reference
test,2020-05-15,0.2889275008135583,0.259029892375648,phase2_feedback_tfim_qrc_reference
test,2020-05-18,0.2769746516032362,0.24033918786236905,phase2_feedback_tfim_qrc_reference
test,2020-05-19,0.2749366990585464,0.21281380811180178,phase2_feedback_tfim_qrc_reference
test,2020-05-20,0.2683589348857267,0.2113290078454214,phase2_feedback_tfim_qrc_reference
test,2020-05-21,0.2680028346846513,0.22704324223460015,phase2_feedback_tfim_qrc_reference
test,2020-05-22,0.2688779837898655,0.25004211613789723,phase2_feedback_tfim_qrc_reference
test,2020-05-26,0.2658418202121995,0.24892710673776913,phase2_feedback_tfim_qrc_reference
test,2020-05-27,0.2762899064579848,0.23608254734983705,phase2_feedback_tfim_qrc_reference
test,2020-05-28,0.2787935611731541,0.21565433777331675,phase2_feedback_tfim_qrc_reference
test,2020-05-29,0.2911311279505935,0.26919468403046104,phase2_feedback_tfim_qrc_reference
test,2020-06-01,0.2953550712587017,0.2358100945638145,phase2_feedback_tfim_qrc_reference
test,2020-06-02,0.2973534920929283,0.3914130135325875,phase2_feedback_tfim_qrc_reference
test,2020-06-03,0.29467090231058,0.23726773174630525,phase2_feedback_tfim_qrc_reference
test,2020-06-04,0.2951673777335289,0.33517166287182165,phase2_feedback_tfim_qrc_reference
test,2020-06-05,0.2863764044725382,0.23315895331948755,phase2_feedback_tfim_qrc_reference
test,2020-06-08,0.285563989938576,0.22913589920209199,phase2_feedback_tfim_qrc_reference
test,2020-06-09,0.2856089203576233,0.3377483265249938,phase2_feedback_tfim_qrc_reference
test,2020-06-10,0.2856372742053463,0.20845802559388898,phase2_feedback_tfim_qrc_reference
test,2020-06-11,0.1961272327499756,0.27824245598461245,phase2_feedback_tfim_qrc_reference
test,2020-06-12,0.1939927344746757,0.2699884119903143,phase2_feedback_tfim_qrc_reference
test,2020-06-15,0.1965555139023021,0.2415293849966704,phase2_feedback_tfim_qrc_reference
test,2020-06-16,0.1873718652678265,0.2744790508540956,phase2_feedback_tfim_qrc_reference
test,2020-06-17,0.1871550631810512,0.22737982518750682,phase2_feedback_tfim_qrc_reference
test,2020-06-18,0.1874319425445104,0.23649041825168518,phase2_feedback_tfim_qrc_reference
test,2020-06-19,0.1885028763469449,0.37435894154644966,phase2_feedback_tfim_qrc_reference
test,2020-06-22,0.1872832809962245,0.259347517303229,phase2_feedback_tfim_qrc_reference
test,2020-06-23,0.1876569543130166,0.21655501774552213,phase2_feedback_tfim_qrc_reference
test,2020-06-24,0.1691678228431882,0.26965065520924236,phase2_feedback_tfim_qrc_reference
test,2020-06-25,0.1664663359381972,0.25255952633506207,phase2_feedback_tfim_qrc_reference
test,2020-06-26,0.145243598864703,0.21153335711740578,phase2_feedback_tfim_qrc_reference
test,2020-06-29,0.137562516025005,0.27045582695606774,phase2_feedback_tfim_qrc_reference
test,2020-06-30,0.1369848981567976,0.3404363253860654,phase2_feedback_tfim_qrc_reference
test,2020-07-01,0.1353212765075679,0.3084691499099572,phase2_feedback_tfim_qrc_reference
test,2020-07-02,0.1367935470580526,0.31843949421527457,phase2_feedback_tfim_qrc_reference
test,2020-07-06,0.1279070086791458,0.383490268483024,phase2_feedback_tfim_qrc_reference
test,2020-07-07,0.1232606277982563,0.2565120806160815,phase2_feedback_tfim_qrc_reference
test,2020-07-08,0.1222485965780565,0.2192953959476469,phase2_feedback_tfim_qrc_reference
test,2020-07-09,0.1228547092476931,0.2691826453834389,phase2_feedback_tfim_qrc_reference
test,2020-07-10,0.1174707957495858,0.3910029136928293,phase2_feedback_tfim_qrc_reference
test,2020-07-13,0.113836033469816,0.2975523658771965,phase2_feedback_tfim_qrc_reference
test,2020-07-14,0.1083304603339091,0.31305589958336694,phase2_feedback_tfim_qrc_reference
test,2020-07-15,0.1144426459665727,0.2114622716966249,phase2_feedback_tfim_qrc_reference
test,2020-07-16,0.114022996959897,0.2535769252484981,phase2_feedback_tfim_qrc_reference
test,2020-07-17,0.1135591128798552,0.21769796498479455,phase2_feedback_tfim_qrc_reference
test,2020-07-20,0.1104809274503814,0.18720438105022644,phase2_feedback_tfim_qrc_reference
test,2020-07-21,0.1104889791663061,0.22489447702380175,phase2_feedback_tfim_qrc_reference
test,2020-07-22,0.109641452226132,0.22075981505947948,phase2_feedback_tfim_qrc_reference
test,2020-07-23,0.1016247859986394,0.17969689509584283,phase2_feedback_tfim_qrc_reference
test,2020-07-24,0.0997977872357946,0.2087988002027265,phase2_feedback_tfim_qrc_reference
test,2020-07-27,0.102835541389078,0.18172861037523425,phase2_feedback_tfim_qrc_reference
test,2020-07-28,0.1010883816137573,0.20471671438343886,phase2_feedback_tfim_qrc_reference
test,2020-07-29,0.0979290069386093,0.2324204931287084,phase2_feedback_tfim_qrc_reference
test,2020-07-30,0.0974125728222805,0.19848918411058575,phase2_feedback_tfim_qrc_reference
test,2020-07-31,0.0960778903518305,0.21414815301478593,phase2_feedback_tfim_qrc_reference
test,2020-08-03,0.0937665428361727,0.18089312195010318,phase2_feedback_tfim_qrc_reference
test,2020-08-04,0.0985504540855794,0.15688712872633465,phase2_feedback_tfim_qrc_reference
test,2020-08-05,0.108754267132411,0.16713564226621422,phase2_feedback_tfim_qrc_reference
test,2020-08-06,0.1634668028843875,0.2188426754904055,phase2_feedback_tfim_qrc_reference
test,2020-08-07,0.1660173327828997,0.21910898359945907,phase2_feedback_tfim_qrc_reference
test,2020-08-10,0.1926644371400608,0.20589575979206062,phase2_feedback_tfim_qrc_reference
test,2020-08-11,0.2026623764906241,0.19601002625074393,phase2_feedback_tfim_qrc_reference
test,2020-08-12,0.2062096598287469,0.18153715410699958,phase2_feedback_tfim_qrc_reference
test,2020-08-13,0.2061175399626652,0.18286118276277175,phase2_feedback_tfim_qrc_reference
test,2020-08-14,0.2112862554316147,0.1828761253474259,phase2_feedback_tfim_qrc_reference
test,2020-08-17,0.2117431226860124,0.18646983110808285,phase2_feedback_tfim_qrc_reference
test,2020-08-18,0.2120747299443,0.16561389387320571,phase2_feedback_tfim_qrc_reference
test,2020-08-19,0.2138683019320517,0.1826052956431038,phase2_feedback_tfim_qrc_reference
test,2020-08-20,0.2175021376639198,0.1877764504508221,phase2_feedback_tfim_qrc_reference
test,2020-08-21,0.2207430318613333,0.17196798129676596,phase2_feedback_tfim_qrc_reference
test,2020-08-24,0.220772539093252,0.17401298774471852,phase2_feedback_tfim_qrc_reference
test,2020-08-25,0.2356350366340552,0.17162651192573988,phase2_feedback_tfim_qrc_reference
test,2020-08-26,0.2331506512187665,0.15499214729332342,phase2_feedback_tfim_qrc_reference
test,2020-08-27,0.239874637417647,0.1519984100310263,phase2_feedback_tfim_qrc_reference
test,2020-08-28,0.245838649887827,0.15405322120490428,phase2_feedback_tfim_qrc_reference
test,2020-08-31,0.2462650209483614,0.14150939029505827,phase2_feedback_tfim_qrc_reference
test,2020-09-01,0.2454750739554157,0.1602584172563537,phase2_feedback_tfim_qrc_reference
test,2020-09-02,0.241196309306351,0.1559338155117509,phase2_feedback_tfim_qrc_reference
test,2020-09-03,0.2094496521902897,0.16247482132456634,phase2_feedback_tfim_qrc_reference
test,2020-09-04,0.2165997894316518,0.15609974755506065,phase2_feedback_tfim_qrc_reference
test,2020-09-08,0.1995708518153455,0.19186897699136976,phase2_feedback_tfim_qrc_reference
test,2020-09-09,0.1968824497673217,0.19589145050978868,phase2_feedback_tfim_qrc_reference
test,2020-09-10,0.1894143152376919,0.18551211168818194,phase2_feedback_tfim_qrc_reference
test,2020-09-11,0.1920166323332445,0.20043498720032885,phase2_feedback_tfim_qrc_reference
test,2020-09-14,0.1947364361950358,0.2094792615433542,phase2_feedback_tfim_qrc_reference
test,2020-09-15,0.1953008736338086,0.19047066626827575,phase2_feedback_tfim_qrc_reference
test,2020-09-16,0.1960709751733398,0.2623527842333158,phase2_feedback_tfim_qrc_reference
test,2020-09-17,0.1935969644299481,0.2180684061517462,phase2_feedback_tfim_qrc_reference
test,2020-09-18,0.1891958550541536,0.20921399549260397,phase2_feedback_tfim_qrc_reference
test,2020-09-21,0.1928057425291962,0.1923140150429722,phase2_feedback_tfim_qrc_reference
test,2020-09-22,0.1899517743531854,0.15829218849755308,phase2_feedback_tfim_qrc_reference
test,2020-09-23,0.1708502230698305,0.16774732656384816,phase2_feedback_tfim_qrc_reference
test,2020-09-24,0.1716903036109147,0.174224851760606,phase2_feedback_tfim_qrc_reference
test,2020-09-25,0.1624240692394255,0.19956169160290987,phase2_feedback_tfim_qrc_reference
test,2020-09-28,0.1653671111194006,0.19748808840486612,phase2_feedback_tfim_qrc_reference
test,2020-09-29,0.1646838089872906,0.16846819162828694,phase2_feedback_tfim_qrc_reference
test,2020-09-30,0.2040602457860821,0.18582751186732907,phase2_feedback_tfim_qrc_reference
test,2020-10-01,0.2059440517762381,0.21357420120586448,phase2_feedback_tfim_qrc_reference
test,2020-10-02,0.2065188237245645,0.22387033497644132,phase2_feedback_tfim_qrc_reference
test,2020-10-05,0.200803972022007,0.20836503765268957,phase2_feedback_tfim_qrc_reference
test,2020-10-06,0.2039577355148469,0.18382189217285227,phase2_feedback_tfim_qrc_reference
test,2020-10-07,0.2097669380748754,0.18858735232733087,phase2_feedback_tfim_qrc_reference
test,2020-10-08,0.2184535512377401,0.16107427529392446,phase2_feedback_tfim_qrc_reference
test,2020-10-09,0.2161636933787012,0.1672311188454137,phase2_feedback_tfim_qrc_reference
test,2020-10-12,0.2132654122558163,0.15663898689154435,phase2_feedback_tfim_qrc_reference
test,2020-10-13,0.2120592459432145,0.17283433286356695,phase2_feedback_tfim_qrc_reference
test,2020-10-14,0.2125057679277142,0.18031752538756612,phase2_feedback_tfim_qrc_reference
test,2020-10-15,0.2152598203470748,0.17660683603202026,phase2_feedback_tfim_qrc_reference
test,2020-10-16,0.2207128972204488,0.21066759366988907,phase2_feedback_tfim_qrc_reference
test,2020-10-19,0.2183939435176427,0.19379979909827633,phase2_feedback_tfim_qrc_reference
test,2020-10-20,0.2187715028766244,0.18443797527141145,phase2_feedback_tfim_qrc_reference
test,2020-10-21,0.2228517803428603,0.1759482557626509,phase2_feedback_tfim_qrc_reference
test,2020-10-22,0.2225045511562266,0.17076761965548126,phase2_feedback_tfim_qrc_reference
test,2020-10-23,0.2235138136083847,0.16632990953021942,phase2_feedback_tfim_qrc_reference
test,2020-10-26,0.2145334474008538,0.15268269946122462,phase2_feedback_tfim_qrc_reference
test,2020-10-27,0.2215716517186364,0.1785380412345266,phase2_feedback_tfim_qrc_reference
test,2020-10-28,0.1840796401510168,0.18120053837684727,phase2_feedback_tfim_qrc_reference
test,2020-10-29,0.1808158665875185,0.1845205723758317,phase2_feedback_tfim_qrc_reference
test,2020-10-30,0.1776476263608331,0.21017911220714675,phase2_feedback_tfim_qrc_reference
test,2020-11-02,0.1774382313876873,0.20631194974316855,phase2_feedback_tfim_qrc_reference
test,2020-11-03,0.1663740941717597,0.19406525780053074,phase2_feedback_tfim_qrc_reference
test,2020-11-04,0.1467159191130088,0.1792691273264734,phase2_feedback_tfim_qrc_reference
test,2020-11-05,0.1332385512739005,0.17964874529504704,phase2_feedback_tfim_qrc_reference
test,2020-11-06,0.1334360345506455,0.22053880896568837,phase2_feedback_tfim_qrc_reference
test,2020-11-09,0.1262854137277731,0.2177743461581109,phase2_feedback_tfim_qrc_reference
test,2020-11-10,0.1301674017459566,0.2152520800779467,phase2_feedback_tfim_qrc_reference
test,2020-11-11,0.1274939458752156,0.2125573088432723,phase2_feedback_tfim_qrc_reference
test,2020-11-12,0.1227790344021561,0.1772684035435911,phase2_feedback_tfim_qrc_reference
test,2020-11-13,0.1137823489293913,0.18024026896510675,phase2_feedback_tfim_qrc_reference
test,2020-11-16,0.1152372583029632,0.20678189864182991,phase2_feedback_tfim_qrc_reference
test,2020-11-17,0.1137724248340375,0.23922502516940408,phase2_feedback_tfim_qrc_reference
test,2020-11-18,0.107185960820625,0.16770312936901063,phase2_feedback_tfim_qrc_reference
test,2020-11-19,0.1070892746343264,0.1709482227716137,phase2_feedback_tfim_qrc_reference
test,2020-11-20,0.1050470362249055,0.17211995586457995,phase2_feedback_tfim_qrc_reference
test,2020-11-23,0.1030567111514563,0.19531174884178779,phase2_feedback_tfim_qrc_reference
test,2020-11-24,0.0860883820630122,0.1973874087288856,phase2_feedback_tfim_qrc_reference
test,2020-11-25,0.0870125123499934,0.2130996982287566,phase2_feedback_tfim_qrc_reference
test,2020-11-27,0.0916282297299777,0.2001131204958517,phase2_feedback_tfim_qrc_reference
test,2020-11-30,0.090518623205566,0.18189115028776034,phase2_feedback_tfim_qrc_reference
test,2020-12-01,0.0820257121102998,0.17334398804563633,phase2_feedback_tfim_qrc_reference
test,2020-12-02,0.0836433255632527,0.18518940343597745,phase2_feedback_tfim_qrc_reference
test,2020-12-03,0.0967612304012181,0.1782400531933073,phase2_feedback_tfim_qrc_reference
test,2020-12-04,0.0950191385530617,0.17754714196536478,phase2_feedback_tfim_qrc_reference
test,2020-12-07,0.097071999132684,0.1695737464399291,phase2_feedback_tfim_qrc_reference
test,2020-12-08,0.1097999868971967,0.1367675406632175,phase2_feedback_tfim_qrc_reference
test,2020-12-09,0.1069582525455936,0.13955482727937865,phase2_feedback_tfim_qrc_reference
test,2020-12-10,0.1096135378885656,0.1524615475202465,phase2_feedback_tfim_qrc_reference
test,2020-12-11,0.1095369664697352,0.13907632848568072,phase2_feedback_tfim_qrc_reference
test,2020-12-14,0.108792257918782,0.13622013428484836,phase2_feedback_tfim_qrc_reference
test,2020-12-15,0.0985830068211586,0.14120662447790433,phase2_feedback_tfim_qrc_reference
test,2020-12-16,0.1017972208806942,0.1423829607197661,phase2_feedback_tfim_qrc_reference
test,2020-12-17,0.1036418537574954,0.14856938109026807,phase2_feedback_tfim_qrc_reference
test,2020-12-18,0.1136657955270098,0.15025379228593336,phase2_feedback_tfim_qrc_reference
test,2020-12-21,0.1129987995997628,0.15114351204054247,phase2_feedback_tfim_qrc_reference
test,2020-12-22,0.1135397898749533,0.15909232417830574,phase2_feedback_tfim_qrc_reference
test,2020-12-23,0.1143517388678578,0.19590621406719394,phase2_feedback_tfim_qrc_reference
test,2020-12-24,0.113653429002364,0.18892738624639588,phase2_feedback_tfim_qrc_reference
test,2020-12-28,0.1403913024369397,0.17521999121993612,phase2_feedback_tfim_qrc_reference
test,2020-12-29,0.1434842672997757,0.1683820815426161,phase2_feedback_tfim_qrc_reference
test,2020-12-30,0.160358635560322,0.16711790322388725,phase2_feedback_tfim_qrc_reference
test,2020-12-31,0.1697794971666852,0.1910539174105302,phase2_feedback_tfim_qrc_reference
test,2021-01-04,0.1701230038107334,0.1889450856929416,phase2_feedback_tfim_qrc_reference
test,2021-01-05,0.1683924241836795,0.1780676989131777,phase2_feedback_tfim_qrc_reference
test,2021-01-06,0.1718073108409619,0.16882528847831438,phase2_feedback_tfim_qrc_reference
test,2021-01-07,0.164230116158015,0.16883923321987893,phase2_feedback_tfim_qrc_reference
test,2021-01-08,0.1649765249685284,0.16522448872681125,phase2_feedback_tfim_qrc_reference
test,2021-01-11,0.1632373547806011,0.14704053838150768,phase2_feedback_tfim_qrc_reference
test,2021-01-12,0.1632429581896031,0.16016328577268837,phase2_feedback_tfim_qrc_reference
test,2021-01-13,0.1630642330817135,0.14798638495585018,phase2_feedback_tfim_qrc_reference
test,2021-01-14,0.1635261663117069,0.14058937632740293,phase2_feedback_tfim_qrc_reference
test,2021-01-15,0.1614782303031946,0.1543531607986336,phase2_feedback_tfim_qrc_reference
test,2021-01-19,0.1590756918118616,0.1654883691638009,phase2_feedback_tfim_qrc_reference
test,2021-01-20,0.1521654261117945,0.1510907389302544,phase2_feedback_tfim_qrc_reference
test,2021-01-21,0.1522603626586004,0.14814325070546921,phase2_feedback_tfim_qrc_reference
test,2021-01-22,0.154194685199923,0.160239640282538,phase2_feedback_tfim_qrc_reference
test,2021-01-25,0.1536208275375561,0.13305107053686427,phase2_feedback_tfim_qrc_reference
test,2021-01-26,0.1583726756915545,0.14112142101205802,phase2_feedback_tfim_qrc_reference
test,2021-01-27,0.1576806245880092,0.16093430953380172,phase2_feedback_tfim_qrc_reference
test,2021-01-28,0.1558059099901387,0.13296112084731984,phase2_feedback_tfim_qrc_reference
test,2021-01-29,0.1623290688941498,0.1740012667260323,phase2_feedback_tfim_qrc_reference
test,2021-02-01,0.1539161449996253,0.16897704006030193,phase2_feedback_tfim_qrc_reference
test,2021-02-02,0.1531216075277557,0.1815760290506858,phase2_feedback_tfim_qrc_reference
test,2021-02-03,0.1593490259110258,0.17075864396546153,phase2_feedback_tfim_qrc_reference
test,2021-02-04,0.1672418287585388,0.18091216432061777,phase2_feedback_tfim_qrc_reference
test,2021-02-05,0.1675986118320797,0.16613327628219243,phase2_feedback_tfim_qrc_reference
test,2021-02-08,0.1731158992808364,0.17198867629670186,phase2_feedback_tfim_qrc_reference
test,2021-02-09,0.1744955502408916,0.1704193418404719,phase2_feedback_tfim_qrc_reference
test,2021-02-10,0.178125336185922,0.12986764389555425,phase2_feedback_tfim_qrc_reference
test,2021-02-11,0.1780972808400338,0.1224779558407641,phase2_feedback_tfim_qrc_reference
test,2021-02-12,0.1784885124065209,0.1276613737286335,phase2_feedback_tfim_qrc_reference
test,2021-02-16,0.1785182504469195,0.14683464292917275,phase2_feedback_tfim_qrc_reference
test,2021-02-17,0.1789248446482307,0.14558814884717908,phase2_feedback_tfim_qrc_reference
test,2021-02-18,0.185719033912344,0.1506300107848437,phase2_feedback_tfim_qrc_reference
test,2021-02-19,0.1857294540400392,0.16100360033979466,phase2_feedback_tfim_qrc_reference
test,2021-02-22,0.1858526740322251,0.140675329576094,phase2_feedback_tfim_qrc_reference
test,2021-02-23,0.18790796430101,0.1439361208502722,phase2_feedback_tfim_qrc_reference
test,2021-02-24,0.184725171633525,0.15495682815314493,phase2_feedback_tfim_qrc_reference
test,2021-02-25,0.1643899024007383,0.17523918332384605,phase2_feedback_tfim_qrc_reference
test,2021-02-26,0.1729387833753124,0.22000916313634522,phase2_feedback_tfim_qrc_reference
test,2021-03-01,0.150608834206751,0.19928159649476213,phase2_feedback_tfim_qrc_reference
test,2021-03-02,0.148319475241089,0.1794213244630218,phase2_feedback_tfim_qrc_reference
test,2021-03-03,0.1412960427726473,0.2571208453170713,phase2_feedback_tfim_qrc_reference
test,2021-03-04,0.1395156483861502,0.24372566367135304,phase2_feedback_tfim_qrc_reference
test,2021-03-05,0.1335531113023275,0.2276929459280876,phase2_feedback_tfim_qrc_reference
test,2021-03-08,0.1323893996532325,0.2137877222565384,phase2_feedback_tfim_qrc_reference
test,2021-03-09,0.1225216614277758,0.18124082663661206,phase2_feedback_tfim_qrc_reference
test,2021-03-10,0.1216919818265343,0.18660089409121994,phase2_feedback_tfim_qrc_reference
test,2021-03-11,0.1191124186007969,0.17383321287940662,phase2_feedback_tfim_qrc_reference
test,2021-03-12,0.1190236032449847,0.12855019371506127,phase2_feedback_tfim_qrc_reference
test,2021-03-15,0.1176075173501008,0.13034264127033734,phase2_feedback_tfim_qrc_reference
test,2021-03-16,0.1181479234249601,0.12503663486659422,phase2_feedback_tfim_qrc_reference
test,2021-03-17,0.1234972549373574,0.1694927914413084,phase2_feedback_tfim_qrc_reference
test,2021-03-18,0.1126285628797259,0.1720826479905245,phase2_feedback_tfim_qrc_reference
test,2021-03-19,0.1137875554320671,0.1837413872228623,phase2_feedback_tfim_qrc_reference
test,2021-03-22,0.1132739878328173,0.16117560954649995,phase2_feedback_tfim_qrc_reference
test,2021-03-23,0.1147246291691452,0.1653958495268665,phase2_feedback_tfim_qrc_reference
test,2021-03-24,0.1178777707192447,0.23455798800265126,phase2_feedback_tfim_qrc_reference
test,2021-03-25,0.1223273265717011,0.22940880178722223,phase2_feedback_tfim_qrc_reference
test,2021-03-26,0.1086218907008507,0.2628310137099482,phase2_feedback_tfim_qrc_reference
test,2021-03-29,0.1086097872725094,0.26531906156518403,phase2_feedback_tfim_qrc_reference
test,2021-03-30,0.1082045037210498,0.25297030934128917,phase2_feedback_tfim_qrc_reference
test,2021-03-31,0.1095926097362695,0.238147694421686,phase2_feedback_tfim_qrc_reference
test,2021-04-01,0.1053773472418361,0.23207201739408867,phase2_feedback_tfim_qrc_reference
test,2021-04-05,0.0927573529837751,0.18881304584320852,phase2_feedback_tfim_qrc_reference
test,2021-04-06,0.0952998729919548,0.16741629723984153,phase2_feedback_tfim_qrc_reference
test,2021-04-07,0.0952178499630007,0.15057826398363938,phase2_feedback_tfim_qrc_reference
test,2021-04-08,0.0978825021339009,0.15933399445060895,phase2_feedback_tfim_qrc_reference
test,2021-04-09,0.097889943587024,0.167275810232713,phase2_feedback_tfim_qrc_reference
test,2021-04-12,0.1040609883407194,0.1762937548910648,phase2_feedback_tfim_qrc_reference
test,2021-04-13,0.1083095784293853,0.1534524957396971,phase2_feedback_tfim_qrc_reference
test,2021-04-14,0.1318853486982286,0.1453106182970706,phase2_feedback_tfim_qrc_reference
test,2021-04-15,0.1332353644655705,0.1387615659124334,phase2_feedback_tfim_qrc_reference
test,2021-04-16,0.1433083357766902,0.13848105939684838,phase2_feedback_tfim_qrc_reference
test,2021-04-19,0.1425251327979984,0.1439458447021963,phase2_feedback_tfim_qrc_reference
test,2021-04-20,0.1434449943416573,0.15101802331480185,phase2_feedback_tfim_qrc_reference
test,2021-04-21,0.1398063045785102,0.16410751262191586,phase2_feedback_tfim_qrc_reference
test,2021-04-22,0.1411657968086422,0.20291048973483772,phase2_feedback_tfim_qrc_reference
test,2021-04-23,0.1359076283803007,0.16991715296439575,phase2_feedback_tfim_qrc_reference
test,2021-04-26,0.1404005644987439,0.1791891828119575,phase2_feedback_tfim_qrc_reference
test,2021-04-27,0.1406196638060635,0.1641321672413086,phase2_feedback_tfim_qrc_reference
test,2021-04-28,0.1407919199990361,0.16460091151868145,phase2_feedback_tfim_qrc_reference
test,2021-04-29,0.1389868140317397,0.14849855665779313,phase2_feedback_tfim_qrc_reference
test,2021-04-30,0.1371496256469087,0.1627322099614578,phase2_feedback_tfim_qrc_reference
test,2021-05-03,0.1369719992911476,0.14788717828330158,phase2_feedback_tfim_qrc_reference
test,2021-05-04,0.1353141298419298,0.16070406137197105,phase2_feedback_tfim_qrc_reference
test,2021-05-05,0.1359518039716624,0.14516977134384487,phase2_feedback_tfim_qrc_reference
test,2021-05-06,0.1368583059417793,0.1454128832585978,phase2_feedback_tfim_qrc_reference
test,2021-05-07,0.1344598587394402,0.14649220052373693,phase2_feedback_tfim_qrc_reference
test,2021-05-10,0.1297385995949956,0.1502830515946829,phase2_feedback_tfim_qrc_reference
test,2021-05-11,0.1258870910123799,0.14973302756172133,phase2_feedback_tfim_qrc_reference
test,2021-05-12,0.101529887887338,0.14486879199381406,phase2_feedback_tfim_qrc_reference
test,2021-05-13,0.0924451386296905,0.1392978310646008,phase2_feedback_tfim_qrc_reference
test,2021-05-14,0.0753871500638247,0.15149610913831216,phase2_feedback_tfim_qrc_reference
test,2021-05-17,0.0751258825686577,0.17958162513398349,phase2_feedback_tfim_qrc_reference
test,2021-05-18,0.071382506087572,0.17317246886163967,phase2_feedback_tfim_qrc_reference
test,2021-05-19,0.0707814978149417,0.1449977878813285,phase2_feedback_tfim_qrc_reference
test,2021-05-20,0.0767584127142071,0.149780773491841,phase2_feedback_tfim_qrc_reference
test,2021-05-21,0.0918109570433626,0.16289081296281166,phase2_feedback_tfim_qrc_reference
test,2021-05-24,0.0865518859428152,0.15529755166910608,phase2_feedback_tfim_qrc_reference
test,2021-05-25,0.0862983185113555,0.14471227882439813,phase2_feedback_tfim_qrc_reference
test,2021-05-26,0.0885223803755579,0.13767192816719165,phase2_feedback_tfim_qrc_reference
test,2021-05-27,0.089393337999621,0.1409164721856968,phase2_feedback_tfim_qrc_reference
test,2021-05-28,0.0894540985501164,0.13900256396236088,phase2_feedback_tfim_qrc_reference
test,2021-06-01,0.0894197572667985,0.15926496755451452,phase2_feedback_tfim_qrc_reference
test,2021-06-02,0.0892955409015071,0.16166769976060147,phase2_feedback_tfim_qrc_reference
test,2021-06-03,0.0904632146450354,0.15180218831538378,phase2_feedback_tfim_qrc_reference
test,2021-06-04,0.0887114321767558,0.12351591920617144,phase2_feedback_tfim_qrc_reference
test,2021-06-07,0.0888804048882145,0.13134239014646035,phase2_feedback_tfim_qrc_reference
test,2021-06-08,0.0897551122329963,0.13399547392804897,phase2_feedback_tfim_qrc_reference
test,2021-06-09,0.0941874801852394,0.137738063838328,phase2_feedback_tfim_qrc_reference
test,2021-06-10,0.1001042746680687,0.15767063765799105,phase2_feedback_tfim_qrc_reference
test,2021-06-11,0.1007353009965807,0.16056648258924805,phase2_feedback_tfim_qrc_reference
test,2021-06-14,0.1011508455781535,0.16547138800257588,phase2_feedback_tfim_qrc_reference
test,2021-06-15,0.1010794051339696,0.1701375218815898,phase2_feedback_tfim_qrc_reference
test,2021-06-16,0.0998476800534572,0.1535380836556771,phase2_feedback_tfim_qrc_reference
test,2021-06-17,0.1036795999882314,0.13079387577158125,phase2_feedback_tfim_qrc_reference
test,2021-06-18,0.1058962176908711,0.13406068923301095,phase2_feedback_tfim_qrc_reference
test,2021-06-21,0.1059203598870655,0.1482954377589144,phase2_feedback_tfim_qrc_reference
test,2021-06-22,0.1080749973246468,0.1581515135146445,phase2_feedback_tfim_qrc_reference
test,2021-06-23,0.1082451447830828,0.17228526409089498,phase2_feedback_tfim_qrc_reference
test,2021-06-24,0.1122440893674909,0.16649514847018287,phase2_feedback_tfim_qrc_reference
test,2021-06-25,0.1118751595515379,0.15933848941885193,phase2_feedback_tfim_qrc_reference
test,2021-06-28,0.1128178977680493,0.1570657849846763,phase2_feedback_tfim_qrc_reference
test,2021-06-29,0.1128111330446339,0.128146314067536,phase2_feedback_tfim_qrc_reference
test,2021-06-30,0.1137244086024812,0.1423076355757817,phase2_feedback_tfim_qrc_reference
test,2021-07-01,0.1133478748106921,0.1472860880928086,phase2_feedback_tfim_qrc_reference
test,2021-07-02,0.1103303592475436,0.15969614588152617,phase2_feedback_tfim_qrc_reference
test,2021-07-06,0.113833698385453,0.12759362792401607,phase2_feedback_tfim_qrc_reference
test,2021-07-07,0.1144887838859917,0.12318728989448816,phase2_feedback_tfim_qrc_reference
test,2021-07-08,0.1129887767542113,0.15852408391920117,phase2_feedback_tfim_qrc_reference
test,2021-07-09,0.1066780541442341,0.16975684032490865,phase2_feedback_tfim_qrc_reference
test,2021-07-12,0.1059597910012219,0.19151015987114342,phase2_feedback_tfim_qrc_reference
test,2021-07-13,0.1053566960238502,0.19476922933791385,phase2_feedback_tfim_qrc_reference
test,2021-07-14,0.105591768469731,0.16832896862735702,phase2_feedback_tfim_qrc_reference
test,2021-07-15,0.1054274815962836,0.13553296472601464,phase2_feedback_tfim_qrc_reference
test,2021-07-16,0.1018593238237296,0.13722964698780163,phase2_feedback_tfim_qrc_reference
test,2021-07-19,0.0874982908127199,0.1311732756752091,phase2_feedback_tfim_qrc_reference
test,2021-07-20,0.0751664199295383,0.15871704046621737,phase2_feedback_tfim_qrc_reference
test,2021-07-21,0.0797294079875701,0.1461304183139943,phase2_feedback_tfim_qrc_reference
test,2021-07-22,0.0795726460248617,0.1445402226834188,phase2_feedback_tfim_qrc_reference
test,2021-07-23,0.0761788361826462,0.1318766540416665,phase2_feedback_tfim_qrc_reference
test,2021-07-26,0.0818162499061473,0.1315580177438222,phase2_feedback_tfim_qrc_reference
test,2021-07-27,0.0803907244279898,0.13097198487564315,phase2_feedback_tfim_qrc_reference
test,2021-07-28,0.0807212551533059,0.14071568126956854,phase2_feedback_tfim_qrc_reference
test,2021-07-29,0.0821085286536593,0.1406912993387979,phase2_feedback_tfim_qrc_reference
test,2021-07-30,0.0862641703276117,0.14389244468547954,phase2_feedback_tfim_qrc_reference
test,2021-08-02,0.0873415214048813,0.12492348575245575,phase2_feedback_tfim_qrc_reference
test,2021-08-03,0.0826379743985092,0.12736490198694606,phase2_feedback_tfim_qrc_reference
test,2021-08-04,0.080784877771463,0.11651008451796124,phase2_feedback_tfim_qrc_reference
test,2021-08-05,0.0783767464378255,0.11613471964970261,phase2_feedback_tfim_qrc_reference
test,2021-08-06,0.0781620969864281,0.11124565316606139,phase2_feedback_tfim_qrc_reference
test,2021-08-09,0.0791368721471664,0.11715648966263877,phase2_feedback_tfim_qrc_reference
test,2021-08-10,0.0791321300641785,0.12184061242457181,phase2_feedback_tfim_qrc_reference
test,2021-08-11,0.0801005586923141,0.11922335104803143,phase2_feedback_tfim_qrc_reference
test,2021-08-12,0.0842188614830037,0.13451189430536148,phase2_feedback_tfim_qrc_reference
test,2021-08-13,0.0844600127383233,0.13972883132794559,phase2_feedback_tfim_qrc_reference
test,2021-08-16,0.0862133436548831,0.16620570122523154,phase2_feedback_tfim_qrc_reference
test,2021-08-17,0.0880878691582956,0.1509206351007956,phase2_feedback_tfim_qrc_reference
test,2021-08-18,0.0791523972766184,0.13245797288875402,phase2_feedback_tfim_qrc_reference
test,2021-08-19,0.0862685223160154,0.13180392890499598,phase2_feedback_tfim_qrc_reference
test,2021-08-20,0.1010608081035732,0.11917915801835469,phase2_feedback_tfim_qrc_reference
test,2021-08-23,0.0962190883182684,0.11686140663467547,phase2_feedback_tfim_qrc_reference
test,2021-08-24,0.102048025816322,0.12714173292110256,phase2_feedback_tfim_qrc_reference
test,2021-08-25,0.1104361589580029,0.15973622052389164,phase2_feedback_tfim_qrc_reference
test,2021-08-26,0.1085751911442028,0.15150582462514808,phase2_feedback_tfim_qrc_reference
test,2021-08-27,0.1043728505637436,0.16402369933356623,phase2_feedback_tfim_qrc_reference
test,2021-08-30,0.1259876941791756,0.14694501756379724,phase2_feedback_tfim_qrc_reference
test,2021-08-31,0.1260191736489601,0.1554025043242672,phase2_feedback_tfim_qrc_reference
test,2021-09-01,0.1333520567676836,0.1386288592793216,phase2_feedback_tfim_qrc_reference
test,2021-09-02,0.1393646443797706,0.1329616980643894,phase2_feedback_tfim_qrc_reference
test,2021-09-03,0.1467808536856909,0.1156317032046607,phase2_feedback_tfim_qrc_reference
test,2021-09-07,0.1507747659515767,0.11786073554101503,phase2_feedback_tfim_qrc_reference
test,2021-09-08,0.1514299763285956,0.11276621148691734,phase2_feedback_tfim_qrc_reference
test,2021-09-09,0.1537302918798785,0.12372989492561821,phase2_feedback_tfim_qrc_reference
test,2021-09-10,0.1512793451504002,0.11361955508184965,phase2_feedback_tfim_qrc_reference
test,2021-09-13,0.1531937731486876,0.12709091365612746,phase2_feedback_tfim_qrc_reference
test,2021-09-14,0.1522364051052528,0.1500152431593673,phase2_feedback_tfim_qrc_reference
test,2021-09-15,0.1498888694852489,0.13983437990175468,phase2_feedback_tfim_qrc_reference
test,2021-09-16,0.1610617550491995,0.13612013557614352,phase2_feedback_tfim_qrc_reference
test,2021-09-17,0.1595583083806427,0.13873628209727,phase2_feedback_tfim_qrc_reference
test,2021-09-20,0.1483458185221043,0.13257490058802804,phase2_feedback_tfim_qrc_reference
test,2021-09-21,0.1507959053086051,0.13189925230356783,phase2_feedback_tfim_qrc_reference
test,2021-09-22,0.1474639841268091,0.14075511989019318,phase2_feedback_tfim_qrc_reference
test,2021-09-23,0.1413980767484383,0.13989782851051083,phase2_feedback_tfim_qrc_reference
test,2021-09-24,0.1413252707005015,0.15126751845484768,phase2_feedback_tfim_qrc_reference
test,2021-09-27,0.142231693482801,0.16055590035721695,phase2_feedback_tfim_qrc_reference
test,2021-09-28,0.1225489247288219,0.18695226603684717,phase2_feedback_tfim_qrc_reference
test,2021-09-29,0.1234139834118712,0.20832515067593696,phase2_feedback_tfim_qrc_reference
test,2021-09-30,0.1203633610259919,0.1903586107923272,phase2_feedback_tfim_qrc_reference
test,2021-10-01,0.1130508481346387,0.16916709718917222,phase2_feedback_tfim_qrc_reference
test,2021-10-04,0.1034159493316717,0.1642842729604081,phase2_feedback_tfim_qrc_reference
test,2021-10-05,0.0977236433120064,0.17244084746789703,phase2_feedback_tfim_qrc_reference
test,2021-10-06,0.0989948328101034,0.17079809834009954,phase2_feedback_tfim_qrc_reference
test,2021-10-07,0.0956280087790336,0.15896218485853042,phase2_feedback_tfim_qrc_reference
test,2021-10-08,0.0961970846328135,0.15634903484330737,phase2_feedback_tfim_qrc_reference
test,2021-10-11,0.0927245046828391,0.15290395030126447,phase2_feedback_tfim_qrc_reference
test,2021-10-12,0.0930560084724757,0.1387091766837566,phase2_feedback_tfim_qrc_reference
test,2021-10-13,0.096535167857677,0.14936688271546575,phase2_feedback_tfim_qrc_reference
test,2021-10-14,0.0762524491573331,0.16638835951098754,phase2_feedback_tfim_qrc_reference
test,2021-10-15,0.0761670266099571,0.18652583800878034,phase2_feedback_tfim_qrc_reference
test,2021-10-18,0.0754504679545714,0.16980255404269928,phase2_feedback_tfim_qrc_reference
test,2021-10-19,0.0717299937471361,0.1581594429909439,phase2_feedback_tfim_qrc_reference
test,2021-10-20,0.0708951036103353,0.15625172290179734,phase2_feedback_tfim_qrc_reference
test,2021-10-21,0.0713124365692295,0.1743159377675334,phase2_feedback_tfim_qrc_reference
test,2021-10-22,0.071500213964871,0.18001235531075735,phase2_feedback_tfim_qrc_reference
test,2021-10-25,0.0696561441228969,0.15561831113500707,phase2_feedback_tfim_qrc_reference
test,2021-10-26,0.0697417079297905,0.15229917545943777,phase2_feedback_tfim_qrc_reference
test,2021-10-27,0.0685936334532971,0.15610655430792486,phase2_feedback_tfim_qrc_reference
test,2021-10-28,0.0997680890466524,0.16820646354998356,phase2_feedback_tfim_qrc_reference
test,2021-10-29,0.1085119065434439,0.16671580869246508,phase2_feedback_tfim_qrc_reference
test,2021-11-01,0.1288505670568195,0.14900313724143197,phase2_feedback_tfim_qrc_reference
test,2021-11-02,0.1340493459991623,0.1524667462200216,phase2_feedback_tfim_qrc_reference
test,2021-11-03,0.1428763221295497,0.1463896752131302,phase2_feedback_tfim_qrc_reference
test,2021-11-04,0.1452497915738904,0.1375763749663327,phase2_feedback_tfim_qrc_reference
test,2021-11-05,0.1506418283756304,0.1479529315946149,phase2_feedback_tfim_qrc_reference
test,2021-11-08,0.1672286493654862,0.13194196097520386,phase2_feedback_tfim_qrc_reference
test,2021-11-09,0.1670790766854927,0.14819693321435834,phase2_feedback_tfim_qrc_reference
test,2021-11-10,0.1663477175769234,0.13267880210517422,phase2_feedback_tfim_qrc_reference
test,2021-11-11,0.1696358805949914,0.12859115632394702,phase2_feedback_tfim_qrc_reference
test,2021-11-12,0.170474701578054,0.1425817815001452,phase2_feedback_tfim_qrc_reference
test,2021-11-15,0.1722227546698613,0.13506588203910086,phase2_feedback_tfim_qrc_reference
test,2021-11-16,0.1802576512801097,0.13894324662636032,phase2_feedback_tfim_qrc_reference
test,2021-11-17,0.1827753296850865,0.13457886693666346,phase2_feedback_tfim_qrc_reference
test,2021-11-18,0.186286231620518,0.13619518058815303,phase2_feedback_tfim_qrc_reference
test,2021-11-19,0.1900057418571182,0.14126591540627503,phase2_feedback_tfim_qrc_reference
test,2021-11-22,0.1997659396122922,0.14740203934893417,phase2_feedback_tfim_qrc_reference
test,2021-11-23,0.2028090756478133,0.13903262539390523,phase2_feedback_tfim_qrc_reference
test,2021-11-24,0.2037810279785434,0.1430675020672652,phase2_feedback_tfim_qrc_reference
test,2021-11-26,0.1939189930624821,0.14381223945846866,phase2_feedback_tfim_qrc_reference
test,2021-11-29,0.1890504097498097,0.14391870228287396,phase2_feedback_tfim_qrc_reference
test,2021-11-30,0.1757719831137676,0.17203023263730363,phase2_feedback_tfim_qrc_reference
test,2021-12-01,0.1715239149122259,0.1886109226675775,phase2_feedback_tfim_qrc_reference
test,2021-12-02,0.1630627896696616,0.1779215729461353,phase2_feedback_tfim_qrc_reference
test,2021-12-03,0.1613911148157323,0.18541801860591894,phase2_feedback_tfim_qrc_reference
test,2021-12-06,0.1558906406566241,0.18277514478131998,phase2_feedback_tfim_qrc_reference
test,2021-12-07,0.154133165043225,0.1701741177270784,phase2_feedback_tfim_qrc_reference
test,2021-12-08,0.1538832313720668,0.18505633326475393,phase2_feedback_tfim_qrc_reference
test,2021-12-09,0.1526417641140425,0.2556972033526192,phase2_feedback_tfim_qrc_reference
test,2021-12-10,0.1490401239729699,0.22089197430617818,phase2_feedback_tfim_qrc_reference
test,2021-12-13,0.1491685926636318,0.16661287207365086,phase2_feedback_tfim_qrc_reference
test,2021-12-14,0.1474536835358384,0.16299160279542074,phase2_feedback_tfim_qrc_reference
test,2021-12-15,0.1453935501222145,0.14144259020293626,phase2_feedback_tfim_qrc_reference
test,2021-12-16,0.1419607558980501,0.14771767012354248,phase2_feedback_tfim_qrc_reference
test,2021-12-17,0.1507819740447473,0.14783857124791627,phase2_feedback_tfim_qrc_reference
test,2021-12-20,0.1505587827867352,0.15973775133006113,phase2_feedback_tfim_qrc_reference
test,2021-12-21,0.1425634697691837,0.13759105167560945,phase2_feedback_tfim_qrc_reference
test,2021-12-22,0.1550156304776475,0.14304234759177017,phase2_feedback_tfim_qrc_reference
test,2021-12-23,0.1541796889777795,0.15471807371386398,phase2_feedback_tfim_qrc_reference
test,2021-12-27,0.1522645530058541,0.16083134910495187,phase2_feedback_tfim_qrc_reference
test,2021-12-28,0.1524977745934344,0.15335488377565398,phase2_feedback_tfim_qrc_reference
test,2021-12-29,0.1534397003985629,0.17001067019274194,phase2_feedback_tfim_qrc_reference
test,2021-12-30,0.1761533748040734,0.178439536623775,phase2_feedback_tfim_qrc_reference
test,2021-12-31,0.1869889243349961,0.1525641743277706,phase2_feedback_tfim_qrc_reference
test,2022-01-03,0.1873933008551939,0.15804793935712114,phase2_feedback_tfim_qrc_reference
test,2022-01-04,0.1905055484043347,0.13534365577228225,phase2_feedback_tfim_qrc_reference
test,2022-01-05,0.1966827565343722,0.17582574967149525,phase2_feedback_tfim_qrc_reference
test,2022-01-06,0.1973582664223435,0.20194571457670094,phase2_feedback_tfim_qrc_reference
test,2022-01-07,0.1971871484795639,0.18600188896433198,phase2_feedback_tfim_qrc_reference
test,2022-01-10,0.1992718550429749,0.2084223000927074,phase2_feedback_tfim_qrc_reference
test,2022-01-11,0.2033063778974384,0.15820612412134932,phase2_feedback_tfim_qrc_reference
test,2022-01-12,0.2130321097016683,0.13515341016393911,phase2_feedback_tfim_qrc_reference
test,2022-01-13,0.2189859437777857,0.12029164526842778,phase2_feedback_tfim_qrc_reference
test,2022-01-14,0.2192894382335852,0.139230441592433,phase2_feedback_tfim_qrc_reference
test,2022-01-18,0.2174621614868185,0.1562669802900582,phase2_feedback_tfim_qrc_reference
test,2022-01-19,0.2143195583005595,0.17414686049247213,phase2_feedback_tfim_qrc_reference
test,2022-01-20,0.2241578527068649,0.1934220414881584,phase2_feedback_tfim_qrc_reference
test,2022-01-21,0.2140695499380527,0.21306267432928708,phase2_feedback_tfim_qrc_reference
test,2022-01-24,0.2169476538446357,0.17555166360048607,phase2_feedback_tfim_qrc_reference
test,2022-01-25,0.2218132349189778,0.20722838916329106,phase2_feedback_tfim_qrc_reference
test,2022-01-26,0.2278878725432392,0.19472408887832343,phase2_feedback_tfim_qrc_reference
test,2022-01-27,0.2400528433515401,0.19663392465763127,phase2_feedback_tfim_qrc_reference
test,2022-01-28,0.2238866602793603,0.2216076724679344,phase2_feedback_tfim_qrc_reference
test,2022-01-31,0.2215354210273024,0.17566543000923834,phase2_feedback_tfim_qrc_reference
test,2022-02-01,0.2295506400462903,0.22595281714117554,phase2_feedback_tfim_qrc_reference
test,2022-02-02,0.2276616730342596,0.206243876916467,phase2_feedback_tfim_qrc_reference
test,2022-02-03,0.2134005783551809,0.21176727318926145,phase2_feedback_tfim_qrc_reference
test,2022-02-04,0.2377898496740295,0.19992580910493107,phase2_feedback_tfim_qrc_reference
test,2022-02-07,0.2390473008123195,0.21892316588234065,phase2_feedback_tfim_qrc_reference
test,2022-02-08,0.255181741186202,0.18051404320738465,phase2_feedback_tfim_qrc_reference
test,2022-02-09,0.2504311118351413,0.1784035584100478,phase2_feedback_tfim_qrc_reference
test,2022-02-10,0.2462476818417676,0.20228062151477355,phase2_feedback_tfim_qrc_reference
test,2022-02-11,0.237314740195223,0.1585252107470675,phase2_feedback_tfim_qrc_reference
test,2022-02-14,0.2492889315513733,0.19151498600552513,phase2_feedback_tfim_qrc_reference
test,2022-02-15,0.2549133644353149,0.19330466772394764,phase2_feedback_tfim_qrc_reference
test,2022-02-16,0.2586750671695119,0.2168891789130777,phase2_feedback_tfim_qrc_reference
test,2022-02-17,0.2500666321211058,0.2152981803827219,phase2_feedback_tfim_qrc_reference
test,2022-02-18,0.2490033148891755,0.20131537280674436,phase2_feedback_tfim_qrc_reference
test,2022-02-22,0.2494815816667802,0.19827128973293656,phase2_feedback_tfim_qrc_reference
test,2022-02-23,0.2456049396198335,0.18730810123743558,phase2_feedback_tfim_qrc_reference
test,2022-02-24,0.2456239205993391,0.17479226277232282,phase2_feedback_tfim_qrc_reference
test,2022-02-25,0.2337282395025535,0.16333353997797045,phase2_feedback_tfim_qrc_reference
test,2022-02-28,0.2349025492896603,0.15019079761091153,phase2_feedback_tfim_qrc_reference
test,2022-03-01,0.2326286337424515,0.20030221546657342,phase2_feedback_tfim_qrc_reference
test,2022-03-02,0.2245273908494174,0.20687357488404687,phase2_feedback_tfim_qrc_reference
test,2022-03-03,0.2304996252405558,0.18520604866344603,phase2_feedback_tfim_qrc_reference
test,2022-03-04,0.2288940915740478,0.19719028623903498,phase2_feedback_tfim_qrc_reference
test,2022-03-07,0.2050068701681853,0.18702293283571472,phase2_feedback_tfim_qrc_reference
test,2022-03-08,0.2081684007311473,0.19096350571309012,phase2_feedback_tfim_qrc_reference
test,2022-03-09,0.1891730851313763,0.19416713615162817,phase2_feedback_tfim_qrc_reference
test,2022-03-10,0.1893321872421801,0.15970433333550138,phase2_feedback_tfim_qrc_reference
test,2022-03-11,0.1840483429057817,0.15006718965274204,phase2_feedback_tfim_qrc_reference
test,2022-03-14,0.1921997687832155,0.1921156076569243,phase2_feedback_tfim_qrc_reference
test,2022-03-15,0.1765009278732757,0.15573446791900133,phase2_feedback_tfim_qrc_reference
test,2022-03-16,0.163481065061836,0.16597140634975646,phase2_feedback_tfim_qrc_reference
test,2022-03-17,0.1635740056470468,0.1521478390664274,phase2_feedback_tfim_qrc_reference
test,2022-03-18,0.1589446132221708,0.1583215684370805,phase2_feedback_tfim_qrc_reference
test,2022-03-21,0.1688001974966222,0.21315696253758415,phase2_feedback_tfim_qrc_reference
test,2022-03-22,0.1636924494783184,0.23439267219825866,phase2_feedback_tfim_qrc_reference
test,2022-03-23,0.1659470434233285,0.23098074048108702,phase2_feedback_tfim_qrc_reference
test,2022-03-24,0.1856650597069097,0.17448153524082308,phase2_feedback_tfim_qrc_reference
test,2022-03-25,0.1859934657481593,0.2255429500878117,phase2_feedback_tfim_qrc_reference
test,2022-03-28,0.2117614636476005,0.20569731967866853,phase2_feedback_tfim_qrc_reference
test,2022-03-29,0.2074550183126715,0.19463370426990514,phase2_feedback_tfim_qrc_reference
test,2022-03-30,0.224488568437223,0.16535007769247176,phase2_feedback_tfim_qrc_reference
test,2022-03-31,0.2554020164849392,0.16000920948857092,phase2_feedback_tfim_qrc_reference
test,2022-04-01,0.2560919606184385,0.19082593438469048,phase2_feedback_tfim_qrc_reference
test,2022-04-04,0.25481333571012,0.1677511105455868,phase2_feedback_tfim_qrc_reference
test,2022-04-05,0.272456549894522,0.18254975635899628,phase2_feedback_tfim_qrc_reference
test,2022-04-06,0.2991024453981707,0.17879874698784146,phase2_feedback_tfim_qrc_reference
test,2022-04-07,0.2993251982392771,0.16545111119717668,phase2_feedback_tfim_qrc_reference
test,2022-04-08,0.3206987521835104,0.20028975984604802,phase2_feedback_tfim_qrc_reference
test,2022-04-11,0.3149125060739845,0.18912312191858424,phase2_feedback_tfim_qrc_reference
test,2022-04-12,0.3197302169638538,0.19702568061093875,phase2_feedback_tfim_qrc_reference
test,2022-04-13,0.3171859863250896,0.20179492891373302,phase2_feedback_tfim_qrc_reference
test,2022-04-14,0.3250572321578501,0.18135907878832216,phase2_feedback_tfim_qrc_reference
test,2022-04-18,0.325374168051906,0.1681228945134544,phase2_feedback_tfim_qrc_reference
test,2022-04-19,0.3284220293968736,0.17192639259615386,phase2_feedback_tfim_qrc_reference
test,2022-04-20,0.3594251618913261,0.17993794404434021,phase2_feedback_tfim_qrc_reference
test,2022-04-21,0.3560924573088925,0.21605318747553984,phase2_feedback_tfim_qrc_reference
test,2022-04-22,0.3421265185024696,0.19372319164668841,phase2_feedback_tfim_qrc_reference
test,2022-04-25,0.3477918652556032,0.18309778607157348,phase2_feedback_tfim_qrc_reference
test,2022-04-26,0.3328914708999532,0.1972017138176222,phase2_feedback_tfim_qrc_reference
test,2022-04-27,0.3342040055155219,0.23514217473370527,phase2_feedback_tfim_qrc_reference
test,2022-04-28,0.3298230386011225,0.1922031811994371,phase2_feedback_tfim_qrc_reference
test,2022-04-29,0.313573052500523,0.2210994922363903,phase2_feedback_tfim_qrc_reference
test,2022-05-02,0.3134855145523644,0.21797211887475523,phase2_feedback_tfim_qrc_reference
test,2022-05-03,0.3143893797930115,0.22511767378168682,phase2_feedback_tfim_qrc_reference
test,2022-05-04,0.3032916957518327,0.2386470761111138,phase2_feedback_tfim_qrc_reference
test,2022-05-05,0.2809516415405313,0.2503188264926575,phase2_feedback_tfim_qrc_reference
test,2022-05-06,0.2803545196440136,0.23982966044679163,phase2_feedback_tfim_qrc_reference
test,2022-05-09,0.2576907129119684,0.22054973757702903,phase2_feedback_tfim_qrc_reference
test,2022-05-10,0.2604670601636369,0.27568579164317736,phase2_feedback_tfim_qrc_reference
test,2022-05-11,0.268164436691395,0.25296823942289415,phase2_feedback_tfim_qrc_reference
test,2022-05-12,0.2877625188274092,0.22003483789688186,phase2_feedback_tfim_qrc_reference
test,2022-05-13,0.3076564159376105,0.22627469312945045,phase2_feedback_tfim_qrc_reference
test,2022-05-16,0.3075043934566952,0.19651987071699065,phase2_feedback_tfim_qrc_reference
test,2022-05-17,0.3030840133390104,0.1874465095058618,phase2_feedback_tfim_qrc_reference
test,2022-05-18,0.2912042844870798,0.17500941905552847,phase2_feedback_tfim_qrc_reference
test,2022-05-19,0.2904871761869165,0.23422947664640986,phase2_feedback_tfim_qrc_reference
test,2022-05-20,0.3035928770456373,0.23716993480655219,phase2_feedback_tfim_qrc_reference
test,2022-05-23,0.2964463266216461,0.21528577520551218,phase2_feedback_tfim_qrc_reference
test,2022-05-24,0.297219613456127,0.2224373386177051,phase2_feedback_tfim_qrc_reference
test,2022-05-25,0.3157654557531271,0.22599037992570792,phase2_feedback_tfim_qrc_reference
test,2022-05-26,0.3081566342544198,0.17686046524337415,phase2_feedback_tfim_qrc_reference
test,2022-05-27,0.3048264375780813,0.13801550344537786,phase2_feedback_tfim_qrc_reference
test,2022-05-31,0.3041851274449602,0.19582937053575383,phase2_feedback_tfim_qrc_reference
test,2022-06-01,0.3041972780890867,0.19938883019198378,phase2_feedback_tfim_qrc_reference
test,2022-06-02,0.2990764453881688,0.22866432664949599,phase2_feedback_tfim_qrc_reference
test,2022-06-03,0.2933281090801971,0.2341067600249695,phase2_feedback_tfim_qrc_reference
test,2022-06-06,0.2933737629897562,0.16388762633277598,phase2_feedback_tfim_qrc_reference
test,2022-06-07,0.2961494037935536,0.1658296559829654,phase2_feedback_tfim_qrc_reference
test,2022-06-08,0.2936107915728478,0.18034063223848232,phase2_feedback_tfim_qrc_reference
test,2022-06-09,0.2838491422634702,0.1892267621579939,phase2_feedback_tfim_qrc_reference
test,2022-06-10,0.2658135978130592,0.13097546144964434,phase2_feedback_tfim_qrc_reference
test,2022-06-13,0.2283146824630523,0.178000432608121,phase2_feedback_tfim_qrc_reference
test,2022-06-14,0.2282264915701486,0.2761029993805675,phase2_feedback_tfim_qrc_reference
test,2022-06-15,0.23254079644233,0.21584066923416048,phase2_feedback_tfim_qrc_reference
test,2022-06-16,0.2016656676173078,0.19735821322184943,phase2_feedback_tfim_qrc_reference
test,2022-06-17,0.2226356561286464,0.20222250905782996,phase2_feedback_tfim_qrc_reference
test,2022-06-21,0.205637853098005,0.22506848888988115,phase2_feedback_tfim_qrc_reference
test,2022-06-22,0.2086595665014665,0.20418648663545932,phase2_feedback_tfim_qrc_reference
test,2022-06-23,0.2084097271289021,0.2434926449169997,phase2_feedback_tfim_qrc_reference
test,2022-06-24,0.1763801429290557,0.313659217537676,phase2_feedback_tfim_qrc_reference
test,2022-06-27,0.1808594881959178,0.21237677587885323,phase2_feedback_tfim_qrc_reference
test,2022-06-28,0.1887331105990739,0.23690781372974226,phase2_feedback_tfim_qrc_reference
test,2022-06-29,0.1938283261092905,0.21384263303559917,phase2_feedback_tfim_qrc_reference
test,2022-06-30,0.19841972680207,0.2773058336457526,phase2_feedback_tfim_qrc_reference
test,2022-07-01,0.1951576037976559,0.27846798625518254,phase2_feedback_tfim_qrc_reference
test,2022-07-05,0.1964528325711191,0.2809487268637156,phase2_feedback_tfim_qrc_reference
test,2022-07-06,0.2036972200646342,0.3345539319054653,phase2_feedback_tfim_qrc_reference
test,2022-07-07,0.1967579910069169,0.2578209477610339,phase2_feedback_tfim_qrc_reference
test,2022-07-08,0.1968279015465187,0.21947114758774502,phase2_feedback_tfim_qrc_reference
test,2022-07-11,0.1926005008308797,0.2189857941476495,phase2_feedback_tfim_qrc_reference
test,2022-07-12,0.1905231005745014,0.25807676289210774,phase2_feedback_tfim_qrc_reference
test,2022-07-13,0.2034547621243354,0.2380737843700251,phase2_feedback_tfim_qrc_reference
test,2022-07-14,0.2032716135598573,0.22936567976039057,phase2_feedback_tfim_qrc_reference
test,2022-07-15,0.200891679949985,0.3606910598704425,phase2_feedback_tfim_qrc_reference
test,2022-07-18,0.1992595144620317,0.3073043661732142,phase2_feedback_tfim_qrc_reference
test,2022-07-19,0.1754896152259286,0.23475377936061254,phase2_feedback_tfim_qrc_reference
test,2022-07-20,0.1758620074940471,0.2162899014120301,phase2_feedback_tfim_qrc_reference
test,2022-07-21,0.1724534711183858,0.17571838095297707,phase2_feedback_tfim_qrc_reference
test,2022-07-22,0.1759310314698845,0.20603839528332593,phase2_feedback_tfim_qrc_reference
test,2022-07-25,0.1910814171979664,0.19243524683862684,phase2_feedback_tfim_qrc_reference
test,2022-07-26,0.1865510395603663,0.21549682662158293,phase2_feedback_tfim_qrc_reference
test,2022-07-27,0.1632483524845573,0.1876439482201771,phase2_feedback_tfim_qrc_reference
test,2022-07-28,0.1648290441425352,0.1865548941481821,phase2_feedback_tfim_qrc_reference
test,2022-07-29,0.1986705315310008,0.20441588943416256,phase2_feedback_tfim_qrc_reference
test,2022-08-01,0.199784159845057,0.17644235067567135,phase2_feedback_tfim_qrc_reference
test,2022-08-02,0.2022298696130606,0.16668068869350716,phase2_feedback_tfim_qrc_reference
test,2022-08-03,0.1964432755761195,0.21771550493594155,phase2_feedback_tfim_qrc_reference
test,2022-08-04,0.1967431561840973,0.1921863557117908,phase2_feedback_tfim_qrc_reference
test,2022-08-05,0.2002188824066753,0.1648718158639876,phase2_feedback_tfim_qrc_reference
test,2022-08-08,0.2006257062424531,0.19179575472813204,phase2_feedback_tfim_qrc_reference
test,2022-08-09,0.2098711211423826,0.2670725286451888,phase2_feedback_tfim_qrc_reference
test,2022-08-10,0.1978295440517113,0.22320459275423993,phase2_feedback_tfim_qrc_reference
test,2022-08-11,0.2052581188683132,0.22354922613767592,phase2_feedback_tfim_qrc_reference
test,2022-08-12,0.2000501251745,0.24844790207847905,phase2_feedback_tfim_qrc_reference
test,2022-08-15,0.2543796417461356,0.2077759238240055,phase2_feedback_tfim_qrc_reference
test,2022-08-16,0.2546438816129741,0.18244870855619863,phase2_feedback_tfim_qrc_reference
test,2022-08-17,0.2566064209009475,0.18345767650033776,phase2_feedback_tfim_qrc_reference
test,2022-08-18,0.2578361506940325,0.1877900002375494,phase2_feedback_tfim_qrc_reference
test,2022-08-19,0.2548040257935227,0.21850661004911806,phase2_feedback_tfim_qrc_reference
test,2022-08-22,0.2470334939701197,0.21498250323416276,phase2_feedback_tfim_qrc_reference
test,2022-08-23,0.2546638058209657,0.2046321264788014,phase2_feedback_tfim_qrc_reference
test,2022-08-24,0.2561668771879982,0.19263813356082976,phase2_feedback_tfim_qrc_reference
test,2022-08-25,0.2583458103965717,0.18124665495597714,phase2_feedback_tfim_qrc_reference
test,2022-08-26,0.2303197405628605,0.19761845478113418,phase2_feedback_tfim_qrc_reference
test,2022-08-29,0.2292923298439402,0.1783988246553189,phase2_feedback_tfim_qrc_reference
test,2022-08-30,0.2362704124885474,0.15840477770814076,phase2_feedback_tfim_qrc_reference
test,2022-08-31,0.2463813562428823,0.17892887203681476,phase2_feedback_tfim_qrc_reference
test,2022-09-01,0.2522702430071133,0.15781852607729238,phase2_feedback_tfim_qrc_reference
test,2022-09-02,0.2660463144922483,0.152403906917818,phase2_feedback_tfim_qrc_reference
test,2022-09-06,0.2869395306153949,0.1682650154644214,phase2_feedback_tfim_qrc_reference
test,2022-09-07,0.2800143982221157,0.15528321235619588,phase2_feedback_tfim_qrc_reference
test,2022-09-08,0.2814748228570213,0.14977919502735326,phase2_feedback_tfim_qrc_reference
test,2022-09-09,0.2937995005508539,0.16925707712894741,phase2_feedback_tfim_qrc_reference
test,2022-09-12,0.2926060715450665,0.16195533720676072,phase2_feedback_tfim_qrc_reference
test,2022-09-13,0.2474365895160523,0.15980699365896678,phase2_feedback_tfim_qrc_reference
test,2022-09-14,0.247345188038413,0.15305972815809893,phase2_feedback_tfim_qrc_reference
test,2022-09-15,0.2609338291746739,0.17206393586137772,phase2_feedback_tfim_qrc_reference
test,2022-09-16,0.272109286444349,0.2075665218845269,phase2_feedback_tfim_qrc_reference
test,2022-09-19,0.2853118463793576,0.18869526965536434,phase2_feedback_tfim_qrc_reference
test,2022-09-20,0.2853817121662837,0.18981086087729068,phase2_feedback_tfim_qrc_reference
test,2022-09-21,0.2796032075920666,0.2069130769325809,phase2_feedback_tfim_qrc_reference
test,2022-09-22,0.2795977758710039,0.1851446126572198,phase2_feedback_tfim_qrc_reference
test,2022-09-23,0.2860801657383587,0.1779304588819878,phase2_feedback_tfim_qrc_reference
test,2022-09-26,0.2871588885926464,0.1727395590535379,phase2_feedback_tfim_qrc_reference
test,2022-09-27,0.292472681622451,0.16636612798004657,phase2_feedback_tfim_qrc_reference
test,2022-09-28,0.285441521209332,0.1799448068707091,phase2_feedback_tfim_qrc_reference
test,2022-09-29,0.2760849840197367,0.1456268202735839,phase2_feedback_tfim_qrc_reference
test,2022-09-30,0.2830694700468309,0.16653719978493578,phase2_feedback_tfim_qrc_reference
test,2022-10-03,0.26876449842646,0.16395498335601386,phase2_feedback_tfim_qrc_reference
test,2022-10-04,0.2464608841828414,0.1884086069081643,phase2_feedback_tfim_qrc_reference
test,2022-10-05,0.2623242490440555,0.21167589457935115,phase2_feedback_tfim_qrc_reference
test,2022-10-06,0.2623147609907249,0.18451590614714516,phase2_feedback_tfim_qrc_reference
test,2022-10-07,0.2475836980764121,0.2299914187508653,phase2_feedback_tfim_qrc_reference
test,2022-10-10,0.2483938663919743,0.21173046751723335,phase2_feedback_tfim_qrc_reference
test,2022-10-11,0.2481043048833477,0.20691159921947203,phase2_feedback_tfim_qrc_reference
test,2022-10-12,0.2586087995455596,0.1873918754788446,phase2_feedback_tfim_qrc_reference
test,2022-10-13,0.3072289561466299,0.2055616671830031,phase2_feedback_tfim_qrc_reference
test,2022-10-14,0.2980986873273247,0.1800587455465791,phase2_feedback_tfim_qrc_reference
test,2022-10-17,0.2857815065050649,0.20858112996288292,phase2_feedback_tfim_qrc_reference
test,2022-10-18,0.2843599747482689,0.20889822212730072,phase2_feedback_tfim_qrc_reference
test,2022-10-19,0.2845387253033212,0.22828121883583108,phase2_feedback_tfim_qrc_reference
test,2022-10-20,0.2831733036911341,0.2139310886596602,phase2_feedback_tfim_qrc_reference
test,2022-10-21,0.2705207466293716,0.21262803944950906,phase2_feedback_tfim_qrc_reference
test,2022-10-24,0.2673665459667721,0.19843916389458355,phase2_feedback_tfim_qrc_reference
test,2022-10-25,0.2656575931289537,0.16243397662948897,phase2_feedback_tfim_qrc_reference
test,2022-10-26,0.2652367287971626,0.17489226316500073,phase2_feedback_tfim_qrc_reference
test,2022-10-27,0.2645560691555034,0.19012432389182826,phase2_feedback_tfim_qrc_reference
test,2022-10-28,0.2574578311607262,0.2313945604611322,phase2_feedback_tfim_qrc_reference
test,2022-10-31,0.2562412790154851,0.18520928262906422,phase2_feedback_tfim_qrc_reference
test,2022-11-01,0.2784552178472514,0.23315340783759844,phase2_feedback_tfim_qrc_reference
test,2022-11-02,0.2634475824225811,0.19149869232813657,phase2_feedback_tfim_qrc_reference
test,2022-11-03,0.2609053598461033,0.17762469785163043,phase2_feedback_tfim_qrc_reference
test,2022-11-04,0.2639140293777321,0.16838530096889154,phase2_feedback_tfim_qrc_reference
test,2022-11-07,0.2667675759673797,0.2220023895959058,phase2_feedback_tfim_qrc_reference
test,2022-11-08,0.2661515676909991,0.16967174601231186,phase2_feedback_tfim_qrc_reference
test,2022-11-09,0.2571840561666948,0.1654757992415132,phase2_feedback_tfim_qrc_reference
test,2022-11-10,0.1754748469551319,0.16116634340635644,phase2_feedback_tfim_qrc_reference
test,2022-11-11,0.1794551122313835,0.18826295935689813,phase2_feedback_tfim_qrc_reference
test,2022-11-14,0.1788888322298428,0.20609556123581277,phase2_feedback_tfim_qrc_reference
test,2022-11-15,0.1777942367416796,0.22695055589643393,phase2_feedback_tfim_qrc_reference
test,2022-11-16,0.1964686759715093,0.22303802513428264,phase2_feedback_tfim_qrc_reference
test,2022-11-17,0.2006453244080643,0.2297526344712367,phase2_feedback_tfim_qrc_reference
test,2022-11-18,0.202271351750544,0.2151817208986135,phase2_feedback_tfim_qrc_reference
test,2022-11-21,0.2019159682656851,0.18793815341429698,phase2_feedback_tfim_qrc_reference
test,2022-11-22,0.2032093898670545,0.23136423115240592,phase2_feedback_tfim_qrc_reference
test,2022-11-23,0.2083224254400236,0.18893586412994723,phase2_feedback_tfim_qrc_reference
test,2022-11-25,0.2093134508053907,0.18890541764766727,phase2_feedback_tfim_qrc_reference
test,2022-11-28,0.2018629455151254,0.26375896110920594,phase2_feedback_tfim_qrc_reference
test,2022-11-29,0.2065962476329387,0.18089489913983994,phase2_feedback_tfim_qrc_reference
test,2022-11-30,0.1859360295314082,0.21265522537410625,phase2_feedback_tfim_qrc_reference
test,2022-12-01,0.1861532549367418,0.2552744144486151,phase2_feedback_tfim_qrc_reference
test,2022-12-02,0.1867096730662759,0.26178139168350817,phase2_feedback_tfim_qrc_reference
test,2022-12-05,0.1773518191462626,0.22479659772004051,phase2_feedback_tfim_qrc_reference
test,2022-12-06,0.1745212081356631,0.20501344574337882,phase2_feedback_tfim_qrc_reference
test,2022-12-07,0.1920896852877608,0.1976047755484486,phase2_feedback_tfim_qrc_reference
test,2022-12-08,0.1900926539752712,0.26402806197847695,phase2_feedback_tfim_qrc_reference
test,2022-12-09,0.1898475457685396,0.21206790722401236,phase2_feedback_tfim_qrc_reference
test,2022-12-12,0.1882839552439521,0.2434324185020294,phase2_feedback_tfim_qrc_reference
test,2022-12-13,0.1868170602405432,0.21787808012431104,phase2_feedback_tfim_qrc_reference
test,2022-12-14,0.1859331681147897,0.18109305188115082,phase2_feedback_tfim_qrc_reference
test,2022-12-15,0.1639676910313546,0.18378262506434154,phase2_feedback_tfim_qrc_reference
test,2022-12-16,0.1682244938159498,0.21157969368030302,phase2_feedback_tfim_qrc_reference
test,2022-12-19,0.1675063819770957,0.1895858949248555,phase2_feedback_tfim_qrc_reference
test,2022-12-20,0.1797983885370402,0.2111310287409991,phase2_feedback_tfim_qrc_reference
test,2022-12-21,0.1770436704818218,0.19564834064629652,phase2_feedback_tfim_qrc_reference
test,2022-12-22,0.169580765421102,0.1866829001109818,phase2_feedback_tfim_qrc_reference
test,2022-12-23,0.1683593984267283,0.207491521133996,phase2_feedback_tfim_qrc_reference
test,2022-12-27,0.1722020417245436,0.15992956537661351,phase2_feedback_tfim_qrc_reference
test,2022-12-28,0.1665812874233216,0.14750196628103518,phase2_feedback_tfim_qrc_reference
test,2022-12-29,0.1604612494922751,0.1562906015784123,phase2_feedback_tfim_qrc_reference
test,2022-12-30,0.168358718990132,0.19110096879757352,phase2_feedback_tfim_qrc_reference
test,2023-01-03,0.1718387890162545,0.1913896886193427,phase2_feedback_tfim_qrc_reference
test,2023-01-04,0.1772425977180793,0.17711086423785663,phase2_feedback_tfim_qrc_reference
test,2023-01-05,0.1766165216836836,0.16311812754880836,phase2_feedback_tfim_qrc_reference
test,2023-01-06,0.1587121906958229,0.14389246379946208,phase2_feedback_tfim_qrc_reference
test,2023-01-09,0.1652661099937541,0.2079531301005325,phase2_feedback_tfim_qrc_reference
test,2023-01-10,0.1679904749352954,0.18728367040075475,phase2_feedback_tfim_qrc_reference
test,2023-01-11,0.1648804846431692,0.20544087204694425,phase2_feedback_tfim_qrc_reference
test,2023-01-12,0.1645831748708206,0.16667101133643425,phase2_feedback_tfim_qrc_reference
test,2023-01-13,0.1691594214525186,0.15859630402547975,phase2_feedback_tfim_qrc_reference
test,2023-01-17,0.1690420478476195,0.1408573727651639,phase2_feedback_tfim_qrc_reference
test,2023-01-18,0.1597393773034683,0.1377922259738557,phase2_feedback_tfim_qrc_reference
test,2023-01-19,0.165124416737017,0.12938051205489956,phase2_feedback_tfim_qrc_reference
test,2023-01-20,0.1518297723799201,0.15575519554148676,phase2_feedback_tfim_qrc_reference
test,2023-01-23,0.1625857725258886,0.15687592161764982,phase2_feedback_tfim_qrc_reference
test,2023-01-24,0.1626147720003063,0.16665702439155625,phase2_feedback_tfim_qrc_reference
test,2023-01-25,0.1636961901923428,0.14338877838060768,phase2_feedback_tfim_qrc_reference
test,2023-01-26,0.1635372396291447,0.13434041693330642,phase2_feedback_tfim_qrc_reference
test,2023-01-27,0.1637794760537563,0.19977319358540102,phase2_feedback_tfim_qrc_reference
test,2023-01-30,0.1580750841219586,0.13816367880503366,phase2_feedback_tfim_qrc_reference
test,2023-01-31,0.1499644651318289,0.14343724336018882,phase2_feedback_tfim_qrc_reference
test,2023-02-01,0.1477747254180441,0.1661769906613343,phase2_feedback_tfim_qrc_reference
test,2023-02-02,0.1496508156019928,0.16587438760271775,phase2_feedback_tfim_qrc_reference
test,2023-02-03,0.1447848239973305,0.14261308526852345,phase2_feedback_tfim_qrc_reference
test,2023-02-06,0.153283547812589,0.12986380265163547,phase2_feedback_tfim_qrc_reference
test,2023-02-07,0.1462941443008337,0.13865375594369142,phase2_feedback_tfim_qrc_reference
test,2023-02-08,0.1557182495153781,0.15671615478134485,phase2_feedback_tfim_qrc_reference
test,2023-02-09,0.1611049386199123,0.14000098317217902,phase2_feedback_tfim_qrc_reference
test,2023-02-10,0.1609720022092784,0.13831809942689796,phase2_feedback_tfim_qrc_reference
test,2023-02-13,0.1660800056628619,0.1386317496261037,phase2_feedback_tfim_qrc_reference
test,2023-02-14,0.1675584877263012,0.160702655412125,phase2_feedback_tfim_qrc_reference
test,2023-02-15,0.1781997044479166,0.13972317656728206,phase2_feedback_tfim_qrc_reference
test,2023-02-16,0.1762839395152749,0.15494308386907835,phase2_feedback_tfim_qrc_reference
test,2023-02-17,0.1793073011745217,0.15246635093575756,phase2_feedback_tfim_qrc_reference
test,2023-02-21,0.1706487138248422,0.14444244244044863,phase2_feedback_tfim_qrc_reference
test,2023-02-22,0.1811676580761216,0.1451578299177202,phase2_feedback_tfim_qrc_reference
test,2023-02-23,0.180440827451077,0.14118259546618322,phase2_feedback_tfim_qrc_reference
test,2023-02-24,0.177889186729458,0.14727944297451423,phase2_feedback_tfim_qrc_reference
test,2023-02-27,0.1776031101036707,0.15384157461464987,phase2_feedback_tfim_qrc_reference
test,2023-02-28,0.1772956274552231,0.14335658089348863,phase2_feedback_tfim_qrc_reference
test,2023-03-01,0.1840419545015813,0.149042342010328,phase2_feedback_tfim_qrc_reference
test,2023-03-02,0.1831520619662628,0.13130184702254216,phase2_feedback_tfim_qrc_reference
test,2023-03-03,0.1811721224867674,0.1366710954994219,phase2_feedback_tfim_qrc_reference
test,2023-03-06,0.1816577744721167,0.15821348715379743,phase2_feedback_tfim_qrc_reference
test,2023-03-07,0.1743067796094325,0.14616313367936037,phase2_feedback_tfim_qrc_reference
test,2023-03-08,0.1744590491522717,0.12786613923689696,phase2_feedback_tfim_qrc_reference
test,2023-03-09,0.1620417333198135,0.14582741439715297,phase2_feedback_tfim_qrc_reference
test,2023-03-10,0.1536520436610459,0.1566683616513164,phase2_feedback_tfim_qrc_reference
test,2023-03-13,0.1535715768492947,0.1671426266028455,phase2_feedback_tfim_qrc_reference
test,2023-03-14,0.1428553026640356,0.1778905130783714,phase2_feedback_tfim_qrc_reference
test,2023-03-15,0.1486792170402611,0.16252957360769646,phase2_feedback_tfim_qrc_reference
test,2023-03-16,0.1355327411607442,0.15762289572381027,phase2_feedback_tfim_qrc_reference
test,2023-03-17,0.1295678361008988,0.16182077175070875,phase2_feedback_tfim_qrc_reference
test,2023-03-20,0.1250570516394734,0.1719119199594712,phase2_feedback_tfim_qrc_reference
test,2023-03-21,0.1161698879521693,0.15440039164444014,phase2_feedback_tfim_qrc_reference
test,2023-03-22,0.1007375136737609,0.15512816562252363,phase2_feedback_tfim_qrc_reference
test,2023-03-23,0.1003186400932295,0.160690056247169,phase2_feedback_tfim_qrc_reference
test,2023-03-24,0.0976651776775789,0.14339322153601824,phase2_feedback_tfim_qrc_reference
test,2023-03-27,0.1127855391137513,0.14044596552412578,phase2_feedback_tfim_qrc_reference
test,2023-03-28,0.1135074704236087,0.15645674955504066,phase2_feedback_tfim_qrc_reference
test,2023-03-29,0.1231107905721833,0.1694893430382622,phase2_feedback_tfim_qrc_reference
test,2023-03-30,0.1250477132968527,0.14532568241466162,phase2_feedback_tfim_qrc_reference
test,2023-03-31,0.1148107126430651,0.13982299253021302,phase2_feedback_tfim_qrc_reference
test,2023-04-03,0.120867387378538,0.1386714939019395,phase2_feedback_tfim_qrc_reference
test,2023-04-04,0.1217238564679368,0.15660459506130336,phase2_feedback_tfim_qrc_reference
test,2023-04-05,0.1239624747554156,0.14427302528264027,phase2_feedback_tfim_qrc_reference
test,2023-04-06,0.1393387200218606,0.14461660518317368,phase2_feedback_tfim_qrc_reference
test,2023-04-10,0.1392943452092413,0.16213563605499062,phase2_feedback_tfim_qrc_reference
test,2023-04-11,0.1401620287432875,0.18600504580108362,phase2_feedback_tfim_qrc_reference
test,2023-04-12,0.1403887029319691,0.184963557517828,phase2_feedback_tfim_qrc_reference
test,2023-04-13,0.1324898234114204,0.15718838190768442,phase2_feedback_tfim_qrc_reference
test,2023-04-14,0.1322870302021149,0.14238654254207078,phase2_feedback_tfim_qrc_reference
test,2023-04-17,0.1322409827862827,0.13398866173207893,phase2_feedback_tfim_qrc_reference
test,2023-04-18,0.1343457844432699,0.12808875030465258,phase2_feedback_tfim_qrc_reference
test,2023-04-19,0.1410063594311222,0.13598130758778737,phase2_feedback_tfim_qrc_reference
test,2023-04-20,0.1437483558085993,0.1415822976581695,phase2_feedback_tfim_qrc_reference
test,2023-04-21,0.1438148211441445,0.13941979945967195,phase2_feedback_tfim_qrc_reference
test,2023-04-24,0.1437744312389138,0.15227199580541753,phase2_feedback_tfim_qrc_reference
test,2023-04-25,0.1380217685312606,0.13102751781201222,phase2_feedback_tfim_qrc_reference
test,2023-04-26,0.1396036654503653,0.13232489586104898,phase2_feedback_tfim_qrc_reference
test,2023-04-27,0.1246188998936697,0.16216103908825294,phase2_feedback_tfim_qrc_reference
test,2023-04-28,0.1292515413823511,0.17179357536503667,phase2_feedback_tfim_qrc_reference
test,2023-05-01,0.1292088532652997,0.16421659913006145,phase2_feedback_tfim_qrc_reference
test,2023-05-02,0.1243979168524704,0.1826605020246418,phase2_feedback_tfim_qrc_reference
test,2023-05-03,0.1265058973193618,0.15870847034969113,phase2_feedback_tfim_qrc_reference
test,2023-05-04,0.134031954337899,0.16065990784389916,phase2_feedback_tfim_qrc_reference
test,2023-05-05,0.1173513977065018,0.15740666869868494,phase2_feedback_tfim_qrc_reference
test,2023-05-08,0.1176012880026968,0.15895402680539933,phase2_feedback_tfim_qrc_reference
test,2023-05-09,0.1172085482158593,0.1795337231488217,phase2_feedback_tfim_qrc_reference
test,2023-05-10,0.1179926279697103,0.16093597602413484,phase2_feedback_tfim_qrc_reference
test,2023-05-11,0.1180015551901874,0.17585212871973274,phase2_feedback_tfim_qrc_reference
test,2023-05-12,0.1221897302631297,0.13996152671190154,phase2_feedback_tfim_qrc_reference
test,2023-05-15,0.123794083674698,0.15178320983185575,phase2_feedback_tfim_qrc_reference
test,2023-05-16,0.1215580208288314,0.1502713012379684,phase2_feedback_tfim_qrc_reference
test,2023-05-17,0.121880550893569,0.1485063005418865,phase2_feedback_tfim_qrc_reference
test,2023-05-18,0.1176579042144644,0.1410351253961811,phase2_feedback_tfim_qrc_reference
test,2023-05-19,0.1189856781375594,0.15211421563047056,phase2_feedback_tfim_qrc_reference
test,2023-05-22,0.1203660830730093,0.13768849889798576,phase2_feedback_tfim_qrc_reference
test,2023-05-23,0.1142216768826389,0.14663377893833657,phase2_feedback_tfim_qrc_reference
test,2023-05-24,0.1144816106178851,0.1528785946486809,phase2_feedback_tfim_qrc_reference
test,2023-05-25,0.1112673397331122,0.14356112188872144,phase2_feedback_tfim_qrc_reference
test,2023-05-26,0.1085920241854753,0.1693823162710857,phase2_feedback_tfim_qrc_reference
test,2023-05-30,0.1085983672002145,0.18873953076050842,phase2_feedback_tfim_qrc_reference
test,2023-05-31,0.1076985254239304,0.16940492834368007,phase2_feedback_tfim_qrc_reference
test,2023-06-01,0.1104830261645152,0.1468928210204696,phase2_feedback_tfim_qrc_reference
test,2023-06-02,0.0981107384599108,0.14486395645769146,phase2_feedback_tfim_qrc_reference
test,2023-06-05,0.0980166826323445,0.14321368265821444,phase2_feedback_tfim_qrc_reference
test,2023-06-06,0.1016186242340663,0.14235174356846772,phase2_feedback_tfim_qrc_reference
test,2023-06-07,0.1012703679749955,0.12216323571884634,phase2_feedback_tfim_qrc_reference
test,2023-06-08,0.0993881005451452,0.13534690269593402,phase2_feedback_tfim_qrc_reference
test,2023-06-09,0.1017118913163815,0.11944810605383432,phase2_feedback_tfim_qrc_reference
test,2023-06-12,0.1006322377333368,0.11708059263064857,phase2_feedback_tfim_qrc_reference
test,2023-06-13,0.1018342002014756,0.13574666144378075,phase2_feedback_tfim_qrc_reference
test,2023-06-14,0.1017705516847287,0.12739726126801207,phase2_feedback_tfim_qrc_reference
test,2023-06-15,0.092713218340906,0.13519101282670673,phase2_feedback_tfim_qrc_reference
test,2023-06-16,0.0956017927796715,0.14264002902982104,phase2_feedback_tfim_qrc_reference
test,2023-06-20,0.0941325480554639,0.1452794892021612,phase2_feedback_tfim_qrc_reference
test,2023-06-21,0.0953243971492922,0.11999842209679741,phase2_feedback_tfim_qrc_reference
test,2023-06-22,0.0944624933299643,0.1265327114122572,phase2_feedback_tfim_qrc_reference
test,2023-06-23,0.091912358873018,0.15483947378121898,phase2_feedback_tfim_qrc_reference
test,2023-06-26,0.0912706595956608,0.14654840716347803,phase2_feedback_tfim_qrc_reference
test,2023-06-27,0.0826597177928597,0.1481049395821367,phase2_feedback_tfim_qrc_reference
test,2023-06-28,0.0859475608288838,0.14375042356327478,phase2_feedback_tfim_qrc_reference
test,2023-06-29,0.0915861140632179,0.12078323791043319,phase2_feedback_tfim_qrc_reference
test,2023-06-30,0.0818499894555952,0.11579490939250649,phase2_feedback_tfim_qrc_reference
test,2023-07-03,0.0823786396716683,0.14878062392634708,phase2_feedback_tfim_qrc_reference
test,2023-07-05,0.0960776258369543,0.11649185840405327,phase2_feedback_tfim_qrc_reference
test,2023-07-06,0.0924987734068415,0.1291008649613557,phase2_feedback_tfim_qrc_reference
test,2023-07-07,0.0934580402306125,0.1265316919116582,phase2_feedback_tfim_qrc_reference
test,2023-07-10,0.0980078451471102,0.11820337440373711,phase2_feedback_tfim_qrc_reference
test,2023-07-11,0.0966284172081981,0.13012398836089606,phase2_feedback_tfim_qrc_reference
test,2023-07-12,0.0953667440748528,0.13852470163911448,phase2_feedback_tfim_qrc_reference
test,2023-07-13,0.0911536283376591,0.11852886665556252,phase2_feedback_tfim_qrc_reference
test,2023-07-14,0.0911503100467932,0.1232789932222992,phase2_feedback_tfim_qrc_reference
test,2023-07-17,0.092405781394505,0.11750890112934066,phase2_feedback_tfim_qrc_reference
test,2023-07-18,0.0978681353877588,0.1132736507088693,phase2_feedback_tfim_qrc_reference
test,2023-07-19,0.1009926527544676,0.12092280009408335,phase2_feedback_tfim_qrc_reference
test,2023-07-20,0.1018747094255712,0.11980846163511939,phase2_feedback_tfim_qrc_reference
test,2023-07-21,0.1018890327256418,0.1274768274247685,phase2_feedback_tfim_qrc_reference
test,2023-07-24,0.1032520362808725,0.1215935386588711,phase2_feedback_tfim_qrc_reference
test,2023-07-25,0.1032474185613816,0.12846173726401897,phase2_feedback_tfim_qrc_reference
test,2023-07-26,0.1104785696326524,0.11897503475363666,phase2_feedback_tfim_qrc_reference
test,2023-07-27,0.1187520212559967,0.11251527427957,phase2_feedback_tfim_qrc_reference
test,2023-07-28,0.1163094127992176,0.1283502693120844,phase2_feedback_tfim_qrc_reference
test,2023-07-31,0.118261451542234,0.12151689443366863,phase2_feedback_tfim_qrc_reference
test,2023-08-01,0.1283640659449643,0.10634194180408578,phase2_feedback_tfim_qrc_reference
test,2023-08-02,0.119237735405843,0.10993592526911333,phase2_feedback_tfim_qrc_reference
test,2023-08-03,0.1189153642455444,0.11586891779780022,phase2_feedback_tfim_qrc_reference
test,2023-08-04,0.1180073074773794,0.12135867728833157,phase2_feedback_tfim_qrc_reference
test,2023-08-07,0.114936735656745,0.12055700641692536,phase2_feedback_tfim_qrc_reference
test,2023-08-08,0.1163804832539367,0.12208272065239364,phase2_feedback_tfim_qrc_reference
test,2023-08-09,0.1144404506331408,0.11444926848728186,phase2_feedback_tfim_qrc_reference
test,2023-08-10,0.1145579937094751,0.11362199177649511,phase2_feedback_tfim_qrc_reference
test,2023-08-11,0.1168787993345129,0.12323389476245679,phase2_feedback_tfim_qrc_reference
test,2023-08-14,0.1168763165513214,0.11399221634841464,phase2_feedback_tfim_qrc_reference
test,2023-08-15,0.1093035338476327,0.10749775319840082,phase2_feedback_tfim_qrc_reference
test,2023-08-16,0.110419606798281,0.11448054839791418,phase2_feedback_tfim_qrc_reference
test,2023-08-17,0.1153536102952739,0.1201949677972818,phase2_feedback_tfim_qrc_reference
test,2023-08-18,0.115359722815126,0.12793805930250335,phase2_feedback_tfim_qrc_reference
test,2023-08-21,0.113279355780151,0.12921547301185585,phase2_feedback_tfim_qrc_reference
test,2023-08-22,0.1175343081090465,0.12798970317189023,phase2_feedback_tfim_qrc_reference
test,2023-08-23,0.1255726553320253,0.12608738238599174,phase2_feedback_tfim_qrc_reference
test,2023-08-24,0.1156644031236963,0.12127658507461679,phase2_feedback_tfim_qrc_reference
test,2023-08-25,0.1139223549647532,0.11942218555847688,phase2_feedback_tfim_qrc_reference
test,2023-08-28,0.1234291159113652,0.11663305003334992,phase2_feedback_tfim_qrc_reference
test,2023-08-29,0.1124353961344948,0.11817446763789127,phase2_feedback_tfim_qrc_reference
test,2023-08-30,0.1133573123185738,0.13051827908540142,phase2_feedback_tfim_qrc_reference
test,2023-08-31,0.1135660811880547,0.1343967712654742,phase2_feedback_tfim_qrc_reference
test,2023-09-01,0.1133820654513693,0.12678563741797005,phase2_feedback_tfim_qrc_reference
test,2023-09-05,0.1220962946232297,0.12734828763189646,phase2_feedback_tfim_qrc_reference
test,2023-09-06,0.1224645063696119,0.13525176088081348,phase2_feedback_tfim_qrc_reference
test,2023-09-07,0.1219845010325659,0.1205121493283937,phase2_feedback_tfim_qrc_reference
test,2023-09-08,0.128867970287098,0.11493567951380312,phase2_feedback_tfim_qrc_reference
test,2023-09-11,0.1287583318247567,0.11448720753543501,phase2_feedback_tfim_qrc_reference
test,2023-09-12,0.1285964303848208,0.12161116234628144,phase2_feedback_tfim_qrc_reference
test,2023-09-13,0.1293463813681909,0.12525079333915515,phase2_feedback_tfim_qrc_reference
test,2023-09-14,0.1275653083859597,0.12760969235339112,phase2_feedback_tfim_qrc_reference
test,2023-09-15,0.1213915137841409,0.12046931464480419,phase2_feedback_tfim_qrc_reference
test,2023-09-18,0.1269326079679688,0.1224025532381403,phase2_feedback_tfim_qrc_reference
test,2023-09-19,0.1267186584918584,0.1237299135764698,phase2_feedback_tfim_qrc_reference
test,2023-09-20,0.1313400760354207,0.1275806033255073,phase2_feedback_tfim_qrc_reference
test,2023-09-21,0.1213736512635546,0.13205783915106153,phase2_feedback_tfim_qrc_reference
test,2023-09-22,0.1288174402186171,0.16580727927554878,phase2_feedback_tfim_qrc_reference
test,2023-09-25,0.1281014015802397,0.14600526869844557,phase2_feedback_tfim_qrc_reference
test,2023-09-26,0.1198368640970246,0.1480890875957738,phase2_feedback_tfim_qrc_reference
test,2023-09-27,0.130353440961388,0.1570338928179405,phase2_feedback_tfim_qrc_reference
test,2023-09-28,0.1356450928435112,0.14408477433113628,phase2_feedback_tfim_qrc_reference
test,2023-09-29,0.1363277638944003,0.15082388190572768,phase2_feedback_tfim_qrc_reference
test,2023-10-02,0.1426992380541914,0.16314307563475228,phase2_feedback_tfim_qrc_reference
test,2023-10-03,0.1362664287567975,0.1630180777216708,phase2_feedback_tfim_qrc_reference
test,2023-10-04,0.139007678090756,0.1728061949579614,phase2_feedback_tfim_qrc_reference
test,2023-10-05,0.1544726910566483,0.17976401124749353,phase2_feedback_tfim_qrc_reference
test,2023-10-06,0.1521375221884577,0.17973525555959446,phase2_feedback_tfim_qrc_reference
test,2023-10-09,0.1506625338855357,0.17358024232102776,phase2_feedback_tfim_qrc_reference
test,2023-10-10,0.1498712685256031,0.15800213291059545,phase2_feedback_tfim_qrc_reference
test,2023-10-11,0.1491897958182106,0.15074253360662782,phase2_feedback_tfim_qrc_reference
test,2023-10-12,0.1501958555718745,0.142531984267199,phase2_feedback_tfim_qrc_reference
test,2023-10-13,0.1589517663364319,0.14314174759400253,phase2_feedback_tfim_qrc_reference
test,2023-10-16,0.1545859393279643,0.1428107057939499,phase2_feedback_tfim_qrc_reference
test,2023-10-17,0.1689642112836681,0.1423174056416318,phase2_feedback_tfim_qrc_reference
test,2023-10-18,0.1622894347750445,0.15330156888181024,phase2_feedback_tfim_qrc_reference
test,2023-10-19,0.1592965132607969,0.16506992497402306,phase2_feedback_tfim_qrc_reference
test,2023-10-20,0.1531947374659621,0.1760991289266383,phase2_feedback_tfim_qrc_reference
test,2023-10-23,0.1554721869819683,0.15989487677267644,phase2_feedback_tfim_qrc_reference
test,2023-10-24,0.1533647099777552,0.15882088119072219,phase2_feedback_tfim_qrc_reference
test,2023-10-25,0.1451711663145673,0.1508079982677669,phase2_feedback_tfim_qrc_reference
test,2023-10-26,0.1387473178060428,0.15456415124927697,phase2_feedback_tfim_qrc_reference
test,2023-10-27,0.1379553935241013,0.16610945704988794,phase2_feedback_tfim_qrc_reference
test,2023-10-30,0.1313933956958189,0.16228397634725886,phase2_feedback_tfim_qrc_reference
test,2023-10-31,0.1295245647874249,0.1863367613858632,phase2_feedback_tfim_qrc_reference
test,2023-11-01,0.1247127531180292,0.20867932356052468,phase2_feedback_tfim_qrc_reference
test,2023-11-02,0.1070100636602508,0.20110787370377722,phase2_feedback_tfim_qrc_reference
test,2023-11-03,0.103734734003644,0.18555906986776402,phase2_feedback_tfim_qrc_reference
test,2023-11-06,0.1034159147707707,0.17193792127086566,phase2_feedback_tfim_qrc_reference
test,2023-11-07,0.103915915801192,0.18009803987889053,phase2_feedback_tfim_qrc_reference
test,2023-11-08,0.107330240095116,0.18840556180180854,phase2_feedback_tfim_qrc_reference
test,2023-11-09,0.1047822578229109,0.16457657627141462,phase2_feedback_tfim_qrc_reference
test,2023-11-10,0.0902672073741586,0.15471825894922941,phase2_feedback_tfim_qrc_reference
test,2023-11-13,0.0916423381986303,0.16340979619882487,phase2_feedback_tfim_qrc_reference
test,2023-11-14,0.0781643992629439,0.1650446226922227,phase2_feedback_tfim_qrc_reference
test,2023-11-15,0.0786301232925649,0.18442424040242844,phase2_feedback_tfim_qrc_reference
test,2023-11-16,0.0787278356199521,0.17915392080037643,phase2_feedback_tfim_qrc_reference
test,2023-11-17,0.0810866423139954,0.17043605546795618,phase2_feedback_tfim_qrc_reference
test,2023-11-20,0.0793552003376554,0.1664380915997489,phase2_feedback_tfim_qrc_reference
test,2023-11-21,0.0932241027843911,0.17282942717290198,phase2_feedback_tfim_qrc_reference
test,2023-11-22,0.0981111511312397,0.16351308431779243,phase2_feedback_tfim_qrc_reference
test,2023-11-24,0.0983454321940435,0.149045405335072,phase2_feedback_tfim_qrc_reference
test,2023-11-27,0.0992703122404884,0.13934490538856317,phase2_feedback_tfim_qrc_reference
test,2023-11-28,0.0994151207229915,0.14053155433458614,phase2_feedback_tfim_qrc_reference
test,2023-11-29,0.0993927709305954,0.1503796823285033,phase2_feedback_tfim_qrc_reference
test,2023-11-30,0.0989456979680941,0.12981682123852836,phase2_feedback_tfim_qrc_reference
test,2023-12-01,0.0987356192792739,0.14340420476944685,phase2_feedback_tfim_qrc_reference
test,2023-12-04,0.1012274303531644,0.11960226103711502,phase2_feedback_tfim_qrc_reference
test,2023-12-05,0.1018707510320199,0.11634829675410041,phase2_feedback_tfim_qrc_reference
test,2023-12-06,0.1009743030202914,0.12542869842562973,phase2_feedback_tfim_qrc_reference
test,2023-12-07,0.1095422923504594,0.1256057929870004,phase2_feedback_tfim_qrc_reference
test,2023-12-08,0.1086124236948033,0.13329780316285197,phase2_feedback_tfim_qrc_reference
test,2023-12-11,0.10957869949841,0.14013247253163993,phase2_feedback_tfim_qrc_reference
test,2023-12-12,0.1083896955797108,0.1458884177996976,phase2_feedback_tfim_qrc_reference
test,2023-12-13,0.0969066353625176,0.13560833849091505,phase2_feedback_tfim_qrc_reference
test,2023-12-14,0.0971183477631206,0.12683289958762123,phase2_feedback_tfim_qrc_reference
test,2023-12-15,0.0989407398251809,0.12364320161593473,phase2_feedback_tfim_qrc_reference
test,2023-12-18,0.101884670530858,0.12610548435382118,phase2_feedback_tfim_qrc_reference
test,2023-12-19,0.1088639607563253,0.13234007941944292,phase2_feedback_tfim_qrc_reference
test,2023-12-20,0.0972322366770748,0.1265511992813606,phase2_feedback_tfim_qrc_reference
test,2023-12-21,0.091863124763516,0.14144499179603937,phase2_feedback_tfim_qrc_reference
test,2023-12-22,0.0916682885095538,0.14034679694170116,phase2_feedback_tfim_qrc_reference
test,2023-12-26,0.0924666156147963,0.14251613517191214,phase2_feedback_tfim_qrc_reference
test,2023-12-27,0.092354313243516,0.14085096708569705,phase2_feedback_tfim_qrc_reference
test,2023-12-28,0.0964962409749784,0.14677386264395179,phase2_feedback_tfim_qrc_reference
test,2023-12-29,0.0959851654109754,0.14812156390095466,phase2_feedback_tfim_qrc_reference
test,2024-01-02,0.1105744737195717,0.13539983524342977,phase2_feedback_tfim_qrc_reference
test,2024-01-03,0.1162319010041279,0.11836828148915865,phase2_feedback_tfim_qrc_reference
test,2024-01-04,0.1214931413770564,0.1145098036662883,phase2_feedback_tfim_qrc_reference
test,2024-01-05,0.1220846233234554,0.12296146763920487,phase2_feedback_tfim_qrc_reference
test,2024-01-08,0.1117087144753469,0.12438351875535908,phase2_feedback_tfim_qrc_reference
test,2024-01-09,0.1154080453120454,0.1521182957361285,phase2_feedback_tfim_qrc_reference
test,2024-01-10,0.1136694525864751,0.13583014471941568,phase2_feedback_tfim_qrc_reference
test,2024-01-11,0.1154846914025857,0.16641312330812452,phase2_feedback_tfim_qrc_reference
test,2024-01-12,0.1154690373447079,0.14549165757246726,phase2_feedback_tfim_qrc_reference
test,2024-01-16,0.1248444367149378,0.13465611151080759,phase2_feedback_tfim_qrc_reference
test,2024-01-17,0.1273806207685467,0.1323814116057233,phase2_feedback_tfim_qrc_reference
test,2024-01-18,0.1258327389770513,0.14667728991604798,phase2_feedback_tfim_qrc_reference
test,2024-01-19,0.1192222342469219,0.13866852224435647,phase2_feedback_tfim_qrc_reference
test,2024-01-22,0.1205892017129767,0.13856651525153424,phase2_feedback_tfim_qrc_reference
test,2024-01-23,0.1201882233880188,0.13162734751827812,phase2_feedback_tfim_qrc_reference
test,2024-01-24,0.1404177868959578,0.11305776815194145,phase2_feedback_tfim_qrc_reference
test,2024-01-25,0.1391130408597811,0.11800669292974203,phase2_feedback_tfim_qrc_reference
test,2024-01-26,0.1396485914119358,0.11129795900481705,phase2_feedback_tfim_qrc_reference
test,2024-01-29,0.1369712781655157,0.11080014525133922,phase2_feedback_tfim_qrc_reference
test,2024-01-30,0.1370241770861665,0.11002400677799752,phase2_feedback_tfim_qrc_reference
test,2024-01-31,0.1246093404473094,0.10292323154858733,phase2_feedback_tfim_qrc_reference
test,2024-02-01,0.1204047622155905,0.11683637267834128,phase2_feedback_tfim_qrc_reference
test,2024-02-02,0.114585947753343,0.11602613760855934,phase2_feedback_tfim_qrc_reference
test,2024-02-05,0.1193042869654522,0.11925325357406648,phase2_feedback_tfim_qrc_reference
test,2024-02-06,0.1202061710834544,0.1206392273554364,phase2_feedback_tfim_qrc_reference
test,2024-02-07,0.1216947392054665,0.11427119823161601,phase2_feedback_tfim_qrc_reference
test,2024-02-08,0.1235468195063519,0.11986960514020556,phase2_feedback_tfim_qrc_reference
test,2024-02-09,0.1218799593268043,0.11431710962719822,phase2_feedback_tfim_qrc_reference
test,2024-02-12,0.1276510882074324,0.10927310177616252,phase2_feedback_tfim_qrc_reference
test,2024-02-13,0.1179080940048079,0.12250151541187458,phase2_feedback_tfim_qrc_reference
test,2024-02-14,0.113668218681114,0.13503713591793545,phase2_feedback_tfim_qrc_reference
test,2024-02-15,0.1136791506718618,0.13027585450535803,phase2_feedback_tfim_qrc_reference
test,2024-02-16,0.1142424317085227,0.1326076674331635,phase2_feedback_tfim_qrc_reference
test,2024-02-20,0.1142552708983269,0.13240920890596417,phase2_feedback_tfim_qrc_reference
test,2024-02-21,0.1187939161456135,0.12808757809117297,phase2_feedback_tfim_qrc_reference
test,2024-02-22,0.0946686858653886,0.12639353200709616,phase2_feedback_tfim_qrc_reference
test,2024-02-23,0.0948764502128778,0.12497656861025468,phase2_feedback_tfim_qrc_reference
test,2024-02-26,0.0944898756136481,0.13582996675458062,phase2_feedback_tfim_qrc_reference
test,2024-02-27,0.0944880564092115,0.14848278577199545,phase2_feedback_tfim_qrc_reference
test,2024-02-28,0.0989363660188138,0.13407235754531152,phase2_feedback_tfim_qrc_reference
test,2024-02-29,0.0981153292368613,0.1285709399587698,phase2_feedback_tfim_qrc_reference
test,2024-03-01,0.092544910573783,0.11814471774676749,phase2_feedback_tfim_qrc_reference
test,2024-03-04,0.095198151741531,0.1267942881590321,phase2_feedback_tfim_qrc_reference
test,2024-03-05,0.0883551411075722,0.14114682451353758,phase2_feedback_tfim_qrc_reference
test,2024-03-06,0.0968770880470867,0.11557793895695305,phase2_feedback_tfim_qrc_reference
test,2024-03-07,0.0975539705803584,0.11377047648430495,phase2_feedback_tfim_qrc_reference
test,2024-03-08,0.0952053139271028,0.11509595087769948,phase2_feedback_tfim_qrc_reference
test,2024-03-11,0.0952447587435166,0.11936220741004736,phase2_feedback_tfim_qrc_reference
test,2024-03-12,0.0943669882879732,0.13408966075443285,phase2_feedback_tfim_qrc_reference
test,2024-03-13,0.0979100755940749,0.1294313459005128,phase2_feedback_tfim_qrc_reference
test,2024-03-14,0.1094131057111908,0.13305199710785404,phase2_feedback_tfim_qrc_reference
test,2024-03-15,0.11565344271636,0.1285190534516675,phase2_feedback_tfim_qrc_reference
