date,actual_future_rv_20d,split,structured_level_rate_rf_qrc_ring_pred,structured_level_rate_rf_qrc_cross_matched_pred,structured_level_rate_rf_qrc_cross_all_pred,structured_level_rate_rf_qrc_block_plus_cross_pred
1993-04-27,0.1009377537552232,train,0.10390220842684762,0.11698582948779135,0.11491146538432553,0.12038460333878973
1993-04-28,0.1098760759369156,train,0.10508899550274811,0.11943001101684135,0.12566639030073518,0.1232579689268555
1993-04-29,0.1095039546117569,train,0.10462992887492431,0.11342911384306803,0.1213202497184253,0.122477089833202
1993-04-30,0.1107211615541812,train,0.10096317313490476,0.1114198428556328,0.11866646782342026,0.11753682733342222
1993-05-03,0.1136512323354263,train,0.09978388725548955,0.10876234754270953,0.11269555056247851,0.11387088151936892
1993-05-04,0.1130668851440354,train,0.10161116638504922,0.10447169819935669,0.1133452728493784,0.11490976747333799
1993-05-05,0.1132843066181742,train,0.10058132179793086,0.10091734381180488,0.1070966676365916,0.11045023562096962
1993-05-06,0.1132590464316646,train,0.09791781724392781,0.10129430746126224,0.10250056266562875,0.10696703709960317
1993-05-07,0.113674851259005,train,0.09897521242269856,0.09878747029504824,0.0997873184937214,0.1055947480593119
1993-05-10,0.1178829661487287,train,0.09749724464491744,0.099186899272953,0.09843711978653501,0.10473732367070984
1993-05-11,0.1175852682954044,train,0.1007037045705559,0.09754686313152885,0.09788433546901851,0.10576648002097283
1993-05-12,0.1175059511641356,train,0.09865395547527535,0.09705523079530921,0.0980652198236363,0.10418146438459341
1993-05-13,0.1105164455940616,train,0.0996619445998464,0.1092515426584152,0.11088380236004945,0.11149660050380941
1993-05-14,0.1105973505240839,train,0.09710016577994962,0.10127193876479364,0.09821126424958106,0.10497206300437038
1993-05-17,0.1101279042869993,train,0.09770293848634073,0.1010115029325149,0.09900767380046276,0.10673667297266085
1993-05-18,0.1103475038661691,train,0.09673153105997571,0.1003943024297868,0.09979187568525855,0.1059035776565486
1993-05-19,0.0843760710666957,train,0.10075771252312908,0.11473467925935199,0.11507197700485479,0.11667686060139242
1993-05-20,0.0887942657618773,train,0.0982051271219548,0.10996569854665283,0.1125720060800905,0.1130503977766139
1993-05-21,0.0831329543187042,train,0.1020302330927151,0.11938488826626821,0.12124843212296327,0.11642984008447275
1993-05-24,0.081834889072527,train,0.10222252648325796,0.11220864564433128,0.11414368344123628,0.116040931115331
1993-05-25,0.0877262732954592,train,0.10117129120187973,0.11304589733564807,0.11915345051911645,0.11563546818221687
1993-05-26,0.0894206840096411,train,0.0985986182128262,0.1108178792917434,0.10732461794299746,0.10908647240931839
1993-05-27,0.0886213090491866,train,0.0993900375895573,0.10857636595324135,0.1100627503300693,0.11143366583646142
1993-05-28,0.0954662449010257,train,0.0977188740917883,0.1084280274105893,0.10730317885219964,0.10899909576952156
1993-06-01,0.0907779876211258,train,0.09930557562975639,0.10766556636626909,0.10551024450147019,0.11181490865507208
1993-06-02,0.0906476469087987,train,0.09812955334491007,0.1074368266765208,0.10822082693624197,0.1112509636825105
1993-06-03,0.0903643697420029,train,0.09835135743548797,0.10395526893511424,0.10771350650931025,0.11005206516030742
1993-06-04,0.0916971615493816,train,0.09629706592040972,0.10332068843202391,0.10447221999121774,0.10683609151016554
1993-06-07,0.0982813849664296,train,0.10130851524714811,0.11253300197667765,0.1184680327244799,0.11604355981138749
1993-06-08,0.0934291930869193,train,0.09681167762236462,0.10877125340019297,0.10384160548157828,0.10613143400974079
1993-06-09,0.1007962577890467,train,0.09733635561715613,0.10693087948803838,0.10326059644077272,0.1081051694954785
1993-06-10,0.1012492712241067,train,0.09977188001873394,0.10413808612090246,0.10675179573514257,0.11227908106228435
1993-06-11,0.1001933594598539,train,0.10294805265989494,0.10505093386261809,0.1121911470110064,0.11830057107367947
1993-06-14,0.1001030343650163,train,0.10299487140569868,0.1007166716939493,0.10512129293662821,0.11269934221281727
1993-06-15,0.1005891064191283,train,0.09803032097384198,0.09915918049448305,0.10076641365946445,0.10618374832158017
1993-06-16,0.1014037091457897,train,0.10035091917348385,0.09753361649884333,0.1000639458539276,0.10690664761760187
1993-06-17,0.101141308735152,train,0.10309206920703999,0.09677512293310693,0.1015099059064525,0.10870879923874231
1993-06-18,0.0968182081302875,train,0.09767446157603413,0.10120356975076333,0.1006748164374311,0.10465446796161652
1993-06-21,0.09703651448016,train,0.10174555335215082,0.09719636742000524,0.10008016984701404,0.10573513898948625
1993-06-22,0.0970362050674187,train,0.09983312120198802,0.09787519971468281,0.10182549335669672,0.10500031719741115
1993-06-23,0.0947616534773248,train,0.09921288466523795,0.1075539491775643,0.10877016905236876,0.10613227362458233
1993-06-24,0.0839092203768537,train,0.09753962545473203,0.10846442693069457,0.10454594737009815,0.10244331873922059
1993-06-25,0.0861754546349264,train,0.09999978796404559,0.10750087853750812,0.10908687798797385,0.10539259218648271
1993-06-28,0.076672864939864,train,0.1027701869691773,0.11874685147276456,0.12434828643142708,0.11246654955340676
1993-06-29,0.0750905309899627,train,0.09945740182627494,0.11596092263008549,0.11683615376502618,0.1035847640463773
1993-06-30,0.0776405115479941,train,0.10145310322907956,0.11526811825420115,0.11995238301639381,0.10608687230452603
1993-07-01,0.0795001929447279,train,0.1018296843141155,0.1155829052662003,0.1198001764062066,0.10588473071903175
1993-07-02,0.0776256120018641,train,0.10226345474479509,0.11034939436010899,0.11017502269843654,0.10311518412035028
1993-07-06,0.068046835449546,train,0.10647872221720907,0.1392499764461746,0.14648539629975796,0.11359183009775765
1993-07-07,0.0673049773254802,train,0.10313444365040458,0.11818906233559186,0.11492565442675332,0.10622699156198402
1993-07-08,0.0547780579031029,train,0.10120662755366772,0.12260467751409208,0.11770463132804826,0.10677855010920642
1993-07-09,0.0541058502154665,train,0.10278910683560777,0.12382774540959883,0.12966321076132833,0.1109532073537304
1993-07-12,0.057521087311781,train,0.10306192518046531,0.12343595371160486,0.13293271561442427,0.10995971436967934
1993-07-13,0.0575198358794594,train,0.103179525803918,0.11951840878014373,0.12477663716112922,0.10709916940745544
1993-07-14,0.056180497219763,train,0.1032765227194045,0.11683944687030398,0.12385082225638322,0.1072194933155909
1993-07-15,0.055078703333515,train,0.10816183982959557,0.10752389203620713,0.11696960487590896,0.10837717003956693
1993-07-16,0.0544036474081331,train,0.10303683095516165,0.10386780255662528,0.10699539741335214,0.10387380611715785
1993-07-19,0.0577776795370892,train,0.102469512938469,0.10084116929099551,0.10200010319542879,0.1021577823127717
1993-07-20,0.058214282401396,train,0.10463810453460813,0.09930875925987051,0.10064891898440081,0.10534342728759018
1993-07-21,0.0613238747305474,train,0.09919553352109918,0.09934301245823991,0.09784134129781046,0.09961787039156789
1993-07-22,0.0560641540440553,train,0.10065467470333905,0.10188804704584248,0.10231815786165316,0.10335459496535059
1993-07-23,0.0533471057406945,train,0.10054474232455052,0.09900297432643246,0.099238657053005,0.10037481584841242
1993-07-26,0.0500700222825834,train,0.1018661717224776,0.09801549177924496,0.09800818236860202,0.10154840247999151
1993-07-27,0.0631803567690186,train,0.10048231027413866,0.0980643986654683,0.09892627919378007,0.10055504343114921
1993-07-28,0.0627892359734241,train,0.1037338662115999,0.09881737433131474,0.10230430934335433,0.10446016125609352
1993-07-29,0.0596553415974838,train,0.10207189355527992,0.09995459004189029,0.10272896264247601,0.10296104719535629
1993-07-30,0.0563474170490417,train,0.099140046659856,0.10472655677984698,0.10299229091647971,0.09934307656079698
1993-08-02,0.0573015486755842,train,0.10411237030401978,0.09916873396572402,0.1004574504443015,0.10160635985313624
1993-08-03,0.0580384506567715,train,0.09951671563034417,0.10058531788634155,0.1013199703342467,0.09852488818149202
1993-08-04,0.0582334266129739,train,0.10477150688962342,0.10230783884779016,0.10936123317420922,0.10649175918452441
1993-08-05,0.0589826415611839,train,0.1072360976680949,0.09790640131555899,0.10132040173745264,0.1031265907924814
1993-08-06,0.0588236185901089,train,0.10587080656144375,0.09723395104990858,0.1016270573018711,0.10367368985602664
1993-08-09,0.0604094457416253,train,0.10467054097328274,0.09757971805880833,0.09885047951595792,0.10210651734416146
1993-08-10,0.0615524280517827,train,0.10323865826443664,0.09553449796940626,0.09628349171064131,0.09878409857213633
1993-08-11,0.0619773909578567,train,0.1027702246138042,0.09467012901227986,0.09465057919151133,0.09741936833057573
1993-08-12,0.0686913923102535,train,0.10015852182463225,0.09643650707334982,0.09376101849243097,0.09690041967526829
1993-08-13,0.0685570061173894,train,0.10436862881879956,0.09475682933931891,0.09591529694363127,0.10039959616236957
1993-08-16,0.0672420991506223,train,0.10028518935948688,0.09537986633121782,0.09324466482503958,0.09646795420652296
1993-08-17,0.0668167065519101,train,0.10032400786200325,0.09652105031941163,0.09623938014948062,0.09798691055075454
1993-08-18,0.0643296208711351,train,0.10001273130492634,0.09759739048212188,0.09619855765531311,0.09728714464155365
1993-08-19,0.0658639732381916,train,0.11249711458656038,0.09570563084732409,0.10358217026324759,0.11077007835259009
1993-08-20,0.0719947370560905,train,0.10051739627852187,0.09721036840011234,0.09793965765740517,0.09733219056294533
1993-08-23,0.0726643430318747,train,0.10950408368945273,0.09653060127676824,0.1004540003959978,0.10573176595242086
1993-08-24,0.068168672524085,train,0.10224956962166402,0.10793247812576262,0.11117894504333989,0.10491336162502093
1993-08-25,0.0708274904004378,train,0.10019349782464015,0.10502335928097606,0.10488887397861667,0.09857578480873302
1993-08-26,0.0714448824498183,train,0.09951866862419198,0.10582009559948592,0.10353955385852842,0.09695965155761573
1993-08-27,0.0811522755846078,train,0.10547311480387081,0.10390517500676862,0.10820821827210998,0.10371173269656013
1993-08-30,0.0801973083621182,train,0.1006872673094252,0.10967274555261755,0.11287214590005158,0.10070070118540106
1993-08-31,0.0805294599723378,train,0.10537379115440634,0.10110565049013079,0.10190828578872703,0.09877933160580862
1993-09-01,0.0807135937973271,train,0.10273915668935919,0.09876130268461829,0.10038787548506883,0.09786475164262654
1993-09-02,0.0815852799612725,train,0.10344217496401152,0.10162276345920909,0.10425950417015523,0.10194768402821154
1993-09-03,0.0816918496970227,train,0.10432791261431566,0.10003566700932212,0.10333804472368033,0.1011875497597787
1993-09-07,0.0782322210101448,train,0.10013368484536238,0.11803638147726776,0.11791049148165562,0.10110343578083057
1993-09-08,0.0773345441240859,train,0.09911432658467528,0.11342913975348241,0.1081575838525779,0.09762854734342842
1993-09-09,0.0775956109298486,train,0.10165268957256797,0.10746618081163799,0.1043466838119693,0.09942978233372085
1993-09-10,0.0712063486503596,train,0.10052514778822015,0.10989619893038502,0.10720667582488516,0.10130275773582449
1993-09-13,0.0715313005754103,train,0.10147544218223188,0.10944322631027953,0.1124375293267224,0.10284804749099821
1993-09-14,0.0702407630116019,train,0.0987014902564557,0.11672297121931673,0.11510978278899286,0.10037888712834526
1993-09-15,0.0695842510290098,train,0.10161596166627701,0.11010372530897303,0.10730536583600345,0.1011852542735916
1993-09-16,0.0827267521996441,train,0.10063417621745797,0.11064693756968037,0.1097259858662987,0.10230706714995041
1993-09-17,0.0836719544030074,train,0.09973235032316977,0.11204047580034074,0.11307647992120243,0.10222248538876247
1993-09-20,0.0789872734776542,train,0.10137554272635771,0.12073657290479718,0.11650609665677034,0.10500657267973638
1993-09-21,0.0822816348205081,train,0.11162737767490054,0.14638617845499916,0.1626606740530092,0.12490739800671859
1993-09-22,0.0770406504383018,train,0.10477585203419512,0.12796086729221043,0.1250734169683303,0.11096336342043357
1993-09-23,0.074717027124048,train,0.10851627283938717,0.12140281375253721,0.12590471120671745,0.11721494537084391
1993-09-24,0.0759466306408161,train,0.10453537125261066,0.11968603177571696,0.12487195882703718,0.11384310050911957
1993-09-27,0.06612132951644,train,0.10182846837644312,0.11933630126995133,0.11989102047328518,0.10971583868034956
1993-09-28,0.0657701586895811,train,0.10238015704513054,0.1177843206592315,0.12547771297616636,0.1107661088127139
1993-09-29,0.0647065840558421,train,0.1010307894429932,0.11996646085983668,0.12297645461299583,0.10772199927163763
1993-09-30,0.0694131899348475,train,0.10281690321964995,0.11539790507524655,0.118087503110192,0.10827124758468479
1993-10-01,0.0673352804170265,train,0.10535183977025518,0.11518029344584606,0.11946398856051708,0.11336470835636918
1993-10-04,0.0678255816193915,train,0.10300419109635307,0.11659912111923981,0.12243956589744737,0.11103645705536595
1993-10-05,0.0676960782452174,train,0.10360440443941178,0.10907021177695513,0.10923639750307595,0.1061080726654244
1993-10-06,0.0813597740524485,train,0.10469110935751298,0.10351955807390013,0.10604538711096091,0.10786501679219301
1993-10-07,0.089490013311767,train,0.10515873345444567,0.10293851744602621,0.10569624508382161,0.1113391329859418
1993-10-08,0.0909423260247745,train,0.10045584126670239,0.10297806413759444,0.10314338776817118,0.10523946918822182
1993-10-11,0.090783443565101,train,0.10283495268892726,0.10134627337229851,0.10734392660052756,0.10804302149528452
1993-10-12,0.0906878196296001,train,0.10606403562163112,0.09980415629086611,0.1040545139506924,0.1098582917719242
1993-10-13,0.0944355500708889,train,0.10045794923095756,0.10535875424349907,0.11139758861828801,0.1062831365763732
1993-10-14,0.0834018546403443,train,0.09820915760935765,0.11164382571269878,0.1078561508752808,0.10109250334377033
1993-10-15,0.0829316181886084,train,0.10887640348192035,0.11760927438716427,0.13093000519405962,0.12127974259816313
1993-10-18,0.0824274183571912,train,0.10102746307805568,0.11806151481200183,0.12023261022669755,0.1043694780991606
1993-10-19,0.0799374711697393,train,0.10067103763050787,0.12369808387197481,0.12415926445086446,0.10365215200107382
1993-10-20,0.0820316212629575,train,0.10371977640392507,0.11845461597555153,0.1236188101264973,0.10536904996156536
1993-10-21,0.0824474322437099,train,0.10936476952489375,0.11298904809071784,0.12490723472094485,0.11223995506444481
1993-10-22,0.0810571947292127,train,0.09992935804676449,0.11800479291462775,0.11894389641656804,0.10121538632919234
1993-10-25,0.0833456893301617,train,0.10388770008104467,0.11124608298055157,0.11301453675052121,0.10280384365999165
1993-10-26,0.0855019208238488,train,0.10086059204711564,0.1102031051204696,0.11319702320841014,0.10032810063813814
1993-10-27,0.0866650743902154,train,0.10489412883423675,0.10356937105612717,0.10651899569856932,0.10144493385330888
1993-10-28,0.0826613445949409,train,0.1006647010250148,0.10277860688932398,0.10010005007553624,0.09838039883666744
1993-10-29,0.0838960669157829,train,0.10127628178636375,0.10106517501785156,0.10338312937214869,0.09967209522906001
1993-11-01,0.0833959292372788,train,0.10387977362188358,0.09972460791107983,0.10109203209301267,0.10158334462661898
1993-11-02,0.08349997034972,train,0.10177645203181676,0.10173051162456742,0.1044438970969761,0.1016222499027023
1993-11-03,0.0708583427548183,train,0.11265499916648429,0.14690521147658572,0.1769258297189774,0.1276301961267591
1993-11-04,0.0611771202532459,train,0.10518629730996744,0.14064144662369188,0.14134594052876998,0.10871640353584115
1993-11-05,0.0599822731012903,train,0.1025370472479735,0.1303131370044915,0.12284319680528615,0.10541232859314786
1993-11-08,0.0598351965542352,train,0.10340238248068351,0.12590100830171508,0.1204281124557232,0.1080278704713594
1993-11-09,0.0597870696804677,train,0.10404635955177612,0.12294637469655666,0.12211226948838258,0.11071262438047752
1993-11-10,0.0549675650260215,train,0.10978006559382197,0.11842847238873559,0.1221370548506865,0.12128918823841882
1993-11-11,0.0545997971023493,train,0.10226995458312056,0.1145309719896632,0.11773929407567553,0.11152828708075596
1993-11-12,0.0562010268075853,train,0.10111166947963142,0.11109003559685957,0.11247528632092864,0.10959429515073574
1993-11-15,0.0619322428629243,train,0.10087468849004232,0.11286696772529034,0.11468551309439717,0.11062073771445761
1993-11-16,0.0598471780985813,train,0.10201851796096455,0.10962918724216046,0.10824981765918634,0.11043188813468108
1993-11-17,0.057978962668445,train,0.10693693555837201,0.1073519834994187,0.10770875080932042,0.1198654273757595
1993-11-18,0.0604083229342457,train,0.09984385966235858,0.10662606494294487,0.10631823769943717,0.11126433024502708
1993-11-19,0.0601689281308358,train,0.10089555358394674,0.1031275989980056,0.10375389986648569,0.11119851699888401
1993-11-22,0.0574010962379472,train,0.09804513142590478,0.1061132074262279,0.10177648820598194,0.10914540551373747
1993-11-23,0.0590871890436119,train,0.09863877780682719,0.10520994779384696,0.10246532772419915,0.11040627639125665
1993-11-24,0.0573668652462548,train,0.09904830241302785,0.10332681035132048,0.10389633950443633,0.11088645241613082
1993-11-26,0.0603603501929091,train,0.10848340300705042,0.10528142365484426,0.11795140647977452,0.12708004114519653
1993-11-29,0.0590576045262229,train,0.10025671736058342,0.10550667566208732,0.1045457675423799,0.11016753056283599
1993-11-30,0.0591970646128845,train,0.10166688416165674,0.10189872429466895,0.10376427360911047,0.11020651834506427
1993-12-01,0.0606846575795441,train,0.10105377699999947,0.10031927792624766,0.10365985416188617,0.10910673566741914
1993-12-02,0.06286528043898,train,0.10236289079468874,0.09784324982061227,0.1008274891840681,0.10727848409812815
1993-12-03,0.0619630269053661,train,0.10020784804296248,0.09752418452802293,0.09900538985593807,0.10505744289243081
1993-12-06,0.0624770829858564,train,0.10098041318605216,0.0974816771694197,0.0985108314658348,0.10545082959063859
1993-12-07,0.0628380842397365,train,0.09912029329329435,0.0988602922226693,0.09951539819647358,0.10377504701361846
1993-12-08,0.0628380842397365,train,0.09958626168436663,0.0975221730597281,0.09918837665394915,0.10228081118235662
1993-12-09,0.0652768966406713,train,0.10112992745738544,0.09962806056017275,0.1033499085654258,0.10503701324355713
1993-12-10,0.0773999326723028,train,0.10221853553852882,0.0967302008733543,0.09812936656341499,0.10127899898733095
1993-12-13,0.0747230758425961,train,0.09972084193926883,0.10401836058152931,0.10527606635191415,0.10276726376689276
1993-12-14,0.0709743603165543,train,0.10685130358795397,0.10430468457136005,0.10794562885542933,0.11031342324380432
1993-12-15,0.0714347237524345,train,0.10000544877884211,0.10423389263568637,0.10528351372303858,0.10066342919957535
1993-12-16,0.0718279847330499,train,0.10032663317269921,0.10404089551423208,0.10555096773609547,0.09992028891261902
1993-12-17,0.0691417635286166,train,0.0993724367419998,0.10618081323785021,0.10645784073003317,0.09869706579056621
1993-12-20,0.0691359876728629,train,0.10122339243600313,0.1041144347481093,0.10644172793937343,0.09910844710002775
1993-12-21,0.0687407952910483,train,0.10168389029494082,0.10541413789966604,0.10985827512883903,0.10057106960134655
1993-12-22,0.0651664504257697,train,0.10190033798356578,0.1110934661925934,0.11509141310232375,0.10219872647318635
1993-12-23,0.0655009012810367,train,0.10345065086928831,0.10838433455527373,0.11486163200408116,0.10097391837051199
1993-12-27,0.0642670850212036,train,0.1010370717221537,0.11025275808661886,0.11134956582662806,0.0972413021118044
1993-12-28,0.0638762654392344,train,0.10415988357587387,0.10767554907930683,0.11236325851652265,0.09959559371727132
1993-12-29,0.0643900688225156,train,0.10096498331616054,0.11036396229542017,0.1101553838732655,0.09611755114551727
1993-12-30,0.0707972163655135,train,0.10195273802711627,0.10871630792247573,0.10688730064170528,0.09606309124049599
1993-12-31,0.0688317141324011,train,0.0992281346695748,0.1215005656321544,0.11927052188232629,0.09744469712509594
1994-01-03,0.0727465972767705,train,0.10112732854015596,0.1253842769947845,0.12480102063730185,0.10120850876015006
1994-01-04,0.0736762741585221,train,0.10742435358981514,0.11368460325822882,0.11296156703616562,0.10403909604720225
1994-01-05,0.0768686252873539,train,0.10160805843416365,0.11503153098062324,0.11670876653670391,0.10144267892003499
1994-01-06,0.0785403587946329,train,0.10379857515073501,0.11052115763818474,0.11412959370509011,0.10176159610337004
1994-01-07,0.1113179004278877,train,0.1010801058059524,0.11569882514096527,0.11677443226589335,0.1010830140779091
1994-01-10,0.1043221691319006,train,0.09985788392878565,0.1184131583510359,0.11413108219509706,0.09862283779549962
1994-01-11,0.1041132496224141,train,0.10112564154871886,0.11874171091772963,0.11998104635467967,0.10068277305829657
1994-01-12,0.1044084827371322,train,0.10211300215695375,0.1203528099973729,0.11998007659769294,0.10157823830189773
1994-01-13,0.1083815977261216,train,0.10012676243052344,0.1218707628424365,0.12013806498637901,0.0992367935044185
1994-01-14,0.1081078931386411,train,0.10266798217409992,0.11744831471401956,0.11986153461417136,0.10137962357415672
1994-01-17,0.1082099879344136,train,0.11635416967172241,0.10928812725988289,0.12312795779505448,0.11823223154465659
1994-01-18,0.1097226810290375,train,0.1029417999808603,0.10434705027666698,0.10743513982632136,0.1001568932736975
1994-01-19,0.1093482075015949,train,0.10247290402990814,0.10109433283906577,0.10086937393674679,0.09845498517558336
1994-01-20,0.1109726759982387,train,0.10256832317454541,0.09922942288459935,0.10084437039570583,0.09948139783913656
1994-01-21,0.1127670950920764,train,0.10569679538375772,0.09569473323755297,0.09834583608084625,0.10023044867318452
1994-01-24,0.1173296183321618,train,0.10102455692116165,0.10118995228575388,0.10267477434266345,0.10097889013889173
1994-01-25,0.1177050249454009,train,0.10197292189314106,0.09786484427378088,0.09919183267286527,0.09782592636012032
1994-01-26,0.1265018732895816,train,0.10268738243637171,0.09655098459934203,0.09641975399905359,0.09721303273973435
1994-01-27,0.1233357211406557,train,0.10002094306166537,0.10674811979014698,0.10715271018938392,0.10037412707722426
1994-01-28,0.1229864004901204,train,0.10063540268424412,0.10625938041021499,0.10950302678527053,0.09901510221189723
1994-01-31,0.1211752412072964,train,0.09953406246291951,0.11892108671282765,0.11990020085270907,0.09904132423575719
1994-02-01,0.1198557058290487,train,0.09993979042231074,0.11773907393554021,0.11687550664176706,0.09687536780339473
1994-02-02,0.1180019556763026,train,0.10068734537049288,0.1168117313687834,0.11649010622935771,0.09695826275852455
1994-02-03,0.1172823233425757,train,0.10042615186104172,0.11803394636188602,0.11730259900110336,0.09719667389546675
1994-02-04,0.0862462638072296,train,0.14972156080050586,0.19029066745401546,0.29710260055845394,0.19571001216952735
1994-02-07,0.0858376155647415,train,0.11208281881963361,0.13164458847775196,0.128151021939851,0.1171421138974383
1994-02-08,0.0873908954025266,train,0.11421045355395325,0.13078943828827416,0.13407957931121384,0.12355949846068169
1994-02-09,0.0908227176691109,train,0.11314030077217149,0.12957531374096137,0.13343371279827554,0.1222007249303074
1994-02-10,0.0876103841199748,train,0.1124559450951777,0.13528115832367107,0.13632054982436753,0.12045082654263022
1994-02-11,0.0869432746818013,train,0.1219422946715599,0.12947630007863262,0.13963081707488265,0.12954003973423545
1994-02-14,0.0868481923422529,train,0.11622378926797258,0.11977177066389451,0.12992019098513216,0.12977390811074813
1994-02-15,0.08939307373783,train,0.11122163463860028,0.11325672659262691,0.11754324099455749,0.12378708751532579
1994-02-16,0.0893623620647989,train,0.10700737139774423,0.1083590405556514,0.11368426561924296,0.12003957903090391
1994-02-17,0.086837836729834,train,0.10289778711045482,0.11262465344511206,0.10941470512752818,0.11445512954379142
1994-02-18,0.0847313202432855,train,0.10321668613779827,0.11368581771556281,0.11029066931095616,0.11497698280639788
1994-02-22,0.0775948430803491,train,0.10419219398062286,0.11261241784480286,0.10991521089636735,0.11720480415178298
1994-02-23,0.0770601673572409,train,0.10388323700359738,0.1166108104988906,0.1173329831079629,0.11710596410426355
1994-02-24,0.0743931018075814,train,0.11356578286094023,0.13342758644625277,0.13594875005085952,0.12693156787341842
1994-02-25,0.0799336269062195,train,0.1085797763387291,0.11826933981841133,0.11590174833358817,0.12136208547410017
1994-02-28,0.0800789960340177,train,0.10744159521100022,0.11586349329402439,0.11571453996564848,0.12244011488971102
1994-03-01,0.1058209704241688,train,0.11091403835393289,0.12685679578836834,0.12616085826140871,0.12367189618793947
1994-03-02,0.1167448349967801,train,0.10892958752079472,0.116667446159344,0.11166537213820327,0.12268561453083364
1994-03-03,0.1167819330092632,train,0.11241919909584083,0.1115506966048769,0.11695398156623506,0.1317659179975724
1994-03-04,0.128800976948467,train,0.10607405550270621,0.10563883291245613,0.10765124417516961,0.12396675075748853
1994-03-07,0.1465927296619395,train,0.10553808430252958,0.1072959632170089,0.11519373996777615,0.1254570041342228
1994-03-08,0.1459031741767053,train,0.10471429623348567,0.10744133713521953,0.1093396871582282,0.12057655122383654
1994-03-09,0.1459872084752168,train,0.10848698210466402,0.10582145679384818,0.10990757320704349,0.12447510001089225
1994-03-10,0.145748340255778,train,0.1090394582655513,0.11144877299987967,0.11008059710670959,0.12484158321287485
1994-03-11,0.1452690476801587,train,0.10506794856123891,0.1121824226615942,0.11123714738233367,0.11937567711056898
1994-03-14,0.1452766096711019,train,0.10484308055541958,0.11058049370638157,0.10924024867145911,0.11878410701255847
1994-03-15,0.1464449668918445,train,0.1052099119115021,0.10985657250601909,0.11209300731700159,0.11960465692188979
1994-03-16,0.143692905780119,train,0.10471106082880227,0.10745949066781625,0.1055646833669559,0.11731655200664752
1994-03-17,0.143692905780119,train,0.10569914751904375,0.10503244181217873,0.11141510697282933,0.12031497974205294
1994-03-18,0.1456329426584466,train,0.10208810351641615,0.10310859118442942,0.10517210787389927,0.11354579405264525
1994-03-21,0.1454118526519644,train,0.10104940639274004,0.10309612643105381,0.10270765664010678,0.11140679430690353
1994-03-22,0.1451529834922813,train,0.10152865801731924,0.10217612199476303,0.10390588030346191,0.11131843464641006
1994-03-23,0.1526313877065475,train,0.10444384968690568,0.09979153310517695,0.10705109057754321,0.11303143703753613
1994-03-24,0.1465524449259355,train,0.10834466200762546,0.11992689359105098,0.1258597067846726,0.12042864210779074
1994-03-25,0.1473342715322742,train,0.10928311731934924,0.11266137399929628,0.11371266338868528,0.12171734488971402
1994-03-28,0.1473009592062214,train,0.10575563689979842,0.12029794913756856,0.12166034174871013,0.11796767354573254
1994-03-29,0.1318158924759317,train,0.13079993977765447,0.15439495171155668,0.1759298399176865,0.14321492939238056
1994-03-30,0.1226555764141671,train,0.12843558753877768,0.14331624769977458,0.14857313710167824,0.14188291045208512
1994-03-31,0.1242279794769961,train,0.1333298878956671,0.1334527688515028,0.131689748247422,0.1483839530830955
1994-04-04,0.1113730301062262,train,0.15462394468878793,0.14470322334048002,0.14673092049862899,0.17749002942088443
1994-04-05,0.0847476174680462,train,0.15588618724243525,0.1231483637325638,0.1202168604034949,0.16573055257990085
1994-04-06,0.0848893255422075,train,0.153065646668198,0.12817136760177172,0.12875964957104255,0.17809574303334116
1994-04-07,0.0900002469291375,train,0.14254963468033735,0.12227831237606526,0.12093208185153329,0.1674031439288442
1994-04-08,0.0912598006471932,train,0.13804479390165503,0.12159161861127028,0.12110499334374676,0.1686093572648957
1994-04-11,0.0941184609197524,train,0.12935817904982108,0.12541280613985473,0.1306592370969763,0.17006871217218453
1994-04-12,0.0994171575674849,train,0.1235872880583347,0.11925536852535033,0.13125969808204296,0.16754169984164693
1994-04-13,0.0992117353955106,train,0.11457326179855233,0.11318256995177287,0.11193109910381632,0.14717038932391077
1994-04-14,0.0992039037967661,train,0.11207388623974772,0.11169746849333297,0.11439593936452708,0.1468086466214992
1994-04-15,0.0992117573826983,train,0.10868816187748977,0.10940675469583204,0.1131307419650706,0.14150659439030594
1994-04-18,0.1094422809165584,train,0.10672601218639659,0.10800897547018086,0.10490771233950824,0.1356610365646846
1994-04-19,0.1123038979742316,train,0.10536591919453725,0.10644696865469186,0.10508196492090605,0.13517624832241884
1994-04-20,0.1135231565812194,train,0.1041956770887574,0.10580102729607614,0.1044338850333419,0.13289504662422333
1994-04-21,0.1040849116450222,train,0.10554102234422796,0.10742479873010144,0.10453137312905766,0.13437540366055242
1994-04-22,0.1041972629523537,train,0.10377107995955558,0.10722626635715815,0.10987715578797899,0.13321610818087576
1994-04-25,0.0985352437751339,train,0.10344141367854529,0.10629169810286754,0.10512930652928759,0.12996153575274588
1994-04-26,0.0989431571752987,train,0.10376800042502361,0.106073761757537,0.11024523100458845,0.13039390058435615
1994-04-28,0.0955468404688733,train,0.10499377939793107,0.10947165563013601,0.11110346994123232,0.12817062441219373
1994-04-29,0.0949710242703798,train,0.10393257349141401,0.10554067863512356,0.1103876641485087,0.12662138544048812
1994-05-02,0.0924961371578233,train,0.10176837000842885,0.10444699805953224,0.10234810149681561,0.12145680504199725
1994-05-03,0.0937487090966186,train,0.10207216932691433,0.10314087200106332,0.10991508078574393,0.12190872088520296
1994-05-04,0.0936187903744491,train,0.10146310863031376,0.1022496118353157,0.1076206250939562,0.11909514678859039
1994-05-05,0.0957018924074569,train,0.1025995560986826,0.10052558767356848,0.10532396937704384,0.11716056204632756
1994-05-06,0.089260084725805,train,0.10051007186870767,0.10225668828039619,0.09934282692705007,0.11397759764689461
1994-05-09,0.0837980013819231,train,0.10114776411760673,0.10718595246801559,0.10394649435877906,0.11591585528585921
1994-05-10,0.0843168907213176,train,0.1009055837195823,0.10446797555119573,0.10164354795465516,0.11560039787616859
1994-05-11,0.0802058458161507,train,0.10330396272685034,0.10926728108800846,0.10619550847894373,0.11971491573998057
1994-05-12,0.0785086616095305,train,0.10109987771546039,0.10712947508929763,0.10600344878831275,0.11725092329305034
1994-05-13,0.078655564688503,train,0.1009454865474933,0.1069890184474704,0.10605385752375493,0.11661553352787
1994-05-16,0.0833236320147308,train,0.10207361146845871,0.10391614596276404,0.10632636784982774,0.1171180151818842
1994-05-17,0.0667217829172597,train,0.10035913040755244,0.10646253665358316,0.10183756137775558,0.11494217555450659
1994-05-18,0.0619976850510533,train,0.10416675742074007,0.10939293540932502,0.11077932089925735,0.12113642806675243
1994-05-19,0.0628433194546999,train,0.10298425884641445,0.106885056361659,0.11030826537531788,0.1182272860997967
1994-05-20,0.068496795958391,train,0.10251127060140523,0.1093623409175731,0.11351276028357865,0.11661746474583987
1994-05-23,0.0747786943295197,train,0.10189010987650339,0.10880842932187469,0.11028207505904059,0.11382167749471865
1994-05-24,0.0745699184579399,train,0.10380182026275349,0.10432871070199176,0.10986433512167375,0.11434893387628738
1994-05-25,0.076831789535427,train,0.10353838170562894,0.10125007160572272,0.10361117885172234,0.11152058828817764
1994-05-26,0.1071485303449586,train,0.10530920918253693,0.09832066929152497,0.10348108508302477,0.11058325932800159
1994-05-27,0.1233150272476115,train,0.10441096115935666,0.09756985019729109,0.10029022698321051,0.10825027962964323
1994-05-31,0.1244380397705477,train,0.0997355709652795,0.09747789208847758,0.09664785212841143,0.10414767125717643
1994-06-01,0.1239472991765376,train,0.09930145074412995,0.09764113067155206,0.09592528709302198,0.10295069810532233
1994-06-02,0.1259007797249416,train,0.10404002792388768,0.09824752063919376,0.10120332478783378,0.10645830236477656
1994-06-03,0.1244531490179481,train,0.1024832505617528,0.09907223911164897,0.10137055486749116,0.11016173453367892
1994-06-06,0.1258323278774936,train,0.09902077879672311,0.09722086141568,0.09681019851049076,0.10373166244367368
1994-06-07,0.1258385564117373,train,0.09930509973498705,0.09630099326913774,0.0954479928142763,0.10190925727298117
1994-06-08,0.1233597648677841,train,0.0980115604600078,0.09973134106659719,0.09702619642536528,0.10382623906803601
1994-06-09,0.1218418611844658,train,0.09996817941945824,0.09672236889677314,0.0959827154955782,0.10352487758371995
1994-06-10,0.1223202955858543,train,0.0988504134846243,0.09610743881543288,0.09670118151161368,0.10215117740715784
1994-06-13,0.1223258930268584,train,0.0984676604949449,0.0967698593140899,0.09744308455557626,0.10201583020044103
1994-06-14,0.1193488847919837,train,0.09845386873359695,0.09783556308094303,0.09711960782476976,0.10155007359828272
1994-06-15,0.1244596721803876,train,0.0988187898608336,0.0986765171762648,0.09987199766821549,0.10177791802700788
1994-06-16,0.1242586268513092,train,0.10246990144617725,0.09617428326297925,0.09964708857678013,0.10262442645356869
1994-06-17,0.1228111084906749,train,0.1067378031377458,0.11517004425450596,0.12825547004304008,0.11817215160488627
1994-06-20,0.1192273637094622,train,0.09902600418527649,0.11712195898900665,0.11287596734091493,0.10148758907351618
1994-06-21,0.116325029068482,train,0.10000517548224089,0.1207342785228229,0.11505563521575608,0.1042700068334808
1994-06-22,0.1157731256402927,train,0.10053822225521146,0.11279225912911077,0.10804379486327377,0.10459031101359163
1994-06-23,0.1140369457968281,train,0.10209450319974636,0.11452026176977276,0.11363258652189598,0.11009605093987455
1994-06-24,0.086283290421764,train,0.1273276980202325,0.15752960592237888,0.18796011153414421,0.14257925901451027
1994-06-27,0.0609861467112579,train,0.11364910670206607,0.13108680009780924,0.12618529830213487,0.12451343712617444
1994-06-28,0.0584610322014041,train,0.12089495524536707,0.1291001120219211,0.13432528746052258,0.14014603698029765
1994-06-29,0.0578481224335394,train,0.11807426286288711,0.12380112607248533,0.12602766732624554,0.1344788066912441
1994-06-30,0.0639149044371611,train,0.11575033998997471,0.12682553107881409,0.12414593860399721,0.1274015728395851
1994-07-01,0.0656808811752293,train,0.11336517970824049,0.12192113014199235,0.12609473599270174,0.13017391973034195
1994-07-05,0.0631693438572439,train,0.11471258187078881,0.11683704851177747,0.12539785691574953,0.13639803099258657
1994-07-06,0.0629858512890263,train,0.10547809789647822,0.1099296465555829,0.1131948290468103,0.12517645929167695
1994-07-07,0.0645416567102983,train,0.10305393041369174,0.106939591781336,0.11079940598020473,0.12387309877485926
1994-07-08,0.065653250431455,train,0.09913105574674894,0.1053027091451849,0.10589958414767354,0.11742556448758536
1994-07-11,0.0650313925413644,train,0.09853408611874426,0.10581103605850915,0.10503070152522796,0.11594711634056755
1994-07-12,0.0651235099083068,train,0.10063173716862577,0.10261309016282968,0.10682720543973973,0.117371467692611
1994-07-13,0.0661676565543565,train,0.10295853383465332,0.10096714947595391,0.10850295638298836,0.11941448672053628
1994-07-14,0.0556946357310861,train,0.10028109845738582,0.10376336690271729,0.1043280079539648,0.11427311290996248
1994-07-15,0.0621626622594539,train,0.10472369412089369,0.1009043387695151,0.10995450638658805,0.11916469126528961
1994-07-18,0.0618724545036446,train,0.09896165868897797,0.09979477430006352,0.10370784189776687,0.1095394358881714
1994-07-19,0.0663479125897823,train,0.1037769039750164,0.10201402665605659,0.11098124275466122,0.11695861638762502
1994-07-20,0.0644528052067107,train,0.09921131798599646,0.10018120828131082,0.09993565954272836,0.10559093326084684
1994-07-21,0.0651340916185828,train,0.1021715216350626,0.0976013244215045,0.09975779099941581,0.10685341111401653
1994-07-22,0.0648894845477016,train,0.09907167350874152,0.09683839830895438,0.09839052843275616,0.10369689705184214
1994-07-25,0.0648045160487883,train,0.09985292889990165,0.09572058447937129,0.09797067106831218,0.1025165995080057
1994-07-26,0.0678028875482621,train,0.10453809634610196,0.0949232733887828,0.10185722085622545,0.10754348009548206
1994-07-27,0.0776515555379775,train,0.10503286073072145,0.09484040610858338,0.09745567993153365,0.10169282210410412
1994-07-28,0.0778774743349967,train,0.10726341825806895,0.09499140318754291,0.1007339891609889,0.10751738745021434
1994-07-29,0.0858035487365256,train,0.09979266446785016,0.09766261486847329,0.0969329585129036,0.10125693418215792
1994-08-01,0.0841594769362868,train,0.09973939247081239,0.09703451195940305,0.09655271397949886,0.10001020218334548
1994-08-02,0.0845351263478789,train,0.09991648632794378,0.09849915949099014,0.09905288083730443,0.10035715235123382
1994-08-03,0.0850359884521134,train,0.10251242908130104,0.09689288408239258,0.09871008944852236,0.10085841744258864
1994-08-04,0.0833553375727877,train,0.09974747685109119,0.10875046751688279,0.10912294963541119,0.10166144093338977
1994-08-05,0.0838638656085695,train,0.10302942470912776,0.10060977865867851,0.09886042355537261,0.10030139799830103
1994-08-08,0.0834430170831134,train,0.10110676727989516,0.0990341373129031,0.0985409195398686,0.09898782440885419
1994-08-09,0.0832985569803928,train,0.10120920155396625,0.09951782157474309,0.09840337835491784,0.09997011140973942
1994-08-10,0.0840925340563197,train,0.10385999042405805,0.1008905688580509,0.10460890802550274,0.10524333322166955
1994-08-11,0.0911431014650962,train,0.10107981240352443,0.1026874027284104,0.10279296312144395,0.10112266881330531
1994-08-12,0.0875014275530245,train,0.10110435272816222,0.10290268667376651,0.10157711609518552,0.10026988187504123
1994-08-15,0.088137949526511,train,0.09970630944415271,0.10812913277261212,0.1098384438286249,0.10062576995586625
1994-08-16,0.084576424280287,train,0.10148592972267062,0.11380368361375222,0.11467022628996897,0.10341357581413879
1994-08-17,0.0955500977907235,train,0.10763152291725242,0.10507787206262195,0.11218875079941538,0.10645443556867544
1994-08-18,0.098135188962855,train,0.10048372704733918,0.11104898704350703,0.11255767615834612,0.1009647035205826
1994-08-19,0.0981701674384733,train,0.10602609310261428,0.10540004492355222,0.10568350021729547,0.10397062973264731
1994-08-22,0.1192626898477443,train,0.10539464913863912,0.10112745876815389,0.1017130699441174,0.10302708871126778
1994-08-23,0.1175268630434097,train,0.10045819111865306,0.10091577148585966,0.09982604851439271,0.09906159578678699
1994-08-24,0.1115838487809214,train,0.09920027856385531,0.10241844034449496,0.09810572463074375,0.09845289652821747
1994-08-25,0.1118381747425018,train,0.09926149974093684,0.10456258247310005,0.10292331357609638,0.10013115734191201
1994-08-26,0.1014766263553284,train,0.10022299485269182,0.11917797945374659,0.11905331736818806,0.10477042108214343
1994-08-29,0.1014784142247845,train,0.10002235903623861,0.11652792543480532,0.11736213965420209,0.10294211554756001
1994-08-30,0.1047415074624235,train,0.10748845735789639,0.11312824899215033,0.11999548651581678,0.1117279649355384
1994-08-31,0.1058598747907386,train,0.10180977629642014,0.12277983562880267,0.1287684865274283,0.10729289820289507
1994-09-01,0.1053258052769438,train,0.10184300232229258,0.11524844859053916,0.11563039100245051,0.10133418968557079
1994-09-02,0.1045618420525614,train,0.106123987058655,0.10759770754853035,0.11016790514388541,0.10504150161207786
1994-09-06,0.1173899051335182,train,0.10275148213210021,0.10285850979176528,0.10522750305618629,0.1017957720422576
1994-09-07,0.1173436200023813,train,0.11131858732418422,0.09875734299033964,0.1057926757895629,0.11157145843109806
1994-09-08,0.1165449020387598,train,0.10187376949921094,0.09814152503002474,0.09999395602975714,0.10215710741900436
1994-09-09,0.1114648798618694,train,0.10382899435370052,0.11897108060625337,0.12558196644834516,0.11211612715358323
1994-09-12,0.1171623806793219,train,0.10002254289903731,0.11166507687447973,0.10607417694564611,0.10238740660136296
1994-09-13,0.1280427022111343,train,0.09997235137027319,0.11051578492036962,0.10714010503085082,0.10349871818240687
1994-09-14,0.1280822434679113,train,0.10057257486987066,0.10891449432667814,0.10671663733117663,0.10455988887816982
1994-09-15,0.1206783069444055,train,0.10220779544759813,0.11755249774164196,0.1176835223660232,0.10975398247930625
1994-09-16,0.118980121295233,train,0.1014936865613511,0.11987116202828416,0.11845881133884686,0.10743162588619345
1994-09-19,0.1191382244108676,train,0.10621435467874585,0.11214892945102072,0.11426681159469361,0.11213976133638667
1994-09-20,0.0983023806044065,train,0.11491085859615455,0.14560084056991843,0.15854193678861564,0.12455894352472031
1994-09-21,0.0996847259879828,train,0.10590694033770302,0.12929002541700085,0.12324318325151719,0.11240652065254743
1994-09-22,0.1021037391134028,train,0.10700477150978698,0.1235101261347234,0.12254441770778805,0.11573113432045123
1994-09-23,0.1023876676694655,train,0.10617250035071406,0.12379991826905451,0.12100042609741052,0.11537532243112113
1994-09-26,0.1051207929664945,train,0.10550286117545617,0.11953014406607314,0.11927702295570475,0.11576187170671791
1994-09-27,0.1051550103544686,train,0.1080051935654431,0.11219179500808858,0.11773242718363884,0.11947883140477528
1994-09-28,0.1023310840256075,train,0.10275714315431889,0.10821732323137216,0.10891804805418658,0.11430530663801952
1994-09-29,0.1030067547696778,train,0.10107065339119627,0.11001268635837534,0.10826946148281301,0.11292592047460517
1994-09-30,0.1267934527608014,train,0.1148897891197806,0.10800942783604323,0.12266645900163836,0.13817924385174998
1994-10-03,0.1271623314245815,train,0.09845004849936675,0.11099980201372357,0.10930664377368204,0.11179082813947597
1994-10-04,0.1221342466498999,train,0.11374371642660627,0.13800267046069464,0.1467515450016913,0.12820556109964829
1994-10-05,0.1237764175558523,train,0.1072730869258305,0.11841537811330455,0.11981683125749963,0.12355579307022682
1994-10-06,0.1247330382010697,train,0.10449069725923918,0.1147648262063453,0.1130343826644752,0.119821480647988
1994-10-07,0.1321234149937054,train,0.10306004267861331,0.11306692611788967,0.11113784857077678,0.11955123527022614
1994-10-10,0.1271075100806212,train,0.10261949539815772,0.11376478536702624,0.11124749827468218,0.11925438848178245
1994-10-11,0.1188395703612752,train,0.10492800591230998,0.11482117818477366,0.11364652642854206,0.12262576714165928
1994-10-12,0.1188917730826846,train,0.1047730531863346,0.11609840049964307,0.11812681008372229,0.12235750888483546
1994-10-13,0.1208946925988764,train,0.11386842009524575,0.12082467918687936,0.1332884790990656,0.1386300042017956
1994-10-14,0.1206307984791364,train,0.10784486112651193,0.11577353302819703,0.12024623080387309,0.12486448071193115
1994-10-17,0.124943916048739,train,0.10549401418184572,0.11829693069651538,0.12284471252900214,0.12131909750357449
1994-10-18,0.1252311971856818,train,0.1102640726726656,0.10975429963316598,0.12084973882330692,0.12452495729509495
1994-10-19,0.1246981072549925,train,0.10122468702483713,0.10512977893111679,0.10424099055214937,0.11401578855813536
1994-10-20,0.124719168359274,train,0.10013685114622962,0.10627445284557173,0.10315356943132539,0.11374352821750637
1994-10-21,0.1239919675997254,train,0.10365541685669925,0.10288650144353562,0.10254313910204224,0.11835165276002568
1994-10-24,0.1255987218961362,train,0.10051818267613523,0.10939328847242609,0.10571107070997482,0.11678408042516315
1994-10-25,0.147814208835991,train,0.10012302764600935,0.1041023612503596,0.10218245396055445,0.11706815741216373
1994-10-26,0.148535107037781,train,0.09939064052136587,0.10257941672427755,0.10289673483388435,0.11615452714267216
1994-10-27,0.1479689740738784,train,0.09930644769067755,0.10135469220319289,0.10118271219979243,0.1148126029786361
1994-10-28,0.1290584363848533,train,0.10216874505556375,0.11093761162649823,0.10843245651281491,0.1206957368141356
1994-10-31,0.1284248930048446,train,0.10208823516768864,0.10689182161897136,0.10946010364370762,0.12321807497450184
1994-11-01,0.1221536958479258,train,0.1072894473172521,0.11621465574420065,0.12163708429671702,0.1282538449161558
1994-11-02,0.1255912192342066,train,0.10303341747499917,0.11514028746585234,0.11160239553180783,0.11900778056863415
1994-11-03,0.1284689410118184,train,0.10323834571310739,0.11626707476254275,0.11480859183855338,0.11936906851982901
1994-11-04,0.1198616357845638,train,0.10843690169554433,0.12486948605796758,0.12127744725238877,0.12239818607398928
1994-11-07,0.1194034401914751,train,0.1057771697690671,0.115037778587825,0.11154660207485854,0.12311255787845589
1994-11-08,0.1190179903735852,train,0.10531679198121915,0.11264183859768792,0.11228108979813416,0.12564300243834303
1994-11-09,0.1237587217112636,train,0.10421545170242752,0.11079932940705876,0.10836795841104564,0.12449734526871463
1994-11-10,0.121981130209175,train,0.10343706061252814,0.10978017586052488,0.10773470379324103,0.12482344465820845
1994-11-11,0.1234954691908361,train,0.10361526236026032,0.10831038771889764,0.11054483296229943,0.125993786093068
1994-11-14,0.1196741158105337,train,0.10327073358929507,0.10528740623018087,0.104713530328752,0.12411340221906997
1994-11-15,0.1204743403762789,train,0.1012108884471697,0.1057000271332946,0.10374014478728104,0.12214187746670535
1994-11-16,0.1203831166520058,train,0.10186024625068302,0.10390580363828528,0.10512417559669847,0.1229960891547679
1994-11-17,0.1192780103103989,train,0.09950337789727165,0.10477758191280315,0.10256893681818216,0.12000284312099314
1994-11-18,0.1192810666934827,train,0.0998930921827274,0.10279903141617058,0.10299471896810782,0.11964531253174711
1994-11-21,0.1142456958324502,train,0.09950795029482422,0.10476599192071977,0.10141419949456527,0.11889974458878792
1994-11-22,0.0914752330922111,train,0.12210251988964439,0.1323529159429094,0.14398611870778635,0.14554984594612086
1994-11-23,0.0899885061596525,train,0.1096436640516128,0.11598953020735589,0.11115507624275248,0.13125313108917483
1994-11-25,0.0884204834410835,train,0.11127777553082319,0.1128950197186839,0.11223280696863978,0.14072725055262236
1994-11-28,0.0890882069369044,train,0.10631433994140341,0.11298562737655647,0.11209222304016585,0.13402262086812475
1994-11-29,0.0908834677974382,train,0.10438976261467071,0.11296035314232505,0.11527459987746888,0.13181601845070137
1994-11-30,0.090785309394686,train,0.10465688301684177,0.10855425527307484,0.11415828878986546,0.13208288321246392
1994-12-01,0.0936976671314784,train,0.10357082274668696,0.10892192187446734,0.10850737933520024,0.12830332904666542
1994-12-02,0.0893204659182475,train,0.10258929825142475,0.10586989644391419,0.10440705249043707,0.12669751561181955
1994-12-05,0.0908361201038757,train,0.1011173195832448,0.10515086694096222,0.10636577331505648,0.12578012469410757
1994-12-06,0.0908035538473961,train,0.10009438312180852,0.10365580092211457,0.10459171685014543,0.12285770841182067
1994-12-07,0.0871928458069087,train,0.10169649084226487,0.10441134263316958,0.1050249732074675,0.12406936716502646
1994-12-08,0.080185102959433,train,0.10708179210128248,0.11394754865335052,0.11237079855121603,0.1284914703227974
1994-12-09,0.0791123201138109,train,0.10238759798034128,0.10656423701568349,0.10425903751999109,0.12505217803781954
1994-12-12,0.0756340628616766,train,0.10174126124245343,0.10611613937304722,0.10397584630545859,0.1251299158905954
1994-12-13,0.0744433205942358,train,0.10122630182283449,0.10567472734468444,0.10748920781052484,0.12555948126161362
1994-12-14,0.0833994357411384,train,0.10324311727546408,0.1097311376385044,0.11110000995186793,0.12568025415214307
1994-12-15,0.0853830345661812,train,0.10196299614094896,0.10505098041715283,0.11152256321255102,0.1235644956720394
1994-12-16,0.0836194210713246,train,0.10119905639028078,0.10314666664310525,0.10901652138825378,0.12064798161431596
1994-12-19,0.0835536900388406,train,0.10740036847890978,0.10103123259847986,0.11153526528438776,0.12659782467618658
1994-12-20,0.0852466496455271,train,0.10306782139898855,0.09954788973366145,0.10388481156567794,0.11515987886484491
1994-12-21,0.0776871735376419,train,0.10061796397459793,0.10110368205845387,0.10064954398967343,0.1127035697316067
1994-12-22,0.0776700716988983,train,0.10075637072726008,0.09984956924304446,0.10275604046901166,0.11168534549057338
1994-12-23,0.0777313456565011,train,0.10113136086680441,0.09841913149657909,0.10179804701170982,0.10993994320419119
1994-12-27,0.0759131457845202,train,0.09961345622086504,0.09891708098480477,0.09980355134367226,0.10788447347895529
1994-12-28,0.0738296123749864,train,0.1022607805256755,0.10787526241360651,0.11146599132614053,0.11347925529182933
1994-12-29,0.0751371744161453,train,0.10342947918043426,0.09880785462776795,0.10040746341611936,0.10760859617222532
1994-12-30,0.0639264368663295,train,0.1088644491052169,0.11187426604672222,0.11963479813509963,0.12382846414973432
1995-01-03,0.063228446321211,train,0.10103689730864784,0.1066356654777873,0.10241457371064387,0.1090620332507001
1995-01-04,0.0609331232669604,train,0.10123405908666502,0.10427628885019163,0.10167574218818005,0.10937148042101552
1995-01-05,0.0644986965434704,train,0.10554745633947403,0.10166934650296058,0.10497322325409027,0.11592731846971632
1995-01-06,0.081530954081788,train,0.10042897774750402,0.10296131223535492,0.10406786740521975,0.1101884582067968
1995-01-09,0.0828167911546336,train,0.11146709535110759,0.09906518512517479,0.10964555262645048,0.12063839104775083
1995-01-10,0.0828659359970138,train,0.10046434201363681,0.09742037124108616,0.1012453795758037,0.1075535411210997
1995-01-11,0.0828308526280467,train,0.1016230708935572,0.09607760840297719,0.09789129167282364,0.10411984826054126
1995-01-12,0.0828222758396683,train,0.10492484731971005,0.09626507810196533,0.10014089636328236,0.10683612068096841
1995-01-13,0.0716543293083373,train,0.1002917365457062,0.101711434810999,0.10320215234233539,0.10785919234225742
1995-01-16,0.0684277831701157,train,0.09894986706067553,0.09750244351082547,0.09756895507227055,0.10227603896937125
1995-01-17,0.0685710525103014,train,0.09840392771634249,0.10061419578334331,0.10100260869361276,0.1025337620038634
1995-01-18,0.0711784187815848,train,0.09919787972196799,0.09948659309213191,0.10021670948558274,0.10133801759264452
1995-01-19,0.0684259307029975,train,0.09839405462099032,0.10389847705978061,0.10339629758235584,0.10133659298820351
1995-01-20,0.0685492346501371,train,0.10127834490159204,0.09945317638433365,0.09899901921416034,0.10111858513321846
1995-01-23,0.0677181049393966,train,0.1000944976602938,0.09945360270485692,0.09574502324366074,0.10095570145183819
1995-01-24,0.0724677986191396,train,0.10169044472036559,0.0967064737364529,0.09799884179212738,0.10236472437495495
1995-01-25,0.0720708199816201,train,0.1017525905935386,0.09772982521162411,0.09788390405476836,0.10395037913667203
1995-01-26,0.07255135047079,train,0.10401281386456784,0.09549429189929921,0.09962124911383977,0.10399864696503079
1995-01-27,0.0766154092200661,train,0.10264416365154318,0.09575660316051009,0.09984124792688276,0.10421695303565566
1995-01-30,0.080667961247112,train,0.09844623512795891,0.09896266755297559,0.09820947325233034,0.09930424288514064
1995-01-31,0.0825976652639897,train,0.10279254948743771,0.09682266591876539,0.09949622727170288,0.1024883425293212
1995-02-01,0.0827147115543117,train,0.10691295671063715,0.09613437497703968,0.10242804786044973,0.10727247564342579
1995-02-02,0.0799736749005366,train,0.10019875058074096,0.09628581115803182,0.09512254166653629,0.09767912613646121
1995-02-03,0.0624552493391406,train,0.1013778499398237,0.10753745603710545,0.10965410141090708,0.10564034946828733
1995-02-06,0.0665269949945129,train,0.10015726309410175,0.1071086499825818,0.10767909034365522,0.10191459047909311
1995-02-07,0.0669960985190134,train,0.10274684244105621,0.10602813182667681,0.11045758919552888,0.1038607523791804
1995-02-08,0.0670058988937272,train,0.10085880433030688,0.1068869468122607,0.10772632572744194,0.10010796893669308
1995-02-09,0.0849179925085898,train,0.10072858185262447,0.10683035390286626,0.10666097309273341,0.09910228592835668
1995-02-10,0.0848609394652305,train,0.10934140890144606,0.09877587801016702,0.10363742987072751,0.10345620983800478
1995-02-13,0.0886955206735662,train,0.11034103651526145,0.09451626775712282,0.09984359608207047,0.1029136085483331
1995-02-14,0.0888311561228532,train,0.10420248710022136,0.09363041303248103,0.09402587943670748,0.09663789053982175
1995-02-15,0.08924528899228,train,0.10200128204545954,0.09498569109548934,0.09401793812805728,0.09755762686747806
1995-02-16,0.0891986318388221,train,0.10386899548250038,0.09431150931361815,0.0941548907070218,0.09778304163422373
1995-02-17,0.0881395324593123,train,0.10293953143891317,0.09499204102914195,0.09539477275437547,0.09996480288203072
1995-02-21,0.0885859725525644,train,0.10049154849824753,0.09518256438456409,0.09508148708585089,0.09730491534195877
1995-02-22,0.0846777895851518,train,0.10130529519670896,0.09912002105774821,0.09956551337383585,0.10037494394846835
1995-02-23,0.0845166656302225,train,0.10165119478126985,0.09752214704155586,0.09816342945312309,0.09814240679056581
1995-02-24,0.0978057304841835,train,0.10109745285136304,0.09763702321456373,0.09709291555530378,0.0965823170135636
1995-02-27,0.0946795943887776,train,0.10473029930901717,0.1273518288495022,0.13756629747206126,0.1099238872536355
1995-02-28,0.0899533259398374,train,0.10003312820142746,0.11497573054820755,0.11036775725410043,0.09829885815410458
1995-03-01,0.0870480715644567,train,0.10132774262190182,0.11341118861410149,0.11075949459948928,0.10024017749563491
1995-03-02,0.0871794417986856,train,0.10083702681351693,0.11362219445598869,0.11358520036075505,0.10064816642270293
1995-03-03,0.0883475409645184,train,0.10187316796141951,0.11068497634677178,0.11086565879314146,0.10052761368054382
1995-03-06,0.0887605490587267,train,0.10361649654115831,0.11030389542379065,0.11206636819398438,0.103627168294965
1995-03-07,0.0875377491710776,train,0.10369544619075997,0.13728700849140116,0.14308950603472256,0.10837058329894941
1995-03-08,0.0870578588119692,train,0.10516444903992649,0.11574286723441922,0.11338865302334698,0.10399249585370283
1995-03-09,0.0880372791567195,train,0.10592203431284976,0.10909899567726503,0.11046745901329358,0.10770572898902457
1995-03-10,0.0709935009578492,train,0.1008132436474342,0.12350293455012003,0.12125282985379066,0.10649843868517479
1995-03-13,0.0712153955860955,train,0.10174829978496354,0.11561274024627133,0.11895117345301606,0.10680716857620211
1995-03-14,0.0674499859316306,train,0.10078225166798097,0.11643186871173265,0.11651445277689843,0.1048433862765293
1995-03-15,0.0681841132604197,train,0.10120374904019236,0.11615021438152881,0.11773185406394313,0.10523644751893924
1995-03-16,0.0676958632757092,train,0.11112791297567859,0.11340201556006331,0.12214328863686569,0.11959415304134734
1995-03-17,0.0706998488300168,train,0.10258643877853531,0.10747439313127521,0.11343168161200524,0.10522500133608502
1995-03-20,0.0717163661083938,train,0.10161154728912965,0.10453634513292309,0.10819638531713424,0.10302509505946132
1995-03-21,0.0712311049806082,train,0.09986666802096572,0.10427088665145517,0.1037220664187941,0.1008001169346285
1995-03-22,0.0713627065030291,train,0.10310563853595668,0.09942936779768277,0.10283735924640891,0.10219419067465599
1995-03-23,0.0734374558831035,train,0.10420859652178056,0.09668069660491517,0.10001385142942788,0.10240272984441906
1995-03-24,0.0677034848956881,train,0.09853135314024462,0.10145546223104,0.09740761357350491,0.0994386238945943
1995-03-27,0.0668802272675842,train,0.09877537855308083,0.1049158824739653,0.10401907640686722,0.10124358810501738
1995-03-28,0.0669588455211731,train,0.09965593751302794,0.10418397909574802,0.10523859532050202,0.10082380401789326
1995-03-29,0.0675020311434003,train,0.10178110248812401,0.12224339181131957,0.12568726186474646,0.10761398725159234
1995-03-30,0.0673930527885167,train,0.10051189860963701,0.11462792788398578,0.11252026452814962,0.1016600012349502
1995-03-31,0.0665519932131364,train,0.10236893305021731,0.11148563823871477,0.10779003447228531,0.1035315496884027
1995-04-03,0.0663898954178711,train,0.1046839325446006,0.1046935832145235,0.10425547334053151,0.10550600480031236
1995-04-04,0.0792963069766463,train,0.10315162765556482,0.10310901448546353,0.10319210214022913,0.10673170168369644
1995-04-05,0.079324581500208,train,0.10108533358676797,0.10086204570254602,0.1015851188984873,0.10361847401936454
1995-04-06,0.0783431739633137,train,0.1014907179279293,0.10276362098881305,0.104803331764381,0.10568870834711358
1995-04-07,0.0822975602701444,train,0.10220499000227273,0.10037164073021068,0.10190818806713624,0.10362306777764381
1995-04-10,0.0820973908941769,train,0.10242475047859459,0.09830654768390874,0.09992992235633302,0.10224324935297076
1995-04-11,0.0813212506960115,train,0.1004308265344176,0.09957145078749155,0.09961386623632677,0.10112726317877846
1995-04-12,0.080983939811311,train,0.1014090496646437,0.09830908313013362,0.09867913981371644,0.10069276777481888
1995-04-13,0.0786034490301253,train,0.10058211551421016,0.09928818814335838,0.09976070460716994,0.10033605953272383
1995-04-17,0.0776676148020515,train,0.10066482747743401,0.11233661750747101,0.1121078798185453,0.10351019832961948
1995-04-18,0.0767583791531809,train,0.10011199385725608,0.11049622210520803,0.10881413832579281,0.10125433790233078
1995-04-19,0.077888902345765,train,0.10135506080237007,0.10751067936697276,0.10395746335772449,0.10101684812485463
1995-04-20,0.0933925009950973,train,0.10110851749089446,0.10625979474782253,0.10552038561625417,0.10166676105652817
1995-04-21,0.0917673536453852,train,0.10188920817393977,0.10439540347900146,0.10577466993066333,0.10223215137889037
1995-04-24,0.0908842079142571,train,0.09990729484086469,0.10725299403372365,0.10387458771980199,0.1007044109225913
1995-04-25,0.0960313464123439,train,0.10077513078736425,0.11025073609111732,0.112779051856715,0.10344611378393795
1995-04-26,0.0959993881233585,train,0.10167583746974501,0.10700978966014886,0.10760860469706125,0.10125767922374561
1995-04-27,0.0956633102025346,train,0.10235134996017026,0.10806956065680874,0.11120455336401582,0.10335118507221665
1995-04-28,0.1039073434518716,train,0.10253475894993577,0.1066551527890499,0.10666771389594154,0.10165211239812279
1995-05-01,0.1034609408458394,train,0.10378941435655725,0.10594279879756854,0.11059784915291937,0.10395207618545045
1995-05-02,0.1264701740433926,train,0.10689598398579646,0.09964304269192852,0.10219245071978621,0.10144625284822917
1995-05-03,0.1169073052340216,train,0.10085343300759624,0.10717153435535934,0.10521932404065341,0.10168783209982789
1995-05-04,0.1169295709099174,train,0.10155675525637159,0.11947567227533089,0.11990021632429515,0.10435411501098489
1995-05-05,0.1188469103868468,train,0.10125558348476019,0.1150116977359189,0.11394124885649745,0.10158379620845653
1995-05-08,0.1162615777002329,train,0.1019185904406925,0.11653133391828761,0.11359458348495607,0.10253172103475988
1995-05-09,0.117699793576976,train,0.10110874888897768,0.1187081728146461,0.1177545232746257,0.1023578297327451
1995-05-10,0.117916976710477,train,0.10533215968195676,0.10996787443885385,0.11089342126108975,0.10366613755952636
1995-05-11,0.11936883695119,train,0.10494113995583186,0.10446416010122395,0.10439138482712691,0.10302530268075005
1995-05-12,0.1209826322549388,train,0.10282647801545675,0.10367728706510854,0.10441514728304901,0.10351933292195738
1995-05-15,0.1257716031971755,train,0.10176413436594853,0.10184332135370536,0.1018006924382567,0.10122359976909182
1995-05-16,0.1257922445477999,train,0.10341269175783743,0.09874970309560961,0.09969091328713539,0.10111261462050883
1995-05-17,0.1259971770700168,train,0.1015387117565712,0.09829310503540518,0.09787228951872506,0.09982261624397906
1995-05-18,0.1153283213524539,train,0.10826403072450246,0.12713046087374408,0.13869513303097086,0.11774369968440115
1995-05-19,0.1220012982218457,train,0.1015395057917045,0.11191523088523478,0.10886641777030417,0.1028893201348849
1995-05-22,0.1159045756800325,train,0.10138688913353629,0.11780860200453777,0.11443582062804365,0.10447810045060686
1995-05-23,0.1112727303498563,train,0.10238714380510383,0.11842011902450826,0.11706084807665547,0.1059513372234687
1995-05-24,0.120611287488492,train,0.10329309548311756,0.1293069644278043,0.13430591298623618,0.10986723456652642
1995-05-25,0.1207763169142616,train,0.10430226712895105,0.12070176132808193,0.12343524426804162,0.10640940895084888
1995-05-26,0.1213575538022619,train,0.10251716779587836,0.13052157563324512,0.12807154378429375,0.10643747923189034
1995-05-30,0.1215632431754327,train,0.11155036412616463,0.11970467666023439,0.1253438743221063,0.11755362176996217
1995-05-31,0.0988304233501261,train,0.10483305301514301,0.13161619019662854,0.12986092183754402,0.11252314244246871
1995-06-01,0.0985797199263734,train,0.10600369315280886,0.12537927371376614,0.12664051804227483,0.11440651168259312
1995-06-02,0.0985515205492139,train,0.1073606722177841,0.12521313256588948,0.12409800928038174,0.11514991163156738
1995-06-05,0.0970414070173556,train,0.10457022335254701,0.12334890856166854,0.12077735915095011,0.11119440917292868
1995-06-06,0.0977373921919563,train,0.10552013736726368,0.12064667149801384,0.12342671670807884,0.1132953496722085
1995-06-07,0.106082097590114,train,0.11218270878764529,0.113065984775572,0.12226653309798102,0.12176215771716903
1995-06-08,0.1069521908160996,train,0.10465721851169282,0.10659779925210618,0.11068720135832796,0.11082828089812691
1995-06-09,0.1049202868001389,train,0.10157380093675794,0.10743395748675533,0.1057304701373263,0.10825415172963829
1995-06-12,0.1044156959478185,train,0.10315175776441174,0.1061636204842401,0.10761815490993054,0.11020854136940947
1995-06-13,0.1065205086709016,train,0.10195587099869692,0.10707278154471518,0.10551942382530613,0.10839659404469712
1995-06-14,0.1067684333163914,train,0.10360430907282085,0.10757892647109327,0.11346984418171911,0.11166749539784372
1995-06-15,0.1056932818062371,train,0.10223816591949507,0.10685841454888557,0.10806563113437657,0.10693007828642151
1995-06-16,0.1070036095337143,train,0.10334168331766819,0.1055730573281971,0.1114364431180955,0.10781380016793563
1995-06-19,0.1039235883309543,train,0.10170982995627446,0.10919387110221843,0.10744498344560958,0.10506659850206726
1995-06-20,0.1105947128879337,train,0.10318158496371405,0.10529042975758464,0.10899957054421787,0.10554451857662411
1995-06-21,0.1113405478833203,train,0.10273645194067585,0.1034413503830776,0.10524295379897533,0.1036428362827657
1995-06-22,0.1012071407677075,train,0.10057418356100385,0.10979488139523416,0.10662178151440635,0.10320915623158843
1995-06-23,0.1042372953198921,train,0.10192243320160467,0.10812660177697006,0.10914605581813451,0.10429614738751532
1995-06-26,0.0988172510737926,train,0.10318913231684242,0.12145652784727418,0.1196707971217889,0.10711756396921349
1995-06-27,0.0986028433219486,train,0.10193397760509655,0.11844973994103848,0.11495013851545836,0.10519562824606943
1995-06-28,0.1012660036474268,train,0.101806582450305,0.11863086145442084,0.1163026031905249,0.10552524866409123
1995-06-29,0.1035737131562938,train,0.10530980319273212,0.1123733104924008,0.11497321733144696,0.10888960680589833
1995-06-30,0.1039329524427375,train,0.10708420697800088,0.11276619149026326,0.12202778194704855,0.11450772303420191
1995-07-03,0.1032595404842524,train,0.11350873716946912,0.10303685719420184,0.11656069367209325,0.11591756739122563
1995-07-05,0.1027207780968215,train,0.10469220117563352,0.10715282253393563,0.11322246446090535,0.11082332478901251
1995-07-06,0.0922235778502937,train,0.10078203501322812,0.10705683219660181,0.10174890545246364,0.1019994151099455
1995-07-07,0.0909204830632994,train,0.10367849117061018,0.1055168382447962,0.10817722533570043,0.10673793043253996
1995-07-10,0.0912429505424984,train,0.10256517948910036,0.1102992825356979,0.11310313302255552,0.10637528943640216
1995-07-11,0.0896583594517349,train,0.10230666350602344,0.11003815709229815,0.10907330825782242,0.10355866958252927
1995-07-12,0.0783066722416071,train,0.10302585890144443,0.11089362091251649,0.10564819548303712,0.10464129050965192
1995-07-13,0.0783084528357051,train,0.10223612805871399,0.11318174988854911,0.11449717991329168,0.10575730315778464
1995-07-14,0.0807364724350443,train,0.10481291922433503,0.10960559737955564,0.11132524693805015,0.10648267824722568
1995-07-17,0.0844789618079513,train,0.10565457890370851,0.10562451875084011,0.1054299075964004,0.10596823793137493
1995-07-18,0.0790322457811093,train,0.10170523120120467,0.11086918796893484,0.10778256154705257,0.10434946862716545
1995-07-19,0.0694900254039643,train,0.1088465824973254,0.1321751106800124,0.1373740336131029,0.11848244768292011
1995-07-20,0.0685155757344192,train,0.10595457322021264,0.11497791330194707,0.11368938296601594,0.111228125621915
1995-07-21,0.0685126669972857,train,0.10671263216209,0.11317981629118432,0.11773235410782534,0.11441958206776971
1995-07-24,0.0641829773913333,train,0.10485538743990278,0.1096959755344476,0.11112107135192824,0.11035661395204542
1995-07-25,0.0587621533499274,train,0.10305947223648675,0.10793699479623352,0.10692542245508226,0.10792188037440191
1995-07-26,0.060082880097635,train,0.10381877865619026,0.10484297196707515,0.10823771266146912,0.10841662287728082
1995-07-27,0.0525002777595744,train,0.1035970079448953,0.10226049893400548,0.1017080123124007,0.10608252569896053
1995-07-28,0.0513479467113354,train,0.10285322989306585,0.10520703715194385,0.10473235198915411,0.10801300555181292
1995-07-31,0.0521762466083674,train,0.10297720150408012,0.10365957068290439,0.10221237781851075,0.10638075786466093
1995-08-01,0.0525925292810975,train,0.10453624043412338,0.10132227531110058,0.0999004254685317,0.10737113942583112
1995-08-02,0.0525862514308701,train,0.10167728393884738,0.1031073061231577,0.09948697333879222,0.1060718371153423
1995-08-03,0.0526594597840591,train,0.10919167781434298,0.10072475365196798,0.10507721097052528,0.11419808411861283
1995-08-04,0.0548062201459776,train,0.10708680672791573,0.09915526652948535,0.10192617901708372,0.10737983401795387
1995-08-07,0.0635526675668517,train,0.10442703167529706,0.09889809835248972,0.09955520982246897,0.10418065555816637
1995-08-08,0.0639132937214358,train,0.10695702295427204,0.09992150235696066,0.10289753645659698,0.10715322694171192
1995-08-09,0.0639352282108268,train,0.10744738273398102,0.10183616105395618,0.10455430859474685,0.10453342919611831
1995-08-10,0.0648662121883952,train,0.1011852781282105,0.10098533233719627,0.10021881427347705,0.10082725804769781
1995-08-11,0.0624927707991228,train,0.10094141570120657,0.10020942832970102,0.09838945180048647,0.10114421203981408
1995-08-14,0.0562406605752576,train,0.1013959113858552,0.1013667827673935,0.09942971584907104,0.10393833394490697
1995-08-15,0.0581244229705419,train,0.10574280451632867,0.09863554081013945,0.10046478070477544,0.10852021875125542
1995-08-16,0.0657277966312541,train,0.10372853465991101,0.1010379806358545,0.10613809650603362,0.10814264866932641
1995-08-17,0.0654670668049152,train,0.10199672988533194,0.10073356805874457,0.10141599370369006,0.10230842387790597
1995-08-18,0.0666888847119853,train,0.10404558892808903,0.09889422767170128,0.10075043694543491,0.10283785363183882
1995-08-21,0.0681338178608197,train,0.10210755050798404,0.10749689196471109,0.1079348771933987,0.10465556561868325
1995-08-22,0.0698879318623405,train,0.10542603251519288,0.09977287771928091,0.09993006578813632,0.10149160013599261
1995-08-23,0.0747090719268852,train,0.10143009922989527,0.10110590950394616,0.09961313122176123,0.10037227522175343
1995-08-24,0.0746098128943215,train,0.10425223263243649,0.09812599860504792,0.09785942443980303,0.10050109967738886
1995-08-25,0.0721718226016923,train,0.1016036174909533,0.0985597762156384,0.09822343731662032,0.09967011216805526
1995-08-28,0.0710299154262722,train,0.10134391248916082,0.10102156267777485,0.1013943886093743,0.10073980556924689
1995-08-29,0.0705307760659411,train,0.10630117649802491,0.10603068674477435,0.11166281308364731,0.10919599679337168
1995-08-30,0.0749681380152277,train,0.10466304031836901,0.10127702936526559,0.10333141566992748,0.100222081925164
1995-08-31,0.0752033778069502,train,0.10365634870388042,0.10079917594013388,0.1031025495705841,0.09938430004681925
1995-09-01,0.0757333540725637,train,0.10323593780711249,0.10110356671949247,0.10097675904903099,0.0981708944733437
1995-09-05,0.068206797772545,train,0.10224371630101599,0.10442619580267269,0.10128533897429334,0.09904202382451963
1995-09-06,0.0679758865236712,train,0.10201148490617129,0.1059187767370971,0.10747317422953467,0.09980322924370058
1995-09-07,0.0687504209409592,train,0.10166040263382715,0.10920558109796075,0.11023459667111414,0.09913025590585163
1995-09-08,0.0674695125839863,train,0.10309728013429309,0.11056783317801233,0.10989270725165431,0.099844197911555
1995-09-11,0.0730300589796687,train,0.10228890212815595,0.11027951138150707,0.11093069083862099,0.09846768646126255
1995-09-12,0.0712145339250696,train,0.10659189368767266,0.10378280986245257,0.10444503907674783,0.09920411986663069
1995-09-13,0.0702838731779736,train,0.10278611418061545,0.1031062597069411,0.10217012353654963,0.09708561708181115
1995-09-14,0.0661778525453286,train,0.10198304501382921,0.10937282235627777,0.10845248664028775,0.09984196824113724
1995-09-15,0.0671404192722144,train,0.10240264268260998,0.11048185352505878,0.11097208591291935,0.09963447665889831
1995-09-18,0.0679850864627261,train,0.10184012831802002,0.11347580386028365,0.10977627966828103,0.09861220087953532
1995-09-19,0.0699316598301243,train,0.10274680341178481,0.11408471160708361,0.11076897019933578,0.10005963862056844
1995-09-20,0.0686152867344574,train,0.10448084228727791,0.10983468366966026,0.10737194786249021,0.10064385497555413
1995-09-21,0.064272291999667,train,0.10243973686999266,0.11695414567604695,0.11352385272182763,0.10219470405549508
1995-09-22,0.0678016709436613,train,0.10540777709731124,0.1097388358199646,0.10834718574369505,0.10250890211006103
1995-09-25,0.0679817113621241,train,0.10477775090190049,0.11157278442455644,0.11055128325758826,0.10487732917124447
1995-09-26,0.0680799353431087,train,0.10358226414460246,0.11115310093608693,0.11077653497455864,0.10323980874554409
1995-09-27,0.0740943616404674,train,0.10452744223657064,0.10916597745858665,0.10728272061773583,0.10284197576280658
1995-09-28,0.0764140046175268,train,0.10476087427860037,0.10669053056055704,0.10554864380355757,0.10274415072365718
1995-09-29,0.0807018488819915,train,0.10385919208596123,0.10744503158653261,0.10676375843621479,0.10308165021473888
1995-10-02,0.0818923182194857,train,0.10425637206811017,0.11816492288502162,0.1157430444032703,0.10618758160807952
1995-10-03,0.0832011893386521,train,0.10539472218505663,0.11238314112717204,0.10901701239566242,0.10545988151473373
1995-10-04,0.0878402560096218,train,0.10585199882420646,0.11129260292889938,0.10809530872443812,0.10714540542893199
1995-10-05,0.0900877673299412,train,0.10478799695005923,0.11105363749602226,0.10610985627441255,0.10655397509806648
1995-10-06,0.0901642554898633,train,0.1089351964656692,0.10625065630111463,0.10805601825764807,0.1123516312757801
1995-10-09,0.0860477592800468,train,0.10391240011960987,0.11263648123920543,0.10929729068817125,0.1084341716262434
1995-10-10,0.0870308332131346,train,0.1054402221003226,0.10771939977550951,0.10328404541665138,0.10834751090826641
1995-10-11,0.0919881379789857,train,0.1060732222257032,0.1047302479533533,0.10355475523342934,0.10976953862814107
1995-10-12,0.0902946521629762,train,0.10408805119949387,0.1053888210461142,0.1044190149497168,0.10891371721330396
1995-10-13,0.0895950593769875,train,0.10536274991673253,0.10749308197572434,0.11028593208929212,0.11157957186239047
1995-10-16,0.0880338246537329,train,0.1044689733656353,0.10895981961271779,0.10746856701961752,0.10865097183028105
1995-10-17,0.0879553288520303,train,0.10626642092229309,0.10697615728030196,0.10510771012285375,0.11034617761780326
1995-10-18,0.0942771667998916,train,0.10403596068760267,0.11015967880153128,0.11166657026804516,0.10940371752974179
1995-10-19,0.09476968770788,train,0.10542874776705068,0.10900043863275313,0.1101188483160465,0.10948721677764729
1995-10-20,0.0929350274550687,train,0.10542963132030814,0.11104573134724922,0.1118555490410035,0.10960479235473045
1995-10-23,0.0944529314266615,train,0.1050191073178215,0.11109957792463925,0.10991583374920359,0.10779275538225377
1995-10-24,0.0986165031742737,train,0.10901428863953357,0.10568547039931854,0.10819257951036984,0.11082374289172242
1995-10-25,0.0947833851615329,train,0.10492033618704442,0.11655945394232248,0.11451618561975016,0.10959756049991512
1995-10-26,0.0895089128917403,train,0.11199494596015543,0.13543933849822012,0.13991143522590066,0.12182317203387631
1995-10-27,0.085410642587459,train,0.10813491383956474,0.12207516702432533,0.11713945063225581,0.11494261909634228
1995-10-30,0.0904432427364717,train,0.1096930881987945,0.11771275173602856,0.11855730302935993,0.11731655184108535
1995-10-31,0.0892333638968223,train,0.10779987814053003,0.11940657046809966,0.11933301550352331,0.11577243801408729
1995-11-01,0.0849798500900755,train,0.10801905280420618,0.1170141332546268,0.11533350558130342,0.11492441643160234
1995-11-02,0.0820530152602964,train,0.10836108330648715,0.11384088130314333,0.11601646980597784,0.1154256085987385
1995-11-03,0.0927001709515011,train,0.10823285651527058,0.11472612761145139,0.12212415840810976,0.1168588213872239
1995-11-06,0.0947974507314943,train,0.10685101111959856,0.11331690847727938,0.11622839804902506,0.11196780880741866
1995-11-07,0.0942191788672046,train,0.1054560457185493,0.11417941661663857,0.11400158079937575,0.10970437419684781
1995-11-08,0.0906085182659532,train,0.10539567304958397,0.11340355866708207,0.11190108790806991,0.10889970134385271
1995-11-09,0.0904136406494521,train,0.10628529030257786,0.11182272342999967,0.11483991314914965,0.11009321451720741
1995-11-10,0.0916528083991444,train,0.1064550134024379,0.11179466738976082,0.11348503166001073,0.109568963172432
1995-11-13,0.0921974081227584,train,0.1064187847482506,0.11049605980046816,0.11019941371879007,0.10792443496712786
1995-11-14,0.091904513757486,train,0.10623253033234607,0.11069142045774483,0.10769165039000057,0.10824259188674656
1995-11-15,0.0886064105914589,train,0.10526409230403798,0.11090466434330014,0.10726243896318734,0.1075155035538669
1995-11-16,0.0864521050129445,train,0.1061425137547035,0.10911622325244703,0.10892042305545209,0.1085733771093357
1995-11-17,0.109964827873435,train,0.10673834844103426,0.10683318423880572,0.10865822205546592,0.10888057571734622
1995-11-20,0.1146426790256341,train,0.10457449619857918,0.11247779844569468,0.11172266874653863,0.10795129836579755
1995-11-21,0.1162729918353259,train,0.10714617267274867,0.11006578584259989,0.11007555327693988,0.11046177163366538
1995-11-22,0.1171741078454786,train,0.10511580015966075,0.108575340057825,0.1124186071234936,0.10768816895820715
1995-11-24,0.1175013272368336,train,0.10895556162060438,0.10482453859773523,0.11085968688432872,0.11098580936561595
1995-11-27,0.1187468476330066,train,0.1043763014036376,0.11437534110136943,0.1205053280907126,0.10925221383622943
1995-11-28,0.1126902715197108,train,0.10375352074091265,0.11515751824491115,0.11242587808833628,0.1048168075145115
1995-11-29,0.1126893677927028,train,0.1065197842075762,0.11173811822378295,0.11748679718160053,0.10760478324776379
1995-11-30,0.1124823235155336,train,0.10498195751793267,0.1104943594971898,0.11283392835525384,0.10396055432733586
1995-12-01,0.118540589744864,train,0.10516670786567464,0.10987223050010048,0.1135019615557515,0.1039428101813029
1995-12-04,0.1107493630203825,train,0.1040317734651322,0.1202704408788109,0.11899685608367955,0.10506081618485853
1995-12-05,0.1134848513805467,train,0.10502192649375842,0.12660720938859718,0.12645501796654104,0.10716153534533927
1995-12-06,0.1134284547935443,train,0.10553361948285334,0.13267919447978804,0.13109378330828494,0.10760530069657734
1995-12-07,0.1126755785038678,train,0.10683462379973327,0.12595990132819265,0.12262482950952407,0.10704068504873115
1995-12-08,0.1278509079375202,train,0.10609244640173582,0.1359257629620219,0.13651103893920413,0.11024771040398271
1995-12-11,0.1353253031135779,train,0.11115349815406096,0.12351129041957357,0.1292120879515128,0.11167728794574577
1995-12-12,0.1365600710993928,train,0.10763380152141604,0.11971942725998284,0.12601677614830264,0.10805214258457135
1995-12-13,0.1348552144855049,train,0.10607317440944021,0.1184830738116348,0.12007454541719939,0.1052708770786084
1995-12-14,0.132574032342606,train,0.10467259872866813,0.12689331775009924,0.1271329368016564,0.10607709311672005
1995-12-15,0.1393990005139586,train,0.10680307369125662,0.1209187630343117,0.12405385303780753,0.10575320376982274
1995-12-18,0.1217010676224787,train,0.13842211446473698,0.1836686471532045,0.24763966525859957,0.16752829512422077
1995-12-19,0.1164469561186326,train,0.11165074538419935,0.14127174299798606,0.13255652201502874,0.12024848499302969
1995-12-20,0.1136781753195467,train,0.11205270336969769,0.1400516453901858,0.13459469217244266,0.12391554659241459
1995-12-21,0.1122106096132104,train,0.1128308927451949,0.139964501394502,0.13809562760707147,0.1265386776398856
1995-12-22,0.1117849510248479,train,0.11570393175497388,0.13875672559085878,0.14458982700946663,0.13033631513838786
1995-12-26,0.1141431050226547,train,0.12098671107841472,0.13456983050052967,0.15084889763743023,0.13108237085604083
1995-12-27,0.1148184133425986,train,0.11503713611330904,0.12742608491338336,0.13897749364758955,0.12411131915283166
1995-12-28,0.1187294954959288,train,0.11452570428761216,0.11831278888990322,0.12603948490730782,0.11758931556711417
1995-12-29,0.1194937834752366,train,0.11122275525116768,0.11076224411739714,0.11407482826653614,0.1121525071335758
1996-01-02,0.1173091635735745,train,0.10643899159286142,0.11052025435255836,0.10603212211615906,0.10838858895754995
1996-01-03,0.1225470878503674,train,0.10855503995271142,0.10766543626755336,0.11207306908512274,0.11154426717825863
1996-01-04,0.1184599911829959,train,0.12204107226785248,0.14390516752805899,0.16129500959492826,0.13738321988171456
1996-01-05,0.1191621579018798,train,0.11373758668305005,0.11783835890005005,0.11731824857730629,0.11870632387794677
1996-01-08,0.1218122405305034,train,0.11095681830225385,0.11352628392582557,0.11603886665398695,0.11674611147913787
1996-01-09,0.1103600915157864,train,0.1304584165493734,0.1572832989888691,0.18196047388004852,0.14660018174978337
1996-01-10,0.1019960760463917,train,0.11754595561254909,0.13781663227396634,0.1347862318864277,0.13290042727279847
1996-01-11,0.1067964301818826,train,0.11683137555598623,0.12620062049538752,0.12096305968789979,0.13077748336877876
1996-01-12,0.1066569905093099,train,0.11749434163480837,0.12375227097470849,0.12147845366909396,0.13309745810565599
1996-01-15,0.1097408131370278,train,0.11773132354323733,0.12291028595689293,0.12305035750406199,0.13522046219747394
1996-01-16,0.1012026828811898,train,0.11507881336113505,0.12046891949841014,0.11612211641280074,0.12952195904655744
1996-01-17,0.1053151738641501,train,0.11779249852311344,0.11741174633551764,0.12485081046955318,0.13563477615447617
1996-01-18,0.1069422869708694,train,0.11495393737571474,0.1132457619740683,0.11918140696303921,0.1301921059878069
1996-01-19,0.1053050466213505,train,0.11214530625126398,0.11107190093336622,0.11317947080229925,0.12527244792223743
1996-01-22,0.1110258176809192,train,0.110540886042011,0.11144923721884827,0.11740309456949695,0.12364132295633129
1996-01-23,0.1190453181927825,train,0.11286822833559361,0.10648427331791763,0.11318640089724849,0.1212400682491339
1996-01-24,0.1282849721046365,train,0.11404927323512416,0.10678312228685471,0.11402892629655625,0.12518964624619242
1996-01-25,0.1280653969825788,train,0.10915005519291529,0.1056357261668048,0.10827321370444067,0.11496386886477647
1996-01-26,0.1343806914014261,train,0.10848267985251356,0.10715996602424195,0.10721236322403425,0.11409458002086341
1996-01-29,0.1340865861852671,train,0.10904835028416733,0.10456431618818908,0.10674752812634143,0.11291202567462862
1996-01-30,0.1316890986943485,train,0.10636287236378658,0.10693792545091299,0.10639072419137226,0.11086270594277117
1996-01-31,0.1310878702285822,train,0.10674779852360786,0.10763527819725167,0.10531816825992577,0.11061488868530052
1996-02-01,0.1419481458115774,train,0.10714067603047676,0.10927256077386528,0.11081270104545156,0.11200395886446851
1996-02-02,0.1426503121771614,train,0.10734422401530379,0.11181292907159136,0.11057653255976002,0.11149955994586473
1996-02-05,0.1435878183593731,train,0.10853438041058026,0.10962210102841494,0.10472281086024371,0.11135103614527514
1996-02-06,0.1430742582961961,train,0.10867751256062026,0.11481911267162388,0.1107811011670751,0.11427207536139547
1996-02-07,0.1427118734369306,train,0.11098813054371791,0.11020026532875021,0.1103297523167204,0.11610611213284931
1996-02-08,0.1804621831928218,train,0.11299099579383005,0.11234033705652974,0.11208700681757822,0.11969077426155189
1996-02-09,0.1850182347540016,train,0.11196288387484114,0.1141403017786344,0.11236318580334778,0.11774169736755824
1996-02-12,0.1851465357713838,train,0.11285312921981273,0.11134772444788664,0.10865962930973574,0.11694310567681541
1996-02-13,0.1865795975905808,train,0.11325217201792036,0.11094976806241383,0.11080421093854456,0.11822410542195842
1996-02-14,0.1846174166539385,train,0.1134709879099423,0.11371319354014835,0.10960548854358314,0.11898538473959039
1996-02-15,0.1833113531583035,train,0.11373030115018692,0.11258421315276898,0.10805898949725416,0.11918149565898763
1996-02-16,0.1948682643274009,train,0.11430808300318229,0.11158890269144929,0.1085952462753138,0.12046776023617313
1996-02-20,0.1918167215189789,train,0.11718533058201698,0.11662552442860212,0.11208388542252015,0.1257518015727819
1996-02-21,0.1868164973910129,train,0.11684603482980611,0.116100975075007,0.11152861335183503,0.1264642398903445
1996-02-22,0.1784937866203228,train,0.11732541821399893,0.11571168484114266,0.11161803313948462,0.12774480671897026
1996-02-23,0.1784555350860425,train,0.12025224976420976,0.11920006779537425,0.11809184183363156,0.1331898442166679
1996-02-26,0.1711986325993088,train,0.12718461771509532,0.13106816864341353,0.13050927264114817,0.14200913316655012
1996-02-27,0.1716829786953743,train,0.12408155052925629,0.12029857323234781,0.1174322694259698,0.1395480467162532
1996-02-28,0.1739521650672296,train,0.12282552167797095,0.12042998713539947,0.11564701281252283,0.1373378177878584
1996-02-29,0.1710321437963279,train,0.12416039119697482,0.11800182432341727,0.11284523431178714,0.1392008855024834
1996-03-01,0.1625089108080835,train,0.12575060176388442,0.11770538852506791,0.11249682206348606,0.14136790146453657
1996-03-04,0.166327909501727,train,0.12753727746611204,0.11545744819948278,0.11618735233718101,0.14575763768645317
1996-03-05,0.1631633618970465,train,0.124274388344063,0.11280469073878971,0.11200584712740295,0.141270859631397
1996-03-06,0.1601347337397146,train,0.1228780409338096,0.1141032299872039,0.11306682461617566,0.138788085785398
1996-03-07,0.1591637938412861,train,0.1217556320636423,0.11179891710047059,0.11244663047968054,0.13737429377169227
1996-03-08,0.1243464879716484,train,0.1873880862839357,0.1735945501543802,0.19329779733784966,0.22316154155017592
1996-03-11,0.118266018019264,train,0.14927695031209992,0.12798821006015113,0.12782956756877084,0.18501020335108284
1996-03-12,0.1314299974863731,train,0.15136815258207467,0.1285662871369456,0.12815142258644374,0.18863241367203468
1996-03-13,0.1292427601533463,train,0.15120656618597683,0.13059811483217665,0.13209354949286337,0.191920449971939
1996-03-14,0.1358586289296731,train,0.14566538368337897,0.12778814824782783,0.12891470523027626,0.18434463494778447
1996-03-15,0.1389988715637246,train,0.14590849909967835,0.13074851652807679,0.1412169649414804,0.18810870666803084
1996-03-18,0.1218489227715991,train,0.13787696095110166,0.1165351834656096,0.11528111441262624,0.16388282094952045
1996-03-19,0.1219136021323511,train,0.13617822573418226,0.11642692466223699,0.11583359804670758,0.16183806618378374
1996-03-20,0.1219489956781699,train,0.1358602869064323,0.11436331714131345,0.11308998876615876,0.15965878925685625
1996-03-21,0.1219546618285036,train,0.13308453986823512,0.11407839584097727,0.11422146171313054,0.1566868180635427
1996-03-22,0.1246417009415549,train,0.12963980212717385,0.11447198294578843,0.11729847011054349,0.15327773425588934
1996-03-25,0.1249463120716249,train,0.1266773199668542,0.11160019152296746,0.11327536787000039,0.1462536972094886
1996-03-26,0.124440006580969,train,0.12621367162964772,0.11323746656544385,0.11421800770130822,0.14213905022583836
1996-03-27,0.1212309353561193,train,0.12258403850150823,0.11134202840636336,0.10895210761330883,0.13797052884575403
1996-03-28,0.1206984644144994,train,0.12186367798958936,0.11256746865013073,0.11099384438076419,0.13659477580755652
1996-03-29,0.1194801174507739,train,0.12219266622123481,0.11169516509597346,0.10880165832606073,0.13775903205529608
1996-04-01,0.1122841121822554,train,0.12222868578853537,0.11106950401849465,0.10878943593558811,0.1374855567148026
1996-04-02,0.1123385307733888,train,0.1214713946628419,0.11157243005415479,0.1118685116444771,0.1364816744683704
1996-04-03,0.1280542767750515,train,0.11918450785538204,0.11228503422518239,0.11214486905195045,0.13302040825336933
1996-04-04,0.1281337857344909,train,0.1184143163511342,0.1114636042765247,0.11256304822248772,0.1315046041602408
1996-04-08,0.1124691077044732,train,0.14764731340414403,0.12497950635070404,0.13965355541753205,0.16418261735672965
1996-04-09,0.1125824511056384,train,0.12373711150367882,0.11105027728557663,0.10919195436227266,0.13668030007169713
1996-04-10,0.1027085891472456,train,0.16023628467323806,0.14401493412380154,0.1592559372179053,0.1788471848618919
1996-04-11,0.1026464259053011,train,0.13356207877327478,0.11690192477534767,0.11172807859161803,0.15244734679599378
1996-04-12,0.0988082525097317,train,0.1345519595794651,0.11696484008422768,0.11405204325226574,0.1572771817377209
1996-04-15,0.1082062098038079,train,0.13156954666090898,0.11625207660499505,0.11638508831959811,0.15571618432281817
1996-04-16,0.1098685911316032,train,0.12822880403345369,0.11532860387592182,0.11786882042089292,0.15179984518713038
1996-04-17,0.1096092064413051,train,0.125378737419349,0.11243628228399577,0.11321811370131203,0.1453179706342615
1996-04-18,0.1097421474257466,train,0.12436546879634529,0.11160513582807981,0.11573285880518845,0.14314239655247143
1996-04-19,0.1110481770786762,train,0.12264773760076539,0.11065095595016447,0.1156206438157629,0.138572817932556
1996-04-22,0.1102281856512416,train,0.11993448992766576,0.10965032577872746,0.11027329850075437,0.13153050328915208
1996-04-23,0.1097814170015053,train,0.11930648067134685,0.1106933110211768,0.11255517486248119,0.13034481877074744
1996-04-24,0.1140664744285726,train,0.1155373172648419,0.10920629985180463,0.11062941607697745,0.1259991938550588
1996-04-25,0.1138631701613834,train,0.1138642667226352,0.10947258839698308,0.10866640867082752,0.12176462208690036
1996-04-26,0.1144497700778179,train,0.11281644065575881,0.11006903362694857,0.11074881185778887,0.11976233715669238
1996-04-29,0.1199714944381227,train,0.11197427671614846,0.1113749910744642,0.11148169558333794,0.11762021850758693
1996-04-30,0.1223065759610782,train,0.11012643953541418,0.11232169641680194,0.11145689563886207,0.11528546210436448
1996-05-01,0.1234122859965013,train,0.11033767756932297,0.11276456009153953,0.11199392099176962,0.11621455433969965
1996-05-02,0.1102347473149373,train,0.1444352269389623,0.13102600897842448,0.154779524718903,0.16252566981407146
1996-05-03,0.1105607651025063,train,0.12193776659368606,0.11259246922872326,0.11005261801600037,0.13299017668192076
1996-05-06,0.1132379436663258,train,0.12091499109419376,0.11019666277278127,0.10688644738139678,0.13229555879015045
1996-05-07,0.1165005805541585,train,0.11992250516721138,0.10969067382181391,0.1075695055266789,0.13180160095311425
1996-05-08,0.111021332368431,train,0.12954163316297526,0.11830291513068894,0.11929232886733478,0.14358161484953405
1996-05-09,0.1109915459286711,train,0.12274516385407908,0.11315292637586492,0.11702403932199838,0.1381063633272292
1996-05-10,0.1059709717828676,train,0.12099344596236346,0.1118495455607985,0.11345946107111118,0.1336834842508479
1996-05-13,0.0917951914068824,train,0.12129264322789002,0.1132067723685584,0.10985146333681488,0.13185882028802798
1996-05-14,0.0894445929245006,train,0.12029880119824651,0.1124155464447726,0.11498546191566543,0.13247650893606291
1996-05-15,0.0893480955247357,train,0.11864720058147891,0.11245535674281681,0.11275031967040956,0.1291575069539519
1996-05-16,0.0902694538481424,train,0.11801429332525094,0.1101882817617645,0.11108678806539103,0.12685069348981218
1996-05-17,0.0882739326523184,train,0.11603930554065651,0.109071526569248,0.11073681945304946,0.12394286053628295
1996-05-20,0.0898464209252784,train,0.1158255925696366,0.10898079769084136,0.10809492491293225,0.12256632073418368
1996-05-21,0.0911011114596094,train,0.11707762038541127,0.10875094574370128,0.10981341606949069,0.12164535194933684
1996-05-22,0.0847536657213452,train,0.1157028987014183,0.10914662771527911,0.1080785524795863,0.12155362376159011
1996-05-23,0.0888375828678253,train,0.11564716832166956,0.11004639669123689,0.10769753473357234,0.12114810117989579
1996-05-24,0.0879995753616772,train,0.11566593612113854,0.10996735418448275,0.10959550401955942,0.11991738635296097
1996-05-28,0.0804158844003221,train,0.11969023864237135,0.11335759896520874,0.11153260964909906,0.12675055051462458
1996-05-29,0.0804812434827511,train,0.11774335225309945,0.11080901138481905,0.10657750553689971,0.12482029112211739
1996-05-30,0.0822858138923627,train,0.11840217947730317,0.11012250527798464,0.1067850893018118,0.12571989867041966
1996-05-31,0.0789052443015623,train,0.11850951518260729,0.11060917412891186,0.10898502841215872,0.1264811029709566
1996-06-03,0.0839900797579071,train,0.11807827516665215,0.10979166778224414,0.10842547586538898,0.1257964808025635
1996-06-04,0.0813373528617114,train,0.11680109913630862,0.10927082006040485,0.10836692357501763,0.12380158723407311
1996-06-05,0.0755312361481532,train,0.1161799594528502,0.10896518254745048,0.10675213163354039,0.12312812513618211
1996-06-06,0.1159928308530795,train,0.11762757749918928,0.1111380479991713,0.10922828780996659,0.12567271869553026
1996-06-07,0.1168842567941503,train,0.11853907210571264,0.11016027289023486,0.1082495179301675,0.12664850329779467
1996-06-10,0.1172056449432603,train,0.11749027741743572,0.10985419358175164,0.1091890732889941,0.125200736482837
1996-06-11,0.1180349059264644,train,0.11646544795139165,0.10929341809513489,0.10952959443448511,0.12330857806835588
1996-06-12,0.1382798047831178,train,0.11645221450776605,0.10928089704917415,0.10959888224888518,0.12228980449234969
1996-06-13,0.1383039578462218,train,0.11791373076755973,0.11078755586249894,0.11126872839438769,0.12139382314095828
1996-06-14,0.1738538474803738,train,0.1174774036998578,0.11195288088251362,0.11013677576420015,0.12293139539195946
1996-06-17,0.1740609023443893,train,0.11766641410901182,0.11190262540235041,0.11000654022520608,0.12113158550766072
1996-06-18,0.1766999252893902,train,0.1173694745826181,0.11160724316732384,0.10876344916266022,0.12333430912130426
1996-06-19,0.1825578812711454,train,0.11665719856780782,0.11096058204116241,0.10859811250062097,0.12284122946088794
1996-06-20,0.184371641300092,train,0.11612728786786045,0.11077394979499855,0.10969218485872319,0.12249809916664729
1996-06-21,0.1837125491633908,train,0.11628001265332143,0.11069351718387892,0.10983623568073748,0.12276367494922054
1996-06-24,0.1891969838949306,train,0.11480074301366389,0.10917965820618407,0.10893993819295142,0.12071020057736505
1996-06-25,0.1892836246663601,train,0.11318188592241916,0.10851697015781465,0.1087764033237227,0.11812473236973867
1996-06-26,0.190386248229448,train,0.11310301708487244,0.10897274956424571,0.10837107283203923,0.11818070798511474
1996-06-27,0.1897161164115688,train,0.11443073828501246,0.1102786952087196,0.10933731951455064,0.119618660451814
1996-06-28,0.1933632522049909,train,0.11427497206992097,0.10908416882305415,0.11106424265787662,0.1182465499701989
1996-07-01,0.1939817109544834,train,0.11304382169826001,0.10876275888315702,0.1080351411143567,0.11591460217149702
1996-07-02,0.1952829664274377,train,0.11180220244948699,0.10935422634778011,0.10980428692316364,0.1155732991148044
1996-07-03,0.2036810063159867,train,0.11102262619112171,0.10786616317290827,0.10860189144132325,0.11380547825396894
1996-07-05,0.1969745068302331,train,0.15310427309994862,0.16375022274224632,0.2109523398825638,0.17477989173685554
1996-07-08,0.1975547570523839,train,0.11941049701048814,0.12672656373986377,0.12060021338228147,0.13099519362225437
1996-07-09,0.1973288635676001,train,0.11980817006680507,0.12310151626867523,0.11852416828978737,0.1324686239039775
1996-07-10,0.1970202438863573,train,0.12065347842417212,0.12288832524339281,0.1181808620324143,0.13384505187063575
1996-07-11,0.1833534418067947,train,0.16292829726493666,0.16977666306178787,0.19278514448700024,0.19394894957819245
1996-07-12,0.1837088208763007,train,0.13362845080169997,0.12718754265083254,0.12703751607954195,0.15656668478543104
1996-07-15,0.1519849972820127,train,0.17493627522301702,0.17927700461299872,0.19163033990574452,0.2235401652070809
1996-07-16,0.1543582667984391,train,0.1657651885573253,0.16447914183586962,0.15989014779944097,0.2257546268293608
1996-07-17,0.1490269512505234,train,0.16428818819894084,0.13159765390709163,0.13056278508717872,0.2013094138114295
1996-07-18,0.1410603068455218,train,0.15842816514178865,0.1279043508821779,0.1257975944630181,0.1931468193688842
1996-07-19,0.1418658488318283,train,0.15407161016026907,0.1326545166974785,0.13020671389053912,0.19601364221623763
1996-07-22,0.1394524858448155,train,0.15231853637586443,0.12405242131270051,0.12133905409294088,0.1847446217804481
1996-07-23,0.1317724060438147,train,0.15483651602894466,0.12156245625595818,0.11923643053810262,0.18182072793092677
1996-07-24,0.1321727549199446,train,0.16276203952276835,0.11780975161671414,0.117225638173682,0.1890050470460603
1996-07-25,0.1325451650039622,train,0.15955019834243533,0.12249304843138899,0.12126312425561706,0.19550210417606964
1996-07-26,0.132520500219087,train,0.15395478568908022,0.12238563058325398,0.12052726514618317,0.19044793046316724
1996-07-29,0.1277317306336646,train,0.15730531465803824,0.11971583890781588,0.11849934542593483,0.18297501495918722
1996-07-30,0.1237981900967479,train,0.15176174767987283,0.115428061835013,0.11313165680676532,0.1804574294073725
1996-07-31,0.121164313832701,train,0.14960791163295237,0.11661567214838232,0.11449129589924563,0.1806120422257589
1996-08-01,0.111840573819396,train,0.14664468048581583,0.11235184340299166,0.10927519657607139,0.17314089378662123
1996-08-02,0.090238119958966,train,0.15131150382505554,0.11688416220836503,0.11728444856981475,0.177976084225604
1996-08-05,0.0907099476996971,train,0.14597156168614342,0.11983634261397826,0.11928773128111424,0.17511731443512127
1996-08-06,0.0901181224751566,train,0.14098701633481314,0.11819267982604277,0.11799630769416335,0.16993430906514143
1996-08-07,0.0995311864902139,train,0.13797321732500106,0.1174912755931319,0.11924534064508462,0.1654196402663662
1996-08-08,0.1112184649564159,train,0.13472214372352706,0.11790939291997579,0.12313342006211507,0.16119858059237316
1996-08-09,0.1182395305940619,train,0.13134119909217307,0.11477822853076623,0.11774088879669184,0.15161203550936958
1996-08-12,0.1153875532781323,train,0.1272845711954768,0.11302901948275902,0.11454810266019534,0.1440946883802829
1996-08-13,0.1136008250556774,train,0.1254099396209018,0.11152576652639143,0.11117663524745226,0.14033832805954663
1996-08-14,0.1155817639029717,train,0.12318474872773494,0.11228452694698947,0.11251023096485367,0.13682654871716476
1996-08-15,0.1273121581004105,train,0.12031672576656456,0.11193137319315509,0.11251187821002952,0.13276405654855006
1996-08-16,0.1244009339175615,train,0.1186609058311572,0.11115586758646948,0.11086745584059662,0.12989267577578256
1996-08-19,0.1246514944510596,train,0.11682807184880437,0.11129472038424063,0.11193721208194686,0.12662413999973987
1996-08-20,0.1249436850246718,train,0.11588288444821497,0.11158990721279818,0.11320918365960342,0.12436662249925755
1996-08-21,0.1250764067769281,train,0.11409290421041302,0.11195075555799203,0.11191480618964839,0.12127538463679877
1996-08-22,0.121252059225063,train,0.11390387635595077,0.11055165516378607,0.1102476149119732,0.12150863263840074
1996-08-23,0.1197515769182726,train,0.11480720328192764,0.1099178828535244,0.10987007328098815,0.12201977495835502
1996-08-26,0.1184740212702779,train,0.11525197006095159,0.10991469076240637,0.10890481779846946,0.12178205647212652
1996-08-27,0.1177487489159958,train,0.11445493841011199,0.10878575192997246,0.10773358757733846,0.11968129090184187
1996-08-28,0.1176161980290406,train,0.11339230337448218,0.10821340286812296,0.10773706631119039,0.11916297741606278
1996-08-29,0.1122989189569046,train,0.11701600147202881,0.11205632744514377,0.1113901919121095,0.12473097882872021
1996-08-30,0.1060227085868355,train,0.1193146652008591,0.11380044864408044,0.11320468672671646,0.12811650065136895
1996-09-03,0.1053238349410215,train,0.12183074265474932,0.11540470950271096,0.11162523463408006,0.13138555195539367
1996-09-04,0.1079791983542825,train,0.12345994297763699,0.11139923625303459,0.10639686129637657,0.1328280048278641
1996-09-05,0.0989965670074197,train,0.13116364792791196,0.1188437756280849,0.11668279592614042,0.14418065917877632
1996-09-06,0.0978331598647554,train,0.12944388927250877,0.1167465281170428,0.11273112905640593,0.14363419152115833
1996-09-09,0.0885362580355668,train,0.1282934156241176,0.11459854143922776,0.11237769422443372,0.14428024101578524
1996-09-10,0.0896538396276022,train,0.12711605652696015,0.11414182200549315,0.1149311162319129,0.14349705840190058
1996-09-11,0.0917240626525766,train,0.12543790050982265,0.11277226338520349,0.11136415196873836,0.1395495689151135
1996-09-12,0.0886200696508242,train,0.12422247541381869,0.1126977373000038,0.11520429492373012,0.1385670927402951
1996-09-13,0.0828564251525678,train,0.1262477166394185,0.11249792870952587,0.11523400717749406,0.14025701913365135
1996-09-16,0.0819799300927345,train,0.12410605625190861,0.11245122396528061,0.11445480606413631,0.1343095502922973
1996-09-17,0.0817187137096471,train,0.12183936755770426,0.11166627226429557,0.1107018203471234,0.13039882910128278
1996-09-18,0.0830581801958628,train,0.12193559514571561,0.11063084703489806,0.11105423499441235,0.1320587990188617
1996-09-19,0.0824518705701512,train,0.11777101584177477,0.10977201237427557,0.10851047382609118,0.12570376815785217
1996-09-20,0.0836159504205195,train,0.11906103996837938,0.11067127252015481,0.11369156367508364,0.12679293904772082
1996-09-23,0.0837429238243324,train,0.11693900377431139,0.11270920733706533,0.11196552938115518,0.12167215843207341
1996-09-24,0.0874031072911385,train,0.11708147789050881,0.11490828609993742,0.11423653228499812,0.12253642474005387
1996-09-25,0.0881576180994226,train,0.11682080522032998,0.1188435099474769,0.11924821667473129,0.12146197015869994
1996-09-26,0.0933229522695022,train,0.11483829371820789,0.12205776114952291,0.12071763521417443,0.11915089505986733
1996-09-27,0.0933203952164699,train,0.11426242588033285,0.12754200062230447,0.1278950935473628,0.11762247481636245
1996-09-30,0.0962382701639139,train,0.11151021509132242,0.12563758123176283,0.12482058858845362,0.11659425062888064
1996-10-01,0.0984800708416954,train,0.11179513774894849,0.1255666325662178,0.12392328911142245,0.11684480337493323
1996-10-02,0.0962325006686401,train,0.11197241451735913,0.12391616602052992,0.12243995647327527,0.11746753638203059
1996-10-03,0.1019546108134986,train,0.11117931050926123,0.12293533553791239,0.12228004571499293,0.1156470180905224
1996-10-04,0.0910167306743328,train,0.11968622630728237,0.11765401659235121,0.12031150943149538,0.1271997314870979
1996-10-07,0.0939160024337829,train,0.11330144973100842,0.11212227296287115,0.11221441948695582,0.11807376054268028
1996-10-08,0.0950154053728948,train,0.11435586873702168,0.1113362825278613,0.11107442457159712,0.11919320094707408
1996-10-09,0.113277895875198,train,0.11547528480962317,0.11218048330555984,0.1104499302558844,0.1202941339839418
1996-10-10,0.1133589724834578,train,0.1168777525006182,0.11095921423367265,0.11197726485159423,0.12225693522368108
1996-10-11,0.1064535395690551,train,0.11578207277971111,0.11053778923720237,0.10833078865172124,0.11949401761258267
1996-10-14,0.1064152883952307,train,0.11450517660265194,0.10934345277983165,0.11110658702488276,0.11902926642735927
1996-10-15,0.1068377500353683,train,0.11773179096875006,0.116049326037022,0.11792037256407198,0.1245584519051032
1996-10-16,0.1066171956772017,train,0.11575989716779221,0.11078661701695479,0.10944869942269225,0.11795937511317064
1996-10-17,0.1087325738407458,train,0.11519872509272833,0.11034203223301864,0.11168507178797614,0.11781796255054147
1996-10-18,0.1072000982456168,train,0.11601870977825365,0.11009708921648398,0.11093178942771507,0.11573462817314933
1996-10-21,0.1071005113324945,train,0.1137754942645376,0.11084742341740982,0.11020921360625603,0.11496972348475387
1996-10-22,0.1071800926408683,train,0.11381346005015393,0.11151768321738965,0.108447110738425,0.11441331258067748
1996-10-23,0.1066984508082779,train,0.11489119124622063,0.1113999715954497,0.10836975503193462,0.1150745293337761
1996-10-24,0.1023308159314038,train,0.11662404829495622,0.11221592839957197,0.1091581721233338,0.1202245928748464
1996-10-25,0.1058892648287627,train,0.11499406041542434,0.11052210127130611,0.10792444007477872,0.11760902839984935
1996-10-28,0.1124708697032566,train,0.11978569028433213,0.11564142883278586,0.11361279470082623,0.12508667312529742
1996-10-29,0.1094318236426661,train,0.1197601304090592,0.11203659058772926,0.1069464862680048,0.1242689770389913
1996-10-30,0.1089890838479778,train,0.12005651127600137,0.11160783980883564,0.1080779601327766,0.12620787852739432
1996-10-31,0.1044393865324619,train,0.12022610416904173,0.11127668764232382,0.10756765391765931,0.12636605335090054
1996-11-01,0.1036930171952927,train,0.1208322631813967,0.11211846978041629,0.1102823131367818,0.12797077450953123
1996-11-04,0.1180156043930986,train,0.1222378427797905,0.11199534916952714,0.11142613623844765,0.1292328479715207
1996-11-05,0.1166654550482519,train,0.12108726685068238,0.1122143188673867,0.11086813169089398,0.12672123245892158
1996-11-06,0.095540593033158,train,0.1290841206314195,0.11865676630112539,0.11863092605308947,0.13713089017683372
1996-11-07,0.0974276355638785,train,0.12575274154202284,0.11532515975517661,0.11465828483423635,0.13357867676209195
1996-11-08,0.1085993415010996,train,0.12707145237541456,0.11792953654297232,0.11824719539288643,0.13534132268664495
1996-11-11,0.1098506646152645,train,0.1256328621306461,0.11998554826853072,0.12273456249792941,0.1347027571273662
1996-11-12,0.1141133031614515,train,0.12596590958908238,0.12406672200575246,0.12413769348273841,0.13448024671770256
1996-11-13,0.1276710758957597,train,0.12817594726696602,0.11733265070711077,0.12214611839810594,0.13401549653662848
1996-11-14,0.1258510655642259,train,0.12139743938119753,0.11462202338576398,0.11539884646447472,0.12589350833861104
1996-11-15,0.1338105893249892,train,0.12401919173204486,0.11570444492582983,0.12199401663329641,0.13170903341595436
1996-11-18,0.1367575416007115,train,0.1212986831386675,0.11532643458150943,0.11636888703619847,0.12261857128297948
1996-11-19,0.1372713292551632,train,0.12051443684422006,0.11488058538702789,0.11308781137026559,0.12016191192068736
1996-11-20,0.1550888971816003,train,0.11909713411445653,0.11481776149127773,0.11288731309749186,0.11963745531465246
1996-11-21,0.1551969799105252,train,0.1192615878926253,0.11461837937183862,0.11409598069404896,0.11905008179646885
1996-11-22,0.1530180323183837,train,0.11770324600545717,0.11487490344810547,0.11375670573564112,0.11825193724690286
1996-11-25,0.1486097584110803,train,0.12376480045589722,0.11924602408322466,0.11949355697338991,0.12677703492530407
1996-11-26,0.150623904984666,train,0.12625480181474794,0.12084933426560959,0.12037364178621325,0.1295965307483866
1996-11-27,0.1505437758884333,train,0.12555066849830007,0.11704792887365088,0.1152209077970194,0.12671309841116754
1996-11-29,0.153105414245472,train,0.12359475232014672,0.11752332381350997,0.11542192715287922,0.12528695894061145
1996-12-02,0.1665176591141004,train,0.12425955705613016,0.11738519929887674,0.11420032399590296,0.1255820362585228
1996-12-03,0.1551840353319775,train,0.13790407135808017,0.13031671287297464,0.13205728650908405,0.14512988401218355
1996-12-04,0.1629348275391057,train,0.13112390932421228,0.12001235205913241,0.11643251699182121,0.13637736768230946
1996-12-05,0.1656066793048968,train,0.13099801961837768,0.12038978184220045,0.1191936148005342,0.13728404978787526
1996-12-06,0.1698132371533406,train,0.1396610197943281,0.12895160249332396,0.12748849252501862,0.14853647063118114
1996-12-09,0.1646548929181168,train,0.13599395830072283,0.12302941090006389,0.11966026139263136,0.14522702077985084
1996-12-10,0.1664277408328012,train,0.13534955836745202,0.12246958747659756,0.12361985488341029,0.146081943550834
1996-12-11,0.1675770252349465,train,0.13934785694819918,0.1263841079350395,0.12319991554788016,0.14847888971033937
1996-12-12,0.1567714820376237,train,0.14986200484744336,0.13702807114757745,0.13672814928782065,0.1671185993829387
1996-12-13,0.1626373829848716,train,0.14399167672445168,0.12377028067772967,0.11927904452147,0.16091295647077297
1996-12-16,0.1563289335763804,train,0.15018631402644292,0.12680527990796667,0.12336988719300894,0.16980043186765822
1996-12-17,0.1544299016650186,train,0.14976725993342102,0.1215211150417885,0.11774185996592995,0.16834153244545
1996-12-18,0.1533843624245313,train,0.14912167377396723,0.12394517315264231,0.12262212587331649,0.17080098195670265
1996-12-19,0.1352798633538188,train,0.14943334253872245,0.11975590314332141,0.11647608789252206,0.16537751014332372
1996-12-20,0.1380206399634616,train,0.14916136413516246,0.12412058429065262,0.12313247459566865,0.16899562015381256
1996-12-23,0.140058161140132,train,0.14701447043300392,0.12278666746305768,0.12171810954419818,0.16572869847297503
1996-12-24,0.1463021632067879,train,0.14526873602330356,0.12249520114603611,0.12377439240097719,0.1643112680106322
1996-12-26,0.150918964215691,train,0.14092851067554876,0.11969957318062635,0.12112875740533789,0.15637980782251468
1996-12-27,0.1511947668437033,train,0.14062923134206246,0.12030106723336521,0.12360531219156962,0.154626744216516
1996-12-30,0.1483624747237024,train,0.1351860633822399,0.11521477818931931,0.11221224403983458,0.14537108167346188
1996-12-31,0.1375285940893456,train,0.1533267352823034,0.1252834595877484,0.128221978335027,0.1649040757392659
1997-01-02,0.1445817429870255,train,0.14489316448958844,0.11629047174386065,0.11256062869201387,0.15726284030042648
1997-01-03,0.1355944866796447,train,0.1467221233016939,0.11697398946730364,0.11490058546290895,0.16023063792605205
1997-01-06,0.1337544240317286,train,0.14841090316892808,0.11911687562327146,0.11652152202924974,0.16180571238462824
1997-01-07,0.1434027600959558,train,0.14787205910213536,0.11733594710273894,0.11370077387992102,0.1623111587311452
1997-01-08,0.1419589498426191,train,0.14886619162513057,0.12044358860236182,0.1201111571250119,0.1652408073617072
1997-01-09,0.1468842253182138,train,0.14674159740893947,0.1184609257553336,0.11581112999717984,0.16137096368893172
1997-01-10,0.1458208566062331,train,0.1481574311635749,0.11655962870684076,0.1136540260434135,0.16071157214890552
1997-01-13,0.1513245215050451,train,0.14667312284136264,0.12140347071464365,0.12187528760436438,0.16248369182151834
1997-01-14,0.153096213971311,train,0.14534931051094446,0.11787849005786599,0.1169461807464845,0.15741817561907734
1997-01-15,0.1575941832631607,train,0.14312601480448395,0.12044809836175152,0.12055369801738822,0.15508068834967323
1997-01-16,0.1571468345247266,train,0.14015548597504818,0.1199650540968676,0.11940000411540476,0.15058620553854055
1997-01-17,0.1585182194065084,train,0.13831540951356025,0.11971327530872745,0.11967987377362083,0.14800584917314696
1997-01-20,0.1602366998409048,train,0.13612269552824252,0.12167355351717672,0.12315682063314987,0.1454432566123551
1997-01-21,0.1635061635449368,train,0.13608331095806145,0.1204690466985149,0.1195158882137213,0.14367278247011228
1997-01-22,0.1615247668927582,train,0.1341599194259497,0.12193953950075737,0.12046547094781547,0.1408981720499665
1997-01-23,0.1593177285993784,train,0.16526561822761585,0.13335355698019438,0.1448498621137717,0.17099528876459658
1997-01-24,0.1525723750370842,train,0.1464380590478673,0.12241296331880254,0.12045946152312612,0.15248476313644752
1997-01-27,0.1561905701786695,train,0.1439520239741751,0.12008722449261584,0.11667116176074357,0.15113558800815596
1997-01-28,0.1647528904614875,train,0.14753573795700733,0.12097463161986922,0.11847779594553927,0.15488361945740503
1997-01-29,0.1614368362237417,train,0.14877335306386252,0.12070478980377745,0.11917304226117899,0.15913193699300832
1997-01-30,0.1566989400056092,train,0.14504522554296187,0.11943367726833512,0.1173958941232225,0.15312812344215845
1997-02-03,0.1577845432167273,train,0.1433817062668276,0.12375326632195395,0.12546053397060924,0.15418794734857258
1997-02-04,0.1672806527959029,train,0.1384306627954743,0.12053127875935865,0.11926572723555967,0.1474847207684143
1997-02-05,0.1545716890605968,train,0.1725160486981995,0.1369145296627888,0.14959880981633858,0.1822431201152761
1997-02-06,0.1560304286257177,train,0.14601656234689248,0.11972377734550274,0.11835767559642651,0.15592009623513273
1997-02-07,0.1529919111445777,train,0.14739603566102147,0.11984493327585694,0.11771210799714885,0.1554428635095468
1997-02-10,0.1504328074986013,train,0.15167158712032136,0.12373314793928997,0.12259575939756029,0.16001630055303329
1997-02-11,0.1482015839627558,train,0.14832642508483238,0.12055755699560455,0.11721537205407491,0.15736136674157641
1997-02-12,0.1501722760650341,train,0.14864033349424993,0.12022916188747253,0.1183841902811697,0.15750188713926658
1997-02-13,0.1463166705174421,train,0.14784895390110264,0.12149872904011116,0.11963824335065006,0.15676386548574853
1997-02-14,0.1464112962636008,train,0.14494626999705665,0.12289202911179277,0.1232307240519259,0.154437942670381
1997-02-18,0.1483679285811502,train,0.14372394300765623,0.11960411427803133,0.11673333447344723,0.15071848547058786
1997-02-19,0.1469346189449465,train,0.14373386306150338,0.11928276401180901,0.11655047522459613,0.1508435754068698
1997-02-20,0.1416280000512285,train,0.1466980300858578,0.11874008070876427,0.11576376941304649,0.153250330599513
1997-02-21,0.1425679313951913,train,0.14532929146625725,0.12052369578513687,0.11968759665112101,0.15400879782789714
1997-02-24,0.1448807759010274,train,0.1452181680891848,0.11949635820341326,0.1160888954412358,0.1537240702852519
1997-02-25,0.1490319562379629,train,0.14264399097384933,0.12303741510227026,0.1237562294283676,0.15297373509207915
1997-02-26,0.1457043253671331,train,0.14980004896507848,0.12083394791895874,0.12019516584280954,0.15536657027247783
1997-02-27,0.1656762832007614,train,0.14997518892935147,0.11976532210623718,0.11741085301867828,0.1558146496019589
1997-02-28,0.1843867785538712,train,0.14736665940677732,0.1202286175528806,0.11834290390109034,0.1550163039147804
1997-03-03,0.1850802948337393,train,0.1474571577085697,0.1208835210270196,0.1180112418459769,0.15647174165940153
1997-03-04,0.1949165413716622,train,0.14551377832974727,0.12073282372811545,0.11842138868302658,0.15394268458261967
1997-03-05,0.1865560453361461,train,0.1473372259202252,0.11928311783771023,0.1164294611002746,0.15503288812051694
1997-03-06,0.1905881247242053,train,0.14746173529417028,0.12050081387099852,0.11980983218757454,0.15559109597968493
1997-03-07,0.1884436089975106,train,0.14541823017412503,0.12076830653105382,0.11962310513150051,0.1535465409437343
1997-03-10,0.1865422264862188,train,0.14467404136300363,0.12074885586027062,0.11838202771307928,0.15189011634556326
1997-03-11,0.1878259660386418,train,0.142441369508434,0.12220763429841479,0.12150982911189766,0.15104886783886645
1997-03-12,0.1856239611560681,train,0.14222274397886295,0.11991963464119569,0.11831688461004446,0.14882255075042838
1997-03-13,0.2109326744401202,train,0.1483929230429808,0.12093097105748488,0.12049237193827893,0.15392959764662303
1997-03-14,0.2154092247863996,train,0.14356258983863934,0.12070769732190798,0.11889264933926838,0.1506238357421541
1997-03-17,0.223373574076819,train,0.1458365292592398,0.11935293068840841,0.1170416637963096,0.15175761357983542
1997-03-18,0.2238085668181495,train,0.1489344960654565,0.11928983061821584,0.11597925722242929,0.15564462121216582
1997-03-19,0.2239610205211637,train,0.14854642140402136,0.11868676429918477,0.11507830189604489,0.15596412346923016
1997-03-20,0.2238870161298296,train,0.14730312824436365,0.11994628489710786,0.11714504460752924,0.15591703023235537
1997-03-21,0.2244933747951113,train,0.14764208395352985,0.12246041473451973,0.12495119274423547,0.15851641607394182
1997-03-24,0.2322473255936175,train,0.14678588237996784,0.11965125273514342,0.11611827997902699,0.15332670525412365
1997-03-25,0.2296170406294541,train,0.14867845528321097,0.12007129652816657,0.11779479353187665,0.15494845110561234
1997-03-26,0.2297912292003193,train,0.14549568114421196,0.12240003204459418,0.12111098179244434,0.1539602802546123
1997-03-27,0.2131234792654831,train,0.2071984574846058,0.1725567082835826,0.19252602987584747,0.22996294932225128
1997-03-31,0.1999007972439394,train,0.1674742633373816,0.1399229002045725,0.1386363684510171,0.19395414118975823
1997-04-01,0.226472495634306,train,0.1626957919099361,0.12606843727267786,0.12373759981835926,0.1842288862543573
1997-04-02,0.217825431682459,train,0.16747690336147913,0.12834461096054933,0.12686611702702164,0.19105305987163979
1997-04-03,0.2170085891319143,train,0.1669649680798522,0.1290362210837991,0.1258991431207567,0.19423532980438332
1997-04-04,0.221675090847513,train,0.16481788016149387,0.12344493037347246,0.12131666895658229,0.18544293226488215
1997-04-07,0.2364607409598139,train,0.1668879901418765,0.13482618147520853,0.134018730584695,0.19610480892444968
1997-04-08,0.2351075134031638,train,0.16217097375409903,0.12634496561895223,0.12498844859499957,0.18175188565852324
1997-04-09,0.2460237135529551,train,0.15704164514840463,0.12206491250868469,0.12046006547496142,0.17274878515237138
1997-04-10,0.2468829475064095,train,0.15418923716802796,0.12404634977970887,0.12343231146307189,0.16975469266038554
1997-04-11,0.2200434056944339,train,0.18502151150315094,0.1376670359117076,0.14415550179770817,0.19847840015211546
1997-04-14,0.2227405231844517,train,0.1609468450772767,0.1193489364892447,0.11634728027912068,0.17576543080621707
1997-04-15,0.2150253730708287,train,0.1618975824592838,0.12037146247464035,0.11745576313412341,0.1771900684346886
1997-04-16,0.2112167291126118,train,0.16069016621244145,0.1215483068052089,0.11866826773257291,0.17771050956685097
1997-04-17,0.2120502647953377,train,0.1603634981308766,0.12396214154257369,0.12130363225110632,0.17895113342538063
1997-04-18,0.2169346453140324,train,0.15779894231530117,0.12564939857811605,0.12546343359391804,0.17864532846798253
1997-04-21,0.2159468385003996,train,0.15639936872946839,0.11801150702087375,0.1159184121606275,0.16946394181489785
1997-04-22,0.2060649342177416,train,0.15892902004573195,0.11622586146998704,0.11320164488876275,0.1701619996023589
1997-04-23,0.2061850523463978,train,0.15761132872279393,0.12151559374014158,0.11977097812993208,0.17188944383053903
1997-04-24,0.2057524334644936,train,0.156682242888334,0.11809526508738942,0.11544555835020277,0.1679868343050477
1997-04-25,0.2042716710925935,train,0.1561842013665646,0.11939725694201414,0.11630344711339224,0.16850084089032785
1997-04-28,0.2018282143654585,train,0.15561256592798353,0.11772238546551546,0.11428021495695417,0.16758590813085403
1997-04-29,0.169073394110795,train,0.16468913665242232,0.11823169911310859,0.11921020086032574,0.1752244411799181
1997-04-30,0.1695451567606666,train,0.15994870983778048,0.12038051515754562,0.12027153836712992,0.17328432437915375
1997-05-01,0.1710297299222253,train,0.15803923540077902,0.12166826963107137,0.11983836594329222,0.16929502867266355
1997-05-02,0.1596869771736517,train,0.16396217926308337,0.12056246038957312,0.11994545691296854,0.1715147138871233
1997-05-05,0.1366488993064249,train,0.17785136825100242,0.1321752542453082,0.13735109055968184,0.19195361482706438
1997-05-06,0.1366795882767728,train,0.16493954474526537,0.12657530589735838,0.12497676540591132,0.17869149663204975
1997-05-07,0.1129486298574439,train,0.1691378466558986,0.1228008697000985,0.12156888187521563,0.17755547587860449
1997-05-08,0.1299397619913346,train,0.1676814177076987,0.11924946390896338,0.11680858955533563,0.17601586335530064
1997-05-09,0.1289107426223967,train,0.1664389497162643,0.12452859832836433,0.12234012033631501,0.17860080126800884
1997-05-12,0.1153414896094777,train,0.16588966385631004,0.12430404930404411,0.12205808078727026,0.1757076070293045
1997-05-13,0.1147178157265723,train,0.16225183955322542,0.12774427906132713,0.12556302658301735,0.17384197598216788
1997-05-14,0.1331788497336203,train,0.15916600014517843,0.12840453517064288,0.1294602367465743,0.17168742500759485
1997-05-15,0.1343902780562019,train,0.15516871012686775,0.12759932279443298,0.12538535665024292,0.16605181112751652
1997-05-16,0.1251529219463205,train,0.16707236286442217,0.12348865201403382,0.12743394169595823,0.1714159864081241
1997-05-19,0.1247976250300486,train,0.15691098913794702,0.12853156080805966,0.12776904867300803,0.1670543596451399
1997-05-20,0.1180725224860147,train,0.15658420368632292,0.1218938277996016,0.1203469920866759,0.16385867770546117
1997-05-21,0.1233199605519304,train,0.1517558921048866,0.12875723872308092,0.12725963859535092,0.16218402711696966
1997-05-22,0.1233443775345228,train,0.14833081441684215,0.12860044654382483,0.12698567574373112,0.15906499596517912
1997-05-23,0.1473894971796631,train,0.14525175098658738,0.128384865628089,0.126262251539462,0.15688490854226617
1997-05-27,0.1715659176024962,train,0.14563156494197563,0.12670777910965925,0.1269084312274498,0.15680166463470943
1997-05-28,0.1733537060845959,train,0.14043421959670827,0.1353754000957949,0.13526160115986477,0.15339779151903782
1997-05-29,0.1729739915636292,train,0.13799144721072212,0.131900401194621,0.13116253947593923,0.15078696704147454
1997-05-30,0.1720061251145309,train,0.13950101981399762,0.13033958579622304,0.12755684935524197,0.15272567577633026
1997-06-02,0.1729349600043027,train,0.13961404010361322,0.13159810268483868,0.13028664102407134,0.15196100198099383
1997-06-03,0.1773851958607743,train,0.13753241898512567,0.13446943404776113,0.13269631760117126,0.15052282307427176
1997-06-04,0.1865488149288591,train,0.1348417237066445,0.13812635994472247,0.1363469586158269,0.1490563858515816
1997-06-05,0.1923104136023218,train,0.13300606027748113,0.13919360422643356,0.13736998695464686,0.14817101907994135
1997-06-06,0.1832495348731396,train,0.14242091645890342,0.13299196251921133,0.13363565384122794,0.1543950852323553
1997-06-09,0.1860730526342171,train,0.13910424883201067,0.13240183730282654,0.1331352659228954,0.14931694912567978
1997-06-10,0.1898833432894511,train,0.13745482448495314,0.13193880237228234,0.13127805688395267,0.14482810860266335
1997-06-11,0.1903604617981119,train,0.13692413350767085,0.13200484473470178,0.13230764084675017,0.1435186846197151
1997-06-12,0.1782226131273483,train,0.14642714810923452,0.1296172176163126,0.13269445355553847,0.151008114597167
1997-06-13,0.1760489442299278,train,0.14140441450415966,0.1289460326097,0.1273950848683216,0.1430670198598267
1997-06-16,0.1769651519763626,train,0.13976869356902336,0.13103564298529533,0.1298253639626661,0.14237824711025585
1997-06-17,0.1828925180974475,train,0.14159312881453484,0.12902495502009456,0.12790763131072783,0.14327122130068323
1997-06-18,0.1833376586814123,train,0.14066215002864527,0.1299822134749086,0.12813813273359248,0.1420098457114958
1997-06-19,0.1952142263772811,train,0.14087061779015264,0.13229623910936486,0.12983964946865878,0.14400115889655601
1997-06-20,0.1948386688219077,train,0.1389903030585025,0.13742386091119618,0.13618835747418784,0.14511854075413316
1997-06-23,0.197499849164183,train,0.17713830295042765,0.1460616939550324,0.16379906828585758,0.18007147278067479
1997-06-24,0.1763446977810231,train,0.15794351907998827,0.12978474747203994,0.12960224872779197,0.15718313186618993
1997-06-25,0.1753682131667402,train,0.1633750420172926,0.13027644154948562,0.1310203552566161,0.1618156968808937
1997-06-26,0.1745097490517547,train,0.16015129717943408,0.12653211683890997,0.12380267674723458,0.16005179854621732
1997-06-27,0.1739833420457693,train,0.1580261126386749,0.12897615082280928,0.1270203470997581,0.15995083905145915
1997-06-30,0.1727524461742522,train,0.15816387300729012,0.12646596884039815,0.12362817761402613,0.15852775173400055
1997-07-01,0.1729683635007853,train,0.15973659631041207,0.13104098550082183,0.13059794554930002,0.1627440513726559
1997-07-02,0.1630330968670716,train,0.15549144294179357,0.1264075125911306,0.12369717018823298,0.15739550874555688
1997-07-03,0.1562709807873011,train,0.15670965658098218,0.12888702622860787,0.13034272785279544,0.1605245571482671
1997-07-07,0.1522739614162672,train,0.16098268748879235,0.12797597670946934,0.12789015100960888,0.15906279907155593
1997-07-08,0.1477447965246426,train,0.15536986399353125,0.1291193096496464,0.12972974782642,0.15775298013194053
1997-07-09,0.1453246361968705,train,0.16687978919978505,0.13227472090168285,0.13692780449741707,0.16616418084723944
1997-07-10,0.1469036644644335,train,0.15829834283141184,0.13200123829126362,0.13105191879664205,0.15865116789251107
1997-07-11,0.1635512223011903,train,0.15375978673783716,0.13552313411329603,0.13692526325182403,0.1563629049029753
1997-07-14,0.1652546695239504,train,0.1505432347302936,0.13342037023196202,0.13363346639794,0.1521301923479551
1997-07-15,0.1738963966932447,train,0.14859345025838716,0.13431452125035853,0.13316073962089628,0.15055368279888084
1997-07-16,0.1679261941441644,train,0.1473400910375585,0.13464268701192136,0.13235509730771503,0.1503671697665283
1997-07-17,0.1675014328295506,train,0.14791580762440054,0.13400513057890193,0.13219286368236957,0.15009233261868787
1997-07-18,0.1856983127237698,train,0.1781902699640761,0.14373391760351586,0.1560174128361149,0.1770308880353586
1997-07-21,0.2014922204627983,train,0.1574365115009181,0.12775226409067406,0.12468053383790229,0.15418643546663074
1997-07-22,0.1833967972622028,train,0.16652616388560762,0.13197586086133564,0.13273001407605184,0.16451682534734904
1997-07-23,0.1909800570606126,train,0.1605895330611295,0.13365145824945127,0.13275188578021851,0.16080746039936863
1997-07-24,0.2004000351683583,train,0.1607761101751227,0.13029341578667938,0.12945896020763015,0.15796620673454453
1997-07-25,0.2003897317044548,train,0.15878710560026923,0.1349851178357209,0.13371461205024904,0.158433701335736
1997-07-28,0.2008108358440635,train,0.1576828665766935,0.13253885460158807,0.13193164451835357,0.15580309775412002
1997-07-29,0.2072793505786153,train,0.1609621168061826,0.14129840515598024,0.14401872412806543,0.16376891037319669
1997-07-30,0.2040729273846197,train,0.15247546471902523,0.1364816778917003,0.13489967954646517,0.15846819048321395
1997-07-31,0.2111749984506457,train,0.14968145213839854,0.14294347369980867,0.1409416320931022,0.15914734950919152
1997-08-01,0.2111851746167537,train,0.15513359467949558,0.13671298362990653,0.13878430326579852,0.1620889843150927
1997-08-04,0.2395879308131547,train,0.14991375148213748,0.1416833925471263,0.1390489723052998,0.15853493248768086
1997-08-05,0.2403344222682204,train,0.14711138624365522,0.14503366026446093,0.1441902465821862,0.15661291931374935
1997-08-06,0.2396500427824331,train,0.14618525616680333,0.14228712553635914,0.14062630435856663,0.15580403578082114
1997-08-07,0.2383759432752948,train,0.14814099578429143,0.14050192553573007,0.14062405448585985,0.1549733548788759
1997-08-08,0.2274798283230196,train,0.1881919832528824,0.1509313757235147,0.17134144868609122,0.18570108922532974
1997-08-11,0.2259913707401558,train,0.15690176469867506,0.13089153319248356,0.12816199949923263,0.15142005674659248
1997-08-12,0.2309333142426408,train,0.1706688298539932,0.13660088137772924,0.1400245413790837,0.16482167280596144
1997-08-13,0.2313971846430585,train,0.1644630439668195,0.13118266990437688,0.13035333388855502,0.15894536844961807
1997-08-14,0.2378818106264596,train,0.16424871393463614,0.13164749231301584,0.1292145962251983,0.16118045342518886
1997-08-15,0.2106459994798989,train,0.19145127673675533,0.1536066726153044,0.16009054607561837,0.19747399844867375
1997-08-18,0.2143332346642746,train,0.17149393655607356,0.1311656929920428,0.13177160994597525,0.17434819551340527
1997-08-19,0.2104033383642859,train,0.1695844245711868,0.1350754615388046,0.13154480454959389,0.1729109226415396
1997-08-20,0.2040884823422619,train,0.1687986754277105,0.13339999017588394,0.1313006349170272,0.17122550894478203
1997-08-21,0.1942361962719022,train,0.18214599317197594,0.15139649385597215,0.15377834976234836,0.1942054421843551
1997-08-22,0.1952377664612118,train,0.17269240205477096,0.13622882668485808,0.13525973120342596,0.17510595894918982
1997-08-25,0.1954700039294647,train,0.17633497004007814,0.13798060128795395,0.1349907952992093,0.1765818463278853
1997-08-26,0.1904912484257167,train,0.1717726644880631,0.12635403355943658,0.12477598290675491,0.16795706412734673
1997-08-27,0.1909102517784063,train,0.1739673137617241,0.1329920301227045,0.13016811397923414,0.17128645842735568
1997-08-28,0.1853487467979224,train,0.17240938048443166,0.12525355739497324,0.12301738046478705,0.16883920133229413
1997-08-29,0.1878897865099389,train,0.1740073185930985,0.13510742929244424,0.1318861374164313,0.17624859921439204
1997-09-02,0.1543115983855413,train,0.17665962166064572,0.12604407272211057,0.12833648837827338,0.17547900901096428
1997-09-03,0.1600944002150922,train,0.17300025846124706,0.1321555916053683,0.1284931391651014,0.17290274987357757
1997-09-04,0.1597013123915167,train,0.1716371749955738,0.132348146161399,0.12888577649781272,0.17260678786365452
1997-09-05,0.1603754881696212,train,0.17032412848186887,0.13035684749715062,0.1289988803675484,0.17140931791657882
1997-09-08,0.1613437191434019,train,0.17038959387369085,0.13996381427669277,0.136997976887664,0.17825003369189898
1997-09-09,0.1646571019368206,train,0.16568000425434096,0.14296984122713333,0.14178634806400545,0.1770819042844242
1997-09-10,0.1490646964189953,train,0.1707717638163656,0.12786431760652073,0.1297209340167668,0.17505322266794646
1997-09-11,0.1484796598598186,train,0.16819690425760342,0.12727219588689945,0.12754431224169466,0.17240809231064624
1997-09-12,0.1376035156314371,train,0.16862958832044475,0.1276314826847304,0.1259001840422047,0.17131221884059103
1997-09-15,0.1375158360036169,train,0.16788244663655028,0.13668729660380727,0.13312784740543934,0.17433388736792618
1997-09-16,0.1059684033427415,train,0.17480658023316534,0.12751551882119805,0.13403069885864669,0.1770992361708655
1997-09-17,0.1062711768401491,train,0.1669849106255729,0.14371806331646417,0.14069612663863107,0.17182823118034882
1997-09-18,0.1194479785188957,train,0.1658527944510194,0.13651342883895592,0.13732137211912848,0.1710049181003973
1997-09-19,0.1246947684899457,train,0.16244406755695057,0.14381629839860757,0.1413287444267111,0.16871084849875922
1997-09-22,0.1329704306583007,train,0.1606311902693202,0.13835779658594727,0.137892036870987,0.16678448235907195
1997-09-23,0.1486207910590046,train,0.15733814901177856,0.14779435824806134,0.14648424177191502,0.17032066329179024
1997-09-24,0.1475763204765918,train,0.15766975728213875,0.13658213544217956,0.1356302317591934,0.16680753450412417
1997-09-25,0.1616930154531678,train,0.1551638953101816,0.13977044785329784,0.13844527953736296,0.16765696042112413
1997-09-26,0.1628400985947063,train,0.1522482254500256,0.1447494479293895,0.1423017013121486,0.1669794897222721
1997-09-29,0.3109445377399546,train,0.15209119854967285,0.1421664475409755,0.138718880244361,0.16965956569521748
1997-09-30,0.3673513004591926,train,0.1576112985316843,0.13892825228092445,0.14104562800590292,0.16766040241525576
1997-10-01,0.3644970207410235,train,0.15321010333508114,0.1394132852437111,0.13747524831639568,0.1627033913659074
1997-10-02,0.3725001953126727,train,0.15081458596803363,0.14323645391779705,0.14094256063537888,0.16229058538956426
1997-10-03,0.38119543143413,train,0.15824043660649406,0.13702693766225804,0.13999746270372804,0.16584380925932904
1997-10-06,0.3875889687554769,train,0.15107691433320813,0.1440642679394389,0.1418394177140134,0.16011491683556003
1997-10-07,0.3861889305793902,train,0.15190783222436258,0.140017186498664,0.1381938959124808,0.15908712802387454
1997-10-08,0.3855625925990835,train,0.15423352644364657,0.13879756488402023,0.13992538074119176,0.15985094123132262
1997-10-09,0.3855969524707714,train,0.15253530632795073,0.13847572230250216,0.13657846352684472,0.1557673935784663
1997-10-10,0.3873855558649567,train,0.15026034466816746,0.14389631668459144,0.14325690520896603,0.1553653641277601
1997-10-13,0.3879693103494601,train,0.14793303662216273,0.14611278386216325,0.14524070851472903,0.15481908428136354
1997-10-14,0.3879694827668596,train,0.14546896052031183,0.14736975727040172,0.14644576904306408,0.1543768815675036
1997-10-15,0.3948816174231043,train,0.14335383362934398,0.15128796212281584,0.15082765484094826,0.15531785166443599
1997-10-16,0.3941311411847344,train,0.16225122444918705,0.14236971319477204,0.1513447325057423,0.1637086415756539
1997-10-17,0.3953811853549448,train,0.16160087749932864,0.13856175317956346,0.14243188179383218,0.15549922335125937
1997-10-20,0.3975207042117071,train,0.15472151999154896,0.13396398724792558,0.1315696045229289,0.14996927795510898
1997-10-21,0.392234813778298,train,0.15649404687202664,0.13382862298406908,0.13347674286851635,0.14970836258586598
1997-10-22,0.3919323638949241,train,0.1551397849674544,0.1359671607143948,0.13603680787729433,0.1493125503526719
1997-10-23,0.3892218495388733,train,0.17814751190809364,0.15104565861649752,0.15976248345029512,0.17564784603341138
1997-10-24,0.3883765506571961,train,0.16269190280078313,0.13818759054570204,0.13725224284220647,0.16071038617618272
1997-10-27,0.2893379917834004,train,0.24331744806308425,0.31106995631270323,0.231205357338944,0.30568552006063754
1997-10-28,0.2101031486913015,train,0.2796515171015735,0.3373696451438898,0.2378177670794622,0.31196844749347735
1997-10-29,0.2103448193452815,train,0.3952961079704959,0.23179192249382982,0.22136191904625474,0.2595883842612692
1997-10-30,0.2148164239480994,train,0.37308915335320214,0.1989443348734942,0.213667039683484,0.25007044762646424
1997-10-31,0.199346732585347,train,0.3916739812785345,0.20859749265901964,0.2134573530644159,0.2452501016530189
1997-11-03,0.1854133765309935,train,0.3807168482263499,0.2625795877443846,0.1946328039581423,0.2627727989077381
1997-11-04,0.1854446402486909,train,0.35500296341001947,0.2668253257291951,0.18138449186962263,0.2767529319500696
1997-11-05,0.1904931178753904,train,0.280890575865613,0.16869251724638154,0.15457164872493132,0.2081312857888751
1997-11-06,0.1902787338361654,train,0.26685952084075304,0.188831772632397,0.18824263507026057,0.20178655390304553
1997-11-07,0.1875547739917551,train,0.2273343393215137,0.1314731819073173,0.13281378560052606,0.1805026246511486
1997-11-10,0.1888209446480386,train,0.26596600282957494,0.1861165109825173,0.1955021173565442,0.20538589367750953
1997-11-11,0.1984242607993181,train,0.27301039564918106,0.22919330512299735,0.24329416363743817,0.22321049227333806
1997-11-12,0.1842421481790559,train,0.2372114645593832,0.17016991522904956,0.1816570347622907,0.21636198036237209
1997-11-13,0.1805819483198901,train,0.252411873133087,0.1837479686595293,0.18510837695327978,0.2149694706975736
1997-11-14,0.1754359002020264,train,0.24364076411117183,0.1930204341836065,0.19800773455382542,0.21439655452139653
1997-11-17,0.1639868624785805,train,0.23180470172947332,0.20052765157692495,0.20968675616070662,0.21137753569795403
1997-11-18,0.1660938288152723,train,0.22640349929758818,0.21202585012959543,0.21877065853179103,0.2099382274454741
1997-11-19,0.1672898523827698,train,0.2216939284223421,0.22314232682036622,0.2286907731473111,0.211984800413521
1997-11-20,0.1601290724586532,train,0.2069390357818367,0.20847020617284398,0.2173717214680785,0.21006621816993845
1997-11-21,0.1707253213911232,train,0.2001043283438557,0.2195948874991231,0.2244211290844896,0.20916396499509596
1997-11-24,0.1583124425878265,train,0.19086542662555667,0.16557620733854514,0.18369654512099237,0.2009105273107186
1997-11-25,0.1586756124012871,train,0.1872028135796951,0.20717670212818004,0.20751903042442804,0.19703408568235245
1997-11-28,0.172509729504031,train,0.18047545007712293,0.20506110549595374,0.20353563880868483,0.1998137475957685
1997-12-01,0.1569261560937792,train,0.17964227645026024,0.1516430416348068,0.16103177884326855,0.1974203552985677
1997-12-02,0.1554557390975569,train,0.17433374626067494,0.1774401486762158,0.1761669615580386,0.19066078960301314
1997-12-03,0.1561876235909661,train,0.17220232802841706,0.16047508162758092,0.16398869926363707,0.1896635103259982
1997-12-04,0.1563527248476591,train,0.16773447763304566,0.16707789049811725,0.16601998696263173,0.18547821120626626
1997-12-05,0.1602466695344776,train,0.16854640007195942,0.14796651363456628,0.15063413495481115,0.18184242731123074
1997-12-08,0.1601932815241213,train,0.1635873869494165,0.17138200458579395,0.16856647757289359,0.18666268329756425
1997-12-09,0.1617871154486062,train,0.1585404594672191,0.1633344861942654,0.15927026394175336,0.19110506863236715
1997-12-10,0.2022222859967199,train,0.16217364085266045,0.14807979436258553,0.1492351169747856,0.18916613024129958
1997-12-11,0.2032433670166178,train,0.17439097728284605,0.14444716920861542,0.15365910167302227,0.18757235879963802
1997-12-12,0.2090033665348913,train,0.16554412705959995,0.14487753822550595,0.14087550363089482,0.18102885963967402
1997-12-15,0.2065661238406723,train,0.16459090762082484,0.1484733229680583,0.1447486575094573,0.18355292923201363
1997-12-16,0.2075517282352928,train,0.1621565226531294,0.15875282104564162,0.15517815850563288,0.18509523822569712
1997-12-17,0.2128130253993619,train,0.16100963448860653,0.15649379958536005,0.15370206024822208,0.18520675278299878
1997-12-18,0.2176223362268414,train,0.16185260323454295,0.14689788662038225,0.14540565164185024,0.18436593278561714
1997-12-19,0.2186726483411313,train,0.17288114808690902,0.14816198214056445,0.15394845045470448,0.18726824937172695
1997-12-22,0.2197707971001972,train,0.16634108497388547,0.15565206998881895,0.15197468892619959,0.18642403297056984
1997-12-23,0.2103252697782258,train,0.17402110323486772,0.14111082466396477,0.1459341773889601,0.187126391872482
1997-12-24,0.2100670043864605,train,0.17056914766487333,0.1476033748331934,0.14447242328625126,0.1890196565150014
1997-12-26,0.2126010572773315,train,0.1692601089227444,0.15510964367324254,0.15240089880699229,0.19687288623329702
1997-12-29,0.2035737659221485,train,0.17145225812699205,0.1400442977458343,0.1419829069924457,0.18993830773921766
1997-12-30,0.1968766548635179,train,0.17289755523548456,0.13859414839130207,0.14548335418463834,0.18659399574167676
1997-12-31,0.1968763361676287,train,0.16654416654336582,0.15312361592240276,0.15351428113816898,0.18248147018433017
1998-01-02,0.2044850062237777,train,0.1635969456385961,0.14965890903971418,0.1473632977949444,0.17739027051588757
1998-01-05,0.20604638465165,train,0.16480061199869606,0.14490887272521005,0.14674805785936598,0.17702089479847286
1998-01-06,0.1980024824484527,train,0.16422533452961088,0.1402303379329302,0.13903578434527916,0.17148248949571332
1998-01-07,0.1978003092918941,train,0.16112155229272707,0.1473200763821714,0.14403620907363715,0.17568775545654763
1998-01-08,0.1992836718612771,train,0.1597322129649837,0.14585364851483326,0.14242264031014007,0.1764823823524727
1998-01-09,0.1555599994803981,train,0.2132302257814787,0.1845578865157906,0.2137477827716117,0.22860544324368073
1998-01-12,0.145624825002694,train,0.17152587056951138,0.12619535727610076,0.12676395675130359,0.16272574188190753
1998-01-13,0.1370921610156387,train,0.1712379651246404,0.13716607482424512,0.13273686169420598,0.16330434120927773
1998-01-14,0.13696817447766,train,0.17077559234478953,0.14372090174896585,0.1382594376338986,0.16631659757800563
1998-01-15,0.1352957524584797,train,0.17114258191047202,0.13884721855636023,0.13458889660212944,0.16685602122312962
1998-01-16,0.1267293490991186,train,0.16959329363198591,0.1433718258654103,0.14052883409512326,0.1684812915586206
1998-01-20,0.1176514324087473,train,0.16889679407486724,0.14599143110829524,0.14341031092955714,0.16955692131994604
1998-01-21,0.1141422891501394,train,0.16551343334652815,0.1441214516889275,0.14143474951921955,0.16791029419958517
1998-01-22,0.1127903680977234,train,0.1642784352883344,0.14555477872877096,0.1421875297131224,0.16941290474608797
1998-01-23,0.1135229530292059,train,0.16289772057590177,0.1438174145400048,0.14115720779770952,0.17040020705657538
1998-01-26,0.1168596260048031,train,0.16121201585608821,0.14964005544945394,0.14634644975718014,0.17212372265054185
1998-01-27,0.1195798264052008,train,0.16044780319325982,0.1459616258334665,0.1444905220298437,0.17234714808151036
1998-01-28,0.1169795560584284,train,0.15677360956197217,0.15704669422764006,0.1545806345408092,0.17345821243605358
1998-01-29,0.1153850407182405,train,0.1568402692047188,0.14798851848148936,0.14733168512772846,0.17475497083883837
1998-01-30,0.115599630892184,train,0.15290129077757794,0.1562684756606907,0.15381309146326277,0.17274012767437483
1998-02-02,0.1018739637392222,train,0.15533573600114722,0.1470723252488588,0.14682443457514546,0.17167730866300632
1998-02-03,0.1010583000055576,train,0.1533577341502373,0.14848126902244307,0.14639021911339078,0.16815048349861683
1998-02-04,0.1062051299892597,train,0.15229087454728055,0.14926040137873,0.14794805928331853,0.16655450231896762
1998-02-05,0.1276526096515305,train,0.15712308958599738,0.14416583835880267,0.14685576416107174,0.16536291441706477
1998-02-06,0.1220338919657664,train,0.15306119134078786,0.14440628752373022,0.14311268506179542,0.16044202404994182
1998-02-09,0.1259669599413439,train,0.15111962733533996,0.14898083728200912,0.14730752336493033,0.1593135411229013
1998-02-10,0.122482548080131,train,0.1502789417830922,0.14821514001406952,0.14715228133635536,0.15925321324495434
1998-02-11,0.1232918198508844,train,0.1484001697233645,0.15363232871390542,0.15412803812453782,0.15946443721452755
1998-02-12,0.1230905602709235,train,0.1501181506197923,0.1470589954974336,0.14658879415051485,0.15694404577434115
1998-02-13,0.1271990810670291,train,0.14702592744376417,0.1525610013418251,0.15167950802377797,0.15576069524728411
1998-02-17,0.1264242369125323,train,0.14688056686439063,0.1499624845283671,0.1499623839985021,0.15362894391321
1998-02-18,0.1229394655247484,train,0.14547511456964693,0.1508952448946386,0.14966134618926955,0.15259547979217408
1998-02-19,0.1218343300948723,train,0.14489508776562252,0.15202052937701163,0.15205845141617239,0.15132388801722724
1998-02-20,0.1227901286610053,train,0.1454464918061383,0.14949339631868794,0.14892801758154983,0.14950976456368478
1998-02-23,0.1222700523098176,train,0.14382939840551603,0.1518641892757715,0.15171703639429202,0.1477639895624662
1998-02-24,0.1228408989926401,train,0.14527628177862467,0.14799639889959107,0.14835220319897496,0.14509438602874652
1998-02-25,0.1155175372310076,train,0.14445878637154627,0.1463186018923027,0.14549885023362905,0.1424980451114889
1998-02-26,0.1137725133629814,train,0.14298223767633114,0.1483723702871177,0.14822070206979218,0.14150696787217118
1998-02-27,0.1147768536288905,train,0.14212227802805832,0.1496598880603241,0.15026520253535014,0.141059656427289
1998-03-02,0.1145563535315991,train,0.14254584695033992,0.14771829193783345,0.14788669978607533,0.13987654078540282
1998-03-03,0.1134405791463874,train,0.14151613974978663,0.14985749072240526,0.14888880582217456,0.13914503313229892
1998-03-04,0.1146756353231751,train,0.14153155078197896,0.15007194641484936,0.14918368871472107,0.13978754576211708
1998-03-05,0.1163313416089442,train,0.14532587879516665,0.1473391123017979,0.14663019716123557,0.1414685903984504
1998-03-06,0.0939610117943164,train,0.1491101250572603,0.1448332120574306,0.14488807119197925,0.1419629009974591
1998-03-09,0.09743203108206,train,0.14825724408195531,0.1422813035915537,0.14186432773708083,0.1387753396050543
1998-03-10,0.0945775807204123,train,0.1473360579091451,0.14174609028150953,0.1412975991709236,0.1379912067468989
1998-03-11,0.0952419157841743,train,0.1462537265681685,0.14308403731923577,0.14345939249261241,0.13714074096762213
1998-03-12,0.0982255986643723,train,0.14569344020402547,0.14267335696555367,0.14293875164787426,0.136112751067729
1998-03-13,0.0978131220362224,train,0.1443590057387661,0.14363738625783823,0.14413375914951432,0.13541445613131223
1998-03-16,0.0949089361909133,train,0.1439686023106933,0.14440359815396617,0.1436746927876991,0.13545806777906783
1998-03-17,0.0948740266072991,train,0.14357432016629915,0.1481978815085262,0.1495203335441953,0.13809851772871853
1998-03-18,0.1028208289947971,train,0.14266669243065783,0.15114642016264387,0.15142589065812723,0.13877515803776064
1998-03-19,0.1125722669903065,train,0.1408777139754747,0.15261572515597838,0.1533922886884097,0.13824940313500825
1998-03-20,0.1083852762260148,train,0.14200382452183616,0.1491822689970655,0.1495808277999028,0.13718995855317165
1998-03-23,0.1093741726748348,train,0.14177609653676815,0.1494494889066296,0.1485997021208093,0.13719558161470796
1998-03-24,0.1055713790332383,train,0.14260461735260269,0.15057971956548147,0.147758814925997,0.13815166788696118
1998-03-25,0.1102923763368044,train,0.1528014382342531,0.14979252907963345,0.1535480634810533,0.14619073533172988
1998-03-26,0.1165844880264759,train,0.1479423858414548,0.14633305270083372,0.14330866067937278,0.14107599775750412
1998-03-27,0.1339663627497209,train,0.1495626894918219,0.14586665434403065,0.1429303391928136,0.14453188269379194
1998-03-30,0.1340485130281451,train,0.14980440813803617,0.14732071132094873,0.1439578266522811,0.14745768605520734
1998-03-31,0.1357170463950585,train,0.15046117148795166,0.15200714992830278,0.1493671874479991,0.15500781004596811
1998-04-01,0.147886603843278,train,0.15049785754777706,0.15282543880085758,0.14908300773889124,0.15857193342198703
1998-04-02,0.1482298812424072,train,0.15206774082041477,0.15105400345353598,0.14996270229093925,0.1569215886318415
1998-04-03,0.1474268908217531,train,0.1507145218331521,0.15387460578557668,0.15360900731329952,0.15521048436320856
1998-04-06,0.1467173661971636,train,0.15515817322671957,0.1483227320414036,0.15047747694444477,0.15221076970319197
1998-04-07,0.1507288540664084,train,0.1566515113675444,0.1451575459251113,0.14720963263607512,0.14799185321770067
1998-04-08,0.1520435325920893,train,0.15278185991707607,0.1442966071005066,0.14310281673925013,0.14377465365782896
1998-04-09,0.1600638338251128,train,0.1516135073832549,0.14658452285874293,0.1461450162378638,0.14396237643088605
1998-04-13,0.1602017156199024,train,0.1521921370172932,0.14449809441299066,0.14355160703449515,0.14299181351561382
1998-04-14,0.1618781016820852,train,0.15165095870808276,0.14500700178751982,0.14388840060759023,0.14286733778286376
1998-04-15,0.1618200152489847,train,0.15042033586200268,0.1486585062245152,0.14902776027543443,0.14412018346235975
1998-04-16,0.1573442005833994,train,0.15456950169960698,0.14437870858673943,0.14638332435738372,0.1441109740236716
1998-04-17,0.1515591392262445,train,0.15259802953510707,0.14261223715152327,0.14162906024282843,0.14061037129162712
1998-04-20,0.1522020433238329,train,0.15078519096704374,0.14825159899511592,0.14972285837217653,0.14243651204395372
1998-04-21,0.1531675243183722,train,0.14971899516288342,0.14577316164898638,0.1463330563609174,0.14019319409362396
1998-04-22,0.1565242796890518,train,0.1486443310576365,0.1476470567257223,0.14906519207249588,0.1400280684910635
1998-04-23,0.154363599942699,train,0.1518284805102007,0.14456096308833094,0.14624919497158445,0.1403491764625734
1998-04-24,0.1503018323343641,train,0.15430700255486848,0.14557005339399504,0.14702866360129171,0.14350698157953878
1998-04-27,0.1459060409248594,train,0.17683874193100046,0.17907972197340388,0.18913582106779814,0.18436595384290236
1998-04-28,0.1459042096408364,train,0.1564544963961299,0.14362046561800365,0.14238420247759903,0.1493582878347481
1998-04-29,0.1447471667806213,train,0.1550746854319117,0.14302477896218566,0.14131080050133774,0.1454101626509077
1998-04-30,0.1339228396021721,train,0.15482132655225286,0.1441878482632906,0.14318987750040282,0.14575717324416357
1998-05-01,0.1289525152216462,train,0.15571134337179704,0.1474937406187779,0.1461505184744301,0.1489963534990774
1998-05-04,0.1286824015493724,train,0.15537021638144907,0.15167472304448051,0.15120686037532033,0.15226246386822992
1998-05-05,0.138592279425781,train,0.15474745172882254,0.14700210728885652,0.1460124280509157,0.14757638155446712
1998-05-06,0.1472906928964754,train,0.15671811574538422,0.14505973566686164,0.1442372882878206,0.14793688387097284
1998-05-07,0.1597436674737874,train,0.1553351342842785,0.14253400401159405,0.1408062579094977,0.1451208692877885
1998-05-08,0.1491435062579411,train,0.15440151050424542,0.14282374769049094,0.1416835527533838,0.1442752057104483
1998-05-11,0.1490584015196221,train,0.15500703491313528,0.14544844331001186,0.144434172451802,0.14576163654751328
1998-05-12,0.1459637894556869,train,0.15502203938508471,0.14331013460459968,0.14185997567359304,0.14391597064072364
1998-05-13,0.1604819822269672,train,0.15509271128238727,0.14840098664600027,0.1484461114122709,0.14666489463197527
1998-05-14,0.1629277200071215,train,0.15389923203830752,0.14652836886281614,0.1466761051962152,0.14460658044176436
1998-05-15,0.18737718642002,train,0.1530552504784113,0.14538497027015435,0.1461067356896784,0.14408722985111938
1998-05-18,0.1945704352049096,train,0.15302709096150693,0.1423841393511741,0.14082424676045813,0.14139044575408816
1998-05-19,0.2065672725114473,train,0.15252615966611868,0.147001337027116,0.14692929801782448,0.144250381955702
1998-05-20,0.2044225085478764,train,0.15129741938290314,0.1462210391353188,0.14512666302594646,0.14328789811130632
1998-05-21,0.2039323487197795,train,0.151181953021967,0.14658647270861308,0.1463890924098874,0.14334200822166496
1998-05-22,0.2041727362069735,train,0.15025023002246057,0.14845565458542012,0.1487205659929661,0.14299375150596583
1998-05-26,0.2003936015176514,train,0.18137108317552922,0.15847439549654144,0.17402668874557511,0.16967309374839956
1998-05-27,0.2058294574634777,train,0.15369879600851444,0.1414173479572439,0.1395392216352057,0.14125350723436647
1998-05-28,0.205278599811902,train,0.15426381889501384,0.1442561241067659,0.1432312583554218,0.1435506744994447
1998-05-29,0.2027289120023552,train,0.15571889655728605,0.14333431620042786,0.1430103845696979,0.14405179585276603
1998-06-01,0.2024738787344727,train,0.15378976410817122,0.14196100992173197,0.14054132514574152,0.14209123718368283
1998-06-02,0.2039150852870012,train,0.15480111594992488,0.14678125094083103,0.14740869948864924,0.14556744495913768
1998-06-03,0.1999736730097628,train,0.16048065340023746,0.14311745712151341,0.1448980747623284,0.14749895224628776
1998-06-04,0.1891649594419121,train,0.15636359539244826,0.14096589230812032,0.1401576023014517,0.14401754511010592
1998-06-05,0.1800661517802047,train,0.15580118087774253,0.14220241757636462,0.1421998470800418,0.14534434336581564
1998-06-08,0.1801472668766813,train,0.15607292118220964,0.15027662053664986,0.15101660989429672,0.15135896646650368
1998-06-09,0.1816562683942268,train,0.15504550881445067,0.14696773919638892,0.14670550111237288,0.1479325355906448
1998-06-10,0.1817913176626762,train,0.155092418686001,0.1442992054851313,0.1445524142153031,0.14655528170683704
1998-06-11,0.1699546136812784,train,0.16319668290496492,0.15454593430519317,0.1567485025574536,0.15949972167727194
1998-06-12,0.1666617872571433,train,0.1555283838930268,0.14243237904129796,0.14106052330274188,0.1457873094117584
1998-06-15,0.1428146091215374,train,0.17379633277697543,0.17915821188127287,0.18264694488440247,0.18508694582421037
1998-06-16,0.1322717166820082,train,0.15708650843453512,0.14544451563480573,0.1455312239616688,0.15228582730479687
1998-06-17,0.1127162080632579,train,0.15351633730902078,0.1468558280918522,0.14708841812388604,0.1487506734341526
1998-06-18,0.1116792031232078,train,0.15888956849765715,0.1562157284118824,0.15230139209309845,0.15673162122846418
1998-06-19,0.1102459545943052,train,0.15737119826350285,0.14817807614622222,0.14558712148197486,0.15143719742327869
1998-06-22,0.1254695480341194,train,0.15887668693059592,0.15106438766471295,0.14925482834197762,0.1524881137164614
1998-06-23,0.1182751087828778,train,0.15702184246930864,0.1488776468402935,0.14784801344651352,0.14992768990476996
1998-06-24,0.1296910696930795,train,0.1564333040498372,0.14521877894541402,0.14508346111485332,0.14823776939746097
1998-06-25,0.1295909811153077,train,0.15567730815813977,0.1514484853238628,0.15137570822881494,0.14973530949241323
1998-06-26,0.1311989775983459,train,0.15456668292963754,0.15347092618894048,0.15365345454943558,0.15021802704553427
1998-06-29,0.143862477553818,train,0.15333789965620828,0.15457069358612208,0.1557025274280917,0.15129371695469393
1998-06-30,0.1424473107022231,train,0.15202532016167372,0.15164001731697127,0.1507789310192087,0.1487192755448971
1998-07-01,0.1463277390384402,train,0.1517875185953371,0.15002415476952885,0.14945640086479972,0.14803135730273567
1998-07-02,0.1650124084377442,train,0.15028811345925847,0.1562699041939659,0.15767542340421456,0.14990011766436936
1998-07-06,0.1618245296764802,train,0.1505546569918471,0.1499193814880459,0.14901008071630512,0.1470430104509267
1998-07-07,0.2140424248949855,train,0.14956118387953993,0.15355192351141075,0.1541048198142753,0.14888777757760144
1998-07-08,0.2179259510407566,train,0.14986672121033123,0.15272109403556136,0.15341233605882879,0.1495703703243629
1998-07-09,0.2171558517227937,train,0.1488133983137357,0.15329948286022674,0.15331283720782413,0.14677684020043003
1998-07-10,0.2164001144586672,train,0.14846115008586547,0.15337978960907456,0.15252785864838808,0.14633265465242876
1998-07-13,0.2173561101659419,train,0.14789866951425895,0.1599459001105944,0.16087335654811918,0.1492068269781928
1998-07-14,0.2202984440807294,train,0.14758038430865342,0.15745019364028937,0.1575464242320241,0.14793639218523252
1998-07-15,0.2281481261004085,train,0.1460751661204372,0.1610738618762034,0.16360498629826736,0.1462957096395818
1998-07-16,0.2308995604999478,train,0.14621943630180181,0.15714746557713638,0.1592784473264496,0.1441219001688167
1998-07-17,0.234563974567504,train,0.1434527203830587,0.16115748746135994,0.1655755168665446,0.14090393277341956
1998-07-20,0.2461013989859159,train,0.14280917594615647,0.15639596759291952,0.15870453319130656,0.13712850006607405
1998-07-21,0.2467772044755979,train,0.1755807558454588,0.16656572418435853,0.18714179446456833,0.16834189686012827
1998-07-22,0.2469433934796326,train,0.14613452882864353,0.14555288929207952,0.14330505427073717,0.13304811702168828
1998-07-23,0.2374170318454222,train,0.18200147301285743,0.18362966339986167,0.1995911768437321,0.18779937536449504
1998-07-24,0.2391033608369516,train,0.15352408825473315,0.14682042606929502,0.14499574815155983,0.14464421735968744
1998-07-27,0.2388267192732544,train,0.15442000575360235,0.1440569651878939,0.14272456209072445,0.14323368470737372
1998-07-28,0.2312149804254347,train,0.16235104697821004,0.1611338139508786,0.16440502102927915,0.1593495585308996
1998-07-29,0.2316971293885054,train,0.1554624988022015,0.14574666081402093,0.14498796487272356,0.14664166402472104
1998-07-30,0.2831680374999326,train,0.15442818843063455,0.14497924219983166,0.14367214901928882,0.14222568469678076
1998-07-31,0.2729214876664891,train,0.16886557552962744,0.1636057561301416,0.17003694732832655,0.16564745523131078
1998-08-03,0.3785369156328201,train,0.15296477150385676,0.14573904976400862,0.14499982643429457,0.1429396050980015
1998-08-04,0.3811341276451453,train,0.19785318669957444,0.2834625520490047,0.2600777636115114,0.24750639513110193
1998-08-05,0.3789143249695316,train,0.16843561415464448,0.18367339828419546,0.1926508582494667,0.16105161937583876
1998-08-06,0.3796406324362501,train,0.17005402076496018,0.1950544681770621,0.1853400762648524,0.15950808313014495
1998-08-07,0.3807274017610709,train,0.15857445081523341,0.18788008187187086,0.17362218347798303,0.1498722155794356
1998-08-10,0.4231118582293675,train,0.1555328567199372,0.16807855840086106,0.1603903542226457,0.1450266997328272
1998-08-11,0.4286736789583744,train,0.1509584733406925,0.1424868567016546,0.1454816272146872,0.1288661947212532
1998-08-12,0.4304522543646482,train,0.15633322501657482,0.15161783621642302,0.1480825525418138,0.1328547135802845
1998-08-13,0.4429559540066239,train,0.14583001412267924,0.1399831107364699,0.13888468956783323,0.1272716128865326
1998-08-14,0.4451412236833656,train,0.14426127257609964,0.14006328685313402,0.14725027999222073,0.1315838809792425
1998-08-17,0.439388420516708,train,0.14809660310458203,0.1328504965352523,0.1374857149910823,0.12581281148984683
1998-08-18,0.435731574565211,train,0.1465772882118919,0.15103196535625718,0.1443960400532738,0.1272587494635239
1998-08-19,0.4476236481346546,train,0.15309646447983494,0.18192749171767336,0.16465214622141033,0.13929297096563867
1998-08-20,0.4473987084117184,train,0.1501779741628613,0.1581359646659745,0.15136598922977304,0.1345964712075967
1998-08-21,0.4464955629660528,train,0.1422400605996685,0.13635176206062866,0.1423381221458334,0.12835017314348804
1998-08-24,0.446890093838951,train,0.16284650907066453,0.17012798249562333,0.16465011560985088,0.14237388288503416
1998-08-25,0.4681032134204893,train,0.15987871928389272,0.17780745926530434,0.1725174239542048,0.1475177355534165
1998-08-26,0.4759010319931661,train,0.16237584865095808,0.1816925060220401,0.17673621272580503,0.15665802688835573
1998-08-27,0.4440808336858852,train,0.15630632521148677,0.1915305768136172,0.19761811968811516,0.1699924987164399
1998-08-28,0.4450310019900187,train,0.16023577897427624,0.13567028045465235,0.14167275656735026,0.12492352186087298
1998-08-31,0.3593013702835529,train,0.23616282890413468,0.2741236338345306,0.22440676780726876,0.25141780862273766
1998-09-01,0.3456019135715767,train,0.35206151004562547,0.22553536810756958,0.21424613121203598,0.2209940001741717
1998-09-02,0.3599986021273753,train,0.422247496145386,0.49459655834924476,0.24736249492355708,0.3568730932627759
1998-09-03,0.3652590990466465,train,0.36380540996274213,0.2783587114259073,0.21307427655028816,0.2512409569480409
1998-09-04,0.3711879430802295,train,0.3304359981652069,0.18601326100168838,0.18587189768501278,0.19687521291279417
1998-09-08,0.3214125245819463,train,0.320212041170451,0.166654400052123,0.16733502327996827,0.18976676464769643
1998-09-09,0.3139075705712334,train,0.3020202172089111,0.18950297247787123,0.1621823762289608,0.20364146738458788
1998-09-10,0.306308990807443,train,0.27389049241651503,0.12948754001209398,0.13148246697334132,0.16482712302838873
1998-09-11,0.2932806343495425,train,0.28615323913907204,0.1195487780013125,0.12296659607817803,0.171472051830805
1998-09-14,0.2915277200153303,train,0.27391998306385495,0.14503665673014318,0.13514627025599985,0.17734481674563063
1998-09-15,0.2909997314798312,train,0.2874268993332845,0.22413710844793092,0.20260717701151837,0.19110772390820985
1998-09-16,0.2911575625437868,train,0.2681640168292326,0.2237200393721328,0.21651684981793226,0.17348178052853513
1998-09-17,0.3297520817447789,train,0.21891232514761455,0.14877831991828608,0.1489659028601561,0.15469543163823066
1998-09-18,0.3293759596357495,train,0.2827527745012195,0.28316749931214846,0.2936149875175315,0.1830792803528292
1998-09-21,0.3296072126231248,train,0.27396572729862734,0.18995735329953117,0.19117235430348975,0.1895168934821124
1998-09-22,0.3289662645017444,train,0.28040866415599774,0.3034798358658444,0.31221615268147995,0.19608612994554114
1998-09-23,0.2981583980186042,train,0.2225180668577363,0.18514922229573894,0.2105065900833428,0.18673597084873886
1998-09-24,0.2896516196187805,train,0.19861308874199668,0.16328752630695237,0.18570001716185897,0.1672807087848306
1998-09-25,0.2931560906397469,train,0.22769740639171093,0.22185006769156573,0.22163581153289955,0.16699498932690415
1998-09-28,0.2925735636390339,train,0.22621106058395077,0.24983621156574093,0.25107076671128126,0.17322178718105008
1998-09-29,0.2931811560894302,train,0.2085118055901861,0.22360347662991656,0.22936076196536456,0.1720009294406793
1998-09-30,0.2720400785985711,train,0.18592127572126865,0.15716020408700196,0.18249090875190796,0.1669781047991957
1998-10-01,0.2654161798533709,train,0.20097283248062187,0.15557095156863826,0.16605652486800943,0.16753777420827426
1998-10-02,0.2573216156617295,train,0.2234392311518898,0.1455592288783851,0.14681964241359244,0.16094865154515986
1998-10-05,0.25413427749751,train,0.21884558386474745,0.13613205695687697,0.1432608192448507,0.16547929724261368
1998-10-06,0.2554259525765691,train,0.22872540265777946,0.15916090045477144,0.15750803823681125,0.161241645141031
1998-10-07,0.2526441197254187,train,0.22073320885290068,0.1340870690445766,0.1385094772129294,0.16274783880977126
1998-10-08,0.2564434254249276,train,0.2616716008979392,0.14860351299798855,0.14911233426092374,0.1759547244648607
1998-10-09,0.2467965771044783,train,0.2691379404807081,0.15986310207003887,0.1599529628960785,0.1811886326597221
1998-10-12,0.2427105718629603,train,0.30394655982675894,0.3151022207700532,0.3295345908388691,0.19517487552786852
1998-10-13,0.2426003810414424,train,0.30162546860531875,0.3026820728437405,0.31273599040223177,0.21032049377444093
1998-10-14,0.241471138740347,train,0.28765827343260236,0.2397341341841826,0.24489753947289442,0.21850850446963208
1998-10-15,0.1541857823037328,train,0.21552191384287978,0.19617092285100918,0.2618603125802929,0.20792518145627018
1998-10-16,0.1579853154466785,train,0.24605353800686755,0.21236053563264046,0.22332102713099583,0.17839792665608856
1998-10-19,0.1596773279939923,train,0.22438025249770316,0.2284560082965334,0.2304668008372807,0.16606337645472646
1998-10-20,0.1583171896804274,train,0.1948170856366652,0.20192311869191357,0.20963348783862848,0.1611504949688946
1998-10-21,0.159260732610789,train,0.2000965065318518,0.25213417940254856,0.24831195310060902,0.1628039770143725
1998-10-22,0.1534243211428169,train,0.2353980769761948,0.2737300205845283,0.27936525617419145,0.1941602721109368
1998-10-23,0.1489734131790904,train,0.21692063647207543,0.2732826388628984,0.2687960822710181,0.20677590417119165
1998-10-26,0.1684294289689391,train,0.21626938306557267,0.23850605360459262,0.23431057786401435,0.22605198358239711
1998-10-27,0.1686467296668945,train,0.2032234728343927,0.20924271628421776,0.2118375604754545,0.22637468921489012
1998-10-28,0.1685317739137092,train,0.206654607490546,0.2177850646951777,0.21242098056507425,0.23874757178469094
1998-10-29,0.1477505490285013,train,0.19471973549646604,0.1980345867313924,0.2104709085057707,0.22929293306399695
1998-10-30,0.1783353880778225,train,0.18792760367698078,0.23131974317763843,0.22999715910537205,0.2271358472862254
1998-11-02,0.174009961231129,train,0.18202563273148684,0.20695600625918223,0.20907244720823523,0.21976837197998847
1998-11-03,0.1723886990184087,train,0.17526954451925122,0.21414457658067057,0.21603689160640335,0.21242818270930405
1998-11-04,0.1782921483363919,train,0.17127772275519298,0.20459033915143562,0.2054426639065961,0.20761378100392308
1998-11-05,0.1948155659152639,train,0.1693721976741136,0.19950930521995575,0.19788736305729948,0.20659266909565496
1998-11-06,0.1952477623746981,train,0.1653251284197444,0.22414287655329662,0.2153808269129776,0.21387598104389013
1998-11-09,0.1942451409776382,train,0.1636331009701214,0.1885758310490889,0.19053659042078241,0.2091001820816288
1998-11-10,0.19410840546201,train,0.16186899815308645,0.19111567225818915,0.18786329830590276,0.2166778484243169
1998-11-11,0.1996321982839272,train,0.1599978209356246,0.185554066236826,0.1825291472763223,0.21600611279354734
1998-11-12,0.1997197443897336,train,0.15689943858320052,0.19803181492002944,0.1905196444270301,0.2255431384143677
1998-11-13,0.2224232554655707,train,0.15332463711995584,0.18659060130615682,0.18018954268910958,0.23712035397252043
1998-11-16,0.2386787720760235,train,0.1501289776425769,0.17831335499096893,0.17338382949672412,0.2417578154626728
1998-11-17,0.2387261933508571,train,0.15276701356813868,0.1710207611210879,0.17052426500714646,0.23960580976565796
1998-11-18,0.2443213927742245,train,0.14832985832247178,0.1772420264566967,0.17219946419755092,0.24009315247480523
1998-11-19,0.2428389366770893,train,0.14986514566764297,0.1747499341957574,0.17290516380510235,0.23702367030586144
1998-11-20,0.2463402039393665,train,0.15377329593384947,0.1744110333521536,0.17612480278401288,0.2299370492337163
1998-11-23,0.2325610111077217,train,0.1613327162823836,0.16778745195173464,0.17477225595640947,0.2133273782645936
1998-11-24,0.2429253424654854,train,0.16281719006980286,0.16844999717780804,0.1766108254452838,0.19107389660647825
1998-11-25,0.2434090839302545,train,0.1546979946541638,0.1725804225384197,0.17184107858533604,0.17709866123503265
1998-11-27,0.2421765341730785,train,0.15272140957859406,0.17509036368727376,0.1728860055189115,0.1752636433168836
1998-11-30,0.2267513319912847,train,0.19988151256003328,0.1835041466622418,0.220520972990302,0.20035586818789908
1998-12-01,0.2239695484910158,train,0.15060408737543687,0.14472141247899692,0.1441295713074431,0.13930409306102964
1998-12-02,0.2237283918057178,train,0.1506078013009145,0.1497220051215179,0.14763967282479573,0.14049965757818586
1998-12-03,0.2159269612105485,train,0.15774221015682194,0.1571313819444825,0.16928152878621747,0.14965337976949078
1998-12-04,0.199433476798147,train,0.1430453481096216,0.14190265038511576,0.1433521589266939,0.12740432670879626
1998-12-07,0.2159661172917941,train,0.15337106988349145,0.16370662676447165,0.15938641529148495,0.14106591720197012
1998-12-08,0.2160865366620723,train,0.14744425878417558,0.151276068791963,0.14991153127950202,0.13626227356044257
1998-12-09,0.2175639938610076,train,0.15265521051387942,0.16406838950229727,0.15994147115115973,0.14512162049253602
1998-12-10,0.2139119530208114,train,0.15052365220019312,0.1484700817733389,0.14897266554511965,0.1411133961480757
1998-12-11,0.2233347888906214,train,0.15571769564204274,0.16180259464691474,0.1595112982732305,0.15293673488459558
1998-12-14,0.1993395757821108,train,0.1624834307214225,0.17327265767026995,0.188410328166414,0.16361099525565767
1998-12-15,0.188316720527158,train,0.14446534289092103,0.14592663832928535,0.14811619911449053,0.13234196957812225
1998-12-16,0.2092009613429355,train,0.14562103268999224,0.15346247196552315,0.1511219075821455,0.13207731498820766
1998-12-17,0.2028339825026283,train,0.14439416565204793,0.15151499704134663,0.15085320058224103,0.1321787825066953
1998-12-18,0.204237017763667,train,0.14497401144152186,0.15965011243140356,0.15765043658187608,0.1348767856551133
1998-12-21,0.219939213729336,train,0.14542443510321343,0.15567657836561152,0.15524007766650458,0.13600371588896087
1998-12-22,0.2195317974934085,train,0.15051747738058519,0.17555618710276935,0.16958652088020734,0.14430491366028925
1998-12-23,0.2099122008940246,train,0.14816109302557467,0.1549732588642657,0.1582341957802184,0.14257494981391303
1998-12-24,0.2188939177232522,train,0.15149891178687336,0.18490944464002848,0.17698074383872728,0.14877968190051905
1998-12-28,0.2226274211958158,train,0.1511091269524172,0.15845419804493024,0.15795083035165725,0.1456509003458726
1998-12-29,0.2235008768101771,train,0.150136683633553,0.15398928492087594,0.1521699871790852,0.14332283000410703
1998-12-30,0.2232982367716921,train,0.15198440576184366,0.15515007065151123,0.15639981006414014,0.1468391572012557
1998-12-31,0.2242758333527977,train,0.15266067507622008,0.1631113344263403,0.16045628132732342,0.1507170164977928
1999-01-04,0.2251983235169573,train,0.15036313803412674,0.15177363685469303,0.15218266552644932,0.14664638117874956
1999-01-05,0.2244414502994809,train,0.15072366656712444,0.1601113641795252,0.15746638461140275,0.15047194443208742
1999-01-06,0.2146776177902298,train,0.15026731077523417,0.15727543743548728,0.15644538658289617,0.15009912027612093
1999-01-07,0.2178401669458373,train,0.1504132129837678,0.16265496581505914,0.16015550643035817,0.15069333654626976
1999-01-08,0.2163833118136728,train,0.15088488401724875,0.159585216424797,0.15852941877724094,0.15082896056614253
1999-01-11,0.228286973867108,train,0.1579859161072922,0.15072722774232894,0.16076534121536099,0.14871288875834465
1999-01-12,0.2201401205921293,train,0.1530585352529346,0.15198325833364315,0.16087544715130347,0.14187057929611657
1999-01-13,0.2331196344569911,train,0.1433729631474153,0.15587081050468063,0.1587455205905402,0.13529782763618148
1999-01-14,0.2286052014820061,train,0.13667374710937855,0.1545586506385015,0.16035354670664023,0.12644874820015795
1999-01-15,0.2107189628182169,train,0.13199074262636804,0.1445149457203408,0.14829908609063017,0.1155182119252245
1999-01-19,0.209478501777422,train,0.13653371375305698,0.15896533887738004,0.15437930224016994,0.11920852479151221
1999-01-20,0.2094332018151059,train,0.13642367780010078,0.15602281037731666,0.15314617634091893,0.11989250189256014
1999-01-21,0.1870980479170347,train,0.13561928051334676,0.15363094409440878,0.1651224740828311,0.1261166319183526
1999-01-22,0.2089551314148034,train,0.13481658648427022,0.15036746191422448,0.14922398678977714,0.11522986869594624
1999-01-25,0.2058342266674819,train,0.1415056628253078,0.15834452523422077,0.15621559436500085,0.12218390268891004
1999-01-26,0.2056095470276041,train,0.13662210637395011,0.1567299577258139,0.15545536277289654,0.12100326153153262
1999-01-27,0.2041776146327845,train,0.13486416425210165,0.15830441862710357,0.1579056156138665,0.1219930192406649
1999-01-28,0.1959468744831849,train,0.1419940705009749,0.17013651538099908,0.16560089391610577,0.12866021873210817
1999-01-29,0.1943221167409345,train,0.1394640127883407,0.16552792630075117,0.16423619158430453,0.12994023670567773
1999-02-01,0.195739411149753,train,0.14274447273571716,0.17506098535530595,0.17134763375333045,0.13680579688742464
1999-02-02,0.1954264092745929,train,0.1440167743070387,0.16914077772635092,0.1654145092476171,0.13583190823825814
1999-02-03,0.1972230767636869,train,0.14908472604550152,0.17927720993705162,0.1744546598329136,0.14711873574160486
1999-02-04,0.2025680796202938,train,0.1454478202522207,0.16397838691152722,0.1656645783257404,0.14199208873619065
1999-02-05,0.1997224755962765,train,0.14689355041961574,0.16683434265602384,0.16503409520433146,0.14444840576425708
1999-02-08,0.1997820175172267,train,0.1492851754611741,0.17774021491938885,0.17306109923064808,0.1511782819551095
1999-02-09,0.1855409376610619,train,0.1497520094239003,0.1605308915002992,0.17145679761839747,0.1474490625371827
1999-02-10,0.1882846479514614,train,0.14782001449640977,0.1695914463873081,0.16650558852118078,0.143071456597901
1999-02-11,0.1735049506660948,train,0.1423071841545529,0.1569875160398169,0.16373719714886142,0.13553983560789004
1999-02-12,0.1754843018274068,train,0.13794180159503655,0.15203476202401958,0.15915549686963268,0.12754300809301508
1999-02-16,0.1746761887175989,train,0.1389196769434822,0.15865484376774178,0.15623286804821543,0.1256148283657688
1999-02-17,0.1753084960299684,train,0.1411591268275436,0.15929589546725761,0.1571604305484047,0.12847219570091736
1999-02-18,0.1821074694285074,train,0.14713094328110662,0.17113377551876616,0.1674094968436837,0.13811522380990754
1999-02-19,0.1914032240953985,train,0.1536234656512752,0.1951539432012919,0.18741197372012341,0.15488515151626542
1999-02-22,0.1672099479332147,train,0.14739128803027313,0.16172110794970473,0.1703003057244043,0.14750378339891337
1999-02-23,0.1968817085247988,train,0.14802429758090538,0.1857984060969702,0.17998389934628858,0.14846455471077966
1999-02-24,0.1875491370438877,train,0.14670158989952792,0.15433684840365863,0.16483470800017638,0.1387048649571104
1999-02-25,0.1979617208226769,train,0.1402190471137136,0.15431773796482573,0.15532046818348014,0.12900717322730545
1999-02-26,0.1991195668407475,train,0.14308668924241985,0.16561210611299637,0.1612270837695015,0.13308612587538945
1999-03-01,0.2111361122251113,train,0.15003356871679818,0.17549440736202077,0.1700504939040508,0.14498040599174997
1999-03-02,0.2096093015504928,train,0.14638281008446405,0.15932806253719167,0.15897197953176562,0.14153917613453054
1999-03-03,0.2165091757404996,train,0.15520122504931233,0.1816627262362342,0.17714593348495983,0.1606529928969101
1999-03-04,0.2135321098597087,train,0.15089977508355457,0.17341117259535935,0.17002737439927215,0.16143031421848972
1999-03-05,0.2179351433994066,train,0.15276941684826767,0.16571421753276527,0.1697158417212533,0.16056640522512383
1999-03-08,0.2168832224420392,train,0.1499085327851803,0.17501280609938102,0.1708164984614721,0.1552372263461644
1999-03-09,0.2185679236065159,train,0.15071956716128473,0.1675648180297336,0.16637283419358626,0.1560283837185484
1999-03-10,0.2209224288053094,train,0.15082188905889396,0.17665230473022792,0.17155020241204302,0.15856931653402043
1999-03-11,0.2174035361670865,train,0.15182857169574498,0.16740434095213932,0.16563087787299322,0.16018407271641044
1999-03-12,0.2179804526661271,train,0.15139017969672838,0.1697439226574502,0.16648257320370755,0.16028152745594582
1999-03-15,0.2133420030394769,train,0.15136274080992285,0.16514253067138793,0.16194678117347558,0.16204000647593245
1999-03-16,0.2212845601676894,train,0.15154568463457085,0.17021735243969438,0.16657786595804963,0.16509813773629095
1999-03-17,0.221158059940309,train,0.15235468824273493,0.16501457738589548,0.16273081230058373,0.16418730972469717
1999-03-18,0.2159075046837315,train,0.1529205500025049,0.1601808977821282,0.1585417958865138,0.16244926009887845
1999-03-19,0.2143934714830876,train,0.15807101471582696,0.1544025097761552,0.16039610306173782,0.15565097601545022
1999-03-22,0.218809063945216,train,0.15109518947206818,0.1632327032469904,0.1603274149878586,0.15212474607331036
1999-03-23,0.2170000116643571,train,0.1798031849549943,0.1827811552488222,0.20661395579593747,0.17951081068666175
1999-03-24,0.2186521545864461,train,0.14655483731580515,0.1471825189154303,0.1463987182470186,0.13291321475024942
1999-03-25,0.206715997698637,train,0.1447140425956559,0.14623427762159646,0.14718833393065942,0.13085917878623746
1999-03-26,0.2061090875267069,train,0.14578839668166219,0.1530927625212624,0.1510991338416047,0.13334382261226446
1999-03-29,0.1942765885412089,train,0.14499605659714743,0.14687341113440797,0.14690829668099534,0.1312359690723113
1999-03-30,0.1994487304411718,train,0.14744215695599105,0.15836738881346954,0.1555593592970667,0.13747551532264193
1999-03-31,0.1929207182526999,train,0.14856834353003676,0.14764760937295476,0.15074516817079528,0.1349559312735487
1999-04-01,0.1932564863710844,train,0.14935682864153824,0.1611525059383603,0.15826252421430076,0.14048802768324292
1999-04-05,0.1859788499201258,train,0.14767071061961867,0.14848629911734668,0.1476943032327812,0.1353422477331742
1999-04-06,0.1926759377050386,train,0.14979909978508937,0.15977175184811926,0.15740479723443257,0.14223269398424448
1999-04-07,0.192625101349587,train,0.15000634420351538,0.1558299360438046,0.1540854820184604,0.1430332972040496
1999-04-08,0.1886379782584392,train,0.14985202514991305,0.15293963413531914,0.15123311511869794,0.14323581020451967
1999-04-09,0.1905313662997663,train,0.15100103397227968,0.161702288422047,0.15961322595472546,0.1482222192914521
1999-04-12,0.187615611958156,train,0.15149392475847326,0.15557914514275242,0.1542460719513215,0.1510630478029359
1999-04-13,0.1896164215026818,train,0.15233836607353182,0.15795721234629692,0.15714748652237615,0.1537970572871535
1999-04-14,0.1818935542374515,train,0.1588575546587178,0.152435876787408,0.16083225277358645,0.15057345125656862
1999-04-15,0.1820532811742166,train,0.14867106284144158,0.14908025629107585,0.14772162881785358,0.13945577242020454
1999-04-16,0.2023177065523062,train,0.1509059303579934,0.15518861448736912,0.15313978761709393,0.14534780658602886
1999-04-19,0.1949270949960493,train,0.16968792861959817,0.17869208961261696,0.19672638946071275,0.16863693054774725
1999-04-20,0.1899494921887107,train,0.14625447142451656,0.15146601986170047,0.14987692190980176,0.1324958931186278
1999-04-21,0.1634541199289286,train,0.14394782845173273,0.14684108498007406,0.15111602697302973,0.13185202912686
1999-04-22,0.161401917004414,train,0.14597924348535357,0.16785091176377387,0.16322528283830862,0.13920439825883607
1999-04-23,0.1623778796330927,train,0.1472657374081566,0.16519353725521313,0.1611723159969922,0.1392629828264569
1999-04-26,0.1717535608045536,train,0.1486104259669651,0.1613034494085926,0.15832811946287442,0.1402612662139628
1999-04-27,0.180481169962793,train,0.1502772256733063,0.16148512004822965,0.1593286139981551,0.14458940812583895
1999-04-28,0.1781466337537171,train,0.14944337141854752,0.15167737670767303,0.1501353284792082,0.14117738955895276
1999-04-29,0.1834147362796892,train,0.14984532086152288,0.15271718791643665,0.1509849291018166,0.14421599630172757
1999-04-30,0.1866146797207505,train,0.14970010320868965,0.1493077744543653,0.14981527933549554,0.1419994577667969
1999-05-03,0.1756077567861476,train,0.14842731932074207,0.15184346095050896,0.15050900758911318,0.14140634091032755
1999-05-04,0.1680582728483852,train,0.15044278662217828,0.1485174217987281,0.15192011178384723,0.13979566486413786
1999-05-05,0.1668487903417213,train,0.1473647589121992,0.15062147954948424,0.14917585575837516,0.13754513858984907
1999-05-06,0.1798615323989788,train,0.14795498645733388,0.14760425113617887,0.15072520502888456,0.13726267732995548
1999-05-07,0.178087751579631,train,0.14779998956856852,0.15573347464947765,0.15315805429784474,0.13847537940682814
1999-05-10,0.1806381437986069,train,0.1489570191581456,0.15655391200512297,0.15407334488182917,0.14210461414928097
1999-05-11,0.1770987029467887,train,0.15043183000767027,0.16190550317957342,0.15872754735917752,0.14849036041957148
1999-05-12,0.177987671621106,train,0.14865262126239162,0.15611163112673798,0.156600316504588,0.14680352482591466
1999-05-13,0.1798054347101411,train,0.15241511290924323,0.18715372722122325,0.18070602960837193,0.15948338363659167
1999-05-14,0.1537486527014313,train,0.16070307411809273,0.15563152589155796,0.1682046892104366,0.15494721783219592
1999-05-17,0.1552103323839575,train,0.14793691070022238,0.1551105938786554,0.1535198143559522,0.14161934951018712
1999-05-18,0.169003812354345,train,0.1474036672692855,0.15618216396914342,0.15454585511223157,0.1415936121700156
1999-05-19,0.1703092449965293,train,0.14843209295339868,0.16071337724718768,0.15849692143554292,0.14318435994350873
1999-05-20,0.1690043416702213,train,0.15243104409351982,0.14960827323175802,0.1561982717220365,0.14345312108919184
1999-05-21,0.1680296656358268,train,0.15167464167536288,0.17524042518123725,0.17066710155035916,0.1485914676564299
1999-05-24,0.1590658488906993,train,0.15464070772702432,0.15043173319666275,0.1604282889280664,0.1434284711039126
1999-05-25,0.1491425526323095,train,0.14417421089483398,0.1504287011897485,0.1556676350638396,0.13287742576289852
1999-05-26,0.1463340166863138,train,0.1408288645260489,0.14666507883605442,0.14700116816392444,0.1257088869677745
1999-05-27,0.1372962500677922,train,0.1387275338985274,0.14735684338512336,0.14850345763923994,0.12438376071307725
1999-05-28,0.1366861616557291,train,0.1399810469810211,0.1535169434116615,0.15179203750976925,0.12643026921985903
1999-06-01,0.1400982192000296,train,0.14273804793686656,0.15933125963985836,0.15572116111193,0.13079422346043298
1999-06-02,0.1538725635308172,train,0.1464230400268123,0.1641397439251943,0.1597174247359898,0.13652930106033828
1999-06-03,0.1549240921854824,train,0.1498866992778749,0.17304121518457347,0.16781835769780348,0.14557025079375427
1999-06-04,0.1423002576547379,train,0.14855217367990325,0.15368312561520084,0.15555825612724622,0.14314118335652698
1999-06-07,0.1420082098211649,train,0.15006380402933342,0.17246929679949488,0.16772221680693783,0.14867614859246708
1999-06-08,0.1376972201034747,train,0.15002680757017678,0.15809152883960884,0.15688985848706008,0.1458869334344106
1999-06-09,0.1376843530084684,train,0.15049601905914087,0.16571075672067404,0.1626522378979348,0.15052226477792036
1999-06-10,0.135333191760077,train,0.1520148175383403,0.15298520274384178,0.15420609095060625,0.1462449359312206
1999-06-11,0.1329612388517156,train,0.14941136940618813,0.15290618961832278,0.1520020482509558,0.14444908662302777
1999-06-14,0.133523706273815,train,0.151901262283313,0.16604067697283495,0.1625851998388484,0.15338779653835616
1999-06-15,0.1328713077178065,train,0.15190271563287897,0.1665055792865069,0.16265370535314383,0.16045167928395324
1999-06-16,0.1168095809091756,train,0.15664192708184607,0.15584475505770148,0.16064644341251363,0.1576687424544903
1999-06-17,0.1136508347938808,train,0.15115723583580817,0.15576280497842934,0.15528315545938584,0.14940033942564065
1999-06-18,0.1159913201665089,train,0.15134392854861087,0.16681483666584132,0.16400225253117084,0.1521269325275093
1999-06-21,0.1371209516040884,train,0.15179889677682395,0.16157659379915415,0.1601811203728951,0.15238922080954553
1999-06-22,0.1349186323300543,train,0.1525170853412676,0.16132805452709198,0.16116516924133462,0.1521107556898013
1999-06-23,0.1417961398784909,train,0.15197273177375004,0.16412727310379432,0.16315574977896,0.1562253482989622
1999-06-24,0.1394165042167508,train,0.15482226027294024,0.15297133682825503,0.15471225788099924,0.15135605241558991
1999-06-25,0.1415898174900727,train,0.15181627205047388,0.16038505016074336,0.1591477420352758,0.15227066869620642
1999-06-28,0.1380567988158863,train,0.15138222260828219,0.15661402922031115,0.15473202365315222,0.15145215754372895
1999-06-29,0.1345079317903231,train,0.15128916916440896,0.15577511903324814,0.15320934984669726,0.1527112035071605
1999-06-30,0.1285702226360978,train,0.15999254239688138,0.15271431554049508,0.15885256976824907,0.15920445301177472
1999-07-01,0.1332629257728682,train,0.15319219113711993,0.15163997715225946,0.15270358177215645,0.14852149306924675
1999-07-02,0.12880508764549,train,0.1515264632670681,0.1532314953840516,0.15370540762567209,0.14451880502474598
1999-07-06,0.1298826090819483,train,0.15688576473043106,0.15012807001908723,0.1538114938806736,0.15418379259897616
1999-07-07,0.1387058200203907,train,0.15152821396842436,0.1544504481154047,0.1553497686721269,0.1457769357016772
1999-07-08,0.1423502284202081,train,0.15095552774142718,0.15587467792859866,0.1562021976792552,0.14853153782204417
1999-07-09,0.1460760414786524,train,0.1493741927350705,0.15849880728684812,0.15973657068773722,0.14788135684804382
1999-07-12,0.145418290990949,train,0.14917240413026964,0.15464538810464729,0.1547833666331347,0.1471371829519931
1999-07-13,0.1501357479157729,train,0.14856464646286197,0.15750088515623586,0.1569970592526268,0.14863165877328802
1999-07-14,0.1548665960651892,train,0.14867022755474288,0.16049299664282943,0.1598864493213996,0.15099974854612216
1999-07-15,0.1532404993017682,train,0.14781498796803705,0.16291556757249737,0.16513786712986434,0.15058054197758267
1999-07-16,0.1724105819061842,train,0.14735908067939485,0.16040948456445184,0.16343782470506726,0.14761761429499395
1999-07-19,0.1715239938013217,train,0.15007273161066204,0.15324750245448904,0.15741578172597315,0.1461173505054802
1999-07-20,0.1566526858021743,train,0.1772185423166053,0.1649749676890496,0.18407420870424898,0.17219846409103567
1999-07-21,0.1586852974844798,train,0.14977659679241964,0.1438231830304166,0.1422333233636574,0.1399811868861109
1999-07-22,0.1543481129913999,train,0.15887228587969884,0.1518772388779589,0.15581894354117634,0.15029471378383982
1999-07-23,0.1582927462733226,train,0.1524347516183645,0.14401106246549572,0.14316111073681753,0.1425683576978211
1999-07-26,0.1699879283054569,train,0.15320126982664953,0.14465751301672772,0.14470047451806134,0.14261074454277028
1999-07-27,0.1679094052278446,train,0.1506057825091916,0.1447804354976786,0.14353852404785464,0.13836979866304314
1999-07-28,0.1713999685635098,train,0.15214294759983246,0.15007301794577105,0.14933900629111282,0.14242993979435226
1999-07-29,0.1694288359577575,train,0.15250668923401192,0.14526918228662405,0.14643981088286603,0.14008812790522226
1999-07-30,0.1692358066815631,train,0.15207566258006128,0.1443843266486473,0.1448714128850583,0.14000634514162558
1999-08-02,0.1815735543401124,train,0.15000639075196073,0.14487359050394538,0.1439080660813593,0.13742421588501028
1999-08-03,0.1812997793134172,train,0.1499150675620922,0.14502212058395772,0.1444966945875094,0.1375199566822367
1999-08-04,0.1798933814983418,train,0.15318167167352312,0.1491805144299432,0.15406090731245894,0.14164890330013633
1999-08-05,0.1819509319764717,train,0.14548477615249328,0.1441393689825877,0.14451189521899527,0.1311019396637064
1999-08-06,0.2050330285546569,train,0.14568137643755374,0.14682557144264666,0.14619075667290649,0.1318266901677763
1999-08-09,0.205306489913084,train,0.1467252013077676,0.15017185955496412,0.1487547109584249,0.13418496766138147
1999-08-10,0.2022180053482131,train,0.14505109557309898,0.14638923885452482,0.15006779812502521,0.13203406159274533
1999-08-11,0.1976314452404005,train,0.14238101957070126,0.14830367252611548,0.1478266408926452,0.1283131891230079
1999-08-12,0.199811082630854,train,0.14574239886225682,0.16012183517326659,0.15640916821327303,0.13480423553192666
1999-08-13,0.1841096652393317,train,0.14516343848282112,0.14740500488726233,0.1503626147558887,0.13178192901657332
1999-08-16,0.184930832035967,train,0.14596097494401636,0.1586736149116991,0.15578839227557975,0.13525584823136716
1999-08-17,0.1920426282826008,train,0.1488048337746309,0.16156277883982706,0.15971934791225706,0.1418181807511346
1999-08-18,0.1908269390944758,train,0.14969202158029418,0.15765413868778796,0.1565616427489338,0.1408241219675844
1999-08-19,0.1937804599283417,train,0.14894778071489143,0.14924849553477929,0.14869391551681566,0.13685939284009666
1999-08-20,0.1905106399685555,train,0.15181352797338282,0.15651691742576979,0.1549968257800586,0.14233596941470625
1999-08-23,0.1935800218182396,train,0.14981670701667502,0.1497543094959573,0.14871805673118782,0.1403772348265901
1999-08-24,0.1931863768876991,train,0.15127890334108154,0.15152570346989674,0.15152775907288007,0.14557872597325977
1999-08-25,0.2039967625189463,train,0.1507716273134303,0.14914017415546707,0.14930184055123072,0.1416617547261269
1999-08-26,0.1994986300438334,train,0.15199803764096229,0.15055053844205857,0.15135950937632908,0.14123277672220064
1999-08-27,0.1961480390989742,train,0.15230822707843286,0.1478311674924827,0.14916197174418835,0.14030053204423168
1999-08-30,0.1847265190598015,train,0.16157296371814697,0.15586346630024764,0.16341420380968197,0.15259623183883617
1999-08-31,0.1891014717505239,train,0.14682053554791788,0.14502783605115482,0.14481791225628904,0.13351043695840334
1999-09-01,0.1917589310485902,train,0.1477978404528072,0.1483176662571538,0.14701696810688036,0.13487856599381134
1999-09-02,0.1872302706762041,train,0.14697987747179722,0.14600679760734558,0.14685819163634548,0.13357555029282187
1999-09-03,0.1688526551991519,train,0.14669355286113925,0.1480457151629177,0.15004466984285383,0.13517287429642164
1999-09-07,0.1683797271568582,train,0.14739346572451978,0.1547203812768353,0.1534105671712039,0.1384506258042861
1999-09-08,0.1759642699128022,train,0.14710934726942065,0.1504988077778926,0.1490218020695922,0.1357464392509885
1999-09-09,0.1771042307633329,train,0.14856171582308883,0.15341322216234585,0.15146601114622182,0.13788092915679862
1999-09-10,0.1826196355763074,train,0.15004403936967062,0.15454945943063456,0.15277585571742314,0.13999910583220804
1999-09-13,0.1811068906602609,train,0.1543874196566987,0.16253100786243085,0.1621750580965185,0.14713423703833997
1999-09-14,0.187867617478472,train,0.1512822458440758,0.1544280154263824,0.15277014578740697,0.14329560827366575
1999-09-15,0.2018517279037279,train,0.15521363494819623,0.1479340385578973,0.1523945639344158,0.14316515583753114
1999-09-16,0.2013782489439492,train,0.14857372690719503,0.14571038668098374,0.1456292766018532,0.13765972360381398
1999-09-17,0.2168927310081719,train,0.14878185255455642,0.1496554806828318,0.1481246065639643,0.1381122699461124
1999-09-20,0.2183492329897809,train,0.15226205748029215,0.16207625168266088,0.1601349258323019,0.14709699703513474
1999-09-21,0.2077043071601985,train,0.16039763850798744,0.15112919081591786,0.1609211513989532,0.14788497214940793
1999-09-22,0.2105550322762708,train,0.14771562256083118,0.14688283951364312,0.14590827560481262,0.13508734985650325
1999-09-23,0.1978728283975893,train,0.1648617319459047,0.17269898995026067,0.18644441517324317,0.16080705482457988
1999-09-24,0.2000992272336064,train,0.14565342198145692,0.14611553541991543,0.1465145005203245,0.1297465732312931
1999-09-27,0.1995390956691404,train,0.14545557411480772,0.15067831106720814,0.14916805629302368,0.13149043148828918
1999-09-28,0.2043997403589598,train,0.14348940245773756,0.1473335311096766,0.1466500937063085,0.12882651041163734
1999-09-29,0.2097975106621764,train,0.1442572673359211,0.1490222692327266,0.14864216898063007,0.13066945887413406
1999-09-30,0.2351329354639504,train,0.14567419094641235,0.1519675192509789,0.15010683448117926,0.1325361048622643
1999-10-01,0.2434907247115625,train,0.14757983077901912,0.16222966534760463,0.15875830681252562,0.13919748194948625
1999-10-04,0.2382984930234963,train,0.14742527739760286,0.1566214312387952,0.1543048977845417,0.13886853488177853
1999-10-05,0.2396301209736432,train,0.14858801937380883,0.15272960322988124,0.154207796406527,0.14073469460856963
1999-10-06,0.234693504690031,train,0.14882958455520667,0.1535923572493643,0.15460904018247365,0.14119027169294213
1999-10-07,0.2353719421031752,train,0.14922704914870724,0.15921099134822864,0.1578530457965099,0.14097692278026044
1999-10-08,0.231848873709398,train,0.15006963980615382,0.14903503152769393,0.15119477701394785,0.14028303776183587
1999-10-11,0.2317984275744426,train,0.15244314646803442,0.1712317869238983,0.16928504168904607,0.14814195472482292
1999-10-12,0.2276110616637724,train,0.15611146204424475,0.14786868462899957,0.15355173563419144,0.14319139884171114
1999-10-13,0.2093576416697783,train,0.17164742898859636,0.1782181199137903,0.19257037501953495,0.16980199002183452
1999-10-14,0.2103166113320637,train,0.14678349072200741,0.14604762410975403,0.14694591443954746,0.1331845314280726
1999-10-15,0.1917662938081291,train,0.15116312150136982,0.17727416854083541,0.18297986971894978,0.1524677444793436
1999-10-18,0.190223281644691,train,0.14336866794323924,0.14853056065934475,0.15229381342855852,0.12983132920195148
1999-10-19,0.1894407572858993,train,0.1367778152700735,0.15290312567258027,0.15194662473082174,0.12231919534240487
1999-10-20,0.186388614827649,train,0.1390437318189443,0.15612786197927025,0.15314089878469855,0.12435364954665075
1999-10-21,0.1871271382156937,train,0.1413632494681158,0.1585054852269571,0.1545586875448601,0.1270346368333131
1999-10-22,0.1847396613847154,train,0.14644301289897468,0.1725637384641698,0.1665712076390725,0.13875532495013876
1999-10-25,0.1838663996116133,train,0.14555815690177765,0.16224451229126113,0.1584040095913284,0.1358808255255126
1999-10-26,0.1810370623840574,train,0.14604486962769447,0.15219614448335012,0.15115529939493327,0.13430017073857964
1999-10-27,0.1707930458049036,train,0.14801971717946258,0.1555168064574065,0.15309397509517061,0.13817077719383672
1999-10-28,0.1236832484174797,train,0.14975958112825005,0.14889463301954337,0.15778669456459699,0.14074356431417875
1999-10-29,0.1065746192910243,train,0.14706978766633413,0.15187736274259325,0.15564814729834386,0.14098958642072126
1999-11-01,0.1071953264289156,train,0.14471392625877202,0.1536855189762876,0.15195851167263297,0.1325119920347607
1999-11-02,0.1072699649356334,train,0.14613190268858212,0.1496693698431082,0.1523063579366691,0.13413160270623378
1999-11-03,0.1067330784696758,train,0.14650769280232037,0.15571948056251395,0.15328470558670582,0.1357318356381316
1999-11-04,0.1218191340363404,train,0.15216282863635702,0.16141051356222752,0.15983926595892609,0.14322737936956004
1999-11-05,0.119682716969236,train,0.1505964252498257,0.1588668921356873,0.15679792064716827,0.14475113866736042
1999-11-08,0.1230712729658217,train,0.15352218030086373,0.17009260528820508,0.16743479296205027,0.15398556743331643
1999-11-09,0.1205921986010994,train,0.15107205685885747,0.1570182122757279,0.15520410388821174,0.150377418712234
1999-11-10,0.1189589044583932,train,0.15140439701343464,0.16372972812394826,0.16040385837427437,0.15662755001408896
1999-11-11,0.1178391177616879,train,0.15190729959362978,0.1742822224863325,0.1711626637282317,0.16459756453813043
1999-11-12,0.1136136372076801,train,0.15439455097410787,0.16291118250595352,0.16226198230218578,0.16937536279729556
1999-11-15,0.1184465896631494,train,0.15189619842490634,0.1725010354421456,0.1711421544019527,0.1646342426857579
1999-11-16,0.1161734495028916,train,0.1564745502964697,0.15874331266388475,0.16047086916325948,0.16651288527449318
1999-11-17,0.1170124362614611,train,0.15304950142359422,0.16731458474271207,0.16728942377350697,0.16661965649478938
1999-11-18,0.1162061221799332,train,0.1512997243453698,0.1644043958649975,0.16318523593860668,0.16143643782056938
1999-11-19,0.118980989873712,train,0.1509635891451989,0.1680684340233875,0.16877905296174484,0.162867491051313
1999-11-22,0.13050553857429,train,0.15052925900246744,0.16544937193563794,0.1647162976550733,0.16177981518617732
1999-11-23,0.127037116457453,train,0.1533343942986857,0.15790720026897617,0.15750883300963348,0.1594361294198248
1999-11-24,0.1372550914230772,train,0.15050056916607113,0.16146307765446027,0.1587989958690162,0.15900455966190935
1999-11-26,0.1362597390047789,train,0.15536731527254344,0.15621662270937517,0.1597019086586196,0.15608247175179224
1999-11-29,0.1358338676448331,train,0.1506983549429828,0.15469615039766624,0.15287706732294304,0.15311251320725505
1999-11-30,0.1309410719805405,train,0.15470847839872978,0.15148241174948612,0.1524164707933855,0.15214344613377923
1999-12-01,0.12844806447537,train,0.15023133304244868,0.1523315912539072,0.15027881797792372,0.14828691471846803
1999-12-02,0.1300059973489922,train,0.15011724290462172,0.1585470355570364,0.15800962217958595,0.15150145041859236
1999-12-03,0.1810551749686951,train,0.15798473096094243,0.14999367604395064,0.15433739565704777,0.15629815016967108
1999-12-06,0.1792438817901393,train,0.1538193553837969,0.14696408130173869,0.14903128167866886,0.14603328785942618
1999-12-07,0.1860185986826447,train,0.1513128053332767,0.14594048258321923,0.14623435427848314,0.14483612987236583
1999-12-08,0.2724681054081061,train,0.15053920835228185,0.146934215787983,0.14650518818916106,0.1438683721611325
1999-12-09,0.2721901565207422,train,0.1499928471466657,0.14499864386188524,0.14403569052024726,0.14146365136579447
1999-12-10,0.2760262688405069,train,0.15036029940828002,0.1520999246072959,0.1522782915031764,0.1454698928376699
1999-12-13,0.2776778854082266,train,0.15075412346232786,0.1574919800195948,0.15821842568310304,0.1497923783116083
1999-12-14,0.2796324063934941,train,0.15061647193921887,0.15053991622834748,0.1490617900307503,0.1476754086804204
1999-12-15,0.283098387495639,train,0.1496513594969784,0.1525465837330934,0.14960595556161452,0.14884593295087403
1999-12-16,0.2840310805251118,train,0.1496401095283359,0.15716196756588566,0.15553567358587544,0.1514910813195115
1999-12-17,0.2833203698382157,train,0.14936841581420032,0.16003305913344945,0.15938698730503262,0.1530902857367367
1999-12-20,0.2845112740775767,train,0.15621000584437333,0.15114375754910106,0.15459900640221172,0.152732267830946
1999-12-21,0.2795172269976487,train,0.15081669590203883,0.14900049491132572,0.147055065904485,0.14778654149963033
1999-12-22,0.2974224834957099,train,0.14988516889096726,0.15523625428273138,0.15405402547337332,0.14944719728518874
1999-12-23,0.2948202482442354,train,0.15145474762733233,0.15001063794604058,0.14932418266445469,0.1492940822247112
1999-12-27,0.2961290887264579,train,0.1518401231475212,0.14815761413863787,0.14807997086573416,0.14676892290622368
1999-12-28,0.296461149756781,train,0.14957773853691275,0.15128810969828083,0.14966836204618406,0.1467518360839014
1999-12-29,0.3167234799952363,train,0.15025684039063897,0.15463113307546092,0.15269989273070445,0.150374632520733
1999-12-30,0.3311122240033836,train,0.15138853016056816,0.15067756231639234,0.14965293540764155,0.15002281414293692
2000-01-03,0.3314862320674616,train,0.15176004959060121,0.14993522515580152,0.1479580942834401,0.1511906373267815
2000-01-04,0.2997358281310956,train,0.21325874152648144,0.23838699329788804,0.2710204219556995,0.2476803264438228
2000-01-05,0.3043318745987995,train,0.1487858814525867,0.15193171939708988,0.15388419994584157,0.14255527412464583
2000-01-06,0.2992121810790275,train,0.1493600878896812,0.15285390450879313,0.15711149301444965,0.14437254303635197
2000-01-07,0.2222667569320784,train,0.1787372019462314,0.30879965355010086,0.3074592987066953,0.2323794336992321
2000-01-10,0.2270612158544661,train,0.14861269406853214,0.198678285310957,0.19360268917064102,0.15803615528511308
2000-01-11,0.2345086004574191,train,0.14661998374182736,0.1857778467906668,0.184771256394705,0.15124443670061583
2000-01-12,0.2325738731294598,train,0.1471737570094742,0.18566177020232605,0.18196172510578182,0.15072286224205328
2000-01-13,0.2389877375687027,train,0.14598184242804468,0.179362080041128,0.1758852559723398,0.14706364969390662
2000-01-14,0.2350603478399693,train,0.16047154686560863,0.19143193251638832,0.18715882120731409,0.16520687027445058
2000-01-18,0.2368405073247218,train,0.14774572114763365,0.16245926508770234,0.15871459848638733,0.14024884038484894
2000-01-19,0.2424806694894081,train,0.1551074861226642,0.16766722750173052,0.16508740216721832,0.14656286746686373
2000-01-20,0.2404088169551859,train,0.14649758732618862,0.1489995260169783,0.14737289070846707,0.13588454628330596
2000-01-21,0.2523334020032363,train,0.1500824645992854,0.1628005820372233,0.1587878517875757,0.14469303676317072
2000-01-24,0.2309501561349555,train,0.175264306839085,0.19111733681586918,0.21245388772099194,0.18087849063740036
2000-01-25,0.2312308311407553,train,0.144781902386429,0.14885800166496013,0.14819635165095496,0.12999120441402542
2000-01-26,0.2405911161816836,train,0.14678767080991276,0.1578042498989615,0.15470891353345056,0.13595508046026258
2000-01-27,0.2405158828974004,train,0.14134770406074987,0.14487243473073919,0.14672326538264482,0.1279472436573926
2000-01-28,0.225000558725067,train,0.16219903065405888,0.1995064204568564,0.21560913459867573,0.16989213003586637
2000-01-31,0.2060254849928198,train,0.13653762277914963,0.15688842661919075,0.16110683640378706,0.124854757435648
2000-02-01,0.2049531802656446,train,0.13413459657568563,0.16123214207159078,0.15827943081014015,0.11930120112244026
2000-02-02,0.2049430616323465,train,0.13812393679233334,0.17695572934240494,0.16739426766812512,0.12936734890742607
2000-02-03,0.208616961239461,train,0.1345064935374749,0.15356688647119607,0.1525870094494719,0.12165886687965936
2000-02-04,0.2107213661649058,train,0.14411107529584297,0.1810414559080083,0.17079246711734938,0.13734410212463652
2000-02-07,0.2222688461854418,train,0.152148439137067,0.19158889968869883,0.1820518939048833,0.15052024345141096
2000-02-08,0.2170742227666842,train,0.15098690836971024,0.17513418972147013,0.16964675780561098,0.1489491756467168
2000-02-09,0.2278088631325552,train,0.1541824786831652,0.14804191889699386,0.15585883492970215,0.14353827814201733
2000-02-10,0.2283606417765642,train,0.15041821836030125,0.15919347550233665,0.15630103251664793,0.1424953684714175
2000-02-11,0.2202066821209491,train,0.15353651517738218,0.14957420644673677,0.1583210638736449,0.14275122513673222
2000-02-14,0.2250337641482921,train,0.14760375661951347,0.15404863886957434,0.151599043617041,0.1366887114689391
2000-02-15,0.2360414487449867,train,0.14519663079600365,0.14734605700727554,0.14708002204524737,0.13410556364328963
2000-02-16,0.2813606368382663,train,0.14606144826847434,0.15142040508979276,0.14991435091192784,0.1355907193683414
2000-02-17,0.2817274105241163,train,0.14781777180178488,0.156977429380389,0.1539752030522869,0.13938352034424692
2000-02-18,0.2710165630354164,train,0.1571821951109837,0.1574830428989003,0.1699715067197921,0.1489639218548116
2000-02-22,0.2769483565928736,train,0.14251996557753038,0.1458291139665807,0.145692537266216,0.12789015314401958
2000-02-23,0.2746384142877951,train,0.141959767945979,0.14844323267231335,0.14767975328348315,0.12845916823118841
2000-02-24,0.2709230840349004,train,0.14080963628759263,0.14630785378211508,0.15137551102957383,0.1278201382653672
2000-02-25,0.2717370443118524,train,0.13953333066717974,0.14891481177541313,0.1486146372142614,0.1256487879108416
2000-02-28,0.264264684715218,train,0.13836148845936355,0.14704156094388604,0.14734171460133672,0.12338388858043363
2000-02-29,0.262861328895636,train,0.14495160418925143,0.17543489379359387,0.16745469697137697,0.136848918582804
2000-03-01,0.2616243971108234,train,0.14589974212006782,0.1672050138936564,0.16240977323932781,0.13907977347635658
2000-03-02,0.2683881535583932,train,0.14918360266552852,0.1706511900529742,0.16574133085419823,0.14540167267184093
2000-03-03,0.2632511440100061,train,0.15140343497109524,0.1546265172084286,0.15573063691663613,0.14885789490792548
2000-03-06,0.2619644420044427,train,0.15077898478800816,0.1512449163066662,0.1526360008385856,0.14374417935000344
2000-03-07,0.2844002726246567,train,0.15755511768883185,0.16041588094196527,0.17181733774642155,0.15139290173065575
2000-03-08,0.2961596815225378,train,0.1479915389414663,0.15013718376947435,0.14910735974642395,0.13510265074340222
2000-03-09,0.279643150242808,train,0.14518817571611847,0.14571945667577738,0.15013598902181868,0.1351414048155724
2000-03-10,0.280001778031913,train,0.14537182832377796,0.16522389617112804,0.1601904480574606,0.1382116921837122
2000-03-13,0.2773957013522355,train,0.14355800068635685,0.14611010258458954,0.1477454672000169,0.13051748718157954
2000-03-14,0.2729022894955122,train,0.14323450300188093,0.14610970150947808,0.14868156953490608,0.12998090184620023
2000-03-15,0.2784206220045542,train,0.13957600813476206,0.14528316389975254,0.1472889421250126,0.12581724454589366
2000-03-16,0.2317688071798615,train,0.1414185269075675,0.17480203195881955,0.18133327256851847,0.14289292021800173
2000-03-17,0.2737819128878503,train,0.1405536323601989,0.16808478715717862,0.16429424327435072,0.13737747888081936
2000-03-20,0.2803419247572746,train,0.14198889936839457,0.1619393307449209,0.15837889295522686,0.13595653268016947
2000-03-21,0.289531652442236,train,0.13763358696283004,0.14690844824960686,0.14871274213522848,0.12598301554424848
2000-03-22,0.2906320361377694,train,0.14655161187857352,0.17120783204524156,0.16390153789457282,0.1415635519111691
2000-03-23,0.2856030876424514,train,0.15056145248673228,0.15742357626933648,0.1548611178050919,0.14176848669044598
2000-03-24,0.2871678955373997,train,0.14972141110491918,0.1551724260670112,0.152350331242423,0.14468531662782444
2000-03-27,0.3192048191342771,train,0.14920215630777778,0.15613576027810747,0.1523911365170817,0.1442707454396033
2000-03-28,0.3210825523763281,train,0.15345626835801315,0.16193936428627076,0.15845049416142823,0.15265925705992053
2000-03-29,0.3212767296466725,train,0.15289238728008048,0.16684459518614733,0.16195144673420134,0.1583893118508148
2000-03-30,0.3164119368630151,train,0.1543706300169508,0.15357538121302636,0.1592206730815428,0.1544148106950655
2000-03-31,0.3174900344065401,train,0.15018945487470897,0.16059284251565167,0.15745346211173297,0.150591834490377
2000-04-03,0.3248157489300641,train,0.1529762966054166,0.17386441851338139,0.16696448272654296,0.1599228160755737
2000-04-04,0.3034386298019965,train,0.1577068263086788,0.19934153836533142,0.22154516857657375,0.17389993721350425
2000-04-05,0.2919762837259007,train,0.13931017844962973,0.19008750038450492,0.17531422614532305,0.12578025652208497
2000-04-06,0.2934873804372997,train,0.14378265487847408,0.2146287290714466,0.18824399004293277,0.13334991564591828
2000-04-07,0.2938515691658377,train,0.14084475186164924,0.20878485409872238,0.18385051587756573,0.13715297618425745
2000-04-10,0.2949045424316817,train,0.13775348636398585,0.17104339668146662,0.1615068842124788,0.12952059682621825
2000-04-11,0.305648084928279,train,0.14620236393147418,0.16872127124275488,0.1617344335987059,0.13223095037036944
2000-04-12,0.3001807881266568,train,0.13341346426658723,0.14689794345411172,0.15427223060836182,0.123112498585939
2000-04-13,0.298512020278647,train,0.12854491331116535,0.14882373660679066,0.15631854768297243,0.11802092603113568
2000-04-14,0.2665061043263265,train,0.171207790831334,0.37588811321699056,0.37604301031047804,0.23914915639533676
2000-04-17,0.2614336308472373,train,0.13771735753353356,0.20751131414607676,0.20730391922017075,0.11098693166678805
2000-04-18,0.2468804297849029,train,0.13494920445963818,0.23916279247326863,0.21927975662550636,0.11724383234674064
2000-04-19,0.2468587622285817,train,0.13665291511885327,0.2826936670160741,0.2330258519760997,0.13100062774112206
2000-04-20,0.2552134646266002,train,0.133002778175567,0.24369090137372001,0.20690337301428868,0.1238199410220346
2000-04-24,0.2536723422775125,train,0.13025718253186114,0.2018957972910548,0.18102702363279888,0.11365808271126634
2000-04-25,0.2151054232540155,train,0.11721458145730297,0.15344283151806318,0.15462229375839354,0.09964514077657849
2000-04-26,0.2189599505037647,train,0.12305015781523436,0.17934943981570994,0.16759182199533068,0.10956556103930537
2000-04-27,0.2271096688152655,train,0.1242193636121382,0.1595556028442888,0.15646957383311683,0.1062214015588755
2000-04-28,0.2260675723829897,train,0.12984541740325245,0.18054228719819365,0.16795616293615218,0.11451542978423085
2000-05-01,0.2511210326634751,train,0.1325667950420038,0.17738307183942464,0.16728574060143026,0.1184638656784434
2000-05-02,0.2407024913223245,train,0.1276317248168351,0.1544080070159802,0.15610542783965994,0.11396020835829097
2000-05-03,0.2405718635395611,train,0.12318691189342577,0.15217697341231387,0.15936074460543156,0.11116713024460886
2000-05-04,0.2482150188244345,train,0.1426895330769099,0.18044632184527717,0.17694722585456274,0.12442634892188256
2000-05-05,0.2451149811981937,train,0.13265698369715392,0.1731915933223611,0.172215629156414,0.11934129616161332
2000-05-08,0.24416578335997,train,0.14112063006872894,0.19973003779935172,0.1888284035375807,0.13147880507706328
2000-05-09,0.2437296769150292,train,0.14082130613666208,0.18878933936268338,0.1843845312809293,0.13461793344738057
2000-05-10,0.2303044830651249,train,0.13524334151836817,0.17050888018133264,0.17684543438368966,0.12879861692451838
2000-05-11,0.2160222020878078,train,0.13712057303707764,0.18062034244341052,0.178964574374383,0.1282429423106649
2000-05-12,0.216688067080787,train,0.14201876806951605,0.20212644886365336,0.19074451109352972,0.13700276833288455
2000-05-15,0.2181936314499857,train,0.13874738681398707,0.17827745952637492,0.17760404918405706,0.1337412215014308
2000-05-16,0.2160397214661078,train,0.14445593302115156,0.18784001714716878,0.18171669392068107,0.1453791876696591
2000-05-17,0.2134431197302544,train,0.14484010163929062,0.1932529889821102,0.181527813155266,0.14372916680944775
2000-05-18,0.2129004790339216,train,0.14729011701990735,0.1898529960203322,0.17914902080119435,0.14812564566246314
2000-05-19,0.2070699802336951,train,0.14626064568446415,0.15908480817158957,0.16353306991023658,0.14204713006942654
2000-05-22,0.2057192563531573,train,0.14213543678315507,0.1576680761275057,0.15975077720068673,0.13612957442764356
2000-05-23,0.1988780775253801,train,0.14195263416846027,0.16217640590801877,0.16150251984786454,0.1351596474910265
2000-05-24,0.1978327153384633,train,0.13984432762238738,0.15735084329107515,0.1590330077762384,0.1317556006208137
2000-05-25,0.1905276259220137,train,0.1388746599601358,0.15502122784455236,0.15803901267933923,0.12879908565631173
2000-05-26,0.1958265160399411,train,0.1464472840422769,0.18304077284989329,0.17404615251278618,0.14024559459296027
2000-05-30,0.1574625882833626,train,0.14061110669024712,0.1538506736247622,0.15851214961226487,0.13208038501765149
2000-05-31,0.1577574598553927,train,0.14506886609509234,0.17997187929388397,0.17196595304457402,0.14114769048331474
2000-06-01,0.149089869638231,train,0.1457547280107303,0.1614072193391652,0.16093119271333625,0.14275817960439768
2000-06-02,0.1385260817335212,train,0.1493766301788583,0.16513303205573596,0.16325127981313547,0.15043732478172095
2000-06-05,0.1457585604390565,train,0.14818586622072347,0.16199903245327338,0.15937360103470916,0.144832633665724
2000-06-06,0.1586415372555014,train,0.151750798758639,0.17081468092395485,0.16542481345887614,0.15100080180593112
2000-06-07,0.1591290287041569,train,0.15151360632181204,0.1696758188392774,0.16454873598999162,0.15660478321634624
2000-06-08,0.1683283888789966,train,0.15244218629757156,0.1745838314239229,0.16906684250656184,0.16485734613990718
2000-06-09,0.1682655737773831,train,0.15327605527578575,0.1824877041546586,0.1773563559533033,0.17737364452566923
2000-06-12,0.1631466546561018,train,0.15313908639256493,0.16906669463572788,0.16593190335334532,0.17631604876301837
2000-06-13,0.1509846890071354,train,0.1547752231749881,0.1622166870487778,0.16132531127288943,0.1728300552300685
2000-06-14,0.1516680409869303,train,0.15298937793502326,0.17205481824010804,0.16920880267031896,0.17412338150897766
2000-06-15,0.1553925563004647,train,0.15306370287596552,0.1672564200189083,0.1651754225351206,0.17191428074536153
2000-06-16,0.1527182848129142,train,0.1541908669822417,0.16132068687894727,0.1604816082096588,0.1671115467735313
2000-06-19,0.1487836606245968,train,0.1527299011342102,0.15959191013677512,0.15694347919944693,0.1651180136165244
2000-06-20,0.1504406398956235,train,0.15162448699075876,0.16771380020124257,0.16522991906579254,0.16885548776469017
2000-06-21,0.1572872774216087,train,0.15124124111369489,0.17246492879840303,0.17105246372617586,0.17404565249747092
2000-06-22,0.1635401237957947,train,0.16252540946681585,0.15704396489484546,0.16330483515305175,0.17121295166631956
2000-06-23,0.1619335103224957,train,0.15385288492004892,0.15596228573593957,0.15389163786938015,0.1627551485120339
2000-06-26,0.1558427957041729,train,0.15229736013125225,0.1565415804104906,0.1533940311205719,0.16091635495094386
2000-06-27,0.1575073652329227,train,0.15240687404368802,0.15983112068388977,0.15841740086215458,0.15938648831343988
2000-06-28,0.1576662721484575,train,0.15324616808744634,0.15773490785588268,0.15792705684608663,0.15802365141140964
2000-06-29,0.1740425867836402,train,0.15292610928799635,0.15327595998423146,0.15311293494497083,0.1538805497701051
2000-06-30,0.1731498855295109,train,0.15065674801100848,0.15887442144803093,0.15770729554318635,0.15491051542685152
2000-07-03,0.1679301656962674,train,0.15334444837907013,0.15908248231642616,0.15809871103684275,0.16187504378865508
2000-07-05,0.1560132803009811,train,0.16257291964863388,0.15025776622969148,0.15795408500678917,0.157474037701262
2000-07-06,0.1555063352755483,train,0.15046682392953203,0.1498538168476037,0.14799258993894968,0.14750838209574615
2000-07-07,0.1460689171377793,train,0.15172065373496058,0.1479745531798648,0.1474841889115077,0.14665075712197212
2000-07-10,0.1519203400867156,train,0.1506004002699867,0.15114102959476905,0.15133683971809153,0.14663557032103292
2000-07-11,0.1523308584447805,train,0.15016705716139359,0.15177225694448176,0.15112993313332249,0.14908733215570394
2000-07-12,0.1535166147339343,train,0.15037181035149175,0.15610152869470303,0.15622560803784938,0.15254460536049733
2000-07-13,0.153705181909856,train,0.14948813381947426,0.15876412500701087,0.15913102577139998,0.15381066331258406
2000-07-14,0.1504721214413986,train,0.14924779462088583,0.15986580335357825,0.15873408429057564,0.15656055251476708
2000-07-17,0.157457474319229,train,0.14842984707074564,0.1627174849413807,0.16256705168971947,0.15708788508254204
2000-07-18,0.1547663518190543,train,0.14877105309441363,0.1592261915976188,0.1583023281068811,0.15569701218075332
2000-07-19,0.1531513092338943,train,0.14858870232691376,0.15764844102712017,0.1562753459010614,0.15507988968255157
2000-07-20,0.1507368229585299,train,0.14851909559926138,0.15636511875290085,0.1542691846967015,0.15360255729589367
2000-07-21,0.1340694366841096,train,0.15741412752043168,0.14965266857858786,0.1555930110141795,0.1553665318767266
2000-07-24,0.1341231507402767,train,0.15241109955246265,0.1453001222108268,0.14721941832449129,0.14714817272999536
2000-07-25,0.1337755302419033,train,0.14748944272168396,0.14732012808710473,0.14705194791610443,0.14345867334034468
2000-07-26,0.1297734760848141,train,0.14932868826119805,0.14449454009638807,0.1444323426531508,0.14443286904742236
2000-07-27,0.1296688535858082,train,0.1476890641481342,0.14446615957329173,0.1430724333176583,0.14241875260679554
2000-07-28,0.1012371984764374,train,0.1714310822106008,0.15568058611207086,0.16700004831560558,0.16874454381235188
2000-07-31,0.0999263584928087,train,0.15218721628866633,0.14321898533018554,0.1423293248860918,0.1449334660460994
2000-08-01,0.0970091720729237,train,0.15097687100237295,0.145550262866076,0.14470159294140345,0.14352340820891032
2000-08-02,0.1013093882122765,train,0.14950709826190764,0.1471427669717124,0.14625405181195603,0.1432606648387269
2000-08-03,0.108928509619737,train,0.15012613905018565,0.14591666198090442,0.14447438522358627,0.14298286447474212
2000-08-04,0.1072622662562209,train,0.14991903575482732,0.15661739915259643,0.1590303269415751,0.14818709443084513
2000-08-07,0.1018797083046471,train,0.14858546365135955,0.15129185452341293,0.15045474575979081,0.14575869388259158
2000-08-08,0.1070024375583705,train,0.14841336409447614,0.15739862105142113,0.15912573170306682,0.14864216456721044
2000-08-09,0.1057410357699052,train,0.14905521476687192,0.15115936384004208,0.15179515634376797,0.14745088952858
2000-08-10,0.1071137102685068,train,0.1469212436156121,0.15256528540626652,0.15220403890860576,0.14490211287968052
2000-08-11,0.1062256707081769,train,0.14677888982935092,0.15161514836728393,0.1508869297028565,0.14479378839397397
2000-08-14,0.0990780271318818,train,0.14698589136877396,0.1504345026518869,0.14901465404712702,0.1442022070886252
2000-08-15,0.099544123219239,train,0.14652127118645528,0.15488812742706218,0.15724979899342523,0.14737820566018128
2000-08-16,0.0992472650771328,train,0.14501434924497777,0.15269596450534498,0.1523527869100536,0.14377157929292028
2000-08-17,0.1039380460198952,train,0.14494661804609013,0.15152844387519043,0.15073063336313325,0.1438232263979658
2000-08-18,0.1090646493281157,train,0.1436324860666449,0.15293208920959256,0.15628899051796907,0.14250784525318683
2000-08-21,0.1117810044769889,train,0.14297984993737126,0.15486211240176775,0.15704767688090357,0.1412356204985319
2000-08-22,0.1146847093062152,train,0.14187798974345003,0.1559704466770311,0.1577269153814599,0.14054124808654453
2000-08-23,0.1142301658892316,train,0.14173118462732048,0.15546131385866804,0.15517309591110842,0.1412510061419615
2000-08-24,0.1137208948799961,train,0.14176152831750627,0.1593659736747529,0.16155878113193362,0.1417043757531673
2000-08-25,0.1170112639301171,train,0.14072960789268263,0.16308087832076046,0.1695308872532971,0.1404330137601411
2000-08-28,0.1241990548803515,train,0.14055033731313296,0.1625672445568724,0.16477593135430535,0.14165180768742988
2000-08-29,0.125588761065703,train,0.13984698790913874,0.16568676707417523,0.17015692456174572,0.1392495666055107
2000-08-30,0.1411212314919418,train,0.13993666487593678,0.15637365247081011,0.15908485230864497,0.13862285625818035
2000-08-31,0.1465149538130489,train,0.1384905050170108,0.15025787782082894,0.15001218312876227,0.13581528651367106
2000-09-01,0.1466126769217633,train,0.13655728369224257,0.14592307739558866,0.14764783530668643,0.13242944406936183
2000-09-05,0.1481599453139263,train,0.14224800457095502,0.14410659766731318,0.14640734149206194,0.13759721477839953
2000-09-06,0.1468610149569733,train,0.14490373609195958,0.14344199350265124,0.14384917990769155,0.1403611333398515
2000-09-07,0.1452260148825284,train,0.14183481170228746,0.13944957508105826,0.13700406410449611,0.1355087003042264
2000-09-08,0.1629322189786526,train,0.14218542085791194,0.14059053505072908,0.13975714865661432,0.13639352310676192
2000-09-11,0.1650468767144109,train,0.14228585600236848,0.14107619488131246,0.1396849659082377,0.13613518393226196
2000-09-12,0.1732567822938882,train,0.14233712417503952,0.14147160251256133,0.14062811080415474,0.13620750559133257
2000-09-13,0.1755351282472754,train,0.14243979639367604,0.14438049613509119,0.14535341623127437,0.13704165042372332
2000-09-14,0.1968589801709598,train,0.14138781323751642,0.14663965501881904,0.14839195610265635,0.1364823227227167
2000-09-15,0.2235376053383965,train,0.14427188967667143,0.1438299956128581,0.1443734402335576,0.13781320264267513
2000-09-18,0.2213499637605707,train,0.15305740750516447,0.14699829707077447,0.1506071839800318,0.14581095999738317
2000-09-19,0.2365648763760049,train,0.14468372722927172,0.14126018865258705,0.13908647295099125,0.1367789936027853
2000-09-20,0.2354669464383478,train,0.14842985589477153,0.14239384776286015,0.14140436504722917,0.14034364245028863
2000-09-21,0.2691605468867786,train,0.14690630458126208,0.14243920176017524,0.14136434497580358,0.13927822303753862
2000-09-22,0.2696195318056641,train,0.14689409615076335,0.14193003432994172,0.13978954793842757,0.13868400656256424
2000-09-25,0.2686703251241152,train,0.14754560190668098,0.14216772507508144,0.14033615628372537,0.13996166438017946
2000-09-26,0.266211216467301,train,0.15156559676688194,0.1422079240651391,0.14136526683659686,0.14425462722706783
2000-09-27,0.2786578674711233,train,0.14963518823218383,0.1438206851865049,0.1423606439891913,0.141713596524017
2000-09-28,0.2691410766668948,train,0.1557985125860654,0.1455273686507724,0.1481042054086329,0.14663220718352207
2000-09-29,0.2704387764946899,train,0.1599396436432853,0.14860224350861967,0.1523674438217467,0.15076480701510575
2000-10-02,0.2722385372533898,train,0.15130876789004943,0.14607586267287187,0.14512120428115885,0.144639052155567
2000-10-03,0.2769159743543515,train,0.15418788060823638,0.14763759992886452,0.147871202530658,0.14694358454164322
2000-10-04,0.275607873012747,train,0.15147890828127683,0.14550900137298736,0.14416372621051035,0.14448930868020443
2000-10-05,0.2753936579949691,train,0.1534586107371544,0.15248673195867823,0.1533450959235823,0.1490809588053558
2000-10-06,0.2641895243684886,train,0.16977240651383557,0.1669947068574369,0.1754056705964402,0.16820156513650153
2000-10-09,0.2639875847104351,train,0.1529430824971716,0.14712480751963997,0.1465559018348884,0.14758193830347402
2000-10-10,0.2572830992977321,train,0.15435908093704892,0.15417787026270302,0.15605244767118043,0.15143040509130673
2000-10-11,0.2676447090657035,train,0.14941995738551217,0.15808558364265257,0.15918962295981237,0.1460900174493437
2000-10-12,0.2525314129520594,train,0.17396412178396956,0.25639982065080097,0.2589077815931013,0.21355623179964967
2000-10-13,0.2405541557542318,train,0.15125596408657366,0.20263477072012986,0.20330658457031983,0.15895104928114248
2000-10-16,0.2416100207369575,train,0.1465889419510567,0.18621217256861272,0.18153687846275154,0.13920260427114092
2000-10-17,0.2426083384914174,train,0.14581959305570574,0.19472780112367805,0.20281509761568922,0.14600141021898216
2000-10-18,0.2425054793093765,train,0.14569869188928622,0.2006090257430677,0.20657554195967673,0.14236230932087868
2000-10-19,0.2118922566437712,train,0.14108742508324426,0.1994414385781474,0.20475722358988827,0.13195236573239263
2000-10-20,0.2121505813097542,train,0.14641063683711342,0.22060687987091473,0.204741882826167,0.1430280324951342
2000-10-23,0.2176436841272956,train,0.13827996945715795,0.1938431760886302,0.18213131081355238,0.1299496453382568
2000-10-24,0.2170965421013065,train,0.1334256362257979,0.1729264906567253,0.16683032457629354,0.12213233863430839
2000-10-25,0.2176449254216714,train,0.13408994997229398,0.17192481409151494,0.18015664011843754,0.126502238218005
2000-10-26,0.229000226989874,train,0.13311010618944116,0.16198362060254334,0.16197260636161384,0.11538253776667855
2000-10-27,0.2212634737568007,train,0.13261907459696642,0.16021768017881952,0.15807998190992315,0.11413243364061108
2000-10-30,0.2275021292098042,train,0.1344767899368035,0.1670555885729085,0.16120242161887166,0.11887034117139399
2000-10-31,0.2193689184028574,train,0.13009478664057242,0.1562437050630707,0.15440442682399763,0.1161113702150607
2000-11-01,0.2212056802647748,train,0.13980018179767065,0.18065076610887676,0.1698236216379672,0.1295364473686321
2000-11-02,0.2211351383081795,train,0.14816074396931578,0.19208676419263218,0.18001159170074613,0.146233828686854
2000-11-03,0.2231622443431328,train,0.15151388972444793,0.19688882911999264,0.18489319500251136,0.1506458043383681
2000-11-06,0.2496384728302834,train,0.15029075540239695,0.1787343648660687,0.17175687398977493,0.1533071296393003
2000-11-07,0.2561166010418201,train,0.15388456506266285,0.183214806351397,0.17726448287350774,0.16896044176209044
2000-11-08,0.2483255303181201,train,0.15910822317835221,0.159531038379731,0.16833679369742433,0.1618465808343272
2000-11-09,0.2481000425405976,train,0.14912398800894414,0.15534524385387982,0.15931823201524775,0.14584747401149473
2000-11-10,0.261954180785518,train,0.14915697892756094,0.15452033064890042,0.1643700508182793,0.1429474394745948
2000-11-13,0.2609294879825706,train,0.1370993700650995,0.14993231241531937,0.1544453613218712,0.1260583814215726
2000-11-14,0.2490023725465809,train,0.1337190764800813,0.1475032177955731,0.1507657271242665,0.11999961186949054
2000-11-15,0.2528822538662184,train,0.13736574303432408,0.16394754927856361,0.1589108344614699,0.12512220226020163
2000-11-16,0.2595848882580152,train,0.13671917707329173,0.1529483482785485,0.1547340782218457,0.12408440629228706
2000-11-17,0.2631394334858555,train,0.13761424917571236,0.15517323864097307,0.15276726981318645,0.12404433586830306
2000-11-20,0.2682661367049737,train,0.13778779018075155,0.14899071466009747,0.1515831010846948,0.12426052778024266
2000-11-21,0.287270749214331,train,0.14387344464897592,0.15962879649421965,0.15703977363825952,0.12915494967041205
2000-11-22,0.2752412191727033,train,0.13975339543151125,0.14721187532118077,0.15360475336971563,0.12814781762904445
2000-11-24,0.2856449725892748,train,0.13903189336582344,0.15377978060456335,0.15242923272979905,0.12514008536225382
2000-11-27,0.2864654965949701,train,0.13961876544312138,0.16158997885218018,0.15804997802060305,0.12833033938215482
2000-11-28,0.2809395723683904,train,0.1376086306237602,0.14714394310408035,0.1507484849945357,0.12395638471805971
2000-11-29,0.2810685623115018,train,0.13803927452844159,0.15422803415515615,0.15239193541010873,0.12384149183721674
2000-11-30,0.2874846298953312,train,0.13396007664113252,0.14770397547891806,0.1520945489794619,0.12055154322203405
2000-12-01,0.2947033689759236,train,0.14066203104839023,0.16225073937682302,0.15897658415742122,0.1258742850368304
2000-12-04,0.3371660868154721,train,0.14599910329742286,0.17229868301973852,0.16805949602627784,0.136150908428514
2000-12-05,0.319413553260751,train,0.13726060776645568,0.1555540119313007,0.16313510130550696,0.12911389636269097
2000-12-06,0.3355976971430391,train,0.13486924074681594,0.15472301767992758,0.1588476538394104,0.1251756698840721
2000-12-07,0.3331216173806009,train,0.13563868971963108,0.16145833699203194,0.15815363356848278,0.12297388472651061
2000-12-08,0.3331506327708924,train,0.13464863935094984,0.14989712326045634,0.1563728582487896,0.12324014031513877
2000-12-11,0.3163923650556174,train,0.13203904048789833,0.14971055112156814,0.15325078015843885,0.11826028784186873
2000-12-12,0.3160430811268581,train,0.13906060056759237,0.17401596023552676,0.1654111553468313,0.12961513593496202
2000-12-13,0.3123009821561481,train,0.13630488590569725,0.1527478618491049,0.15201743594437628,0.12292672865048943
2000-12-14,0.3097935540466867,train,0.136897077973782,0.1518937230923107,0.15146874015664696,0.12334273459822158
2000-12-15,0.2994261010645258,train,0.13750273433361165,0.1496167515549538,0.15526951973106298,0.12494529703635175
2000-12-18,0.2977777133447268,train,0.14151480010883524,0.1518931510990839,0.15201208271558686,0.12319873783710841
2000-12-19,0.2893868170255588,train,0.13298619815966975,0.1522115436781004,0.15871668361798985,0.12207247752623843
2000-12-20,0.2709486492897143,train,0.1370375908579457,0.183857227146215,0.19317348102563556,0.13694524338750116
2000-12-21,0.2712704963129189,train,0.12702120852954984,0.15047349121099377,0.15460239505240345,0.10607663935054816
2000-12-22,0.2503948165463201,train,0.12328828260813418,0.15050309790428593,0.15210526154944576,0.10265886854549341
2000-12-26,0.2476689793373563,train,0.12876802646294508,0.16682552051143784,0.16016280913765857,0.10953688311953083
2000-12-27,0.2463461873662646,train,0.13161761029050145,0.16942876573719912,0.16298993277201596,0.11298345635307307
2000-12-28,0.2468331374137853,train,0.14263625539991895,0.1970807506767003,0.18513870771614693,0.13101002392966185
2000-12-29,0.2393494875781089,train,0.13121537226595426,0.15973706195410942,0.16091734491993404,0.11876568103003417
2001-01-02,0.2312762788764496,train,0.12709689430557045,0.15253718857050183,0.1616338205317516,0.11606988917632553
2001-01-03,0.1621900748881246,train,0.1347861994734207,0.2799408493539094,0.2552186593855293,0.15924796879407432
2001-01-04,0.1773946210845756,train,0.12141052407917097,0.1663595465531232,0.1617973680006624,0.10293705208030754
2001-01-05,0.1351511582251384,train,0.12470409780227766,0.18887882479246637,0.20104932378083148,0.12095436505456525
2001-01-08,0.1327641026905803,train,0.12612038051070573,0.16185271730195863,0.16261961161000194,0.10302097689186251
2001-01-09,0.1337036934978866,train,0.12314167335349348,0.17008161381897566,0.16270275364698497,0.10416544384750917
2001-01-10,0.1256448064660887,train,0.1299383683706117,0.16767516842087807,0.16197870007954895,0.10689709851415347
2001-01-11,0.1301985177188606,train,0.1379881405766699,0.19871221447607237,0.18321756019298885,0.12041757177034132
2001-01-12,0.1361644729035858,train,0.14791812957659062,0.21408963758556665,0.19889410173764388,0.13522765608550386
2001-01-16,0.1373968884666774,train,0.15298678323778556,0.21950737385272195,0.20564897624007888,0.15087279290710037
2001-01-17,0.1365394273879946,train,0.15187701561185196,0.2099431507924803,0.19885909561599951,0.16084006730537617
2001-01-18,0.1363074849260472,train,0.15357905620193993,0.205702156401179,0.1961563895672996,0.17369106755849106
2001-01-19,0.1563147429016543,train,0.15281535227098014,0.203077244485745,0.1936981911891705,0.1803659579152149
2001-01-22,0.1640801658955919,train,0.1523921700857726,0.19880335444504932,0.18989245240026978,0.18870910478219957
2001-01-23,0.1792778091164326,train,0.15361789001058979,0.18446123489967223,0.18086620034803705,0.1900038540332446
2001-01-24,0.1790452276422142,train,0.151571161639424,0.1937192948221777,0.18675936180557165,0.19251761934534417
2001-01-25,0.1804332050676322,train,0.15247674392829122,0.18238747529743607,0.17851895787268285,0.19832183818825877
2001-01-26,0.1952684438304174,train,0.150083469399928,0.1820537358701739,0.17668554532250152,0.2042353696961153
2001-01-29,0.1971296637090228,train,0.14922095832955065,0.17840337565677983,0.17345923948049857,0.21302708157579972
2001-01-30,0.2070764809321699,train,0.14942905567666373,0.17367215947810644,0.16911575289329475,0.2164701651437028
2001-01-31,0.2069281947601981,train,0.15250665018185036,0.17249607682860346,0.17056954780426734,0.2121256634433256
2001-02-01,0.2075306102471845,train,0.15138852919026113,0.1770311115339013,0.17488136897841555,0.20686541300920483
2001-02-02,0.1935809242321792,train,0.1769121932135489,0.16511643259663042,0.18257797641981038,0.1962416842112249
2001-02-05,0.1955438598514125,train,0.15401797648755008,0.16803156454843535,0.16704973212943347,0.17015536367684647
2001-02-06,0.1968885755347789,train,0.1539224860761563,0.16588839477903178,0.16612167237782047,0.16503347267770044
2001-02-07,0.1960661917185594,train,0.15362038155297777,0.16153045692003606,0.1613440560194062,0.16037173998966153
2001-02-08,0.2192470360105337,train,0.1572107802213169,0.1545916680468279,0.15769291463153154,0.15563473369361755
2001-02-09,0.2664641584185903,train,0.1517312308208921,0.1543080454060359,0.1530462644701817,0.14999218539061
2001-02-12,0.2696569299123133,train,0.15219992056380302,0.15801899196027602,0.1554370196687519,0.15533821167876166
2001-02-13,0.2772690848749522,train,0.1522786526192764,0.1564683842445049,0.15541549161730425,0.15280811801045371
2001-02-14,0.2772184998942853,train,0.15124798783971052,0.15786221096487082,0.15614880209902582,0.15258629169052884
2001-02-15,0.2843524011551513,train,0.1510378529416923,0.15927437251573795,0.15778316113122087,0.15331498828685153
2001-02-16,0.2823206464082188,train,0.1671712146891751,0.15251346307198207,0.16286602970452874,0.1587439738518365
2001-02-20,0.2932457923992017,train,0.1645236763930972,0.15405057795079682,0.1626714103329562,0.155510622379809
2001-02-21,0.2893062338710376,train,0.1605777446754558,0.16445316854265907,0.17165463406906775,0.15787383615818795
2001-02-22,0.2915166171278698,train,0.14539385275657232,0.15185746565911332,0.15371503985985366,0.13503712181020286
2001-02-23,0.3091665605311063,train,0.14196043979288306,0.15064521737932662,0.15334369279101434,0.1306920576267619
2001-02-26,0.3033434754592243,train,0.13993465220289433,0.14512334699657894,0.1465663811683807,0.12377380117593544
2001-02-27,0.3099829107024239,train,0.13909600577953607,0.1513640710065663,0.1496321000684957,0.12387331678489076
2001-02-28,0.317810191397648,train,0.13694677795846014,0.14943644484694285,0.15475206391827212,0.12410530108228383
2001-03-01,0.3175567269758735,train,0.13943049479826283,0.14702266328293934,0.1484278324300106,0.12073584426317001
2001-03-02,0.3184486010019953,train,0.13545520758143142,0.14687739443566505,0.14802920194460487,0.11894285606027077
2001-03-05,0.3259266203529418,train,0.14883107461481754,0.18140681449460694,0.17397451766284835,0.13731250973180478
2001-03-06,0.3453925875814596,train,0.14350162401836802,0.1676166428709931,0.1632497983335145,0.1343516271489457
2001-03-07,0.34478457656987,train,0.1487144641420451,0.18457555190553018,0.177155787484521,0.14638225144266043
2001-03-08,0.3691709503851514,train,0.152082853533398,0.19240687634151546,0.1845105146504846,0.15857694244691845
2001-03-09,0.3576141266363817,train,0.16215124425115934,0.15976219298137947,0.1802312015195432,0.1564734726987046
2001-03-12,0.3245288057317858,train,0.2004326253649083,0.32893077691634126,0.31513132581516073,0.26491348703142487
2001-03-13,0.3257166140371877,train,0.13407372687945207,0.16103213131131133,0.16770183923362325,0.1203860546008039
2001-03-14,0.317938963610936,train,0.13843130935105932,0.18481246446702235,0.1929603855333639,0.12965364224401846
2001-03-15,0.3242934034354691,train,0.14135729222672497,0.18267552363837197,0.17377769379203617,0.1247603708378186
2001-03-16,0.3184279750599038,train,0.13084529519015914,0.16933391887245014,0.1775886885336588,0.11910211857311839
2001-03-19,0.3142607820879611,train,0.15063489975233632,0.16114311625799266,0.16308649398438638,0.12675706118076102
2001-03-20,0.3295032611188596,train,0.13038154017265638,0.15420608141013198,0.163513980953232,0.11665372197108653
2001-03-21,0.3272234924644651,train,0.13185329676135502,0.1479813482485967,0.15329979854917494,0.11009327540296278
2001-03-22,0.3268454768757293,train,0.13334818798854614,0.15031652696551148,0.15841475961847076,0.11316526618443244
2001-03-23,0.3160306478990785,train,0.13554894547174806,0.1427152373552787,0.14780524378172183,0.10951853504552275
2001-03-26,0.3134024829588516,train,0.14350425111798656,0.19255775187430765,0.16825233794270986,0.121907238940563
2001-03-27,0.3085273145595203,train,0.1329490972808574,0.1530035048675212,0.14946583290576845,0.11089671616393636
2001-03-28,0.2924739631489465,train,0.12694263491068133,0.1473474937221733,0.14975832688098106,0.11148394924016171
2001-03-29,0.2979816361551693,train,0.13911056025940202,0.15490512479934238,0.163878596725547,0.12808623884164816
2001-03-30,0.2966999593766441,train,0.15405253576411754,0.21153556410878915,0.18011855791923614,0.13145403202321213
2001-04-02,0.2929237740439341,train,0.12907130611202303,0.14226468769568013,0.1490461457727538,0.11382793155944397
2001-04-03,0.2670941590731902,train,0.1491407559752309,0.19130260501674218,0.19351363723286674,0.14589564445828418
2001-04-04,0.2705148328441351,train,0.1550208264941276,0.14760475865870373,0.14787955255246765,0.11707602746909439
2001-04-05,0.2435925901901128,train,0.13392545540688705,0.14098717197250915,0.14867252759223143,0.1100970291405823
2001-04-06,0.239427424087734,train,0.13686129418375975,0.1648725597288313,0.1549810782703128,0.11493537900444095
2001-04-09,0.2361928522091727,train,0.14664017902674892,0.17284403896073788,0.1567330108029687,0.11886110950851367
2001-04-10,0.2277980906840152,train,0.14187678459504585,0.16696038612603756,0.15972361556401263,0.11978353780225404
2001-04-11,0.2280239065156964,train,0.1430348548778683,0.19864621695739068,0.17984366998041845,0.12535659924717868
2001-04-12,0.2202672571861089,train,0.14389256855669594,0.1811437806332245,0.17252284813071705,0.12325565699395408
2001-04-16,0.2171613767957308,train,0.14815552121804135,0.20508321015836892,0.19158384597909842,0.13283929601422081
2001-04-17,0.2120187436840304,train,0.15118077982759953,0.19770284781660202,0.19034166025794536,0.14051670474300756
2001-04-18,0.1806965190228022,train,0.13590795915568138,0.1598820944748006,0.18070833099439818,0.13733998241315035
2001-04-19,0.1745848041690643,train,0.14219640099666092,0.19707779576229154,0.1870136009201134,0.13101156383943885
2001-04-20,0.172267702931502,train,0.1374447309909024,0.18588410044950487,0.1781346803482467,0.12790836096364266
2001-04-23,0.167746476516082,train,0.13175232465652864,0.15005472994510077,0.15794836294868464,0.11995492030525295
2001-04-24,0.166705204126404,train,0.1325691024310213,0.1523734196325322,0.1522784703204539,0.11579931000518841
2001-04-25,0.1713193340834132,train,0.1468751923081812,0.1724871389554334,0.16994398322353718,0.12967242098795198
2001-04-26,0.1709056237277281,train,0.15273313070721864,0.20685609800795707,0.19763499529072762,0.14711238474170404
2001-04-27,0.1659805497092354,train,0.14913902126374035,0.1924222605945273,0.18686034088081177,0.14964959621607654
2001-04-30,0.1665765486007742,train,0.14752295498250576,0.1814220067589104,0.18079661402814914,0.1501992049636786
2001-05-01,0.1631540003449689,train,0.1486725417865558,0.1823336678377495,0.17942589161346817,0.1520883526855834
2001-05-02,0.164058571803035,train,0.1526786141508317,0.21498851352499718,0.2029352061105999,0.166066186882486
2001-05-03,0.1591811055605432,train,0.15049393890074103,0.17726098206527763,0.17718067207454127,0.15885340835803208
2001-05-04,0.1484721741684276,train,0.1487724718420986,0.17041028431951893,0.17050882267186493,0.15479352556101103
2001-05-07,0.1507754348775268,train,0.14972321603616875,0.1900864438832024,0.18306107262630245,0.15762485860482117
2001-05-08,0.1536459502110652,train,0.15164562626743605,0.19344778966754006,0.18538667223896876,0.16804702321297227
2001-05-09,0.1534490786840025,train,0.15153721200326603,0.18359753002056303,0.17774616537605015,0.17454463281735258
2001-05-10,0.1566323348624825,train,0.15137106842831557,0.18388787629130776,0.1780618482956395,0.1810493347282086
2001-05-11,0.1567365840762891,train,0.15108662397932576,0.17944843843840594,0.17411716144855485,0.18813125940124356
2001-05-14,0.1566991798074665,train,0.1504099918744657,0.1846384942379861,0.1794772672575986,0.2035834792657726
2001-05-15,0.1588127792499471,train,0.1493022466615638,0.17744062633326557,0.17275623617332178,0.21117764413401227
2001-05-16,0.1576991994063338,train,0.16556956906260553,0.17129709984592598,0.1807923668065897,0.19922974656240233
2001-05-17,0.1577060555470767,train,0.15486310038780512,0.17553444817558708,0.17518026610995638,0.1843034207450887
2001-05-18,0.1578172591670672,train,0.15202280026242804,0.1746620416428393,0.17166934090744373,0.17799485544138138
2001-05-21,0.149848470559418,train,0.1570308060409238,0.16275019170681326,0.1649688744344732,0.1740192239981043
2001-05-22,0.1509290191973448,train,0.15338720162397157,0.17170464731882834,0.1713840177392899,0.16785244091717771
2001-05-23,0.1438695873893331,train,0.15536985035738224,0.15826604728189758,0.15936806085583136,0.1610606467178588
2001-05-24,0.1461818132677045,train,0.1517081011333764,0.16320319545187914,0.16092967246212134,0.15869067572750822
2001-05-25,0.1437660601333827,train,0.1538943107692751,0.1579234679485999,0.15740787002551263,0.15713035027794445
2001-05-29,0.1410254401943336,train,0.15310719174848525,0.15530456403024262,0.15436506697324778,0.1534978256747386
2001-05-30,0.1318525713931324,train,0.1555131497497866,0.1518384715658231,0.15284859427320394,0.1525416098174281
2001-05-31,0.1320188708841284,train,0.15244435351901892,0.1589895687446562,0.15614328690638432,0.15489602070950192
2001-06-01,0.1308403883000512,train,0.151791083117845,0.15843049321101615,0.15578302454676218,0.1554461774068838
2001-06-04,0.136992328709874,train,0.15210384731777307,0.16866477636032817,0.16615498297114284,0.16313515606226156
2001-06-05,0.1308818930040632,train,0.15387745160526994,0.16009681238402185,0.16003460576427644,0.161764060052872
2001-06-06,0.1453954916348529,train,0.15306853911377546,0.1607743958703353,0.16063829178990877,0.15881900553416456
2001-06-07,0.1642953539522015,train,0.1513146096066832,0.16791543797836664,0.16649871455057058,0.16107889800067926
2001-06-08,0.162082203485709,train,0.15266871747830102,0.16079163258533416,0.16001026775181443,0.1587908141238949
2001-06-11,0.1657678974355026,train,0.15258820751253288,0.15910160893814362,0.15808732716450247,0.15665847716003828
2001-06-12,0.1656909586941571,train,0.1514287872213674,0.15999541554883684,0.15678553418233857,0.15847309934503095
2001-06-13,0.1829020159326173,train,0.15265025113894512,0.15840080748905122,0.15690045579954098,0.15720168342862934
2001-06-14,0.1670409564836295,train,0.17224374737811435,0.158478517206221,0.1726906078011844,0.16533309045004205
2001-06-15,0.172827178904591,train,0.15151990330032872,0.14805434264519296,0.1463796431729664,0.1427733646390291
2001-06-18,0.1751183389904315,train,0.152402736567066,0.14963544208219318,0.14797248599170612,0.14523709178787725
2001-06-19,0.1761122353553291,train,0.15286122422695536,0.15083291799770113,0.14967900112386048,0.1458218096211737
2001-06-20,0.1778422062724897,train,0.15181994951115196,0.1545249310947774,0.1527745285729763,0.14648659014101595
2001-06-21,0.1745718587385908,train,0.15224156599727842,0.15333105725821075,0.1527403139858109,0.1490397818946846
2001-06-22,0.1862324979387148,train,0.15182766030168984,0.15662265431106986,0.15613034927153102,0.14832033581535922
2001-06-25,0.186536512845038,train,0.1526559088163239,0.1524349651146797,0.15182509893496182,0.14653219439719098
2001-06-26,0.1904970620036526,train,0.1518716839658233,0.15470889540276883,0.153059948089615,0.14810644280343058
2001-06-27,0.1940581845016983,train,0.1512111197112237,0.1574883013801007,0.15643052918172384,0.14947047450907694
2001-06-28,0.1935476103611866,train,0.15093656092602942,0.15896734337555662,0.15814364269950235,0.1512395466805064
2001-06-29,0.1931104824758642,train,0.15067094719064972,0.16043813569082102,0.16015283204173586,0.1526039052748219
2001-07-02,0.1885954509015528,train,0.1505393748274621,0.15830268064966058,0.1569873604256455,0.1517574799180654
2001-07-03,0.1898910508219811,train,0.1504310088461473,0.1655353913290559,0.16711951667551755,0.15515264185788705
2001-07-05,0.1771512252524173,train,0.1672314374329269,0.15351807258461295,0.16423107431143616,0.15786155409062466
2001-07-06,0.1604521694184492,train,0.17330565088104996,0.15929263789856718,0.17226083485948085,0.16196393566985048
2001-07-09,0.1663772959048526,train,0.15273991935371709,0.1441542369736779,0.14314080265086257,0.13924481318436474
2001-07-10,0.1613296879237334,train,0.15654994168756065,0.14709283047445468,0.14879779178139635,0.14408341047223794
2001-07-11,0.1744442230519322,train,0.15100251284561234,0.14402502361074315,0.14322443600420479,0.13731395041243902
2001-07-12,0.1536405254080122,train,0.15067802242229664,0.14399694427563953,0.14378296932457746,0.13678121926317147
2001-07-13,0.1510531465812654,train,0.15151871090257035,0.15124693167688974,0.1501970874720762,0.1410500025075384
2001-07-16,0.1442873326950506,train,0.15435595950709868,0.14694108161636674,0.14843602922321913,0.14061827478934608
2001-07-17,0.1404530774082904,train,0.15182910942387057,0.14639644558062737,0.14509015094626285,0.13843003980240146
2001-07-18,0.1417258882306494,train,0.15132543849318084,0.1461104654493434,0.1451972742616756,0.13787324219774075
2001-07-19,0.1388480618385101,train,0.15143101968507963,0.1477874945598443,0.14680940232064538,0.13943082399085532
2001-07-20,0.1486902920303875,train,0.1535399983449241,0.1568125174940367,0.15592651231911753,0.14496110238660181
2001-07-23,0.1348729220101306,train,0.15980189010667945,0.14717083359263114,0.15251650301766578,0.1456945389268302
2001-07-24,0.1439845797177237,train,0.1519195097054941,0.14394234413019008,0.144976806155866,0.13772333645565096
2001-07-25,0.1433602897628627,train,0.15025977924910394,0.1435830100891846,0.14264822810322267,0.1355739447040262
2001-07-26,0.1390732035099252,train,0.1496428158432916,0.14584497810045785,0.14486754254813056,0.1361973608779007
2001-07-27,0.1564448862421888,train,0.15104044558453997,0.1532814729180999,0.1514991442660274,0.1403878917361131
2001-07-30,0.1578754712115921,train,0.15271342990032338,0.15844940340603378,0.15688056410888462,0.1451559017488996
2001-07-31,0.1656625666685336,train,0.15223954181795338,0.15465541884478662,0.15386520141631746,0.14619452087198373
2001-08-01,0.1672263659561499,train,0.15313216074401537,0.16318832390257193,0.16329781849857503,0.1523095423470281
2001-08-02,0.1802688560922125,train,0.15260648364327012,0.16578754559083683,0.16625419812332673,0.1555295687833855
2001-08-03,0.1810792598994511,train,0.1513897235994724,0.16150576329722396,0.16085464734217902,0.15405360415247832
2001-08-06,0.1760630911287196,train,0.15879559280019379,0.15119021286179868,0.1555256221589963,0.15104328580908052
2001-08-07,0.1757364764199709,train,0.15117044513614109,0.15529189678235808,0.15410518446059485,0.14717707460806084
2001-08-08,0.1872315248349339,train,0.16692668599079746,0.15260059732587405,0.16252961694658993,0.15478217337693978
2001-08-09,0.1983498009018165,train,0.15151894090622592,0.14957008030983943,0.1485275503636233,0.14103176216302857
2001-08-10,0.2026230817322253,train,0.15255077253477814,0.1471634052644885,0.14668914732003702,0.1406407447246885
2001-08-13,0.2781007424613368,train,0.15224833552749062,0.15600538120553342,0.1566600923408733,0.1452035455460236
2001-08-14,0.278227210747802,train,0.15105744886888617,0.15189014822578406,0.15197645790267525,0.14371142767612832
2001-08-15,0.2858338404609041,train,0.15107366038549636,0.15239328822926848,0.1512876138588029,0.14445722931376478
2001-08-16,0.3077202252003909,train,0.1507994556252051,0.15377815157813082,0.15181068612965373,0.14698593626205808
2001-08-17,0.304785497178474,train,0.16512360064818618,0.15239185283756487,0.16055754837028885,0.15437359755149624
2001-08-20,0.3269088293083565,train,0.15233713447032926,0.14563396914319052,0.14398947428994524,0.1410146329426587
2001-08-21,0.3232566039234951,train,0.16819202234140565,0.15450469897375316,0.16425657522082873,0.15541759159134794
2001-08-22,0.3214259006196952,train,0.15198490412495774,0.14543116667117328,0.14438298920343112,0.13863014015719305
2001-08-23,0.322633920910052,train,0.15319746013364333,0.15070059205930836,0.14981589689030442,0.14253975622723614
2001-08-24,0.3230018391211736,train,0.15470311701174239,0.14563454167827627,0.1472701747006396,0.1412872506853606
2001-08-27,0.3223546732774423,train,0.15302734813896668,0.15049903582290014,0.14990965934655687,0.1428759154151557
2001-08-28,0.3211578956208065,train,0.15509227702427966,0.14782055274801978,0.1488763089859665,0.1432496465122098
2001-08-29,0.3249817639953598,train,0.151907740749433,0.14651354711210732,0.145866719943575,0.14066117431191474
2001-08-30,0.3176151525324612,train,0.16775365630536648,0.18271907010320415,0.18703073180089227,0.1768239660522057
2001-08-31,0.3166332378476728,train,0.15582087301038433,0.15029039742065847,0.15057041865548074,0.14418307608598396
2001-09-04,0.3166677769629238,train,0.1477069404478156,0.1454547263453113,0.14587060652255582,0.13500507745905846
2001-09-05,0.3171189756790192,train,0.1516164270687409,0.14700800401461891,0.14634639795367368,0.13615318846152863
2001-09-06,0.3131922216108732,train,0.15410113654174107,0.15848988191411148,0.1646443448284955,0.14758627720906642
2001-09-07,0.310930054878116,train,0.14644956877800713,0.16606702718877836,0.16876798716075628,0.14249148411004423
2001-09-10,0.3083441232399774,train,0.147356716563102,0.14525144506504914,0.15108788899591286,0.1320030188668166
2001-09-17,0.2425562110055762,train,0.19982709851109254,0.3508775491724398,0.2743178141923905,0.2574499540473183
2001-09-18,0.2434335214291149,train,0.1877851443660082,0.20082284668250397,0.19839194338715982,0.14112480300435618
2001-09-19,0.2446383964099618,train,0.237814512685658,0.2902477500735785,0.2636344857006268,0.204851583284005
2001-09-20,0.2162494631061801,train,0.2833734050139104,0.21854844731301815,0.23145440999525538,0.1880249844309206
2001-09-21,0.2127989476131814,train,0.3041383534481568,0.1911535799741826,0.20315019517497146,0.19017742965030313
2001-09-24,0.1872393311633441,train,0.2749937371093719,0.18869467705381737,0.1775965422977229,0.17384397726704312
2001-09-25,0.1844841166041144,train,0.24690112056995306,0.2012969305231814,0.1672194857718644,0.17318107930887175
2001-09-26,0.1842976758796263,train,0.21674851446636265,0.18305291889966582,0.15394844317088946,0.15525725991227465
2001-09-27,0.1923899147771748,train,0.2054490179341137,0.16798664371092892,0.1504526543915104,0.14375837714001793
2001-09-28,0.1775497267216104,train,0.19302644006306197,0.13249958903118603,0.13891451826807702,0.14792413040617133
2001-10-01,0.2006122237282886,train,0.23143302060827617,0.21332212629705063,0.19615325281107798,0.16044764519442117
2001-10-02,0.2002983035220055,train,0.20511188729358862,0.20663721100823185,0.20155795856485287,0.14705630209254572
2001-10-03,0.1917872599279894,train,0.1863884653801437,0.1846177732529477,0.1878122526243516,0.14429194298627784
2001-10-04,0.2117393513682092,train,0.18407759900595086,0.2427138548194562,0.24041542559162155,0.15384721582104735
2001-10-05,0.2129957663186382,train,0.18388822536728497,0.23371401043353432,0.2318526944177203,0.1557678922968771
2001-10-08,0.2166971021992609,train,0.18669968346890053,0.2282627462541233,0.2256510410241771,0.16577773311161623
2001-10-09,0.2226907902057754,train,0.19545421630714355,0.24596837310701453,0.24220059122091508,0.1820796452880288
2001-10-10,0.2085664487096657,train,0.18254993141935644,0.20880586339843754,0.21555052378812908,0.17882768886476855
2001-10-11,0.2015873497380307,train,0.18405495907259273,0.23939134768096382,0.23907957699377272,0.18340196734438383
2001-10-12,0.2009732783754371,train,0.1648939586766893,0.19497870342534063,0.2156562237955044,0.1687426037637933
2001-10-15,0.2020478497881155,train,0.17967100992969748,0.23404968962599706,0.2290680317247169,0.17362917094788877
2001-10-16,0.2157764831292027,train,0.17107736512308447,0.2217941704468715,0.22148358589302247,0.17431195244375744
2001-10-17,0.2018527344136792,train,0.15599387679027463,0.18139087147987,0.20629787135599778,0.1574541380970102
2001-10-18,0.2018145260131173,train,0.17549516101086127,0.2411944816662371,0.23283867739682973,0.1690228961652291
2001-10-19,0.2024181488142669,train,0.1712244538453646,0.22491753659775532,0.2190341149235926,0.17764643660248786
2001-10-22,0.1950544884833987,train,0.164739521766416,0.1990561798989849,0.20173615224434863,0.1737378440085217
2001-10-23,0.1964860607543666,train,0.16124650138913976,0.20756927022199043,0.20724297321880317,0.17061281764298378
2001-10-24,0.1976694450044153,train,0.1633254444269164,0.22202454340986244,0.2136430807688851,0.17844486575158308
2001-10-25,0.1940434133067253,train,0.1591370339221225,0.17832906279399657,0.186471849013813,0.17018217167901548
2001-10-26,0.1940283709330572,train,0.15679021344569996,0.20162581963864765,0.19816060486330025,0.166103512346852
2001-10-29,0.1706682445819613,train,0.15753554765452019,0.16081522450495442,0.18499199849485207,0.1570289406463816
2001-10-30,0.1774715330577927,train,0.14422962072017717,0.15163761063117331,0.15559908955620058,0.13377266948423722
2001-10-31,0.1833471289088186,train,0.14730109450092096,0.1596359052575004,0.158423216145459,0.13465056644497553
2001-11-01,0.1618723504998733,train,0.14416348796894385,0.1548772869415373,0.15918591764063356,0.13327867457026019
2001-11-02,0.1614664846316708,train,0.14907298614702483,0.1809010154272132,0.1746020143776307,0.1366824943308776
2001-11-05,0.1658132592453339,train,0.1567224387505604,0.19543521139870923,0.18829919752907756,0.1488906109800033
2001-11-06,0.169241657594625,train,0.150602120626828,0.17018855981943554,0.17200383277625225,0.14702460439070508
2001-11-07,0.1691849485409594,train,0.15374183461648738,0.19722049361124053,0.19125299642784802,0.15352554634781174
2001-11-08,0.1704753512587594,train,0.1570380998536068,0.19868569331578906,0.1930720212292042,0.16410051457185476
2001-11-09,0.183136366939582,train,0.1569518946358449,0.20221219489998812,0.1947559339549304,0.17292229898425268
2001-11-12,0.1819747209998004,train,0.15504209660710405,0.1775618675541142,0.1775395915607016,0.17168559615506854
2001-11-13,0.1640001688437705,train,0.15442573898734108,0.18133326260576002,0.17913785832991003,0.1701901150125953
2001-11-14,0.1781396302319487,train,0.15477102710449064,0.19455151577850213,0.18878299659050335,0.1762926612720246
2001-11-15,0.181189383051949,train,0.15429047826636766,0.19092869852586464,0.1859881249069169,0.18111329950611932
2001-11-16,0.1841577509619178,train,0.1537888227057482,0.17946499133812432,0.17681895355414123,0.1783803522663229
2001-11-19,0.1801821408651769,train,0.15319077579703155,0.17918740212283082,0.17544012505837966,0.17751043163734112
2001-11-20,0.1794278634212971,train,0.15256454373408443,0.18274537638775112,0.17786507544202815,0.18168203056628124
2001-11-21,0.1813059299333897,train,0.1521542524330262,0.17961114677973297,0.17435234778882389,0.18658923674908715
2001-11-23,0.1753912817628034,train,0.15367203273870886,0.17065467358795233,0.16740033784083644,0.18845882785338813
2001-11-26,0.1753556961809288,train,0.1533486994223177,0.17134186696245196,0.16935783106282143,0.1857753026641822
2001-11-27,0.1757611412037522,train,0.15432373503074218,0.16539783992048604,0.16476344835446113,0.18094505444741713
2001-11-28,0.1647617847050904,train,0.16262148971675863,0.1583302256819635,0.167889261763999,0.16936515689281462
2001-11-29,0.1577479332458875,train,0.15230428505113336,0.15926359311640645,0.15687699857321977,0.15943420841821604
2001-11-30,0.1642697952319309,train,0.1526965495387629,0.16616625920542258,0.16392684236669441,0.15880173599709677
2001-12-03,0.1672650650321262,train,0.15346032931400286,0.15795853818971914,0.1574505231856921,0.15572907619549642
2001-12-04,0.1613248840428943,train,0.15282378225417698,0.1540132379247603,0.15394811655970275,0.15217073888446941
2001-12-05,0.1497958836668657,train,0.15216067903385103,0.15469447559095495,0.15492402146736867,0.15207740949317475
2001-12-06,0.1518796117888068,train,0.1522023789718537,0.1678640750928048,0.1652051377725043,0.15547454775196443
2001-12-07,0.1502478259744222,train,0.15197245623303324,0.16096938687803822,0.15869143572441902,0.15428326409685758
2001-12-10,0.1375777861598753,train,0.16194050512514951,0.15036514449370442,0.1590031559389046,0.1543098000642965
2001-12-11,0.1382786652115346,train,0.15088407755610653,0.1515467258513713,0.1497828033671014,0.14312774584851234
2001-12-12,0.1425903439885736,train,0.15264667609690208,0.1599562528524477,0.1568713878131419,0.15022629060969173
2001-12-13,0.1264135633857883,train,0.15688243882992953,0.14791491087431677,0.15208392431922618,0.148364555794062
2001-12-14,0.1251840529261327,train,0.15195901901365277,0.15096073628654466,0.14917258475286913,0.14400008045508195
2001-12-17,0.1400089446991046,train,0.15281018017734457,0.15621782718405924,0.15330858135801553,0.14876390260464967
2001-12-18,0.1409576541060726,train,0.15268328703323628,0.16059720243211356,0.15830339200700022,0.15154567926147688
2001-12-19,0.1396897914590837,train,0.15320467408975172,0.15413086367523632,0.15356050037523433,0.1513779463308669
2001-12-20,0.1374147317797867,train,0.15327839727666304,0.15437277003861785,0.15357669518061598,0.14921142623855785
2001-12-21,0.1384064459722779,train,0.1526103371009621,0.16052205783670623,0.1582960104825787,0.15301299763866022
2001-12-24,0.1386726004064406,train,0.1541471671940359,0.16929865749456993,0.16806255557392927,0.16390427098682722
2001-12-26,0.137307066874198,train,0.15188683919917637,0.16180499879182503,0.15892782483041684,0.1635360320555914
2001-12-27,0.1359621094733096,train,0.15138715458213442,0.16579546048880606,0.16345820573669675,0.16728527394935105
2001-12-28,0.177036323890167,train,0.15097426064531577,0.17123173584002235,0.1703023259375586,0.17243249923028042
2001-12-31,0.176570729026136,train,0.16749743336062062,0.15643056733339486,0.16691024256910833,0.1688394946548339
2002-01-02,0.1773162713921609,train,0.1532644072732433,0.15208273043954856,0.15071030508370786,0.15330491215763692
2002-01-03,0.1735425259379696,train,0.15286781956079726,0.1538200316208949,0.15294015403784936,0.15211669520715349
2002-01-04,0.1937549218098615,train,0.15386569613231924,0.15449789113072013,0.15546270540789528,0.15341712058863466
2002-01-07,0.1933776397957269,train,0.15523967054224336,0.1501504888669019,0.15186727178910625,0.1470537243927426
2002-01-08,0.1938092720996004,train,0.1516954132446867,0.15555774486617266,0.15441772638729495,0.1474585352963773
2002-01-09,0.1929083217962927,train,0.15316861606852714,0.14947010603929203,0.14920469117650031,0.14564885759913346
2002-01-10,0.2037389024372687,train,0.1523241301588775,0.15784841890913132,0.15664885530569428,0.15099201076303256
2002-01-11,0.2053141932173655,train,0.1521234642670812,0.15342725445145064,0.15164922541992099,0.150113128278921
2002-01-14,0.2044040306604796,train,0.15217961086047457,0.15365981708196638,0.1517835039896045,0.15064369651902695
2002-01-15,0.2058128009229195,train,0.15173854229157405,0.15360671469438703,0.15189578128853928,0.15089949376925518
2002-01-16,0.1927115749623577,train,0.16193014054517285,0.14931663203095832,0.1545519654557984,0.15278611402652006
2002-01-17,0.194462550398024,train,0.15292454875010936,0.14821460729550642,0.1478134114346621,0.14299783649576606
2002-01-18,0.2056473714486487,train,0.15253436238150622,0.1484306819814545,0.1473609025082323,0.14281804057016512
2002-01-22,0.2125940656858537,train,0.15602747379621987,0.14539805943643822,0.1460945385805099,0.1441133972827547
2002-01-23,0.2235623413989674,train,0.15337437505543364,0.1454492970835264,0.1447699120712201,0.14105267887069314
2002-01-24,0.2275202219580059,train,0.15374922990092937,0.15622328773417332,0.1568078074517588,0.1476853892058873
2002-01-25,0.2348237065322679,train,0.1523250402545151,0.15668465742210735,0.15617792711290615,0.1496399292163024
2002-01-28,0.2347386019153351,train,0.15135141194446836,0.15699619824957514,0.15531119990255063,0.15209195275613585
2002-01-29,0.2059860685345457,train,0.19739771214727436,0.1968064668933583,0.2209298677759057,0.2047784987679881
2002-01-30,0.2002551698256802,train,0.15365254389287766,0.16238552188684835,0.16262371627070452,0.15342472741889526
2002-01-31,0.2123215931790091,train,0.15292714520882195,0.16022672367828256,0.1571439731590255,0.14961225929914554
2002-02-01,0.2206110802576792,train,0.15504994627746593,0.16510745224225618,0.16153921812537703,0.15419609985198449
2002-02-04,0.2020310357115583,train,0.17449511938300794,0.1889916036159541,0.19521217815282316,0.18614029191600534
2002-02-05,0.205149657419464,train,0.15452495625267834,0.15798553653980313,0.15816588276094293,0.15028538097664645
2002-02-06,0.2047186207686405,train,0.15249280095318118,0.15172666610359786,0.1517253083765756,0.14192718399693538
2002-02-07,0.2040475512494014,train,0.1507923197891001,0.14800316174079525,0.14737741502127422,0.13815557015046492
2002-02-08,0.1927498715281244,train,0.14901907396493214,0.14513925463841426,0.14466877839630984,0.13552890874137571
2002-02-11,0.1878437193666537,train,0.1504832697746913,0.15256832866750872,0.14953006180751954,0.13837153126358248
2002-02-12,0.1906406442358773,train,0.15344967744863253,0.16062872554866037,0.1562242211074244,0.14404562851288832
2002-02-13,0.1869793199374114,train,0.15335789393445773,0.15970151332218502,0.1570272263756082,0.14594838592645937
2002-02-14,0.1898636477745526,train,0.15366109279686324,0.15744628549367828,0.15655808673920693,0.14738542935348561
2002-02-15,0.1861738163358318,train,0.15287228835769592,0.15035385406837407,0.14888875787013858,0.14262688981118307
2002-02-19,0.1745858997132669,train,0.15753623488642293,0.1432614452180758,0.14627739926117184,0.144178638479609
2002-02-20,0.177534174903383,train,0.15166760768878818,0.14209554194771887,0.14337049721454195,0.13790388859509323
2002-02-21,0.1612585882399659,train,0.15581597462122346,0.1467277783688079,0.1515180005490077,0.14273902982506875
2002-02-22,0.1554298552639878,train,0.1496770185250441,0.14386657332764088,0.14300799168349826,0.13558964792811634
2002-02-25,0.1508372872187948,train,0.1501267860401414,0.14518662322769924,0.14397336596607557,0.1365989069304098
2002-02-26,0.1520553780463112,train,0.15247029804405587,0.15687342934159124,0.154046517024881,0.14432536765186868
2002-02-27,0.151723130374294,train,0.15191936752370816,0.15061448511181622,0.14979858563761866,0.14256645557097733
2002-02-28,0.1508919192286664,train,0.15393685795058748,0.15802713801313747,0.15632126758427223,0.14588479953836916
2002-03-01,0.1268262144669736,train,0.15190400970708332,0.1444970510296971,0.14469532392171042,0.1396519216288279
2002-03-04,0.112257211862192,train,0.15137782956051107,0.14638980619026282,0.14604873969401536,0.14027850145139828
2002-03-05,0.1144464319195788,train,0.15268406752207744,0.15594110056919042,0.1553536570991302,0.14554163758406485
2002-03-06,0.107520049188882,train,0.15208332711405198,0.14967998363961346,0.14901250212229536,0.14174230296088364
2002-03-07,0.1072522023869242,train,0.152807292742484,0.15299818592225115,0.1530554265102612,0.1439460836379128
2002-03-08,0.1064806930738778,train,0.15274286920436211,0.15662362859640064,0.15699788593033473,0.14700762795264355
2002-03-11,0.1090943183595495,train,0.15265323013696197,0.15977556440257665,0.16017972896496366,0.1489706778538865
2002-03-12,0.1161681843853338,train,0.1520398200272664,0.1622970017950519,0.16256458921651773,0.15294111131419721
2002-03-13,0.1424815001945112,train,0.15084075658788676,0.1597723841017892,0.1582562215259757,0.1534807857942598
2002-03-14,0.1448500874104472,train,0.15082222270197418,0.1656880452823268,0.16516915141986405,0.1588795474813506
2002-03-15,0.1434903646672988,train,0.15092363138733553,0.1617884898143655,0.1610663372888678,0.1592440067318218
2002-03-18,0.1659866061035912,train,0.15028172903675927,0.16255024597548307,0.16211431668812346,0.15687229100469896
2002-03-19,0.1644648792118856,train,0.1499095756064431,0.16300092328328528,0.16326555241124552,0.15588514339380946
2002-03-20,0.1507989269873674,train,0.15698793830257876,0.15416983947316634,0.15815617595784423,0.1524977707750277
2002-03-21,0.1513435738211094,train,0.14992408356470424,0.15330271688754377,0.15378749766669264,0.14474595981948765
2002-03-22,0.162480877901549,train,0.148745415932372,0.15444384824067287,0.155101843032746,0.14289420667946603
2002-03-25,0.1570526401798153,train,0.15524657780558626,0.14924517319310962,0.15249188570855493,0.143516179622792
2002-03-26,0.1597707924563066,train,0.1484318222692827,0.14887067788517502,0.1482993097700154,0.13789937186516002
2002-03-27,0.1595112440341117,train,0.14841739001080764,0.1544114064231266,0.15571859905933563,0.1413852255998917
2002-03-28,0.1734303211269652,train,0.14695030473506826,0.15614581118136564,0.15735839934008689,0.1416794534089176
2002-04-01,0.1743104081721803,train,0.14706326039811737,0.15265076673364283,0.1524139880286949,0.1399792541147649
2002-04-02,0.1763347734465055,train,0.1471158960969742,0.15678861218698154,0.1560504487360031,0.1428695659366914
2002-04-03,0.179814101250861,train,0.1486263662681607,0.15296260280693783,0.15166487231877793,0.14298366857882389
2002-04-04,0.1797279074085807,train,0.1475690713214178,0.15625819826249812,0.15478364196513725,0.144018221408312
2002-04-05,0.1838504774289326,train,0.1472937241751777,0.15923367403454025,0.15870266231476118,0.14598712321086307
2002-04-08,0.196693005777874,train,0.14795723773377356,0.15966995927624048,0.1577104202006587,0.14890136163828244
2002-04-09,0.1955067181699372,train,0.14760651422918816,0.1599194668709204,0.15915350083087376,0.14821563587322728
2002-04-10,0.2311650701019097,train,0.14793490918958183,0.15687100406092433,0.15619099216744814,0.145927335464355
2002-04-11,0.2171430384136956,train,0.19163807708081737,0.17114579259233378,0.19846668886759047,0.1834031145454192
2002-04-12,0.225841735811895,train,0.15255347832744395,0.14485337811305324,0.14387660457177484,0.1400216646921247
2002-04-15,0.2353126516460366,train,0.15394158791903734,0.1458597435461779,0.14575799453426747,0.14059726223630087
2002-04-16,0.2329422066984532,train,0.1557569802970371,0.1476038647355045,0.14784096087525989,0.1436474851034799
2002-04-17,0.2332333876447457,train,0.15259212062245045,0.15034814470532393,0.1504561446258802,0.14489474691528248
2002-04-18,0.2334469719815541,train,0.1522962667905969,0.14839317475510846,0.14833273933618338,0.1447405033041886
2002-04-19,0.233732265995917,train,0.15289952051450478,0.15223854794444683,0.15401222797733988,0.14578436511251847
2002-04-22,0.2292765831022503,train,0.15588710269360787,0.14864173144315534,0.1487524949184359,0.14468439139567832
2002-04-23,0.2310578043968753,train,0.15315541112303324,0.14697749957445094,0.1466714100484124,0.14164358485682135
2002-04-24,0.2283968937063034,train,0.1526724603059431,0.14356429726723127,0.14184293062999392,0.13946031036280576
2002-04-25,0.2314630570417122,train,0.15286612396239213,0.14638427366395962,0.14575869693886526,0.1407812368985017
2002-04-26,0.2259024584100542,train,0.1646912923291457,0.1511597298374926,0.15616616203596112,0.15397740649300265
2002-04-29,0.2260458800480768,train,0.1547688263555988,0.14272202539440942,0.14189005309653685,0.14238002749183845
2002-04-30,0.2251646028892391,train,0.1535446767521165,0.1419643930832281,0.14073751863938044,0.13998528764711296
2002-05-01,0.2212084786113583,train,0.15308926125096442,0.14302582279770507,0.14258674598664373,0.14005257739821636
2002-05-02,0.2209050894274405,train,0.15438353957619447,0.14718715034259822,0.1456950742198321,0.1430066954980347
2002-05-03,0.2375819921599364,train,0.15394879588230628,0.1454526384879735,0.14406823779479125,0.14177695250305083
2002-05-06,0.2271103402012191,train,0.1668289068738713,0.15289280155675153,0.15960975328273938,0.15587213501921113
2002-05-07,0.2291691326267309,train,0.1548981880599428,0.1457351922925441,0.1441031729151634,0.14376715740152032
2002-05-08,0.2025750551446318,train,0.15792847204893243,0.15221343822682107,0.1551182622115378,0.15040767558245452
2002-05-09,0.1983696338197249,train,0.15474110778041725,0.15104877486485113,0.15069254396210424,0.14825240429293812
2002-05-10,0.1870309647261736,train,0.15858383781390306,0.1562931622194627,0.15832700557536872,0.156811471207717
2002-05-13,0.1834349292056924,train,0.15392741014785857,0.1522588279930741,0.15172342613365572,0.15159135533041648
2002-05-14,0.1681045244783204,train,0.15317626367574388,0.15833970919059898,0.15942407074219134,0.16163403846828442
2002-05-15,0.1713184469075792,train,0.15556749123669364,0.16486119416408238,0.1617492354573294,0.1602647734027802
2002-05-16,0.1704104034456123,train,0.1546685415745874,0.1591385553305509,0.1571413174960217,0.1531363515655565
2002-05-17,0.1938263200036067,train,0.15537062574455346,0.16050022836266783,0.15981487838086644,0.15380077451644902
2002-05-20,0.1921200579173107,train,0.15422411657428797,0.15145368909212853,0.15007990028275076,0.14520118131992538
2002-05-21,0.2070791854713702,train,0.1539109743445765,0.1454539535758802,0.14398025331302386,0.1414976429272747
2002-05-22,0.2119064586613535,train,0.15732152119892945,0.15472788059823184,0.15517081098871727,0.1487469681841578
2002-05-23,0.2159231190349804,train,0.15354473221416653,0.14795670154548485,0.14643509897406928,0.14403707188153822
2002-05-24,0.2118331377028687,train,0.15535129930800948,0.14675364336309912,0.14684870781748713,0.14445816806863135
2002-05-28,0.2258165427060372,train,0.15407197979338663,0.14471507016563237,0.1448490132115941,0.14316422535122497
2002-05-29,0.2243470172924466,train,0.15414663299314027,0.1484390041462861,0.14725202091361966,0.14525740240866378
2002-05-30,0.232431071616995,train,0.15347558979913473,0.14601181538187333,0.14410661047894613,0.14463890363172968
2002-05-31,0.2329245765347654,train,0.15286085873047706,0.14907274789052044,0.14748853825909902,0.14659625140218624
2002-06-03,0.2235980911888672,train,0.20097255097788255,0.18924007768842704,0.21415154558935437,0.20370511491638513
2002-06-04,0.2360518974247506,train,0.15499687019847724,0.14036864056489592,0.13944948219596034,0.1413113937438688
2002-06-05,0.2345862334868056,train,0.1547132682277929,0.14107690305750958,0.13970273513711715,0.14117959050875148
2002-06-06,0.262448449662005,train,0.16382184991893747,0.15002465110250418,0.15634145549024048,0.15335175634863646
2002-06-07,0.2661790135528917,train,0.1537707978827363,0.14204452270406742,0.14109498893722464,0.14134667272341866
2002-06-10,0.2808247035074536,train,0.15900522924019292,0.15145306004555198,0.1492551269711328,0.14817608809227847
2002-06-11,0.3039942402686884,train,0.15828338628105476,0.1407740122744998,0.14367091799465354,0.14542490495739763
2002-06-12,0.3045941287355745,train,0.15443772081166526,0.14243667726674458,0.1408314385707089,0.14149065355372864
2002-06-13,0.3050097785607356,train,0.15517742440132043,0.14138761599143398,0.13958963283516682,0.14214573150954546
2002-06-14,0.3055488823391304,train,0.15333974882044624,0.13811330438593483,0.13866936348497763,0.1400996567952603
2002-06-17,0.2988394639995386,train,0.15465917962111264,0.13722965732411654,0.13792494327552546,0.1416274028853578
2002-06-18,0.2975260382479738,train,0.15549791868032067,0.15277582515971966,0.1495583975700703,0.14623601251824092
2002-06-19,0.3084843625463039,train,0.16095775574122018,0.14338486698034397,0.15153296373133465,0.1491102417626291
2002-06-20,0.3305333782907796,train,0.15247341676489692,0.13944866431291913,0.14241410275320732,0.13942640596759767
2002-06-21,0.3428117982988389,train,0.15193912762069287,0.13960238365694014,0.14275386874718712,0.13933444489924734
2002-06-24,0.3562039793937072,train,0.15144789941105471,0.13596957924926054,0.13770200070041885,0.1347404473199903
2002-06-25,0.4033629692861628,train,0.1530465827591113,0.1447430823055218,0.15048734109092973,0.14255547200224433
2002-06-26,0.4044574659891761,train,0.15780077592913447,0.13965093200804843,0.13938086262724883,0.13774241525518138
2002-06-27,0.4053155152373136,train,0.1501056510209289,0.1351206755812993,0.13574596330018485,0.13297198046791528
2002-06-28,0.4387541757332909,train,0.15729448502843194,0.16560211246730247,0.15540753184971534,0.14616279106862068
2002-07-01,0.4355802051481878,train,0.15539254215312615,0.13675085587863753,0.14158368700291202,0.14306446192377625
2002-07-02,0.4289537359694462,train,0.15314469303809347,0.13696052940709183,0.14160826946007846,0.14025136625879125
2002-07-03,0.4386506707644257,train,0.1589845677099301,0.13643792423524567,0.1353947764202334,0.13996052208306672
2002-07-05,0.4239234596384301,train,0.15614141809197785,0.13312704308590262,0.13865327043880446,0.14340325358815173
2002-07-08,0.4399162759247888,train,0.15465984362571636,0.1378810201349265,0.1371862188956738,0.14007369017919138
2002-07-09,0.4462498319363275,train,0.16359018487232202,0.1592178421120214,0.16469497702419433,0.1588777851149845
2002-07-10,0.4307904462229445,train,0.20248393396060868,0.3149278886661727,0.24706700836380083,0.23873588772823834
2002-07-11,0.4444374291047623,train,0.19751472025834083,0.17417242414142964,0.18800438498702846,0.1576578242328924
2002-07-12,0.4429031623190929,train,0.18804473157567062,0.1534345425610076,0.15784921284624284,0.14747069344749952
2002-07-15,0.4432721384848765,train,0.18232766178589724,0.1583291415777117,0.16388588589485453,0.14923843157832384
2002-07-16,0.442685757931937,train,0.18439625626809697,0.13531575446463986,0.13969481702617725,0.1392553883441377
2002-07-17,0.4605868835821647,train,0.19267096915269732,0.13648963275793238,0.1325605906775241,0.14230748362173923
2002-07-18,0.4481797363381964,train,0.18144109008703993,0.11776683246962745,0.1266515978380389,0.1508390250793188
2002-07-19,0.4298893793817313,train,0.19412558643044606,0.15260375984249994,0.15523924435601005,0.17050074706964058
2002-07-22,0.4244275613875595,train,0.2567515056491814,0.25203395597290046,0.20718973540293195,0.24315490181464627
2002-07-23,0.4145611612178598,train,0.2959452730237577,0.1951994916431032,0.18834976073715212,0.21871703747839744
2002-07-24,0.363491570634911,train,0.36664428098523705,0.37389909603461713,0.2727415258808293,0.35711073035267316
2002-07-25,0.3638476600511154,train,0.3553889195190964,0.15793751898815195,0.16359784899249358,0.19789149339209122
2002-07-26,0.3658671307491346,train,0.3439489126200088,0.19070957842425773,0.16509421255874038,0.22753106148516408
2002-07-29,0.3255157451561022,train,0.3081240525217735,0.14986991853149195,0.15342991047591062,0.18961324188561995
2002-07-30,0.3248814255742774,train,0.3113435351579479,0.20485897516500975,0.16368491832748608,0.22796135989373614
2002-07-31,0.3341256056368453,train,0.29588751170906075,0.21767703042886832,0.16639702004615461,0.21926878914071848
2002-08-01,0.3206618332175079,train,0.22187346639157354,0.13259552248474274,0.13678209805908048,0.168118830030848
2002-08-02,0.3107112920838891,train,0.2514110921400561,0.1381823275086955,0.14398251874782833,0.170030000678731
2002-08-05,0.3158879324552331,train,0.29074355563225535,0.14091523810954712,0.1462131644786166,0.19132876996210144
2002-08-06,0.2974961794036322,train,0.29043853231856503,0.11654083306034659,0.11874740234008539,0.17253932032745573
2002-08-07,0.2926659923264322,train,0.2811778313429899,0.13774944677005108,0.12775554534380953,0.18040231240292148
2002-08-08,0.2742762423306308,train,0.32766094747600133,0.16673097368349227,0.1697003823889439,0.24320510963565617
2002-08-09,0.2751814939519025,train,0.3124479966432871,0.15135399431701574,0.13413559509446354,0.20839134196689488
2002-08-12,0.2769126172102369,train,0.2891560701930796,0.18194329035711276,0.15991200639328393,0.19832814378738786
2002-08-13,0.2700293735346015,train,0.2437441227858142,0.13609779863134874,0.13212301243889749,0.17009699179764706
2002-08-14,0.2471013192264559,train,0.22710659342322362,0.11583536815716715,0.11984436425294018,0.1643998248377858
2002-08-15,0.2423658983067965,train,0.2466782332516944,0.22115371614030252,0.21367706872662476,0.17552658673438074
2002-08-16,0.2422880959706365,train,0.22917909304025327,0.23988916165413368,0.2350562283274905,0.1689060125840849
2002-08-19,0.2423659611978968,train,0.21232454526782532,0.1952769705324486,0.19612129680642063,0.16487260901363332
2002-08-20,0.2420576013808921,train,0.20373459040841682,0.24272371510584173,0.24190150978521174,0.16770844267890878
2002-08-21,0.2543104484891246,train,0.21210585415279268,0.2680210588054698,0.2680436526584654,0.17710345829959281
2002-08-22,0.2519882584427074,train,0.21315261719351658,0.2820004858733867,0.2812196217240025,0.18946145782317372
2002-08-23,0.2416367751481971,train,0.1834138257322097,0.1966506598126901,0.21054094337573934,0.17803507624421366
2002-08-26,0.2472130639536631,train,0.19664959307859742,0.21799024508328096,0.2168662576876755,0.18451630190808718
2002-08-27,0.2587795628488166,train,0.18986844290969337,0.19876353779582617,0.20151113728883474,0.18500348629346935
2002-08-28,0.2532177875324456,train,0.17909143586229753,0.17649286396132477,0.19351327009149316,0.17455050506156558
2002-08-29,0.2826433521371855,train,0.20035573896841477,0.19369232443513687,0.19299314382899274,0.18185824270053916
2002-08-30,0.2853240795277581,train,0.20817167072424578,0.21349588775306644,0.2123667506892934,0.19582780673658073
2002-09-03,0.3001911698455724,train,0.17573710418195854,0.20833621613775052,0.2524552130740197,0.18819742577324158
2002-09-04,0.3150553230649939,train,0.19977071003973482,0.15891109673064646,0.15970533031884543,0.1544784913043811
2002-09-05,0.3156638506706201,train,0.2015342907190893,0.16911581093843053,0.16873651147288887,0.1555909738348296
2002-09-06,0.3187726441464569,train,0.21086615207578635,0.20551261479391847,0.2036048392129558,0.16550512910070736
2002-09-09,0.3262514255883377,train,0.21380675389991527,0.19553373933625282,0.1953351921622035,0.1735507659982978
2002-09-10,0.3284014389855341,train,0.24532338639492673,0.2817610070602599,0.2879984315305263,0.19619704355099613
2002-09-11,0.3430752981933427,train,0.23247689703787597,0.24833975336970557,0.2485556711014361,0.2075182409184005
2002-09-12,0.3551679355637692,train,0.20917589593535774,0.20370165507101146,0.2161909493835762,0.19961094185964434
2002-09-13,0.3862662902634036,train,0.23100032227749298,0.22976148578595723,0.22999561224046394,0.21200897903988214
2002-09-16,0.3866739140675084,train,0.2324422073513174,0.2220180138385509,0.22090059211687976,0.22674993922280065
2002-09-17,0.4129709350705086,train,0.21096806390596512,0.19741693284297485,0.23559449940876934,0.2125176562753439
2002-09-18,0.4205392511488018,train,0.21823350990026585,0.19939296483740174,0.20288548922462785,0.19951987665493193
2002-09-19,0.4160188296340972,train,0.20978043109726166,0.18346850125889358,0.20790544510145276,0.19626951554431482
2002-09-20,0.4162822575569812,train,0.23107087865070203,0.2094665121679243,0.21003349527692589,0.19412787177023544
2002-09-23,0.4196797488560624,train,0.22971767046363428,0.19608359749041546,0.19835892471617794,0.20092658435366187
2002-09-24,0.4164799872495949,train,0.23016784634884827,0.18838032826984055,0.19292315402094357,0.20080928134543044
2002-09-25,0.4081965029858343,train,0.22615783842235126,0.1809257489081855,0.19060653715942338,0.19670489582613998
2002-09-26,0.4106805639508152,train,0.232422509274191,0.22476240938979206,0.22962856011519248,0.1954701995835929
2002-09-27,0.3977942426396015,train,0.19736737922254313,0.15638614835783743,0.2059014653074612,0.19534698262401592
2002-09-30,0.3963168274870865,train,0.20233225060981358,0.13290429571770765,0.14059672343654464,0.1680705027915159
2002-10-01,0.3619820714726232,train,0.20364577484770166,0.14072699478858003,0.15392006617413262,0.18699793193639794
2002-10-02,0.3471768318284507,train,0.20021896969322425,0.11647922819199143,0.12356167051757273,0.16591880960497918
2002-10-03,0.3472041740091702,train,0.21944307824463197,0.11981554279351386,0.1152800428037851,0.16112845121454789
2002-10-04,0.3479368464349597,train,0.22030367133019493,0.1090400815977788,0.11349135376316052,0.16347321586778157
2002-10-07,0.3416081771573622,train,0.2404325328380334,0.10802152992218803,0.11384114451673899,0.17488479869622575
2002-10-08,0.3382744656317373,train,0.26629209839571355,0.10934617910431922,0.11043855529211886,0.17390547768440215
2002-10-09,0.3258441928244634,train,0.26039624848648085,0.11462802501399841,0.11316869395096676,0.174856842041107
2002-10-10,0.3179999247562682,train,0.2625449524556023,0.1105234875945036,0.11215114684716904,0.18045646972125437
2002-10-11,0.2826636514819666,train,0.25209840698774005,0.11156155068125807,0.11371188243236506,0.1743118599784571
2002-10-14,0.2873756952168563,train,0.2814012378823895,0.20557357075964064,0.1972669947408523,0.1896671252078419
2002-10-15,0.2357360385869635,train,0.22279223464424328,0.12193041496477859,0.13387529474194304,0.1758495392012392
2002-10-16,0.2190845017724804,train,0.21182909466174965,0.13432542774253492,0.13503556727669022,0.16634601655114517
2002-10-17,0.2179923462883136,train,0.22118535778433157,0.16493037591739726,0.158299745978546,0.16626040449608204
2002-10-18,0.2190483606316876,train,0.2363021161472482,0.20260298045415112,0.19671943880409534,0.17013555741003886
2002-10-21,0.2134978309450916,train,0.21979872949963492,0.16333183590679362,0.16285141566713063,0.1668374111348978
2002-10-22,0.2119999088080082,train,0.24689030033516815,0.25076121818982783,0.25469020136475673,0.18377577319582813
2002-10-23,0.2243242817285906,train,0.2527588059002646,0.24044552662309374,0.24620217752987553,0.1980632009179532
2002-10-24,0.2219415547802816,train,0.2218407420126766,0.2043216673358021,0.2128999009049509,0.1934199076053435
2002-10-25,0.211067288073696,train,0.22005183603109277,0.20996338577613852,0.21626688303210367,0.19156398621562692
2002-10-28,0.209790445104634,train,0.216675243653846,0.22696453941033332,0.23172182060728427,0.19191824867801202
2002-10-29,0.2166836682028264,train,0.20456298622472047,0.20344334862309799,0.21259235949889904,0.1879553647472601
2002-10-30,0.2355328292927781,train,0.21438000528953088,0.24092719034026616,0.24147584282059698,0.19493023622277816
2002-10-31,0.2329929415878014,train,0.20489962977685244,0.2264574945115534,0.228531900455383,0.19790747824378568
2002-11-01,0.2224624239182133,train,0.20139014892422952,0.1989796555290057,0.20313839898381264,0.1986021999334308
2002-11-04,0.2250440021789754,train,0.19461770101663603,0.21700724457918,0.22196373458922103,0.19704121732446975
2002-11-05,0.2238825237566702,train,0.20073631183716725,0.2347285313822417,0.2319177214776473,0.20876151760093553
2002-11-06,0.2226798142402984,train,0.19137635743600015,0.19774051310604246,0.20175219028060065,0.21120578157153622
2002-11-07,0.2058391175878018,train,0.18496229506652115,0.18357051679572656,0.20151516571107114,0.19669303460476756
2002-11-08,0.2241706257981464,train,0.17929501622017122,0.1904237940701973,0.19573223458792835,0.18425132698108884
2002-11-11,0.2222844391053521,train,0.177800839743465,0.1707992441707623,0.17806275825346518,0.17970936725606615
2002-11-12,0.2205306093255791,train,0.17804197167377203,0.1879143876629801,0.18555626802497982,0.17879669422543973
2002-11-13,0.2205017715856422,train,0.17536161638727327,0.1757017261435031,0.1766040771641146,0.17982989064803118
2002-11-14,0.2177073430394635,train,0.1756069886462485,0.18952495680479298,0.18655963434641257,0.18336860074770803
2002-11-15,0.2343630492521039,train,0.17238627513943638,0.19013614696933262,0.18911924308253156,0.18691885330688537
2002-11-18,0.2336778498218421,train,0.1694522955105902,0.17783878900766306,0.17775681403842816,0.18399008045309748
2002-11-19,0.2372463461461073,train,0.1691239673135306,0.18571602634609521,0.1816329415970291,0.19024000657580398
2002-11-20,0.2254585625772623,train,0.168523353170242,0.16233606724998745,0.16561756935454147,0.18643681223520425
2002-11-21,0.2215091371610556,train,0.16631690700134052,0.1689041839427163,0.17393088632490866,0.18528059711296704
2002-11-22,0.2200550241944937,train,0.16242388846690417,0.17882129161673718,0.17727202995117877,0.1774125129430704
2002-11-25,0.2216121468433607,train,0.16116641613293697,0.16768186251478176,0.1669470863367866,0.17519656677907944
2002-11-26,0.2108489461063301,train,0.16773233804657373,0.14668068567424877,0.15890205456533402,0.16838815623332945
2002-11-27,0.2031608403212041,train,0.160746980363144,0.14271665612967005,0.14687118346956346,0.15638289321874518
2002-11-29,0.2049836522008526,train,0.16392299612950537,0.15777409926206526,0.15372709231230489,0.16186318280261977
2002-12-02,0.2049623832693846,train,0.1600836151355311,0.14781807947522263,0.14827578081532267,0.15961524162621468
2002-12-03,0.2288416930379669,train,0.1608046042965683,0.153233860909513,0.1511681497432669,0.1596760261202882
2002-12-04,0.2285349662895357,train,0.16176040699732497,0.15625950813638323,0.15438902265790092,0.16402406729724592
2002-12-05,0.2335039813795972,train,0.16563893516561323,0.16270516339636773,0.1591681747685218,0.17447667690370183
2002-12-06,0.232513090411436,train,0.1670385587812584,0.17076867160078507,0.16699122677006795,0.1847248536446542
2002-12-09,0.2166593969488998,train,0.17500620068374398,0.15791822861376553,0.17522801453788486,0.18498883982394007
2002-12-10,0.2184079621952011,train,0.16681888275906565,0.16032877551490107,0.15789852243388677,0.16973190962702406
2002-12-11,0.2185942431593651,train,0.1660771886623496,0.16885992987553317,0.1659629012133673,0.1717627047321934
2002-12-12,0.2185968933522044,train,0.16575640146522813,0.17534691615321105,0.17148664878430328,0.1761062815913254
2002-12-13,0.2115137959678714,train,0.16697964718379038,0.15306288626107314,0.15698677438592926,0.17281324678194976
2002-12-16,0.1943964569248445,train,0.16564105027816892,0.1502099766568562,0.15020311050097152,0.16856363276617572
2002-12-17,0.1924458433081375,train,0.16517870289438882,0.16951903655230352,0.1658348137625164,0.17071393466512974
2002-12-18,0.1952585405835476,train,0.16511450067232786,0.1508308634189517,0.15160768533123264,0.1683954862674971
2002-12-19,0.2014378332321592,train,0.1658499435541954,0.1429353877752556,0.14723440257478726,0.16459379098628135
2002-12-20,0.1998029829818744,train,0.1646946332637761,0.1502109049610876,0.1479256327172875,0.1618022457771023
2002-12-23,0.200971563022104,train,0.16966998292084304,0.17778710082585822,0.17308465878278972,0.17601652841931342
2002-12-24,0.22050739271702,train,0.1688467483992363,0.1742954560637037,0.17064188987001289,0.18870209803390373
2002-12-26,0.2258435826399462,train,0.1656239398353627,0.1594426539614643,0.15620314919123188,0.18683116680256007
2002-12-27,0.212536308712745,train,0.1811028051197762,0.1441256164711765,0.16099267149275404,0.18777001770441507
2002-12-30,0.2121717611642438,train,0.1704476547760698,0.1489543660015506,0.1454460799801496,0.17713689530007065
2002-12-31,0.2285721045096665,train,0.16848203482121563,0.15837859364968493,0.15533806116650287,0.18090830097438101
2003-01-02,0.2102507722443927,train,0.17434657512011723,0.14681128499690022,0.1632863285324353,0.17952578891105928
2003-01-03,0.2100852606666544,train,0.16617710187295642,0.16256376265226818,0.16045912566323114,0.16780346760563047
2003-01-06,0.2037795092725889,train,0.16389611219718928,0.1430785032950773,0.14442474446593503,0.1626589739958904
2003-01-07,0.2047859309000186,train,0.16340751621542993,0.16042358735907314,0.15871583536817319,0.16521669007486023
2003-01-08,0.1988685459100863,train,0.16319238520275536,0.14723695242821375,0.14888073293076087,0.16002401716256084
2003-01-09,0.1960879250598171,train,0.16205947876106858,0.15278205444385237,0.1494049694561607,0.1611323952051176
2003-01-10,0.1974460361709819,train,0.16141625882943855,0.15880229303114077,0.15535896218888282,0.16566227966372912
2003-01-13,0.1989685335936442,train,0.16007234842546353,0.1617380450180274,0.15822542516116478,0.16933896984990238
2003-01-14,0.206666947541478,train,0.15875331306065293,0.16072328466643865,0.15691835256215378,0.1734312850227366
2003-01-15,0.2038727371083376,train,0.1600574146393036,0.15100506310553752,0.1503859016336218,0.17139929365094866
2003-01-16,0.2173511109235229,train,0.15753340229642002,0.16101900481511355,0.15789706588321903,0.17662024570995513
2003-01-17,0.2197227620239651,train,0.1621425008115695,0.14847722644112232,0.14870005073014592,0.17573236606197096
2003-01-21,0.2133825519375078,train,0.16800531826913515,0.14389877825631667,0.1504806440516214,0.17028031686120307
2003-01-22,0.2119711819517915,train,0.1651963028452416,0.1398871412126641,0.14257463466662645,0.1635202827939741
2003-01-23,0.2138440723718624,train,0.16122974162312262,0.1408770581478827,0.13941201339868606,0.1575922275117293
2003-01-24,0.2004090136472559,train,0.1836318026773241,0.1745918968733601,0.19109974437403665,0.19182918808752814
2003-01-27,0.1964156877145121,train,0.16453033951037938,0.1473857009516515,0.15091919186251873,0.1627132539096601
2003-01-28,0.2015107953378003,train,0.1660554296891029,0.12714464285990562,0.12844047622483812,0.14574877613741888
2003-01-29,0.2050880526558157,train,0.166428282756371,0.1269984757595323,0.12772361161063195,0.14646535389141863
2003-01-30,0.1880459772149259,train,0.16527175517739343,0.12443546346204215,0.1304633077436111,0.1518552511648289
2003-01-31,0.1786399303948456,train,0.172912132212099,0.13012378910076017,0.12835697833265006,0.14970141200925996
2003-02-03,0.1873871751554947,train,0.17873252244742388,0.16569262311147856,0.15699682169908136,0.1620778900742447
2003-02-04,0.1864697227417209,train,0.17092297364116932,0.13582098459926942,0.13494141296760231,0.1572578994080458
2003-02-05,0.1875534376593921,train,0.17107803886105993,0.1334823178231912,0.1335191856848944,0.1567260892749411
2003-02-06,0.1883839923042686,train,0.18180927953318707,0.1514992104759761,0.14855970648372793,0.1661922300939385
2003-02-07,0.2025558143681479,train,0.18089883669412635,0.1466182756788195,0.14508729888071875,0.1711651743824475
2003-02-10,0.2040462952997421,train,0.19023270067446668,0.1650149006180985,0.16226502873869322,0.18229210006858607
2003-02-11,0.2039434992571384,train,0.18656591188824065,0.16522257424032957,0.16321775883019493,0.18522348508033357
2003-02-12,0.2299380283867509,train,0.18793259436431228,0.15553823731340788,0.157514057369528,0.189096121134552
2003-02-13,0.2299679028976778,train,0.18804731706202515,0.16366573954649413,0.1626518490744457,0.1870663798366432
2003-02-14,0.2431318080161374,train,0.18646853641567657,0.15443624115865207,0.15701827882915545,0.18554406052110942
2003-02-18,0.2360420998547353,train,0.1842252706738587,0.1672668469214037,0.16812851721712135,0.1826760111353969
2003-02-19,0.2368601891841443,train,0.18199563260548413,0.17472192864137717,0.17411521544532296,0.18282989856165008
2003-02-20,0.2342949934805638,train,0.18056949526866498,0.16201463956816042,0.1618313325792756,0.18256507122626892
2003-02-21,0.2433985918190571,train,0.1770047496321565,0.15029999042852094,0.1541726651168299,0.1798745571151436
2003-02-24,0.2650938036036938,train,0.17694673421824691,0.14986128946642718,0.150704659296868,0.17631447712816425
2003-02-25,0.2657438595997223,train,0.17933714128988665,0.15345326860582179,0.15110497014510937,0.17925802040904149
2003-02-26,0.261206115557103,train,0.17767023359764844,0.15182641636711286,0.15066379628427393,0.18033563855077853
2003-02-27,0.257031298425922,train,0.17593460038381875,0.15174390882121788,0.15147339760343123,0.17924445096906466
2003-02-28,0.2565853878594763,train,0.17462824904757016,0.1685578136519378,0.16633959031744777,0.1816139872304676
2003-03-03,0.2670818508467449,train,0.17298358861208732,0.14985745176249152,0.1510018321236865,0.1785856365808093
2003-03-04,0.2664627165151945,train,0.1752654261924905,0.14223748322340124,0.14432373335915347,0.17768926469279753
2003-03-05,0.2780256368099336,train,0.17441595351280473,0.15457036348658681,0.15125962784354263,0.17869983921891744
2003-03-06,0.2769334122426611,train,0.1731430385581761,0.15234328076806683,0.1495549930990463,0.1806976507647185
2003-03-07,0.276657118066048,train,0.1740809478307317,0.14731641144811652,0.14550149423610106,0.18275634654820475
2003-03-10,0.2629610964543311,train,0.1832457357973026,0.13908627146895872,0.15246265295308192,0.18658397436206886
2003-03-11,0.2606695269338937,train,0.17839222711547267,0.13651524786191355,0.13550236855571157,0.17422646547574308
2003-03-12,0.2638085206058141,train,0.18117508342801675,0.14204727576510282,0.13964462174167713,0.1768818964789082
2003-03-13,0.2354662556358239,train,0.1785250264147471,0.13693272548959426,0.14584092417070793,0.17579169970603925
2003-03-14,0.2356444081905991,train,0.1751536519414597,0.14688665746908441,0.14663267477726571,0.1678442746910329
2003-03-17,0.220622508620795,train,0.1719580721975682,0.13512722451618936,0.14239413005831608,0.16527053200709252
2003-03-18,0.2221008116261907,train,0.17249484628243814,0.15663388458809452,0.15128685028506064,0.1616477863887169
2003-03-19,0.2287238714909369,train,0.168702465897201,0.14564005793742332,0.1431439893890821,0.15797514755119624
2003-03-20,0.2345028864546567,train,0.17160961913597778,0.14854396060057443,0.1469156933865646,0.16005093187954508
2003-03-21,0.2222349106898157,train,0.16440881288818748,0.13964114857092952,0.14230718393399516,0.15569152464767236
2003-03-24,0.1984687334711726,train,0.1634828745109196,0.1311193222701076,0.14116248207887933,0.15449757032985562
2003-03-25,0.1982463531244493,train,0.1643496831657488,0.13768444363759988,0.13508086434766375,0.14727918466119952
2003-03-26,0.1999692096689746,train,0.1670219809126,0.15528795749810215,0.14822552719452378,0.15464694182935618
2003-03-27,0.20477116663082,train,0.16653382975103614,0.14884894401951493,0.14460540689684115,0.15547846831638776
2003-03-28,0.2128635209788224,train,0.17132332807906112,0.15774899301331635,0.15220823835335442,0.16429776492840414
2003-03-31,0.1966115079765837,train,0.16793584641976766,0.13258589508529392,0.13679867835647214,0.15996526138501582
2003-04-01,0.189095410066072,train,0.17299332159406297,0.1480648572601201,0.14449982545050952,0.16311882797195587
2003-04-02,0.1690191948126092,train,0.16962184576251865,0.14566083674344496,0.14396346370867955,0.16329337754338716
2003-04-03,0.1755103518374996,train,0.1684553910950622,0.152361105610862,0.15061535495375875,0.1645244274879009
2003-04-04,0.1743857400542326,train,0.16860622521726917,0.15052908256306793,0.14809808997079602,0.16520263261762339
2003-04-07,0.1774264596166088,train,0.1660662604678805,0.1436046396022027,0.14635239048886847,0.1643602074140837
2003-04-08,0.1784287188348338,train,0.16939710945843348,0.17531810407790757,0.1701568081948625,0.17104994954275288
2003-04-09,0.1758328497799406,train,0.1666890884713676,0.15258623145050595,0.15038917415882244,0.1706185453852646
2003-04-10,0.1814342776546023,train,0.16725470484893507,0.16385826279309995,0.15988393201206735,0.17605045320940682
2003-04-11,0.1859513595058325,train,0.1650861417785816,0.1652650331926168,0.16295226535450755,0.17780207190986966
2003-04-14,0.1713274757973684,train,0.16582339682636527,0.1526904634411235,0.1530356949559468,0.1750772839944922
2003-04-15,0.1682923717578562,train,0.16387624763356096,0.16186868264767132,0.16239598072840628,0.17524306141647794
2003-04-16,0.1584439370124201,train,0.16631735655738317,0.14603341836734515,0.15133998139598062,0.1676610565392677
2003-04-17,0.1498310867401491,train,0.16223212545846383,0.15041521335467534,0.14846313772324657,0.16289576931494487
2003-04-21,0.1717581322839197,train,0.16152222935915497,0.15803365499489888,0.15558420529646996,0.16453134482928528
2003-04-22,0.1586166857343607,train,0.16324839700641813,0.1391032149605853,0.14309792007238806,0.16175247427830505
2003-04-23,0.1554231610090048,train,0.16002069081570314,0.1546847103086488,0.15295229147665476,0.16136111147711668
2003-04-24,0.156141652738306,train,0.15942001390990082,0.14923763320726594,0.1488938351055243,0.1596117968891519
2003-04-25,0.1499346750326134,train,0.1595378201142858,0.1435883113180398,0.14264197581563406,0.1556650218668052
2003-04-28,0.1502215292902669,train,0.15875973552415493,0.14187018667510962,0.13965794791870104,0.15542712739316564
2003-04-29,0.1505558438580354,train,0.15801127164450904,0.15266409137009027,0.15147437126686653,0.1603189014195992
2003-04-30,0.1507706320357013,train,0.1565734723958337,0.15250795384787916,0.150681664879883,0.1602023716215343
2003-05-01,0.1609964868039258,train,0.15653702811139858,0.1471103978511585,0.14523764584898743,0.15881410518008152
2003-05-02,0.1536533245931909,train,0.1560878280274553,0.14763624813139073,0.14553061656765856,0.1592910453931077
2003-05-05,0.1541885894771474,train,0.15457344957305963,0.15908821433581785,0.1566519590374353,0.16410385553866846
2003-05-06,0.1588767970269363,train,0.15351176536201347,0.1556474038288507,0.1533984964411879,0.16593659691402413
2003-05-07,0.1586178635199338,train,0.15295943826108968,0.15596795166355618,0.1538229065523782,0.16575175859705982
2003-05-08,0.1551249915301095,train,0.15477705147479925,0.1518529071945181,0.1508907481396141,0.16335255874096374
2003-05-09,0.1516551047768499,train,0.15416307999621168,0.15066818528787795,0.14930383696952368,0.1606630126448312
2003-05-12,0.1497262406482177,train,0.1538498640222166,0.14947757957777436,0.14780007957310778,0.1590229359154133
2003-05-13,0.1541837922473906,train,0.1530811013103259,0.15405204968480946,0.15463949439735686,0.1588654726912746
2003-05-14,0.1543905168131737,train,0.15175346826952188,0.15198630586875292,0.15081833943695414,0.15586259583735126
2003-05-15,0.1572217971490305,train,0.15132021033718707,0.15300886946741132,0.15320783647417444,0.1566871669285227
2003-05-16,0.1735738480983591,train,0.14986968597525244,0.15502287513449756,0.15505825964118272,0.15521617959047884
2003-05-19,0.1518672144903201,train,0.18118149975750306,0.15503447840672127,0.17205222140853213,0.1732569267929537
2003-05-20,0.1517249084867913,train,0.1546037011686619,0.14083636364453422,0.13977653389999684,0.14429995359637843
2003-05-21,0.161081990942773,train,0.15421570810380597,0.14345955827348175,0.14144445580426487,0.14641347256237797
2003-05-22,0.1574144111436796,train,0.1550958786192856,0.14184738962120075,0.14064536765113625,0.14616376259353822
2003-05-23,0.1614525709953744,train,0.15391161688644658,0.1472846996140662,0.14703085790167156,0.14807924249891355
2003-05-27,0.1493027842807707,train,0.15466230148848106,0.14083349881700305,0.13928261432096564,0.1464675040579306
2003-05-28,0.1532181078303535,train,0.15330837129189046,0.15061484027348512,0.15111897816244999,0.15091379040544023
2003-05-29,0.1596823540446101,train,0.15299675796379603,0.14589118535575918,0.14591923826736197,0.1492518468221157
2003-05-30,0.1549432010008219,train,0.15261553378013828,0.14517287041833185,0.14394093528187282,0.14788250373550865
2003-06-02,0.15425625480039,train,0.15468784895797552,0.14448981923866278,0.14531927228400002,0.14778021541126435
2003-06-03,0.1569847490115405,train,0.1529429297355467,0.15350317464638288,0.15331640850322786,0.15147075006317115
2003-06-04,0.1550182406132407,train,0.1518754219432629,0.1483446052776444,0.1461146542743954,0.15066659791210843
2003-06-05,0.1583719024133142,train,0.1515814984700704,0.15094977673589285,0.14929779072103505,0.15188012214646593
2003-06-06,0.1725006383935782,train,0.1532125129231134,0.14930397935853024,0.14923604769358573,0.15289514299291834
2003-06-09,0.1693777270269197,train,0.1539847318479534,0.14770702459291327,0.14632377234549637,0.15012585712914447
2003-06-10,0.1667296470653611,train,0.15276272770117325,0.14919100670314064,0.14772853585533557,0.14909039601358406
2003-06-11,0.1687324672622308,train,0.15191983978172915,0.14967533270587627,0.14778402747015953,0.14950981963733598
2003-06-12,0.1716652153701681,train,0.1513978442734477,0.15227492340750942,0.15112261413015146,0.15078672261239892
2003-06-13,0.1684685845908456,train,0.15421616698680488,0.14756317635937863,0.14782085206012707,0.14930531663945804
2003-06-16,0.1514997853151157,train,0.1545953869431244,0.14548841322027384,0.1444893361261285,0.1474982911557285
2003-06-17,0.1529345378634452,train,0.15252620481555415,0.15179532308938226,0.15310533896994,0.14810437798188658
2003-06-18,0.1611233865592461,train,0.151233794739259,0.1505561870957431,0.15080190826564574,0.14569050457018173
2003-06-19,0.1558598383690905,train,0.15772443868673944,0.1451185040601042,0.1476486718733742,0.14578058562131227
2003-06-20,0.1618014434340711,train,0.15205020843201675,0.14629041911060178,0.14652987715033305,0.14182187245672898
2003-06-23,0.1608231188787516,train,0.15442542604014334,0.14286942257118218,0.142171139699692,0.14212246564863937
2003-06-24,0.1608022495303657,train,0.15261360959008782,0.14666483154683416,0.14582563243809327,0.14336902782269553
2003-06-25,0.1590513801487098,train,0.1540007031410012,0.14277299624519646,0.1417674056043217,0.14259094516032167
2003-06-26,0.1644772829410306,train,0.154012336054571,0.14234999125733952,0.14056502102683663,0.14324987104880713
2003-06-27,0.1597748696027085,train,0.15527986984389897,0.14329505500628137,0.1441494833011304,0.14387280019988238
2003-06-30,0.1606093872623991,train,0.1531281285400854,0.1473482596239613,0.14720311030495847,0.14416221714051586
2003-07-01,0.1575053696787725,train,0.15363646315531754,0.14193850310910183,0.14078103161196978,0.1418982314479777
2003-07-02,0.1513433358236108,train,0.15259286958806162,0.14675530798521644,0.14648147673415163,0.14355989488202178
2003-07-03,0.1501472405991176,train,0.15430467462677808,0.14321090092872565,0.14289613079753055,0.1427378192314883
2003-07-07,0.132949675384794,train,0.15336509352007377,0.1419457210496392,0.1407300847364971,0.14148885347546727
2003-07-08,0.1523806694307043,train,0.15235367247686668,0.14558041320930526,0.14582128684007065,0.14328334101201706
2003-07-09,0.1524478790165174,train,0.15243590682091845,0.1444295213980152,0.1447154796751567,0.14212233403407837
2003-07-10,0.1501741244869507,train,0.1535817127393088,0.14309716918779927,0.14323229837003895,0.14142993836579004
2003-07-11,0.1467532246537177,train,0.15166417384280295,0.14467416601328273,0.14416086890287744,0.14075825446173576
2003-07-14,0.1463379502019055,train,0.15161798176278377,0.14379754613186385,0.14328852226860636,0.1404216999667981
2003-07-15,0.1496448060047006,train,0.1510864624356251,0.14705405735878904,0.1471491089633635,0.14163490910405144
2003-07-16,0.1492953629481596,train,0.15065890089184664,0.14536782622413838,0.1441258365741222,0.14027382932798121
2003-07-17,0.1407154008782136,train,0.15337701771700404,0.1434504987459605,0.14272432326124251,0.14123265584583294
2003-07-18,0.1364245067734214,train,0.15173090795685784,0.1448521047902942,0.1436457061017548,0.1410540630683041
2003-07-21,0.1326395780255691,train,0.15503190984419907,0.14325035732932365,0.14337028711003083,0.14247533753754282
2003-07-22,0.1294175248466518,train,0.15211540886879046,0.1433666598012927,0.14272081267241246,0.14067476869304643
2003-07-23,0.1301985093610826,train,0.15160799830609034,0.1460161624243563,0.1461152118777482,0.1413594645068772
2003-07-24,0.1278834866822556,train,0.15178592857314258,0.14416414175522174,0.143891399646087,0.14017681360648596
2003-07-25,0.1172311355218865,train,0.15295183257326217,0.14254697992140652,0.14168295870382444,0.14008471616946191
2003-07-28,0.1166320814932494,train,0.15134421054228178,0.14647761720738656,0.14718316471942014,0.14156502128112072
2003-07-29,0.1156517537416904,train,0.15096352948772526,0.14443072549485175,0.14468870223544855,0.14050790702557528
2003-07-30,0.1153378915532826,train,0.1509828085480045,0.14725971744451907,0.1480058576764047,0.14153983709743773
2003-07-31,0.1171118581166034,train,0.15074038766661982,0.1439821074920426,0.14417140982681403,0.14024333850785853
2003-08-01,0.1152766961995501,train,0.1501041136926075,0.14370713037657445,0.1418511104300852,0.13834427304800656
2003-08-04,0.1245934123097713,train,0.1510291972750595,0.1443918403260178,0.14195626873983416,0.14058554868253348
2003-08-05,0.1005022266107854,train,0.16951559725048423,0.1553641825045542,0.1640574719641045,0.16021759027946303
2003-08-06,0.0983918551249749,train,0.15471637130271235,0.14136767405996956,0.13999820604445629,0.14157812042695875
2003-08-07,0.0932764735966779,train,0.15470007961408322,0.14320250476971844,0.14204910155262349,0.14246801918648863
2003-08-08,0.0972208166085637,train,0.15514066985054592,0.14914492151730385,0.1492634838831414,0.14684971879595904
2003-08-11,0.0990938755454025,train,0.1536273363564739,0.14496559976920909,0.14440995451792993,0.14304034180754224
2003-08-12,0.1003914160122863,train,0.15299313994786187,0.1461330385812652,0.1471039325127056,0.14491389084310263
2003-08-13,0.0992719444034574,train,0.15204836437857477,0.1469213850030694,0.14750801736594185,0.14247694301896147
2003-08-14,0.0990201099260765,train,0.15164795675938464,0.15021073394274712,0.15151893279639242,0.14412050150252548
2003-08-15,0.0991902474027155,train,0.1518043259852032,0.15471457753567003,0.15815115897850568,0.14978589471954806
2003-08-18,0.1074840213798729,train,0.14744271014803706,0.15143732396455717,0.15191019048344684,0.14362496985076612
2003-08-19,0.1068658702294009,train,0.14738564082460978,0.1543903679789724,0.15687084589872735,0.1472598019855757
2003-08-20,0.113778284028874,train,0.14528613481250224,0.15711366944477795,0.15803243517080034,0.14450634206570268
2003-08-21,0.1146599449062761,train,0.14596548767009088,0.15657253311425878,0.158070578119456,0.1476686339185693
2003-08-22,0.1156734753733716,train,0.15092859300385444,0.15117902998864624,0.15464770254552795,0.1451024547716701
2003-08-25,0.1163165020073797,train,0.1468291839014865,0.1498139592369969,0.1480278991439403,0.14069732056947512
2003-08-26,0.1324489731073554,train,0.14610852535800567,0.15112174810746778,0.1490658957070398,0.14115048581942324
2003-08-27,0.1356378339415499,train,0.14689547004874481,0.15568673841141295,0.15562650053520127,0.1456283142593677
2003-08-28,0.1343668778719861,train,0.14580778839177225,0.1532921600963052,0.15234197032089578,0.1429374074069404
2003-08-29,0.136688426430858,train,0.14536974249369286,0.15774852935277112,0.15718658417632725,0.14538229283600626
2003-09-02,0.1328470370174918,train,0.1491466821238686,0.1528968902406723,0.15348591884583654,0.1477164272207333
2003-09-03,0.1512579403044683,train,0.14713781629612693,0.15270161801190796,0.15427730686734567,0.1439131036112668
2003-09-04,0.1517924558478778,train,0.14515088144989458,0.1531320690629615,0.15478149241941888,0.13913453196692627
2003-09-05,0.1539272318769437,train,0.14505547598460852,0.15063377739032086,0.15205222626350334,0.13670615434821742
2003-09-08,0.1519830351238813,train,0.14340981430874408,0.15044294098503808,0.1508496170299955,0.13470245145852694
2003-09-09,0.1507956001824845,train,0.143067379464272,0.15001954415259622,0.15028750385866094,0.13396560642057087
2003-09-10,0.1466972127713285,train,0.14718755535390288,0.14827744351854133,0.14884164883427733,0.13580313320249834
2003-09-11,0.1466368100901029,train,0.14453154119680123,0.147242977750368,0.1459923875055305,0.1329933486730184
2003-09-12,0.1468201146644764,train,0.14491156426241952,0.1471204543530299,0.14618281400775474,0.13347494346204178
2003-09-15,0.1467142757457489,train,0.1455989358635428,0.14892424679427918,0.1498019492912409,0.13616568539088814
2003-09-16,0.137971749090497,train,0.1459812175237246,0.14688414785128062,0.14633374039423488,0.13455157508729743
2003-09-17,0.1381251075076654,train,0.14415102296081084,0.1499749063854156,0.1519901057979963,0.13459861044812577
2003-09-18,0.1324584604053479,train,0.1445095527645952,0.1472765366104624,0.14616374315821518,0.13311821935731782
2003-09-19,0.1368669804651617,train,0.14434138422451215,0.14750318501267623,0.14793671839544947,0.13317220224323295
2003-09-22,0.1339621993178414,train,0.16372805495545617,0.15717993719822734,0.1657110843898049,0.15289246576729387
2003-09-23,0.1334222531322295,train,0.14852573036734434,0.14598531323982306,0.14553734971205703,0.13589318485028357
2003-09-24,0.1255760439212352,train,0.16551625012531976,0.16116761191617407,0.1672012361927099,0.15918029840556006
2003-09-25,0.1222940662192009,train,0.15290827330446877,0.1488721317848121,0.14686286294202136,0.14504122115076262
2003-09-26,0.1219888535992084,train,0.15416233769042012,0.14452461950269724,0.1429798892464855,0.1434502506323818
2003-09-29,0.1169820382843998,train,0.15409235138212846,0.1426567895119948,0.14090220049322152,0.141875684191042
2003-09-30,0.1216012825594733,train,0.15482455383338417,0.14489347408017153,0.14524459783100704,0.14381356093606737
2003-10-01,0.0959520116361712,train,0.15332361581733,0.14399698699880936,0.14320191066263957,0.14169874473028804
2003-10-02,0.0953775417231918,train,0.15429721578813893,0.14904593999763874,0.14838334611896353,0.1446290720750635
2003-10-03,0.0897610750147857,train,0.15378780898702352,0.1466178444325103,0.14692190246063985,0.14381325083941268
2003-10-06,0.0912982899341838,train,0.1551063083240578,0.14932336248487532,0.1493831823790651,0.14640691819156398
2003-10-07,0.0906019230731725,train,0.15263300028779903,0.14711204511633325,0.14730511623083153,0.14281343403861824
2003-10-08,0.0902072030324911,train,0.1538499233318849,0.15425742237020224,0.15721011158274245,0.14662052473128104
2003-10-09,0.0916359089418835,train,0.15075016241651643,0.151579228457237,0.15320616334546694,0.14419511896869985
2003-10-10,0.094867603909563,train,0.15091913277134567,0.1578460474307926,0.16065338717553354,0.1475759707759428
2003-10-13,0.0953128005997225,train,0.14783572241685614,0.1577167851236182,0.1588537809470184,0.14646582196486915
2003-10-14,0.0944952783110596,train,0.14754349401785813,0.15853007891111215,0.15936767032111945,0.1487932606801396
2003-10-15,0.1020252980880567,train,0.14705335096981811,0.15791950337758268,0.15932703545174376,0.14698432983149548
2003-10-16,0.101040835956111,train,0.1456207800473758,0.15966073577412837,0.16031358514003535,0.14497841457086025
2003-10-17,0.0979943141875274,train,0.1491786629382088,0.15309613150289234,0.15520999939309577,0.14248653866354194
2003-10-20,0.0960349937126668,train,0.1453142954822841,0.15177697628864112,0.15178273386478464,0.1376229172391289
2003-10-21,0.1027597976591615,train,0.1442995401441327,0.15161551059562875,0.15284042337892279,0.13601308362511555
2003-10-22,0.0971345224454117,train,0.1510189690890948,0.14924584618309086,0.15267192112580258,0.13866265474234904
2003-10-23,0.1020643641206314,train,0.14477819972391692,0.14659568479895307,0.1458105454371663,0.13275240775819008
2003-10-24,0.1028116596288518,train,0.14486227369983393,0.14703520113561752,0.1459479569480912,0.13315550897413828
2003-10-27,0.1129080828356499,train,0.14483214326532273,0.14928411685994294,0.14971557457294538,0.13433377603341007
2003-10-28,0.1030867321297453,train,0.14600488830906064,0.14744031220419654,0.1475102666038995,0.13407584311056084
2003-10-29,0.103759136580536,train,0.14373449102143435,0.14927586817864077,0.1514572159827539,0.1334511559633945
2003-10-30,0.1035280235384583,train,0.14372313105754442,0.14879147556209799,0.1515152937650056,0.13405430800729187
2003-10-31,0.1102793658332534,train,0.14111979657368187,0.15123474402155213,0.15703590224570776,0.1317451125314796
2003-11-03,0.1081826828353507,train,0.13949816896142114,0.14932890697662965,0.1518251064423505,0.12926585581594827
2003-11-04,0.1080540860012342,train,0.1401699879480976,0.15337649804735842,0.1584702386645597,0.1295630283553599
2003-11-05,0.1089956561934436,train,0.1374854038720158,0.15418533616123267,0.15571933010202377,0.12766111086388846
2003-11-06,0.1102074093551802,train,0.1374013653859951,0.15538101619517636,0.15502154873040352,0.12812564645103872
2003-11-07,0.109608771339211,train,0.13688269529398528,0.153510639232613,0.15392179669800432,0.12735512328849827
2003-11-10,0.1120726646860452,train,0.13699862334171978,0.15241550432882667,0.15166298652025054,0.12666797336142382
2003-11-11,0.1120685897168504,train,0.1368677055870162,0.15376839241652746,0.15394789547852636,0.1268917588176041
2003-11-12,0.1120943786081406,train,0.13809898341914867,0.15159938560961259,0.15083410349527268,0.12753002019352971
2003-11-13,0.1123020060626778,train,0.136651790713998,0.15143444828428373,0.1527451318675813,0.12620392096791994
2003-11-14,0.109624370911944,train,0.14002487257645566,0.150644425376788,0.1518685132585073,0.1297923311920021
2003-11-17,0.1097140699246017,train,0.14176441441040996,0.14994226164323432,0.1497940365398992,0.12963981410457381
2003-11-18,0.1038620346880448,train,0.14655448776382593,0.15110335503419212,0.1504813273033704,0.13483279941924012
2003-11-19,0.1070746752795245,train,0.145247584387704,0.14634082253440212,0.14451121704546763,0.13244344247587458
2003-11-20,0.1026625238095023,train,0.14741337520340037,0.14880634046867694,0.14784205050957502,0.1356149092008557
2003-11-21,0.1045642982801174,train,0.1469543563068085,0.14726181802179988,0.14770528180586026,0.1352920428194398
2003-11-24,0.0935836432282637,train,0.14731509207834015,0.14728978385049063,0.14649546033835642,0.13469316860269806
2003-11-25,0.0926846793840208,train,0.14591500560951903,0.14869537372344171,0.15009085751895074,0.1366983127701189
2003-11-26,0.0918462952588144,train,0.1446927608775608,0.1488518684156919,0.15038792652363506,0.13475683265548227
2003-11-28,0.1031086574391951,train,0.14655285881126986,0.15060541556655208,0.1576733181891313,0.13884588618121746
2003-12-01,0.095796429051979,train,0.14263235512790667,0.14804814070060376,0.14959760638494723,0.13322209918736827
2003-12-02,0.0954337469814592,train,0.1413596032393343,0.14933232913420383,0.15260546144115117,0.1309421000830642
2003-12-03,0.09528094361029,train,0.13945992894003628,0.14927980132412574,0.15121298454499046,0.1287855907224665
2003-12-04,0.1016959244603924,train,0.13899145703706542,0.15057446860598248,0.1519964907003611,0.12753880592815137
2003-12-05,0.0986792772629188,train,0.139471327851479,0.14923871162089758,0.14885754895419173,0.12728990308726149
2003-12-08,0.0965008848427705,train,0.13899642579698698,0.1497675540917876,0.14932375804943765,0.12693842770693683
2003-12-09,0.093572445074032,train,0.1417793871037257,0.14979376222211788,0.15051864448326482,0.1304223085212232
2003-12-10,0.0986150172644089,train,0.1403619735045354,0.14847005856347095,0.1475212634965059,0.12760003220603164
2003-12-11,0.0939796729032755,train,0.14168371028538307,0.14849104625897677,0.14754017706819125,0.12963531513642068
2003-12-12,0.0959964253759574,train,0.1410243100185202,0.14831803750221423,0.1483800323500828,0.12874708692539194
2003-12-15,0.0988494321613577,train,0.14347498413915455,0.14949911262383764,0.15067510609270923,0.13182067103276757
2003-12-16,0.0975094783616,train,0.14101676381495185,0.14837264764378716,0.1488717719661841,0.12904441437590355
2003-12-17,0.0978791158721582,train,0.14041131298259601,0.1499194798574167,0.15393885534121657,0.12953238096695116
2003-12-18,0.0894768242309986,train,0.13948897756106343,0.14881046793314306,0.1489411549452857,0.12735724322647882
2003-12-19,0.0931853128723403,train,0.1388140795033657,0.14922431496169972,0.1509542533607024,0.12829871866649592
2003-12-22,0.090331802770812,train,0.13837984405223777,0.14852826581225512,0.1485883118246303,0.12570671417520315
2003-12-23,0.0910276190807105,train,0.13718416113120055,0.14958915062833308,0.15206368484490393,0.12556891913346985
2003-12-24,0.101213161986463,train,0.13911821131685248,0.15029337476242824,0.15591003246774424,0.1300426344832451
2003-12-26,0.1076119549178963,train,0.13522226783286287,0.15052453203702323,0.15303849293680516,0.12381094583466482
2003-12-29,0.1050738555606974,train,0.13624179866637792,0.15036097894653846,0.1487001421750737,0.1245891611001926
2003-12-30,0.1051282990294964,train,0.13570931873375586,0.1494760041944779,0.1501675085376337,0.12409577479054089
2003-12-31,0.1050799873626968,train,0.13713947751388217,0.14957910980252603,0.1497468194213805,0.12690530883029139
2004-01-02,0.1061746611756908,train,0.13768121278313497,0.1490769913319284,0.14780574242422936,0.1261314861006587
2004-01-05,0.0991612319591274,train,0.13875593298943775,0.14877216901633789,0.14728742390219116,0.126150086634152
2004-01-06,0.1032930850778372,train,0.13823889185959623,0.1494226502626554,0.15084480868198072,0.12633686256754043
2004-01-07,0.1031200283624492,train,0.13813404541622676,0.14945498063786078,0.1502511790667356,0.12751728244086136
2004-01-08,0.1095588678699181,train,0.13752428869620825,0.15024017159670822,0.15290935833248218,0.12754942870584737
2004-01-09,0.1050465626567596,train,0.14274854195642936,0.1529160475505326,0.15529118777524925,0.13461982604511474
2004-01-12,0.1023902627505408,train,0.13911420404576721,0.14863308436311654,0.14876597147116644,0.12619280308205788
2004-01-13,0.1070499027129185,train,0.14278359826804216,0.15199166135713107,0.1526497534339133,0.1333428745375759
2004-01-14,0.103699590203461,train,0.14047665393072065,0.148561227186461,0.14790489663252618,0.1284428626190017
2004-01-15,0.1045614521905727,train,0.14085801167245585,0.15033062990179463,0.1505204336017842,0.13055586928983776
2004-01-16,0.1084229912978941,train,0.13959586200353546,0.15004648136381638,0.15309317207798936,0.1294174078102227
2004-01-20,0.1095375593784608,train,0.13756695098201013,0.14976936349217995,0.1526713806495458,0.12693399201145467
2004-01-21,0.1067556193645636,train,0.1883237043147164,0.19666595027148645,0.21462020249962752,0.20211138048650182
2004-01-22,0.1068996914469154,train,0.14946023671628583,0.1621921651655661,0.17408898225476407,0.1534794488066836
2004-01-23,0.106661735065428,train,0.14217175251492922,0.15326525783214806,0.15806592933834115,0.1357524886068214
2004-01-26,0.0971824435360604,train,0.1392762365597723,0.1501490143558347,0.1498493335852523,0.12842977976667105
2004-01-27,0.0912274668770386,train,0.1431108217834159,0.1556434976991349,0.15522149138015295,0.1342464211529512
2004-01-28,0.0816344359404156,train,0.15427668694317667,0.1684910601741551,0.1688294141551019,0.1535344325894516
2004-01-29,0.0815992006890307,train,0.14565283845036034,0.15628287948449646,0.15415091151612703,0.14151902480331915
2004-01-30,0.0887910973747536,train,0.14667436969003778,0.1543850183182244,0.15525985391189567,0.14181310430817434
2004-02-02,0.0899125039794139,train,0.1441589067579031,0.1514540833296504,0.15012954583544486,0.13506714910280043
2004-02-03,0.0899487291848807,train,0.14542036287717627,0.15087231657330924,0.15464272979341842,0.13604784871359482
2004-02-04,0.0855958462958573,train,0.1414017156903201,0.14794842062586347,0.14679008347329775,0.12879594008298623
2004-02-05,0.085797402753924,train,0.14250988569658493,0.1488668232974417,0.1495172038123382,0.1298041798617256
2004-02-06,0.0877000338252571,train,0.14289347820386236,0.14892757865345627,0.14842206650744136,0.1309079730661929
2004-02-09,0.0888425899102087,train,0.14101667432123374,0.14956416333599032,0.1522814475049248,0.13035953944885853
2004-02-10,0.1066065193702214,train,0.13964190162108306,0.1490727952976752,0.15039923134296992,0.12834433882493163
2004-02-11,0.110022997162402,train,0.14092075957347483,0.14904754474308557,0.14857917866398582,0.13000520585190228
2004-02-12,0.1186858501647228,train,0.1391850049202742,0.150452824394245,0.15501228180297877,0.1297981618739333
2004-02-13,0.1254885110856252,train,0.1384906038938117,0.14968212893789018,0.1509007549015055,0.12886219038176439
2004-02-17,0.1228065772425547,train,0.13776485042975797,0.149104045525773,0.1510608726826742,0.12636291999867394
2004-02-18,0.1280460334566098,train,0.13660006532919558,0.14931008227863282,0.15012885504792356,0.12507980664444684
2004-02-19,0.1273650104449654,train,0.13670895724887666,0.14952232883484654,0.15017604651672586,0.12696640524937397
2004-02-20,0.1368805647519872,train,0.13618358467275463,0.14868866124934155,0.14819515660580357,0.12427575667446801
2004-02-23,0.1439180619410726,train,0.13647228713817888,0.14863057306413005,0.14848486162446678,0.12423011939115368
2004-02-24,0.1439162421330789,train,0.13647465660463506,0.14890331438162382,0.1478709502885635,0.12407703573985586
2004-02-25,0.1431762353746087,train,0.1357666938228958,0.15056334852263206,0.1533362430935022,0.12468599035897833
2004-02-26,0.150576786011209,train,0.1351964237068808,0.15308947641959997,0.1579214247957963,0.12447660284167435
2004-02-27,0.1505595925265784,train,0.13303875735633314,0.15356422341950005,0.15697846654895603,0.12341519476167873
2004-03-01,0.1545814840938759,train,0.13208853166490223,0.15245619550288556,0.15281196936001398,0.12128630859172812
2004-03-02,0.1536368964704579,train,0.13302790039718104,0.1515259471798041,0.1528627346527063,0.1226823206239081
2004-03-03,0.1535557356500115,train,0.1313257714239768,0.1503244098572897,0.1527305470085569,0.11994556290027418
2004-03-04,0.1547504593742404,train,0.13054734116621014,0.15117687762292378,0.156058567125714,0.11942776198568214
2004-03-05,0.1565890651196899,train,0.13065029233877445,0.15145356826495537,0.15252309155575436,0.12211661454021917
2004-03-08,0.1516569294775522,train,0.1392029334971218,0.15802439087675202,0.1603069377751877,0.13026961877860874
2004-03-09,0.1514183755287145,train,0.13550116004229215,0.15257486320986874,0.15080204641369252,0.12464439524344324
2004-03-10,0.1392626557154576,train,0.17012710228080882,0.19073598961874297,0.19972144318432142,0.1815849719365125
2004-03-11,0.1315762048734217,train,0.16596005552832283,0.19290615818994136,0.1937173377360625,0.19385315564799382
2004-03-12,0.123934568648475,train,0.15273562293161938,0.164675399362621,0.16055185199277225,0.16896469302229086
2004-03-15,0.1263135207260599,train,0.15961850738130756,0.17559975400018235,0.17271094049177999,0.18875851407693237
2004-03-16,0.1250360877682945,train,0.15412056505788005,0.16258882152414858,0.15990532407197725,0.17189414299771164
2004-03-17,0.1194059290544548,train,0.15299769009267616,0.16030949938657352,0.1576886355659346,0.16419484502997198
2004-03-18,0.1224683984836194,train,0.15312177540709762,0.15876374678206698,0.15783426163192796,0.157942699784474
2004-03-19,0.1112090454907056,train,0.15312659485807842,0.15548371490131407,0.15328244351175999,0.1540161559988176
2004-03-22,0.1179765927539467,train,0.155171347680247,0.1612942761819488,0.15951817292131407,0.16012475918214872
2004-03-23,0.1201768945361979,train,0.153833149953945,0.15448805363463514,0.1530191315243487,0.15337760126369207
2004-03-24,0.1299135952346572,train,0.15346126582499245,0.15239417633323238,0.15136319490189049,0.14823962979736552
2004-03-25,0.1212871904262727,train,0.15197024978677576,0.15103887800201854,0.14969509253479044,0.14512061693439104
2004-03-26,0.1213850280807295,train,0.15313844316109462,0.15613259939559707,0.15613178193060295,0.14957891783605282
2004-03-29,0.1108661119305703,train,0.1513875575753344,0.15126009738183674,0.15087189499148904,0.14395539741317417
2004-03-30,0.1195333116307279,train,0.15178495655217844,0.15484066994027865,0.1568586763663699,0.14625020197507202
2004-03-31,0.1234933515680424,train,0.15038463296008195,0.1526417137604462,0.1549134263119042,0.14430807753988903
2004-04-01,0.1247650680744909,train,0.14946545338071274,0.1516992173752329,0.1542934851097023,0.1409275807086334
2004-04-02,0.1276158488688103,train,0.14846570832495506,0.1509021107151301,0.15396185201540716,0.1418145225682361
2004-04-05,0.1261563697521723,train,0.14618145794015924,0.15102320723652268,0.15421137631167017,0.13706980150359072
2004-04-06,0.1276794027663397,train,0.1445633993998978,0.15146048582309438,0.15531563863357759,0.13524993350090428
2004-04-07,0.1310441512378125,train,0.14318287401183985,0.14983622160627927,0.15171927131011434,0.134022771830089
2004-04-08,0.1435790283369262,train,0.14279277611199992,0.14887974734420847,0.14973431054277367,0.13245619617325272
2004-04-12,0.1475308826634632,train,0.14244773865678378,0.1516635510740918,0.155840734141715,0.13268359872931756
2004-04-13,0.141936991203397,train,0.1629033816416588,0.16189575920198804,0.171817009601265,0.15626064152946403
2004-04-14,0.1436090929022143,train,0.14409082926670086,0.14907728084884522,0.14866569224443044,0.13498922825121543
2004-04-15,0.1437395193216556,train,0.1437727550005699,0.14874968269265845,0.1484928899286303,0.13367148737274823
2004-04-16,0.1411454193324527,train,0.1434461340919476,0.14864703849625743,0.14903420019253893,0.13306616237879615
2004-04-19,0.1443932392706126,train,0.1432557732381496,0.14984854714330434,0.15311794858432434,0.1342528712858656
2004-04-20,0.1325156476403836,train,0.15860830813981466,0.16231742487604714,0.16642827205478788,0.1511259814982612
2004-04-21,0.1309592547781795,train,0.14559323550770056,0.1523266071369546,0.15184276534253763,0.1385705040758113
2004-04-22,0.1218014898899636,train,0.14827359567271806,0.15551327739954912,0.15422354429866406,0.14299861360131663
2004-04-23,0.1219086289786782,train,0.14751401966663621,0.15956128308822737,0.16403896393412243,0.14902452992847043
2004-04-26,0.1227080692674553,train,0.14581311727870494,0.15776119496900967,0.1581354125331259,0.14293715275555147
2004-04-27,0.1326572526607696,train,0.14441605477357808,0.15528431616090568,0.1593240485771011,0.14017087690296604
2004-04-28,0.1249424415348431,train,0.14626018022468554,0.15771197703529619,0.15601129794175964,0.1398034932515704
2004-04-29,0.12258205627787,train,0.1452633621864324,0.15394212894548462,0.15089861411334807,0.13808680967272136
2004-04-30,0.1194067473625646,train,0.14696549859687916,0.15242811278217636,0.1504740592643789,0.13979971028154667
2004-05-03,0.113341670676617,train,0.14785223892036456,0.1503540374293291,0.14964418357286333,0.139792743688742
2004-05-04,0.1140725765299065,train,0.14509337488824842,0.15074372670465963,0.1505656664653959,0.13642640182285748
2004-05-05,0.1164916320923978,train,0.14481815385457908,0.15029657113970277,0.15214122985901882,0.1354222874852487
2004-05-06,0.1158358397017949,train,0.14605407537624185,0.15129840686431106,0.15055232840925484,0.1361951249492605
2004-05-07,0.1130795248914741,train,0.15613202810047694,0.16084917681323793,0.16156740289706345,0.15114944208612496
2004-05-10,0.1070832264782417,train,0.15176499996455542,0.15649910146965307,0.15413524956581104,0.14856391089572302
2004-05-11,0.1080626162237238,train,0.1513758937905945,0.15103539001359115,0.1492231565782623,0.14571456702228974
2004-05-12,0.107107129606669,train,0.15046215229775267,0.15123195137075437,0.14930760628541942,0.14463892079053628
2004-05-13,0.1117817109429117,train,0.15115194802811435,0.15148302707165381,0.15064956412914335,0.14493856741775774
2004-05-14,0.1145307284621163,train,0.15191182350269375,0.15035291080977292,0.15105803779368135,0.14276347546052026
2004-05-17,0.1104096933857072,train,0.15010683539685055,0.1463813402964039,0.1449779608717722,0.13792446045327625
2004-05-18,0.1090858545619575,train,0.1539331376274761,0.1505293848658531,0.15280605899306418,0.14443250170914315
2004-05-19,0.1085909207964234,train,0.1489136012652819,0.1469183460446775,0.14613789577708602,0.1369486662895635
2004-05-20,0.1088309730997976,train,0.1499560149377724,0.1519779484144798,0.15341351922176547,0.14056248565329502
2004-05-21,0.1101100028660456,train,0.14778715372609832,0.15232625695678786,0.15314921133814066,0.13950513419396954
2004-05-24,0.1132733591930309,train,0.14721750226575364,0.1545005855450908,0.15539127431172578,0.14033816012658193
2004-05-25,0.10200443295208,train,0.15373252406560092,0.14996868461607932,0.15371995881503114,0.14311696629702153
2004-05-26,0.1026890093148129,train,0.14639586468449964,0.15437370756999683,0.1591137386893957,0.1389386462898125
2004-05-27,0.1014816617574248,train,0.1454593349843058,0.15161474265712044,0.15508005860216517,0.1377984759258975
2004-05-28,0.102536335999841,train,0.14318763550960087,0.15373912500344844,0.15942245837069435,0.1348802910598163
2004-06-01,0.1041675895917131,train,0.1419568139247972,0.15090001535060918,0.153754519846061,0.1328363387025814
2004-06-02,0.1146269191847935,train,0.14180323608813897,0.15394244862313541,0.15690084238885066,0.1323829478442692
2004-06-03,0.1098556644203124,train,0.14121655527771648,0.15070798251948064,0.15069242803627173,0.13049162749063842
2004-06-04,0.1107155380666879,train,0.1402818011912233,0.15086745330996604,0.15060356431450744,0.12947578793436476
2004-06-07,0.0974205018775038,train,0.14361102444547535,0.14997747012697563,0.15074026056171966,0.13195823490554964
2004-06-08,0.1005538174736369,train,0.14059947843812678,0.1497695853756519,0.15219801268661814,0.13044686528196217
2004-06-09,0.0954180517920266,train,0.14340402406688843,0.1509598423662181,0.15287036993409459,0.13258235694983322
2004-06-10,0.0938267487803835,train,0.1403316626966007,0.14948998099987926,0.1519873732927795,0.12975229468883792
2004-06-14,0.0869904295112978,train,0.14369586367095646,0.15278051950012494,0.1533756362036955,0.13315645927641576
2004-06-15,0.08401977378003,train,0.14043987122445117,0.14951145467715993,0.1499073778232206,0.12967821410096833
2004-06-16,0.0871069460344433,train,0.13937891762744184,0.15009448619367807,0.1538902957358559,0.12901519213203808
2004-06-17,0.0869934957618222,train,0.1373754481060871,0.14929134904670158,0.1511340639272016,0.12564414532207416
2004-06-18,0.0880445409506612,train,0.13637778229686626,0.149603773836692,0.15109448780043866,0.12435399496939031
2004-06-21,0.097865508834607,train,0.13604134696689757,0.15065162212480832,0.1525107038853681,0.12407407415182141
2004-06-22,0.1167517336217078,train,0.1347948406075646,0.1514314580954611,0.15255860922097247,0.12405300942550616
2004-06-23,0.1131297315908971,train,0.13408886185826668,0.1513468884087549,0.15181632932149314,0.12300529119792594
2004-06-24,0.1164685311971321,train,0.13358820827463816,0.15135275870776058,0.15465918576865292,0.12434286307603164
2004-06-25,0.1154081090285972,train,0.13290271474948123,0.15007118645018136,0.1502264317973895,0.12111859320024473
2004-06-28,0.1194521993424308,train,0.13384113300547285,0.15025516011252518,0.14991860757226494,0.12255983223004895
2004-06-29,0.1190256265470587,train,0.13414425417320755,0.14933610731868577,0.14979369940493314,0.12164060273042313
2004-06-30,0.1184750384404716,train,0.133948679960459,0.15003725104866286,0.15053932475933282,0.1241756605366272
2004-07-01,0.1079282298857695,train,0.14165866857331078,0.1553812049141826,0.15694476983322814,0.13207237907482802
2004-07-02,0.1081622833982728,train,0.13737921166142147,0.14938005146480557,0.1514876815893121,0.1263660627447484
2004-07-06,0.1071573491790268,train,0.13969876747357393,0.15234143067037212,0.15163406430149431,0.12864564942043916
2004-07-07,0.1066471277779496,train,0.1385337165476828,0.14987832438876908,0.15008723494826468,0.12738989455950686
2004-07-08,0.1189361897522877,train,0.13894358013729302,0.15171229400351807,0.15062428975175912,0.12799725103073512
2004-07-09,0.1290822365867145,train,0.14019026886760036,0.14994713311736446,0.15354147794835085,0.1285857917746925
2004-07-12,0.129168469911332,train,0.1357025710985093,0.14947426512898315,0.1506900320354059,0.12396796210447981
2004-07-13,0.1369212241385261,train,0.13547656707445396,0.1506698068168324,0.15566386448457817,0.12380364238650396
2004-07-14,0.1366848519855079,train,0.1357962145078109,0.1515952509796475,0.15307038258354552,0.12735961704964013
2004-07-15,0.140251005270348,train,0.13434326685411924,0.15010486799208858,0.1503808173400953,0.12264325247044358
2004-07-16,0.1403940254856122,train,0.1340939473656991,0.14983167215642357,0.15257134523390828,0.12186963739656795
2004-07-19,0.1442909316730141,train,0.13297617952230054,0.14979416142326132,0.14955062051685505,0.12068265166633924
2004-07-20,0.1386017596350837,train,0.13622450867661476,0.1520088960788611,0.15098709026574275,0.12478720064438559
2004-07-21,0.1271153237811105,train,0.18199953812578554,0.19497752504146842,0.20906466828593404,0.19052588882235405
2004-07-22,0.1271649240926037,train,0.14662452717173363,0.1616093645674783,0.15828152891650554,0.14689977265755272
2004-07-23,0.1260804768254479,train,0.149630163796104,0.16267122728425013,0.1599174472475538,0.1520996635662439
2004-07-26,0.1262164077436803,train,0.14930194834828164,0.1608336486741263,0.15767751996870394,0.15130957786656396
2004-07-27,0.1218843154164894,train,0.148514959562247,0.15737534075021645,0.15517817735443346,0.1472135869691834
2004-07-28,0.1237761819273329,train,0.14805079433667367,0.1535597528508557,0.15316948978042266,0.14227594416791267
2004-07-29,0.1228489175819449,train,0.14690207127891763,0.15295595246382002,0.15645695887527233,0.14014433403410484
2004-07-30,0.1230507006148706,train,0.14462175304170125,0.15130872054395442,0.15625536886140137,0.13525282633819266
2004-08-02,0.1263051413151519,train,0.1434756922984615,0.147699027709028,0.14572772422951072,0.13083695428163908
2004-08-03,0.1246473412573813,train,0.1417542100703742,0.15010185558852018,0.1531537077972787,0.13198766034440884
2004-08-04,0.1248269675733824,train,0.14075160957291002,0.15021127751537514,0.15402996139939842,0.12985563339854164
2004-08-05,0.1173073769955848,train,0.16569503106088537,0.1686116543540654,0.17827440504656272,0.15953997453447624
2004-08-06,0.1065764719463358,train,0.15428604117291206,0.16193248624614912,0.16141558483662183,0.15165319695367674
2004-08-09,0.108990318498088,train,0.15197498254446531,0.15130630802874495,0.1500200912477649,0.14763756612481083
2004-08-10,0.0994344855946784,train,0.15021266519995574,0.15272578279302998,0.1504962737779728,0.14404717508688375
2004-08-11,0.0992225827800551,train,0.1499313663001695,0.1522601555027301,0.15086044736678247,0.14440183658478026
2004-08-12,0.0930706908913336,train,0.15172346480761173,0.15241541729007957,0.15037610322610603,0.14576853349051633
2004-08-13,0.0935319648634525,train,0.1515146361355621,0.15140730140704406,0.15157868874257255,0.1447674891617047
2004-08-16,0.0863853325490836,train,0.14975098416109217,0.14811595802528818,0.14649287952202789,0.1394893937355765
2004-08-17,0.0882723217474485,train,0.14952552995121127,0.1517779482389431,0.15410253936106824,0.14230214012655776
2004-08-18,0.0811617761653826,train,0.14816385589529593,0.1482965003758129,0.14805639680130775,0.1376614797960978
2004-08-19,0.0818880698650749,train,0.14753420587124796,0.15129125951778055,0.1540328757111257,0.14004572857629213
2004-08-20,0.0809144191281146,train,0.1461224599260792,0.14982476421869112,0.15159537415311428,0.1373707335141578
2004-08-23,0.0818780305823593,train,0.1449616986852047,0.150998166635112,0.15519329450342897,0.13580516796639408
2004-08-24,0.0931058330987165,train,0.14260400746911653,0.15075281172434019,0.1552067498422957,0.1327595194122302
2004-08-25,0.0919614396392155,train,0.14088944623193558,0.14939598380076308,0.15070105076949342,0.12969112208405584
2004-08-26,0.0933911701807856,train,0.14032909033650823,0.1536230950291496,0.16047069252174262,0.13075132628102992
2004-08-27,0.0954558176169349,train,0.1383610675853662,0.15504151365759636,0.15934171498562277,0.12858182754553668
2004-08-30,0.0923756256299592,train,0.13724339189367513,0.15207404658220156,0.15284043580570833,0.12653790508721152
2004-08-31,0.0922259088311595,train,0.1368154964397769,0.1518366885168375,0.1516656847930217,0.12644788601955764
2004-09-01,0.0920171150352643,train,0.13706146166302383,0.15248192293425475,0.15341412588942677,0.1277840300378519
2004-09-02,0.1020515196915037,train,0.13719111410572235,0.15108426449680948,0.15099162313944017,0.126406709521724
2004-09-03,0.101185164744729,train,0.13596560859582768,0.1507756534438307,0.15390076879311435,0.12527563752886123
2004-09-07,0.0984723899745845,train,0.13480153900244005,0.1502476896540696,0.15198033984806048,0.12383922875852578
2004-09-08,0.1005952347700342,train,0.13350751936637656,0.15056870040655668,0.15414049456789966,0.12283093593599828
2004-09-09,0.1069376132287139,train,0.1321620389689771,0.15047972781384475,0.15345463444218177,0.12096491097235944
2004-09-10,0.1094283741950129,train,0.13186395856208502,0.1510428568420643,0.1536531538512932,0.11955592393039405
2004-09-13,0.1097714916559005,train,0.1309369290544956,0.15189124606130056,0.15543632389871626,0.12130311065150086
2004-09-14,0.1104083848091169,train,0.1299707225894768,0.15364723967257213,0.15900441076015492,0.11821951848046745
2004-09-15,0.111565867587632,train,0.12946549780803293,0.15305819108124102,0.15453777740530023,0.11955247450413346
2004-09-16,0.1147161125758479,train,0.1294952834549954,0.15124294529260487,0.1530378908907952,0.11675617793597208
2004-09-17,0.1154473032073657,train,0.12764342106195428,0.15205950991934872,0.15360553928220258,0.11567183381905766
2004-09-20,0.1142327826783954,train,0.12741706912641568,0.15196093110227277,0.15279219137563674,0.11638464045725971
2004-09-21,0.1170952538656164,train,0.12847500652277657,0.15220738430240624,0.1527262619342013,0.11812552456389916
2004-09-22,0.1085041440070929,train,0.135599396020247,0.15889949479494855,0.1594844952300067,0.12680920567754994
2004-09-23,0.1092607042814502,train,0.13312966436592344,0.15229335577346656,0.1514564147001388,0.12147623426600422
2004-09-24,0.1152462328237773,train,0.13288862009154148,0.15175076715120203,0.1519138257744087,0.1213363005631657
2004-09-27,0.1130701063580569,train,0.1747098514937851,0.1973598628058426,0.2070957722946744,0.18456692406826974
2004-09-28,0.1240948535226481,train,0.14427992564104522,0.1651174150091956,0.1664202139341314,0.1434194313101847
2004-09-29,0.1299195740860067,train,0.1421452237393535,0.1593932100115445,0.16458908002099945,0.13642001447035065
2004-09-30,0.1303327028454309,train,0.1371049828716635,0.15447481598754234,0.16063791082105108,0.1278480168017073
2004-10-01,0.1159455827172133,train,0.13453528428278452,0.1556372872854715,0.1541785017164978,0.12598336249367828
2004-10-04,0.1162002980026581,train,0.1339547294514118,0.1551378094142097,0.15812050486838905,0.12586284002174664
2004-10-05,0.116191942438358,train,0.13276175793714143,0.15494642394840447,0.15635158959178505,0.12364342607222602
2004-10-06,0.1223680308388282,train,0.13237926222865976,0.1544920556887884,0.15415472284551396,0.12238495806612314
2004-10-07,0.1263534293208004,train,0.14104420518641936,0.16664903377704862,0.1661277284644398,0.13549108299255816
2004-10-08,0.1248366977790244,train,0.13896594707020765,0.16110945172685073,0.1580581697300679,0.13210838732036773
2004-10-11,0.1241006754049209,train,0.1422931470346267,0.15467123195383894,0.15803838122628433,0.13488902038542736
2004-10-12,0.1235223521110004,train,0.1360460011273065,0.1530312625337903,0.15144602476214353,0.12499653645607156
2004-10-13,0.1195044167333914,train,0.13976356480607696,0.15784362392737875,0.1560086115828747,0.13158255534757338
2004-10-14,0.1190721864011063,train,0.14204113473576305,0.158327425742611,0.15564949588624494,0.13509058473094146
2004-10-15,0.1206770534162811,train,0.1415560788891653,0.15440160311221388,0.15247212963369014,0.1336845382324864
2004-10-18,0.120249922594778,train,0.14206235992684782,0.15199921076343087,0.1523561147171382,0.13292905898198717
2004-10-19,0.1192073636360144,train,0.1437804145622707,0.15606025130123183,0.15464999159544604,0.13583759803957443
2004-10-20,0.1208398522650072,train,0.1421357641034503,0.152120483199837,0.15322784061729985,0.1332335248763786
2004-10-21,0.1187178763072439,train,0.1400747881569959,0.15069724102701051,0.1524666074653681,0.13006031762173076
2004-10-22,0.1185738835879614,train,0.14283686350641703,0.15427155372212342,0.1538994097989412,0.13322470893778507
2004-10-25,0.1196968224299725,train,0.14172241516979628,0.15227953415938256,0.15097192421197855,0.1320280805782926
2004-10-26,0.1070271705899326,train,0.14364132351723533,0.15129953879105512,0.14824063894523076,0.1329958656000939
2004-10-27,0.0986322226947462,train,0.14508200047958433,0.15195422903526914,0.15020800800751646,0.13708785820155647
2004-10-28,0.0980898208758424,train,0.14421515068464597,0.15167752747693417,0.15258935284847458,0.13683773913816613
2004-10-29,0.0994224592981009,train,0.14391394811571517,0.15350437594804806,0.1552820949195175,0.13807053014551512
2004-11-01,0.0989766533470841,train,0.14286888929910788,0.15104014413573738,0.15293314204301275,0.13404728565014334
2004-11-02,0.1067915348445293,train,0.14092176886236982,0.14965117519498758,0.15092651329314857,0.13116470131507332
2004-11-03,0.0971577603768675,train,0.14288079641856635,0.15138597742689738,0.15227615327377927,0.13834553576034755
2004-11-04,0.084426540108705,train,0.14122123903024245,0.1495527434620566,0.14839866204478408,0.1309082483681393
2004-11-05,0.0814740165943371,train,0.1413520463961764,0.15129434283120244,0.15258642651109072,0.1351672870625302
2004-11-08,0.0878311001046761,train,0.1398584105656877,0.15348521466536613,0.16087922256118287,0.13550859509504531
2004-11-09,0.0899622299575268,train,0.13733568558210776,0.1526855363410647,0.15570278290561976,0.13050039595150464
2004-11-10,0.0907894342351374,train,0.1355525023555552,0.15125531448527074,0.15475972750352557,0.12744833648974382
2004-11-11,0.086784626065242,train,0.13477946666443782,0.14921910303433997,0.15250456421038316,0.12326825451774835
2004-11-12,0.0877614730162372,train,0.13239853388851905,0.14880521729561563,0.14873851018332843,0.12176675045642374
2004-11-15,0.0881981823286321,train,0.1317524046879081,0.14881637009273843,0.15149658837048208,0.1203339929823014
2004-11-16,0.0844709658368241,train,0.1303137713418398,0.14901409958293999,0.14960719559556176,0.11921897339009596
2004-11-17,0.0818404741222834,train,0.13036717964748115,0.14904626146367866,0.14917379688234045,0.11997735202104293
2004-11-18,0.0850843325583667,train,0.13024081713745744,0.14918409682654865,0.1530632895490608,0.11900954376843269
2004-11-19,0.075269585783869,train,0.13377437614866536,0.1534654684448467,0.15436108342491822,0.1250898233536229
2004-11-22,0.0782416742489849,train,0.1314945654289988,0.14879599436431834,0.14892883516591154,0.12013325509824536
2004-11-23,0.0785204694829395,train,0.13025966398739833,0.14904251273735178,0.15195320242656246,0.11972764780877213
2004-11-24,0.0781145094124093,train,0.12914729541739675,0.14910589083150372,0.15399263001061075,0.11812011876125277
2004-11-26,0.0784136043338808,train,0.1285292267355005,0.15007252420129943,0.15261552225990077,0.11819340933721914
2004-11-29,0.0791253153113934,train,0.12891781169234381,0.15090225611279515,0.15128137618645052,0.12096510706017308
2004-11-30,0.0792640783755116,train,0.13043631222927904,0.150037942012351,0.15476805853523196,0.11764372879047429
2004-12-01,0.0686915609985015,train,0.12623013837420702,0.14959079922195914,0.1483932703829821,0.11476451286760297
2004-12-02,0.0690497229738755,train,0.12636274770244757,0.1495897767457039,0.15256992596749636,0.11675000485473229
2004-12-03,0.0710193971620043,train,0.12446063402607742,0.14909376918151948,0.15187673556550513,0.11425744529445991
2004-12-06,0.0833475335263734,train,0.12377635123075906,0.1489449886320264,0.15293459209118015,0.11287371489750361
2004-12-07,0.0803002460436534,train,0.1270647999166309,0.15391781266794569,0.15442211513495632,0.11853643420532235
2004-12-08,0.0796521412738154,train,0.12604293349024986,0.14833832608399003,0.14894092776744533,0.11359186357536308
2004-12-09,0.0788251058287407,train,0.12532974070137823,0.14897180966778642,0.14786613442064755,0.11435093715025314
2004-12-10,0.0805049668929785,train,0.12521150300203981,0.14809640381002803,0.15127786428293552,0.11384966022288878
2004-12-13,0.078323723120334,train,0.12401171141992179,0.14875693164597342,0.14918466322035753,0.11300311914560626
2004-12-14,0.0782210150482105,train,0.12362540838418888,0.14848875277556126,0.15042080975146477,0.11271564606410935
2004-12-15,0.083228008071227,train,0.12310919465778553,0.14834987318701923,0.15132685803339027,0.11238479533695342
2004-12-16,0.0852704321478376,train,0.12205646262649537,0.14821509968416158,0.14994131365805866,0.110944807176674
2004-12-17,0.0897551172203395,train,0.12194505667895053,0.14930990628290286,0.14928809986452374,0.11300378333458187
2004-12-20,0.0972066708853082,train,0.12262975253538351,0.14714317926557127,0.1498242744177819,0.11047833822316096
2004-12-21,0.0958012404285545,train,0.12165539376162421,0.14800382858746414,0.1490932068679928,0.11041540307415228
2004-12-22,0.0978829719543046,train,0.1206675840681742,0.14825580167849575,0.15167939668520106,0.10914067445897763
2004-12-23,0.0980969500917792,train,0.11957476334229485,0.14883134017162805,0.15184153063285988,0.10816793687651562
2004-12-27,0.0983340873080212,train,0.11885554480019034,0.15048679222396041,0.15147517825504844,0.1084977923756815
2004-12-28,0.0969874914399434,train,0.12035169554553982,0.14890523257199711,0.1501647583500985,0.10735871755453442
2004-12-29,0.0970329828346219,train,0.12038106598077568,0.14967970658200314,0.15390177241474498,0.1066336379792183
2004-12-30,0.0967989974663788,train,0.11730570016559862,0.15041938593886436,0.15143551334579766,0.10557758914026825
2004-12-31,0.0989730015578922,train,0.11794040247029819,0.15082193807352046,0.14968340975581515,0.1064132667146002
2005-01-03,0.1000924523186592,train,0.12275366118243078,0.1542132292104251,0.15276743291817235,0.11498229138618583
2005-01-04,0.0907149248105578,train,0.12865996669860183,0.1564605742238599,0.15502050055388336,0.12085502495100166
2005-01-05,0.0874516880856541,train,0.13018057403968233,0.1538509296813012,0.15170504460099563,0.12083186798888464
2005-01-06,0.0918014502615961,train,0.13112898401709286,0.1523257681773503,0.1517069797808897,0.12160255812346281
2005-01-07,0.0917818130010071,train,0.13082330234849185,0.15294920213489857,0.15295351554900324,0.12198077713392973
2005-01-10,0.0903359738604808,train,0.1311058421846441,0.1532782044267699,0.15246980504415875,0.1220876189044319
2005-01-11,0.0909390038631808,train,0.13081511834342793,0.151704803255531,0.15181231145343901,0.12145811517035338
2005-01-12,0.0910840131485941,train,0.13050403018834886,0.15155333290214806,0.15085531357558818,0.1219313800605559
2005-01-13,0.0916798251832497,train,0.1313337970897576,0.15194960039260455,0.1517731975035122,0.12228931085443825
2005-01-14,0.0897986718816678,train,0.1312105644606872,0.15075465850197056,0.152618119660183,0.1219275375564803
2005-01-18,0.0829998263585728,train,0.13069051860207756,0.15265521383202296,0.1511357409554896,0.12104444789853606
2005-01-19,0.0741653896770561,train,0.13701589773999315,0.16166622793599814,0.16082484194728516,0.13086450135820105
2005-01-20,0.0765552871145607,train,0.13782671377784886,0.16255218339586333,0.16049398000100779,0.13316943246137536
2005-01-21,0.0735312285780151,train,0.1407641871873418,0.16387219454071197,0.16122502178630976,0.13677509405233948
2005-01-24,0.090473407780961,train,0.14069601403083182,0.15963270682049394,0.15804131642024932,0.13578745559503883
2005-01-25,0.0934202864122387,train,0.13901349192216358,0.15565162989021356,0.1555079029846406,0.13220503597553301
2005-01-26,0.095719801856389,train,0.13721496958880589,0.1523115783726456,0.15481951355473494,0.12917391421226768
2005-01-27,0.1017234943320271,train,0.1347584573484698,0.14937924417651052,0.1525742813671765,0.12457752361784272
2005-01-28,0.104394730099483,train,0.13231842021519474,0.14808271320225824,0.1513753166919065,0.12100135044770204
2005-01-31,0.1035599903286974,train,0.12912954612566352,0.14787809714844632,0.14968052174600083,0.1183371759455326
2005-02-01,0.1011106153763254,train,0.143096977480801,0.16454060657980454,0.16828057872361857,0.1401487054328794
2005-02-02,0.1005500904506735,train,0.1325026309162681,0.15189371267820706,0.1585548236451332,0.125988264989041
2005-02-03,0.1096303684925916,train,0.128813917485965,0.1498081664512666,0.15591911641601366,0.12011851149584638
2005-02-04,0.10449003648326,train,0.1273584862826409,0.15263716223328302,0.1527242817897488,0.11846694594855729
2005-02-07,0.1052302069385281,train,0.1267602281219347,0.15200186652006134,0.155939379427998,0.11884033929985392
2005-02-08,0.1123880518442887,train,0.12588877326834919,0.14920784255506447,0.15440007729230218,0.11499662238889784
2005-02-09,0.1094623448838808,train,0.125107998095144,0.15470932016007824,0.154081869529827,0.11640745814832747
2005-02-10,0.1115462631410726,train,0.12519590446318704,0.15196177125456017,0.1527041027665103,0.11483015310452692
2005-02-11,0.1095639329104275,train,0.12510943150933096,0.15143480653211322,0.1503369809761888,0.11398000967037543
2005-02-14,0.1134146812566263,train,0.12475171835348832,0.15035039238001605,0.15443692270251294,0.11474167538537348
2005-02-15,0.1166376853261908,train,0.12301734438712857,0.15148657292120407,0.1527262267400054,0.11313955002945812
2005-02-16,0.1168328028202268,train,0.12265701213760047,0.14987104740237864,0.15275109382535543,0.11250725073121146
2005-02-17,0.1137139247390931,train,0.1251493804688993,0.15835905198908348,0.15768357368516575,0.11804474849411366
2005-02-18,0.1143801109573181,train,0.12444524185008271,0.15191747942686734,0.15386914569079033,0.11399770068779227
2005-02-22,0.1075629555081357,train,0.15286087306528512,0.1930841546980017,0.19480749365215674,0.16013284135871253
2005-02-23,0.1045774169910078,train,0.1377589257580432,0.16697782181163762,0.16485134166236995,0.13274858102193293
2005-02-24,0.1020138008855446,train,0.13830112748844775,0.1683249215093246,0.16638590740645348,0.1355886428669251
2005-02-25,0.0959756497237522,train,0.13856720752115487,0.16652652525696635,0.16542216617963684,0.13555129154213888
2005-02-28,0.0960294746910647,train,0.14146934397526087,0.17315589844570414,0.17112114365964193,0.14239149779690244
2005-03-01,0.1067823565421957,train,0.14126546137887508,0.16384229122190072,0.16811444184024069,0.1384951123649026
2005-03-02,0.1069724199659396,train,0.13493563801159383,0.16062580776125604,0.16068100051060544,0.12933494900846812
2005-03-03,0.1081501726295221,train,0.13333604745732952,0.15741836100618573,0.15739902111032802,0.12621817970175372
2005-03-04,0.0990036074999888,train,0.13238630126004686,0.1556593737493046,0.15430989534412412,0.12421691977688412
2005-03-07,0.100413888813912,train,0.13158471335593577,0.15273752776326174,0.15555915334284282,0.12385527888319924
2005-03-08,0.1002820036853505,train,0.12922781238052022,0.151551581572866,0.1529055610317288,0.1202886565824605
2005-03-09,0.0940562984837744,train,0.13203692761943103,0.15841818455635934,0.15636995989016217,0.12531538121158006
2005-03-10,0.1008005714184698,train,0.13164846530994434,0.15387890701095788,0.1533510428873442,0.12341697198360434
2005-03-11,0.0976954596755164,train,0.13280364410596895,0.15564631990874195,0.15427782007691812,0.12499434924895031
2005-03-14,0.0969174439616039,train,0.1336527901862955,0.1528329642506293,0.1545909372651094,0.12590289613794656
2005-03-15,0.1014950501673632,train,0.1360309386298655,0.16228033270226247,0.16064214962001047,0.13079722977394945
2005-03-16,0.1075049703562688,train,0.13589945821518248,0.15824962814265184,0.1556429356225059,0.1289628484493557
2005-03-17,0.1183575817218488,train,0.13602522309898984,0.15315313425008806,0.15337911617879063,0.12765974540514438
2005-03-18,0.1183861771324584,train,0.13436097873710245,0.1518781710199394,0.151168763885498,0.1254764335202549
2005-03-21,0.1209575188216227,train,0.13398127639156948,0.15191456595330857,0.15134153530181288,0.12527471636643078
2005-03-22,0.1257091973458005,train,0.1397025507431594,0.15985611284730128,0.15784502245917612,0.13452934453857748
2005-03-23,0.1430196187581766,train,0.1381536703546107,0.15122867553488337,0.15172026743456704,0.1296805132460046
2005-03-24,0.1435915634860914,train,0.13607359783439107,0.15022068136852978,0.15190815328265703,0.12792544382430837
2005-03-28,0.145373052735581,train,0.1343191277904135,0.14937600000678916,0.15214740832676157,0.1253801320205673
2005-03-29,0.1475564777318485,train,0.13635792956482798,0.15453757071570384,0.1531779517367726,0.12827601709138117
2005-03-30,0.1395473165422699,train,0.1365449143284855,0.15149798172829043,0.14932698769807526,0.12709574553103845
2005-03-31,0.1464098107328954,train,0.13589677768303832,0.151598732946059,0.15261996676495435,0.12863346901125638
2005-04-01,0.1532004712416405,train,0.13893798894054266,0.15573566885455364,0.15413061057619973,0.1336570652024588
2005-04-04,0.1543666128543851,train,0.1376868183291672,0.1515083325044084,0.15179557307130392,0.13021290734815136
2005-04-05,0.1535640557859945,train,0.13680651531155832,0.15061753508959455,0.1529478458740038,0.129245585940601
2005-04-06,0.1554855713806467,train,0.1345859833025389,0.14913578263629831,0.15367174329512107,0.12578522598190248
2005-04-07,0.1543124448176115,train,0.13122439755511714,0.14814882207271812,0.1513434104062498,0.12162300975128885
2005-04-08,0.1502030349481466,train,0.13307526009709525,0.15311459876122277,0.15364722463715622,0.1254198774280845
2005-04-11,0.1517908366058534,train,0.1312500506055248,0.1503301268790752,0.15366465519142794,0.12283914840013198
2005-04-12,0.1551492356679756,train,0.13315093421633972,0.1551835738881517,0.15468503201543693,0.12819713883964298
2005-04-13,0.1505823982514859,train,0.1551577949664042,0.1817136654666376,0.18207434891969326,0.15728033966401309
2005-04-14,0.1484767733383938,train,0.153631806629375,0.18279863437047505,0.17942907413872253,0.1644361859767836
2005-04-15,0.1399742377380249,train,0.17392465025793327,0.2058447384359475,0.2058836373145413,0.2253640530265432
2005-04-18,0.1433943349490441,train,0.15337082647853575,0.168616873794786,0.16499038923706907,0.18133073710218464
2005-04-19,0.1425846737279296,train,0.15363956350427382,0.16666938228393577,0.16468608571952298,0.17702435705299202
2005-04-20,0.138436553262274,train,0.16049853185489718,0.17789017357762493,0.17472483951038542,0.1959623319273095
2005-04-21,0.121350299645061,train,0.15161513825417916,0.16752360779347392,0.16269722112748766,0.18697309735544057
2005-04-22,0.1207045545167188,train,0.15188586383685293,0.1681915754200749,0.16424277527404382,0.18708736278127092
2005-04-25,0.1200543639126337,train,0.15810143655959827,0.1711736834495876,0.17253655204480167,0.1884085761221856
2005-04-26,0.1152456384006027,train,0.1518593966591556,0.1644914967566364,0.16163869581199763,0.168614697725071
2005-04-27,0.1144427254719851,train,0.15195922691543856,0.16291620737856022,0.16245700528375437,0.16378894862650928
2005-04-28,0.107009390523666,train,0.1544365493834869,0.165441027278296,0.16249657115680594,0.16588843469138703
2005-04-29,0.0958952735352825,train,0.15019039673408896,0.15939146346162228,0.1561003036356484,0.15918045647784282
2005-05-02,0.0965442337764069,train,0.15472589344490703,0.16018955565369902,0.1623123372883549,0.1616915508403007
2005-05-03,0.10096642174362,train,0.14904361650740736,0.15575503493601314,0.15452083275482692,0.15116216226940396
2005-05-04,0.0975078710521791,train,0.1484714014853506,0.15461328497278462,0.1538922017270339,0.1487457660434123
2005-05-05,0.09914317032902,train,0.14805388070355488,0.1561157280933183,0.15811145449980157,0.15229026513062766
2005-05-06,0.0985622258248168,train,0.1477033149339776,0.15377998371535243,0.16037295699409407,0.1460974980237779
2005-05-09,0.0960976552061699,train,0.14468278878959678,0.14961025758158736,0.1552444347483805,0.13832105785369916
2005-05-10,0.0889480683337533,train,0.1430155787006388,0.15008388547669968,0.15040407083085885,0.13472645502373373
2005-05-11,0.0884170234232187,train,0.1407820444797377,0.14729623295393407,0.14656766503422267,0.13213885661279492
2005-05-12,0.0796457813373831,train,0.15248018198561966,0.15785990310432582,0.15898507030735878,0.1469849355274812
2005-05-13,0.0801202678979983,train,0.14513490652645794,0.1498402382977211,0.14806796987670415,0.13838580957469945
2005-05-16,0.0734832927550253,train,0.14717447841820258,0.1488856504874494,0.14966377233702072,0.14113763515586228
2005-05-17,0.0699085018435552,train,0.1435390250282017,0.1489056574989291,0.14880032763498055,0.1356791514375502
2005-05-18,0.0604047161402343,train,0.1430486339700926,0.1501769039901887,0.15125557564295933,0.13838524613005457
2005-05-19,0.0599872520790889,train,0.14131139992328237,0.1502638508186806,0.15497139160563833,0.136634835662535
2005-05-20,0.0597846418578448,train,0.13868478693892192,0.14914733889246587,0.15465773062180585,0.1321528925614186
2005-05-23,0.0565121959561842,train,0.13595432378893596,0.14805123131036055,0.1520977930466976,0.12768639091055745
2005-05-24,0.0559743466667488,train,0.13361188233885918,0.14823043689766785,0.1537519970913875,0.12552272139899387
2005-05-25,0.075195967826841,train,0.13287792629786432,0.1487395424313835,0.15447575802109667,0.12263670638492288
2005-05-26,0.0773224022870014,train,0.12969153236692835,0.14964465496077012,0.1555931098359936,0.120058723996605
2005-05-27,0.0772626690875848,train,0.1296348491006518,0.15241514941541556,0.16183538586978546,0.11965589853546107
2005-05-31,0.0795593380992993,train,0.12701501033474927,0.15120693633600404,0.1531786079293568,0.11883559872175394
2005-06-01,0.0742209350934973,train,0.12788280024792076,0.1494482960256477,0.14854404867445795,0.1199511480914343
2005-06-02,0.0763096694849873,train,0.12655546231029552,0.14740626248892194,0.15083803171422436,0.11625296023456626
2005-06-03,0.0748899356113589,train,0.12622661511883446,0.14866191775105214,0.14928823715422587,0.11769533356614867
2005-06-06,0.0800272240143605,train,0.1538954692260929,0.1780976023732422,0.18303394381815782,0.15325894380998464
2005-06-07,0.0853826294068796,train,0.13491743019299457,0.15333524615646033,0.15686832762275704,0.1278926899734262
2005-06-08,0.0862673498599096,train,0.13186255765252278,0.1483798743688849,0.15266277403118894,0.12121359088774061
2005-06-09,0.0937209501228274,train,0.12770932782662003,0.14655511890210418,0.14813440788668902,0.11636059232437732
2005-06-10,0.0950931450160369,train,0.12777413425046008,0.14701269194837033,0.15360270575024845,0.11635496964475707
2005-06-13,0.0948885564954471,train,0.12353903469581866,0.1477896952025026,0.1504307810477754,0.11240055725736414
2005-06-14,0.0946591591662442,train,0.12321001994811125,0.14912590968956876,0.1557327761323902,0.11185780493121704
2005-06-15,0.0954346337717165,train,0.12052024703279107,0.1494567945669593,0.15414224546946068,0.1112157706191001
2005-06-16,0.0950234634263442,train,0.12060505668207876,0.1501404444756581,0.15691780961418056,0.10889269558468241
2005-06-17,0.0951777985512442,train,0.11742722874992409,0.14946062325246517,0.15150804558731984,0.10775785674720598
2005-06-20,0.0971249430401436,train,0.11807202727591769,0.14904759950761695,0.15217014662096925,0.10588950293797442
2005-06-21,0.0978543318441333,train,0.11756723208983222,0.15018659682085483,0.15518354984892685,0.10530135253247208
2005-06-22,0.0999906244261022,train,0.11740430696406617,0.15186767963869113,0.1556470935417131,0.1046929186795148
2005-06-23,0.0896012715659998,train,0.12958812276339748,0.16568856298131282,0.17413121331428552,0.1295713202723669
2005-06-24,0.0862875696213711,train,0.12265664798300899,0.1528852890171423,0.15099277836567007,0.11272533891862478
2005-06-27,0.0862467477491039,train,0.12409553443271652,0.15209056477107416,0.15092351572145085,0.11356262312821011
2005-06-28,0.082008580285961,train,0.12638113930275308,0.15624914333496512,0.15516573269722428,0.11722421571549113
2005-06-29,0.0844564748436662,train,0.12714292632332022,0.15771699557318827,0.15892756500045815,0.11913890470091545
2005-06-30,0.0855747648677312,train,0.12721526713744993,0.1573440225915692,0.15613353391228585,0.11798012610609804
2005-07-01,0.0849784715207041,train,0.12706075365129782,0.15215653018639413,0.15444853762543082,0.11611409445357752
2005-07-05,0.0828466084414581,train,0.1250536064214689,0.15265968515965445,0.15149834544154225,0.1143334268291634
2005-07-06,0.0778401940272663,train,0.12712992851683796,0.1567978213314712,0.15539284493342534,0.11838310114974726
2005-07-07,0.0817403571170958,train,0.12923448091126485,0.1549308708663051,0.15254486926851044,0.12187005965556019
2005-07-08,0.075108042922987,train,0.1301715581836577,0.15571683022826552,0.15406346789636002,0.12234437950831674
2005-07-11,0.0731990833738072,train,0.1300245208857644,0.1543949821630906,0.15719231604107983,0.12348417674884353
2005-07-12,0.0756787881565094,train,0.12830779009866444,0.15317763370553963,0.1552798946004766,0.12046163413942305
2005-07-13,0.0755377260015201,train,0.12687871255579972,0.15058115857494553,0.15513484801864552,0.11792798202474297
2005-07-14,0.0755721785834124,train,0.12431550773206086,0.15036607727125434,0.15203803068019328,0.11591206871118409
2005-07-15,0.0786434442472056,train,0.12330511763389561,0.14701118120061477,0.1512645938742608,0.1129331257586548
2005-07-18,0.0803814490447266,train,0.120440169797571,0.14603482627287526,0.1478790542453778,0.10933612047529374
2005-07-19,0.0907958281229085,train,0.11956359760949024,0.1453961373322285,0.14672218570461235,0.10806566950683116
2005-07-20,0.0899864499153543,train,0.11863869882654535,0.14627086855854926,0.14584013557823897,0.10878749314496929
2005-07-21,0.0875583830228833,train,0.12283172195430217,0.15242840715739883,0.1517896293865755,0.11872170532018696
2005-07-22,0.0846977758346469,train,0.12184398380624532,0.1461874218633128,0.1474187540909972,0.11169502411370258
2005-07-25,0.0840967682730594,train,0.17612572334221557,0.21458625317869554,0.21461620676431845,0.20258041806742558
2005-07-26,0.0842501815172307,train,0.14307479700195044,0.1631116010568021,0.17249758274490357,0.14389083192711052
2005-07-27,0.0891178744752032,train,0.1316804341556514,0.15771227514098227,0.16331638485092076,0.12679757234195074
2005-07-28,0.0872386074172067,train,0.12730702053553347,0.15305747774381873,0.1570518310410894,0.11884843141801522
2005-07-29,0.0874003010482379,train,0.12960653332217306,0.1658757996722746,0.16442897245379634,0.12532699561311683
2005-08-01,0.0915081689267328,train,0.1290440984184252,0.15654627371942786,0.15778564173515608,0.12005501569105402
2005-08-02,0.0909693430933875,train,0.12669399405083334,0.1524706743475923,0.1527347497617986,0.11589618251120369
2005-08-03,0.1008703658076474,train,0.12482463651226441,0.149370134805789,0.15187968862634518,0.11425333823158296
2005-08-04,0.0967730280627987,train,0.12456591910750486,0.15582847249469686,0.1544640502265012,0.11629021722741423
2005-08-05,0.093920189382577,train,0.1263703068707136,0.15588972697928405,0.15432718237982673,0.11735918775992783
2005-08-08,0.1023747168026161,train,0.12826726414422665,0.15761078042639082,0.15617760005537978,0.1198792932242219
2005-08-09,0.1003048324901033,train,0.12827066343463017,0.15449015126163412,0.15403140303657065,0.11892580657558365
2005-08-10,0.1009777779286357,train,0.1281486904061289,0.15547646460631365,0.15425151100082982,0.12099962143269975
2005-08-11,0.1048286220625912,train,0.12776102943754475,0.15074927754207498,0.15127122222779849,0.11819207991455738
2005-08-12,0.1027722098398591,train,0.126712893772199,0.15108579959175614,0.15052235912284492,0.1175566753563907
2005-08-15,0.1023454670722024,train,0.1275716820748715,0.15005299801071423,0.15072112768641743,0.11827397444643431
2005-08-16,0.0921060306771488,train,0.14312738313488688,0.17566290758569078,0.17475734714564506,0.14337466722792486
2005-08-17,0.0921218039576826,train,0.1353042326338154,0.15935616889785545,0.15836503605060614,0.12901642801303048
2005-08-18,0.0954914767119618,train,0.13465557465456446,0.15696327582056196,0.15680961105345498,0.1280040521848373
2005-08-19,0.0958749003101216,train,0.13396012644411678,0.15582211281735422,0.1566502266616792,0.12733895635594916
2005-08-22,0.1004943454891035,train,0.13175774330543844,0.15358844247193193,0.15289580650602244,0.12391905586669673
2005-08-23,0.1056615978520788,train,0.13334760994313863,0.147537011036849,0.1501264576211121,0.12134647305583936
2005-08-24,0.1015487446451608,train,0.1316832469308929,0.15315625781825531,0.15130946331834924,0.12459304020107172
2005-08-25,0.1007722156460037,train,0.13347705086525813,0.14735603798598906,0.15034836092315812,0.12500870550916487
2005-08-26,0.0978799207354492,train,0.1295866668953638,0.14884698902275634,0.1479623217380664,0.12021639325947961
2005-08-29,0.0940193585450174,train,0.13099510150046745,0.14920877157196766,0.14764085107927644,0.1213194202498062
2005-08-30,0.0922041289552838,train,0.1317683830085632,0.15127705251353746,0.1507772988960539,0.12441973964113744
2005-08-31,0.0856803876462626,train,0.13647224667069457,0.1561634213169995,0.15434899195714044,0.1335343478625716
2005-09-01,0.0863418989127169,train,0.13683973287263895,0.15627774004524905,0.15530410416335652,0.13255049205817476
2005-09-02,0.0870400007311712,train,0.13670149585435726,0.15476555722718438,0.15675892444047143,0.1327280679511254
2005-09-06,0.086526050216837,train,0.13584491873101093,0.15588975181467848,0.15439882500364008,0.13003926958886453
2005-09-07,0.0982193338004659,train,0.13539624865434355,0.1544964550586893,0.15745839395246597,0.13101237481183875
2005-09-08,0.098346108535839,train,0.13317204979771669,0.15235183042223596,0.1552713571089442,0.1265896279409481
2005-09-09,0.0939671794645577,train,0.131190993437726,0.15261462049533833,0.15233215232287606,0.12349880006245112
2005-09-12,0.098413257630801,train,0.13054746696841413,0.15152709683909946,0.1555339620531482,0.12366990135246564
2005-09-13,0.096544700860251,train,0.12964212994709967,0.15404731589730988,0.15367762021492526,0.12343603011536984
2005-09-14,0.0996817204609468,train,0.1293164780351699,0.1515569342603053,0.15100452990193078,0.12086043017912476
2005-09-15,0.0996892657072169,train,0.12879936055218763,0.14958948279727857,0.15018345236728248,0.12121583979749272
2005-09-16,0.1034210592671834,train,0.12774557028936498,0.14899072218524562,0.14871714370558178,0.12062284844086874
2005-09-19,0.1035819813501933,train,0.12780477270342885,0.1491333210003712,0.14942006736931687,0.11967769393975218
2005-09-20,0.1063781008744658,train,0.1313327494232402,0.1555669240735944,0.15342654581047369,0.12514463032149023
2005-09-21,0.1167759955437512,train,0.13687075653718445,0.16102646211029806,0.1584661595050404,0.13253123754587878
2005-09-22,0.1321286743476981,train,0.13609870028929383,0.15396950737001452,0.15210015125438253,0.12961478430637002
2005-09-23,0.1328204281034336,train,0.13622399308486347,0.15184635220481685,0.153059538228715,0.13065002612576024
2005-09-26,0.1435336004210315,train,0.13343337946185557,0.15067189781877394,0.15144595013067563,0.12666791203968972
2005-09-27,0.1437067457087228,train,0.1319616052200748,0.14836043365417922,0.15055001319758846,0.12418793772821493
2005-09-28,0.1440394073579767,train,0.13160588959923192,0.14580472266733208,0.15167930758066717,0.1216574598552895
2005-09-29,0.1461564237902858,train,0.12663829003460628,0.14565392350057962,0.14489923810093366,0.1169636449488873
2005-09-30,0.1543208518097829,train,0.12649754336787472,0.14513895198518714,0.14820787882334707,0.11699506517674706
2005-10-03,0.1541055177852804,train,0.1250077677064291,0.1469311619013325,0.14884639852477624,0.11657507109069695
2005-10-04,0.1491533861172579,train,0.1349244677542288,0.15993309460281765,0.16005941303646123,0.12900690006502752
2005-10-05,0.146334231816192,train,0.15231627344085305,0.18086995629508854,0.18032487556977142,0.1578241305871152
2005-10-06,0.146558120920276,train,0.14387228133692334,0.16717803342095072,0.1635708065559691,0.14725404142896098
2005-10-07,0.1461244347234377,train,0.14489179620172832,0.15821479876821654,0.15786202287881704,0.1447775879930158
2005-10-10,0.1430327280049332,train,0.14870396452055917,0.16298043031540843,0.16127410398779143,0.1519610942116337
2005-10-11,0.1429421433374909,train,0.144465680218473,0.15695514339966868,0.1562003576515515,0.14240157037113002
2005-10-12,0.1402533170016385,train,0.14326813998448737,0.1555979039511623,0.15249224087655502,0.13961074268489396
2005-10-13,0.1428980285920142,train,0.14370479231357716,0.1504043973802166,0.14880146032667269,0.1374397151957766
2005-10-14,0.1384745439712453,train,0.14313735062889346,0.15059669302933118,0.14850269159206816,0.13740411084979862
2005-10-17,0.1378643713192064,train,0.1433880065601271,0.14930498065679124,0.151012032421866,0.13814762225734994
2005-10-18,0.1329651100267349,train,0.1448570693163023,0.15228298032388204,0.15123355608910086,0.1385333624296924
2005-10-19,0.1195882131406141,train,0.1534602401112159,0.16303363744852897,0.1621140650871215,0.15608632856339755
2005-10-20,0.1067891206456734,train,0.18198830305633568,0.1902015080370968,0.19310704454283834,0.20951261005987004
2005-10-21,0.1067990371249438,train,0.15299805846364395,0.1629103287940422,0.16098902636508947,0.17136434341911613
2005-10-24,0.0935224872830795,train,0.15253210559927521,0.16242752398549365,0.15896903195013354,0.16838419971980115
2005-10-25,0.0944843342520442,train,0.1517999278107349,0.16383356343387226,0.16219123951034875,0.16868004498363692
2005-10-26,0.0961138272227604,train,0.15085857144386192,0.16141373174273485,0.1605423676648808,0.1623159553132635
2005-10-27,0.0883398364041562,train,0.15199068392149628,0.16114538694910363,0.15841615419375357,0.1604419380791766
2005-10-28,0.0765902746170245,train,0.1502154932859263,0.15889813581600118,0.15603017028109697,0.15728851608297253
2005-10-31,0.0760672374228118,train,0.14988417937321735,0.16055397112334718,0.16049272641894047,0.1602550689543757
2005-11-01,0.0777296318322774,train,0.1500545858186889,0.15714547745670715,0.1602767270972926,0.15373195124029002
2005-11-02,0.0773163148243844,train,0.14600460923405728,0.15320879901009948,0.1520037968451323,0.14472942005582204
2005-11-03,0.075953576627599,train,0.14538852861232288,0.15415085678349189,0.15727337999588858,0.14867282578952096
2005-11-04,0.0761874435287634,train,0.14308876744199717,0.1501707164367503,0.15512729749225607,0.1401099904105755
2005-11-07,0.0764041956284781,train,0.13981997594833037,0.1480937167587776,0.15435339553853178,0.1343559841739244
2005-11-08,0.0791780457856205,train,0.13690757392877828,0.14734619133673668,0.1544489081144988,0.12933118662667656
2005-11-09,0.0790739312730816,train,0.13374658128097727,0.14733402235694973,0.15154880396672804,0.12482272590072174
2005-11-10,0.074736597442699,train,0.1331243996297782,0.14686498902306747,0.1460890161449853,0.12621235011982224
2005-11-11,0.0738329093145909,train,0.13291672861449125,0.14679011102701342,0.15225680320515844,0.12432460612731172
2005-11-14,0.0776288658251014,train,0.1293049089711001,0.14710106684609706,0.15134085971703942,0.1212464416178753
2005-11-15,0.0777976648242636,train,0.12876854504429674,0.14659610913128324,0.14736524610480867,0.12098236354908268
2005-11-16,0.0781449967700091,train,0.12822858654200117,0.14671426915213492,0.1516239274523675,0.1187873904898185
2005-11-17,0.0717993391241429,train,0.12670267311270397,0.1465573131876391,0.1471593792241425,0.11883649636392486
2005-11-18,0.0727752037352659,train,0.126586422176948,0.14562050267730212,0.14742477584790645,0.11991220028808217
2005-11-21,0.0706393677655975,train,0.12456851638241602,0.14435710115756828,0.14775231827349786,0.11647711039951074
2005-11-22,0.0692123325571604,train,0.12395656334440205,0.14447386270191628,0.14640614427243118,0.1169664564212846
2005-11-23,0.0686695277998637,train,0.1227241132223412,0.14361945681066898,0.14510678979455058,0.11441371242811439
2005-11-25,0.0686408214890615,train,0.12648926433856766,0.14440775070817657,0.15626114519602058,0.1186364031244288
2005-11-28,0.0734440155288459,train,0.12424761142610458,0.15134227230085998,0.15245776924797355,0.12030778540670925
2005-11-29,0.0737641596728614,train,0.12216797872331342,0.1438916002009503,0.14492436915530726,0.11171809433558212
2005-11-30,0.0729636101045095,train,0.12122651674998576,0.14493173587235286,0.14387706758825408,0.11180004051057488
2005-12-01,0.0663175021083719,train,0.12309511225785906,0.1475494926443957,0.14631786304321062,0.11615597944284631
2005-12-02,0.0906006067922602,train,0.12262661059518587,0.14404411707276438,0.14793393630616783,0.11420581417989636
2005-12-05,0.0918286005671426,train,0.12108138918281962,0.14518022851253418,0.14614782087293862,0.11304176974522238
2005-12-06,0.0916090832027653,train,0.12076343316046238,0.14378411801464416,0.14445317799852894,0.11130187064904737
2005-12-07,0.0939469944267312,train,0.12228582035659606,0.14890576968139888,0.1474589657072232,0.11502171349314459
2005-12-08,0.0943606038227637,train,0.12406836986103977,0.14241467165271302,0.1432238557337384,0.11234150657867076
2005-12-09,0.0939709625911181,train,0.12160527672937428,0.14149578734270388,0.1433866655814855,0.11069688465888317
2005-12-12,0.094584671612627,train,0.11944172171132784,0.14171547826970257,0.1447109660116233,0.10930490098693868
2005-12-13,0.0925425699268549,train,0.1195838506394429,0.14321656979337688,0.14201230458936492,0.11222977894340207
2005-12-14,0.0915505731362965,train,0.11870720799689026,0.14062748801469235,0.14214843373566255,0.10927789596154322
2005-12-15,0.0914827752982505,train,0.11720888096545985,0.14081483626814353,0.14324673140266583,0.10875207652258281
2005-12-16,0.0918566725828143,train,0.1180406879072412,0.14187727964403915,0.14220794730668104,0.10884457275783958
2005-12-19,0.0910331122101485,train,0.11902070331777458,0.14610910763081578,0.14642380887537337,0.11116808677095283
2005-12-20,0.1119999178157346,train,0.12022688160686863,0.1421310022406389,0.14434169755410023,0.10878000430391259
2005-12-21,0.1125717914921746,train,0.11767591799030926,0.14211613769418557,0.1443165854060651,0.10698022331599746
2005-12-22,0.1110945219188018,train,0.11724293469944892,0.14226846879239416,0.1454020128494623,0.1064621593224325
2005-12-23,0.1111200327524842,train,0.11722844200667477,0.1428290433651651,0.14876732898747094,0.1052844196841886
2005-12-27,0.1068266634574623,train,0.12339262962878296,0.15934730291115726,0.16072048728850807,0.1194628854443246
2005-12-28,0.1114493944569493,train,0.12082130654584089,0.1463085096733915,0.1476518511034547,0.10923077469996838
2005-12-29,0.1103521226879966,train,0.11975715694794398,0.14974876632167175,0.14910438848663585,0.10957502325297236
2005-12-30,0.1117308093039114,train,0.12133493734157305,0.15311562654822838,0.15169823398578117,0.11194609262640294
2006-01-03,0.0962441956813473,train,0.13481648196793578,0.1715777339924724,0.17049200004773296,0.13441812675866213
2006-01-04,0.1034341187662769,train,0.13059174806828336,0.15894792195186447,0.15921176350719207,0.12477720567366585
2006-01-05,0.1049078880536412,train,0.12950693500282512,0.15617924523334978,0.15747030557213085,0.12256375089862537
2006-01-06,0.1011242829643106,train,0.1294553414860901,0.15910259812465177,0.15747113726801007,0.12403376319917479
2006-01-09,0.1055373390407525,train,0.1291691862884079,0.15525886738342756,0.15703948033447834,0.12255824357145145
2006-01-10,0.1102539847531762,train,0.12827336236082776,0.1481193646610611,0.15241516242305567,0.11840677531136175
2006-01-11,0.1098344540888695,train,0.1236568898049151,0.1438596771324589,0.14701739503249045,0.11296314057613244
2006-01-12,0.1091256488963243,train,0.11994644984079422,0.14311582754931265,0.14415887549165182,0.10974156800285204
2006-01-13,0.1092662231454433,train,0.12086313015108283,0.14179075766636995,0.14439652111027243,0.10865479223671548
2006-01-17,0.1150936992933613,train,0.11784290071682448,0.14260928090197994,0.14117283606863062,0.10774391307516262
2006-01-18,0.1149024460971728,train,0.11930576399925846,0.14320431695188857,0.14023677669675624,0.1103615235995987
2006-01-19,0.1171303276559784,train,0.12024307060411416,0.14123729912620492,0.14015560683967634,0.11123942730608066
2006-01-20,0.0976926953381669,train,0.17515826528622802,0.20346226150634064,0.20961373729615443,0.20032479114749452
2006-01-23,0.0972710556374091,train,0.1395228025456198,0.15477253776356178,0.15341933279223252,0.13546687427755483
2006-01-24,0.0995488706761434,train,0.13886161792381466,0.15347769638753173,0.1529297717212729,0.13544671870710207
2006-01-25,0.0996379715904989,train,0.13674565996375354,0.15438732748587328,0.1522848600853182,0.1334361605176622
2006-01-26,0.0981180970736419,train,0.137244610813049,0.1539795371772481,0.15305788019440403,0.13438642461201888
2006-01-27,0.0925060023872429,train,0.13663963110684485,0.14925592315603622,0.15025819175541738,0.13182171203592322
2006-01-30,0.0984777995202942,train,0.13550367312725708,0.14719992121958847,0.1529728667041276,0.13201466205047535
2006-01-31,0.1000252217860594,train,0.13188479747281295,0.15013413912984527,0.14855802694113443,0.12682100486071657
2006-02-01,0.0969300318870364,train,0.13135611709791667,0.1474472241210886,0.1475608116245912,0.1255875304147574
2006-02-02,0.0891675580152397,train,0.13888671207909226,0.1596692222499881,0.15742426064714557,0.13645627351630402
2006-02-03,0.0889074961030394,train,0.1367637036948627,0.15379100399016302,0.15138183124149449,0.13258539108322925
2006-02-06,0.0885972285448908,train,0.1388534827484352,0.15055677490139957,0.15397908535031363,0.1368275656017818
2006-02-07,0.0831292660135829,train,0.13703677477133247,0.15513937872397218,0.1530751335897749,0.1325983750983859
2006-02-08,0.0803132961037262,train,0.14194227304484908,0.15320960603799422,0.15109426959885391,0.13895404246418921
2006-02-09,0.086843909958867,train,0.13863305740943724,0.1515408817378019,0.15425872315177225,0.13820097735801865
2006-02-10,0.086856266733833,train,0.1362800148366491,0.1485214929722947,0.1496698834149247,0.1320386833393304
2006-02-13,0.0941894726970791,train,0.1346826890310552,0.1476334742375074,0.14991950199442045,0.12990248778326305
2006-02-14,0.0878621071573176,train,0.14064704670015454,0.15571269517436884,0.15372661596550066,0.13769205122416936
2006-02-15,0.0872788387467816,train,0.13802017693900806,0.1487268712655692,0.15308701070267525,0.1382300387039458
2006-02-16,0.0832170953431564,train,0.13364569629866105,0.14709119085399006,0.14900627707552477,0.130812141654048
2006-02-17,0.0828549838470725,train,0.13254921322008317,0.14806926699329842,0.15322659417919443,0.1304917966601513
2006-02-21,0.0853720405289078,train,0.13016977540274713,0.1472817619872249,0.1496042049023017,0.1249855377250738
2006-02-22,0.0853941722762063,train,0.12874829758579778,0.14484464503239475,0.14776706917022359,0.12153593117219576
2006-02-23,0.085551240854423,train,0.12646504858358473,0.14334365661739412,0.14672173312753953,0.11832935476654104
2006-02-24,0.0851135311484555,train,0.12455480690684441,0.1423357316696615,0.14683501572920157,0.11552826814835797
2006-02-27,0.0852601924324836,train,0.12248701999769127,0.14213004276859975,0.14672586819780492,0.11267280560673613
2006-02-28,0.0812474948178305,train,0.12565891033971038,0.1499689390309707,0.1492715950396891,0.12176934112737718
2006-03-01,0.0781416636408781,train,0.12382580223925053,0.14374664118914549,0.14315592031188257,0.11522869268699065
2006-03-02,0.0783936678475479,train,0.12338144027682797,0.14320803539376287,0.14442498869553927,0.11585048008265132
2006-03-03,0.0766414822829891,train,0.1238189030979865,0.14578708259853976,0.14461905286540006,0.11752524115679813
2006-03-06,0.0749379082358692,train,0.1266120806627791,0.1492040078957859,0.14782703647755882,0.11989082539731122
2006-03-07,0.0780857089443252,train,0.1265616891119318,0.14375470445555305,0.1442008149578685,0.117603476943117
2006-03-08,0.078680265591079,train,0.12506381303912975,0.14166649381827406,0.14185028840894937,0.11574875069826107
2006-03-09,0.0750638707978849,train,0.12397413292680391,0.14295289003780887,0.14250544576644875,0.1159787573537707
2006-03-10,0.076307959305314,train,0.12459370585835791,0.14411348820615807,0.14268913919872664,0.11670409727949113
2006-03-13,0.0762172167428686,train,0.12443555355117171,0.14335772126989757,0.146088669808993,0.11743062502383494
2006-03-14,0.0731648678278811,train,0.12628549004366232,0.14933022280287628,0.14766704966644814,0.12123740314246198
2006-03-15,0.0717485792880634,train,0.12660814527793654,0.1492390062337884,0.14953982881842054,0.12136608294566255
2006-03-16,0.0715277091364857,train,0.1281523749382612,0.15351124612264913,0.15319046125961577,0.12572906554065888
2006-03-17,0.0714790778379059,train,0.1276211012900182,0.14549806350036895,0.14858477607903192,0.11978830304069985
2006-03-20,0.0905260323480776,train,0.12391290534392001,0.14475550328301168,0.1459747739964007,0.11602945637520057
2006-03-21,0.0879747253110534,train,0.1234201728169059,0.14371366154820886,0.14209957664706457,0.11582917951359935
2006-03-22,0.0854277263990746,train,0.12329369515820068,0.13985993733739385,0.14109702182327075,0.11397917103241564
2006-03-23,0.0851121256372834,train,0.12142883189751662,0.13915891221151921,0.14218869422981037,0.11237694755610536
2006-03-24,0.0853164762621669,train,0.11987443507913814,0.13915995900357034,0.14227909528475954,0.11021204892968257
2006-03-27,0.0864136255703891,train,0.1188083000745526,0.14001989146566476,0.14281063749859246,0.10921353972329939
2006-03-28,0.0835941354712086,train,0.11909622842193684,0.1437027744935235,0.14146093074069777,0.11252829940959083
2006-03-29,0.082392741565475,train,0.118932979535389,0.14031501801391316,0.14014309401247257,0.1104558142198883
2006-03-30,0.0830098617264946,train,0.11972083244771485,0.14318264998192878,0.14263639910803946,0.11378599876797571
2006-03-31,0.0879280693435886,train,0.11996990010733856,0.1389416387007354,0.14068802302865757,0.11074617622330657
2006-04-03,0.0918159824624845,train,0.11839495231781416,0.13943079738130323,0.13942540594703445,0.10964636599359705
2006-04-04,0.0899646982247543,train,0.11856410114829333,0.13940399036987258,0.13898089845524553,0.10940779713948866
2006-04-05,0.0900355388373587,train,0.11917935618838078,0.1382066192508066,0.1412866449245405,0.1089893488943941
2006-04-06,0.0952146849218859,train,0.11663457067251294,0.13880676153185956,0.13983313116461424,0.10774758702630019
2006-04-07,0.0881450619525155,train,0.12541803638654736,0.1533137209287083,0.15299330188203503,0.12308706969079015
2006-04-10,0.0882504463376015,train,0.1238758482779857,0.14183573452170936,0.14298214731357636,0.11544447919432017
2006-04-11,0.0829356582364927,train,0.12864720927400877,0.15655791230506994,0.15451668434485136,0.12418520314378342
2006-04-12,0.0932363022807066,train,0.128151939655267,0.1479427525559955,0.14851669049745192,0.12085162235306494
2006-04-13,0.1041532008861326,train,0.12629806400684074,0.1479135655215427,0.1479388346703803,0.11856090253549867
2006-04-17,0.1043879232780908,train,0.1254894163305849,0.14465884113249766,0.1445554943800922,0.1164859480319469
2006-04-18,0.0883496456041614,train,0.1318472357191967,0.15713769721341178,0.15467624678073483,0.1301169888071147
2006-04-19,0.1113910873150008,train,0.12913395655401214,0.14830851225089736,0.14879421986206526,0.12578735346855993
2006-04-20,0.1127234293206929,train,0.12812242730041098,0.14890915152126158,0.14824819514039295,0.12450620344023845
2006-04-21,0.1154489215630244,train,0.12756884274407507,0.14729337908389106,0.1476753089091643,0.12257381833914341
2006-04-24,0.1184298518497308,train,0.12777022909569372,0.14715518093461447,0.14881655245223613,0.12249423027830064
2006-04-25,0.1206066676081981,train,0.12681866339786194,0.14149737494222608,0.1428795841905166,0.1182854312837648
2006-04-26,0.1238676510372308,train,0.12504444223865951,0.13748593873089437,0.14227013696749274,0.1155032047154376
2006-04-27,0.1302039992091855,train,0.12175978338835015,0.13882280750133413,0.13606949473890173,0.1164489953328751
2006-04-28,0.1309051227489182,train,0.12160974230471013,0.1356614388815293,0.13819745671949674,0.11380975475479628
2006-05-01,0.142621083031469,train,0.12418422333008369,0.1441596885239238,0.143695419420628,0.11921456826027774
2006-05-02,0.1455766414857751,train,0.12335114474015856,0.13941925727664486,0.14005190243505658,0.11608242783709972
2006-05-03,0.1488592743234703,train,0.12213887208945452,0.14065578665411863,0.14078177247117746,0.1149377535275708
2006-05-04,0.1485006201235359,train,0.12311695440033509,0.14059800198248523,0.1414544212841348,0.1153694840391041
2006-05-05,0.1542526556874244,train,0.12225843274565247,0.1433450019434325,0.14226117434758478,0.11565372001109006
2006-05-08,0.1544364543392142,train,0.1233681976879319,0.14157988416486134,0.14489429635302156,0.1162716423746021
2006-05-09,0.1565714408684624,train,0.12215425117983895,0.14040398902387027,0.14364308934124828,0.11277058597384204
2006-05-10,0.1565910303274571,train,0.12015948737914414,0.1414162993529208,0.14141910842857353,0.11300395058465157
2006-05-11,0.1509642456308775,train,0.1295217911493606,0.15642599862900355,0.15546010977968788,0.1275724761123371
2006-05-12,0.1487032935699519,train,0.14529011418500715,0.17461113078775858,0.17249923247351354,0.14805826088048188
2006-05-15,0.1542119682424979,train,0.1366090352259451,0.1561131886116804,0.15360817119557493,0.13277371113523204
2006-05-16,0.1565425421268859,train,0.1374740365269187,0.15353245422150563,0.15318437843221439,0.13504032799053534
2006-05-17,0.1594051779947744,train,0.19231658196110255,0.21326379057373826,0.2126988452483142,0.23039204001591612
2006-05-18,0.1605019918983654,train,0.149825866922319,0.16366880162977943,0.160405166417174,0.16894557585111006
2006-05-19,0.1610085025697435,train,0.14845390398064817,0.15819397103299654,0.1546765040508443,0.16089018945199307
2006-05-22,0.1591510823731114,train,0.15040791438844003,0.15776739983456603,0.15392090652334078,0.16443957933904982
2006-05-23,0.1589996915247619,train,0.15320630425114737,0.15852881257783444,0.1550506036033074,0.1710130409317809
2006-05-24,0.1572513113236566,train,0.1510072828125621,0.15287082602007762,0.15002458960107032,0.16402184371134612
2006-05-25,0.1510819558866405,train,0.1533180501758531,0.15223620725267117,0.15081885076145835,0.1638840667825079
2006-05-26,0.1508182125068214,train,0.15255221196473537,0.15437663628905915,0.15473271321466506,0.1632403887357742
2006-05-30,0.1401751388610399,train,0.19149415384300383,0.18814560729332575,0.19509093356008617,0.21240214991175482
2006-05-31,0.1366245206143553,train,0.15231952130860438,0.15757406163660018,0.15407099115681605,0.1729011171379461
2006-06-01,0.1502094046875126,train,0.15254512232642806,0.1593397972124567,0.15615010956067552,0.17317572624080263
2006-06-02,0.1500294100558531,train,0.1535773307612714,0.1617979539660264,0.16101118063196318,0.17543047170169182
2006-06-05,0.1415813147640076,train,0.16335541937776912,0.1667170452040931,0.16542389816174558,0.1824640815462512
2006-06-06,0.1427711124654165,train,0.1522198231640604,0.15637512265630335,0.15358461697217202,0.17048180629328832
2006-06-07,0.140632736032121,train,0.15261401597398497,0.15300490168655867,0.15014870129683694,0.16369922361484116
2006-06-08,0.1424986220281743,train,0.15225726754687355,0.15030254029791973,0.14776876920319054,0.16422896652465382
2006-06-09,0.1422081538471456,train,0.15761462358423448,0.15277277705227016,0.1536908914566673,0.16753237841393695
2006-06-12,0.1377254690464611,train,0.15779782515800803,0.15155357362533384,0.15064123216606848,0.15986211989135482
2006-06-13,0.1367475087814147,train,0.1583766483503518,0.16390500992414145,0.16285288054233243,0.172016087642491
2006-06-14,0.1460696229397567,train,0.15557223271135315,0.14662534623726853,0.14525124528715147,0.1556466612002076
2006-06-15,0.1263845894019486,train,0.1666331652030096,0.1661291221647513,0.16976092530585477,0.17790361746283137
2006-06-16,0.1238007436958022,train,0.15822233956632037,0.16661340081079132,0.16421973445732566,0.1798161701245774
2006-06-19,0.121937138626401,train,0.1569399613651291,0.16254775918300904,0.1601010923807982,0.17512320774449922
2006-06-20,0.130828584652105,train,0.15994079797114927,0.16895976522536837,0.1684470590140696,0.18303149387673107
2006-06-21,0.1304703630642522,train,0.1551464250311211,0.1626644032112177,0.16129606905835184,0.169372246194163
2006-06-22,0.1319402366933597,train,0.15651921789149495,0.16141078926863092,0.16362832172607775,0.1671633129974005
2006-06-23,0.1467025165014453,train,0.15478358374651477,0.15441139561663647,0.15821785587023957,0.1577573963017633
2006-06-26,0.1464110600190017,train,0.1529273999113466,0.15247354261865173,0.15839738182599836,0.15231734414372394
2006-06-27,0.1432128735190667,train,0.14785184242596003,0.14556466870446536,0.14594585404304053,0.14151296004266373
2006-06-28,0.1412301281358114,train,0.146331870737663,0.145666246186306,0.14660784239198027,0.14003449035706012
2006-06-29,0.127122352367703,train,0.16093128141630247,0.15400938795033642,0.15766481419137215,0.1657313678302343
2006-06-30,0.1271686011341218,train,0.1473095887524232,0.15032035659370988,0.15433199642830733,0.14883362706228875
2006-07-03,0.1273875670132499,train,0.14705581989572505,0.1480624035339796,0.15231403994186077,0.14626801667222247
2006-07-05,0.1280076279831531,train,0.14745798877936148,0.14952251533990385,0.14973177185527117,0.14596206511714901
2006-07-06,0.1279375416884623,train,0.14316508079748103,0.14667443320735252,0.14868868060985244,0.14032726309777332
2006-07-07,0.1259647040381593,train,0.14158448215060646,0.14418873064283258,0.14414299161643132,0.13764204502404356
2006-07-10,0.1259758738973647,train,0.14144881369431261,0.14352843694197534,0.1459567730577132,0.13506641646334802
2006-07-11,0.1259001275347371,train,0.13846742989479008,0.1426668191311845,0.14231708039103463,0.13292508365944689
2006-07-12,0.1205975850765663,train,0.14431833112971446,0.1455967355629873,0.1466019383917254,0.1392516885549065
2006-07-13,0.1061813714110362,train,0.1735206000664112,0.1727988079761047,0.17913955712521376,0.17738155195479022
2006-07-14,0.1057635287397122,train,0.14773802017699159,0.1460356793191437,0.14351735592231019,0.14540644350712406
2006-07-17,0.1056736942841443,train,0.14915266521373888,0.14424830189431082,0.14255928338724885,0.1460005923704781
2006-07-18,0.1123404532548823,train,0.14774180286554373,0.14410161034249575,0.14167780282881956,0.1443976501882649
2006-07-19,0.1060353583785414,train,0.15281853213006108,0.14915441643751381,0.1477257266227795,0.15427514145274407
2006-07-20,0.1034053837601234,train,0.14934435105810343,0.14762835230054955,0.14664462405558842,0.15191741818084717
2006-07-21,0.1019064993695721,train,0.14931141798435577,0.14519200881439726,0.14371457916693756,0.14835967901480585
2006-07-24,0.0806444458742361,train,0.1512664846417151,0.1464583400332313,0.14460778823316733,0.1493112359086149
2006-07-25,0.0796491552646424,train,0.1494022651680822,0.14857856106836634,0.14842055433505347,0.15243545405114264
2006-07-26,0.0801126171829659,train,0.14818543970274023,0.14755489182652612,0.14903173313111248,0.15018360779849152
2006-07-27,0.08009856944469,train,0.1458095614502077,0.14525764254462809,0.14573442965542782,0.14546103849484965
2006-07-28,0.0719844651650466,train,0.14418223401506014,0.14453275437442345,0.14614812388495105,0.14349882237343822
2006-07-31,0.073856056528915,train,0.14531152004754339,0.14517540094379022,0.15167095623866425,0.1434824773302427
2006-08-01,0.0718603132368299,train,0.13981999633679135,0.14275140162286706,0.1450043807777609,0.13458705564795498
2006-08-02,0.0677998258711416,train,0.13786380261798975,0.14287424906368637,0.14442456631228448,0.13251916619234758
2006-08-03,0.067145646780351,train,0.13703331314326808,0.14315016850820034,0.14416264362858655,0.1310358591715389
2006-08-04,0.0701278472044576,train,0.1370565223783193,0.14388106404112963,0.1435556902003033,0.13376555268692533
2006-08-07,0.0701100199513128,train,0.13669090678873977,0.14455707982784655,0.14775451216322869,0.1315228016975274
2006-08-08,0.0753438861061962,train,0.1354751459406682,0.1448038286844934,0.14332514815116223,0.1304171057561348
2006-08-09,0.076158615862302,train,0.1354111410923242,0.14451301770199035,0.14317777071567384,0.12978052120658498
2006-08-10,0.0760492821858657,train,0.13537390340788075,0.1465087823046903,0.14754252240333723,0.12992064014827198
2006-08-11,0.0754656998608373,train,0.13590288546599422,0.1501700604741659,0.15560890965588722,0.13099459976725034
2006-08-14,0.0830016953313797,train,0.13322895231861162,0.15044271203239576,0.15387603782791098,0.12770550316596488
2006-08-15,0.0728838197237331,train,0.13257741131691422,0.14733954805905708,0.14849022879042892,0.12768324908446504
2006-08-16,0.0655498281216469,train,0.13221489452945892,0.14471442037193477,0.14738898288107932,0.12883879496807715
2006-08-17,0.0657510317515588,train,0.12918282825747998,0.1421725411671758,0.14482983257964802,0.12450968772794233
2006-08-18,0.0634322596202559,train,0.12822817692290156,0.14094552339757402,0.1428330569577595,0.12317003162819558
2006-08-21,0.062210243610552,train,0.12771550270111753,0.14120686555845918,0.14536727596174906,0.12296603243188836
2006-08-22,0.064989025706654,train,0.12607923881947836,0.1400084667497375,0.144264558239356,0.11969944972014775
2006-08-23,0.0664995703907191,train,0.12458495602716944,0.13963439733488867,0.14071800462482728,0.11688843165302934
2006-08-24,0.0673009929907087,train,0.12491060129145933,0.140859712462926,0.14436456781476822,0.1160401872270182
2006-08-25,0.072444862367426,train,0.12564818061877508,0.14463441470595542,0.15029928891260685,0.11598690804566059
2006-08-28,0.076313082172534,train,0.12311951708949828,0.14620256251464755,0.14622341254499083,0.11424057441404883
2006-08-29,0.0763222954222856,train,0.12290305116393341,0.14685409963418541,0.1488522088938101,0.1147085620917066
2006-08-30,0.0763028509915396,train,0.12377498400269478,0.14953460959149195,0.15556741021559317,0.11394079204157949
2006-08-31,0.0763568945548806,train,0.12351765166522215,0.15252400695345342,0.15829317395818981,0.11344429792886156
2006-09-01,0.0745731596282278,train,0.12057997878257705,0.1505285821339615,0.15116789055140314,0.11252417137740689
2006-09-05,0.0746411620510418,train,0.11975540558972059,0.14758025756267912,0.1478525894235212,0.11192697570700572
2006-09-06,0.0793018514904316,train,0.12206244469265505,0.14508886541008123,0.14686771588103473,0.11770216513348476
2006-09-07,0.0778975335610163,train,0.12178265933064125,0.14106934893181058,0.1381987942387539,0.11581555697013614
2006-09-08,0.0773696318066564,train,0.12299228645484377,0.13865464749172607,0.1381386141655052,0.1154585364203235
2006-09-11,0.0773172284344406,train,0.12230972461374183,0.13923591417551825,0.13814650552280258,0.11529444421472869
2006-09-12,0.06926972947397,train,0.12540851913311926,0.14289074201378132,0.14179225248615535,0.12098119459142358
2006-09-13,0.0679166181299088,train,0.12535431493435925,0.14310792022022414,0.14382470551800466,0.12233897917354658
2006-09-14,0.0744945467271848,train,0.12407880922739055,0.14149380179960575,0.14433742549472883,0.1201960438132367
2006-09-15,0.0745848815027472,train,0.12305133574801745,0.14105606390322611,0.14153215163973543,0.11827857188862004
2006-09-18,0.0746270720591098,train,0.12214486078508967,0.13780531823887424,0.14006800166333525,0.11519308756281246
2006-09-19,0.0749347100056499,train,0.12150757315531881,0.1362814309011493,0.13649798925387582,0.11410092749509212
2006-09-20,0.072688381294377,train,0.11996179971835501,0.13417461222489274,0.13591682172802205,0.11162673800831589
2006-09-21,0.0708582190112722,train,0.11926469995075671,0.13853191784680602,0.13716661713014863,0.11523827750575695
2006-09-22,0.070037156166584,train,0.12024038834261562,0.13454176318976666,0.1342128145947573,0.1127145519181828
2006-09-25,0.0665813693756482,train,0.1208931593997986,0.13864982690938935,0.1359457778168417,0.11559009560509204
2006-09-26,0.0606911204349097,train,0.12170864086647955,0.13738748019437652,0.13619155940357064,0.11593472084870683
2006-09-27,0.0617354684526638,train,0.1214891519223066,0.1360517917841457,0.13703759489561476,0.11633631284490883
2006-09-28,0.0626969613082389,train,0.12095358515085373,0.1348991621388444,0.13673247096236718,0.11462319515505215
2006-09-29,0.0664882087174961,train,0.12019843370019015,0.13523538774216196,0.13742807694356246,0.11346153608801228
2006-10-02,0.065193004318609,train,0.11998163321788816,0.1376964304448156,0.13617216884100383,0.11276306352882036
2006-10-03,0.064766698903096,train,0.12141735794599745,0.13541630026768955,0.134729552751397,0.11251115764500608
2006-10-04,0.0553946429238281,train,0.12059631343703264,0.13784375668012772,0.13508056259075582,0.11525233529925802
2006-10-05,0.0550106145045952,train,0.12044725860695908,0.13498809327826605,0.13669132767108041,0.11465437456347102
2006-10-06,0.0551822011417375,train,0.11959074581900615,0.1362238027466513,0.136678910794888,0.11438662792274057
2006-10-09,0.0680113944912529,train,0.12028378614221022,0.13534386120373817,0.13820797523293876,0.11396240212991632
2006-10-10,0.0691959396623082,train,0.11818741044479529,0.1361564816697827,0.13793534952350686,0.11191708959910694
2006-10-11,0.0694934110561954,train,0.12171955459272735,0.13521126934571687,0.13584311000137747,0.1152408231861081
2006-10-12,0.0651330685033335,train,0.11653752748224569,0.13275739878608625,0.13210787953394995,0.10910503375571828
2006-10-13,0.0645119344086624,train,0.11599692212416399,0.13289410324907533,0.1340174453493007,0.10921335630756718
2006-10-16,0.0648699586998071,train,0.11595543263103199,0.13311153023008648,0.13476333203288743,0.10869633583207869
2006-10-17,0.0691929051697811,train,0.11833371652776724,0.13961065260980698,0.13760462192123873,0.11581790579453251
2006-10-18,0.0697772274502595,train,0.1176551823895286,0.13495823735456727,0.1334395296379334,0.11199670414710404
2006-10-19,0.0701377283673152,train,0.11813461088657151,0.13105555073406774,0.1331414322859335,0.11042294489343563
2006-10-20,0.0701407274376739,train,0.11702116721047141,0.1304394829223229,0.13416397311804298,0.10898338562874398
2006-10-23,0.0682489550673912,train,0.1144734320154019,0.1326586726886453,0.13130924935885507,0.10778091986206799
2006-10-24,0.0675181623073961,train,0.11534880519347677,0.13060174435489652,0.1324401461367116,0.10710402530274846
2006-10-25,0.0668029486322511,train,0.11460271641892636,0.13118547642092745,0.13118495767585545,0.1076517998250377
2006-10-26,0.0674403527439252,train,0.11331873483729207,0.13006863464429094,0.13027976564766547,0.10625430528206618
2006-10-27,0.0804102568147997,train,0.11390006030647891,0.1335786266633538,0.13210007495376966,0.10908538409765534
2006-10-30,0.0818227888564823,train,0.11531654904443256,0.13156675356406416,0.1319083346715421,0.1082066932704067
2006-10-31,0.0897282781598433,train,0.11473142299715797,0.13143571357332723,0.13072430337122515,0.1070227499080789
2006-11-01,0.0864608364646053,train,0.11733230420264465,0.13997880157108292,0.1376498032905437,0.11302828526752033
2006-11-02,0.0867906453188977,train,0.11832690824960532,0.13324091928401371,0.13426460023916512,0.11052681858402656
2006-11-03,0.0906743721448549,train,0.11680574035026915,0.13586074509722748,0.13450746709681694,0.10980214878132134
2006-11-06,0.0828904015541013,train,0.11836210550065855,0.13726484009499243,0.1356345656875036,0.11110269844197217
2006-11-07,0.0818226966413736,train,0.11851756304430422,0.13744460275643033,0.1370138646742063,0.11196690428191518
2006-11-08,0.0829344859952135,train,0.11981230111014479,0.14120973324634367,0.13868305396505853,0.114691674803615
2006-11-09,0.081061525835447,train,0.1218746239542436,0.14478871752945802,0.1426832433599639,0.11839714507889933
2006-11-10,0.0816959971113326,train,0.12340535343889455,0.14016837324319997,0.14284236405181724,0.11787272097385695
2006-11-13,0.0812762021228648,train,0.12099301175481092,0.13596859393437727,0.13784454469970783,0.11273133259712052
2006-11-14,0.0769127629571044,train,0.1195631327101634,0.1408883104305547,0.13819022636221662,0.11527680385735549
2006-11-15,0.0823533239420568,train,0.11902750985795511,0.13474320784197616,0.13529881730146906,0.11260527163364527
2006-11-16,0.0818480840704571,train,0.11764443925438574,0.13242408937991065,0.13271946067194348,0.1108970659900493
2006-11-17,0.0824192447148159,train,0.11699271236939482,0.1300844795983169,0.13226989411093895,0.10983541553085831
2006-11-20,0.0826700725282769,train,0.11490708590199264,0.13023123387545568,0.13113821122652836,0.10823251672396585
2006-11-21,0.0826185346085559,train,0.11689346963140072,0.12651442532685536,0.13171175271856733,0.10724168235838344
2006-11-22,0.0833381750409164,train,0.11321136265856387,0.12665908977805013,0.1289631874868927,0.10364884632924332
2006-11-24,0.0849509343638967,train,0.11269947026514084,0.12920939833353245,0.1293802318928831,0.1045623312489895
2006-11-27,0.0723622697331179,train,0.13851242976530245,0.17110673198854356,0.17071586142504946,0.14735270511304144
2006-11-28,0.0744349963702284,train,0.12386406783331837,0.14779483742150176,0.14469519761923216,0.11876787461428089
2006-11-29,0.0651155065987534,train,0.12618225929997426,0.14919573267514435,0.14636537080925355,0.12110503417609661
2006-11-30,0.0667500028893797,train,0.1269753458811779,0.14776489432199946,0.14648466648039793,0.1226774135888826
2006-12-01,0.0665840207561904,train,0.13217915672355748,0.15873085145377747,0.15399811044808,0.13215833584014974
2006-12-04,0.0613346591411409,train,0.1302245322415973,0.14608475016092295,0.14607812986809043,0.12502993890624195
2006-12-05,0.0658496744185518,train,0.12871944285349987,0.1420027738425888,0.14358417422503741,0.12542857944594812
2006-12-06,0.0677902379679201,train,0.12856611424429695,0.1356872980113987,0.14011236129187396,0.12476292827735204
2006-12-07,0.0660495386039421,train,0.12581272217357825,0.14656332596947375,0.14375561184673097,0.12179671981581698
2006-12-08,0.0667780222301132,train,0.12507233797961834,0.13762531312209378,0.1366574461759057,0.11944473244664851
2006-12-11,0.0677810556165401,train,0.12494910194478348,0.13539076197055183,0.13712606941399308,0.12132449737860812
2006-12-12,0.0728592166253917,train,0.12203279850617976,0.132893863584073,0.13360774056982516,0.11824039701092325
2006-12-13,0.073093190958139,train,0.12037097885169495,0.1290062014433529,0.13217450571552494,0.11571311976784916
2006-12-14,0.0661453730188532,train,0.11769203754953934,0.13180023348314532,0.13036786909627415,0.11355966684594974
2006-12-15,0.0672121909995099,train,0.11778015571822144,0.13026635856582788,0.13214508949018525,0.11470873368881318
2006-12-18,0.0668666978954504,train,0.11752573956606568,0.13175586261328634,0.13185169385404005,0.11256936321907636
2006-12-19,0.067421170881123,train,0.11711329200445049,0.1322689543060302,0.13131312340617557,0.11151489661328881
2006-12-20,0.0681976189554312,train,0.11867241181293625,0.1295014383844097,0.13277423772925603,0.11262620690972541
2006-12-21,0.0727473765637229,train,0.11583795874012515,0.1302581832130315,0.13019233859193055,0.10889615805522906
2006-12-22,0.081060874840925,train,0.11729995627635509,0.13755303387837237,0.13516631089422773,0.1122531877867604
2006-12-26,0.0783680215018036,train,0.12080035712934482,0.13301027123865541,0.1336601419630959,0.11394961505681415
2006-12-27,0.0748935288754904,train,0.11751455932260377,0.13485345802345894,0.13430044277589792,0.11111009840306103
2006-12-28,0.0767679386055375,train,0.11776764598202026,0.13604012816833186,0.13656624050493074,0.11177015495578076
2006-12-29,0.0790014631821515,train,0.11971613778001565,0.14349749722267063,0.14157853943153026,0.1141955261978307
2007-01-03,0.0815491562188199,train,0.12381913654986287,0.1478077469407401,0.14419838047040323,0.12149292958503563
2007-01-04,0.0813494363897763,train,0.12244499551248984,0.1379705879239955,0.13712315887889542,0.11586094805355208
2007-01-05,0.0762271868846814,train,0.12191366540570282,0.14013314397134735,0.1380710726633723,0.11664724105054007
2007-01-08,0.0744526416742407,train,0.12244776602374932,0.13607509267974593,0.13511971261712136,0.11646837094310646
2007-01-09,0.0748023593471897,train,0.12144380013104301,0.1336674223022979,0.1333334055360047,0.11642858350571898
2007-01-10,0.0740106479534237,train,0.12033380309457145,0.1334067804458062,0.13242697261549657,0.11571820579112843
2007-01-11,0.0770771834571691,train,0.12041288824312045,0.1342508216743339,0.1342212433497703,0.11633507931834436
2007-01-12,0.0732508297301846,train,0.1200623372248424,0.13488994398383616,0.13425415760109813,0.11567156753876559
2007-01-16,0.0787816411415388,train,0.12025886275951904,0.13481590801922655,0.13592954408666386,0.11593091819631304
2007-01-17,0.0821229457167006,train,0.11940982214540846,0.1323340039914007,0.13439633494316996,0.11401527902932101
2007-01-18,0.081383146576731,train,0.11757404402006194,0.13406535140553105,0.1332515317111504,0.11273819552866525
2007-01-19,0.0811023368642762,train,0.11739871828941364,0.13098099067544353,0.13171276761154754,0.11125080838613692
2007-01-22,0.0807125179796497,train,0.11652869128930377,0.12902080202863936,0.12921779679538192,0.10952187202576844
2007-01-23,0.0800459670410402,train,0.1157764464455568,0.12719811489700142,0.12786835694901486,0.10849619095256392
2007-01-24,0.0748596757497114,train,0.11417915133102281,0.1291457572874984,0.1278609625798729,0.10827143268724533
2007-01-25,0.0635615654344811,train,0.1334137423285173,0.16274031407183465,0.15747786291796786,0.13452865743682493
2007-01-26,0.0635917383233131,train,0.12330327410117745,0.1425347194686706,0.1415821741909728,0.11636624712815487
2007-01-29,0.1550373840190871,train,0.12373345887826696,0.14300778972669342,0.14212700041116919,0.11738211558430664
2007-01-30,0.1581355531077273,train,0.1234063998546669,0.14207666679348874,0.14099919149585943,0.11735557624001439
2007-01-31,0.1566949517027948,train,0.12378715817755885,0.14389488260285854,0.14141713744595003,0.11973891077810808
2007-02-01,0.16215501435481,train,0.12457388943079872,0.13431403967767921,0.13631580117446607,0.11932491816312249
2007-02-02,0.1655989316245638,train,0.12109588467766837,0.13064922269965104,0.13336425511686745,0.11639593520928089
2007-02-05,0.1762055832141192,train,0.11847067578075667,0.1306785210498034,0.13245132118722727,0.11361505624720207
2007-02-06,0.1762387486199503,train,0.11707625862079421,0.12885226666750116,0.12980968052151648,0.11113860799313434
2007-02-07,0.1785833557690125,train,0.11631322710124811,0.12588890647772663,0.12722685615510218,0.1093764748782137
2007-02-08,0.178525678627355,train,0.11562776703710571,0.12403930659867553,0.1252309475454761,0.10846057338987572
2007-02-09,0.1766224096725885,train,0.11585527104938624,0.13353957934902716,0.1310175428314737,0.11401821334622211
2007-02-12,0.1894777504875297,train,0.11592118413812776,0.12847988752366016,0.12695312294001612,0.11046920762936353
2007-02-13,0.1889629554900186,train,0.1175974425467656,0.13430701973199125,0.13185615908585063,0.11337160683088175
2007-02-14,0.1875915173283703,train,0.11813891445234317,0.13224899577006974,0.13139450678166786,0.11335657973218838
2007-02-15,0.1877980547768546,train,0.11961349711839857,0.1302139360344634,0.13271600079120044,0.11489260776242939
2007-02-16,0.1925467964730054,train,0.117371420300647,0.12982687909197968,0.13135436295816574,0.1115121089658149
2007-02-20,0.1933791478415329,train,0.11610057028721178,0.13234371759636784,0.130654467075079,0.11015501573194313
2007-02-21,0.2018673619300705,train,0.11788029329223394,0.12667887452834106,0.12859527464148604,0.11109090996680707
2007-02-22,0.2018680279502395,train,0.1167851048198197,0.12391115866516493,0.12472974761670402,0.10975004091562761
2007-02-23,0.2014561804697565,train,0.11240084556171397,0.12258449997102973,0.1217205619511407,0.10682774144246324
2007-02-26,0.2014861374932141,train,0.11183151696449645,0.12355424694450642,0.12179259049008918,0.10733984695356517
2007-02-27,0.143762291910374,train,0.20983823561884493,0.20758128831660896,0.20919228241631643,0.27054783709007657
2007-02-28,0.1415265804500758,train,0.15129028227768698,0.14724971457006755,0.14671160355841537,0.17592098882379614
2007-03-01,0.1411794321109143,train,0.1518670838431412,0.14445128231435309,0.14177151818169056,0.1792988442420869
2007-03-02,0.1332025063548752,train,0.15665319847248432,0.14460004945405552,0.14275757664507305,0.2006493890058564
2007-03-05,0.1288645954886926,train,0.1616225586995226,0.14879549420417437,0.14794070129902237,0.22273171560174143
2007-03-06,0.1200982194426596,train,0.166879684987185,0.1574973906424333,0.15703348945064033,0.2132020672415546
2007-03-07,0.1201105385070099,train,0.17616432454818404,0.1831530050472455,0.1878860524964762,0.2327457373004196
2007-03-08,0.1167290369698798,train,0.1635686482800734,0.16162585476492297,0.16142255800397964,0.19769179315597743
2007-03-09,0.1168282481992286,train,0.1624250263988806,0.15715067418433126,0.1579310220473892,0.19054721899252147
2007-03-12,0.116783101067528,train,0.16049565606399677,0.1534001598963823,0.15591628609079355,0.18567584843424348
2007-03-13,0.0948469472662209,train,0.186534523401815,0.1742741553331679,0.18090333571158054,0.21355766456038255
2007-03-14,0.0924629613295226,train,0.1575039512510268,0.14439097788324787,0.14141197073682316,0.17791492195355813
2007-03-15,0.0937392883526811,train,0.1643572334911838,0.14944338884113084,0.1496419570427465,0.18559338230986663
2007-03-16,0.0990632522643317,train,0.1582640461753088,0.14281109104715453,0.14110522455108,0.1736754509331691
2007-03-19,0.0899629942683311,train,0.1570051890183844,0.14100630387064575,0.1391921492540444,0.16937643987681053
2007-03-20,0.0879435185306706,train,0.1557390875963511,0.14696929870938297,0.14705223637830336,0.1737646176727723
2007-03-21,0.0661658831843283,train,0.15522064949656597,0.14218714222716028,0.13943943096732567,0.17033026625350334
2007-03-22,0.0740479953331071,train,0.15187856581770898,0.14581174115964024,0.14518668609542426,0.17357840650122655
2007-03-23,0.075070779631936,train,0.1512870424537322,0.14323154996730425,0.14714198507548681,0.17105848067790325
2007-03-26,0.0749369217274835,train,0.14426749776123665,0.13554524232884277,0.1347681360398979,0.15588100543022698
2007-03-27,0.0812209599827722,train,0.14186606707086236,0.1362371293808624,0.14002134559189935,0.1562679961455648
2007-03-28,0.0770745825234534,train,0.13969322530899358,0.13223843003929245,0.12920709086772642,0.15130516552727008
2007-03-29,0.0770360180108458,train,0.13803787048218255,0.12742101772931258,0.12622265051136441,0.14660147043456423
2007-03-30,0.0825086075991785,train,0.13644719725683507,0.1257832109106684,0.12403570328086157,0.1438944317563115
2007-04-02,0.0829108501573485,train,0.13846695612775728,0.12984385098405551,0.133911354854107,0.14668989608108593
2007-04-03,0.076546868847586,train,0.13386291186817934,0.1282797477563655,0.1296013128125702,0.13954761330467944
2007-04-04,0.0788125633213615,train,0.13234283790208248,0.1302932439084203,0.13702141924173813,0.13739021674440793
2007-04-05,0.0793692258653033,train,0.13070821263902238,0.13086282632630603,0.13689830348163104,0.13351868308239756
2007-04-09,0.0792198709175951,train,0.12777610267931583,0.1312299732752523,0.13579470216400297,0.12834810263313023
2007-04-10,0.0792497581720177,train,0.1258115214580836,0.13130983344345584,0.1346364398199064,0.12572801774541423
2007-04-11,0.0785044132960375,train,0.1274869765852337,0.1326356977963195,0.13229008211140825,0.13300508692616897
2007-04-12,0.0854774322446398,train,0.12522561203903987,0.1291365958877367,0.12745901644387392,0.12912738502708024
2007-04-13,0.0892200343893492,train,0.1227742246457103,0.1264797118276514,0.12868808956032576,0.1236636499863648
2007-04-16,0.0830376429819181,train,0.12137729225111692,0.1256544395248766,0.1259959814732776,0.1228142691459495
2007-04-17,0.0825062071143445,train,0.1215524488384858,0.12616270251932613,0.12678879272341653,0.1260613761362057
2007-04-18,0.0858714817290892,train,0.11904251179661891,0.12254149955859492,0.1233149824915346,0.12075308598256658
2007-04-19,0.0861534405213644,train,0.11837621198135231,0.12240369749551983,0.12276395076337882,0.12095591624865519
2007-04-20,0.0852088480981566,train,0.11921146832671972,0.12307782984489708,0.12038029519816754,0.12456140239315555
2007-04-23,0.0841691177428278,train,0.11791724840691094,0.11922484284874924,0.11866579070992393,0.12095696501431384
2007-04-24,0.0842031319832003,train,0.11817404883535972,0.11956497534624246,0.11702581796354723,0.12095652466009539
2007-04-25,0.0777040423090017,train,0.11814264591447632,0.11926518985488464,0.11564337397460588,0.12171041620482095
2007-04-26,0.0840447368344269,train,0.11805384138516237,0.11845205499433865,0.11769664048995172,0.12211766123776763
2007-04-27,0.0852852517788733,train,0.11798568812101522,0.11843133047569221,0.1178449693549321,0.12172142299734738
2007-04-30,0.0810243898535908,train,0.12457267163762242,0.12598668058993873,0.12503920596062493,0.13069102066035654
2007-05-01,0.0855075365366778,train,0.1202681962955374,0.11985591086411297,0.11611919099055701,0.12576731119260806
2007-05-02,0.0830431015012645,train,0.12150422686458916,0.11744313496046997,0.11757043011650832,0.12676077405032812
2007-05-03,0.0826837888861261,train,0.12026292490733079,0.117543093930459,0.11717950235431003,0.1246250389053933
2007-05-04,0.0815868371294539,train,0.11859374087471249,0.11815974841519533,0.11765506541252743,0.12357085696056574
2007-05-07,0.0827894143103553,train,0.12054249046315856,0.11848772007569626,0.12329184474192406,0.12267708626633475
2007-05-08,0.091125684025302,train,0.11774898002320247,0.11955168217540262,0.11996510624493031,0.11833976143311453
2007-05-09,0.1113063846065037,train,0.1173989442999079,0.1208232125212685,0.11737650335024281,0.11958467511548701
2007-05-10,0.1144715895473875,train,0.12233375736411506,0.1243309773941511,0.12238028271902691,0.13240226766109636
2007-05-11,0.1105716028517101,train,0.1180166042539701,0.11661156746927408,0.11390607623383316,0.1238906178929916
2007-05-14,0.1169637316165735,train,0.12032204521357057,0.11935061439679781,0.11744737102267554,0.12768486144122954
2007-05-15,0.1283004910313313,train,0.1214369003279966,0.12099374758990002,0.11651286639836067,0.13327151061159212
2007-05-16,0.12800829649135,train,0.11955784793092698,0.11499681765879517,0.11299596369944691,0.12760246581020035
2007-05-17,0.1293903265320169,train,0.12025621110359082,0.11507851381643407,0.11608347249120186,0.12753296053519583
2007-05-18,0.1257320369793929,train,0.11823903255762273,0.11540812710741653,0.11441838645696903,0.12485111481245033
2007-05-21,0.1260267083235023,train,0.12109272188578635,0.12106668887342419,0.11797848289676473,0.13481322169918752
2007-05-22,0.1354350784571869,train,0.11843118209355306,0.11404773909911109,0.11596451039753611,0.12622715881995242
2007-05-23,0.1368557172481307,train,0.11605750960460035,0.11512451016115814,0.11359769916263512,0.12374642332268691
2007-05-24,0.1371633180625894,train,0.1248198006575019,0.12479531242709506,0.12282129692347911,0.1385921335681727
2007-05-25,0.1374233132201717,train,0.1234270663532919,0.115308376206117,0.11688461123993138,0.1342493285369714
2007-05-29,0.1416509139375315,train,0.12008078220707767,0.11499074736985983,0.11564091685405155,0.12797636540890375
2007-05-30,0.1474823972283489,train,0.1192710559329211,0.11842831208667702,0.11502056321327683,0.1279676210203419
2007-05-31,0.147436731980714,train,0.11810863305793402,0.11606157316555354,0.11559666602961255,0.12704533643181085
2007-06-01,0.1463930293468209,train,0.11738536483980105,0.1145002655040158,0.11408071368020958,0.12497643994978655
2007-06-04,0.1498379098041493,train,0.11785174853718101,0.11402869199160974,0.11498820388300131,0.1244322026208158
2007-06-05,0.1497266169470166,train,0.11643743676432503,0.11607817052687358,0.11293229193050223,0.12389293684432577
2007-06-06,0.1447756990045569,train,0.1231358678736802,0.12406136433712082,0.12109505474014204,0.1340457534311054
2007-06-07,0.1308749555088411,train,0.16876461630619768,0.17274932561594528,0.17386533683041377,0.19351438605019614
2007-06-08,0.1225669007957408,train,0.13790951427958045,0.13194906116025132,0.12919609643578372,0.14140392524123532
2007-06-11,0.1317039937346636,train,0.1412343275139449,0.1304400030598973,0.12989622871885695,0.1542790490157728
2007-06-12,0.1282959474769962,train,0.15357622901435608,0.14775777669051532,0.14343723653577034,0.16313560015966297
2007-06-13,0.1295037648219717,train,0.14265046058309594,0.13111617243099677,0.1278267238229743,0.14668617578339926
2007-06-14,0.1279540399743519,train,0.1433933329921726,0.13234251159864954,0.13121356911902465,0.15646568330150057
2007-06-15,0.126361716648564,train,0.13980062285218456,0.13116306366225502,0.129761170665699,0.15398746830593035
2007-06-18,0.1263060816260319,train,0.1417432082165984,0.13078045295089666,0.13147686687035584,0.159868047678993
2007-06-19,0.1261620862805686,train,0.13567414201522493,0.1271741686588555,0.12744904152127043,0.1503955756667989
2007-06-20,0.1167840228756447,train,0.1456184356925473,0.13963963938359295,0.1351983906036505,0.15187473516842925
2007-06-21,0.1206496936264717,train,0.13612963622246935,0.1263636623054152,0.12377886110695914,0.14764457348822313
2007-06-22,0.1163957543275036,train,0.14090444894544743,0.13065789362687893,0.12687377837499814,0.1475727512435274
2007-06-25,0.1308205245379049,train,0.13981213041993298,0.12595376265883126,0.12256255465053688,0.14826851342457897
2007-06-26,0.1257850473153818,train,0.15234046412712735,0.13359172972626193,0.13136226539772747,0.15803792885639792
2007-06-27,0.1433254543091629,train,0.14994364719542572,0.12850471203450037,0.12525330977285667,0.15771539738463833
2007-06-28,0.1597173566499327,train,0.15345777254617282,0.1324375333183373,0.13308108966900392,0.17724436235048116
2007-06-29,0.1689503196643903,train,0.14634302243812483,0.12607582512154814,0.12302549683443674,0.16017378441192362
2007-07-02,0.1707048478381935,train,0.15108268720920237,0.1293470757430152,0.1295522499473671,0.17643697078051032
2007-07-03,0.1710932804292653,train,0.1523598382576344,0.13725131952219044,0.14323361883773214,0.188005202303304
2007-07-05,0.1733697489803655,train,0.13922064046528823,0.1258693367537864,0.1281653959400181,0.15781788288017964
2007-07-06,0.195658037423085,train,0.13556972690630859,0.12327390909284144,0.12467806498911606,0.15065464807602258
2007-07-09,0.2043582744294334,train,0.13271772385932606,0.12357123219953892,0.1270477795628513,0.14633462397949998
2007-07-10,0.2020420409011658,train,0.1533815530834182,0.14135406771023346,0.14128134138239745,0.1756456039095385
2007-07-11,0.2064151463647376,train,0.13607641966966852,0.12188869517343282,0.11767360980282936,0.1525559139442135
2007-07-12,0.225645958698442,train,0.13918493263511797,0.12142925143099617,0.11852592557929832,0.1532648342203364
2007-07-13,0.2260119549315377,train,0.1367376738119845,0.12257702341494707,0.12156226842038037,0.1553856026713632
2007-07-16,0.2263697180177357,train,0.13537841174353468,0.12160540658147717,0.12075368483921031,0.1524559769906125
2007-07-17,0.2328722687324781,train,0.1328991699551368,0.12096725084173819,0.11980681332483421,0.1507874172796882
2007-07-18,0.2379337252953617,train,0.13666047283672347,0.12874741076928659,0.1229861947501421,0.16681204224314808
2007-07-19,0.2390176714784075,train,0.1316291413867509,0.11928152516836746,0.1222077101858774,0.15164578835224693
2007-07-20,0.2449461057267943,train,0.1465426915481075,0.13283200437856552,0.13187501468169002,0.17538214845165892
2007-07-23,0.2447115666314271,train,0.13615112511233754,0.11778273570078691,0.11829482905618739,0.16064618161656982
2007-07-24,0.2368093936116869,train,0.1602891495604073,0.14105861029512107,0.1454084074902063,0.1873341660654186
2007-07-25,0.2403743659909957,train,0.14107492074412042,0.1196796423550612,0.11554031967011504,0.16411421003347948
2007-07-26,0.2248427482446461,train,0.21934363714940464,0.2138646714906876,0.23796347330198814,0.30332626153126757
2007-07-27,0.2179129628158115,train,0.20634704836608547,0.19332162399083883,0.21418627195718118,0.2544140606217787
2007-07-30,0.2134268993164498,train,0.19057064590244124,0.13611897539112428,0.1356954325263592,0.21980131043727638
2007-07-31,0.2239600045798741,train,0.20079843558668442,0.15007164994129052,0.15505826969267378,0.22685317307782013
2007-08-01,0.2337044059647607,train,0.20454844988509466,0.14131091379957939,0.1412533216153989,0.2261960961754829
2007-08-02,0.2321834103213682,train,0.20916374826809156,0.14446863101655266,0.14614401723915232,0.23417525095300284
2007-08-03,0.2157520020541594,train,0.22109359015586852,0.175829695422523,0.19864093576657893,0.25758759623559685
2007-08-06,0.2105701623941931,train,0.22202733462006247,0.14764853974220277,0.1470839834357504,0.23665454909696687
2007-08-07,0.2094571078014492,train,0.21663568477361575,0.15293075462863984,0.15330246032832603,0.23405518607963308
2007-08-08,0.2037738613944659,train,0.20639519318593233,0.14957355470703454,0.14870458041061901,0.2243729885619244
2007-08-09,0.1805361270499025,train,0.2312146887553123,0.21762161299702112,0.2694471819516598,0.29061604638686084
2007-08-10,0.1798965498457113,train,0.2379178120611668,0.15658627654151694,0.1568386484808863,0.23656651202031356
2007-08-13,0.1841037762422833,train,0.23375763258446128,0.17110823401152053,0.17951514533574944,0.2526833122087397
2007-08-14,0.176034136012345,train,0.20706940919758152,0.14709612950332282,0.1479257709912185,0.2042868686619474
2007-08-15,0.1708291903882083,train,0.2099717954230268,0.16282683006843382,0.16841556103386537,0.21075351455584893
2007-08-16,0.1687492704634345,train,0.23263858856071848,0.16092581157534175,0.16976900789207097,0.2325097406288157
2007-08-17,0.1570602424398586,train,0.2276892448958985,0.14553370992964237,0.1486228926455631,0.20335038185765067
2007-08-20,0.1878093726753103,train,0.22681457279544673,0.2119655288551889,0.20645009648792845,0.23950745404466797
2007-08-21,0.1888339150907417,train,0.20660867775581035,0.20428148303803784,0.1813512989732333,0.21360261528100474
2007-08-22,0.1858323403444033,train,0.18474350951952087,0.1703248777555892,0.14800487789431843,0.18255937353129317
2007-08-23,0.1860514185077498,train,0.18152593785780255,0.17360756752643847,0.14731507353243464,0.18627795064666813
2007-08-24,0.1809930960713732,train,0.17621420032032759,0.16877965630425368,0.14591324634848976,0.1837343970078965
2007-08-27,0.1780644266541386,train,0.17047028287926178,0.1538551677739757,0.1407399534017081,0.17899616445766242
2007-08-28,0.1607273813325273,train,0.17952480959677072,0.13237030554887855,0.14478585800323346,0.18709838528160136
2007-08-29,0.1466765622663733,train,0.17059788184619323,0.12068120177668266,0.12053619745319286,0.16674132718615556
2007-08-30,0.1468495509010476,train,0.17125597640075224,0.12827427937133432,0.12463289413455278,0.17028160181283825
2007-08-31,0.1481102029407403,train,0.17169500066983542,0.1350781317029087,0.1286328085129796,0.17585847768879603
2007-09-04,0.143835626058417,train,0.17031250692733324,0.13449138749392114,0.12956237546510124,0.1753769339944945
2007-09-05,0.1406700180180193,train,0.1682903144058322,0.13228069712687993,0.1273831921204056,0.17355884794386256
2007-09-06,0.1405423890975798,train,0.17412796845713155,0.14961816269808226,0.1410457651903688,0.18091990351916237
2007-09-07,0.1379812448374549,train,0.16988830273565925,0.12732410887173243,0.12760532602132238,0.18148592892064697
2007-09-10,0.1391105087530695,train,0.17029427031339398,0.12490225545152253,0.1241834024266612,0.1744187352573208
2007-09-11,0.1369870298365459,train,0.17068353350715304,0.13251594097525837,0.12931330189092818,0.17585299264083717
2007-09-12,0.1368095908031444,train,0.17000307418568314,0.1472259204701401,0.13850916932579518,0.1780848931930658
2007-09-13,0.1356090744193956,train,0.16730495802133238,0.1481863494783106,0.13950549491829595,0.17786708936862766
2007-09-14,0.1370155501820583,train,0.1659053516210511,0.15348161099721527,0.1448818476748723,0.1781319517786057
2007-09-17,0.1389738004829988,train,0.16395882375697757,0.1453110273189413,0.14082212837376812,0.17625715364898792
2007-09-18,0.0974983004750589,train,0.20075243471647897,0.16010326966071586,0.17757090749885046,0.24018323099157418
2007-09-19,0.0958480196329057,train,0.17624353761080286,0.11938201970943384,0.12313435132892209,0.18393625619121912
2007-09-20,0.0934037075537343,train,0.1722908242024598,0.13489508519782506,0.1287086326729335,0.1890563319889124
2007-09-21,0.1322292689558988,train,0.17030173897246723,0.13486266627724042,0.1293719934393866,0.18898472653824036
2007-09-24,0.133659994209257,train,0.16654974986100896,0.14135296665832628,0.13553416748517952,0.1902114707134654
2007-09-25,0.1365156701611538,train,0.16453707752782962,0.143435609157442,0.13932777748534286,0.18566364425320542
2007-09-26,0.1353863624786251,train,0.15778268129522657,0.1412852583185122,0.13814702491840714,0.17572221456347317
2007-09-27,0.1340240738075696,train,0.15308805409926574,0.14394328741812068,0.14383771190334546,0.16739204050319095
2007-09-28,0.1397636005702221,train,0.15030584487997636,0.1334568746398401,0.13157979552278745,0.16388052172936252
2007-10-01,0.1344958289062151,train,0.14979231433709214,0.1288754438928183,0.12548231226904988,0.16334017310265406
2007-10-02,0.1366645117709746,train,0.14736142952279863,0.13303987920728744,0.13256425081787723,0.15970094914911903
2007-10-03,0.1413217757745262,train,0.14579042608114473,0.1307481779484903,0.1285362742849807,0.15702907636523944
2007-10-04,0.164347273837728,train,0.14539969702966524,0.13739693994570645,0.13840931251947453,0.15529270423442867
2007-10-05,0.158959590879991,train,0.1490741231094339,0.13118050512845048,0.13107456505805,0.16227711189294508
2007-10-08,0.1601357504275889,train,0.1440585498188648,0.1321376132421378,0.13255402336221003,0.1546411049426138
2007-10-09,0.163675050538181,train,0.14417099790471563,0.12828474824756392,0.12764700093121017,0.15485062041346292
2007-10-10,0.1909139967029252,train,0.14129641628529674,0.12893818847009,0.12878463115710942,0.1530352229258218
2007-10-11,0.1910024941793981,train,0.17067264807960653,0.14399270942763903,0.15055564340740285,0.2116214093186967
2007-10-12,0.1962286056684306,train,0.14195030501341876,0.12142197717810849,0.12001524196973441,0.16211645725306043
2007-10-15,0.197110126090534,train,0.14589922051642543,0.11887061705118973,0.11776623518227863,0.16727073020605276
2007-10-16,0.222287258800299,train,0.1439679090309177,0.11673742961382272,0.11364176802571377,0.16608730146680523
2007-10-17,0.222241127151394,train,0.14413581486261304,0.12190607805131873,0.1177800506845215,0.1726775223285574
2007-10-18,0.2277810769459574,train,0.14137743373541262,0.12174207649018817,0.12160374504033805,0.16571081504260554
2007-10-19,0.2075321951778742,train,0.20711449874080312,0.1694641964258472,0.19168189253861623,0.24534439301572297
2007-10-22,0.2124231807836515,train,0.16801177323339553,0.12538920678452017,0.12355276862599457,0.19671874269261025
2007-10-23,0.2115938370870044,train,0.16863929725851728,0.1319932285082306,0.13066711207998097,0.20487862354138825
2007-10-24,0.2238658098327208,train,0.16696128480942676,0.12346285261737443,0.12010022497768773,0.19770920524444485
2007-10-25,0.2318371301476342,train,0.16740565997348972,0.12483490185665422,0.12184876135570992,0.1984310273027959
2007-10-26,0.2414718493099754,train,0.16798238674502464,0.13281929689397623,0.1317062698820861,0.20509595720515078
2007-10-29,0.244573198337281,train,0.16121567000157538,0.14013443083594654,0.14010708100643202,0.20159745106944751
2007-10-30,0.2677560478580111,train,0.15493965593000653,0.12470508326808086,0.12285065563451707,0.18132061690460932
2007-10-31,0.2652339115241169,train,0.1574359088512088,0.12335321609823469,0.12006707329789305,0.18779304384790674
2007-11-01,0.2540506010046655,train,0.22678837506096938,0.19134870133872436,0.2217480844277886,0.29240639709818483
2007-11-02,0.2551020004661069,train,0.17225953615364295,0.11770889795277702,0.11493726437272311,0.19491950900744054
2007-11-05,0.2556522936321045,train,0.1804267901935509,0.11819333458576536,0.11767953934806301,0.20656243822164114
2007-11-06,0.2580255636032595,train,0.17908928336154123,0.12058006996525927,0.1191986912601931,0.20219264183214863
2007-11-07,0.2437800550896258,train,0.22776597944586588,0.20813404381622813,0.258866439643255,0.2813616795223208
2007-11-08,0.2431123185758105,train,0.20393045226077444,0.13507612244145314,0.13367680107060484,0.21437818057523722
2007-11-09,0.2396829837194277,train,0.20655414414436618,0.1351557726559333,0.1354873263569943,0.21939666810510558
2007-11-12,0.2567776427725903,train,0.20841873651171897,0.1500037685195291,0.15485227946640573,0.22700568428267448
2007-11-13,0.2362024532220985,train,0.2082462001004378,0.15364071033594212,0.15724274740044003,0.22012509391384674
2007-11-14,0.2361125864043299,train,0.2051650012931808,0.16062142210628155,0.16003088843910485,0.21170930981755332
2007-11-15,0.2348214309409445,train,0.20232076765018692,0.14552283670496166,0.14589622159108095,0.19896145731876277
2007-11-16,0.2402214575322125,train,0.20561115516623535,0.1462602807905468,0.14550347587089565,0.20522901538102242
2007-11-19,0.235838189260463,train,0.19825365136905573,0.13752909108956654,0.13572369181547753,0.195196580777019
2007-11-20,0.2348411882170704,train,0.20303535882738116,0.12954854402542262,0.1292691407202444,0.20699731962234016
2007-11-21,0.2241907151640063,train,0.1934676817037636,0.1255202918695624,0.12725491911713543,0.19205207768660287
2007-11-23,0.2216759424783678,train,0.1949762167550695,0.1602005628150118,0.15946020661953011,0.21872341225404227
2007-11-26,0.2087056219176291,train,0.17805909482324295,0.1517856482775125,0.16968892883854972,0.183683945827965
2007-11-27,0.2048659697754855,train,0.17946551479260298,0.1348393481065844,0.13494911479369243,0.17148980572954206
2007-11-28,0.1774759985450863,train,0.17616425543984507,0.13226673718065168,0.13444127927226032,0.1678901525423203
2007-11-29,0.1776952685015187,train,0.1838196616792552,0.16535600160987635,0.1537843707598494,0.18482220776092925
2007-11-30,0.176094312752882,train,0.17741619368712797,0.14030315828657508,0.13541274441704954,0.17975958137363957
2007-12-03,0.1772906786998331,train,0.1778597174195503,0.15559858629331375,0.14378920786687804,0.1836620326898817
2007-12-04,0.1744112595995169,train,0.17246432411096752,0.14606428346078545,0.13723800120734803,0.17639931086110874
2007-12-05,0.1862909115401451,train,0.17384628236125202,0.14802614297762717,0.1372767950001677,0.1773463952638535
2007-12-06,0.1793554409300131,train,0.16869849933618625,0.13450915099115113,0.12888239248710862,0.17394045538389938
2007-12-07,0.1884348500224632,train,0.1710069531515141,0.15599872887168897,0.14212665725703108,0.18264565666670513
2007-12-10,0.1900887013032038,train,0.16726480457099632,0.1433267400209379,0.1352450348065594,0.17699114841846122
2007-12-11,0.1641088261097094,train,0.20086927003758542,0.1638246915500431,0.18728755540534794,0.23797932841115765
2007-12-12,0.1629203617837629,train,0.17896898871682365,0.12939971569411418,0.13008851767839683,0.2056332268025914
2007-12-13,0.1652309790398051,train,0.1847415009249024,0.1306765695757271,0.12579877659853653,0.19476855670578275
2007-12-14,0.1774613273324405,train,0.17836320042650042,0.12594432145843515,0.12378227961176835,0.19202675871582023
2007-12-17,0.172721754434976,train,0.17514066349776983,0.12122752996094416,0.12160219212217765,0.18197543417566087
2007-12-18,0.1952681326571788,train,0.17483691016130185,0.12500195941756645,0.12150706304384148,0.18093817651878413
2007-12-19,0.1986748921502966,train,0.1749924860516683,0.1373555408986687,0.1302021114833074,0.184482263717856
2007-12-20,0.2007096994466715,train,0.17053205072965885,0.13466211298089933,0.1278644255387845,0.1822692345493514
2007-12-21,0.2116633997857643,train,0.16855660918190862,0.13322062104790572,0.12819994720275232,0.1806594103631052
2007-12-24,0.2121372027797177,train,0.17189644416445335,0.1661232162598343,0.15886937284213287,0.19932425945205998
2007-12-26,0.2182025045016677,train,0.15959911473145547,0.15599244210714444,0.1508297752883685,0.1726241094980948
2007-12-27,0.221326101050154,train,0.16493860191207382,0.1335454789528364,0.13560735124555015,0.17415743784112286
2007-12-28,0.2218415095218737,train,0.15668889068377395,0.13331100141812674,0.13057888953050903,0.1668995099537024
2007-12-31,0.2218233985248882,train,0.15770071258185536,0.1283667460736506,0.12660641429080496,0.16640935763825118
2008-01-02,0.2287920535667104,train,0.1613002718832327,0.12952422409372236,0.1285559530513565,0.1752600841389245
2008-01-03,0.2356950364745956,train,0.16063648695526273,0.13471976711728126,0.13186337790882455,0.17117393353317617
2008-01-04,0.2232122425768277,train,0.17546475575890594,0.13612360159939185,0.14410737925897762,0.18792609970811522
2008-01-07,0.2430941666554193,train,0.1634228103618207,0.12470703504799326,0.12299092747828053,0.17117957914141635
2008-01-08,0.237862384761668,train,0.18202826416308113,0.14541895758313075,0.15509649531942854,0.20456257653435142
2008-01-09,0.2361112816256438,train,0.17108396165556822,0.11927675874356165,0.1187501145838941,0.1747386647190126
2008-01-10,0.2360798125235477,train,0.17352646561225799,0.12303054345122968,0.12111580001755973,0.18393733617312782
2008-01-11,0.2350192271111659,train,0.17480446121911541,0.12555314932209227,0.12173236405734773,0.18133074609336572
2008-01-14,0.235572482687251,train,0.17444054243874632,0.14193858446912758,0.1351535867521212,0.18875286554019324
2008-01-15,0.2248439546424742,train,0.17344019183706094,0.12243545576089244,0.12712272268265937,0.17773112574389485
2008-01-16,0.2249367964507172,train,0.17201700988812793,0.12567048522008795,0.12545649876489073,0.18531919120362564
2008-01-17,0.2047188036252166,train,0.21116083340647146,0.2198302179784416,0.269239256973953,0.2673414437031338
2008-01-18,0.2016608435787426,train,0.18776867668961433,0.14026277324987244,0.14252952128108592,0.18707379738780594
2008-01-22,0.1986600275387072,train,0.20739455135077275,0.2879275928370114,0.3203367620202131,0.26800189458790313
2008-01-23,0.1823309563840551,train,0.22256205858876216,0.23788375748259663,0.2577880005923966,0.24003476709102278
2008-01-24,0.1811875295762923,train,0.22825638372353296,0.20786488215946244,0.21405784537729441,0.21717609381448744
2008-01-25,0.1792739984197318,train,0.18641718561741158,0.15793365593038858,0.1595362205620689,0.170395305127917
2008-01-28,0.1716199081921659,train,0.1822391980711652,0.15179578718283118,0.15341593029321227,0.1630752932592972
2008-01-29,0.170758771692394,train,0.17427192963331106,0.19517499261860521,0.17292753105887498,0.16634312661221476
2008-01-30,0.1722944356560529,train,0.16155110341583936,0.13509252541267963,0.13384625240368958,0.15054622044963403
2008-01-31,0.1788012144453822,train,0.16177797339636013,0.12361715405309512,0.12601865028537232,0.1449955814787826
2008-02-01,0.1698023204859772,train,0.1693366111063271,0.1724505484188335,0.14850812437262936,0.16047196403470113
2008-02-04,0.1642818878977399,train,0.16363394696662473,0.16809668326869237,0.15109320864875905,0.1643832479058972
2008-02-05,0.1349371158095038,train,0.1574640230087233,0.1325692834856789,0.14204438292219745,0.15413897640591576
2008-02-06,0.1513156876097376,train,0.1557051505460474,0.1280624104593036,0.12928190727220817,0.14160857373809974
2008-02-07,0.1539470777657219,train,0.1583372971409729,0.1282234732281926,0.12818725809570444,0.14144270883759222
2008-02-08,0.1593611339407201,train,0.16027597920718467,0.14539314259149144,0.1387596315439259,0.1475400682465295
2008-02-11,0.2019304657201146,train,0.1598369350672255,0.15425970674426218,0.14559852745493287,0.1499019907086681
2008-02-12,0.2020275391582478,train,0.16559391293559986,0.1625108183435659,0.15054154470194234,0.15879768728551086
2008-02-13,0.1989295562150768,train,0.16487273092159774,0.1753599312329551,0.15758589707102758,0.16238094801159073
2008-02-14,0.2041117418016746,train,0.16191929499911853,0.15945454367195025,0.15063937113476725,0.1631103043971097
2008-02-15,0.2072709060727405,train,0.16489328200083253,0.17141850022760283,0.15906459998943548,0.16977590670637735
2008-02-19,0.2524619536243166,train,0.1616696594310046,0.1694175980072949,0.1585424205916891,0.16807440627300854
2008-02-20,0.2674968925696081,train,0.16256248747532764,0.15561978341166566,0.15204418772473496,0.17200889746442774
2008-02-21,0.2737167716919636,train,0.16207889746572654,0.157113520064405,0.1511550731816884,0.16951783457541172
2008-02-22,0.2817463248400672,train,0.16201787070698706,0.15559960628541195,0.14977671341256182,0.17062560304279237
2008-02-25,0.278234716419351,train,0.1621849452301214,0.15087009558690825,0.14728791561334503,0.17048383021259966
2008-02-26,0.2803940864271015,train,0.16368646005879092,0.1523479611241149,0.1471221472969538,0.17528463929373247
2008-02-27,0.2805951764460677,train,0.16108609489206357,0.15505228210053462,0.14781423231397783,0.16995924394363168
2008-02-28,0.2805056865227568,train,0.16135858690432964,0.14412671602060176,0.14153824467342763,0.16858269164318715
2008-02-29,0.2691436253268619,train,0.19256732213044134,0.1628065344684784,0.18307911165314963,0.2074412880304921
2008-03-03,0.2956542938677864,train,0.16268075972906224,0.13261177646990027,0.1317456776668604,0.16236908267446318
2008-03-04,0.2953511321007024,train,0.16067041822435674,0.13116162144248322,0.1307663020447798,0.16145356840892805
2008-03-05,0.2946360320319141,train,0.16206714859801116,0.13411197425310478,0.13192001617500324,0.1648249467641567
2008-03-06,0.2851553024459787,train,0.17272464412829974,0.1341991812663502,0.1457614904107792,0.17271013836491228
2008-03-07,0.2827825862163427,train,0.1618356759431388,0.12834583674875608,0.13042092164735447,0.15943723646225358
2008-03-10,0.2788550045406519,train,0.1626084925196289,0.12946172269766684,0.13232208613460889,0.15987054053460806
2008-03-11,0.2504341191240112,train,0.1663128402803536,0.17872351993521735,0.18777853979874173,0.18034062914500817
2008-03-12,0.2482531697126871,train,0.16076233062988746,0.15040465972706754,0.1497634768759255,0.15517540473721392
2008-03-13,0.2576984787646168,train,0.16128461617354248,0.13873117750907396,0.1394348406424146,0.15162210877152507
2008-03-14,0.2519511634821765,train,0.1869615775469132,0.21350632157521787,0.25291070847399116,0.2477338862754603
2008-03-17,0.2494945373198697,train,0.1890047389544204,0.15555791862652044,0.1567737108166917,0.16650294332070312
2008-03-18,0.2244477787278314,train,0.18837439133947942,0.18288743206281896,0.1923896262664649,0.17893721426237008
2008-03-19,0.2060989479744897,train,0.2103455336676403,0.21917690561665681,0.24945240103537086,0.21173813085598328
2008-03-20,0.1989719615242978,train,0.21608517513079734,0.20782206593947228,0.21258317784116237,0.1978989087453264
2008-03-24,0.1861669551054412,train,0.19493680700143984,0.22016433261155674,0.21935544585008754,0.1812145307320437
2008-03-25,0.1867932560457549,train,0.1802195824782036,0.2390171341871834,0.22385549326056794,0.17865269097227993
2008-03-26,0.1816976697802982,train,0.1628848199414997,0.18437230479028244,0.1724544270199591,0.15076221908303067
2008-03-27,0.1820065434350399,train,0.16709239324187639,0.19255110796182465,0.16928544226899517,0.1548014127403839
2008-03-28,0.1817465026758969,train,0.15953972200113833,0.1734205480664351,0.15654650778196424,0.14843238800165312
2008-03-31,0.1813250967928403,train,0.16843002804748156,0.1981377315830101,0.17303475254374445,0.1605319223311552
2008-04-01,0.1342745338871727,train,0.1524724588615874,0.143533457808579,0.1518275549301517,0.15452329786526345
2008-04-02,0.1358852846988414,train,0.15716541880659704,0.16451404886494425,0.15032717453322333,0.15427362484463636
2008-04-03,0.1538485357072536,train,0.15874020949755616,0.16172698851735268,0.14945950902062702,0.1541851747491097
2008-04-04,0.1541110876586294,train,0.15942714265590108,0.1551135055841452,0.14636599867275113,0.15978416830253128
2008-04-07,0.1550462098409093,train,0.15978641392292506,0.16178851038602496,0.14970432651868726,0.1605877775503775
2008-04-08,0.1579987126514057,train,0.17312396835522098,0.19344820909211324,0.17573432637731334,0.18068949566036435
2008-04-09,0.1684298390162545,train,0.16217008177597814,0.16313693099054616,0.15561546882988841,0.1768326699892391
2008-04-10,0.1686063466788671,train,0.16166222536993885,0.16552279731833702,0.15742063936634745,0.18107739062668274
2008-04-11,0.1537271134688514,train,0.17243010826958033,0.1483744779926932,0.157135275226574,0.183818771937113
2008-04-14,0.158302478523953,train,0.16287741182421117,0.15666310562919,0.15242679529508416,0.17509018856350972
2008-04-15,0.158087162750273,train,0.16030644914264455,0.15813333011074932,0.15266533483763825,0.17025402322178027
2008-04-16,0.126651810268802,train,0.1670688466179144,0.1419710112359558,0.14839808186986472,0.17223336467817213
2008-04-17,0.1340106676461463,train,0.16058885492820013,0.1523876578256064,0.1466125272587009,0.1667872160896704
2008-04-18,0.1288872843924445,train,0.163655017256538,0.14713892279006213,0.14312135989310773,0.17689726326834251
2008-04-21,0.1292386494604465,train,0.16019574650563217,0.14743784446755173,0.14318793753194975,0.16719027053469937
2008-04-22,0.1315013794940606,train,0.15880245570260185,0.14145998094700565,0.13872171600461153,0.16453235970638153
2008-04-23,0.144662634506539,train,0.1588076672249879,0.15035940545824086,0.14577502987910126,0.1700042115184135
2008-04-24,0.1438383695773432,train,0.15809780624592415,0.14266632861677733,0.138576643282139,0.1719556020665239
2008-04-25,0.1480368442215797,train,0.1556143906899997,0.14468410734020978,0.14061850361636238,0.16692304127882612
2008-04-28,0.1503369863898092,train,0.15449756142693888,0.15676069558057348,0.15618951317966037,0.1682953395626412
2008-04-29,0.1505724719150374,train,0.15129359141315943,0.14933318971955453,0.14865462010410357,0.16173130703098046
2008-04-30,0.15016013704386,train,0.1555340359805566,0.14190228942813277,0.14123211076719613,0.168889942868701
2008-05-01,0.1316976695578037,train,0.1614445149437364,0.13459990011575096,0.13803553425306325,0.17037088759164581
2008-05-02,0.1364074907513733,train,0.15457059965830072,0.13658874117303776,0.13528829849392499,0.16592988242278478
2008-05-05,0.1369144693359993,train,0.15358855021420903,0.13469433701384737,0.13449019921029726,0.16311825467737306
2008-05-06,0.1334592631722555,train,0.15325002698799514,0.13078888033649613,0.12891847242596657,0.16307679122315807
2008-05-07,0.1366796317990364,train,0.17093239043877315,0.13214662238275107,0.13985287237115868,0.17964130257337185
2008-05-08,0.1784231674474388,train,0.1537901010696295,0.12980536359910003,0.12748893272276898,0.16491782383357625
2008-05-09,0.1785062358582058,train,0.15337534977995923,0.13406713608495568,0.1328107385351354,0.1643573930619137
2008-05-12,0.1749476202984518,train,0.15415744864458503,0.12870780704038498,0.12798771791856525,0.16229099778290879
2008-05-13,0.1826868968335944,train,0.15040331377783997,0.13297145095121665,0.1313930646346592,0.16111246357642384
2008-05-14,0.1830379657851303,train,0.1489116669276628,0.13597167844076488,0.13437830930367547,0.1623136806848597
2008-05-15,0.1831589623967311,train,0.1478518744133953,0.13035284675476858,0.1282822691619765,0.1590995317313978
2008-05-16,0.1831422159026943,train,0.1469263705496384,0.13490065681634508,0.1337105382067804,0.16381850419687746
2008-05-19,0.1836964459186011,train,0.14352599879920416,0.1287896977952203,0.1273272034864085,0.15536823023743437
2008-05-20,0.184703261217629,train,0.14358481224991848,0.12656364041967344,0.12471035405095451,0.15497436375348952
2008-05-21,0.1745529304053588,train,0.1613933212428427,0.13133121550371973,0.13660869217327393,0.1775060399065299
2008-05-22,0.1839624245414149,train,0.1488159018960006,0.12607822286111203,0.12490342499772736,0.16429826005374892
2008-05-23,0.1776513443995131,train,0.15788504599746223,0.1254119382956429,0.12697292515907974,0.16944584170819207
2008-05-27,0.1758478459428696,train,0.15272806846596632,0.12483696277907319,0.12275445628227587,0.16510184629661273
2008-05-28,0.1758845811898993,train,0.15100907303022112,0.12576060566710615,0.12325400011843658,0.16136330103785096
2008-05-29,0.2004309991350794,train,0.15002469988506234,0.1290511136230337,0.12671133484137515,0.16109679439868088
2008-05-30,0.2011754684004352,train,0.14960597722929062,0.13763366487373538,0.1396539403798001,0.16157374638870786
2008-06-02,0.1981644552349003,train,0.15535252783822862,0.1290414670383097,0.13028996007428914,0.16451331344341885
2008-06-03,0.1973851083963646,train,0.15222944831564794,0.12951790438526467,0.1256372968329434,0.1697971074990411
2008-06-04,0.2066937284863795,train,0.15115115219435538,0.12621030849305256,0.12259405535211897,0.16440119088035418
2008-06-05,0.1944126540028225,train,0.15796168914882486,0.12505147833036356,0.12504960446712562,0.17147078974083868
2008-06-06,0.1608926858206603,train,0.23636003535015654,0.23187558130018068,0.27688252842723393,0.31927774238537127
2008-06-09,0.1723834086684236,train,0.17214843908152616,0.1267610459170396,0.12548479986077482,0.18371192027583513
2008-06-10,0.1848375955681245,train,0.17061217938725023,0.1258225683894917,0.1241357721076401,0.17730379912157965
2008-06-11,0.1777817899136178,train,0.17332686143987625,0.1334313562138403,0.13390349764485487,0.18023585279352014
2008-06-12,0.1820857782844736,train,0.1718183497240865,0.13463242415248516,0.13291117907860522,0.17853863951969579
2008-06-13,0.1794596993088847,train,0.1737696131966988,0.13421662917504273,0.132447558734224,0.17849204101655686
2008-06-16,0.1863891835331663,train,0.17180532700808548,0.1451096459969354,0.14160943160967854,0.1840063592176642
2008-06-17,0.2045817224656116,train,0.16400099098937015,0.13611005698065484,0.13245228931464353,0.17137393777145202
2008-06-18,0.2046848034212771,train,0.16200500613702734,0.12831303594019808,0.12588122619291078,0.16729933037372305
2008-06-19,0.2058194207055281,train,0.16331574769596613,0.12838028527012282,0.1254920896666624,0.17030862020027562
2008-06-20,0.1974634467477082,train,0.16534482661455374,0.1255671317151112,0.12590155006765982,0.16973567526111571
2008-06-23,0.2014517868856105,train,0.1701129604044297,0.1477803560541481,0.14479171002201982,0.18767688763636575
2008-06-24,0.202239195458588,train,0.15998845512937904,0.13059919746696197,0.12830165203460603,0.16378636988169704
2008-06-25,0.2148543107502939,train,0.1610068392545053,0.13174430547640528,0.12928702799605654,0.16784910444705825
2008-06-26,0.1913354855787313,train,0.1935078336608251,0.160449812577895,0.18244027971135876,0.20484538412563474
2008-06-27,0.1974366570347687,train,0.16297350143710304,0.12890182141343326,0.1276953796176012,0.16192471894548463
2008-06-30,0.2108293407916676,train,0.16270727377311517,0.13157739514635025,0.13028458074215812,0.16250182795112256
2008-07-01,0.2196728104813039,train,0.1618763356774262,0.1290328382595914,0.12848589643722352,0.1638079852751136
2008-07-02,0.2161602035835137,train,0.1733757097740178,0.14424734075661938,0.15552336176261378,0.17528752260764535
2008-07-03,0.2169452478643319,train,0.16890484842246367,0.14563191093536315,0.1436834644136402,0.16890886205327713
2008-07-07,0.216405629187019,train,0.15860058590107975,0.13120393606788772,0.13204633773820754,0.15602634879200308
2008-07-08,0.2276997967460907,train,0.1605099291497636,0.13099779768960318,0.13178148532819656,0.1581302767085808
2008-07-09,0.2175589781851993,train,0.1692381165742272,0.14582297457993215,0.15554742415526007,0.16942227851517355
2008-07-10,0.2235153419710295,train,0.16957034488910783,0.13877858334010976,0.13718681173069214,0.16706088216578321
2008-07-11,0.2291268893948758,train,0.17039115001764432,0.14485102584051338,0.15096406251650824,0.1763505618888639
2008-07-14,0.2297765577361792,train,0.17134991083948,0.14025128277088075,0.14303873790429322,0.1700212417445444
2008-07-15,0.2272363797596394,train,0.16828274759432424,0.14366052895180717,0.14612840088525184,0.16151197194554404
2008-07-16,0.2113936496741599,train,0.17497916257852314,0.16537982365723677,0.1760497478253622,0.1735796057310527
2008-07-17,0.2101206523383393,train,0.17882069591110933,0.17659225997637046,0.17128125517659995,0.1738352550415975
2008-07-18,0.2096694566162461,train,0.17190616649002072,0.1814015187961237,0.17081424801726328,0.17546349304732192
2008-07-21,0.2152814106351965,train,0.16347483169661264,0.17255367320214401,0.16140290639353155,0.16778408235684517
2008-07-22,0.215075602852021,train,0.15607682359262554,0.14336105370940358,0.13993685237050024,0.15205476638705123
2008-07-23,0.2148512278193462,train,0.1676301120663326,0.16878534547655305,0.1554632480351915,0.17271248423390215
2008-07-24,0.201635079809457,train,0.1628421335313574,0.13545722475941147,0.14108539433850822,0.1595999815683497
2008-07-25,0.2079876823514044,train,0.1635512610905786,0.16253942505510974,0.15352854156617798,0.16733192067231542
2008-07-28,0.2140133238155022,train,0.15854016443441502,0.13572721807019844,0.1389396567297548,0.1561287637808347
2008-07-29,0.2007094523545795,train,0.1522154439407261,0.13348899960336927,0.13433800232968846,0.14489888855264685
2008-07-30,0.193743618631243,train,0.158722884095802,0.14033595455031983,0.1402091264642243,0.16622794828381962
2008-07-31,0.192701703764015,train,0.15768346987163245,0.13803784773120942,0.1376266884804445,0.1556705515491679
2008-08-01,0.1955850364439501,train,0.15843594968739397,0.1408976854470423,0.1375882021560422,0.15615095628985431
2008-08-04,0.1940329058157356,train,0.15887473356902973,0.14215968184095842,0.1406272350981157,0.15986957778664224
2008-08-05,0.169525816870436,train,0.15453935956481069,0.13623878271952017,0.13966652297561533,0.14939139434164553
2008-08-06,0.2006623436543214,train,0.15656470276398718,0.15208052485466372,0.14607024809214714,0.15632554574907126
2008-08-07,0.1937855360442083,train,0.1549271880461156,0.13724662899527215,0.13730583331903734,0.1511369691456338
2008-08-08,0.1963384490659887,train,0.15422560671972524,0.13329359447216346,0.13292026390551634,0.1482822866459292
2008-08-11,0.2205767840746995,train,0.15734777949054943,0.14574895354631742,0.14118923210930368,0.15919225551095537
2008-08-12,0.2179040343316263,train,0.15743171685971605,0.1448582238115342,0.14053965259180193,0.15863883760487987
2008-08-13,0.2227581220686679,train,0.15764481645788705,0.140768561139779,0.1368460239922052,0.15909528290373956
2008-08-14,0.2217593820478788,train,0.15771815632618147,0.13789418215930646,0.13444948692552425,0.15822589651907515
2008-08-15,0.2807684475279035,train,0.16044881935397093,0.15613277931088698,0.15045756589504472,0.16643345077759011
2008-08-18,0.2826901908513125,train,0.1605216199145599,0.13429006876612012,0.13591317353896654,0.15978573221920972
2008-08-19,0.3241395592487155,train,0.15649666624243957,0.13818872797465184,0.1359899218429328,0.15625705057917635
2008-08-20,0.3399530410977694,train,0.15570280067903897,0.14118953356494274,0.1379404002692531,0.15689402419807735
2008-08-21,0.3669347786783661,train,0.15565592405708967,0.14517136126414237,0.1420193327257532,0.15789018807099697
2008-08-22,0.3723518627182723,train,0.1553548772680236,0.14051282123512496,0.1386661787077537,0.15620158872522316
2008-08-25,0.3742024147460773,train,0.17322345807794315,0.14039615171833006,0.15192157788881333,0.1688444524285018
2008-08-26,0.3742323974576735,train,0.15615453223543801,0.1442079981862511,0.1420116161747293,0.1566500707856322
2008-08-27,0.3766992013027712,train,0.15384135751111339,0.140436717550983,0.1381218460211176,0.15311331600477773
2008-08-28,0.3742649810694364,train,0.15372236245122065,0.14051828911515957,0.13826440054667324,0.1536688141359857
2008-08-29,0.4717033277030371,train,0.15696643131169744,0.13741696247626844,0.13776887500427185,0.15660638176390979
2008-09-02,0.4926868765922512,train,0.15725497804274458,0.1358329332205782,0.1355372645540212,0.16097463066979956
2008-09-03,0.4926820671699876,train,0.15644205282310739,0.13880672573643102,0.1359451070547244,0.1604455314464005
2008-09-04,0.4981599561156968,train,0.19250180685342336,0.18439562998433218,0.2063990319918525,0.2170730572808052
2008-09-05,0.5003668813801566,train,0.1585139204482435,0.1310446414774263,0.13075579505185464,0.1550739886525293
2008-09-08,0.5287095944556861,train,0.1604327596371796,0.13921280421954493,0.14130746999759808,0.16448445287241034
2008-09-09,0.5427193660584032,train,0.19430000396469588,0.22105258575049794,0.2585553353403001,0.2322115577881035
2008-09-10,0.5500363828715082,train,0.17057102802223426,0.1578121030871704,0.15680197935855508,0.1706905014793067
2008-09-11,0.6049662820815963,train,0.16572278620230116,0.1435304950432568,0.14350510303078642,0.15500254068004488
2008-09-12,0.6109930671518516,train,0.16206967741562414,0.14676650027976718,0.1442543912103286,0.15427104047755394
2008-09-15,0.7582622044028217,train,0.1932556187664495,0.2850243289237179,0.3464296970942972,0.23895705892658414
2008-09-16,0.7578199875923373,train,0.2111352320943693,0.19187804418714055,0.1972671278631331,0.17237416670536812
2008-09-17,0.826411595786619,train,0.258320809972665,0.352784370607704,0.4101923429950895,0.27411038102111823
2008-09-18,0.8325692826818196,train,0.3682664337381107,0.31089516065103057,0.31382342688893955,0.27579271868763916
2008-09-19,0.821287547643077,train,0.4086530785346961,0.3173916751136722,0.32326818560572007,0.3044216493689566
2008-09-22,0.8430867716567829,train,0.45005526921476563,0.23887578601834172,0.24781116486708665,0.25761590573038085
2008-09-23,0.8459889944599045,train,0.3940245403604599,0.24419046752388976,0.25006820475806874,0.21430593023231484
2008-09-24,0.8689480566418832,train,0.2980546500935659,0.3031620784299257,0.3199298907039337,0.20043830018727032
2008-09-25,0.8681634067208648,train,0.1986369905122548,0.20756371722392844,0.210393314266179,0.12691845842703423
2008-09-26,0.8876011695044991,train,0.1708958424841165,0.21378843344586002,0.1983213113776279,0.1174748565572577
2008-09-29,0.8487613708607461,train,0.21387951325380125,0.23463931845105884,0.2530940043323069,0.16776694657442612
2008-09-30,0.923888172157604,train,0.3127328562991751,0.28498947894428284,0.2807301841384494,0.20729852521046913
2008-10-01,0.9242469629024572,train,0.3360688327334895,0.4948620015080301,0.4354471136342248,0.31768676245888333
2008-10-02,0.9228241205863932,train,0.32291639459965393,0.22615749424145448,0.22767033211569893,0.17096760986301762
2008-10-03,0.92176789458834,train,0.34649171579111193,0.21124788891286442,0.21141807970771032,0.169053009573489
2008-10-06,0.9029548164439596,train,0.4272493781038643,0.27798329210197903,0.28493545998863384,0.25884741799382277
2008-10-07,0.8960719819149321,train,0.5277580466027277,0.21009761521801862,0.2132836667601843,0.2640644312190785
2008-10-08,0.904418129833288,train,0.4708523407884614,0.2052097944166828,0.20450636500139183,0.2127862688567568
2008-10-09,0.8904343137872658,train,0.4896648774956082,0.27899263946224495,0.2914909585602298,0.3170551417341722
2008-10-10,0.8936296831493754,train,0.44533838443499146,0.38718373588494404,0.4073843067856707,0.3690027753022747
2008-10-13,0.7544319183862993,train,0.393837498244761,0.4385577337083437,0.48140362005647785,0.38663777532180327
2008-10-14,0.7607625713911033,train,0.5090398620239089,0.1565816662962918,0.15781568060387957,0.2388615321357904
2008-10-15,0.6847923781312399,train,0.4301227266627787,0.24260970829624343,0.27619788782967325,0.302753914596253
2008-10-16,0.7028745563635604,train,0.471587246866114,0.1398088596533325,0.14210974272564916,0.22692923392089107
2008-10-17,0.7256760188821348,train,0.457218678465762,0.18263456531163455,0.19255155213063216,0.26300902052908287
2008-10-20,0.6971131285214589,train,0.4405190907360015,0.2604986246460775,0.28413995224733557,0.33691827364860305
2008-10-21,0.6919385547460057,train,0.43663553792100057,0.3881805971357824,0.4167221171492721,0.4843759067683504
2008-10-22,0.703230974180054,train,0.41527385839646597,0.16726232628698304,0.16947627727974787,0.22381882869859396
2008-10-23,0.7535420254357407,train,0.40973829786093663,0.2693499192382233,0.2911101910198062,0.35498951712606824
2008-10-24,0.7539708904158497,train,0.37353578089007605,0.1501975085094539,0.14929173401058926,0.19245612975014245
2008-10-27,0.7801054537427683,train,0.37238518947444427,0.15862994938575248,0.1749318470286152,0.25436537471862314
2008-10-28,0.6747977932131861,train,0.3836333358334731,0.16343982493992648,0.17216298012072845,0.22819048344800485
2008-10-29,0.6876018539818518,train,0.3440576158158722,0.15740362144643766,0.1663628032439754,0.22083244129833174
2008-10-30,0.6783765824141477,train,0.3214735818827024,0.15137708358245194,0.15819579155340702,0.19822620567498098
2008-10-31,0.7537951777219969,train,0.3272311690334569,0.20628226169805275,0.22651665809228716,0.20154158771647723
2008-11-03,0.7655521312990222,train,0.34492257864722686,0.3523359689240428,0.39881335225470166,0.19882640133349633
2008-11-04,0.7609930861960921,train,0.3786514757890252,0.2534838699561474,0.26359725723771804,0.19903396733660844
2008-11-05,0.7501891299358482,train,0.3336317414768727,0.16045967492312885,0.17309929188246648,0.18573217351919272
2008-11-06,0.7303816770470649,train,0.29982541171714133,0.15673646969115235,0.1761389946839417,0.188384329573684
2008-11-07,0.7314376431612417,train,0.349943291068538,0.1872795083319326,0.19176606413454064,0.18234295389302158
2008-11-10,0.7323177323489136,train,0.36354019774906987,0.1919036461109991,0.19390111227776424,0.1821497830647957
2008-11-11,0.724208168733137,train,0.38150728668736184,0.18748590499418502,0.18767694380766245,0.18739608194204868
2008-11-12,0.711653782820875,train,0.34559865065317746,0.1573315588458448,0.16963838069045334,0.19853037338960475
2008-11-13,0.6798131046598581,train,0.3068825344175868,0.21716405135407912,0.26152745492661056,0.23633014874348945
2008-11-14,0.6569637036866269,train,0.2802575013987418,0.13140105500255422,0.13456887237237944,0.15933295875952855
2008-11-17,0.6752786502897975,train,0.3258718299947656,0.21369021611975536,0.23286788525321456,0.1910427813129785
2008-11-18,0.6729092755585246,train,0.36491195077439065,0.17780644937440437,0.18428169824075727,0.19345285980975607
2008-11-19,0.634059136944171,train,0.3234173264665396,0.14729249197861202,0.16457680985670523,0.20439278417493645
2008-11-20,0.5721027274040636,train,0.3564794610271038,0.24658633989116044,0.29532487190181356,0.31645698404521494
2008-11-21,0.5427881555146016,train,0.3255728970493642,0.11744089594048873,0.11728180514122412,0.17844442998181617
2008-11-24,0.4893102867126243,train,0.3365206614818857,0.1278483030169099,0.12945454598480804,0.19307735175464677
2008-11-25,0.4890396722305687,train,0.3478461416704243,0.21069216725372802,0.23869520133752653,0.24171809791606452
2008-11-26,0.4706007323120889,train,0.3216010177993533,0.15326789691353462,0.1581223592640555,0.1839391335369514
2008-11-28,0.4686119845533131,train,0.3263807594612157,0.29588163203521756,0.3412174503301889,0.22150119470320365
2008-12-01,0.3436858644934255,train,0.34108275353031103,0.1170792016547043,0.12289023464991107,0.1989965863087394
2008-12-02,0.3204421073797554,train,0.33334113099875223,0.20110651641079041,0.2247825096027852,0.20841020788232492
2008-12-03,0.3266238208710089,train,0.35112707491617173,0.20859501491210822,0.22301496134507728,0.19456521761636733
2008-12-04,0.3159082385011613,train,0.35776663843571016,0.1951869915226198,0.19895051120471027,0.1814154472682655
2008-12-05,0.2978878540196046,train,0.36690204733443227,0.16051275004169005,0.15897017215414375,0.18559809526722065
2008-12-08,0.2924920843680568,train,0.37973079034022716,0.2721730705955732,0.2892981752710171,0.2153204070531633
2008-12-09,0.286848185166919,train,0.4012102592363246,0.30736597663881143,0.3246336705324333,0.23138457125119083
2008-12-10,0.2960056907330564,train,0.43902646397717526,0.26673789497667505,0.2811378993730794,0.2491490537001556
2008-12-11,0.2959405311267377,train,0.4863023281227046,0.18396567241260905,0.18660814766844258,0.23612946061165252
2008-12-12,0.2929994858710406,train,0.4931338325932449,0.18249220090914856,0.18886471425392481,0.249490877027499
2008-12-15,0.3102233721639202,train,0.49579018793317525,0.20091335744079047,0.20853131308234044,0.25490436083569246
2008-12-16,0.2637980674296518,train,0.5007357885753546,0.14475059572569662,0.14694143700570322,0.23598325554789323
2008-12-17,0.2629832524195817,train,0.5104031848095303,0.18840677346764806,0.19415114069415798,0.2557537052195913
2008-12-18,0.3189570916505782,train,0.5023555308554646,0.15686818621479853,0.16505649440762454,0.255028186985626
2008-12-19,0.3521759728751693,train,0.5180265990451626,0.19981684947397588,0.2029961538001007,0.2666119408873075
2008-12-22,0.3535453084191137,train,0.5179011359783791,0.18274608686577828,0.18266173289278978,0.2625186286304173
2008-12-23,0.3519532157999603,train,0.5069969207057136,0.2527948245847515,0.23238717570897607,0.28269867566991774
2008-12-24,0.352190261881509,train,0.47056872939920086,0.3091982293990944,0.25674666760098536,0.3131758280514859
2008-12-26,0.3534228744075735,train,0.4583513687482677,0.2813021214680569,0.22374087208621196,0.29833125342133665
2008-12-29,0.3724980313398645,train,0.43805168257136007,0.18671417413714858,0.16901724117006284,0.2719109785295905
2008-12-30,0.3815667897625884,train,0.4088486869183801,0.16485258864761945,0.1617406148496504,0.27022772262282585
2008-12-31,0.3852070797404844,train,0.3807539499045921,0.1917299348238194,0.18059576583521833,0.28694797674422157
2009-01-02,0.3706585961032953,train,0.37705386846830374,0.15665870988685004,0.1708835523224322,0.27919551586046554
2009-01-05,0.3739273952071564,train,0.3832672411280948,0.18807114174127548,0.18394304450027582,0.2876131965570807
2009-01-06,0.3735868959782094,train,0.3540726349513839,0.19600422256451563,0.19360017350214645,0.3053213987590891
2009-01-07,0.361471330651101,train,0.33718153225346126,0.217757091925285,0.25973943713143216,0.2840738139027305
2009-01-08,0.3746864278805272,train,0.411707188649037,0.2232249658792561,0.21830395439480343,0.2671362696225582
2009-01-09,0.36673601413141,train,0.35193231402560265,0.2853631456297145,0.31733314302413757,0.2643005252203982
2009-01-12,0.3933854144658502,train,0.3469278074019264,0.24513884559721208,0.26735598347615974,0.22517711457510697
2009-01-13,0.3938845937852996,train,0.40473421191367,0.2796599330150376,0.2724481995542907,0.2362623678634206
2009-01-14,0.3772017155969751,train,0.31352771147092595,0.25788117585211456,0.2921939862951177,0.21561226872967912
2009-01-15,0.3791486901987704,train,0.36518210422651504,0.23575038662532313,0.24205093530811086,0.2053010479502785
2009-01-16,0.4087400737163533,train,0.3941434545085381,0.2406695052726307,0.2416207245549738,0.20869449791128972
2009-01-20,0.3606747450501304,train,0.24480541356148924,0.20998830753947262,0.25405358155070995,0.20953459247286726
2009-01-21,0.3301941998059629,train,0.24644465282883746,0.15062717006800547,0.15209810077191652,0.1435691902913816
2009-01-22,0.3273713197562408,train,0.26889826337147577,0.19337420971821162,0.19472585102469828,0.15069115312922388
2009-01-23,0.3516556659024898,train,0.3000990877180501,0.1972531754072937,0.2010711623785131,0.16325001575650303
2009-01-26,0.374857805820963,train,0.3080699683607688,0.2208744789922692,0.22079342314063927,0.162067084322648
2009-01-27,0.3741835662091406,train,0.3444342687840306,0.3602636101978088,0.3597850897952841,0.18160143667821263
2009-01-28,0.3598058424202077,train,0.33881704638198634,0.2735179454775824,0.271354701801248,0.1822551486163638
2009-01-29,0.3494903291952385,train,0.2952113453614382,0.20299155634537647,0.21041400845647024,0.17174677682167083
2009-01-30,0.3789260829024914,train,0.286359327724167,0.19305917298437034,0.19675437040477473,0.16254283058814395
2009-02-02,0.3797172989717516,train,0.35594283059405957,0.24213205862716397,0.2441658717670519,0.19160498592743402
2009-02-03,0.385539401508349,train,0.3631480493816702,0.24927484959134966,0.24816230479375667,0.19602641827689166
2009-02-04,0.4126171570212197,train,0.37808787374013303,0.29303869250281694,0.2879513877957143,0.20809157678902512
2009-02-05,0.4093187478193777,train,0.32446088942193657,0.2178055990365703,0.24273180401517894,0.2121883222512138
2009-02-06,0.399202866387127,train,0.40896583694463706,0.2899721755799325,0.2891209105587404,0.2166250763612532
2009-02-09,0.4489745940230221,train,0.41757920355498573,0.420022057716058,0.37728848526185,0.23911476842894797
2009-02-10,0.4176170378136397,train,0.26339476957968094,0.2111580286199686,0.24798708863460742,0.18671929549823357
2009-02-11,0.4390414692316965,train,0.3494230033376146,0.3672556047338615,0.35893899536970514,0.19097733029008263
2009-02-12,0.4399029162703427,train,0.32288650594580004,0.26508555796841027,0.26770039880435514,0.18892599967231333
2009-02-13,0.4383558775492491,train,0.3281881529300894,0.3574826567729989,0.34233059950981887,0.18998972007798828
2009-02-17,0.4236878084843929,train,0.22548015090342396,0.19565856930940517,0.24094502391788564,0.176712294843224
2009-02-18,0.4308279909300009,train,0.2984616149864089,0.2969579725135639,0.2925482214248976,0.1671707876053908
2009-02-19,0.4313924150450369,train,0.2969784644962924,0.252264515593394,0.25307358128998136,0.17431608317040803
2009-02-20,0.4367253148889254,train,0.28898293576644074,0.2086163558622812,0.21473459402529393,0.17045004735521316
2009-02-23,0.4843863447840198,train,0.2612626414380773,0.1769727956517035,0.21147175176088853,0.19459121196777215
2009-02-24,0.4713538868936899,train,0.2611341230916437,0.15344123495201045,0.15558658364136987,0.15263960068936738
2009-02-25,0.471995117252342,train,0.26584504150973226,0.1725746185623624,0.1726984782555236,0.1499344397106189
2009-02-26,0.4738254869618402,train,0.2580436989227878,0.14543582279640557,0.15101407894075866,0.15542198617888814
2009-02-27,0.4714384109624593,train,0.243204224147025,0.14985351376608563,0.15170884619825958,0.14352989290825005
2009-03-02,0.4594251439255209,train,0.27378577194336207,0.17448903260327073,0.1999737895477411,0.21287399960831
2009-03-03,0.4598125268777041,train,0.2644106541201681,0.14105382537399358,0.13957139806947924,0.15195154012253012
2009-03-04,0.4573357381589746,train,0.2649910873190211,0.1305713631216113,0.12857827447472853,0.14727106565087336
2009-03-05,0.4446406579036986,train,0.28572329135694496,0.15248416116121513,0.16700101948797139,0.19017209898558143
2009-03-06,0.4459841289484655,train,0.27851087909495914,0.12519078889494567,0.1230384243020785,0.15325310365470354
2009-03-09,0.4448825005355175,train,0.30101955410136594,0.1540445939018647,0.15758650434458096,0.1768597404806594
2009-03-10,0.4033596076188789,train,0.285667545148264,0.1252414428993601,0.1283521457038104,0.16613685573564707
2009-03-11,0.4044946109740607,train,0.2973263192255993,0.17672527452845052,0.1773876352229313,0.17663186841694467
2009-03-12,0.4049254482636548,train,0.2749564302392058,0.12373648320524695,0.12429743319775165,0.15583004763737565
2009-03-13,0.4039822610167548,train,0.284188117545537,0.1725744498361825,0.17223458802227076,0.16825914474535797
2009-03-16,0.4085311789390108,train,0.2765098778750924,0.19982506168448372,0.19783890817983138,0.16626252839569441
2009-03-17,0.3960836695336401,train,0.275390760028099,0.17744268760966525,0.17747620467299705,0.1580541005834753
2009-03-18,0.3916346657991951,train,0.2748275623521611,0.16465942338173178,0.17295154594745504,0.16613632109244486
2009-03-19,0.3898509595130253,train,0.264213334239103,0.21499265730657266,0.21968676049340657,0.1613098589955864
2009-03-20,0.4114007835826245,train,0.2479857704323399,0.1814545118411365,0.1821669171414275,0.14801704858382633
2009-03-23,0.336658797171211,train,0.23976660150622883,0.19216767684479447,0.21317930776861108,0.17945815941308757
2009-03-24,0.3298835961372678,train,0.23250984015404014,0.16769281849888582,0.16456360199398185,0.1389748723379101
2009-03-25,0.3296045232336817,train,0.23091877127569133,0.14711533384303066,0.15037845365459032,0.13887720146205548
2009-03-26,0.3261041747113093,train,0.2399225817974199,0.17842184991565332,0.18007524609493555,0.14276765298748564
2009-03-27,0.3214073962361518,train,0.22580059071595776,0.20640477249280823,0.20127838664913364,0.13694455734502226
2009-03-30,0.2963893463891214,train,0.23087832287637305,0.1587072961148959,0.16162269096299636,0.14312169606711303
2009-03-31,0.3039017606811267,train,0.28261408466947396,0.21582165866498418,0.2179360344374705,0.15943442623497156
2009-04-01,0.2961796302555168,train,0.30352962360417046,0.20929324763309048,0.20989107505267504,0.17086121751291786
2009-04-02,0.2786028343839342,train,0.28910314517500285,0.19918456684315786,0.20845557833400533,0.17509829207478156
2009-04-03,0.3008096478657417,train,0.3173260870895897,0.3253156503592555,0.3182578123890377,0.1778893762113362
2009-04-06,0.2997569104243249,train,0.3303739813001752,0.35242613252109156,0.3414668533290923,0.19422456723157203
2009-04-07,0.2942145195802504,train,0.30095749929051685,0.31884236672361127,0.317161083670358,0.19583331313310948
2009-04-08,0.2959454152260217,train,0.3202659867824057,0.3394625584874108,0.3284836488929643,0.2114923346214134
2009-04-09,0.2741326842422502,train,0.2830405859002292,0.26069796182261146,0.27421630675830083,0.20562720275228785
2009-04-13,0.2822134189364978,train,0.2925802094049563,0.30194243741327087,0.3002542404904945,0.20817485250836126
2009-04-14,0.2755785413702499,train,0.26062626959206936,0.2696354187257932,0.2833674777252741,0.20056060950672747
2009-04-15,0.2876016135423552,train,0.2794723374208647,0.2941421377907691,0.2932123537306518,0.20720842653726915
2009-04-16,0.2845397468066189,train,0.256717989944442,0.26430522531193296,0.2781874594358853,0.20843272302049268
2009-04-17,0.2850377811124024,train,0.28272618142529654,0.32742845822870426,0.31260945788664846,0.22131631090638723
2009-04-20,0.2608277870340079,train,0.17781123238929317,0.24034969590991725,0.2984359826667608,0.1690058971121626
2009-04-21,0.2516596602203892,train,0.21597253264190036,0.2575051375395995,0.2563821033641575,0.14272758536359875
2009-04-22,0.2518477247334509,train,0.20481218798132125,0.2651200675272,0.2631336732656361,0.14231179406451122
2009-04-23,0.2546798960181957,train,0.2213010940444359,0.2920076403334821,0.2878330484922521,0.152234196866744
2009-04-24,0.2491689117911731,train,0.22196254320875983,0.32241757452478875,0.3123730736042878,0.16037995511163525
2009-04-27,0.2626875192400466,train,0.24951035301901625,0.3309594575511142,0.3215639290312265,0.18434993471825142
2009-04-28,0.270126648658069,train,0.2769145002339025,0.33083852939496616,0.31599672810261464,0.21973160703621497
2009-04-29,0.264200238826118,train,0.2512575216325652,0.2670928279429379,0.27194867755738844,0.2203205109951848
2009-04-30,0.2714456152357543,train,0.245378281206596,0.29448022402138796,0.2866589683065422,0.22396575395950663
2009-05-01,0.283776869775369,train,0.248696485780563,0.2906064186512576,0.27436740428134737,0.23769875372710272
2009-05-04,0.2577529602588603,train,0.2259406245334615,0.24652891336615068,0.26598039084439656,0.22270950503086762
2009-05-05,0.2614037249005798,train,0.2145127790267792,0.3037404676746869,0.29364362435203006,0.21245780109724197
2009-05-06,0.2563356491801804,train,0.20603252315227397,0.26181793881413723,0.2680719335999314,0.2105047017771386
2009-05-07,0.2514738159483177,train,0.17695122844111164,0.24435168106498878,0.2742442520594775,0.18123744734610428
2009-05-08,0.2382261848057172,train,0.16839679782646064,0.24672143608960057,0.25825775925750555,0.15911000738471176
2009-05-11,0.229305989237859,train,0.16694160344751666,0.2661720169401272,0.2624758469405777,0.15452757207980997
2009-05-12,0.2292418722640469,train,0.17027654669102804,0.2582241877042059,0.2556497693607301,0.15924052239530917
2009-05-13,0.2112101899198932,train,0.15289277148037184,0.2170739756350036,0.2348408878558197,0.14632716099843096
2009-05-14,0.2092522999010226,train,0.16068730773088843,0.23637116753341358,0.23600436317014198,0.1442225063316158
2009-05-15,0.2229778513454345,train,0.15551788393432028,0.22750566970955988,0.23139059755737165,0.14228882556966824
2009-05-18,0.2053836346290201,train,0.15033440127236902,0.21081458752250656,0.220701861650279,0.13693939946757025
2009-05-19,0.2053685886422687,train,0.15643583994779126,0.2733910520668311,0.25598824757589633,0.14141997524659833
2009-05-20,0.2056111645271152,train,0.15045656948422179,0.2249441442362426,0.22628913029194167,0.1426234235733102
2009-05-21,0.1995252479093176,train,0.1402955875804101,0.2005758977308958,0.20779991519875926,0.130774234736379
2009-05-22,0.2267868975316028,train,0.15853734015673362,0.22872467859769866,0.22299784936153616,0.14842391665054866
2009-05-26,0.2082827416300103,train,0.15464707673755276,0.20668596084688748,0.21208182036103868,0.1440422564411293
2009-05-27,0.2005392327565935,train,0.14011878071086892,0.19519528092559452,0.2063535439884197,0.13097504685473815
2009-05-28,0.2089174506451212,train,0.1493279380094783,0.20940627128484954,0.2104534639867897,0.1335758171886497
2009-05-29,0.1996243893693303,train,0.14040657434751,0.1972940533687668,0.2040746215216186,0.12785677486604433
2009-06-01,0.1836727093743864,train,0.13843662074164936,0.20202120275567198,0.20541374078356076,0.1268047812569575
2009-06-02,0.1858988488999118,train,0.13311209979628896,0.22190635205785655,0.23582192648447306,0.14259690615212367
2009-06-03,0.1809149612220656,train,0.13577535790625586,0.20636002211105128,0.1953574291581724,0.11232310010844694
2009-06-04,0.2031663576987509,train,0.1511075898105507,0.24004618412677237,0.22365866576377433,0.1271136845785394
2009-06-05,0.2031653536786706,train,0.15523116007444013,0.22716602621455714,0.22097350323402012,0.14602415144013556
2009-06-08,0.2142063850254758,train,0.16283587527252386,0.23965888885611283,0.22992453455940481,0.15805880478357745
2009-06-09,0.2134580911456306,train,0.16375067813129027,0.25165071373803566,0.23596791298023642,0.17576040394244113
2009-06-10,0.2133776860844048,train,0.16274451382138289,0.2194435378421755,0.21578856913139524,0.18849850951556785
2009-06-11,0.2129631289872749,train,0.16621567393208403,0.23484132066075553,0.22167503717887269,0.2066775079008737
2009-06-12,0.2292433453514457,train,0.16359641036828587,0.22910561550480804,0.2144946285292105,0.22964235846246894
2009-06-15,0.2148764884960876,train,0.17211439216093657,0.19552662474091007,0.217454593467848,0.2082886540697419
2009-06-16,0.2330061277855801,train,0.15705030043043106,0.190790323297234,0.2036436082810292,0.17299825812923778
2009-06-17,0.2354071580131787,train,0.1520274247411719,0.19170263882289687,0.193031858066144,0.16126003601015612
2009-06-18,0.2339849263565139,train,0.15122780579634978,0.19345348561905934,0.1933100648320772,0.15872042380595525
2009-06-19,0.2366163015024393,train,0.14885720347132791,0.19613151662328288,0.19435436571645096,0.15449684782459544
2009-06-22,0.2111280043100817,train,0.14582035944015165,0.17934890485055555,0.20322630188639282,0.14766366690235286
2009-06-23,0.2111109752922518,train,0.1452403906558249,0.18312319567220506,0.17926513049881326,0.13549493562709022
2009-06-24,0.2228488375700469,train,0.13982899261792736,0.17421781033825828,0.1734909287052741,0.13097954807250087
2009-06-25,0.2098237464755361,train,0.1327490262189526,0.15868747585618845,0.16980018117288542,0.12569257565149208
2009-06-26,0.2098809758561863,train,0.13699918977142528,0.18666129087561587,0.1774306233964538,0.12604476087311395
2009-06-29,0.2079238115121159,train,0.1429167898236349,0.19132540442817333,0.18126792391787885,0.1335333601992981
2009-06-30,0.2060951545953186,train,0.1398496619240457,0.1665241402088266,0.16769529753323908,0.13275136789564404
2009-07-01,0.2088441385580366,train,0.14736278091427343,0.1967357339823913,0.185579010065133,0.1424226864569406
2009-07-02,0.1843710734831716,train,0.1449817067614738,0.159302367413614,0.17459777516844435,0.13919366627181515
2009-07-06,0.1933020757279309,train,0.14293791026318833,0.15874280214444914,0.15760441995581162,0.12980545505363003
2009-07-07,0.1806276826483547,train,0.1364269122372171,0.14980984300208594,0.15936567122606607,0.12621933845394692
2009-07-08,0.180901250946364,train,0.1321849848803504,0.14770895715886,0.150278730985387,0.11540080290757813
2009-07-09,0.1817089115076946,train,0.14064414836605835,0.16442898219833138,0.16108831458305312,0.1256456039198091
2009-07-10,0.1873294141779417,train,0.1506707308147961,0.18374990863362695,0.17785840551592996,0.1384085089234175
2009-07-13,0.1668955171664658,train,0.1372613936355002,0.15590356557087542,0.16443629870511833,0.12869321603296344
2009-07-14,0.1715864538350094,train,0.1445771232759106,0.19103679132508258,0.18209071276876568,0.1347940226360778
2009-07-15,0.1428550851540986,train,0.13467138770369133,0.15218365516768723,0.16371947446288915,0.12625193356199554
2009-07-16,0.1414227481372234,train,0.13653893993857283,0.16604866498955215,0.16521814810415222,0.12658264544934109
2009-07-17,0.1440439632491769,train,0.14109881495370105,0.19713056599317705,0.18233975158557078,0.13280269652733065
2009-07-20,0.1648006870854484,train,0.14371293015151637,0.17598606913209788,0.16923358087577214,0.13457274574573938
2009-07-21,0.1663707847353208,train,0.14565688749395575,0.1675699462385749,0.16704518685320555,0.14209041767921524
2009-07-22,0.169237434379206,train,0.15362468388595638,0.19371023360382522,0.18642025714680888,0.1545499521899092
2009-07-23,0.1547540117632087,train,0.14795176932990328,0.16241920901787696,0.16457875436678004,0.1510951563241053
2009-07-24,0.1687893049651082,train,0.14893226943125612,0.18267108302407364,0.17603868918169557,0.1524599803254776
2009-07-27,0.1684639361882585,train,0.1494541902600652,0.17623129488910821,0.171867491213689,0.1551490784465782
2009-07-28,0.1677814010588993,train,0.1495599089310389,0.16652808838027258,0.16515850374942356,0.15484970304690157
2009-07-29,0.1675592844631908,train,0.14949796069167792,0.16793103229014472,0.16548238301941415,0.15568652370470554
2009-07-30,0.1636570618745652,train,0.15215635353380358,0.17255277565306895,0.16981098242856552,0.16744835885857953
2009-07-31,0.1635811284639277,train,0.1517934692369338,0.1799983128460253,0.17496665287342267,0.17319711411266217
2009-08-03,0.1561807482650021,train,0.15177594558298355,0.17222951073935872,0.16949366436847743,0.1727747409978865
2009-08-04,0.1748617915345853,train,0.15157436389395407,0.17780819894285635,0.17373038271003355,0.17290856986869652
2009-08-05,0.1750821752797578,train,0.152003685596523,0.1739095305839934,0.1710456053210602,0.17139747963211324
2009-08-06,0.1765732702748104,train,0.15317720620716074,0.16775557381895365,0.16771059834547117,0.16631528738179602
2009-08-07,0.1773993592310264,train,0.15232012725305238,0.16418864615633402,0.16424427322362925,0.16245653077187241
2009-08-10,0.1798441989027019,train,0.15241126066907135,0.1808548093245655,0.17559133143404013,0.16925199153545664
2009-08-11,0.176335447982173,train,0.1555246469006308,0.1605554439176457,0.1630183028756074,0.16189144830042893
2009-08-12,0.1759580690499991,train,0.15167815745870897,0.15894243301287558,0.15920032211576293,0.15681641717872383
2009-08-13,0.1738736460797437,train,0.15075244827947376,0.1626235780610968,0.16075869845319593,0.15311921428318803
2009-08-14,0.1725700266534344,train,0.15122714995331984,0.15727543233538802,0.15747500159155187,0.15061955912796876
2009-08-17,0.1489258704550766,train,0.1710648355072293,0.1636163175407544,0.18626837829575832,0.1643663168292491
2009-08-18,0.1556751684512008,train,0.14550053274931182,0.1468194398366743,0.1469255154691763,0.13280464976758838
2009-08-19,0.1526440020981021,train,0.14340235865203207,0.1470037226459481,0.14727853555209086,0.1303079064338312
2009-08-20,0.1482602377750758,train,0.14325534669782877,0.1527496210112311,0.15144109388488772,0.1311055672661538
2009-08-21,0.1315730906355552,train,0.1431788731445157,0.14903442470907813,0.15075004357102634,0.13274455872072433
2009-08-24,0.1331774756803573,train,0.1469787374577843,0.1645932639747939,0.1604322585920658,0.13862195193163684
2009-08-25,0.1362590488413785,train,0.1477747712588637,0.16089637242157265,0.15830602954508285,0.142440655634845
2009-08-26,0.1418224587461942,train,0.14941215005611558,0.16621402958397008,0.16209417812860547,0.14616566112796417
2009-08-27,0.1428684096395112,train,0.14928585856351625,0.16035457914521337,0.15747250895038956,0.1477011923334982
2009-08-28,0.1561369915711305,train,0.15495373081649683,0.1778667490547126,0.17423725886490454,0.16623079621353745
2009-08-31,0.1532530653856664,train,0.15177737065906177,0.16477687572586933,0.16228940858325666,0.16193410908366898
2009-09-01,0.1319363981947445,train,0.17660459338207357,0.2046523578897834,0.22553775352924849,0.19053685456139918
2009-09-02,0.1581025391207191,train,0.14960149529070516,0.15271476380304352,0.15405864767304345,0.14424170938595293
2009-09-03,0.1563416916649437,train,0.14672680853976747,0.15407580467659307,0.1550303564969129,0.14057348397297187
2009-09-04,0.157387644719938,train,0.14396556660556145,0.1541505189430112,0.15486265212084688,0.13442240109630824
2009-09-08,0.1624529101084668,train,0.1449195224368089,0.16334652350916876,0.15969662026167672,0.1365929904976067
2009-09-09,0.1604662168570082,train,0.14634685808859316,0.16283351782690075,0.1597733816195425,0.14050106116206817
2009-09-10,0.158682165517516,train,0.14697608780871343,0.1608452569296326,0.15898361764534802,0.142165102000586
2009-09-11,0.1601408616288834,train,0.14888309055508667,0.16927283011675057,0.16539738108625276,0.14670886511820574
2009-09-14,0.1598131288388455,train,0.1490877184311461,0.16053025695848938,0.15760733894928397,0.1475045605449385
2009-09-15,0.1592915772226596,train,0.1527393333798998,0.17038918107320103,0.16774425743867835,0.16113502044466982
2009-09-16,0.1618707984011374,train,0.15219685872336422,0.16088824691709255,0.16018982542654459,0.15798823043637467
2009-09-17,0.162303079046538,train,0.1533991441151194,0.16413364873385747,0.16262741489890956,0.162955752094256
2009-09-18,0.1644575911505093,train,0.1514755551509492,0.16923544430790868,0.16551261324569405,0.15839622271767667
2009-09-21,0.166790101308488,train,0.15204191852097748,0.16284908426497352,0.16019043885689827,0.15906185193273092
2009-09-22,0.1665719378731333,train,0.15189056535807136,0.16463253022529994,0.16199523960708836,0.15949932501986988
2009-09-23,0.1670165764594756,train,0.15445706709042267,0.1570621052512929,0.15722655566796434,0.162613384391762
2009-09-24,0.1662405578032843,train,0.15615056820175907,0.15242423840302102,0.156465584116154,0.1544307171239046
2009-09-25,0.1701227917737777,train,0.15072815349188148,0.15196059822124333,0.15057810142671318,0.1479952443455144
2009-09-28,0.1626854804667879,train,0.15668120689909976,0.1519675670935413,0.1541222252837808,0.16004487196459619
2009-09-29,0.163150289359103,train,0.1505944550787476,0.15586188573669274,0.15448808563853778,0.14649952777153613
2009-09-30,0.1760957103331817,train,0.15337845951292225,0.15165721041168834,0.1548418764797839,0.153013470404946
2009-10-01,0.1700469641883432,train,0.1668761978520385,0.17888877024812713,0.19681376917686327,0.16918217918004652
2009-10-02,0.1987401125544039,train,0.14151493496929535,0.14373944339932782,0.1450325812630954,0.12756538233516715
2009-10-05,0.1934031382416498,train,0.14288238273635864,0.14507180642997355,0.147922084439591,0.1317238438305623
2009-10-06,0.187033603547928,train,0.13807812670852238,0.14884009409874777,0.14875923260442944,0.12449556682125248
2009-10-07,0.1870033538892857,train,0.14132346920811747,0.15863208332950596,0.1547826855119633,0.1295841913184604
2009-10-08,0.1960213464954409,train,0.14382619462886198,0.15838642801426037,0.15490904789313567,0.13301587674048793
2009-10-09,0.1950515297268984,train,0.1462074218173134,0.16412223359835826,0.15941958632672248,0.13743541016920036
2009-10-12,0.2103395508678784,train,0.15004708467822095,0.17235087073765282,0.1672496684460744,0.14529433039301448
2009-10-13,0.2102152543678673,train,0.15132566163328426,0.16864170052416108,0.16503228169778322,0.15100906152148103
2009-10-14,0.2021055396682577,train,0.15123914149595905,0.1529437718223447,0.1536220759822641,0.1490778954955358
2009-10-15,0.204925630236762,train,0.1513923770284206,0.16023193816046888,0.1585737699645864,0.15089471397217386
2009-10-16,0.2040886965806195,train,0.15183336723961918,0.15456387601642207,0.15426434238289116,0.14872956755885813
2009-10-19,0.2083546774226125,train,0.1507058460322056,0.15356362324102418,0.15202770506709196,0.14577005587870803
2009-10-20,0.2075487237896152,train,0.15161537558834237,0.15235949785153963,0.15194834444060734,0.14662635177948657
2009-10-21,0.2050738265194422,train,0.15412627251322167,0.1470456869238966,0.14997620213491855,0.14796926204299307
2009-10-22,0.2072069734532168,train,0.15038910150605567,0.1455358634331398,0.1454626125807675,0.14370634656829645
2009-10-23,0.2035389427436744,train,0.15355317149641728,0.14472580951826675,0.14849977308499654,0.14428828174678376
2009-10-26,0.2047993586058425,train,0.15206541712591656,0.14672163874659067,0.15142085903638375,0.14247072572952665
2009-10-27,0.2042214350494342,train,0.14687693693850673,0.1429560365009358,0.142237848214516,0.13487010425831364
2009-10-28,0.1930817401598027,train,0.15419767574755386,0.16446156052355446,0.17343728527139823,0.15125785718769008
2009-10-29,0.1870442193242225,train,0.1424493364893585,0.14753038301291732,0.15038030821359305,0.1324970810669546
2009-10-30,0.1556812077382705,train,0.18548222367446685,0.302250915068432,0.3271394395272945,0.24299404050366036
2009-11-02,0.1595853215207156,train,0.14923274871562447,0.18142216850868836,0.18572597841762092,0.1386902534744528
2009-11-03,0.1591989175794923,train,0.1425508306185867,0.17521797617064439,0.17561309862005783,0.1273506753310603
2009-11-04,0.1613606188690992,train,0.1329300126334638,0.1674904604364357,0.16581191541685358,0.11741194758588715
2009-11-05,0.149192376253204,train,0.1322091604802363,0.1646602307638507,0.16213803119577894,0.11771027367904012
2009-11-06,0.1490023640142375,train,0.14086337377690147,0.1855632880827448,0.17337478079206936,0.12714141734691053
2009-11-09,0.1318366463771697,train,0.1318590411941506,0.15744442507990067,0.1540083086494796,0.11680801849698234
2009-11-10,0.1325026647844556,train,0.13946754772686276,0.18040634221609775,0.16897215879528213,0.13016130311313853
2009-11-11,0.1327639687145881,train,0.14017373331847638,0.1692152344703361,0.1623721906598432,0.13165994252846755
2009-11-12,0.1285948888447987,train,0.13987015607632988,0.15413199078164105,0.15270966142286996,0.1279766922319986
2009-11-13,0.1294424902448427,train,0.14402263838849896,0.16418366473670615,0.15870966253962515,0.13403854131198656
2009-11-16,0.1200662731170898,train,0.14735699536316263,0.15892468753572514,0.15656394803845453,0.1419983425199649
2009-11-17,0.1201177824514498,train,0.14924197016404814,0.17160095365594272,0.16543461679903246,0.14518810008904212
2009-11-18,0.1275344680426219,train,0.14946094247625355,0.16558352083038702,0.1612359466857937,0.14775054865456738
2009-11-19,0.1204092122300889,train,0.15242117564657606,0.14938140215281093,0.15470117956723986,0.14602884909475972
2009-11-20,0.1250083139512308,train,0.1507418325365721,0.16180630096070583,0.1584444645878275,0.14704595606303802
2009-11-23,0.1173956891055701,train,0.1494668295920257,0.15807287623934677,0.15532419788113103,0.14556525289998481
2009-11-24,0.1174774250046074,train,0.15030352602671287,0.1605645331425065,0.15766732514018644,0.14792456622226152
2009-11-25,0.1180126673142792,train,0.15158957996431524,0.16590857249835939,0.162854868258803,0.15265890433052057
2009-11-27,0.1029653100921924,train,0.16780367825704445,0.15803392956352214,0.17340343893994353,0.1605081935454535
2009-11-30,0.1023885323567456,train,0.14697576464863155,0.14673323300733265,0.14601921684745914,0.13659262549999368
2009-12-01,0.0926327537760192,train,0.14840725739435115,0.1502357034439282,0.1502614806514004,0.14086885443629069
2009-12-02,0.0987431707043406,train,0.14943510561363596,0.16070905516073064,0.1575999033658753,0.14334219711567173
2009-12-03,0.1119690630537298,train,0.15217894387827696,0.14802819438036438,0.15060247126393012,0.1428608800366899
2009-12-04,0.1105305027630101,train,0.15529894777676,0.15000621783026458,0.151635150158687,0.16066312839546626
2009-12-07,0.1104247860170405,train,0.15365192755660048,0.16350572385363052,0.16197907557029523,0.1512603511062373
2009-12-08,0.1041539892681664,train,0.1509498719402495,0.14638382238375966,0.14597549779532465,0.142425681206841
2009-12-09,0.1039740699727709,train,0.15123615500429496,0.15293379122409148,0.1509454794027781,0.14572921363568303
2009-12-10,0.1021689123857835,train,0.15187914811275813,0.15884035386593212,0.1570083924517732,0.15006975826111668
2009-12-11,0.1063878257600228,train,0.15148024325393233,0.16116173518787724,0.1597948354248204,0.15222089450218382
2009-12-14,0.107815612446332,train,0.1724485826547281,0.16923651270438161,0.18228391079190104,0.18451551015219325
2009-12-15,0.1069702315935039,train,0.15250621558689278,0.17308626688769857,0.17242711083905213,0.15322543167718253
2009-12-16,0.1140996340176739,train,0.15335112565861658,0.1653922733258593,0.16596623009269845,0.15800657474546562
2009-12-17,0.114542979376771,train,0.1562677498241451,0.14961651665755582,0.15255965907184338,0.1526568231321568
2009-12-18,0.1184688960575877,train,0.15077390755982648,0.15129106020938568,0.1496593868477689,0.14711275968238466
2009-12-21,0.1322740783230741,train,0.1514952689696063,0.15239735252879857,0.15148113695299287,0.14780332778927527
2009-12-22,0.1540741829428708,train,0.15135660305328988,0.15707113309085455,0.15789071555646483,0.14912907270534237
2009-12-23,0.1549827738231356,train,0.15006847551811003,0.15523599070768412,0.15539524547273958,0.14736349286312378
2009-12-24,0.1547925132276801,train,0.15544240658233208,0.1626763231241055,0.16664773916080836,0.16261600136723853
2009-12-28,0.1555224608043005,train,0.1492456828779607,0.15976523356039762,0.16065917246582728,0.1503099906868009
2009-12-29,0.1607482662136862,train,0.1493873945305388,0.16688780198951553,0.16903185088539704,0.15455669193004296
2009-12-30,0.1653562651327793,train,0.14975124988049884,0.17122627316339506,0.17250941261336086,0.16005202075923405
2009-12-31,0.1707949574850281,train,0.15820248983688473,0.15836932470638226,0.16483509331171994,0.1582672862162964
2010-01-04,0.1656238130875061,train,0.1547072392428123,0.15312672550276557,0.15581489816602034,0.1512965935725252
2010-01-05,0.1663058369451575,train,0.14922151980132325,0.15111533288393125,0.15102682461990205,0.14474480026318726
2010-01-06,0.2000922132261153,train,0.1485747597106658,0.15127648906141672,0.1516445379972502,0.14425700435471583
2010-01-07,0.1996674005623829,train,0.1487966870044347,0.148841197399376,0.14859737802400227,0.1437796475462538
2010-01-08,0.2009716387690148,train,0.1478756802992909,0.14926125972236234,0.1497137161659248,0.14315897236237154
2010-01-11,0.205738550276736,train,0.1474740695467738,0.156428232958515,0.16035689382883467,0.14495934374456002
2010-01-12,0.2031514312514283,train,0.14851755407509665,0.14911065821381325,0.1492606331750612,0.1459715470779371
2010-01-13,0.204316030806767,train,0.146475051469318,0.14755140750764975,0.14577823276417665,0.14251236467149045
2010-01-14,0.2041123668214974,train,0.14575574331818086,0.1515892913134926,0.15296957256183538,0.1421478934723849
2010-01-15,0.2076728229533013,train,0.15266092626524982,0.1478298580227664,0.15030096494565948,0.15147483368619222
2010-01-19,0.2036333667038719,train,0.1474513711056224,0.1432801693026615,0.14273213172797677,0.14051022813114605
2010-01-20,0.2014590311502411,train,0.15359798186198695,0.1455185573783404,0.14741462981923134,0.1502682786826741
2010-01-21,0.189446853343381,train,0.20807505975063356,0.20573980323744484,0.22509206947921345,0.25724934106966585
2010-01-22,0.1717151631322471,train,0.20614631719017998,0.28889113818009604,0.3075421808279937,0.2937216557250738
2010-01-25,0.1761754937461735,train,0.16590788967433273,0.16356845339809964,0.1664780546130492,0.18827300093350868
2010-01-26,0.1785270601989214,train,0.15535367587089705,0.16027736679847748,0.16011716158764497,0.15986506677329154
2010-01-27,0.177795702423983,train,0.15020343777355782,0.1573047994752823,0.1560960243988309,0.14706870482250572
2010-01-28,0.1730283123685549,train,0.14794950473035098,0.15754940604640244,0.15753068772863824,0.1454601005591439
2010-01-29,0.1725665292804065,train,0.14715232246885837,0.15450137835428196,0.15376367008664182,0.14034004568594002
2010-02-01,0.1639375285010068,train,0.15246988703657735,0.15859994497478105,0.15842190241115356,0.15031661869020885
2010-02-02,0.1583089570180361,train,0.14493187583240075,0.15628481905957978,0.15322449816448072,0.13715587853635866
2010-02-03,0.1576803590288267,train,0.14838264165319195,0.16252657569433096,0.15827189471883885,0.1436965848967769
2010-02-04,0.1225232288440351,train,0.17897851510177343,0.23125660114804325,0.25588087169626933,0.2177387965746871
2010-02-05,0.1223051906343369,train,0.155356939811926,0.17333353390464035,0.1791096242743957,0.16470103343417386
2010-02-08,0.1197153562822436,train,0.14995257649519067,0.17275817767631885,0.17266285472287116,0.14194939548112637
2010-02-09,0.1123278999052567,train,0.14202463942813298,0.16301319422269722,0.16495007608055656,0.13218205123401
2010-02-10,0.1130832788992716,train,0.14174323859902743,0.1747731467194016,0.16917407448302194,0.13252941083719452
2010-02-11,0.1068736266584088,train,0.14186963522841123,0.16480873836057103,0.16038791067239302,0.12722030687939126
2010-02-12,0.1068367039620259,train,0.14040082403730625,0.16119762907505433,0.15714769066544204,0.13173348718168126
2010-02-16,0.0955810456711969,train,0.14169581681585489,0.15949764405298114,0.15614269898386707,0.132473544986767
2010-02-17,0.0964074612881588,train,0.1452050804563619,0.18518525186230578,0.17236726060868882,0.13930305427049372
2010-02-18,0.0941415497059051,train,0.146071763399029,0.17073986762183602,0.16350817352633898,0.14104435524027328
2010-02-19,0.0955507823170531,train,0.15091653817512626,0.17259348332679048,0.1666510668174901,0.151503933339289
2010-02-22,0.0974202195372731,train,0.15198538317070617,0.17682517872121795,0.17213753184911748,0.15157156721134804
2010-02-23,0.0906887108770751,train,0.15317766657900983,0.14800273391152885,0.1500818780957693,0.14584651050287367
2010-02-24,0.0864091269959579,train,0.15054801088821548,0.15336262185998029,0.15116169756532832,0.14443602844870893
2010-02-25,0.0864685872780779,train,0.15223356947527178,0.14931288406940935,0.14830681291306486,0.1505404083187093
2010-02-26,0.0864641456635058,train,0.1515739490140379,0.15670715312275052,0.15498840791578505,0.14840849562566027
2010-03-01,0.0814433148864032,train,0.15198640273193925,0.15271687262659625,0.1514827540481461,0.14850092963275732
2010-03-02,0.080885089894524,train,0.15117451089949954,0.15819411899813807,0.157546141399423,0.1502853505847312
2010-03-03,0.081726042466585,train,0.1508027775933565,0.15804830080584714,0.15746387793489522,0.1512053581796531
2010-03-04,0.0845483359841653,train,0.15060816345614453,0.1586503133270017,0.15805176044712288,0.15268944305597223
2010-03-05,0.0737841580974309,train,0.15542054292309973,0.150821198113622,0.15333257627869973,0.15532213232277634
2010-03-08,0.0742531693828489,train,0.14963885424134907,0.1566422268687852,0.15870693328531232,0.14877289859315818
2010-03-09,0.0767610003852919,train,0.14913357845389866,0.1526667010197107,0.15292706386922506,0.14833298500777778
2010-03-10,0.0761297244517952,train,0.15094023820923225,0.15019661863166592,0.15142013156542647,0.15159810250703143
2010-03-11,0.0781877822246604,train,0.14763303977848313,0.14800713432433185,0.14765713011164974,0.14463994697397442
2010-03-12,0.0783903426730996,train,0.1471100727200847,0.15443102002068682,0.15686086933213034,0.1473282979554185
2010-03-15,0.0784301916283311,train,0.14593227980901832,0.15492904164488888,0.1560612327220241,0.14601277515241928
2010-03-16,0.0834447991728016,train,0.14559669865091765,0.15340917674378465,0.15296690363405838,0.1464893043816288
2010-03-17,0.0808171749491133,train,0.14559967654732633,0.1520836154345233,0.1527980673423721,0.14679078327925657
2010-03-18,0.0988416407666547,train,0.14447073457567358,0.1521678294914348,0.1536892136931926,0.14644378392877067
2010-03-19,0.098115587369304,train,0.14667177244874213,0.14626067956106034,0.14756024631360098,0.14723347641596868
2010-03-22,0.1012999783268246,train,0.14268037109445122,0.14346925726145424,0.14216090506726198,0.140040253319671
2010-03-23,0.0984298280211341,train,0.14170607751660325,0.14458269579938393,0.14508343957839434,0.13965122804811897
2010-03-24,0.0974776354356496,train,0.14415838139576634,0.14138722279005517,0.1418290877387639,0.14124936516771652
2010-03-25,0.1000264664176056,train,0.14385065373710412,0.14013834789476662,0.13927306276342366,0.14276845154637635
2010-03-26,0.1009124000657945,train,0.1416355006146801,0.13882543353986926,0.13725868678596667,0.13906157987200457
2010-03-29,0.129998542910885,train,0.14452202784407814,0.14311836431394173,0.14502723342705445,0.14388221698402393
2010-03-30,0.1327226067292256,train,0.14115295583551715,0.14579985709627952,0.14829801341135698,0.13858054066107955
2010-03-31,0.1391944049542244,train,0.1400558342904761,0.14614120460847796,0.14634445963123147,0.13710589156183586
2010-04-01,0.1498648067256808,train,0.13975334884077875,0.1456452820517293,0.1449809844189553,0.13670538823386263
2010-04-05,0.1539879444587511,train,0.14121053931317754,0.14573941158599416,0.14735398650056888,0.13845269816936018
2010-04-06,0.1754332193591947,train,0.1386571965533083,0.14544884238088282,0.14733218928369826,0.13437970426223467
2010-04-07,0.175536397564705,train,0.14085319886439218,0.1440516439675592,0.14414292647884103,0.13933580874364074
2010-04-08,0.2121827477708852,train,0.13770415214500448,0.14115251575673501,0.1402646466822538,0.1333374016532165
2010-04-09,0.2175356252339721,train,0.1371631201047897,0.14223158889855947,0.1434141774247052,0.13274475085359394
2010-04-12,0.2658827116006557,train,0.1363102115690669,0.14475061860256808,0.14904240953494619,0.13201057740587716
2010-04-13,0.266060983234295,train,0.1349113884160436,0.14378089129901847,0.14413441939148447,0.13005221553222493
2010-04-14,0.267607939441741,train,0.13612297934329073,0.14287399860916175,0.14108960000303808,0.13322664817120763
2010-04-15,0.2712507520056961,train,0.13458743189367847,0.14164705673312114,0.1421219924340101,0.13099129513307076
2010-04-16,0.2730223099863204,train,0.19578728968586792,0.18863020581991877,0.20578522264096585,0.24528345119123252
2010-04-19,0.2727018053272347,train,0.14473374075503215,0.13604760610438926,0.13372655733780012,0.14425826229466782
2010-04-20,0.2751976055943531,train,0.1475274790179281,0.1389117890751056,0.13811031773870086,0.14916433243875785
2010-04-21,0.2758671790102715,train,0.14463272114849982,0.13952662898902618,0.13826137066864516,0.14590484792896402
2010-04-22,0.3076669392143217,train,0.1443275105615553,0.13798040683737295,0.13526852582456875,0.14539895590648172
2010-04-23,0.3111040800007579,train,0.14671585994666944,0.13820344004522325,0.14059462995522362,0.14898943178443894
2010-04-26,0.31419719413656,train,0.14353458812613068,0.13676854628174948,0.13758270867703284,0.14412578012650665
2010-04-27,0.3025135182123071,train,0.2051288629249539,0.20361486608761803,0.21742158389097357,0.25508819182223813
2010-04-28,0.3020775002837944,train,0.1574487248877879,0.14088591188304853,0.13919459499412132,0.16293744386057127
2010-04-29,0.3209726883723213,train,0.15905959414242077,0.1457708142329223,0.1444194245733658,0.17119018789161794
2010-04-30,0.318381057093472,train,0.17525737922702558,0.168844520802932,0.17388618899068398,0.19454607294325407
2010-05-03,0.3207913206641393,train,0.16318179972042698,0.15683701791203727,0.15572516840258932,0.18975380942569445
2010-05-04,0.3226441525449608,train,0.173858468675875,0.19091370912539524,0.19600399639176871,0.2205580084626654
2010-05-05,0.3221776903061623,train,0.16861698496103614,0.167438802129478,0.16485990753433158,0.1886534513501927
2010-05-06,0.3248973121858292,train,0.226427959275247,0.40160150170093534,0.4484781089898793,0.3163335208057245
2010-05-07,0.3235728978085654,train,0.33359491903722216,0.24171095924923378,0.24716864896606555,0.268990389367085
2010-05-10,0.2876214360788652,train,0.40179083616481254,0.3433516351622794,0.3164709244353311,0.3159450025570385
2010-05-11,0.2880733779788152,train,0.40388689384947,0.5676197279226661,0.537936530324299,0.3873996411711623
2010-05-12,0.3016878781416117,train,0.3294044576465467,0.5592225898384665,0.5279613280961064,0.3459421065045485
2010-05-13,0.2988975232237697,train,0.26403903007266283,0.42654676650745516,0.4035638536360886,0.25948059301974413
2010-05-14,0.2918293138052051,train,0.24114966334163498,0.29906821763812097,0.3023963425872965,0.2072844377259357
2010-05-17,0.3025484372219155,train,0.23591269428533984,0.30688914599326766,0.3141722866083579,0.186686366685842
2010-05-18,0.298619403394652,train,0.16941409596014587,0.22061573171536208,0.22423350109576654,0.13224861076151892
2010-05-19,0.2979853454435123,train,0.16170298071117578,0.1869174021075998,0.19098085515711016,0.11471994514082769
2010-05-20,0.2648430651015263,train,0.21436753249672935,0.3497226645391216,0.3754501852664237,0.20793818386716317
2010-05-21,0.2599639704786965,train,0.22819490783763216,0.214173036113584,0.21893091574551166,0.13826610059611674
2010-05-24,0.262600306279228,train,0.21446478680570466,0.2238589194126326,0.2269769779117835,0.16301838781690536
2010-05-25,0.2628077938673163,train,0.16770690524974516,0.19041959897853133,0.19009259965998218,0.10786621653160454
2010-05-26,0.2685667357440545,train,0.16789851260486205,0.24697514940015597,0.238270111897563,0.12705561941477816
2010-05-27,0.2422119665036746,train,0.1591273617090179,0.23412908412895223,0.2170079806553361,0.11501488157903138
2010-05-28,0.2382810280353186,train,0.14152401298074385,0.24435310845603417,0.2189797762828739,0.1109894229930287
2010-06-01,0.2560204385543048,train,0.13111625003970412,0.19047438042940165,0.18890489911149644,0.09813964332890325
2010-06-02,0.2415952181554241,train,0.12709183019288575,0.18635423843432533,0.18422732016919674,0.09428589969175093
2010-06-03,0.2418071671147794,train,0.13130334418619016,0.2642845247832397,0.21523951483605494,0.10608886205750431
2010-06-04,0.2067028613807061,train,0.13494285247282903,0.22472740358674198,0.25077150960868033,0.13211463384581032
2010-06-07,0.2031905656919391,train,0.1392408895566732,0.18611433303311797,0.1892897537471414,0.10086992302029188
2010-06-08,0.2279349020940725,train,0.12548640548779938,0.17637570848305473,0.17551924609979072,0.08901633607820277
2010-06-09,0.2298251641818586,train,0.12059841851041211,0.19039684427748688,0.1782981688275244,0.09001922032423844
2010-06-10,0.2075013587814927,train,0.1098943293840111,0.16133578461366496,0.16441988608907354,0.08272981583234727
2010-06-11,0.2068005032087782,train,0.13140116377150202,0.2658486461838837,0.21154294848242436,0.10260430206595311
2010-06-14,0.2134516660043023,train,0.12868285676708036,0.2735713728153639,0.21552259183735292,0.10373912190336335
2010-06-15,0.1979570462309719,train,0.11653436574759748,0.190776572533553,0.18008378399338743,0.0966342468115814
2010-06-16,0.1979552017624159,train,0.1336715832159916,0.26532776511832246,0.2149324360025512,0.11397472943005281
2010-06-17,0.2213058618712919,train,0.1467480081585305,0.24680757672076994,0.2131713064955291,0.13083333023930768
2010-06-18,0.2222583450560576,train,0.14781299631421616,0.2942700919003715,0.23265561004624322,0.13998439938043714
2010-06-21,0.2254518783898888,train,0.14126335443990543,0.21032782161118802,0.19495416025190748,0.13826620235112383
2010-06-22,0.2224662305742367,train,0.13599956706749922,0.17069975149510203,0.17442551214363824,0.12963763665957898
2010-06-23,0.2356179818010699,train,0.14765764468874867,0.19389306380290064,0.18619824144645833,0.14019340146806816
2010-06-24,0.2300797128012964,train,0.1358409881658415,0.16611652223552642,0.17591293081766202,0.13066576631216742
2010-06-25,0.2325331739452872,train,0.1415437870050079,0.18124969664518395,0.17932637398951287,0.13171491548527153
2010-06-28,0.2322671174327293,train,0.1490968177731825,0.19940410850042706,0.1922458182941921,0.14729325511938493
2010-06-29,0.2051444049985064,train,0.1305611698887465,0.2099031325574487,0.22337128400666503,0.14508608036903428
2010-06-30,0.2030678817007578,train,0.11984634027839142,0.15780163818407117,0.15966947370549237,0.09841813283737154
2010-07-01,0.2024490354586209,train,0.11541741513082496,0.1548417187264133,0.1595791187438975,0.0939607626797693
2010-07-02,0.2165457575848189,train,0.12055738044830994,0.18991190685960727,0.17711972708871784,0.10294832487175828
2010-07-06,0.2159729191479315,train,0.11638791810994915,0.18012771621813342,0.17143037708259223,0.09863416064061079
2010-07-07,0.1873633617118304,train,0.11164628583767405,0.15639066352512893,0.16069349971739605,0.09348887911840152
2010-07-08,0.1840974384284579,train,0.12240080293555707,0.21891703874063262,0.18925183579910398,0.10761613185177049
2010-07-09,0.1827653113066004,train,0.13263286263655663,0.24865287418090448,0.20621044117049445,0.12102165629933076
2010-07-12,0.1837252207469989,train,0.13495280802442836,0.22636056373014,0.19722384255931133,0.12555066906126602
2010-07-13,0.1769375319013241,train,0.13670458960945214,0.1849125300460051,0.1765422941855357,0.1303445727260064
2010-07-14,0.202498988030753,train,0.14978463473513948,0.22013116546600997,0.19808177625073656,0.14610971630947978
2010-07-15,0.2036697786598488,train,0.1508129217003873,0.18947305965019434,0.18160675603473364,0.1552452346496
2010-07-16,0.1782371404460997,train,0.14530016386831154,0.16685189330588376,0.18160917806696628,0.14471358403063306
2010-07-19,0.1770143108485987,train,0.14127404919440267,0.17046117772757086,0.16693270434246246,0.13287237652458528
2010-07-20,0.1779880856646351,train,0.13760862831038517,0.16014254557285576,0.1628109103440707,0.1302815168627865
2010-07-21,0.1719445248709251,train,0.13521984645777035,0.15377339682207808,0.1607440585639422,0.12740798176641244
2010-07-22,0.1652252844660248,train,0.13443316902811214,0.1544825739045827,0.15475447162873318,0.12275330604406348
2010-07-23,0.1627686034154391,train,0.1412038404791107,0.173880085350739,0.16576425899304545,0.13058466682428674
2010-07-26,0.1591272934925611,train,0.14285307085480717,0.1753744235927625,0.16759614763505656,0.1354841353517163
2010-07-27,0.1677859013180118,train,0.1454714391545121,0.17852447240706854,0.16975270491250474,0.14220442202073763
2010-07-28,0.1667734552600581,train,0.14587708597532895,0.17020169951054617,0.16505405266040618,0.14215235271999585
2010-07-29,0.1675782663023038,train,0.14784344686812603,0.16733485435565135,0.16320510961264054,0.14648531975201745
2010-07-30,0.1762359291129172,train,0.15101067067710355,0.1767278743616936,0.16979640404435845,0.15532264200141957
2010-08-02,0.1657197734990904,train,0.1501730218690475,0.16602178732572345,0.16375252104135335,0.1533754596545425
2010-08-03,0.1648416311138692,train,0.15114623258789137,0.17746921890252135,0.17065957795380973,0.15611392084031506
2010-08-04,0.1938027388048152,train,0.15130760637086038,0.1720673984463038,0.16689999219390605,0.15659924653349241
2010-08-05,0.1965390163284879,train,0.15183437075915554,0.17563655531348626,0.17004377178867408,0.16006853874904475
2010-08-06,0.2012772056499819,train,0.15616820852054303,0.15864473794256284,0.15934122112221777,0.16586952983374945
2010-08-09,0.2043889118836539,train,0.15409490681115384,0.17694306841957108,0.17296633558401936,0.16809855765990958
2010-08-10,0.20497359335346,train,0.15488348357362258,0.1615270152339714,0.1594887486533726,0.17428791790963666
2010-08-11,0.1805070637397518,train,0.1760919691140548,0.17329692460699034,0.19195065424786129,0.18010705312853423
2010-08-12,0.1800780817623505,train,0.14948411565442357,0.14792929819782757,0.14929284568646478,0.14499434953247767
2010-08-13,0.1839980775662906,train,0.15225349002570918,0.15286351763820638,0.15336965753458845,0.15135243292013334
2010-08-16,0.1840039624536436,train,0.15038436012885728,0.15315665116324356,0.15400408152595335,0.14768477196486834
2010-08-17,0.1793372453133526,train,0.14641126205198698,0.15296421891751988,0.15307943571056953,0.1388280849684247
2010-08-18,0.1792228191481908,train,0.1502936086162681,0.1683944282775422,0.16338854199140526,0.14820359778568795
2010-08-19,0.168052967978693,train,0.15193302813108375,0.15157355817756957,0.15979693885856047,0.14866488754946333
2010-08-20,0.1760965591652091,train,0.1469332611785762,0.15606697327360095,0.15361454406166966,0.13988395067922027
2010-08-23,0.175728758052141,train,0.14873956644633168,0.15872410756998942,0.15671954779267627,0.1449332810513259
2010-08-24,0.1683908599430497,train,0.14633599325722446,0.15134066810066188,0.15761918947962347,0.1404832123684047
2010-08-25,0.1703100384255379,train,0.14229032378524684,0.15033700074425457,0.15071346442683248,0.13266247107653092
2010-08-26,0.1835618741335002,train,0.14343711338753154,0.1558518018331706,0.15446957108338796,0.13486404158945853
2010-08-27,0.1760918236337549,train,0.1404885096515867,0.14939332033500044,0.15470957888947498,0.1320827636979934
2010-08-30,0.1687469217312029,train,0.14255749090667846,0.14894721745062478,0.15535134788664198,0.13277667219339753
2010-08-31,0.1688605347173332,train,0.13955464761262268,0.15380441810290693,0.15196273718861988,0.12750729529777488
2010-09-01,0.1329650972857944,train,0.13537767955305927,0.14607223765766555,0.15163134617156468,0.12422949494115126
2010-09-02,0.1296896255919263,train,0.13954150148195982,0.16447142018830913,0.15865832559661217,0.1295899300073618
2010-09-03,0.1242620266512328,train,0.13999029931584012,0.15464029141660565,0.1544738700583185,0.13188506765653138
2010-09-07,0.1372144649909239,train,0.14226926491065073,0.15401290764765352,0.15485964884262327,0.13185845751009317
2010-09-08,0.1349473319329507,train,0.14417846816928329,0.161808417317566,0.15676588856835108,0.1341782935959992
2010-09-09,0.1340205521995763,train,0.14928025528204758,0.17190074835080524,0.1655751831975978,0.14239210262718693
2010-09-10,0.1342794950167357,train,0.15030595142836084,0.16839215278234512,0.1634988525000097,0.14486891748539663
2010-09-13,0.1284753767341527,train,0.15101051643151966,0.15989086247292147,0.15727591160212837,0.15016756489191224
2010-09-14,0.1289211046904495,train,0.15336205291812519,0.16200032132410816,0.1594072174725661,0.15797821698808753
2010-09-15,0.1311255648120011,train,0.15207263915439506,0.16276794360989985,0.1589702821804418,0.1567186339421007
2010-09-16,0.1318541530728613,train,0.1531358704596064,0.1670737723801346,0.16351622469675273,0.16502406404004025
2010-09-17,0.1320464547804198,train,0.1525228148274978,0.1658420234301117,0.16236366063891478,0.16613742998040731
2010-09-20,0.1218172174306706,train,0.15400067410541352,0.15669001643693048,0.15500131582132287,0.1657237906777342
2010-09-21,0.1303092743339277,train,0.1578371231599879,0.15667902261986547,0.1568710788337966,0.17300786021690145
2010-09-22,0.1336598822398723,train,0.1533821774613715,0.15597717772958156,0.153533966930145,0.16045557754488982
2010-09-23,0.1307155746097201,train,0.1568477267998565,0.1496512272344583,0.15165936339684616,0.15834282737753744
2010-09-24,0.1089486753836053,train,0.1553640787656291,0.14674610854580128,0.14892378194790962,0.15298901960481887
2010-09-27,0.1081256351731058,train,0.15451376903411004,0.15365235181223058,0.15268540734793906,0.15417903347505962
2010-09-28,0.1074137534124746,train,0.15216619793024863,0.14771279081800548,0.14681896375365114,0.14941023890644362
2010-09-29,0.1077175240534677,train,0.15165785687473032,0.1514740652084581,0.14930747460497792,0.1491039108397929
2010-09-30,0.1072001067545043,train,0.1583039293053612,0.14728719731988962,0.1496424061572864,0.16281595478610475
2010-10-01,0.1061939005650401,train,0.15455202446889235,0.1595909216591642,0.15765373122959092,0.15562722147373226
2010-10-04,0.1027797261649318,train,0.15304445396490346,0.15156092309804078,0.14952268074016284,0.15410011313832922
2010-10-05,0.07969932650841,train,0.1558066353739321,0.14616335598432703,0.14767366654757608,0.15530040608188658
2010-10-06,0.0809332806622372,train,0.15269383429802677,0.15519240395464828,0.15366600249228943,0.15245751918359748
2010-10-07,0.1054348976864027,train,0.15237218830637192,0.1499050961040156,0.14892686752993442,0.15026941249933198
2010-10-08,0.1044361054316204,train,0.15255277457282895,0.14772205020310916,0.1471182323878439,0.1501091045000386
2010-10-11,0.1046014003299992,train,0.1530413064210128,0.15396264006788982,0.15556545772614527,0.15198922735969864
2010-10-12,0.1071302779850532,train,0.1514630329871775,0.15221761993972613,0.15082107696988223,0.15318098323817977
2010-10-13,0.1045201370280555,train,0.1513196310263677,0.15159958697794498,0.15018374935445247,0.15524245025195899
2010-10-14,0.1044769133569963,train,0.15234800544216415,0.14775202368419774,0.14665975139411333,0.1557437302113997
2010-10-15,0.1124388383546412,train,0.15245815934727827,0.14676342964899056,0.14522436451156195,0.15753116441189752
2010-10-18,0.1111874830414279,train,0.1514458030188413,0.1497291440903595,0.14933922158034635,0.15436608875853283
2010-10-19,0.1152254320366821,train,0.1648652889587868,0.14668360431645547,0.15369369259155052,0.1692457287244758
2010-10-20,0.1099539909578068,train,0.15118437275592542,0.13932228153500198,0.1375346798088215,0.1489101399163724
2010-10-21,0.1213148258294366,train,0.15122445306945334,0.14081093091802047,0.1394754047419865,0.1501213238924988
2010-10-22,0.121537628041824,train,0.1540247762048095,0.15209949943114748,0.15572655067993743,0.15905950503588334
2010-10-25,0.1211130559996753,train,0.15017595860267852,0.14299715868678037,0.1433873819540121,0.1472874781950356
2010-10-26,0.1317395070904594,train,0.14900183733418168,0.14667815917648092,0.14610220001814359,0.14793615302421217
2010-10-27,0.1413141325791483,train,0.14875760180314412,0.14693658721674369,0.14410423438135203,0.14984501168952855
2010-10-28,0.1473055282291608,train,0.14887124375447097,0.15124719802378772,0.14928210967446964,0.1519590000481752
2010-10-29,0.1476764816858803,train,0.14976445855038237,0.1576238183521152,0.15695301653614335,0.15701709394288765
2010-11-01,0.149019961112782,train,0.1491282320502242,0.154279824556164,0.15047914188129333,0.1573775054850039
2010-11-02,0.16426089219557,train,0.14866485138749158,0.15679516540739669,0.1551512464157772,0.15680885631059965
2010-11-03,0.169776981053888,train,0.15613785651248366,0.15142774643908613,0.15404755193362993,0.1665683541324422
2010-11-04,0.1559828848880547,train,0.16065948983718503,0.14444904336815972,0.15100198564046263,0.16161016923588778
2010-11-05,0.1554451555352297,train,0.15031910373080423,0.1418657481149407,0.14276938508903292,0.15061996340039416
2010-11-08,0.1553093462695273,train,0.1494069242146343,0.1398028824899575,0.14073226846249115,0.14823775309015383
2010-11-09,0.1537352748680205,train,0.15388920364850667,0.13867339595795408,0.14063858627876621,0.15161347665101627
2010-11-10,0.1536913875129717,train,0.14875466622098635,0.137723374390279,0.1361952628760536,0.15023962051066214
2010-11-11,0.1544718201230964,train,0.14931579299938758,0.1402958812798057,0.14160791583949672,0.15026598067520494
2010-11-12,0.1486175210381219,train,0.15582466079828602,0.1399424296150015,0.14176096364353533,0.15648879107933092
2010-11-15,0.1485676068377071,train,0.15075263282637022,0.136974435556394,0.1361063955380326,0.1509517555710476
2010-11-16,0.1386801945400308,train,0.16813746007199235,0.15335517735767074,0.16011305683867225,0.17676774547430127
2010-11-17,0.1401894260332135,train,0.15641168667824462,0.13758565774302733,0.13703661729788946,0.15869377190543457
2010-11-18,0.1303031548226185,train,0.1547414218509348,0.13788463198049825,0.1375719533054072,0.15179069291655717
2010-11-19,0.1302134913673769,train,0.15343034462079944,0.14139108842951684,0.1406413361773695,0.15393435613549863
2010-11-22,0.1320991963871675,train,0.1520716045971652,0.13906025586607504,0.13775417417574812,0.1500148034401068
2010-11-23,0.1220018244958909,train,0.1568863840592125,0.1414049663348182,0.14186654225237333,0.1543494889787074
2010-11-24,0.1104183153149413,train,0.15546629420236208,0.1414127080465268,0.1407250898638491,0.15647946204999605
2010-11-26,0.1022966589873421,train,0.1654855495703958,0.14750284086138166,0.15043806803218834,0.17170840283043864
2010-11-29,0.1018513445771922,train,0.15208578531419814,0.14271859614093213,0.14120013517848967,0.15126521790143024
2010-11-30,0.0999004937177295,train,0.15289418369514965,0.14264302477385513,0.14168167132288656,0.15106850995810223
2010-12-01,0.0666540886669421,train,0.15261608690998352,0.14149067445426897,0.14013917897423872,0.15044571330672876
2010-12-02,0.0490162427488499,train,0.15315138971342482,0.14312042581575166,0.1413610235128432,0.15195338882937134
2010-12-03,0.0603673267321349,train,0.1545719228793337,0.15134296381884652,0.14938034370396394,0.15887846860247012
2010-12-06,0.0602819588327135,train,0.15632396586946426,0.15221291642704562,0.15205807922044945,0.16172792240484943
2010-12-07,0.062995986583053,train,0.15431616136338497,0.14767158367450742,0.14640645581435296,0.16230729872350858
2010-12-08,0.0620352314323152,train,0.15488712154890566,0.1500158596738551,0.15230278857127608,0.15798922181277403
2010-12-09,0.0608829322677072,train,0.15272343044698225,0.15169404361808658,0.15622086921919304,0.1547877125000938
2010-12-10,0.0574697619139725,train,0.1486411644041353,0.1477738377714208,0.1494486934466065,0.1486768659920197
2010-12-13,0.0587816937749513,train,0.14687918573223452,0.1489405139059008,0.15039348138356204,0.1480966190455939
2010-12-14,0.0668017348492432,train,0.1460307508463924,0.14772440853484178,0.1470384951016221,0.14747659184811981
2010-12-15,0.0650428813824186,train,0.14586546895849328,0.14610541218683448,0.14527342266707371,0.1474906915579414
2010-12-16,0.0668348666377816,train,0.14612750869791966,0.14519107916854165,0.14405685574619553,0.149462176329411
2010-12-17,0.0669992598315531,train,0.14417514687576358,0.1440031666029836,0.1456987382396941,0.1448782492914786
2010-12-20,0.0750946351650302,train,0.1431319258435839,0.14401662049356992,0.14554240532120385,0.14317881764150042
2010-12-21,0.0718190937907378,train,0.143428578627279,0.14554082986853087,0.14665281173097022,0.1435879950676989
2010-12-22,0.0714204668101109,train,0.1418712339312933,0.14617878647108543,0.14908474166331065,0.14081255715859914
2010-12-23,0.0740285061296073,train,0.14067552180873516,0.14528021267669963,0.14905590615966224,0.13855498068354574
2010-12-27,0.0740400091895269,train,0.14080161286840107,0.1455152942455927,0.14557337714709437,0.13828279183123035
2010-12-28,0.0751275916376758,train,0.14089891570555416,0.1498227227842935,0.15089016571420558,0.1381783219335843
2010-12-29,0.0755927509266272,train,0.14091438702943448,0.155864998578727,0.15878561097623392,0.13853650642402726
2010-12-30,0.0979450432679243,train,0.13997805060803686,0.1596857328355018,0.16350072717435604,0.13889662786444065
2010-12-31,0.1014841476769887,train,0.14058000947870922,0.16390548985357173,0.16889842785261425,0.14062997662305515
2011-01-03,0.1102028238102015,train,0.14361857895704946,0.15435422832121834,0.1577332644081535,0.14745693029649046
2011-01-04,0.1104032327848459,train,0.1382863678220191,0.1476807435105369,0.1488015900687539,0.1393525146914668
2011-01-05,0.1091532784234971,train,0.1362108417010579,0.14294240415821557,0.14252824721933433,0.13549624779022984
2011-01-06,0.1093919455274713,train,0.13452412730382754,0.1399010619859696,0.14081123558612757,0.13303339172267656
2011-01-07,0.1113889351294121,train,0.1356156532238914,0.1382292643823313,0.13734893563648093,0.13602532740889758
2011-01-10,0.1124579038949254,train,0.13422136652941674,0.13728679465232865,0.13697874150152,0.13152772878514618
2011-01-11,0.1120453176990055,train,0.13332434598034354,0.13907398203069848,0.14001075529340706,0.1307153062544066
2011-01-12,0.1074201899907525,train,0.1331753444522451,0.1383430248151354,0.13692260631651673,0.13062714382419482
2011-01-13,0.1093158939575619,train,0.13252512908636918,0.13852574206035434,0.13866520220994666,0.13129026399668148
2011-01-14,0.1065945028163041,train,0.13333578350417502,0.13616056797313958,0.13543394981062512,0.13190322793990447
2011-01-18,0.1070106588905696,train,0.13145920574152847,0.13527736585817418,0.1361670024263493,0.13032132119800477
2011-01-19,0.1035724378811707,train,0.14405696498523282,0.1421709940704566,0.14446283046445826,0.14627990269024224
2011-01-20,0.1040062325448202,train,0.13560596301399008,0.13346188357024538,0.1300101279733483,0.13652373395413286
2011-01-21,0.1039593748349512,train,0.13641426740444376,0.13220668597799617,0.12963334577805355,0.13695524718221747
2011-01-24,0.1248257887777061,train,0.13843257785178295,0.13172948106053875,0.13027746300644094,0.13878317174089533
2011-01-25,0.1267138443822538,train,0.13678205391594836,0.1329997474491052,0.13104132685462663,0.13847900391685877
2011-01-26,0.1259933076677015,train,0.1363016417243896,0.13340016587969522,0.13345329697561611,0.13727597127234456
2011-01-27,0.131236195897951,train,0.13491326215250427,0.1342488916268312,0.13533184316125135,0.13533363191174225
2011-01-28,0.1174434073250797,train,0.19680775245418317,0.18942694918203506,0.20162529114561814,0.24533413124430625
2011-01-31,0.1290273513846813,train,0.14775098795074887,0.1327694353216058,0.13107988296190076,0.15176666193049226
2011-02-01,0.1163062898312348,train,0.14738758104303623,0.13492163696464715,0.13205520340059348,0.15093262197496804
2011-02-02,0.1309721429283681,train,0.14927059102488788,0.1372743101051278,0.13703048161136647,0.15713607131858986
2011-02-03,0.1334246804075,train,0.14651891146722112,0.1361294618888022,0.13401919874225132,0.15095014289592365
2011-02-04,0.1359566888073859,train,0.14599049945312065,0.13680894971825514,0.1366784867404527,0.15272737617166188
2011-02-07,0.1376627572681503,train,0.1444168509834499,0.13564924942851142,0.1364149512076538,0.14992003336666157
2011-02-08,0.1368125381629355,train,0.14302449477004792,0.13562364717058353,0.13834486606696628,0.14733718618048072
2011-02-09,0.1518475109249313,train,0.1401432119611635,0.13503579457812565,0.1355532858095585,0.1441843883718078
2011-02-10,0.1538155935414583,train,0.1382789056481086,0.13419193237762383,0.1332391762260659,0.14231705238083192
2011-02-11,0.1538698238551007,train,0.13666338024929953,0.13247199059692824,0.13129480614508587,0.13878181086742877
2011-02-14,0.1589854171791944,train,0.13608204443506883,0.1349263333430445,0.13801455328375295,0.13793029703279558
2011-02-15,0.1719585570593864,train,0.1344809670578819,0.13464652363562124,0.13471631307968385,0.13527157813285606
2011-02-16,0.1768099696057206,train,0.13418654495724203,0.13423576695288525,0.1327175269488605,0.13552030304171128
2011-02-17,0.1769630654381902,train,0.13414846179781992,0.1336820976713632,0.13239697247527604,0.13471534013813063
2011-02-18,0.1850435122318139,train,0.1335328033122346,0.1347239887376567,0.13405751468076593,0.13530124081635966
2011-02-22,0.1709213289485966,train,0.20070324524817693,0.18913596349978834,0.2103924886600714,0.23742039243753074
2011-02-23,0.1698186471102349,train,0.15235605100319632,0.1397615022121002,0.1380175359071057,0.16155504409298763
2011-02-24,0.173130110501248,train,0.1530655949593296,0.13247763014206648,0.1296747769509846,0.16135120920442422
2011-02-25,0.1693106817417978,train,0.15757290689424566,0.1335356124481861,0.13206398347470047,0.16787530735616993
2011-02-28,0.1681079247297173,train,0.15520299127308215,0.13811706804816037,0.1367091222844109,0.1660837265254522
2011-03-01,0.1589448626858904,train,0.17609890679810472,0.15892622771023443,0.16266852255133155,0.19587037192879136
2011-03-02,0.1606302396730005,train,0.1599730923014805,0.1391868608866202,0.13782306590501045,0.1717984482259016
2011-03-03,0.1488310602439051,train,0.15708443652428775,0.13669533912284018,0.13419537051882666,0.165747501369687
2011-03-04,0.1471794600670647,train,0.15902860467022298,0.14056108095411746,0.13802493014334186,0.17622689537973335
2011-03-07,0.1445258324443351,train,0.16298109466607155,0.14026739566068183,0.13878128687538235,0.17145149280291008
2011-03-08,0.1411796794814087,train,0.16204508710296933,0.13958486400160888,0.1382326474661862,0.17571745962621363
2011-03-09,0.1415293268223553,train,0.15990774159210122,0.14132595443881452,0.14024001902704009,0.17445917148745385
2011-03-10,0.1253282473596322,train,0.16336235281429926,0.14306248029966917,0.14254010836490477,0.17807975630604003
2011-03-11,0.123507998160386,train,0.16010263717489912,0.13334068829925627,0.13108721742715013,0.16750277813583325
2011-03-14,0.1220930139916846,train,0.1593951903235003,0.1328691331756616,0.13055237840609768,0.16585470920721815
2011-03-15,0.1180799470454164,train,0.16955775148331034,0.15146342794983045,0.15370753752788155,0.18950091946608907
2011-03-16,0.0975923451381809,train,0.21130352342243505,0.26213135533631,0.30815361278540343,0.3138552706258373
2011-03-17,0.0856742035811499,train,0.18740384352524045,0.15060873783974502,0.1509886011440027,0.1927570033458164
2011-03-18,0.085678431837224,train,0.17708521944554734,0.15434521002746274,0.152933163018852,0.1839798284976833
2011-03-21,0.07721290344514,train,0.16982842800776893,0.15807970102158328,0.15672389647066598,0.18292124957780131
2011-03-22,0.0788872174936141,train,0.16820956318963284,0.168249218964899,0.1650950977359214,0.18649582440407775
2011-03-23,0.091815728010268,train,0.16063673156174324,0.15494132041004186,0.1510733626470771,0.16844793190188875
2011-03-24,0.0872680280155099,train,0.15998800869734994,0.15599347596963462,0.15153327170274355,0.1697708629456849
2011-03-25,0.0866733326347986,train,0.16000084537787165,0.16196601229584096,0.15800624726021306,0.17502265210988602
2011-03-28,0.0914547041839291,train,0.15704866015791843,0.1489103471784351,0.14702405440145397,0.16519140462816345
2011-03-29,0.0912770505239843,train,0.1545079581488617,0.1422420527889062,0.14037918265017518,0.15889443157229644
2011-03-30,0.0886991723830589,train,0.15328175329365554,0.14594127816318697,0.14508465233142187,0.16021385825284074
2011-03-31,0.0889595093674744,train,0.15154203114391904,0.1476116934401146,0.148781842604849,0.1584243033646466
2011-04-01,0.0878629431419602,train,0.14972878787925809,0.14154067266328085,0.14049633207291454,0.15681808519847673
2011-04-04,0.0887407769434435,train,0.1481362054485412,0.14486019705670147,0.1471935485330238,0.15332053950104124
2011-04-05,0.0918278426639161,train,0.14574088461548126,0.1432137358892769,0.14364500871441682,0.15011419051106895
2011-04-06,0.0966876996023589,train,0.1446930285084855,0.14458655093708403,0.1446356571747905,0.1489786487635242
2011-04-07,0.0975266500869768,train,0.14580777919979773,0.14327860381917545,0.14197138937153822,0.15366039811976223
2011-04-08,0.0977204935707602,train,0.14514258344960437,0.1379937009910461,0.1368794700435657,0.14956889155520492
2011-04-11,0.1017109507589933,train,0.14354926165319362,0.13870117418192,0.13779107523241663,0.14737539349487486
2011-04-12,0.1051021867104934,train,0.14556854679180184,0.13577445731282145,0.1352295288646249,0.14946810278761966
2011-04-13,0.1064451385859464,train,0.14207009529612563,0.13761628597314085,0.1382197319708688,0.1468363004370889
2011-04-14,0.1098900965371636,train,0.14126727275499193,0.1355254325549808,0.1360924538287688,0.1456719944302944
2011-04-15,0.1114394779060452,train,0.13923616091340482,0.13646212789407206,0.13933226046827113,0.1454378426015647
2011-04-18,0.1040102822684987,train,0.1569298047449589,0.13735912887973661,0.14391804205322073,0.1639426820122629
2011-04-19,0.1067795501304785,train,0.14116810332527843,0.13117818360349487,0.13339994468424568,0.14922840311895566
2011-04-20,0.0957254768459125,train,0.13975261800393304,0.13113944703621222,0.1310586605933366,0.14610338367367437
2011-04-21,0.0981723958630079,train,0.1372670928032908,0.1304643734453847,0.13119857011615654,0.14376990155239405
2011-04-25,0.1064882366046536,train,0.1415786740198224,0.13332486948735278,0.13563598866648405,0.14967407221451237
2011-04-26,0.1020872256968639,train,0.1353235447233344,0.13141253906520067,0.12923618344760837,0.14001826175749296
2011-04-27,0.100145172144309,train,0.13489878929309498,0.13039393108294153,0.12819835341928107,0.13968149032268057
2011-04-28,0.100812767212692,train,0.1335702737412229,0.1294253915895232,0.12962120965094073,0.1388574298785459
2011-04-29,0.101382157884381,train,0.132316441899415,0.128970346192095,0.1312419292162636,0.13627480674003958
2011-05-02,0.1077041598327462,train,0.13149446806419418,0.12856930687052948,0.1267999218243544,0.13569418148667134
2011-05-03,0.1339373841206987,train,0.13129799152895769,0.12686301349364568,0.12372380316071249,0.13467357717928544
2011-05-04,0.1318928843095802,train,0.1331334163544104,0.12772126206446108,0.12329263169110818,0.13887673828467778
2011-05-05,0.1327155782284914,train,0.14200520980485276,0.1326177533142589,0.13137205244112213,0.15313457808335232
2011-05-06,0.1370554914892057,train,0.1400371871866923,0.12703781260698205,0.1237099807914132,0.14978144037564411
2011-05-09,0.1363864323950264,train,0.1437161406226396,0.12808939131839478,0.1281531914256212,0.1559201514040155
2011-05-10,0.1338384860515815,train,0.13999362083066746,0.12762026986607125,0.12728372298413157,0.14768909121312418
2011-05-11,0.1312644967910451,train,0.14533422318364977,0.13206258517888642,0.13052681796862411,0.15351115530346807
2011-05-12,0.1393510837236793,train,0.1404369633223852,0.1268189518407299,0.12431614083219307,0.14798433581346435
2011-05-13,0.1366525014651149,train,0.14356118893521327,0.1289421613269258,0.12742894460582535,0.15004284249705027
2011-05-16,0.1420079504469874,train,0.14531035386867214,0.1294526524622695,0.12768283726002555,0.15126987534337302
2011-05-17,0.1556393469496206,train,0.14247336894295254,0.1286799546578937,0.12617683111624253,0.150478420216319
2011-05-18,0.1526022701618638,train,0.143420559872028,0.12823880367992394,0.1269254578283604,0.1508878221001062
2011-05-19,0.1527344273839607,train,0.1415449077317845,0.13113570675878988,0.13259109880682707,0.15053238006349548
2011-05-20,0.1511763557624856,train,0.14633122039920138,0.1341491196722337,0.13244555661257384,0.15457291367169165
2011-05-23,0.153207973843856,train,0.1478932048749365,0.13168162846507733,0.13012367622511384,0.15283080477248817
2011-05-24,0.1546742525925623,train,0.14558141947618583,0.13054592566171613,0.12954607260272805,0.15314663061187214
2011-05-25,0.1545589763020113,train,0.14415448024175997,0.12975803813728393,0.1282008797047001,0.15016008011563797
2011-05-26,0.1591969479905214,train,0.1428919354376315,0.1308265315269242,0.1292100612798121,0.1499453272607913
2011-05-27,0.1617119468734552,train,0.14255947502768274,0.13241892971484115,0.13440783779424284,0.15082215990125972
2011-05-31,0.1640671226540949,train,0.13989449500108567,0.13129223652330063,0.12950954118109326,0.1478175878940133
2011-06-01,0.1460533730990933,train,0.19754701052181986,0.1787206671894095,0.18995092138120032,0.21848480047380497
2011-06-02,0.1498622677054958,train,0.14861331028768265,0.13264277584357767,0.13008845311394152,0.15550512520691814
2011-06-03,0.1546318722997976,train,0.1522008400012972,0.13578599629003027,0.13308306720536972,0.15842307007067674
2011-06-06,0.150013689636041,train,0.15653125593607756,0.13753560094074072,0.13580620497814164,0.1654829473438343
2011-06-07,0.1500554297729132,train,0.15456541946158758,0.13944116211491075,0.13827421082375657,0.1669535086333908
2011-06-08,0.1537443081762916,train,0.15164333950570036,0.13578563196212226,0.13427520775050847,0.1595223782640866
2011-06-09,0.1534514166103548,train,0.15165975655179867,0.134007802550594,0.13292688116330714,0.15836243282601148
2011-06-10,0.1589638538614445,train,0.154504819131305,0.13666141387368955,0.13501949307996483,0.15915765991812109
2011-06-13,0.1596804690039673,train,0.15169912434217558,0.13264957958360257,0.13046451389505404,0.1566853253857016
2011-06-14,0.1537408799368185,train,0.15284328560412705,0.13320944381880445,0.13161845177593465,0.1579346153480964
2011-06-15,0.1420667421165055,train,0.18667813398156702,0.17411776454770855,0.18360480081076522,0.2132049551966177
2011-06-16,0.1433314668111938,train,0.16002137862305732,0.1428772856894353,0.1405896970861486,0.17274021714028193
2011-06-17,0.1458991306454946,train,0.16153871474726317,0.1366860250750206,0.13466618079363568,0.1692268228716134
2011-06-20,0.1556427800667611,train,0.16289271727475996,0.13951998579567168,0.13852679863475714,0.17479457878058544
2011-06-21,0.1479699942224412,train,0.15833725583383707,0.13849746880166675,0.1362471974567365,0.1640342433109179
2011-06-22,0.1543577612474992,train,0.15871373790742593,0.14263556963048632,0.14092344252849812,0.16791698885913728
2011-06-23,0.1540389613081628,train,0.1600576415737392,0.1392489950584492,0.13697685782258556,0.17916911212933698
2011-06-24,0.149666494272783,train,0.16209899021363028,0.13558799848586728,0.13523323471539414,0.16607616494370803
2011-06-27,0.1469181693448305,train,0.1621031916716308,0.1367432611312622,0.13593486615221004,0.17138024662459622
2011-06-28,0.1576660577029277,train,0.15739034507008381,0.13888477163953813,0.1370265313235087,0.1634853866518323
2011-06-29,0.1550784006789014,train,0.1599789746800983,0.1453685699382933,0.14327380221258396,0.18070754871822903
2011-06-30,0.1532990364418456,train,0.15584550981031553,0.13906272675167936,0.13651829034086913,0.16980977706726683
2011-07-01,0.1449778998314164,train,0.15545837036135193,0.13351336642726117,0.13127558076994664,0.16431003711660844
2011-07-05,0.1716062585211456,train,0.15383761364158177,0.141533777111707,0.14143777474512814,0.1707008381902985
2011-07-06,0.1726231468557148,train,0.15121326667447216,0.13800777988432267,0.13918130035146448,0.16497263215811933
2011-07-07,0.2396989497684529,train,0.14760440137549402,0.13357980510474002,0.13243121414281234,0.1588169455957327
2011-07-08,0.2384231312419952,train,0.14698266803775534,0.12928470410426815,0.1268452527102603,0.15544832904535116
2011-07-11,0.3313434423480182,train,0.16551955407583144,0.13917897791473227,0.14268204695309156,0.17032171564896428
2011-07-12,0.3682123901752994,train,0.1539469098646517,0.1307366451267995,0.12854936336824668,0.1601617312523912
2011-07-13,0.4014498131497953,train,0.1541585849045725,0.12838501947105774,0.12601810129673122,0.16057031400436203
2011-07-14,0.4299372085088969,train,0.15688716378198658,0.13017973235787475,0.12837066250611529,0.1628742398691823
2011-07-15,0.4301062182778516,train,0.1556709856203562,0.1307520174643618,0.12822870056236915,0.16470926890389953
2011-07-18,0.4355043590365506,train,0.15665236617741565,0.12899344634553006,0.12715345279348217,0.16436138879190448
2011-07-19,0.4328099171919136,train,0.15643120338002975,0.12943962613854013,0.12772073457487063,0.16310325040273962
2011-07-20,0.4328111354724347,train,0.1555273462238818,0.13851863678375811,0.138067011807474,0.1664393594890543
2011-07-21,0.457615225023455,train,0.15820827789517194,0.13537317730149176,0.13327175429462357,0.1732525246771737
2011-07-22,0.4613264010138074,train,0.15478405354777092,0.1378390968813088,0.13793048873516994,0.16763337889573765
2011-07-25,0.4609083840632191,train,0.1543871230823243,0.13167607982254315,0.1311198373045707,0.15992376460906957
2011-07-26,0.4748378971706878,train,0.15189092572238178,0.13209799732669628,0.13077870002343753,0.15829609736009023
2011-07-27,0.4717449050040973,train,0.17907684610066993,0.15920959378341895,0.16890443277320616,0.19722806933618944
2011-07-28,0.4747732347564737,train,0.15812913923472396,0.1295735038518671,0.12802951890116324,0.1617989421814742
2011-07-29,0.4769070678084083,train,0.1622242113128674,0.13806088953224865,0.13781980881259023,0.1730077972872703
2011-08-01,0.4871598558883316,train,0.16437109737445085,0.1335764303092864,0.13326550308997848,0.17274208039981553
2011-08-02,0.4785117174805602,train,0.17699936992642817,0.15445867564347915,0.16190899760248878,0.1885564383764844
2011-08-03,0.4783853717259916,train,0.16978586816154473,0.13474855550999273,0.13303788784465312,0.17122136742846558
2011-08-04,0.4486090365979007,train,0.21431994006815233,0.3015210867625364,0.3814366334538634,0.2992410223058626
2011-08-05,0.4578882968206224,train,0.26514544660287365,0.22103607703126324,0.22902356827388926,0.2531669160466449
2011-08-08,0.3914079023021124,train,0.2893619883138037,0.4526512238198284,0.494573271408903,0.3623842051892436
2011-08-09,0.3700304623052842,train,0.4428214484275446,0.18953020402224258,0.1959526428073317,0.24701350724515472
2011-08-10,0.3355222800244974,train,0.4849974429267642,0.18753293006643865,0.18673884679459146,0.25706560221127117
2011-08-11,0.3117282858743665,train,0.5301185436480224,0.19206660623819832,0.2084363261523447,0.3141560212225094
2011-08-12,0.3116586066164085,train,0.4919472346316122,0.3777006675255465,0.3871851178495105,0.39184395776033143
2011-08-15,0.3043916709643159,train,0.4482095351734121,0.4321264244468573,0.4353726860516876,0.3677691527994197
2011-08-16,0.3067729051051522,train,0.35507715488530417,0.373644577016368,0.371084903029975,0.26620885097977426
2011-08-17,0.3127178558501692,train,0.2711835807420137,0.3746763054738682,0.34647537281340035,0.22165121126577722
2011-08-18,0.2715785426666975,train,0.28842001271876316,0.22347609871893775,0.2314325627552325,0.1660526531637909
2011-08-19,0.2675872922032794,train,0.29495801323778925,0.2544522536288268,0.2574298630972559,0.19569906583134777
2011-08-22,0.2676041873348447,train,0.266011545877674,0.2846212588659032,0.27814974606748993,0.20941538551610975
2011-08-23,0.2639425260814037,train,0.20804245599791268,0.17663912377887753,0.1743630969858459,0.12430808909126437
2011-08-24,0.2842614297584201,train,0.21945443015785968,0.3032744378235534,0.2668379061231693,0.15702866390033166
2011-08-25,0.2797960787726557,train,0.17301164280407189,0.19673831455475635,0.18559584961652048,0.11492075529430679
2011-08-26,0.2874406001795649,train,0.16719155113789397,0.16768424495244014,0.16332853519587415,0.10266200708706755
2011-08-29,0.2721531233026871,train,0.17358036000621396,0.2508693191719092,0.21619674026032507,0.11470624224931603
2011-08-30,0.281638282281877,train,0.18553104413687233,0.3220635896105579,0.2520403962156532,0.11885469968800351
2011-08-31,0.2825689644277037,train,0.19967840715028537,0.32635802392771307,0.25569991133189734,0.1344820740862738
2011-09-01,0.2941386198557283,train,0.18401475651168164,0.3730318802603989,0.276425606006873,0.1288047222127461
2011-09-02,0.2976243436965732,train,0.14579772214216374,0.2134167762151532,0.21895790432210804,0.11427034538669681
2011-09-06,0.3063171408618723,train,0.17364656552905383,0.25383606960229455,0.24424725389037857,0.12285536825130529
2011-09-07,0.2971877750370118,train,0.17091780609618615,0.2840366922405196,0.2602222229863086,0.1280703336705365
2011-09-08,0.3016556783957522,train,0.16229765602768628,0.2858247707782125,0.25597382683643277,0.12985455715942912
2011-09-09,0.287536308684789,train,0.12741392226485004,0.18756785947478186,0.20747840641908918,0.12599928281489634
2011-09-12,0.3095001758421349,train,0.16130509765487738,0.2096051345232772,0.21122456356702526,0.1130353944322746
2011-09-13,0.3078194439667563,train,0.16702055939792917,0.2550867524606232,0.2386297468489291,0.12251527850286013
2011-09-14,0.3055028506751505,train,0.16254891308894354,0.22486758859909975,0.2302224423276492,0.12683591545189993
2011-09-15,0.2994885632655021,train,0.17731498821586156,0.2596558326208862,0.23855635737240716,0.14290503822389455
2011-09-16,0.3047513352681972,train,0.19780057351853797,0.35118166421631686,0.2669350153055267,0.16091875177474235
2011-09-19,0.310308150459882,train,0.18061421764328436,0.2873676701108448,0.25598821517309156,0.1592371635816651
2011-09-20,0.3177978249711237,train,0.1945393758942823,0.34456897090223726,0.26996091641236286,0.17736439671223359
2011-09-21,0.3025141959041258,train,0.14470394718733384,0.21410386522387442,0.22999972650133912,0.15502265924346353
2011-09-22,0.2795554220229308,train,0.13773207840145243,0.2462504062417363,0.22414279503673265,0.14151795586021326
2011-09-23,0.2866253061523797,train,0.16229967660571665,0.17918471183112322,0.1900684827595704,0.11935533824279056
2011-09-26,0.2776075383234276,train,0.14656754349262127,0.17880733940609592,0.19245822480709918,0.1138110157152113
2011-09-27,0.2834954404323844,train,0.14166192914652617,0.20484330787641652,0.19727842804677034,0.10647402807960965
2011-09-28,0.2762587055242332,train,0.12348848957441527,0.16564655136612694,0.17661401614528532,0.09842918733246205
2011-09-29,0.3005333916428186,train,0.15197922105838335,0.20106159762677808,0.1996940540784608,0.10577953706398506
2011-09-30,0.2867958431134803,train,0.13348621243494907,0.17647318177896396,0.1881116048359856,0.10237255811782578
2011-10-03,0.2815161585577326,train,0.13742042142145072,0.19419973165620177,0.19786743625233297,0.10925952686661736
2011-10-04,0.2887806832061054,train,0.15022620591238964,0.17470946227544937,0.17857474486083294,0.10320792772695497
2011-10-05,0.2871332652643102,train,0.1577356194011323,0.20011522640082285,0.19131356486392248,0.10228051859386533
2011-10-06,0.2872384310641909,train,0.1579038388832521,0.22460236805686082,0.20940240189218934,0.1043999845168129
2011-10-07,0.2870671962949692,train,0.16543761379633565,0.260320189037859,0.2294389361810338,0.11459836711090604
2011-10-10,0.263159938141683,train,0.15582961977767956,0.25192124762094215,0.23015886315345566,0.11109214940581243
2011-10-11,0.2669989796040841,train,0.18995842902101354,0.42007501910321215,0.30033148398721343,0.135826091897054
2011-10-12,0.2968860552674993,train,0.18628864097529443,0.31197230409741117,0.264926658998728,0.15424869473959893
2011-10-13,0.29865839674511,train,0.19264417604215228,0.3482464060813543,0.28473447190039125,0.1595420224502838
2011-10-14,0.2999306798822472,train,0.18021609381578985,0.3026577313780448,0.26626294882888113,0.16380982130046653
2011-10-17,0.2939699864737421,train,0.15331035784663757,0.2227291423945101,0.23533808208409712,0.14540625285844744
2011-10-18,0.2863670213156347,train,0.16440600411761094,0.21505615679224152,0.22934296809209526,0.14778232790099463
2011-10-19,0.2888822307705543,train,0.15705231397191327,0.22374205073073397,0.22620740541545792,0.13613620947421848
2011-10-20,0.2940353295254923,train,0.18287682845993625,0.24824262412246517,0.245188714370257,0.1536448507779795
2011-10-21,0.2863786955426234,train,0.18729686303472273,0.2561899596954682,0.24501668574191318,0.16959412342357605
2011-10-24,0.2911690340543647,train,0.1883138624681812,0.2845554844384371,0.2517378161554705,0.17371005690438038
2011-10-25,0.2830425917135197,train,0.16606636764640872,0.21665345784699452,0.22751790215732798,0.16352931906688897
2011-10-26,0.2917136773659856,train,0.1757391219026273,0.22472680779462592,0.22361683397732596,0.1645637662729707
2011-10-27,0.2652699518601811,train,0.1560454392395712,0.1844196177181634,0.19709092635106193,0.1721782799770801
2011-10-28,0.2839734173661022,train,0.169781556765215,0.2809857034763149,0.20262954082132334,0.1493343625834619
2011-10-31,0.2706291966438673,train,0.1396204571565245,0.14969178775374642,0.16941925954686732,0.14000244525016017
2011-11-01,0.2892407052839498,train,0.13782063737748104,0.15806170883933032,0.16877032504549863,0.13514957477689343
2011-11-02,0.2834934373561831,train,0.14557109618683875,0.1427650860793883,0.1447270975439466,0.11460034341633157
2011-11-03,0.276165362252644,train,0.1368247678431376,0.1422298442245242,0.1425773596072134,0.107200357024563
2011-11-04,0.2779847536851419,train,0.1476102963129271,0.19583427742919074,0.16669878563141907,0.11982968228263373
2011-11-07,0.2771174157964833,train,0.15350455281337566,0.21158268369718092,0.1803807328404888,0.12869116287996002
2011-11-08,0.2737151986414932,train,0.15431547889531896,0.21182530803885494,0.1831067384360054,0.1342065953268764
2011-11-09,0.2516046958300125,train,0.13664780785391115,0.18098469749933901,0.20168355093268503,0.1524887237079601
2011-11-10,0.2564294328801058,train,0.14616625315137416,0.16040849463635845,0.15345634983353199,0.11380488352417076
2011-11-11,0.2531783876609363,train,0.14262927855202245,0.18442769072457432,0.1652932643135802,0.11595350377979224
2011-11-14,0.2531142692134652,train,0.134104810479426,0.16630414977087343,0.16184274127112414,0.11355870152216074
2011-11-15,0.2553450296516936,train,0.14127131952509592,0.19571033607290197,0.1769273145837592,0.11690981589280809
2011-11-16,0.2492746681835267,train,0.1359166257224187,0.17126157546318918,0.16940198562022835,0.11599945223781875
2011-11-17,0.2427345605848395,train,0.13776593736476966,0.15898942080230163,0.16688175086155285,0.11975515382375346
2011-11-18,0.2456882279155384,train,0.1634485422301641,0.23201321851795778,0.2033048468451878,0.13796050553943495
2011-11-21,0.2586944549608255,train,0.14750177984200089,0.18687432427985776,0.19332277319301644,0.13344978383294598
2011-11-22,0.2584067258528321,train,0.1562263582624238,0.22188216205530423,0.21032487972829736,0.139263289241399
2011-11-23,0.2479534438496357,train,0.13770630260504987,0.18078205106906442,0.19510796594643892,0.12986052185734798
2011-11-25,0.2498683212912903,train,0.1695860930816371,0.2337026760739883,0.2223718803184584,0.16412891910950492
2011-11-28,0.2284045120126438,train,0.1371203740520399,0.1978631828839907,0.20545002770203796,0.1262882132551182
2011-11-29,0.2329504707127475,train,0.14676330071518676,0.2297614329856317,0.21389596475354114,0.1329689725233793
2011-11-30,0.1873730462321926,train,0.12990618240816312,0.2016404747653019,0.21183404059669755,0.14625700741889983
2011-12-01,0.1881870494807803,train,0.13408971335225342,0.21803257150630367,0.18588795378527734,0.11539546001509857
2011-12-02,0.1963131838670344,train,0.134409514024142,0.18720969821209973,0.17261989472708186,0.12372678696157664
2011-12-05,0.1925949130578285,train,0.14040160526319212,0.17922688164748565,0.16764847260440285,0.12684989435540084
2011-12-06,0.1928227856051211,train,0.1495876638009239,0.2086592530042503,0.18163554317096267,0.13594894439774924
2011-12-07,0.1925892678206008,train,0.17864171699140122,0.21727588791326155,0.1995834924722683,0.17150944435576407
2011-12-08,0.1759710400297815,train,0.1530622571142118,0.17340325757583802,0.18214111138529507,0.15378003676805718
2011-12-09,0.1683695285200835,train,0.15246013677843132,0.17699971535824688,0.17706973535506915,0.14821310788867983
2011-12-12,0.1600848731334576,train,0.15020169934715016,0.1764671460471665,0.17308514714116108,0.1453591139137777
2011-12-13,0.1568126583225485,train,0.1459918777804732,0.16000779216655792,0.16335325985152024,0.14048536634172235
2011-12-14,0.153250957117517,train,0.14610511375462534,0.16453534108126391,0.16082612574530603,0.1375087257738859
2011-12-15,0.1533206382717101,train,0.15651814008358297,0.2102273613880681,0.18065360655364818,0.1515417874509987
2011-12-16,0.1581271871387468,train,0.1578832974651962,0.1964912388976982,0.17718836863825946,0.15863613916215064
2011-12-19,0.1545867097355487,train,0.1570894125549474,0.1771134766331331,0.1718279364916909,0.16239163640259932
2011-12-20,0.1127097320753191,train,0.15179452281711747,0.16036837017311525,0.1686948565149649,0.15288474536402724
2011-12-21,0.1125161114884081,train,0.15078146704510137,0.17450015309098943,0.16474502691365328,0.14941303237117673
2011-12-22,0.108149221530404,train,0.15357839576053894,0.18978088122402365,0.17221419557162918,0.15468175542643153
2011-12-23,0.1075778283134082,train,0.15382948900042656,0.18348289781034777,0.1705361106386255,0.15730865837639788
2011-12-27,0.1090799417467429,train,0.15313381929626932,0.1784842091243184,0.16821941496308512,0.15635838993640877
2011-12-28,0.09850053938714,train,0.15251430705428878,0.1563821376518311,0.15469261009947124,0.15319882041887134
2011-12-29,0.0922933888024301,train,0.1540983623618933,0.16687096779406688,0.1605256022069593,0.15935516289914367
2011-12-30,0.090630395800105,train,0.15402351028574335,0.16911178156991452,0.1626834658327537,0.1627123482695836
2012-01-03,0.0777019291325429,train,0.15936859970179754,0.15917102386475365,0.157748392598351,0.17965042795772937
2012-01-04,0.0776961151898952,train,0.15500948150240398,0.1638914260906563,0.15854788267862305,0.16692049005027015
2012-01-05,0.0915953682826733,train,0.15730110093019795,0.16017595646243696,0.15657187754185564,0.17367557104210918
2012-01-06,0.0911670882071325,train,0.15536858975035261,0.16362871765892145,0.15848135873797956,0.16984728269986218
2012-01-09,0.0912015778164465,train,0.1541602808756802,0.1682533923203429,0.16373302491421513,0.17085213564643134
2012-01-10,0.0865408182325467,train,0.15228718762275478,0.16833408447606318,0.16464627913250066,0.17347896492887305
2012-01-11,0.0866342542676671,train,0.1506639620247244,0.16800008957932588,0.16538632433861572,0.17687633537488662
2012-01-12,0.0901356532588757,train,0.15068800701333868,0.16241954561313895,0.16017605093917844,0.17692416440862282
2012-01-13,0.0920690659759315,train,0.15427572139715576,0.15657471353296165,0.1555431776616783,0.1800687656457091
2012-01-17,0.0911455522795322,train,0.15290428008931767,0.15378117284920945,0.1523059605275386,0.1705157398071465
2012-01-18,0.0840194894498356,train,0.15400151332928738,0.15076983713165462,0.14866844868009044,0.17112912906378128
2012-01-19,0.0907551930699041,train,0.15107781611741766,0.15488652102809766,0.15353126640314738,0.1648257653127113
2012-01-20,0.0912156327737878,train,0.15315840287660495,0.15219842665622288,0.15404929588107313,0.16433614501362553
2012-01-23,0.091209491322201,train,0.14906121014705975,0.15083343627681606,0.15033493657258976,0.15835357501284772
2012-01-24,0.0918314378872176,train,0.14811269647917302,0.15242335772163373,0.1529834101196186,0.15713935620829317
2012-01-25,0.0883247738435049,train,0.1534370078109761,0.1480270867445088,0.1476691167003172,0.16896965877084796
2012-01-26,0.0867649995487824,train,0.14989811243238096,0.14363218824243607,0.14357978591061205,0.15887769688822792
2012-01-27,0.0869542942596495,train,0.14543032422816674,0.149176815890035,0.1510371657117714,0.15209927629426975
2012-01-30,0.0867180022117832,train,0.14606067613948068,0.14362885542374787,0.14201722723314036,0.1521889399056353
2012-01-31,0.0878204959226726,train,0.1451801777424115,0.14372245630118216,0.142452826503774,0.15105440725662542
2012-02-01,0.0842082672362372,train,0.14455160233338793,0.14373840576020222,0.1432401500282701,0.1509750318019106
2012-02-02,0.0847103265896639,train,0.14282461117914155,0.14767008325212394,0.1508518904424358,0.14775598951037036
2012-02-03,0.070325313704891,train,0.1475930075854748,0.14020205124424825,0.14248962382889646,0.1535259602027461
2012-02-06,0.0876085918828102,train,0.14343475132622777,0.13664706127181073,0.1390040522676632,0.14720662406397927
2012-02-07,0.0905747388989965,train,0.14062301443781985,0.13588409571152438,0.13453935152833815,0.14451242818754859
2012-02-08,0.0965829910691499,train,0.13996656636545182,0.13575862903567545,0.13487751661877437,0.14449032023720088
2012-02-09,0.0974477290642543,train,0.1394680730840225,0.13472782399808053,0.13274810071058998,0.1443882970270226
2012-02-10,0.093834127249847,train,0.14389836244869234,0.13242092963712251,0.13080514799764983,0.15110788363729402
2012-02-13,0.1101883475493564,train,0.14212980781003978,0.13121054529196582,0.12864960370233408,0.14768328903193037
2012-02-14,0.1101654248552046,train,0.141657180506422,0.13272384557705985,0.1295643039578274,0.14835076469767935
2012-02-15,0.1108208318529108,train,0.1466644337035983,0.131452525271929,0.12999288959425312,0.15652567298574563
2012-02-16,0.1038230111667944,train,0.14600123468068918,0.12772292766587665,0.1251503754231619,0.15528628491277943
2012-02-17,0.104324860996023,train,0.14351860592565643,0.1310866772960221,0.13182878515401464,0.15309101292370572
2012-02-21,0.1048252755949583,train,0.14177937735407167,0.1309821729752439,0.13095819551201013,0.1498040877843952
2012-02-22,0.1043645055744651,train,0.14145388527409422,0.13144875741714743,0.1310944377157086,0.1482511532057345
2012-02-23,0.1063359022610463,train,0.14089202213930022,0.13061805969749646,0.13012415141769296,0.14774229495965865
2012-02-24,0.106669301475447,train,0.13911427869570217,0.1359552333455975,0.14107866270609637,0.1448948146646714
2012-02-27,0.1174330465353341,train,0.137874924710861,0.13308698092157054,0.1301276020680113,0.14313863632611631
2012-02-28,0.1174997551372575,train,0.13746764532635597,0.1361155657756156,0.13609172856301588,0.14119691829053602
2012-02-29,0.1179971594690377,train,0.13939773011464346,0.1347003311566734,0.1322602735208972,0.14748855699850671
2012-03-01,0.1167200953446069,train,0.13634718115447164,0.13307893220462547,0.13194746209754202,0.14125371623123298
2012-03-02,0.117140282221859,train,0.13612958400581732,0.1353538252452942,0.13721574805567743,0.14001760723194626
2012-03-05,0.1190763777482177,train,0.13613127589780738,0.13244625954501338,0.13229765413569636,0.1404671446346718
2012-03-06,0.1079605545951654,train,0.15904735052921604,0.13940318362459778,0.15118924895515923,0.17136759264304097
2012-03-07,0.1108897939796504,train,0.14388827236252014,0.12537835836135033,0.12341810706381777,0.15221347465988813
2012-03-08,0.1051884677813095,train,0.1448264103792308,0.12677170275664484,0.125568390803963,0.15290829961496158
2012-03-09,0.1117327168175155,train,0.14290124135983348,0.12835484032025105,0.12763519234868118,0.15095513074120367
2012-03-12,0.1268643460359342,train,0.143343146662464,0.12996976778762176,0.13030416153626354,0.1513708055575898
2012-03-13,0.1135143625685233,train,0.14943559886056956,0.13614389193209278,0.13359331118947312,0.16340685927863807
2012-03-14,0.1224489242579623,train,0.14282317579957066,0.13151884649952503,0.12970838562231787,0.1553893030013361
2012-03-15,0.1279688618859099,train,0.1402466881071543,0.129356717995447,0.12708327494766647,0.1539482543213447
2012-03-16,0.1278958638070096,train,0.13842026226804247,0.12980248245799303,0.12902802157586662,0.1537012707210143
2012-03-19,0.1374537275535663,train,0.13736583461385127,0.12629683737616523,0.12536507276860204,0.14786401881489927
2012-03-20,0.1375936056348609,train,0.1368264459162184,0.12521803081250962,0.12631152862355502,0.1475610564469244
2012-03-21,0.1393590955697419,train,0.13344495451630053,0.12463598667351154,0.1257297373143225,0.14306472303503234
2012-03-22,0.1371037854583656,train,0.13235566416871644,0.1231991003090155,0.1209968546770453,0.13993820728971149
2012-03-23,0.1398739094716998,train,0.13247696369391027,0.12371591769664829,0.12222217658187569,0.13991692682544177
2012-03-26,0.1315234880988482,train,0.1334422602315229,0.12425984418081863,0.12214816979662783,0.14060220453429265
2012-03-27,0.1396659269071756,train,0.13700432198692417,0.12807789479873838,0.12725217927084592,0.14514471149693228
2012-03-28,0.1407225153478476,train,0.13532598134426854,0.12627170250226025,0.12330891117922635,0.14300290315761852
2012-03-29,0.1407119810031225,train,0.1348774004555173,0.12520762695870463,0.1221188002519912,0.14399207052916793
2012-03-30,0.1405656161790849,train,0.1347453509162374,0.12440710363280733,0.12288895987914025,0.1442104600739804
2012-04-02,0.1399067699070004,train,0.1340898139742348,0.12349974638673637,0.12083686204274315,0.1437420417286775
2012-04-03,0.1395430063485917,train,0.13301767116353008,0.12376451755617983,0.12227710407241116,0.14411973910029
2012-04-04,0.1377219290609364,train,0.13583531727285605,0.12386919538744605,0.12195149261574019,0.14458000813843147
2012-04-05,0.1493580519000253,train,0.13427406451512247,0.12317333174221713,0.12208122990004813,0.14401586163133856
2012-04-09,0.143900208148086,train,0.1486185433369318,0.13267171046590973,0.1334265880961975,0.15683941773813806
2012-04-10,0.1315309367319254,train,0.16636992865532937,0.1563630596530104,0.15950387918565473,0.18517582379257866
2012-04-11,0.1301058104912208,train,0.15091158262657828,0.12933871053958879,0.1271642308007747,0.1604485850182111
2012-04-12,0.1218932624911933,train,0.15405013011365473,0.13336614605803226,0.13100065714326195,0.16101834431006457
2012-04-13,0.1147638459196156,train,0.1628492800908925,0.14260376415851495,0.14153834948850658,0.17005850415024232
2012-04-16,0.1213435667752795,train,0.15604729637137496,0.13588820963676468,0.13394085263780633,0.16896886260480795
2012-04-17,0.111413005517953,train,0.15465891647158356,0.1328618121094474,0.13044422515526427,0.1644412988481469
2012-04-18,0.1115932228731683,train,0.15465504332308344,0.1356471597311272,0.1343708814244442,0.16840433918348474
2012-04-19,0.121410805154271,train,0.15247387783276561,0.13235557441725526,0.1290767286771701,0.1644239947964029
2012-04-20,0.1250455251549679,train,0.152664870209158,0.13365003924955404,0.1329472585920603,0.16745387771683545
2012-04-23,0.1356361605710367,train,0.15202695442485473,0.12874195034506675,0.12643270635711826,0.16025972108597117
2012-04-24,0.1351073040358261,train,0.15243407648732127,0.13222783143596936,0.1324855137203289,0.16573496066173227
2012-04-25,0.1262036073259274,train,0.14805990924331267,0.12913254470041494,0.12704467759255422,0.15915458202050703
2012-04-26,0.1239690050079738,train,0.14706099345371182,0.129075773522018,0.12755860508052716,0.1582452812593836
2012-04-27,0.1243685166343057,train,0.14507793177881256,0.13044453070237433,0.13009493546634315,0.15765114368470268
2012-04-30,0.1308447988393771,train,0.1440877291609801,0.1282868661579293,0.12771180952604394,0.154222695230734
2012-05-01,0.1390248055271798,train,0.14305392881243478,0.12757945515589714,0.12548801603734797,0.1529020759667156
2012-05-02,0.1388494527737958,train,0.14175468445864095,0.12917735722574744,0.12986211736964967,0.15211880182780527
2012-05-03,0.1634827480801513,train,0.14114199331382754,0.12672532614473295,0.12455880474045218,0.15003040591845454
2012-05-04,0.1529238948913058,train,0.15828259329075006,0.13642658646921468,0.13961463854335573,0.16905095839587597
2012-05-07,0.1552294494912051,train,0.1491096754756135,0.12680333201761823,0.12520693443022984,0.1600022079039137
2012-05-08,0.1735313082648731,train,0.14967489172287024,0.12891490818366996,0.12615547022436008,0.16071095009013636
2012-05-09,0.1722548875535482,train,0.152043215249048,0.1277453726520394,0.12553909313289266,0.16190400148588252
2012-05-10,0.1743809808879894,train,0.1507673434741943,0.12939817306821363,0.12836223059957175,0.16410068094490596
2012-05-11,0.1798307164700292,train,0.14953489632012182,0.12791062065135858,0.12659955473556972,0.16047649793127522
2012-05-14,0.180038330632251,train,0.15375323531410395,0.126896735061054,0.12592567379099281,0.16124284927734675
2012-05-15,0.1803180268839269,train,0.15205626912272044,0.1259305636214684,0.12337050888057186,0.15975653944602827
2012-05-16,0.1836566909159567,train,0.15348044251206525,0.12556372630500473,0.123205607062495,0.16103095013741447
2012-05-17,0.1795118427076901,train,0.17029701370039904,0.13981359439725044,0.14486247796261892,0.18045109573884607
2012-05-18,0.1770334797963005,train,0.16271454963520732,0.13162532312057207,0.1307361486122682,0.17380471941613876
2012-05-21,0.1698504075929854,train,0.1673352355382073,0.13049892148408593,0.13098757145044498,0.1771148853423038
2012-05-22,0.1698355901591714,train,0.16283187386700787,0.13313638780419007,0.13143386744811997,0.16855633032524522
2012-05-23,0.1879629848788412,train,0.16194086469073973,0.13068184584424727,0.12886824225528187,0.1657422016300638
2012-05-24,0.1897974343744475,train,0.1619950181726579,0.13788180062990996,0.1353390305963418,0.16991180510653847
2012-05-25,0.1979451516683147,train,0.16165832451748272,0.1438154914259223,0.14165735196015103,0.17258889492262097
2012-05-29,0.1940942514868853,train,0.15759884072341274,0.13190847232778447,0.1299614540663103,0.15999868843273457
2012-05-30,0.1897389808929645,train,0.1647602926411267,0.13356952436639452,0.13747228717983975,0.16435377432909717
2012-05-31,0.1898531367794095,train,0.1574398376082061,0.13029130588948903,0.1285901986469813,0.15765235391361349
2012-06-01,0.1884477504670004,train,0.18306313464747143,0.18026182231752047,0.1970792728074065,0.20328467692984362
2012-06-04,0.1887354454510118,train,0.1612579543547841,0.1365132741715149,0.13566416455603325,0.15914806859176867
2012-06-05,0.1882824611699393,train,0.16020997613087118,0.14139094662278023,0.1396304746684126,0.15991341613442706
2012-06-06,0.1717239404543942,train,0.15697969631284306,0.13798353029199997,0.13829828468059005,0.15408862473404503
2012-06-07,0.1750241780137389,train,0.15889708246305884,0.1487961778022868,0.14593272715019728,0.16457098877293785
2012-06-08,0.1728086268716394,train,0.159541007973792,0.1456901556143124,0.14222035209746528,0.16200684586217465
2012-06-11,0.1696587702383062,train,0.16601394093443725,0.146784300516677,0.15160402979950113,0.16877745628698884
2012-06-12,0.1647747448846561,train,0.16048059905348416,0.14361409860955937,0.14075407682093388,0.16377660654077336
2012-06-13,0.1641019666029751,train,0.15878498917669412,0.13867675888737732,0.13605544890790097,0.160367179092711
2012-06-14,0.1703433051853641,train,0.1602968242426819,0.1361120598279463,0.13386267472075114,0.166973359597308
2012-06-15,0.1666792746810736,train,0.1609378209649212,0.14236968407183684,0.13839070460957917,0.16712598305554502
2012-06-18,0.1682997532730738,train,0.15958175492988208,0.14087849703019173,0.13791995316080874,0.16628755702432405
2012-06-19,0.1668634760408904,train,0.15847663652270055,0.14084063067980582,0.1376204182162664,0.16556510589149767
2012-06-20,0.1670226635118593,train,0.1606489385327789,0.1419607859529685,0.13880714033369418,0.17876051954045905
2012-06-21,0.1499047118766747,train,0.19195782941396589,0.15567546016979117,0.1717119532704473,0.1996498728720666
2012-06-22,0.1517608241948821,train,0.16384335267321073,0.14389163865124655,0.1424876072869436,0.17906265181854555
2012-06-25,0.1438200558643018,train,0.1650029666845591,0.13771356819577352,0.13848869028063174,0.169265327596943
2012-06-26,0.1427180534660951,train,0.1610439880482813,0.13808386397188804,0.13657662222831968,0.16713215622258948
2012-06-27,0.1507371193252357,train,0.16010832117054144,0.1397398322869036,0.13845553892103135,0.16665467774509715
2012-06-28,0.1637191651086812,train,0.15636168208861584,0.13662571195835424,0.13410372140727483,0.1602259054653673
2012-06-29,0.1383587821020874,train,0.16546118379321084,0.14191780805185603,0.14272473297392776,0.18289201873148767
2012-07-02,0.1401875861233735,train,0.15810383866595623,0.1432342561998004,0.14104267800271972,0.1703064791468498
2012-07-03,0.1382597530887505,train,0.15786035626808856,0.14282101026162597,0.142351298838371,0.16978973680986226
2012-07-05,0.1395035386566737,train,0.15494449280177794,0.13566825478104205,0.13413602188158275,0.1617280258340341
2012-07-06,0.1522109379361812,train,0.1536525247932544,0.1353069940575989,0.1334719220163887,0.16182379901258998
2012-07-09,0.1523019478193394,train,0.1541162580780576,0.13902344768088717,0.14003320301560526,0.1631881091358989
2012-07-10,0.1501484864397797,train,0.1531506232505263,0.13147993371756125,0.12974476015696082,0.15912874532685634
2012-07-11,0.150209019164785,train,0.15107068890107267,0.13470479041621486,0.1336328978191818,0.15829309717194537
2012-07-12,0.1492471813495089,train,0.15003944788379026,0.13178458447329466,0.13000335779880606,0.15527689071949236
2012-07-13,0.1371861886591139,train,0.15123762487340128,0.13058889985307023,0.12918624020797737,0.15534135977189967
2012-07-16,0.1369414746009261,train,0.14938267389341947,0.13794619723213083,0.13929119237137164,0.1568930057438035
2012-07-17,0.1347707894438493,train,0.14817352432313527,0.13341200778916523,0.131726656014647,0.15451855085306862
2012-07-18,0.1322619096487697,train,0.1464062388918333,0.13350453518305316,0.13278848664032578,0.15234637956229813
2012-07-19,0.1344907960867132,train,0.14543479743305035,0.13553153169615095,0.13541551105116356,0.15482202448294102
2012-07-20,0.1305602559650772,train,0.1440298086149119,0.13219655396985242,0.13113310652717441,0.15233240047766378
2012-07-23,0.1254771859561102,train,0.1547223044303568,0.1327462320077024,0.13467756757772328,0.16030364004499892
2012-07-24,0.1221268274983026,train,0.1547751757807678,0.13246626500016434,0.13214731548671999,0.16120289710713878
2012-07-25,0.1221325668606309,train,0.15203134655049336,0.12898936618568455,0.12746033476302715,0.15934576495537459
2012-07-26,0.1112898184439837,train,0.1512944646111619,0.1297563422204218,0.1274730692850999,0.15838147035783612
2012-07-27,0.0930088529565796,train,0.1560627684773119,0.13464422989367414,0.13159413181070986,0.17459022255793333
2012-07-30,0.0930117931849527,train,0.15289664684187573,0.13399384837896106,0.1336800588943682,0.16679531895572963
2012-07-31,0.0896818364509219,train,0.15129016407937185,0.13002972899859705,0.1286453180010048,0.16050482483642164
2012-08-01,0.0896708790528948,train,0.14900985008884865,0.12992137944662865,0.12811955295228822,0.15892895108306618
2012-08-02,0.0899754060322942,train,0.15020972417060346,0.12974781460033974,0.12649810023423833,0.16256124231387176
2012-08-03,0.0593706470313765,train,0.15127601142017932,0.12635186060570555,0.12404175529724322,0.15987984999847074
2012-08-06,0.059059317762536,train,0.15144628167410676,0.13680651284604753,0.13932147496068573,0.16852580069554163
2012-08-07,0.0564087355148864,train,0.14590981411830267,0.13172452273065569,0.1318238286308886,0.15713029808352288
2012-08-08,0.0908310343264937,train,0.14409860708609373,0.13127672812799418,0.1322428145718266,0.15398288355641387
2012-08-09,0.0918232853249335,train,0.1414923036579598,0.13308179949106902,0.13632365981379302,0.15067901916913715
2012-08-10,0.0938448005058926,train,0.1405309332761046,0.1364887329236779,0.14238435105672861,0.14717683523089428
2012-08-13,0.0943469187410353,train,0.13623185291245574,0.13613948198725673,0.14134868258053443,0.1404166618496375
2012-08-14,0.095083291029727,train,0.13452523844118608,0.1352242354346396,0.13663906542174728,0.13927873569597107
2012-08-15,0.109112672591313,train,0.13650353395323314,0.14091515668904633,0.146754387046188,0.13689801356725095
2012-08-16,0.1071043885921336,train,0.13405992671127398,0.1388005652481562,0.1363197231936349,0.13685146305923512
2012-08-17,0.1076783421686664,train,0.13187902757307182,0.13856221514155215,0.14272758607907252,0.1336179367693648
2012-08-20,0.1077171582168122,train,0.13041570697184543,0.13718280875210173,0.14024620543591926,0.13095074617725683
2012-08-21,0.1071967003267869,train,0.13199889102510773,0.13317196464806455,0.13369784428550266,0.1359456299996906
2012-08-22,0.1071864222376343,train,0.13010967095931836,0.13336629722378462,0.13087790607488517,0.13324517279478998
2012-08-23,0.1031915109579019,train,0.13126253095525678,0.1287533122401275,0.12762945970009124,0.13573262349380538
2012-08-24,0.1011261240297523,train,0.13023380726381192,0.1283642642146209,0.12602425969290598,0.13387783897183528
2012-08-27,0.1079770411434916,train,0.1310463896129777,0.1288514891588679,0.12997771045999898,0.13515473904737638
2012-08-28,0.1097366644490411,train,0.1303478527517491,0.13023710016961987,0.12978076683987716,0.13265536991490068
2012-08-29,0.1146055865208365,train,0.1307089063514356,0.1316701266055283,0.13106538273086205,0.13245418227231726
2012-08-30,0.1129007779369427,train,0.13120118965626593,0.13086248680090828,0.1276780927841028,0.13402431098370882
2012-08-31,0.1120118201002538,train,0.13384650846437457,0.13311959574765564,0.1295108915420392,0.14277982407554649
2012-09-04,0.1120288496036854,train,0.1310520692133954,0.1281105466414878,0.12494610118141146,0.13595362430291721
2012-09-05,0.1129183409131662,train,0.13078367618958933,0.1289547740829443,0.12865790925127976,0.13469255218675524
2012-09-06,0.0911059145601318,train,0.14817567111792018,0.13633957264191776,0.1416410685342978,0.16313330992740246
2012-09-07,0.0900554866941142,train,0.13544464247374507,0.12514707508024736,0.12448891893545715,0.14604264761788008
2012-09-10,0.0885878822492312,train,0.14635682190770544,0.1323210740390622,0.13283813136577863,0.15261987895949058
2012-09-11,0.094856690216088,train,0.13586150610248338,0.1250437885415893,0.12395087049425257,0.14499420359260887
2012-09-12,0.0968202769277609,train,0.13433285302196848,0.12548042690422004,0.12444578101591561,0.1433127205488991
2012-09-13,0.0806045397876955,train,0.14661392312537508,0.14050503404949324,0.13609911370504493,0.17427896220542072
2012-09-14,0.0799143362170403,train,0.13520660413141042,0.12540965408783242,0.1226561763415742,0.15327369545176214
2012-09-17,0.0843040495286578,train,0.13417353170377738,0.12125442661048326,0.12191422452158301,0.15054442470427326
2012-09-18,0.0915394665124768,train,0.13241477583174274,0.12112501883361472,0.12290077705843362,0.14785819790218538
2012-09-19,0.0929176576084427,train,0.12840239387054775,0.12044867833722533,0.12066995463590427,0.14211781815524807
2012-09-20,0.0933756561035649,train,0.12877090937016222,0.1212026850179436,0.12239096023668916,0.1409959020764558
2012-09-21,0.1107967941655343,train,0.12780324563128442,0.12219203293584867,0.12802608273973184,0.13514238809046247
2012-09-24,0.1106623827574988,train,0.1264545238098994,0.12463110754816892,0.12730344549631423,0.1305589642673169
2012-09-25,0.1152104992033548,train,0.13611133951296286,0.1257772690176021,0.13070396229035527,0.14704079829002875
2012-09-26,0.1139259011075359,train,0.1313117377600432,0.1214944605017962,0.11958169437310834,0.14264487218864894
2012-09-27,0.109477705962751,train,0.13291186801654453,0.1205584322645938,0.1183115904402512,0.1439373069914897
2012-09-28,0.1082486360860324,train,0.1325315655563412,0.122088297217689,0.11935809573594604,0.14466199079124187
2012-10-01,0.1078540469851792,train,0.13266014111804858,0.12079892795012248,0.11817476172393106,0.1442299242924526
2012-10-02,0.1139523909262234,train,0.13306423740790044,0.12064708471881005,0.12008724513887063,0.14572594776650277
2012-10-03,0.1173929351123355,train,0.1309928236738036,0.1207825645228837,0.12002806835065939,0.14273063726360605
2012-10-04,0.1148774538779196,train,0.1290628645171783,0.12189680917607064,0.12184571509642356,0.14155605852085265
2012-10-05,0.1181705794868747,train,0.12705789787563765,0.12133469015488292,0.1219624407471831,0.13903796780078745
2012-10-08,0.1429668178149485,train,0.128116930554991,0.12083607572300017,0.12263275548198184,0.13826346978723103
2012-10-09,0.1450370346340473,train,0.13366626217801586,0.12586605889554073,0.12482406410037948,0.1455481282757445
2012-10-10,0.1432799347799191,train,0.12982898555007735,0.11956466062678701,0.1168433740699552,0.13984349770297375
2012-10-11,0.1432915864710155,train,0.12864357223478157,0.12037169104780564,0.11920647342074588,0.13926535464531384
2012-10-12,0.1433380126649275,train,0.1293039866718759,0.1209017332295379,0.11924096550404167,0.13916512262433786
2012-10-15,0.1483469398225997,train,0.12991659405312134,0.1207978430587332,0.11891213260770568,0.13920324468732215
2012-10-16,0.1440909551724244,train,0.12878323159899815,0.12109879544096455,0.1198597540091789,0.1382682811297086
2012-10-17,0.1442564038283549,train,0.12779549802804052,0.12198021087407,0.12025135527541245,0.13877867867602012
2012-10-18,0.1605712397268144,train,0.12713882467258578,0.12175823202032754,0.11917021696571944,0.13929536635315318
2012-10-19,0.1490851233547644,train,0.1638898536203131,0.15185389561523727,0.15478679581836785,0.1787632357400616
2012-10-22,0.1492314350135564,train,0.13766761533582234,0.12396901831427382,0.12214398141208514,0.14855402300694195
2012-10-23,0.1487178552125559,train,0.15061985157287897,0.13918276213773964,0.13770059900522244,0.1595075384551942
2012-10-24,0.1485691318298857,train,0.14762753389691124,0.12835189975320002,0.12698057327248327,0.16154320965582186
2012-10-25,0.149320578711974,train,0.14505914476697196,0.12723741459482713,0.12503675091457567,0.15512430116890283
2012-10-26,0.1519969623984238,train,0.14449366491108404,0.12604789962758084,0.12459536513030409,0.15670754146472043
2012-10-31,0.1528924373328241,train,0.14496883185169693,0.1267494682107987,0.1257426593014341,0.1581292033705758
2012-11-01,0.1483566617353885,train,0.14293527006909507,0.1254064934698941,0.12366525058276755,0.15349567421194166
2012-11-02,0.1459998517099818,train,0.14572817960138645,0.12846388581548265,0.12617898928604146,0.15501257558903453
2012-11-05,0.1459071805995324,train,0.1450696536499492,0.12655654359660384,0.1255008690520318,0.15653688706271426
2012-11-06,0.1433900069470963,train,0.14265242422559626,0.12604254934300413,0.1240072006224478,0.15227375711766974
2012-11-07,0.1186723910096464,train,0.18226151576908114,0.16561175309165824,0.17100858762745663,0.2155986300897366
2012-11-08,0.1111631647661985,train,0.15520291578336798,0.13077187005282484,0.1285630798829034,0.16373470840072482
2012-11-09,0.111129758030541,train,0.1529945065724804,0.12960004017551865,0.12674731478466622,0.164125564279767
2012-11-12,0.1136621460192162,train,0.15815673969257762,0.13704109709168918,0.1363341177731955,0.1771348647027061
2012-11-13,0.1130173224738926,train,0.15442094431800524,0.13404620291013591,0.13231566334026154,0.16578448287847308
2012-11-14,0.1045081979402398,train,0.15815935081625257,0.1386571050972313,0.13664653919729125,0.16644576593343025
2012-11-15,0.1051529779858921,train,0.15650649911820597,0.13491830626569298,0.1343641838496117,0.1696306458985985
2012-11-16,0.1116289600450493,train,0.15265330796155283,0.13307682263801376,0.12948526985531492,0.1693586136117655
2012-11-19,0.0945818926632989,train,0.15548587204528444,0.1296767261139798,0.12779080412440227,0.1645812736507536
2012-11-20,0.0982040365178818,train,0.15331273734066692,0.13784258790585555,0.13781030357977508,0.1717317849342223
2012-11-21,0.1000735951392765,train,0.15167696458555024,0.13957265799823043,0.14230223783090798,0.17167489189865573
2012-11-23,0.09356968902859,train,0.14841791251201006,0.13419175404695388,0.13511790510767277,0.16065685780278458
2012-11-26,0.0939067389126311,train,0.14376465197996235,0.13353831658095774,0.13311288520428666,0.15382671975764275
2012-11-27,0.093344568268422,train,0.1419015923932409,0.13169968801360646,0.12984238656136635,0.15278462709614848
2012-11-28,0.0890226538064258,train,0.14297721651433076,0.13047212128207772,0.12630498944095267,0.15627357513765866
2012-11-29,0.095619070024407,train,0.14058824032501543,0.12927624050389794,0.12772987800463073,0.15472219956663502
2012-11-30,0.1127890239592725,train,0.13804478707602102,0.12736547934157588,0.12668651953561205,0.15116504921114196
2012-12-03,0.1431070473574394,train,0.13772356679029532,0.12380255224559909,0.12154279041783408,0.14753396615763792
2012-12-04,0.1432385962392714,train,0.1372863557971314,0.1243587413918365,0.12252433679911223,0.14708610833584645
2012-12-05,0.1439331590890873,train,0.1369762787357729,0.12509416324336442,0.12218752553937895,0.14699037185500213
2012-12-06,0.1437596564106291,train,0.1377095858187914,0.12997630119692544,0.1340088111617796,0.14596832577298233
2012-12-07,0.1437132528919656,train,0.13355582429991125,0.12987089833112125,0.13217831731897375,0.1402958940176575
2012-12-10,0.1439889161782047,train,0.13282733097416688,0.13277033900905763,0.13749154688590173,0.13664990877750416
2012-12-11,0.1447279043898151,train,0.13300695085916658,0.13231551470406128,0.13084834943131324,0.14112144530061482
2012-12-12,0.1447177362992845,train,0.1304430286283247,0.1292578658387179,0.1288421247325121,0.13766675533646397
2012-12-13,0.1430814060794716,train,0.13062064518024405,0.12492885290929866,0.12418960906993753,0.13808761349223142
2012-12-14,0.1425020235015263,train,0.12915323657775923,0.1239387352013216,0.12195175586595715,0.1363496848834416
2012-12-17,0.136372707607581,train,0.13118642420258525,0.12329357298684976,0.1205165728645147,0.14009782306706947
2012-12-18,0.1325772668291359,train,0.13457503514667565,0.12589024592979683,0.12336753658577077,0.14979966044714538
2012-12-19,0.1301482878986499,train,0.14092644110813446,0.12630486628103857,0.12647246127600598,0.15366149768729206
2012-12-20,0.1299560882862719,train,0.1325538705838062,0.12005623912539917,0.11650800544387241,0.146550303370318
2012-12-21,0.1259889070683335,train,0.14124431766732987,0.1278099591033583,0.12466555378448298,0.16066092040575378
2012-12-24,0.1255151860061032,train,0.14361080105291849,0.12671492048823113,0.12887716341116628,0.1645822703835368
2012-12-26,0.1261957378939054,train,0.13845625614873794,0.12413078257995051,0.12119048791794725,0.1494675670809804
2012-12-27,0.126179109949411,train,0.13992639547128094,0.12523571126450364,0.1207483104327988,0.15477855117045466
2012-12-28,0.1209304654042183,train,0.15600343435881306,0.13440815653766827,0.13611887359847,0.1689170853251595
2012-12-31,0.1060144452838942,train,0.16505257424662811,0.1480589113611856,0.1481540957524351,0.1980130529635486
2013-01-02,0.0569752891631761,train,0.16161545480149264,0.13616926240610466,0.13413108507859395,0.1789295082109649
2013-01-03,0.0671059239424833,train,0.15462416062983728,0.13362294851488468,0.13146458612130935,0.1751559019970588
2013-01-04,0.076706346231595,train,0.15339679243268003,0.13245152533617657,0.13050039190758786,0.17141029569734928
2013-01-07,0.0840801318257274,train,0.15099271293658845,0.1356317733765529,0.13500542677938418,0.1734768476911277
2013-01-08,0.083495907367972,train,0.14659497912727934,0.13440041575739278,0.13474310160262482,0.16957929808999986
2013-01-09,0.0831400997695119,train,0.149433313027731,0.13455587499396746,0.1442357890151677,0.17368067690088526
2013-01-10,0.0806869600936057,train,0.13703934353526398,0.12538951076870664,0.12597790388932711,0.1539241128046987
2013-01-11,0.0806896374765693,train,0.1340337112282435,0.12473077729731227,0.12832832890499812,0.14784348803035524
2013-01-14,0.0808646004387001,train,0.13185151291506975,0.12431318801263928,0.12734120109222916,0.14166362005758343
2013-01-15,0.0808863841425633,train,0.12998992112866814,0.12528667426998577,0.1262792518664365,0.13694295936241913
2013-01-16,0.0809497932063382,train,0.1280197758121066,0.12766739377911251,0.1309757262769817,0.1339355049921753
2013-01-17,0.0777687058604405,train,0.12798138864245615,0.12800876011791337,0.1261062876449478,0.1352097861683682
2013-01-18,0.0817803464742474,train,0.1307705954072553,0.12916540907083737,0.12774153009712588,0.14549086980603831
2013-01-22,0.091133001913893,train,0.12455476039770816,0.12142380271266866,0.1209283112397112,0.1320109643225907
2013-01-23,0.0934945346717386,train,0.12353385861490628,0.12247795157552699,0.12456330954840193,0.12974590845316186
2013-01-24,0.0996597334492855,train,0.1241800347677611,0.1228652929507904,0.12151872483200522,0.13458606308200427
2013-01-25,0.1191045374952669,train,0.12200322019437727,0.12062528875891282,0.11905791852339853,0.13133528598832306
2013-01-28,0.1214671639385644,train,0.12108337159161715,0.11788203805235087,0.11711840629662984,0.12976926341136583
2013-01-29,0.1285890879437017,train,0.12090096862088327,0.11866183395139153,0.11911779321080117,0.12783780374285825
2013-01-30,0.1280248378272312,train,0.12121763977515077,0.11876486913123434,0.1182738542269127,0.13244128855782855
2013-01-31,0.1282579153646804,train,0.1187949223555262,0.1161798197688798,0.11907839451878766,0.12702767572975587
2013-02-01,0.1244415372941376,train,0.11937199401620244,0.11704845129205751,0.11641820923232035,0.13156175876723392
2013-02-04,0.1219363537363766,train,0.13236018491618498,0.12688938221442997,0.12723566869027517,0.14755125563558144
2013-02-05,0.1166687062152084,train,0.12191550613346315,0.11587900468554883,0.11370566846820872,0.1334040351905614
2013-02-06,0.1168119691270908,train,0.12055982851197582,0.11651430047044077,0.1145460437539285,0.13328707756546088
2013-02-07,0.1177025445559123,train,0.12070499228812163,0.11802830402660747,0.11470911642919297,0.13342655920342394
2013-02-08,0.1168193047833011,train,0.1213100508761823,0.11443022197156087,0.11505840767691859,0.13421029582619123
2013-02-11,0.1170889671246756,train,0.12310251775911876,0.1143650200725878,0.11928526450180985,0.13593647028450742
2013-02-12,0.1170555640216971,train,0.12174646000283723,0.1140234944697425,0.11975473006188114,0.12952556220504866
2013-02-13,0.1185060027008073,train,0.1165611349392503,0.11391967541097645,0.11492039513362398,0.121731187209988
2013-02-14,0.1185547658089875,train,0.11641433573267437,0.11512348649566977,0.11576820935219077,0.11946303579159875
2013-02-15,0.1200978669015944,train,0.12498113453203233,0.12558852373813556,0.122862992419377,0.13953144767072873
2013-02-19,0.1174270279160231,train,0.115324532749181,0.11330166989330934,0.11303811574372398,0.12092207557484828
2013-02-20,0.1114352468977526,train,0.14660237704130374,0.14102801904472628,0.147010766968233,0.16667542877780722
2013-02-21,0.1134819615546307,train,0.12108706005994951,0.11952206737480171,0.11619131903343725,0.13259468886732703
2013-02-22,0.1117786843103759,train,0.1259151243409352,0.11764027410586259,0.11550421997235084,0.13883908453372723
2013-02-25,0.0898075789735934,train,0.2035431225374378,0.2021374749667954,0.20600184702250113,0.24885999626774888
2013-02-26,0.090991364398095,train,0.14362291003217434,0.12383099567343751,0.12248166827992066,0.1506155924245616
2013-02-27,0.0794011499919192,train,0.14554250024537335,0.12461834766472543,0.1224682633273732,0.15418844933669998
2013-02-28,0.0798370890533136,train,0.14614422293180748,0.1282232736243734,0.12694033126469165,0.1609796116205107
2013-03-01,0.0802217811830093,train,0.14309203256622582,0.12447775843893012,0.12238690254358428,0.15621685237275193
2013-03-04,0.079908249326633,train,0.14501865767547248,0.1277070450602396,0.1286045716925211,0.16896125081521746
2013-03-05,0.0818019153668434,train,0.13820787734084128,0.12506742138564417,0.12621944909551142,0.1629800573594302
2013-03-06,0.0829154347742983,train,0.135702298476927,0.12274218975654752,0.1285118854613126,0.16170635964688543
2013-03-07,0.0842117492796027,train,0.1290797092650388,0.1181787949305078,0.1224391770940157,0.1499326795073354
2013-03-08,0.0862322405722508,train,0.12450075777360443,0.11766366887348027,0.1171308972816812,0.14437618431531593
2013-03-11,0.0860531950056691,train,0.12208465043307962,0.11464544898907218,0.11696160022411412,0.13917382263022726
2013-03-12,0.0959647288093076,train,0.12004626608267269,0.11482121485288946,0.1147434965225941,0.13658385908182022
2013-03-13,0.0965289973767378,train,0.1192386076085886,0.112991732904607,0.11568536189844024,0.13242862394885446
2013-03-14,0.0950927915356991,train,0.11764799047603651,0.11470319589711578,0.11352637142799032,0.13232233023639609
2013-03-15,0.1263134689875377,train,0.11607538008953852,0.11315292312275702,0.11283623563284853,0.12933346203706914
2013-03-18,0.1352036970590739,train,0.1203242036465958,0.1150576300804986,0.11385011804264006,0.13607318657868014
2013-03-19,0.1447123568278897,train,0.12062687483733855,0.11683983073681765,0.11292080012175275,0.1390093385345933
2013-03-20,0.1443160469395349,train,0.11857243767030781,0.1106216368878029,0.10847483854970069,0.13575486023011168
2013-03-21,0.1443689139018752,train,0.12398781132904693,0.11666547393208433,0.1141585329182749,0.13870934880249447
2013-03-22,0.142412594966267,train,0.12217837630473277,0.11232435469825491,0.11119049631656111,0.13943008730159498
2013-03-25,0.1462395202205033,train,0.12230443090164815,0.11753692896179029,0.11408867258738187,0.13945912509924702
2013-03-26,0.1434940414890387,train,0.12242402253942258,0.1139431365195004,0.11471947158441673,0.1402125511752714
2013-03-27,0.1442108448082073,train,0.11946437713878393,0.11353185872328744,0.1134462495344423,0.13486340473682745
2013-03-28,0.1439358532566522,train,0.11803501099903985,0.1121027168060622,0.11262081763388782,0.13280324818383255
2013-04-01,0.1451933927061634,train,0.11702470594535538,0.1126176163944941,0.11100619385494442,0.12991555946805114
2013-04-02,0.1443861454807979,train,0.11632961311735164,0.11119485127792697,0.11082547483601413,0.12929976886589328
2013-04-03,0.1432341821687785,train,0.12772145057224232,0.12848822215222053,0.12425531441711285,0.14154320055881295
2013-04-04,0.1462398798805693,train,0.11858002070440334,0.11308971105348131,0.11109998000755637,0.13073709234418326
2013-04-05,0.1496962913302642,train,0.11803871855267703,0.11422013134000308,0.11064206538092002,0.13147735380350184
2013-04-08,0.1480390441209834,train,0.12187069343752573,0.1141307969097546,0.1132777089186802,0.13699161483994043
2013-04-09,0.1486186046342048,train,0.11867886454927969,0.11343564711882999,0.1126080006785938,0.13249650882779182
2013-04-10,0.1431073719411147,train,0.11816127238477116,0.11536370968897396,0.11158520627628747,0.13267977475323128
2013-04-11,0.1429845937642612,train,0.11709506742855565,0.11218757655803588,0.11126833377093141,0.13221216786709195
2013-04-12,0.1431826778845769,train,0.11599645399051192,0.11274430145978871,0.11103352176440441,0.1306070944050295
2013-04-15,0.1165106230018486,train,0.1947906853357525,0.18991149440839877,0.1868120717586205,0.23305157936033433
2013-04-16,0.1104345078903559,train,0.1370028868481846,0.12290418902711331,0.12163965826129046,0.1395131829474102
2013-04-17,0.0991240056952674,train,0.15096351186790524,0.13649698595730755,0.13352645066950952,0.152692668677384
2013-04-18,0.0980059668340919,train,0.15108551439795925,0.12550189205891646,0.1239534006707419,0.15562839156271857
2013-04-19,0.099144280950826,train,0.15089043911758288,0.12687194339983765,0.12495266715596288,0.15783810245330612
2013-04-22,0.097890830216874,train,0.15576737238546928,0.13484792966372933,0.13633516885723854,0.17763176727024518
2013-04-23,0.0910118209374601,train,0.14508734446355262,0.12797306711238737,0.1261416228909896,0.16209220183727233
2013-04-24,0.0947445933618056,train,0.15014748366265931,0.13280140269493837,0.1380129693308759,0.18399460734006157
2013-04-25,0.0942127854295751,train,0.13549198139371754,0.12220398129629129,0.12341713109765633,0.16422861881531603
2013-04-26,0.0940528803671631,train,0.13277658241631562,0.11846521757863225,0.12247878501305008,0.16078281545967493
2013-04-29,0.0934624617640412,train,0.12736479323765243,0.11518784390506664,0.11731885447483201,0.1507807745530806
2013-04-30,0.0959090970898423,train,0.1240536737351846,0.11571577278513069,0.11687759189325807,0.14555152236208127
2013-05-01,0.0916105873806279,train,0.1241509424673251,0.11543654466474924,0.11236226243835444,0.14621678362425092
2013-05-02,0.0998001008838592,train,0.12274705743937561,0.11169119168434805,0.10970489710738861,0.1432683512702489
2013-05-03,0.0952081835620509,train,0.12385090514490701,0.11630402970931264,0.11205107104763112,0.14819020128790417
2013-05-06,0.0963080723172345,train,0.12336846900736041,0.11289454476751731,0.11528565516705647,0.1460192973504205
2013-05-07,0.1070226525880704,train,0.11993611266668051,0.11213040647888076,0.11083234315430444,0.13970841732693576
2013-05-08,0.1105197164861909,train,0.11873115204653767,0.11206679738088936,0.11088307659038675,0.13828124180935503
2013-05-09,0.1188610176728333,train,0.11782459690980947,0.11218441286673231,0.10990211557729809,0.1379037203312541
2013-05-10,0.1183023160984687,train,0.11685778245110645,0.11084499927856022,0.10962904139445774,0.13536712427000977
2013-05-13,0.1238761317039072,train,0.11666383823462466,0.11095422539146724,0.1152729770122631,0.13126458648359549
2013-05-14,0.1219890231257632,train,0.11557477147615938,0.11283516897331583,0.10941583171652985,0.1335850257009136
2013-05-15,0.1318803567650378,train,0.11433682254273034,0.11179390861324758,0.10947865248808962,0.13303283551145315
2013-05-16,0.1327427461015461,train,0.11254599127036827,0.10904580243725755,0.10808919554295299,0.13138420741554296
2013-05-17,0.1311621275386171,train,0.11290671109813247,0.11071364840854876,0.10787888065686951,0.13449576168460017
2013-05-20,0.1340852545776756,train,0.11097022837520765,0.10599946783918653,0.10617591755746256,0.13004997709195676
2013-05-21,0.1427636603845611,train,0.11001230632379572,0.1057989334905459,0.10447271889039589,0.12782527211165867
2013-05-22,0.1661773894356725,train,0.1275204133726219,0.13071706346647397,0.1265569186495231,0.16405622707123102
2013-05-23,0.1662488763820895,train,0.11067891260655334,0.10969126969089166,0.10482200165589545,0.1366568526266089
2013-05-24,0.1722409742143176,train,0.11211529569299458,0.10512621152600818,0.10484271397532319,0.13826603696357115
2013-05-28,0.1742901136339138,train,0.10969789531378688,0.10522314487175422,0.10243359374925526,0.13532215853959095
2013-05-29,0.1762310714763552,train,0.11036650912634846,0.10587335795214226,0.10249080119601349,0.1363084465188364
2013-05-30,0.176968840301287,train,0.11443296562610157,0.10650323750938406,0.10649524027143535,0.14092816977925868
2013-05-31,0.1699590806283309,train,0.1354342199082107,0.1277335200772509,0.13018587017793828,0.15993130795989965
2013-06-03,0.170094000861898,train,0.11758344528580487,0.10932317850342906,0.10597666196182746,0.1424803872539643
2013-06-04,0.1692639749751679,train,0.12031785609498045,0.11006232435900638,0.10697164444729247,0.1459294639404767
2013-06-05,0.1617161993683036,train,0.13365261266494266,0.1219244999420261,0.11987934142497163,0.15455067366892153
2013-06-06,0.163040917667006,train,0.1293532463315174,0.1134465906215457,0.11026280238419858,0.15131972068603666
2013-06-07,0.1580273814296583,train,0.12942962669613298,0.11431581573331139,0.11076259769185662,0.15465775532464845
2013-06-10,0.1600815422079453,train,0.13263825983840521,0.11775234095916741,0.11833379578613276,0.17007176684973022
2013-06-11,0.1557885319890112,train,0.13571191545185535,0.11746878307503195,0.11484104006681418,0.1548801987730856
2013-06-12,0.1603252736200215,train,0.13960584482857613,0.11876817394959456,0.11596458870624506,0.1559713068835263
2013-06-13,0.1511149238668604,train,0.14136672667432718,0.11554976920810422,0.11276817295828896,0.16016347131048478
2013-06-14,0.15006019672007,train,0.14066092086396556,0.11684690558709543,0.1146723464747898,0.16723537145965875
2013-06-17,0.1481354486632618,train,0.13847900022060847,0.11544006417688987,0.11337725211444383,0.16840284817788884
2013-06-18,0.1457725950826562,train,0.13691715432213875,0.115661844779822,0.11483924616546116,0.17248123958919057
2013-06-19,0.1385529269438368,train,0.13925716607571564,0.12072293859104788,0.11639404687176577,0.1712364762074017
2013-06-20,0.1063236469718851,train,0.21437531035380436,0.19983460611433046,0.22174888281844624,0.27180911605571045
2013-06-21,0.1059390401176839,train,0.16061313855685222,0.11865503280378518,0.11550557128378507,0.17505263032962737
2013-06-24,0.0961379257776705,train,0.17427029736300356,0.12410300387775666,0.12318568608789122,0.190455925947542
2013-06-25,0.09083696883421,train,0.17296806636504108,0.12499864832065939,0.12423466751915524,0.20253309215604334
2013-06-26,0.0843239904766004,train,0.16771513354108844,0.1301871026671332,0.12982678426470398,0.20502571805433836
2013-06-27,0.0818116242949169,train,0.1617202124122651,0.13337187622919927,0.13494888104895864,0.20779992076018933
2013-06-28,0.0812417563573228,train,0.14968478735046203,0.11983407703732665,0.11740864160988593,0.1867789377533547
2013-07-01,0.0785502419810165,train,0.1462437914580176,0.12084278213946836,0.12012041665770909,0.1864501684657406
2013-07-02,0.0785228926896698,train,0.14030649170030055,0.11918792787695184,0.11772048590407908,0.1785741498490492
2013-07-03,0.0884722505726862,train,0.1438733368413675,0.12521695710193387,0.12910554658580783,0.18073962575613836
2013-07-05,0.0800802106436508,train,0.13535581956410497,0.11737141460012855,0.11528455844284281,0.16528444947773732
2013-07-08,0.0776943534400567,train,0.1313287764988545,0.11855953541438266,0.11919664153136404,0.159657056286616
2013-07-09,0.0761060419108479,train,0.1287065970374879,0.11829856607366143,0.11759624694728828,0.15623795562887566
2013-07-10,0.0769618224308747,train,0.12575073628909886,0.11736445934733895,0.1176183735258716,0.15179310488077496
2013-07-11,0.0615604703579076,train,0.12716858393349503,0.11498595829823274,0.11239338442970863,0.15594547286520527
2013-07-12,0.0623915835805288,train,0.12194037479540808,0.11430988987879148,0.11595331665139727,0.14917590325950714
2013-07-15,0.0610247995590912,train,0.1213941490115025,0.11266743832832365,0.11492548018492109,0.14531848669447636
2013-07-16,0.0604638458141945,train,0.12052987698234421,0.11145662316319002,0.11034034874226648,0.14457255731396712
2013-07-17,0.0625148238921574,train,0.11843054383519161,0.11122072932563518,0.10964952673145051,0.14225869590562532
2013-07-18,0.0776643367191479,train,0.11813921140060885,0.11272892426584033,0.11161802571898269,0.1393097509806413
2013-07-19,0.0782957278060988,train,0.1166612126616001,0.11364394154732488,0.11356380039394841,0.14004690294127947
2013-07-22,0.0812430956432476,train,0.11403195583191214,0.11046042215984836,0.1131743341917149,0.1327236669840008
2013-07-23,0.0827431346227568,train,0.11245829246976524,0.1098876025702854,0.11297316731157937,0.13024922192249416
2013-07-24,0.0846025901681373,train,0.1121481048182313,0.11025052258538084,0.10849932673096359,0.13228080232747094
2013-07-25,0.090114749230988,train,0.11152056318464708,0.10973279477529758,0.11128445372860747,0.12652848903510347
2013-07-26,0.0908250466129283,train,0.11002876803832483,0.109411069745213,0.10961816931979732,0.12300363960214483
2013-07-29,0.0911305222861043,train,0.11010468055472893,0.10829228300829255,0.10950739617442348,0.12236626290875537
2013-07-30,0.107785094450556,train,0.11007109909473822,0.10943753056201294,0.11065802281055798,0.11885428519654868
2013-07-31,0.1084865230125596,train,0.1119416465053708,0.11433178011041398,0.11206164264069707,0.12339499798292113
2013-08-01,0.1006833152958119,train,0.10846107131847972,0.10849591637627326,0.10652929303059942,0.12202243775752243
2013-08-02,0.1011317843939128,train,0.10767731203490737,0.10602886940427998,0.10685809429830839,0.12367971174935422
2013-08-05,0.1022600174842581,train,0.10988763394331466,0.10508111469986178,0.10858534577143696,0.12488931576015042
2013-08-06,0.1044186253664157,train,0.10986207788002765,0.10719282290867904,0.1065985425337137,0.12795231940950447
2013-08-07,0.103878256941424,train,0.10737579783235279,0.10375435659771001,0.10153181489285545,0.12402959745106384
2013-08-08,0.1030776792441496,train,0.10767823407039315,0.10411170682232965,0.10232726423044611,0.12380677892426212
2013-08-09,0.1080276623201148,train,0.10653637820654283,0.1035104101013558,0.10091689139512025,0.12307285473536475
2013-08-12,0.1110513864914168,train,0.10901061763505225,0.10284147997713369,0.10318777177401392,0.12366036163757287
2013-08-13,0.1111161156490584,train,0.10716500268876741,0.10333740117145752,0.10194007971684213,0.1206068979153146
2013-08-14,0.1100126620886098,train,0.10681450932257863,0.10360103308314525,0.10183636134974937,0.12141713353709888
2013-08-15,0.0983203185956301,train,0.12102417154104252,0.12252796689610328,0.1220786624031022,0.14318040212675115
2013-08-16,0.0997409507337936,train,0.10989976822377515,0.10786064429695645,0.1043008519379503,0.1274235237762205
2013-08-19,0.0983869018291141,train,0.11633578225288219,0.11149565586949861,0.10897365366822212,0.13460065607361615
2013-08-20,0.1051060494602631,train,0.1165782341001613,0.10938792720611175,0.10714113586235421,0.13606820792218333
2013-08-21,0.1029652958560798,train,0.12115418633644416,0.11961630977961642,0.11533565987450424,0.13992995147415183
2013-08-22,0.100919588914852,train,0.1193244837753067,0.109534840792182,0.10786820048213581,0.14156093704000636
2013-08-23,0.1015527173345153,train,0.11735622992545541,0.10897811279393307,0.10794557677967924,0.14142193493090735
2013-08-26,0.1010338940115469,train,0.11725077698972783,0.10977654791638006,0.10738118170820259,0.1393161856452137
2013-08-27,0.0836693535759688,train,0.13624479789972244,0.12944795762553785,0.12898392933198255,0.15627390538440766
2013-08-28,0.0838322823024643,train,0.12752261996772027,0.11243587793553855,0.11041166700978244,0.1510843561719749
2013-08-29,0.0852309025866107,train,0.12551515517187026,0.11145110627516226,0.10858246338992956,0.1504804342812403
2013-08-30,0.0865808097188219,train,0.12527687577306554,0.11172481989673858,0.10832144769860404,0.1519702443527904
2013-09-03,0.0895718570634109,train,0.12493355846478069,0.1123536668390422,0.10877308354166138,0.15382082657205245
2013-09-04,0.0847294130390912,train,0.1264186941731865,0.1109782414049667,0.10978227535196683,0.15735989545608456
2013-09-05,0.0907755967990011,train,0.12777121836316183,0.11483024738081331,0.11897707954838255,0.15785674378421494
2013-09-06,0.0946318286948414,train,0.124764811369631,0.11803792118356153,0.11295951919874472,0.15798874330758186
2013-09-09,0.0935670496855371,train,0.12146234830848826,0.11035391614726461,0.10916776804778978,0.14846657131902546
2013-09-10,0.099015955037994,train,0.11997922102829273,0.11283341599574674,0.11113676851546993,0.14839249152389278
2013-09-11,0.0984227503170381,train,0.11741172051298518,0.11102704098116457,0.11099567932833014,0.14440640131155097
2013-09-12,0.1238135970144498,train,0.11611330905330897,0.10939550048303655,0.10993852672512226,0.14151074914836076
2013-09-13,0.1256419581440861,train,0.11519400945698238,0.10871788387687359,0.11040177592443566,0.13794484186759773
2013-09-16,0.1247661225807126,train,0.1156931711508623,0.11357334509426112,0.11053177906918414,0.14239616711387998
2013-09-17,0.1264306162062406,train,0.11297071710309382,0.107739106972584,0.1083035030511361,0.13302977879561528
2013-09-18,0.1293761298947534,train,0.12511678299190016,0.12549362091247065,0.12200771887226344,0.1638684148114294
2013-09-19,0.1313834226835747,train,0.11000187905101283,0.10854745337870979,0.10637016517682601,0.14047194834083515
2013-09-20,0.1311876445932134,train,0.11101373495889594,0.10713260953330732,0.10500215026117783,0.13912248925448098
2013-09-23,0.1301508500145268,train,0.11461794598352788,0.10892560364643897,0.10706367063913357,0.14088496613315385
2013-09-24,0.131489042838399,train,0.11293338052901415,0.10687838060664395,0.10529514447467934,0.13962217483215125
2013-09-25,0.1321899855991458,train,0.11145653871309147,0.10594621239160686,0.10490283437357507,0.1380422964849139
2013-09-26,0.1320122971543029,train,0.11425761901354914,0.10652948715482327,0.10717351278620646,0.14085978384829387
2013-09-27,0.1319877102313481,train,0.11189772485692644,0.10692470964363071,0.104190927272678,0.1356671817339991
2013-09-30,0.1307434706026868,train,0.11320700517373959,0.10942796845391377,0.1051013481535015,0.13916727198388987
2013-10-01,0.129100762110827,train,0.11337762237378139,0.10709973599370548,0.1031219707969122,0.14071138930415586
2013-10-02,0.1302617455968338,train,0.1144920399681286,0.10719846881474245,0.10416130425441644,0.14259782790766246
2013-10-03,0.1264453756276149,train,0.1232329863637982,0.1176009638045914,0.11437217957880393,0.152627013755616
2013-10-04,0.1238640312511855,train,0.1219007835726625,0.10971178789367442,0.1074052913906986,0.1533577083795897
2013-10-07,0.1206149290307259,train,0.13242773501881935,0.11691486186181246,0.11543456647659932,0.15496627195738685
2013-10-08,0.1137782278243589,train,0.13615347084865878,0.12153222469508954,0.11930771215013654,0.15959526801657709
2013-10-09,0.1151763493652775,train,0.13367250561748045,0.1126548740145783,0.109360228399569,0.15925199642577745
2013-10-10,0.0978435029762252,train,0.14579639457199642,0.12397181928128002,0.12098677685478278,0.17138786130809103
2013-10-11,0.1063785920275696,train,0.14159660346319888,0.11731064086170806,0.11549680812991601,0.17198671823815948
2013-10-14,0.1054349492842171,train,0.13984658231482053,0.11603867381028946,0.11334889548891013,0.16557977563267567
2013-10-15,0.1024726235408852,train,0.15135091328458472,0.126569941328046,0.12364518930777112,0.16765900638738365
2013-10-16,0.0942430666802646,train,0.14794593635168635,0.1252847158263217,0.12165696554798147,0.16464412984722826
2013-10-17,0.0929233605936196,train,0.14063349937909592,0.12338239518046477,0.12208715545982732,0.16869982224990787
2013-10-18,0.091122472283408,train,0.13323918344599878,0.12240069981338596,0.12078858166528939,0.16777182216517428
2013-10-21,0.0919678173053557,train,0.12822684509007684,0.11784374032844859,0.11843525256485994,0.16680714140635164
2013-10-22,0.0899865936192636,train,0.12148483142708837,0.11524061748556014,0.11375202859086928,0.15912878224787189
2013-10-23,0.0890553144521115,train,0.11894668595424608,0.11192352980630316,0.11343711158176169,0.158472712423365
2013-10-24,0.0927676776375428,train,0.11875884429920298,0.11120380972515025,0.1164600921221038,0.15694156174614335
2013-10-25,0.0930481386415143,train,0.11298821817349282,0.10845377907049046,0.10986613064388007,0.14444629302684225
2013-10-28,0.09294396592225,train,0.11127423246581872,0.10737466480344056,0.10783035377800203,0.13892748882489817
2013-10-29,0.0910112614573164,train,0.11035526338070012,0.10751864505294437,0.1062668594782371,0.13541179448806961
2013-10-30,0.0896950974162575,train,0.12569098408557866,0.122987747269471,0.12264430201367228,0.1628087355326069
2013-10-31,0.0891576384650561,train,0.10909855049483122,0.10739698773176377,0.10476914815022317,0.14248694407698664
2013-11-01,0.0892327179580841,train,0.10802435030234149,0.10792241539017877,0.10525249040111218,0.14102783979084071
2013-11-04,0.0896842675974891,train,0.10896579255164728,0.10599152522233726,0.10737581112684584,0.13858361051204576
2013-11-05,0.0889756532584995,train,0.10790510300892443,0.10544485993632452,0.10614120596404275,0.13473583110199874
2013-11-06,0.0885126068224405,train,0.10696576348305464,0.10555894231102575,0.10615228367891473,0.1310892784532543
2013-11-07,0.0857406253062596,train,0.12157809152857463,0.12076092958611627,0.12096230120432622,0.15514846382097527
2013-11-08,0.0719019044470554,train,0.10844700403528379,0.10867938408757323,0.10489826562099584,0.13793357277448026
2013-11-11,0.0730197493517868,train,0.11189868689088232,0.10785458210990817,0.11033008154868451,0.1448400479830861
2013-11-12,0.0829889679511571,train,0.10830019956813992,0.10648709334091852,0.10627844134238774,0.1349528449752676
2013-11-13,0.0788673542572248,train,0.1077130651901846,0.10814696597694341,0.10504283420514517,0.13153397470142134
2013-11-14,0.0768643462001325,train,0.10685306707385202,0.10736226876007954,0.1062305014426352,0.13288719506378324
2013-11-15,0.0784443221339672,train,0.10646626118525254,0.10534660097648543,0.1062858537379477,0.13257676730893553
2013-11-18,0.0782608228202585,train,0.10379717171668237,0.10580988804098954,0.10278911607036585,0.1286720754679864
2013-11-19,0.0983661322763896,train,0.1033941305332409,0.10255428992450266,0.10058462902593165,0.12741047114313703
2013-11-20,0.0978217468499935,train,0.10288623116605002,0.10401842382197428,0.10007783201427307,0.1281070943928369
2013-11-21,0.0958101220543816,train,0.10292549655589626,0.10214298979034901,0.10024642274893902,0.12793374100620553
2013-11-22,0.0960390052772054,train,0.10313457448443651,0.10187122198715928,0.10172900141474271,0.12711544549672155
2013-11-25,0.0962880664278573,train,0.10264731205487901,0.10179632174614263,0.10145254668644094,0.12548810012628425
2013-11-26,0.0979333761117511,train,0.10289434794235089,0.10165276280433991,0.10108652912588323,0.12351971972113493
2013-11-27,0.0975522882263573,train,0.10443227475993618,0.10119675052974932,0.10222160392064121,0.12310200186522846
2013-11-29,0.097525114043144,train,0.10363831724783272,0.10134907073325687,0.10003489584022632,0.12083498040709345
2013-12-02,0.0985233256778794,train,0.10412898318268735,0.10495093126633769,0.10023520780468458,0.12173995089670603
2013-12-03,0.1031457432459419,train,0.10342342620721053,0.10544938861855507,0.09997486930276951,0.12271471215687173
2013-12-04,0.1031472249625558,train,0.10315395352404433,0.1057106072776425,0.10037224516049072,0.12450541560228849
2013-12-05,0.1024642919751687,train,0.10320446129674041,0.10434752826258964,0.10046144143070056,0.12505578707057605
2013-12-06,0.0970292153543367,train,0.10437184121295758,0.10771120523826819,0.104461952917318,0.13212922449136486
2013-12-09,0.0966129796389685,train,0.10381896087947948,0.10302507282094471,0.1042033141116894,0.12988152054206764
2013-12-10,0.095797113190119,train,0.1029975774519472,0.10291037438051807,0.10170806245115696,0.12850262894020226
2013-12-11,0.087538055710248,train,0.11685844015770443,0.11999734347941507,0.11953516611262184,0.14436691393838574
2013-12-12,0.0989693277332823,train,0.105382494475553,0.10620124002992197,0.10295660781669959,0.13154660488602485
2013-12-13,0.1062192854449342,train,0.1057944817487488,0.10466450156326625,0.10219367593047272,0.1348934063927421
2013-12-16,0.1056585829493692,train,0.10596468550400745,0.10439866080307345,0.10142639759264929,0.1361517410657024
2013-12-17,0.1051616391848966,train,0.10682070715600117,0.10444351021137194,0.10182776072741676,0.13764625215534176
2013-12-18,0.0876212837813019,train,0.13057454933267823,0.13780421842816445,0.1370569667021776,0.17359451070036136
2013-12-19,0.0881550320830912,train,0.10893740588823111,0.11023877382762934,0.10885864620633434,0.1424974774486192
2013-12-20,0.0857468957576008,train,0.10723862260356906,0.11418549710082779,0.1099123874288183,0.14240625119577774
2013-12-23,0.0885864460787755,train,0.1107480475823513,0.1115392565202073,0.11259566067004609,0.1500282066946667
2013-12-24,0.1168247066247809,train,0.11523879646564295,0.1135401115171365,0.11769292595202613,0.15700250209962024
2013-12-26,0.1167643371349365,train,0.10699489016574204,0.10516634857105066,0.10853494589424592,0.1390996074308976
2013-12-27,0.1186509606018792,train,0.10547122953315646,0.10324776003600648,0.10689542633956357,0.13368128795343137
2013-12-30,0.1234971748466504,train,0.10317614546343651,0.10225111943559045,0.10179788612797869,0.12891098060753292
2013-12-31,0.1279517678170594,train,0.10305373980991085,0.10389927065082012,0.10044821845040162,0.12763021961923207
2014-01-02,0.1250526386080432,train,0.10370517633657185,0.10769257126263725,0.10342801318549673,0.13346714067485355
2014-01-03,0.1488834460662297,train,0.10283192896713189,0.10289098626184708,0.10112816636821398,0.13100022671267797
2014-01-06,0.1505694681060588,train,0.10200672460536253,0.10457551557273163,0.10150202635685189,0.13090218124277322
2014-01-07,0.1490561284387037,train,0.1021236589815731,0.10372258577933828,0.10220248478169229,0.13100452141910737
2014-01-08,0.1561401356124142,train,0.1016069535402767,0.10332644470180134,0.10193783580523727,0.12941958194978964
2014-01-09,0.1621311981230666,train,0.1022668561528577,0.10292905104652113,0.1023828096561063,0.12737807520248925
2014-01-10,0.1619747280071903,train,0.10131504675249865,0.10458214306902809,0.10289997737805096,0.1272288596067933
2014-01-13,0.1595579991760576,train,0.11861777271353463,0.12415596132047042,0.12442866868719628,0.14972478402521222
2014-01-14,0.1548356167723292,train,0.10328131810619756,0.10740846203091159,0.10447490347305864,0.12921284797022878
2014-01-15,0.1547387828085639,train,0.1030761417752098,0.10666981324929016,0.10527061488455693,0.13016907033959457
2014-01-16,0.1558989218120548,train,0.10472690839931777,0.10613631905472677,0.10630105135407475,0.1314911243980222
2014-01-17,0.1552196690017571,train,0.10402436374374822,0.10993398020124663,0.10711562093592863,0.12694089906608513
2014-01-21,0.1566482029758323,train,0.10306546828142421,0.10613705562122971,0.1046473657170293,0.12571904252778998
2014-01-22,0.158017404453149,train,0.10761527572903586,0.1031841684433036,0.10758090924712423,0.1332020342760369
2014-01-23,0.1553486816697275,train,0.10333826090915064,0.11031969206512725,0.10559164136435692,0.1295055182295509
2014-01-24,0.1365939129375667,train,0.1908631590624292,0.19682507014666012,0.2006928697011644,0.2302963191446313
2014-01-27,0.1354743074657015,train,0.1250738692140146,0.12076234289940392,0.11934248578456477,0.1355288295022992
2014-01-28,0.133825066596062,train,0.1291741804363876,0.11664090267186607,0.1153328587420772,0.14772986950951197
2014-01-29,0.1306923681974749,train,0.1359488183709383,0.12402441055352964,0.12065003287198892,0.14630305178178532
2014-01-30,0.125538667349378,train,0.13488398797603524,0.11705099806402601,0.11607010694002079,0.15841912336518524
2014-01-31,0.1263032852344796,train,0.12865037057200335,0.11438774628259228,0.11100199273910065,0.15319423769881
2014-02-03,0.108989288602898,train,0.18799211483576544,0.1699513399528874,0.18107099338797805,0.21199530167189318
2014-02-04,0.106207371430631,train,0.16042200969916007,0.11785548798770457,0.11655079913866027,0.1787298607998825
2014-02-05,0.1064281827546167,train,0.1569977557380568,0.1161071898005693,0.11427428632486016,0.18298256431941085
2014-02-06,0.0957424930188506,train,0.15761274524560798,0.11564018861621499,0.11339462705732417,0.18398105459376368
2014-02-07,0.08519400961174,train,0.1541399356472952,0.1202544242815253,0.11718445623704328,0.18298219507942748
2014-02-10,0.0867463605748577,train,0.15065609162631988,0.13243910456500457,0.13493371391504805,0.21007863362486917
2014-02-11,0.0776731931091447,train,0.1369267024934552,0.115673516903688,0.11270347738065296,0.18098907821355836
2014-02-12,0.0873630413538706,train,0.13116025189332875,0.1228677165126176,0.12334700922627279,0.18700253135991654
2014-02-13,0.0860104198422916,train,0.12397938151293307,0.11519397878508822,0.11418514733865959,0.17457854765463818
2014-02-14,0.0896514240372189,train,0.11894681052681616,0.11499908370164656,0.11496800695588896,0.1694780837089099
2014-02-18,0.0930419270094653,train,0.1148965385439421,0.11376773300808346,0.11654158236801805,0.16219875922293886
2014-02-19,0.091980292087464,train,0.11642896711122502,0.11425879745167031,0.11037240052274179,0.16121215095391922
2014-02-20,0.0919189074896398,train,0.11117769851869035,0.10783956042561647,0.10507795249784944,0.15526438823402702
2014-02-21,0.0928525258455584,train,0.10983189252323856,0.11075431244186316,0.10952074143001037,0.1534556962064364
2014-02-24,0.0919370294605092,train,0.10779489879212799,0.1095548640160333,0.10741985439150113,0.14876197923468418
2014-02-25,0.0934506640645534,train,0.10641606810303642,0.11023770147579028,0.10896205754750524,0.14633384608558217
2014-02-26,0.0968997544380564,train,0.10507186693192953,0.10829715355901172,0.10859168584792314,0.1416604908586042
2014-02-27,0.0953970899657862,train,0.10556998690409494,0.10801929862291122,0.10728899353948003,0.13735116024353392
2014-02-28,0.0965657323313405,train,0.10702646378257337,0.11465080516431891,0.11114425296671157,0.14294836828106508
2014-03-03,0.0976558783048807,train,0.1085859541702492,0.11494674177667588,0.11324349186810756,0.15140363995617992
2014-03-04,0.0873629762976949,train,0.10366281810071967,0.11394865969742195,0.10986504226331865,0.14978806048322416
2014-03-05,0.0881055729673654,train,0.10224587506738286,0.10858714131557434,0.11130824211074349,0.1458509767611306
2014-03-06,0.087856687871493,train,0.10140356224166099,0.10668906744266254,0.10808685041205904,0.1412107756651735
2014-03-07,0.0974603454523285,train,0.09970299274185972,0.10761715848478268,0.10643882218288163,0.13791586282251708
2014-03-10,0.1051235297452351,train,0.10105318843417849,0.10526151663668287,0.1075799039208972,0.1371777407015472
2014-03-11,0.1046655567217481,train,0.0990727388505757,0.1047349984771856,0.10283909915764969,0.1319023992289501
2014-03-12,0.1113316067589328,train,0.10070025668686215,0.10564334776843046,0.10525291108078583,0.1294010846435123
2014-03-13,0.1283974387156649,train,0.11400918252840248,0.12143219549227713,0.12412591227919627,0.15314042121424157
2014-03-14,0.1319539564232991,train,0.10144725363915454,0.11036730727797851,0.10660222686518397,0.13881356513615545
2014-03-17,0.1310212309754596,train,0.1027604353383842,0.10691506040593227,0.1040598604906478,0.14263078387714517
2014-03-18,0.1308541136389727,train,0.10211838262195375,0.10740069111806193,0.10498489278285549,0.1413202075969542
2014-03-19,0.1346285453646384,train,0.10858310271839793,0.11944885775223202,0.11465828327183328,0.14809924389149576
2014-03-20,0.1331369370367055,train,0.10205842739156994,0.10792937028919478,0.10623788752304456,0.14267700687844653
2014-03-21,0.1330010580184032,train,0.10205503648226061,0.11280244468072247,0.10893021257690315,0.1421142598132192
2014-03-24,0.1331612366128028,train,0.10133975798823958,0.10776686244570617,0.10655596076810364,0.14281172494664454
2014-03-25,0.1323584242920192,train,0.10098347233877465,0.10699139754509333,0.10698246108524852,0.14247188600570185
2014-03-26,0.1300533170218218,train,0.10198049141271018,0.10843797673638718,0.105934952407658,0.13909091012399175
2014-03-27,0.1330855121914051,train,0.09974747560257526,0.10678416613414364,0.10487295232917423,0.13922337442416702
2014-03-28,0.1324041676599929,train,0.10119939235712967,0.10567993830369034,0.10560631632717311,0.1403092387086695
2014-03-31,0.1302556607363042,train,0.09985789391790469,0.10493740162077249,0.10353561650750738,0.13657831958967712
2014-04-01,0.1285611067245869,train,0.09961841431053452,0.10512319438188783,0.1046736509552249,0.13510221849049248
2014-04-02,0.1280132330311442,train,0.10018946533766158,0.10458427862009688,0.10626002569496414,0.13271416114428028
2014-04-03,0.128024368419887,train,0.09939947919410969,0.10400002673719948,0.1040367595204431,0.13013904093357928
2014-04-04,0.121054972824711,train,0.11390200042974548,0.1250709572442446,0.12350818028427762,0.15369333143792216
2014-04-07,0.1185798025543563,train,0.1082185789674844,0.11605048205419907,0.11389920507491325,0.13712387915477986
2014-04-08,0.1195089118826382,train,0.10430974955798536,0.10793550742771589,0.10544425525469585,0.13895551006942872
2014-04-09,0.1133872356995259,train,0.10483305086085,0.1083807661091097,0.10559615733212817,0.13898446544684667
2014-04-10,0.0848071365265034,train,0.1602800852237653,0.15504215194857937,0.15622559230050148,0.17254280271328076
2014-04-11,0.0856923830110644,train,0.13036334054900106,0.11950326916897351,0.11663148989011472,0.13625480697842848
2014-04-14,0.0811041440052328,train,0.12770338803587292,0.11548881732840448,0.11373202999930039,0.1459292600476167
2014-04-15,0.0791732213531743,train,0.12518163663948373,0.1152352599839913,0.11207387813744438,0.14478873440148804
2014-04-16,0.0767242233815899,train,0.12416659644327081,0.11655972654654927,0.11477275681321275,0.15158286399695708
2014-04-17,0.0775381967281544,train,0.11793239093981021,0.1171647615610486,0.1175089371171184,0.1580428484033008
2014-04-21,0.077643251797555,train,0.1155368848651031,0.11484223492126573,0.11843610913997724,0.16321886276995665
2014-04-22,0.0792056773887268,train,0.10787283447054315,0.10996611223764756,0.11163738235534144,0.1516593540097858
2014-04-23,0.0842081925275723,train,0.10590379465398891,0.10792508011241674,0.11112768861361355,0.14655256145650736
2014-04-24,0.0843426287148822,train,0.10400409714650197,0.10748656935860895,0.10887750065541567,0.13957989158762157
2014-04-25,0.080382263365637,train,0.10246946269730868,0.10625477061929453,0.10344830426829431,0.13797868726848692
2014-04-28,0.0825262744481691,train,0.10225307351878753,0.1088374825838444,0.10415340637536259,0.14012608273781887
2014-04-29,0.0808851353783937,train,0.10241789696183265,0.10591659628227786,0.10649439305623404,0.13652059689758758
2014-04-30,0.0822564044903211,train,0.10106982502984702,0.10672569041900047,0.1052983192822336,0.1338053709135087
2014-05-01,0.0824541512897928,train,0.10079511951419463,0.10622593797181995,0.106499389009224,0.1311347968253119
2014-05-02,0.0823977675814138,train,0.10066680984840116,0.10663160634708341,0.10606822066351243,0.12854553252829698
2014-05-05,0.0821363666259451,train,0.10138644423222275,0.10535974269537644,0.1045929862314246,0.12778071651941303
2014-05-06,0.0763869757681402,train,0.10130589762765807,0.10495690696329753,0.10333961915743252,0.1305906669026895
2014-05-07,0.0770259864454944,train,0.10010614161677217,0.1057345412361329,0.10215823840283175,0.13092288717753173
2014-05-08,0.0787515127925446,train,0.09971995770783298,0.10446909593685136,0.10243532392138999,0.13026851535873643
2014-05-09,0.0786551748797827,train,0.09968892458877852,0.1044008397048163,0.10489199424489332,0.12988293064390966
2014-05-12,0.0707833443176741,train,0.09969157454475171,0.1053184523016245,0.10363963298439248,0.13057001400476895
2014-05-13,0.0717802915144583,train,0.09955008037182213,0.1028979058362951,0.10591838304607537,0.12823539262993702
2014-05-14,0.0741912989651428,train,0.09889107187469322,0.10215286150681967,0.10240383406443768,0.12532278464172256
2014-05-15,0.0681255274343057,train,0.10927131268204693,0.12113431980504416,0.11746159218243721,0.1430583356156841
2014-05-16,0.0670714621821916,train,0.0985439139640966,0.1055914268179843,0.10343166407285276,0.12531608737859784
2014-05-19,0.0665326799444535,train,0.10216762327793806,0.10340877422437642,0.10459398923421989,0.13063615283162294
2014-05-20,0.0677620605784211,train,0.09964874450679642,0.10825974139570238,0.10468200463527633,0.1260796537891848
2014-05-21,0.0610040666816276,train,0.09859410446657975,0.10492175566824435,0.10262989650118337,0.12427981089074616
2014-05-22,0.0608185743779494,train,0.1014598496396972,0.10236487113323792,0.10422315935802623,0.12810561928514846
2014-05-23,0.0591476149226334,train,0.09920171498902965,0.10162848762713651,0.10146938295038634,0.12378027256655136
2014-05-27,0.0590361068529869,train,0.09872589424534962,0.10222812995665509,0.10092558515331498,0.1224789070811643
2014-05-28,0.0611124575490608,train,0.09909173451225567,0.10095776686417879,0.10114473363978152,0.12146787512086703
2014-05-29,0.058358476651383,train,0.09933643511812493,0.10042639115164645,0.09960194727037334,0.11967695229383939
2014-05-30,0.0584859415264795,train,0.09973870744832151,0.10196170730249154,0.1013811265157865,0.11938858268099468
2014-06-02,0.0583799658095402,train,0.09874607451172082,0.10074166268523964,0.09972972012866049,0.11736099842956668
2014-06-03,0.0629750796238583,train,0.10033614255006629,0.10115285213368197,0.10059569065909928,0.1157652736551687
2014-06-04,0.0626688041566225,train,0.10089357931681725,0.10166059108642746,0.10070954540597776,0.11418744901062258
2014-06-05,0.0608128815688298,train,0.10094320451051246,0.10687604983654497,0.10313706060659922,0.11982576255922588
2014-06-06,0.0597295461099599,train,0.09916649398906363,0.10464792282816955,0.10312153568006835,0.11890845763749491
2014-06-09,0.0638604517285307,train,0.09798120676193883,0.10170868824248454,0.10111665407383402,0.11655734266769176
2014-06-10,0.0658050605420546,train,0.09878397140035954,0.10055694071359428,0.10107279917757413,0.11557799801362524
2014-06-11,0.0661480774382059,train,0.09788227062608947,0.10196119904847421,0.10022705247255466,0.11689877655912137
2014-06-12,0.0613454705361246,train,0.0995605971487295,0.10995500793235106,0.10669074614856361,0.12337000784669916
2014-06-13,0.0629632658675997,train,0.09688746301436944,0.10168718007638118,0.09923992943589213,0.118022708825753
2014-06-16,0.0632462251807214,train,0.09613730074714408,0.1024041565549308,0.09949968253971073,0.11824479957147226
2014-06-17,0.0638356991518357,train,0.09607422597533385,0.10230295905478935,0.09979215808271433,0.11848575780347312
2014-06-18,0.071078609187849,train,0.0981402119891683,0.11067328559973585,0.10713881498598046,0.12442561259232943
2014-06-19,0.0796113885223059,train,0.09746181496955049,0.10304864469793867,0.10490362140339175,0.1206494079740621
2014-06-20,0.0795638712783104,train,0.0967850249991424,0.10468347358547274,0.10402480162049933,0.11951511093830852
2014-06-23,0.0810402278382786,train,0.09836785059110079,0.10109471424342366,0.10269783960358127,0.11824593289294892
2014-06-24,0.0785460708589711,train,0.09962096387394247,0.11229742053555582,0.109875483672427,0.12135699149499674
2014-06-25,0.0768980411740377,train,0.09705027081939885,0.10334797536328678,0.10141718115178394,0.11739007861565647
2014-06-26,0.0786402651488391,train,0.09667991478561717,0.10259081216673775,0.10141197235515768,0.11766974430529478
2014-06-27,0.0783505624057723,train,0.09758220481931915,0.10137663813245457,0.1013038099071946,0.11793392637624324
2014-06-30,0.0798074811251724,train,0.09772092385544484,0.10089586018482491,0.10089504288094245,0.11691356330838466
2014-07-01,0.0762156678500992,train,0.09694750987364296,0.10329336741338094,0.10031753608875568,0.116673564864524
2014-07-02,0.1039633529739863,train,0.09976381220121115,0.10018738894312862,0.10234346808101794,0.11735455012254892
2014-07-03,0.1030683123282944,train,0.09829635088437723,0.10036026841332144,0.10021368792277494,0.11523088971237555
2014-07-07,0.1054613107370784,train,0.09812145456850946,0.10408663077019628,0.10215126916638409,0.1165937041796774
2014-07-08,0.1085993324412896,train,0.09990133432517734,0.11323299806602304,0.1092782344251753,0.11999239946107787
2014-07-09,0.1074372408231826,train,0.0976023865396412,0.10398284302056056,0.10192604907774955,0.11588190437881711
2014-07-10,0.1082405636590574,train,0.0981218345350404,0.11274047281846077,0.10896290814729326,0.11707640407321107
2014-07-11,0.1155819605286323,train,0.09905159711009595,0.10506113100523759,0.10473001122574045,0.11939070286763404
2014-07-14,0.1146514294675325,train,0.09822737783910837,0.10359894150870391,0.10354371133330613,0.11859544358716759
2014-07-15,0.1145612295393185,train,0.09829303264628286,0.11015648007674174,0.10633689342248083,0.12078008718418431
2014-07-16,0.1163000874113442,train,0.0966763962526461,0.105764147474242,0.1044217214561267,0.11764341109064645
2014-07-17,0.110267955075538,train,0.15640454866286602,0.17895049421336087,0.17111131913180036,0.17894808975384008
2014-07-18,0.1041979249977214,train,0.11238255478776196,0.12818312641214918,0.1256755660615639,0.11068515973809909
2014-07-21,0.1081217886181017,train,0.11552967003370138,0.12454294830232306,0.12530677889671718,0.12149937420871831
2014-07-22,0.1085975640029475,train,0.10994609609437418,0.119992763999751,0.12100629205795918,0.12019440366538907
2014-07-23,0.1087253585138873,train,0.1061118335356576,0.11790534246365622,0.11819715230101603,0.11817677753361254
2014-07-24,0.109215228994632,train,0.10546715149306264,0.11354472665812342,0.11646502515997818,0.12366359929149266
2014-07-25,0.1080786650622311,train,0.09972977522717556,0.11092069775948499,0.10960007407389326,0.1178241121627011
2014-07-28,0.1095501948156542,train,0.0996270058551155,0.10633535929271208,0.10619443832748213,0.12239334250170106
2014-07-29,0.1085026970846034,train,0.09582854922864804,0.10776019816648492,0.10455970116245629,0.11944888092883472
2014-07-30,0.1085105909423152,train,0.09554023212089606,0.10768539638357955,0.10432434883070495,0.12213460755816731
2014-07-31,0.0822547336800535,train,0.1607950234578225,0.18130859039281516,0.18419740944323787,0.19093395189961998
2014-08-01,0.0821565709351009,train,0.11432859148411544,0.12488229591497,0.12272422470473339,0.12511771042291187
2014-08-04,0.0781061678780002,train,0.12168075172344907,0.1219178284351355,0.12062088247738176,0.13685247497062883
2014-08-05,0.0700588798510511,train,0.13439945924387933,0.12832335399635444,0.12516101574156985,0.1316216352161212
2014-08-06,0.0702381190643068,train,0.1293362509020868,0.1218705128613267,0.1218039949473381,0.1460451877392142
2014-08-07,0.0693933002392894,train,0.11826627608352348,0.11671443922078473,0.1145945289267608,0.1380223645507076
2014-08-08,0.0568586637264482,train,0.11500144084329278,0.11420718011881292,0.11205051555538556,0.1429257538976152
2014-08-11,0.0603129302201171,train,0.11355865670633981,0.11655578068183196,0.11597868099159958,0.15031281836913254
2014-08-12,0.0615776102618321,train,0.1097595967099392,0.11415709137999253,0.11480486145002916,0.1525100563596167
2014-08-13,0.0568773164848884,train,0.10613017235867078,0.11173478398795074,0.11020926377263562,0.14463681148815088
2014-08-14,0.0582052338616906,train,0.10484078541810511,0.11181931685902595,0.11305337246560576,0.14644025073552627
2014-08-15,0.0582613136807495,train,0.1109636575624821,0.12717923969699124,0.12193008455718259,0.15381701586743998
2014-08-18,0.0568047468153426,train,0.10066864819036915,0.11096830717712197,0.11189366005382956,0.13956113255453845
2014-08-19,0.0539276977386832,train,0.0993119556344265,0.10867143377403449,0.11127086739539206,0.13849420874596205
2014-08-20,0.0563431751022404,train,0.09673579448115252,0.10802453381565455,0.10830732461975248,0.13349993083777822
2014-08-21,0.0554794635684378,train,0.0957109841359688,0.10731758876367445,0.10636704053042685,0.1302770288036744
2014-08-22,0.0616842138952814,train,0.095409610571302,0.1073387788935,0.10668196393080076,0.12912711234356322
2014-08-25,0.0624327315091786,train,0.0950459231986766,0.10481095673051034,0.1044010158854268,0.12693359064962795
2014-08-26,0.0682537758662939,train,0.09728075651427788,0.10365017414206362,0.10677773348891663,0.1265558676666422
2014-08-27,0.0893910251645713,train,0.0969411751077721,0.10322372563329132,0.10434283444093288,0.12263116390537161
2014-08-28,0.0936810586467551,train,0.0967289452085772,0.10439646398311245,0.10411536915640386,0.12046452877555507
2014-08-29,0.0933595938711127,train,0.09719249784475309,0.1056116910248311,0.10465229322545182,0.11939383668877696
2014-09-02,0.0938106323152965,train,0.09733119554371095,0.10698540415694253,0.10529106612170688,0.11918396262106878
2014-09-03,0.1055577320916601,train,0.09849485928080266,0.10602299795133294,0.10712297108544908,0.11594004535221965
2014-09-04,0.1054341600827188,train,0.09774735418517332,0.10897446281759812,0.10657703562010465,0.11937851151604417
2014-09-05,0.1112365366036563,train,0.0972356351046029,0.11019701025538328,0.10747804393049813,0.12168845497984562
2014-09-08,0.1109343034358647,train,0.09565347705265814,0.1048587768402139,0.10539009057417137,0.11831275845817708
2014-09-09,0.1218498056051664,train,0.09563785551028484,0.10867569690044367,0.10700958338941155,0.12312626374867466
2014-09-10,0.1358580420827155,train,0.09415217848125977,0.10426705428608268,0.1022544468010677,0.1205267669108048
2014-09-11,0.1532881035821289,train,0.09463454632149812,0.10353649622187604,0.10263767195561194,0.12013738870929645
2014-09-12,0.1572429059672958,train,0.09677110583256551,0.11336618454695582,0.1098135522570356,0.1259670247968722
2014-09-15,0.167854421347131,train,0.09397949487060116,0.10576954566607467,0.10358401932710318,0.12072762964364245
2014-09-16,0.1658178064041264,train,0.09534371391726502,0.11441136793636558,0.11009599977159082,0.12420981308408098
2014-09-17,0.1674916966563762,train,0.09882477448629912,0.12181786389204083,0.11758382707577106,0.13098990294738902
2014-09-18,0.16645328203481,train,0.09367218438964081,0.11054986973212805,0.11026162475634503,0.12170708775875413
2014-09-19,0.171562217254238,train,0.09340197626765774,0.11276515024405862,0.11099185395537077,0.12154553735696078
2014-09-22,0.1727793934407361,train,0.09803876547142691,0.12139706259969016,0.11813823071141402,0.12067197981313701
2014-09-23,0.1851658244613407,train,0.09705389153796715,0.11752804753458021,0.11465464255161123,0.1190628693485822
2014-09-24,0.1848296402656501,train,0.09734628048319839,0.11739270460046917,0.11441513332018033,0.11961341752390874
2014-09-25,0.1803077716012373,train,0.13806568467872876,0.15277238662878317,0.1511490217474548,0.139973657565993
2014-09-26,0.180172564653674,train,0.11608758019173322,0.12359484139476484,0.12233151110996862,0.125807516595388
2014-09-29,0.1801228104734283,train,0.1144669976433467,0.12164403861113655,0.11983336846594178,0.12677325350409227
2014-09-30,0.184378589040037,train,0.10883109360524344,0.11948820719506857,0.11671759476823325,0.12573863313329695
2014-10-01,0.1779845503838258,train,0.1164427313791968,0.12517407170121989,0.12187591782670396,0.13016354616104991
2014-10-02,0.179423210227479,train,0.10901509464582455,0.11712129787962533,0.11488423762929857,0.1347693141257447
2014-10-03,0.1797530848370863,train,0.10604932097672816,0.11603300505182591,0.1139890569019558,0.13902257146761413
2014-10-06,0.1797154082790584,train,0.10700091747797152,0.11701717774653211,0.1150969587652852,0.13982785816117654
2014-10-07,0.1714658000158242,train,0.12493911310821139,0.1262369085858439,0.12419266735932383,0.14038764257219324
2014-10-08,0.1615928436332248,train,0.13002864048220436,0.1276981001607677,0.12488370531356463,0.1447955779739074
2014-10-09,0.1457975112690859,train,0.20371458783656424,0.16590748631894794,0.17523827456736346,0.19225435494132948
2014-10-10,0.1400263002425797,train,0.1916849065751663,0.13719611532096995,0.13637869041193693,0.168242673787409
2014-10-13,0.1275733039395069,train,0.2216268363330941,0.16060360196981416,0.16452336331908307,0.21010911061779317
2014-10-14,0.1275002571004617,train,0.21160739114430016,0.13131420308683817,0.1319151225171253,0.19718844136535696
2014-10-15,0.1252579836363584,train,0.21651622431158368,0.18477837200575817,0.1913257016347924,0.24794476577364302
2014-10-16,0.1252848215953006,train,0.23018043602975422,0.138172070048563,0.1443828099735568,0.2303445530620097
2014-10-17,0.1181521372018595,train,0.2001973231820908,0.14297854486612,0.14277008903428462,0.2327955791038387
2014-10-20,0.1130861058454188,train,0.1873436814122978,0.14030490389485833,0.14075805584132078,0.24599830143957585
2014-10-21,0.0914179156464412,train,0.1744396751981547,0.12491040463579474,0.1224884892215203,0.21596936091713106
2014-10-22,0.0880233776388336,train,0.17330948485093012,0.1368795193497632,0.13657603988731534,0.2162354586927763
2014-10-23,0.0781264291578581,train,0.15849655533930518,0.14046995867277517,0.13767166066204928,0.21465464911769516
2014-10-24,0.0756446092412871,train,0.14545784308932858,0.1402684141360861,0.13801734219826325,0.2119237135789767
2014-10-27,0.0761394143286977,train,0.13480789368218218,0.13713406165711847,0.13659812998805632,0.20843286620873525
2014-10-28,0.0645370273613629,train,0.12157532133627359,0.12202550580375342,0.11893544040453932,0.18400237536257064
2014-10-29,0.0649499106141263,train,0.11643513377393895,0.12445982618764483,0.12072801571839228,0.17907414524206328
2014-10-30,0.0613245620157799,train,0.10897556154618887,0.11695702001979699,0.11460273176237777,0.17029177959687206
2014-10-31,0.0523873193794974,train,0.1053433835376108,0.12281935921071604,0.11897179614445536,0.16943895685037136
2014-11-03,0.057094810225509,train,0.10039992398278244,0.11687226979423382,0.11598402944195137,0.16044637307690646
2014-11-04,0.0574217219538682,train,0.0989186409355272,0.11397622247593323,0.1127689240842933,0.1557272356195832
2014-11-05,0.0530395048903809,val,0.09735374528407105,0.11425756708797015,0.11291018062787293,0.1511500971206734
2014-11-06,0.0514369130957508,val,0.09615479638945305,0.11572933936849908,0.1136039998059257,0.14864731372122686
2014-11-07,0.056578900421481,val,0.09553796592239011,0.116384440001359,0.11740419414387683,0.1431799460449764
2014-11-10,0.0555207505089306,val,0.09623520790071478,0.11530897696008945,0.11838203657088424,0.13816792155319266
2014-11-11,0.0797602467690375,val,0.09776969568646421,0.11529658965568242,0.12053994067722265,0.13333638586812174
2014-11-12,0.0816695125781503,val,0.09844861327599769,0.11759294347910791,0.1196496676296123,0.12898420200095312
2014-11-13,0.0999945270431763,val,0.09667889710331791,0.11564997087254304,0.11634560024100324,0.12745158883531
2014-11-14,0.1029414029251076,val,0.0985074778981274,0.11740082753327648,0.12227378029224083,0.12219004777230838
2014-11-17,0.1068116237974082,val,0.09901571495112257,0.11738659633390361,0.11909628830342574,0.11931314865500746
2014-11-18,0.1254616567013778,val,0.09941929843356577,0.11756099211509502,0.11863400974008181,0.11773209619115835
2014-11-19,0.1524040987553556,val,0.09947711419868531,0.11812047641571528,0.11975775430894435,0.11733389139176095
2014-11-20,0.1530209748866895,val,0.09799847280988079,0.11599784246059525,0.11719421163113446,0.11794202599988075
2014-11-21,0.1527152489191577,val,0.10468030328055314,0.12709447065054502,0.12836389746587532,0.13809754896344176
2014-11-24,0.1524661772346396,val,0.09609609910216821,0.11473937412171042,0.1195436747993422,0.11862599675063325
2014-11-25,0.1524449124430463,val,0.095939871177249,0.11525847551280266,0.11803398287892367,0.11743515242824137
2014-11-26,0.1526033544506124,val,0.0979259740755129,0.11449180969728212,0.11853886022029125,0.11548036864271179
2014-11-28,0.1524919229763309,val,0.09549008861424158,0.11170308385649236,0.11323549445822616,0.11970310835466137
2014-12-01,0.1516765098719899,val,0.09324614931062179,0.11425529426167039,0.11181198005865461,0.12343249534761108
2014-12-02,0.1540770538905998,val,0.0902873173588992,0.10993224188117018,0.10716246523965747,0.12093327356844298
2014-12-03,0.1534721511335981,val,0.0910391159599295,0.10890881220943599,0.10873058637611259,0.12076566737433368
2014-12-04,0.1662306071147903,val,0.09116983094942045,0.11136557243778875,0.10988098613466375,0.12166254958016713
2014-12-05,0.1696324453541363,val,0.09130514813574954,0.11157821006560095,0.11082417366318356,0.12132947428646743
2014-12-08,0.1736124628975583,val,0.10028091474322741,0.12789822420057337,0.1274930295883062,0.13196245791309935
2014-12-09,0.1844820342320939,val,0.08849064706342125,0.11483766955367557,0.1105809579547975,0.12050065099131321
2014-12-10,0.1776476153742874,val,0.1368375979898033,0.16888799761407794,0.17828299353971241,0.16673572799863676
2014-12-11,0.178929288713588,val,0.11185553748501598,0.13539719988058932,0.13376673643525733,0.13200316348147637
2014-12-12,0.1696192065406028,val,0.13521160260092377,0.15221846550785711,0.15336759456373097,0.15391822913989534
2014-12-15,0.1692155879187775,val,0.14272772593215294,0.1367088399872828,0.13513868484075078,0.14893165268767894
2014-12-16,0.169953530872144,val,0.1713175746962927,0.15685421856199702,0.15770053947373103,0.17362815837815324
2014-12-17,0.162091603120042,val,0.16580024575400137,0.14052877625748444,0.13892372950923165,0.16480794314287217
2014-12-18,0.1371518611480108,val,0.19120354470727483,0.16427286941183405,0.1668029944674466,0.1905066570226726
2014-12-19,0.137499577778456,val,0.16434652649972956,0.16610862609151042,0.16478000609946514,0.19076834732826106
2014-12-22,0.1462411780825889,val,0.14607212902416086,0.15564915963963422,0.1532680905573564,0.18203607210837885
2014-12-23,0.1474599166658001,val,0.12976414153554594,0.15908822780797383,0.15913966138256788,0.1873878866913529
2014-12-24,0.1476931134307591,val,0.126814299516294,0.1629468925701377,0.1736961695733255,0.21795921031128995
2014-12-26,0.1546099926499969,val,0.10732569551909747,0.1390547223054999,0.1506275162779532,0.17931678009021337
2014-12-29,0.1611848791177497,val,0.09454962701836041,0.12242801784348632,0.12624672787592686,0.1518150340594276
2014-12-30,0.1633484609629127,val,0.09327404354553016,0.11616139014609898,0.11569367818705482,0.14421555450736995
2014-12-31,0.1656738288975758,val,0.11019773736670116,0.13010862097214118,0.13706036380461703,0.16564671276974086
2015-01-02,0.1713271261314742,val,0.09181303139464211,0.11248534692200157,0.10900090894148007,0.14770038460989013
2015-01-05,0.1669011535932344,val,0.11085571026747443,0.12559669588008723,0.12876516846643357,0.16266698404263896
2015-01-06,0.1638996262757188,val,0.11472474817364181,0.1235774606290718,0.12372486354165783,0.1621384089146407
2015-01-07,0.161869242603284,val,0.11288622028054597,0.11581957496997455,0.11402444423926027,0.1696794058984255
2015-01-08,0.1496667401185435,val,0.11130397909343669,0.11637508936254375,0.11354173271203706,0.1624754157477354
2015-01-09,0.1477767308761599,val,0.1161089514135264,0.12100189550325956,0.11879762931938816,0.1630319055660259
2015-01-12,0.1499124013426392,val,0.12296212473636395,0.11965108446446619,0.11802739094555358,0.1624137086060242
2015-01-13,0.1495926869099072,val,0.12709478880546993,0.12508253996200258,0.12353828060444327,0.1653639226350267
2015-01-14,0.1518885279537053,val,0.12112175536476305,0.11595523865187739,0.11395634168684216,0.16607884866837766
2015-01-15,0.1490488325805143,val,0.12015645314124786,0.113647333319567,0.1116173957771389,0.17112202392570036
2015-01-16,0.1418014157601218,val,0.11585394413555714,0.11337205089743906,0.11067935523186853,0.17006078523560472
2015-01-20,0.1416047332530541,val,0.11433171694712127,0.12618025457239035,0.12280303165190025,0.18233531402680164
2015-01-21,0.140483869306161,val,0.11016103138188682,0.11828562737636546,0.11504013931796216,0.1747950343948574
2015-01-22,0.1320616816075771,val,0.11531061664705539,0.12280480150979207,0.1221492496894363,0.17450581120833047
2015-01-23,0.1306126418087685,val,0.10627431165932084,0.12939694268624571,0.12686291526640195,0.173009889172947
2015-01-26,0.1307380634458273,val,0.10271385928465719,0.1254400014175502,0.124264514185545,0.16924686905952174
2015-01-27,0.1219833216845844,val,0.10851499970183512,0.11787413874459696,0.11712249222517573,0.16038063039315556
2015-01-28,0.1131305522625557,val,0.14039926281111012,0.13577064505497158,0.14067383754962845,0.17228291739467363
2015-01-29,0.1089873539371416,val,0.11815559395407911,0.11665820755545628,0.1139430482124501,0.15951646764535654
2015-01-30,0.1017796617634032,val,0.1305411451305702,0.12322693175374469,0.12216973907640094,0.16402697989424156
2015-02-02,0.093077419985785,val,0.12859051284244505,0.11714057775213745,0.11497452489986497,0.16777663717720243
2015-02-03,0.0793149908144812,val,0.12271232669084137,0.12434902360899183,0.12154125265341116,0.1746431747864505
2015-02-04,0.078246778435587,val,0.11521470145970418,0.1261686155375175,0.12312351978826695,0.1718242589386237
2015-02-05,0.0859026167270998,val,0.10935418741813747,0.12326195571691759,0.12134568179189563,0.17155425764972884
2015-02-06,0.0865919853747772,val,0.10405392069862054,0.12317631073141175,0.12022983272889524,0.16360371178867333
2015-02-09,0.1030285879726618,val,0.10231138782129175,0.11857357791488043,0.11716886920647641,0.16506999166190872
2015-02-10,0.0962765238684172,val,0.09800903825113637,0.11546686328686202,0.11309977060408215,0.15838356143935656
2015-02-11,0.1061891255444,val,0.09728890260082268,0.11982340156943272,0.11974004632786371,0.15620050885947903
2015-02-12,0.1029602450094015,val,0.09450629213809898,0.11681429050023938,0.11397770883948317,0.15029990281340133
2015-02-13,0.1123034989578225,val,0.09337457627061313,0.11995011321472486,0.11906504192527603,0.1470812048923231
2015-02-17,0.1126614270232277,val,0.0919117474580202,0.11730095089692251,0.11706046544018826,0.14298395258903004
2015-02-18,0.1203815050959256,val,0.09313696598050514,0.11922460048301153,0.12046569362403482,0.13836416321164083
2015-02-19,0.1214438269887175,val,0.09407828042972138,0.11994135904803221,0.12053508321915388,0.13366191687052115
2015-02-20,0.1235767946424335,val,0.09703092827862378,0.12635302135801968,0.12405825414353606,0.14229844481710918
2015-02-23,0.1237696219314665,val,0.09619137094486108,0.12266271351701574,0.12692986157036423,0.12817829898211658
2015-02-24,0.1249689218369663,val,0.09626916618738428,0.12129652559735779,0.12239770069327813,0.12490323224364525
2015-02-25,0.1354770961747354,val,0.09724579149779948,0.1223638489160905,0.12541476354050918,0.12269888717992163
2015-02-26,0.135676291389249,val,0.09865544096091702,0.12270777834088667,0.1253074362912248,0.12035718018024835
2015-02-27,0.1353784198115381,val,0.1004328511358082,0.12646051314068343,0.12682574940819863,0.12303206980211817
2015-03-02,0.1402888108596878,val,0.0983134117074958,0.12382466531205388,0.12474187709115721,0.11913849825332706
2015-03-03,0.1429641397667498,val,0.09570807832895682,0.12312626863541283,0.12437400415697115,0.12615075829846245
2015-03-04,0.1427306733121168,val,0.09089086844261883,0.120119083316101,0.11862534659363166,0.12295196913387552
2015-03-05,0.1432386355305345,val,0.09363733005806345,0.11943507073271899,0.12116724638221112,0.12205607436111507
2015-03-06,0.1362386135647382,val,0.10322207892776054,0.13692262058430707,0.14700058643524327,0.1526841359902995
2015-03-09,0.1357714819874942,val,0.0864267452508798,0.11563667934033434,0.11432379759081447,0.13106972862186375
2015-03-10,0.1233078689620185,val,0.09630178987722922,0.12882299898296695,0.13260213965993184,0.14082184271010087
2015-03-11,0.1240309178955625,val,0.0882210753543092,0.11606428478524827,0.11376100529232945,0.13599302744019393
2015-03-12,0.1172420149525509,val,0.09100471620535962,0.11625123967349904,0.11398194875253301,0.13662237601115035
2015-03-13,0.116300401420178,val,0.09351820041921767,0.12274301746420581,0.1192580810942041,0.1369502506682027
2015-03-16,0.1065267650207923,val,0.08910970960400348,0.1170461684123019,0.11369054428254577,0.13412059642644114
2015-03-17,0.1071859567380524,val,0.08960305290275689,0.11727749041146944,0.11740553468109897,0.1419052848608841
2015-03-18,0.0984409912340179,val,0.10202006324189165,0.1361316731864682,0.13516652538235802,0.1503490339237548
2015-03-19,0.1054230637168326,val,0.09051542154870382,0.12329110595453871,0.1242814573894011,0.14249258604279808
2015-03-20,0.1057516408663064,val,0.08771936815603329,0.12601758965773593,0.12359165355820662,0.13534213385053134
2015-03-23,0.1056094787871063,val,0.09145606019535367,0.12482286564770008,0.1303256998924152,0.14809536797217332
2015-03-24,0.1051479123705566,val,0.08810756676076177,0.11818195074362206,0.11976490247053935,0.13785856404215868
2015-03-25,0.0915955260775378,val,0.10626303540684626,0.13608157875993698,0.13678100112057412,0.14321766497537042
2015-03-26,0.0915740417325917,val,0.08983300627713564,0.11845823306768054,0.11531944595126563,0.13088978610028124
2015-03-27,0.092404576841154,val,0.08880002996023473,0.11768771418860981,0.11672477640264672,0.1376538951059951
2015-03-30,0.0825398810916796,val,0.08804161487118609,0.11580250728364601,0.11450741567154703,0.1384912843672388
2015-03-31,0.077821290036875,val,0.08922586998972062,0.11762072941027468,0.11495556667435548,0.13489551658871637
2015-04-01,0.0847113132209644,val,0.08630268140768554,0.11572879125221706,0.11316265529415609,0.13512186681029834
2015-04-02,0.0920910759821593,val,0.08944529784016159,0.11579830922100386,0.11621510573795157,0.1420936009808407
2015-04-06,0.089505225402876,val,0.08633208531598476,0.11362756144880089,0.11065358348723667,0.1349570640471329
2015-04-07,0.0979509521945659,val,0.08897642294776502,0.11471610274306314,0.11628464452525294,0.13809962691484565
2015-04-08,0.0983238745491948,val,0.08820095719284471,0.11442851006243679,0.11479930254930622,0.13296832016140134
2015-04-09,0.0980776685965242,val,0.08793878693213224,0.11391424322169559,0.11344551992664131,0.13094476521004325
2015-04-10,0.1067788859754798,val,0.08905959204562648,0.11413911073740703,0.11614568888207687,0.1291428842914239
2015-04-13,0.1069302058248868,val,0.08913652536413984,0.1139813259134846,0.11379829095385315,0.13071765289450518
2015-04-14,0.1072347997245766,val,0.08884105017679562,0.11247042052893462,0.11297547510374162,0.12751937313326342
2015-04-15,0.1060529977247174,val,0.09007370552083055,0.11687287192964149,0.11659642671774723,0.12846449681422836
2015-04-16,0.1122588449601267,val,0.09075209193192457,0.11383972925629111,0.1170923547908551,0.12361559957613183
2015-04-17,0.1045471945703835,val,0.10160884691319198,0.1347615271366593,0.13759023574171592,0.15174316343497274
2015-04-20,0.1000454430255641,val,0.08582181886419611,0.11402200318642568,0.11279625449849051,0.12721523929217649
2015-04-21,0.099962754927953,val,0.08786700720919062,0.11350334737200957,0.11437636461001381,0.12894245279271388
2015-04-22,0.0984684998011506,val,0.08666977755417192,0.11269111296429134,0.11124991872784676,0.12562877871038433
2015-04-23,0.0986054753118487,val,0.08684696619716387,0.11530890623379914,0.113745419426916,0.12577245258905695
2015-04-24,0.0986277729391574,val,0.08942117072686935,0.11237473224174531,0.11594875522403761,0.12637637318250056
2015-04-27,0.1047902632543864,val,0.08744350984682471,0.11292930956132011,0.11128467027242553,0.1228757267312844
2015-04-28,0.1094467929348563,val,0.08734623920915702,0.113120988177225,0.11106947547037498,0.12232237591982502
2015-04-29,0.108537836244856,val,0.08920616824026294,0.11980054685157235,0.11700327837336874,0.12745323051963323
2015-04-30,0.1048420675987773,val,0.09683314975228377,0.1330381717716244,0.1324104497677239,0.13508074979422408
2015-05-01,0.0978720850968505,val,0.08831878175773046,0.12004657968163004,0.1175149947210747,0.12274108544492943
2015-05-04,0.0974140289098886,val,0.09085002032946145,0.11839088807840199,0.12053098538551012,0.1294277686285708
2015-05-05,0.0889160219452957,val,0.1018987909430445,0.13219503553404635,0.13012614495019384,0.1268943627318699
2015-05-06,0.0927312981568622,val,0.10214462870541478,0.1304479298158966,0.1268984100805167,0.12268765099067189
2015-05-07,0.0918490038089799,val,0.09747395513912348,0.12146875860600863,0.1213011100423029,0.13233011028543068
2015-05-08,0.0822185743463856,val,0.09611271949608031,0.12974031042470566,0.1259282648170487,0.13184841594669744
2015-05-11,0.0804292855254069,val,0.09682517372757214,0.123829985037319,0.12370872974782773,0.13194367793878328
2015-05-12,0.0902689210319504,val,0.08996080229999057,0.11982076378207634,0.11770473482674781,0.1257981322504115
2015-05-13,0.0909863802026697,val,0.08878097133095925,0.11773426693781729,0.11828296807644291,0.12999611254245266
2015-05-14,0.0875599304081284,val,0.08663642383718367,0.1171149202878798,0.1153966181129017,0.12634409661344478
2015-05-15,0.0887936567343997,val,0.08800460472561325,0.11597895455129491,0.11970845824780467,0.13000842436743698
2015-05-18,0.0901967951778597,val,0.08671169193319311,0.1137895725776783,0.11457541990415601,0.12592798039972541
2015-05-19,0.0903714273964174,val,0.08781422349322011,0.11326724022807971,0.11509768289218666,0.12472701173389923
2015-05-20,0.0975163131240161,val,0.0881563313346548,0.11315313726388967,0.1135718278776818,0.12253172019100025
2015-05-21,0.0982458055462963,val,0.09062615667497405,0.11350302670764637,0.11454656650931415,0.1211830896802358
2015-05-22,0.0995447446395401,val,0.09435215937657124,0.11455124222925893,0.11851588775123051,0.11967304090504835
2015-05-26,0.0918868697776614,val,0.09994898878687314,0.1298988171846463,0.13534646224656477,0.14119852301363572
2015-05-27,0.0893766005362656,val,0.08532500408362838,0.11483254802692887,0.11109270289987389,0.1226593040808478
2015-05-28,0.0899386044058351,val,0.08655168415588807,0.11306103478581557,0.11205650891523941,0.12474342019635129
2015-05-29,0.0871782147551351,val,0.0878287617033216,0.12034503831746177,0.11725748618316623,0.12737945876717172
2015-06-01,0.1149219760740503,val,0.08537800777407752,0.11499366834451512,0.11294677922803312,0.12397361638592073
2015-06-02,0.1151073341784553,val,0.08526472658946853,0.11412611241036963,0.11197874031978083,0.12414701640609245
2015-06-03,0.118171921818475,val,0.08708415982599002,0.11437794634850999,0.11490230738750601,0.12492842517805182
2015-06-04,0.1143143334565366,val,0.08936383640749601,0.12450146924349226,0.12218826317587704,0.1317704542145318
2015-06-05,0.1146001494061047,val,0.08366783261821302,0.1157826092780288,0.11334053079893587,0.12391859358199102
2015-06-08,0.1146687546987339,val,0.08660165472684113,0.11589999043413797,0.1142857353875361,0.12860354360874507
2015-06-09,0.1294436438386278,val,0.08470237054608216,0.1143847727369472,0.1123674065525889,0.12553673026133055
2015-06-10,0.1224986986006028,val,0.08730259541821296,0.1214896421731771,0.11850959524616807,0.12853218322608312
2015-06-11,0.1298011252342318,val,0.08724193727383024,0.11589507203634138,0.11798884608280974,0.12987994710613646
2015-06-12,0.1327492609856731,val,0.09028425435510162,0.12424989136655787,0.12158538631446773,0.12887447804771054
2015-06-15,0.1327634127433335,val,0.08883706293126804,0.12126370345938962,0.11809650631333646,0.12405628733821339
2015-06-16,0.1313587246686179,val,0.08905372417325061,0.11724739782145807,0.11579558911266592,0.1301118825749674
2015-06-17,0.1342648464018739,val,0.08560938932461229,0.1183600691893935,0.1155598908761388,0.12727628787920045
2015-06-18,0.1291797581196444,val,0.09031169946509866,0.12865871200942935,0.12527296800275947,0.1352559024166366
2015-06-19,0.1282240521617518,val,0.08571014947096393,0.12198783526068352,0.1205361940704504,0.12618132353291056
2015-06-22,0.1277101786467641,val,0.08897078914921032,0.12004732471647254,0.12223180176378734,0.13284694524627097
2015-06-23,0.1278445664002315,val,0.08847195459431086,0.11735227528223766,0.12102537568126094,0.13036715364748203
2015-06-24,0.1267925845444411,val,0.09217798871182771,0.12267892360559164,0.12123652499355667,0.12546431761569418
2015-06-25,0.1316407108951114,val,0.08880720144112364,0.1182233648480141,0.11634980853479146,0.12292232283768907
2015-06-26,0.1332579674572042,val,0.08741156183975118,0.11573668594062289,0.11461531089310355,0.12442641591964936
2015-06-29,0.1182218406628296,val,0.15622063819905618,0.18829005256193315,0.1991093363581983,0.1915059214439582
2015-06-30,0.1204721970146835,val,0.11129044634944417,0.128287820683866,0.12665396896458275,0.13163714064608464
2015-07-01,0.1170945062751217,val,0.10933632024919802,0.1264954450857224,0.12480836415459926,0.13575647190361423
2015-07-02,0.1171734744673753,val,0.11046653542277073,0.12779108420308802,0.1272848815843414,0.1435559734889047
2015-07-06,0.1173504476585392,val,0.10619297566897963,0.12312786917733431,0.12151627177637184,0.13995152387051257
2015-07-07,0.1154307246080951,val,0.09899596286006532,0.12386254228151324,0.12092698356091774,0.13910857862840229
2015-07-08,0.0992655328776698,val,0.1305402321095394,0.13769190430349046,0.13776807086251067,0.14687568377416535
2015-07-09,0.1032673628501118,val,0.112248773087908,0.1230984607205854,0.12119252117888304,0.1444789148152105
2015-07-10,0.0934760934891216,val,0.11136359745667138,0.12180394491256169,0.11904208156324836,0.1440423867852528
2015-07-13,0.0958900272726377,val,0.11289814830361675,0.1276902009291292,0.12515196815783342,0.14774117982633694
2015-07-14,0.0999696907019772,val,0.10856800451692268,0.12955099582483676,0.12924131976522474,0.1538737492133452
2015-07-15,0.1000530049159669,val,0.09961651448230148,0.12752774925357577,0.12762416980914554,0.14950770061584837
2015-07-16,0.0960484750584088,val,0.09521806900120254,0.12790173118001558,0.12751689627845175,0.14552625587181467
2015-07-17,0.0968650961756509,val,0.09137421111780394,0.12693896091802992,0.1336104034627975,0.1469078881714772
2015-07-20,0.0988458732224413,val,0.08810685239332264,0.11999172750631136,0.12597187667052423,0.13930132182295313
2015-07-21,0.0983821714271141,val,0.08614496325727963,0.11575499905859833,0.11768894314562914,0.1322198790371964
2015-07-22,0.1021376350933824,val,0.08650499544773034,0.11584700410928218,0.11769859041193748,0.12900388394741305
2015-07-23,0.1250648559648453,val,0.08550044937619294,0.11452013742996667,0.11284160824726602,0.127242073717557
2015-07-24,0.1638131237610726,val,0.0904364203543992,0.12101092268897266,0.12051373139719133,0.13326026894357865
2015-07-27,0.2199138428580392,val,0.08875758963333409,0.1201585559740646,0.11756749152758968,0.13086289673462653
2015-07-28,0.2198391315575895,val,0.09150282473699964,0.12183927085035749,0.1188749482417925,0.13123101394399367
2015-07-29,0.2561667564109937,val,0.09064027513016545,0.12129467358181013,0.11920565421226004,0.13183498358499432
2015-07-30,0.2704499788107197,val,0.08999993545008612,0.12049992765141791,0.12031685497979855,0.1334141150229458
2015-07-31,0.2703962776949788,val,0.08768932962236177,0.11954710683769311,0.1193981139316156,0.1319644064064067
2015-08-03,0.2716604891855252,val,0.08701603950253349,0.11924059320281272,0.11746215561401258,0.1289977503681598
2015-08-04,0.2920972426515595,val,0.08789221805769622,0.11646717207088292,0.11852849345663546,0.13330475418998664
2015-08-05,0.2993979435477862,val,0.0862741243852815,0.1155181889924802,0.11733102718268207,0.12921089729386304
2015-08-06,0.2979831083273121,val,0.09057125868534362,0.12187358312395313,0.11990634852744536,0.1292808432376331
2015-08-07,0.3027847765351801,val,0.08613112660957989,0.11614863352415858,0.11549590331504685,0.12700094112520896
2015-08-10,0.3121949725751525,val,0.08712461864380511,0.11518568904678646,0.1144739046051177,0.12720912479148683
2015-08-11,0.3141880762909201,val,0.09658146927631209,0.12795486039131765,0.1256679172327393,0.13003875262489734
2015-08-12,0.3147494200268197,val,0.0935789935044367,0.12755719070257918,0.12346295351640313,0.12740021401969379
2015-08-13,0.3151296950861016,val,0.09215866732342644,0.12031968863284533,0.12188576817149015,0.13250445357931237
2015-08-14,0.315141699630612,val,0.09109002797083098,0.11750141605818881,0.11862158448960718,0.13125348254563013
2015-08-17,0.3175965749076335,val,0.08833073051224517,0.11417581607891175,0.11372440536668613,0.12748623942929915
2015-08-18,0.3189041106975884,val,0.0883154998662879,0.11284097881450583,0.11405951798262401,0.12762984573265912
2015-08-19,0.3177576803715317,val,0.097906811902576,0.1334690902727865,0.13146642298176403,0.14310087798448853
2015-08-20,0.3142912808295627,val,0.1648300763844415,0.19698888135818,0.21369233158526255,0.1977845618610779
2015-08-21,0.2941946379664001,val,0.29491441728307277,0.3777029906699857,0.43551745852697576,0.39894910751859525
2015-08-24,0.2583502893529302,val,0.2630755652827051,0.6550012427928475,0.7591385096223032,0.5036141003467058
2015-08-25,0.2548177506500748,val,0.23858557503135508,0.17906734161318574,0.19947609496354096,0.25316456660139053
2015-08-26,0.2172856181444432,val,0.2572853003064677,0.1459245461824872,0.15475094983223436,0.229920676223045
2015-08-27,0.1992269881125729,val,0.2788339085815242,0.20405493056897867,0.19278884060907775,0.2501532305437818
2015-08-28,0.2187046874892904,val,0.33568867080229176,0.3453114624862703,0.3544734870401798,0.39472960795472734
2015-08-31,0.216810878179679,val,0.3276466589443258,0.2834444598318878,0.2969440940197342,0.3616911553354549
2015-09-01,0.1993575603574442,val,0.2948912137395167,0.16132369282604625,0.16867401701891946,0.26169053125783537
2015-09-02,0.1880804605749824,val,0.3373054630849658,0.20065314630056208,0.20973760488348453,0.3234912219890571
2015-09-03,0.1952890702663251,val,0.355098901524426,0.21993872737226067,0.22369710407794094,0.3494784131835636
2015-09-04,0.1978049028090887,val,0.3125404535801502,0.1260673692682372,0.12492657937543342,0.27277583416399664
2015-09-08,0.1775188276022089,val,0.31679551525796334,0.12820956023367924,0.12602883890454086,0.29066043269232444
2015-09-09,0.1734004857083007,val,0.2902032104873615,0.1254019592869038,0.12422296852591141,0.2774759917703236
2015-09-10,0.1752542797057309,val,0.3033908936911125,0.13159480649338487,0.12132752812143074,0.28076236847483554
2015-09-11,0.1745264452546166,val,0.27974914333944895,0.13309314830816743,0.1155958050245203,0.2756536065468073
2015-09-14,0.1740590024780623,val,0.25477795443786155,0.13934647589178045,0.11672567534666815,0.2729282643281538
2015-09-15,0.1698698168917325,val,0.24130812815459388,0.12333409209926413,0.1075964573643001,0.2536389631036607
2015-09-16,0.1679538318799192,val,0.2217931467688742,0.1514731560910999,0.12051864009984593,0.24628218905694751
2015-09-17,0.1762678710913486,val,0.1907799776618033,0.13020927038373473,0.12272770143702412,0.24821877529421527
2015-09-18,0.1670622992343775,val,0.18747583515830857,0.1047389823202868,0.10481571934590894,0.22450253668482825
2015-09-21,0.1660665875350695,val,0.18727098457759364,0.14307435490019696,0.12650287142989894,0.2425748095064703
2015-09-22,0.1595350019403717,val,0.175889535967352,0.11343340831247664,0.11008948412480801,0.22544571291157098
2015-09-23,0.160909086065719,val,0.17356734916739183,0.1478697571830427,0.130708899718679,0.23269457123142073
2015-09-24,0.1710631145339196,val,0.16036515578104354,0.11299363430474588,0.10865191819607187,0.21096300933873793
2015-09-25,0.1753832616556395,val,0.15503228467838231,0.12128079672422197,0.11315827791468172,0.20400016824857276
2015-09-28,0.1506493421961387,val,0.19201959678155575,0.12091299023899671,0.13484021677259309,0.2473618952728101
2015-09-29,0.1507913532923221,val,0.18075249047465083,0.10314891370333024,0.10248727336713123,0.22925501755893768
2015-09-30,0.1415756769141231,val,0.17589727604056934,0.10290136465240378,0.10092552011811536,0.22293834883232738
2015-10-01,0.1412879418680353,val,0.17146768954545324,0.11203857285097327,0.10599427695458145,0.22351050071678957
2015-10-02,0.1320124710455441,val,0.17193665495952098,0.10835307065918029,0.10979615447376151,0.22822817824813785
2015-10-05,0.1234908847421145,val,0.16275203666046303,0.12335697338624323,0.11326868564743163,0.22056379980225313
2015-10-06,0.1233173489341575,val,0.14961499368240766,0.13675958986685424,0.12380393254549868,0.2141081363567047
2015-10-07,0.1203537672001338,val,0.13804561131236054,0.1309294131075915,0.12125403850442867,0.20088338951339305
2015-10-08,0.1161041260958046,val,0.129808884554141,0.1267754851597222,0.12043624572674619,0.195770774036875
2015-10-09,0.116099681789612,val,0.12158511653457256,0.13442975757006076,0.12825661196858365,0.18026108678880018
2015-10-12,0.1207286549749149,val,0.12246181502884176,0.1361837801034615,0.13535356689600378,0.17035856437559788
2015-10-13,0.1189064636382491,val,0.11581000343437267,0.11808859666298371,0.11598833321606627,0.16266995004590787
2015-10-14,0.1185044601994559,val,0.11535624231834378,0.11910348290334964,0.11605295392044872,0.15619238564272064
2015-10-15,0.116651832794034,val,0.11560675325393717,0.11925770611348864,0.11600586635506804,0.16254049637480739
2015-10-16,0.1222907149264632,val,0.11062485795755972,0.12294687846183669,0.12027754712168323,0.15529547663644308
2015-10-19,0.133499269942653,val,0.10984243102290663,0.122300391643371,0.12188814879189606,0.1477079235176046
2015-10-20,0.1334347996699528,val,0.10756221025856867,0.11846591199366185,0.11775052330363461,0.14598110364365435
2015-10-21,0.1430192241648487,val,0.10524786512440086,0.11612010129131624,0.1155210369470126,0.15076217232066247
2015-10-22,0.1301064273776481,val,0.10735547754741817,0.12723025293592405,0.12486428151717582,0.16730863173120636
2015-10-23,0.1248887952966476,val,0.09803394512621365,0.1232054628080359,0.11989861837569908,0.15226221618268176
2015-10-26,0.1246499070258183,val,0.0970684242376744,0.12071624411164589,0.12145416963555014,0.14777091566187886
2015-10-27,0.1245513950581085,val,0.09639239574043351,0.118128129478962,0.11772221700188036,0.14297561302816347
2015-10-28,0.1179049534154644,val,0.09873896610161766,0.12474910207810415,0.12443998091009904,0.1542130191915204
2015-10-29,0.1179575254032381,val,0.09256369636404925,0.12271397292254499,0.1259737762229496,0.13914887439956705
2015-10-30,0.1178856197908816,val,0.09261718006567424,0.1235976708697169,0.12255110879211752,0.13777633375968157
2015-11-02,0.1152777208361472,val,0.09022486545926882,0.11742692109752986,0.11597525099336883,0.13328146024966736
2015-11-03,0.1204586550375156,val,0.09074061865303017,0.12055822210386162,0.12094122440549926,0.13122103611517547
2015-11-04,0.1299920410470631,val,0.08944599429278362,0.11918396771663595,0.11833292366615843,0.13103724039879347
2015-11-05,0.1469221145273538,val,0.09180531450423712,0.1191272403718692,0.11911930402625939,0.1286273680640171
2015-11-06,0.1484857391862434,val,0.09231743639229911,0.12180003743352347,0.12056380587535838,0.12774910509570736
2015-11-09,0.1466768672210177,val,0.0905705172463562,0.12108315727962608,0.12096682890564897,0.13472159569088724
2015-11-10,0.1490463139412582,val,0.09333679503639807,0.1197210009134212,0.11980968085344332,0.13312925608520057
2015-11-11,0.1486706878571049,val,0.09456829980665261,0.1189702759152188,0.11918974536409255,0.1305642702303951
2015-11-12,0.1563306875659879,val,0.09678909430244335,0.12164118561678423,0.12748322566349343,0.14469134057552624
2015-11-13,0.1521615146499217,val,0.09279217878525992,0.12119222286093001,0.12281747435137137,0.1461699106087344
2015-11-16,0.1471640235434425,val,0.09295137762887822,0.11525952533772069,0.11397719598006636,0.1492343424435565
2015-11-17,0.1559092521038685,val,0.09150306045357097,0.11440378846565388,0.11152727758668021,0.14699317961878097
2015-11-18,0.1554231441620722,val,0.094010659396102,0.11528244247697246,0.11275107340009845,0.1483270339270716
2015-11-19,0.1679807360424345,val,0.09252534849442705,0.11951332352012563,0.11836671046857311,0.15189763334341466
2015-11-20,0.1699998254939247,val,0.09019451071539585,0.1193484301926675,0.11783777713430002,0.14779729061393093
2015-11-23,0.1729494982585399,val,0.09170722087136558,0.11887221068537299,0.12025235030820887,0.1492049379842217
2015-11-24,0.1783184002933066,val,0.08880067276914246,0.11653731069406964,0.11439433757248206,0.14154563780191043
2015-11-25,0.1784140526693255,val,0.09896643307081085,0.12373972578370894,0.13384192696585856,0.1421703860323341
2015-11-27,0.1785523989944769,val,0.10408992830796805,0.12380494624933412,0.1336618688722687,0.13317518801162653
2015-11-30,0.1818866674359362,val,0.10168957185758011,0.1251419727654687,0.12366162139898573,0.13609688293606165
2015-12-01,0.1805145807744503,val,0.09574005024708289,0.12067147763037762,0.11882967686169846,0.13119318363547483
2015-12-02,0.1803665787425731,val,0.09456418217616183,0.11954550590596773,0.12205410328344635,0.13997489893510118
2015-12-03,0.1803519764518738,val,0.11310700943780315,0.14240859736280828,0.15320618989999701,0.16575314514619816
2015-12-04,0.1669198733631204,val,0.10558957696952152,0.1371476062712502,0.13735193639925705,0.1535678973096568
2015-12-07,0.1715445096388832,val,0.1005812710530721,0.12285656047953086,0.1211835685918511,0.1437405372280847
2015-12-08,0.1904841294239895,val,0.10607637452199323,0.12193037066445973,0.11997155971814322,0.14363884188405257
2015-12-09,0.1924767585279505,val,0.128162534301944,0.1355130007494083,0.13524705741694198,0.1506199514633381
2015-12-10,0.1922901756350501,val,0.11077262407272642,0.12177607300586067,0.12173324570655353,0.1568077087981709
2015-12-11,0.1815590663038494,val,0.15324786355984876,0.16433019721425818,0.17153454848577807,0.1881805625455388
2015-12-14,0.2017017622088092,val,0.13006896538040902,0.12158758602210054,0.12046511715382946,0.16261742225768092
2015-12-15,0.2065198188436186,val,0.12193836933848862,0.11875867112958519,0.11691110556150675,0.16724367354537242
2015-12-16,0.214304758859749,val,0.12300524502618873,0.12719582678715038,0.1260209499077852,0.16841238848898277
2015-12-17,0.2073112534883862,val,0.13643916458562905,0.1308714687014505,0.1310091196668949,0.16635477138367713
2015-12-18,0.2024933388290699,val,0.15253183911129764,0.13901078202473233,0.14088971071048279,0.1716065292893032
2015-12-21,0.2013634738709179,val,0.1439769122624953,0.14274547278639918,0.14347664144336866,0.19916411578064022
2015-12-22,0.2114597955266758,val,0.12938940147214226,0.13095489803714755,0.12807366287436753,0.17892317538067645
2015-12-23,0.2138460416770954,val,0.11952164357145438,0.12960499327507916,0.12662660487533392,0.17608348752678804
2015-12-24,0.2191109076147471,val,0.1180159462738474,0.13433096345641862,0.134709176555558,0.19061217601561634
2015-12-28,0.2223791450011857,val,0.10800480045841362,0.12021571019836333,0.11856549255500304,0.1717622060630117
2015-12-29,0.2199380703692978,val,0.10212547481820611,0.12046337460371581,0.11790700258813851,0.1651914283777378
2015-12-30,0.2346204056935521,val,0.10090370075889198,0.11439510548354123,0.11231570175503132,0.16114968350447967
2015-12-31,0.231894125299053,val,0.10181775953872584,0.11386447900094604,0.11066021736724997,0.15919219680953198
2016-01-04,0.2354653501648367,val,0.11833619314549407,0.13454359733773263,0.13651336824679497,0.18222813952568348
2016-01-05,0.2363429511944309,val,0.10732029239823707,0.11381219166661494,0.11160332155872128,0.1695016080479885
2016-01-06,0.2320738888061293,val,0.11171847076211583,0.1109012417568324,0.10938688824747278,0.16762269648102118
2016-01-07,0.2260297780680754,val,0.17351689465694434,0.172020980815398,0.19170188252437936,0.22710769077778514
2016-01-08,0.2277561705221065,val,0.1716707168495569,0.13636126207466423,0.13948266875337145,0.20641260952015378
2016-01-11,0.2277300148333276,val,0.17456838734858965,0.11576536242346083,0.11551488064475683,0.20700132925567424
2016-01-12,0.22595534871807,val,0.17196496526888583,0.11449820934033483,0.11276586542281225,0.21094293970350117
2016-01-13,0.2125455505157114,val,0.2176981840610687,0.16039938613369692,0.18454407960891264,0.250705407567058
2016-01-14,0.2169840205535807,val,0.21215239962860036,0.12168194345077515,0.12132898263532241,0.22504190692223786
2016-01-15,0.211372830793583,val,0.21534909343978476,0.1439561197393545,0.15095312545584966,0.2426908013698561
2016-01-19,0.2190071092327522,val,0.231627826807298,0.13072705323316636,0.1322254414367311,0.2578690049278313
2016-01-20,0.2146630476814574,val,0.23798512327549207,0.13858844807601636,0.14585310155126033,0.2572734004207012
2016-01-21,0.2137517414015039,val,0.2542537026329754,0.12768880773481509,0.1288440951072243,0.2705254509214456
2016-01-22,0.2075988797304442,val,0.23260652296932138,0.1267009837340709,0.12326217427949318,0.25907338160431487
2016-01-25,0.2054489876875189,val,0.22663593168205431,0.1254096842108723,0.12409136022991525,0.26724772080510956
2016-01-26,0.2003947383787137,val,0.2218214841739339,0.11636836030192746,0.1121325010006998,0.25444622800096994
2016-01-27,0.201184833696263,val,0.2147375100980941,0.1118401904318293,0.11425467542710889,0.24446640662606872
2016-01-28,0.2005051366518441,val,0.2099931480822246,0.1324585729945281,0.12506499424467335,0.25920935566819775
2016-01-29,0.1834964432551685,val,0.19166477745116584,0.11484653378004596,0.11294366628713289,0.23981707670004135
2016-02-01,0.2011747183033219,val,0.18273350332954738,0.13376629371843798,0.12391589887685053,0.24283909662683176
2016-02-02,0.1911982471842775,val,0.17795883772791668,0.11045777352408916,0.10949280182994334,0.22432560806394766
2016-02-03,0.190517488829106,val,0.17625110277388395,0.10807662033817106,0.10610031285982392,0.2203660860530777
2016-02-04,0.1907904366482476,val,0.17201972546167327,0.12658338359299848,0.11940579371935273,0.23342659349533998
2016-02-05,0.1781785260452107,val,0.17167502982428262,0.10345271072900773,0.1034852515841651,0.21840907467931372
2016-02-08,0.1759317008694096,val,0.18239247614400841,0.1011980525956972,0.10157826407528994,0.2250153945245382
2016-02-09,0.1767989134210446,val,0.1918581905917419,0.10080631043970116,0.10054811218361676,0.23369880574662538
2016-02-10,0.1767952908833457,val,0.1888611709932474,0.10696857978922804,0.1036588881395585,0.23564270835516427
2016-02-11,0.1797927651042137,val,0.19321204337215728,0.09801583261027604,0.09988233904047268,0.23401114306710233
2016-02-12,0.1646167776127446,val,0.19821783674285218,0.1045440247758445,0.10194782954650991,0.2419717785143907
2016-02-16,0.1536312555187076,val,0.19046009221351168,0.11176961826145178,0.10456522518977393,0.23418760752152362
2016-02-17,0.1439242833378481,val,0.18131822971761977,0.11193963214622124,0.10612054863669707,0.23083499007149705
2016-02-18,0.1449340520708323,val,0.17313713611753082,0.12136102861470476,0.1112835268470675,0.22659142724064305
2016-02-19,0.1455910456887253,val,0.1635330635015372,0.11976394215727479,0.11143014784914007,0.2196751283668785
2016-02-22,0.1364488679481411,val,0.15419150691026265,0.12380034579485207,0.11467415019411475,0.21191543468447868
2016-02-23,0.1287888282913542,val,0.14949519300091854,0.11381175004229312,0.10986472139781116,0.20769758046787323
2016-02-24,0.1299114800939767,val,0.14536645612857094,0.11300034929046542,0.10802109824683336,0.20203840973063444
2016-02-25,0.1226919283902865,val,0.14100207430131093,0.11556417303704332,0.11009319598095563,0.196350239561471
2016-02-26,0.1224360552560941,val,0.134954523427002,0.12311647501797846,0.11665676405916015,0.1926403346187156
2016-02-29,0.1236099883974656,val,0.13090333426937445,0.11310743403778055,0.10942762751644629,0.18675568258235192
2016-03-01,0.0933731399517163,val,0.13344976282558257,0.11121339257977553,0.1105516084030749,0.19370319010613893
2016-03-02,0.0924107327894381,val,0.12508407082109615,0.12088730294896073,0.11560872532400626,0.18605593833438247
2016-03-03,0.0944988879953342,val,0.12085037018179602,0.11931022855584625,0.11487156294732151,0.1787267679655309
2016-03-04,0.0944858618263977,val,0.11777686220636384,0.11936532695336241,0.11478287389893768,0.17660513400386033
2016-03-07,0.100946155648407,val,0.11355558943918291,0.11950017888226387,0.11610509441261217,0.16758702150568366
2016-03-08,0.1007936025500226,val,0.11216981003868487,0.11480447729791518,0.11104085739928361,0.16481790835980958
2016-03-09,0.1080715242535133,val,0.11764513413799446,0.1198450524344561,0.11775984259563192,0.15961126115719731
2016-03-10,0.1084550178370457,val,0.1166585555676275,0.12069079609102208,0.11682771076291397,0.16215042118524267
2016-03-11,0.0927510534533686,val,0.11275599905477718,0.11741658312288143,0.11488120588359553,0.16003840240897707
2016-03-14,0.0983086042073822,val,0.11118141573980425,0.12343578163958643,0.12335248119655624,0.1551257009876949
2016-03-15,0.1044255101932197,val,0.10896808511356856,0.12282364440675062,0.1227299214626245,0.14666258555629813
2016-03-16,0.1023969131847703,val,0.107868115570054,0.12431752612898744,0.1237093226097088,0.15333330368056194
2016-03-17,0.0999830971401757,val,0.10146347676257432,0.12302884704154374,0.12195748213780112,0.14895520036396662
2016-03-18,0.1020788594855272,val,0.10094400022513846,0.1277246191459372,0.12893205138029112,0.14104935674654467
2016-03-21,0.1025673583274554,val,0.10331464512818862,0.12466331729606968,0.12993846554532576,0.1330611109511417
2016-03-22,0.1026052895062513,val,0.10151237704490686,0.12312133821023252,0.12592473514722158,0.12761039424671108
2016-03-23,0.1016920193851039,val,0.10064744473154852,0.11907416272466378,0.12005913043715229,0.12852318149732767
2016-03-24,0.1016800539495823,val,0.10237952856152657,0.12021228158960284,0.11994412845521003,0.12496106370318474
2016-03-28,0.1018423742618902,val,0.10525335275141565,0.12134734910353481,0.12332327339035093,0.12337813575129335
2016-03-29,0.096594313020563,val,0.1019292042155703,0.11926051169342013,0.1186567230144019,0.1290708859338678
2016-03-30,0.0956180107747269,val,0.09916961582595243,0.1211160744888901,0.12413311812801259,0.1257664965286613
2016-03-31,0.1005904853519083,val,0.09784560099663488,0.12053983997425877,0.12195459928143487,0.12466324644358692
2016-04-01,0.0995231498176965,val,0.09569536875564372,0.12009868277897248,0.11872842321254995,0.13088300954000193
2016-04-04,0.1027680096406923,val,0.09273044551941212,0.11506982391997886,0.11712700009768627,0.1273788457813926
2016-04-05,0.1012638055398063,val,0.09095909152200202,0.11452328910111673,0.1129746481054215,0.13158180946989584
2016-04-06,0.0957098436711542,val,0.08828285269246287,0.1129500281010578,0.10997615467480487,0.13146817138983735
2016-04-07,0.0856435697443662,val,0.09855319270906401,0.12294359337605956,0.12503104299011655,0.14344224554827473
2016-04-08,0.0860916188969638,val,0.08757365224214804,0.11276455836694337,0.1105240156320856,0.13505351838537108
2016-04-11,0.0857378742409187,val,0.08943936508246067,0.1132522231676924,0.1112661054017757,0.13581213899233818
2016-04-12,0.0905181577509607,val,0.08842100691348298,0.11548561078416947,0.11169492435348989,0.1350349876223405
2016-04-13,0.0896266630588186,val,0.08732501326377737,0.11552147112206597,0.11400575831974107,0.1352914262668427
2016-04-14,0.0896324545820236,val,0.08990898397254012,0.11514239765139192,0.11997469516929603,0.13687893350490252
2016-04-15,0.0947822612719184,val,0.08872281289072836,0.11355807763407573,0.11520024023719125,0.13039221674225696
2016-04-18,0.0978815885899588,val,0.08760445434347633,0.1129406395534069,0.11067911666182115,0.12840624048913804
2016-04-19,0.1027744428221376,val,0.08955193710159814,0.11593997628502882,0.11702730143341791,0.12811182389034556
2016-04-20,0.1027239773354102,val,0.09196520648482767,0.11671756955979429,0.11925781599001886,0.12405931085867537
2016-04-21,0.1016738161019862,val,0.08983693635392721,0.11540260368797382,0.11414389983093925,0.12349102771353324
2016-04-22,0.1041020017247961,val,0.09063955575407873,0.1169479956007185,0.11556197829532083,0.12261076327486457
2016-04-25,0.1040346194548032,val,0.09266670802837013,0.1153798989601998,0.11483163847994561,0.12254172275059343
2016-04-26,0.1135145719041899,val,0.09535370711938126,0.11774345694771242,0.11773255606380047,0.11900367821331144
2016-04-27,0.115792294145994,val,0.09573386413854068,0.11859411358576036,0.11726896913199607,0.11790591557473744
2016-04-28,0.1111704227302586,val,0.09536482743398798,0.11970602623703053,0.12361391198216064,0.1326912508101325
2016-04-29,0.1105609383435516,val,0.08783476878679679,0.11858307847304031,0.11516065860107125,0.12943973866620853
2016-05-02,0.1071469347906322,val,0.08958910927528548,0.11391292198807532,0.11197625660613587,0.1335699582500315
2016-05-03,0.1028085636583516,val,0.08819765619017174,0.11551901805282977,0.1136509370977332,0.13109562957323215
2016-05-04,0.1014506399574024,val,0.08733081256755469,0.11268972544883805,0.11016222101669026,0.13141935505166266
2016-05-05,0.1020023886661334,val,0.08983883716206285,0.11212853749253959,0.11167637389891112,0.13559427393958412
2016-05-06,0.1027667644997966,val,0.0874172475579036,0.11177702992501756,0.10889290419236454,0.13067033110404347
2016-05-09,0.1028743762723463,val,0.08906000382469605,0.11153950707294928,0.11214757957922346,0.13143932655863608
2016-05-10,0.0937628318887504,val,0.08790070569285846,0.11168441388035046,0.10898329228601462,0.12957182136749965
2016-05-11,0.0877606845586794,val,0.09231323747019479,0.11610105612485623,0.11499577225887898,0.1335713781108437
2016-05-12,0.0940403278581685,val,0.08828775084399883,0.11317860911489705,0.11094721398703629,0.129879768527443
2016-05-13,0.0929211303779288,val,0.09192512478035786,0.1161726130137983,0.11345931814386284,0.13010245181602126
2016-05-16,0.0864218957632132,val,0.09132034889465336,0.11356045803941509,0.11081859140419516,0.13059872514534435
2016-05-17,0.079913698519783,val,0.09623202791910994,0.12078613272474094,0.11725806424511705,0.1316113943982039
2016-05-18,0.0806042857653027,val,0.09134895766500521,0.11659064613764389,0.11315915365113052,0.13076550843148282
2016-05-19,0.0807495072015391,val,0.08983359469630528,0.11435530084259815,0.11130527916831826,0.13182810468616854
2016-05-20,0.0808707756484291,val,0.08863938318709645,0.1143334074747421,0.11190073121369346,0.13340117074109886
2016-05-23,0.0813504695560844,val,0.09281805148516022,0.11429076318335425,0.11561072962842871,0.1426835790799215
2016-05-24,0.067538831065806,val,0.08883682516230276,0.11399713064410179,0.11034057354559756,0.13376076173353882
2016-05-25,0.0780710729585344,val,0.08818314413789459,0.11341780914777091,0.11181343891649324,0.13392171550176682
2016-05-26,0.1531254596083225,val,0.08936390380161496,0.11282145800916189,0.11475630596853412,0.13480638403037584
2016-05-27,0.164583818161499,val,0.08844051591903654,0.11221919753819405,0.11200991997891106,0.1310671815253063
2016-05-31,0.1762600638251283,val,0.0939969328103842,0.12345427220115401,0.12074474421352391,0.13879329591214382
2016-06-01,0.1860305177195539,val,0.08943121746670026,0.11257596880322512,0.11425245357077234,0.13073870202586563
2016-06-02,0.1918263559330057,val,0.08868449005253912,0.11182462008961387,0.1121655684444059,0.12710825881000334
2016-06-03,0.1916809023041826,val,0.08877279891052886,0.11612437194531341,0.11389139157950852,0.12813720308310128
2016-06-06,0.1925468827417064,val,0.08941521183736166,0.11275421191619155,0.11311318420630187,0.12444717852550141
2016-06-07,0.1936342605017104,val,0.08926499539901887,0.11273187513876215,0.11306218179897426,0.12319552052777175
2016-06-08,0.1933026939633894,val,0.09119424432706394,0.1138375147540938,0.11403373773308187,0.12133849463002615
2016-06-09,0.200255785612477,val,0.09064694318225155,0.1147066311632991,0.11305815466435014,0.1212087992176955
2016-06-10,0.1977772962845305,val,0.09941198871019978,0.1296540126592878,0.1349558574976955,0.14264726229197885
2016-06-13,0.1975345354793331,val,0.10485270897722371,0.14059912323462287,0.14734515020614483,0.14732101151726176
2016-06-14,0.1974119819062288,val,0.0878744139466565,0.11838187035994441,0.11606514570575366,0.1340910060457199
2016-06-15,0.1983371759614478,val,0.0865065948345282,0.11482482992529777,0.11163146965468156,0.13685755263423044
2016-06-16,0.1981122209675884,val,0.08689879199806215,0.11799716613975053,0.11444417631494423,0.13864770616100872
2016-06-17,0.1978982568248781,val,0.08697624009269886,0.11706546322779726,0.11569310117207696,0.14291174056294
2016-06-20,0.1966148652494252,val,0.08773831384158787,0.11677710657731365,0.11555690420814274,0.14312060809745986
2016-06-21,0.1969042117676308,val,0.08965317500507884,0.11716075849740223,0.11698262743754903,0.14276720954677455
2016-06-22,0.1972769459325575,val,0.09107930890386497,0.11739773086968762,0.11649118479317642,0.1431531937334433
2016-06-23,0.1925196951074001,val,0.09121445944870799,0.11957565251917371,0.11749968224260948,0.14341786432839024
2016-06-24,0.1407256309049066,val,0.19905879501105364,0.2417652881356856,0.2761521604184065,0.2949953803437433
2016-06-27,0.1262300606624887,val,0.16474915194656387,0.1443521845834148,0.1422308742582913,0.17957345693437818
2016-06-28,0.1091913817855663,val,0.188214181297945,0.16745843435874244,0.16529144711246463,0.21083241020685817
2016-06-29,0.0913618941392007,val,0.19415425385689833,0.1778259302889604,0.1746145812273207,0.21946644097731913
2016-06-30,0.0779323561839546,val,0.19004137039470925,0.16753800737431768,0.16465676697394202,0.2058862674562068
2016-07-01,0.0776219789925281,val,0.1768571604182307,0.20654062301081216,0.20633438135754464,0.2393308735362796
2016-07-05,0.0767397862400617,val,0.1498176120317813,0.16999414705211757,0.16850804416914697,0.20711024628673844
2016-07-06,0.0744715181871672,val,0.1305157970291607,0.15075077681477506,0.15079336592760398,0.19257734584368194
2016-07-07,0.0745322389967308,val,0.11427610440783481,0.14569291570814846,0.14775895856692434,0.18576765560121491
2016-07-08,0.0602608687766981,val,0.10168054046056413,0.12929801442560881,0.12607204437559286,0.16337834640673432
2016-07-11,0.0589886341868532,val,0.09626974882560996,0.1329590025979933,0.13512964303136513,0.16299278299695877
2016-07-12,0.0531433711091052,val,0.08992212735668324,0.1253015070055424,0.1237846657814622,0.15052208944078202
2016-07-13,0.0538638961453104,val,0.08735440922666486,0.12493185273178098,0.12545946739459865,0.14564070941567053
2016-07-14,0.0527326370477092,val,0.08557268055456717,0.12345909602727416,0.12328282182886398,0.1409228043461479
2016-07-15,0.0526073468826763,val,0.08539056250121232,0.12463084406646145,0.12454931300722254,0.13774712101719253
2016-07-18,0.0527399862806467,val,0.08823085906433205,0.1222887098024545,0.12558630502228477,0.13504336517921547
2016-07-19,0.0557267815219153,val,0.09001276816168986,0.12162084466703149,0.12478698377439078,0.1303061255236676
2016-07-20,0.0541746473522915,val,0.09119825198621125,0.12101711102693044,0.12190666034403977,0.12655142037518607
2016-07-21,0.0530818308575933,val,0.08922482434787264,0.11934781971520944,0.11893457232883137,0.12900252940770016
2016-07-22,0.0508886204886462,val,0.08885230937680841,0.11946948789367196,0.11849849524179601,0.12596892809385896
2016-07-25,0.049964582536682,val,0.08859573006767678,0.11940973413847883,0.12187241168319174,0.1266021775552039
2016-07-26,0.050445526305184,val,0.09068366845154004,0.12173274857421229,0.1254215369987325,0.12408900478245752
2016-07-27,0.0534961654945476,val,0.09217375723886549,0.12384392359559535,0.1269061303492941,0.12394369976686169
2016-07-28,0.0533951008018273,val,0.09419767410089605,0.12327339974077452,0.12943565791221773,0.11944471704104966
2016-07-29,0.0535072081306445,val,0.09666409445051115,0.12638372251754715,0.13097838326275346,0.12021749642496475
2016-08-01,0.0562034297824012,val,0.09688995316417368,0.12566835382405814,0.12966600593778244,0.11757264085442573
2016-08-02,0.0516924823164486,val,0.09273952453250436,0.1236250783480158,0.12483929648532963,0.12365384988846971
2016-08-03,0.0516405104048561,val,0.09345709653254367,0.11947190070730526,0.12120639720242443,0.12066487803255627
2016-08-04,0.0515030535393879,val,0.09357051857037947,0.11795724606589299,0.11940786212438642,0.12009254184699471
2016-08-05,0.0455104643994273,val,0.09223154253060394,0.12035004125936234,0.12157193448887406,0.12303386811744166
2016-08-08,0.0467090466781202,val,0.0931270103801258,0.11508665725632707,0.11986795183493278,0.11996278077343642
2016-08-09,0.046662345869831,val,0.09311492156395162,0.115428313902386,0.11780770528238033,0.11806916951462892
2016-08-10,0.0465387074117678,val,0.0925888001514516,0.11575569114561995,0.11557383098832617,0.1179524655475738
2016-08-11,0.096387512037813,val,0.09356096599444802,0.1175409633947437,0.11662840524803604,0.11869389635327258
2016-08-12,0.1088020020458325,val,0.09768523239752895,0.11713831228212081,0.11959503769138113,0.11703292190674554
2016-08-15,0.1198958819776459,val,0.09830763939469198,0.11776287322881543,0.11859328773158763,0.11553639875131665
2016-08-16,0.118490012696051,val,0.09466562387684485,0.11736847274252177,0.11591336467629577,0.11719954422063787
2016-08-17,0.12345504345311,val,0.0936142970594157,0.11862559881158469,0.11550583017703214,0.11729136603844519
2016-08-18,0.1239632177660329,val,0.09464234448368979,0.11644062046188852,0.11617763268971767,0.11637765682667679
2016-08-19,0.1238561797390548,val,0.09567062429988114,0.11894882386266392,0.1183627939742004,0.11715681122071867
2016-08-22,0.1238561838393731,val,0.09388408727826288,0.1177973442066889,0.11635402727657929,0.11650412417447906
2016-08-23,0.1298654917073521,val,0.09975838802737388,0.11888981718140296,0.12010354494748976,0.11642853026687236
2016-08-24,0.1305026580032042,val,0.09349849687686138,0.12099946679938996,0.11927093370001779,0.119419760203958
2016-08-25,0.1319291524540778,val,0.09423598115116252,0.11854067734465587,0.1153875033161656,0.1164644559132977
2016-08-26,0.1348866130028343,val,0.09325706884477279,0.1265932428321189,0.12420251956327663,0.12513224298881717
2016-08-29,0.1355451323372886,val,0.0896358039138123,0.11913803805838687,0.11699123638084698,0.118106382677014
2016-08-30,0.1365538676598894,val,0.09198152971237322,0.11835301857488803,0.1194268113724529,0.11937718776323615
2016-08-31,0.1399484431007476,val,0.09048926742060291,0.11986521691366775,0.11774447277836854,0.11769886704243168
2016-09-01,0.1424697955128076,val,0.09091719305935742,0.12137144519387688,0.11890197726439156,0.11800489485644293
2016-09-02,0.1418299246286685,val,0.08942828456394805,0.12136548385522301,0.12063108645033863,0.11966384973811253
2016-09-06,0.1425826830352445,val,0.0925115895950531,0.11848925487388533,0.12076338419257371,0.11965814701377724
2016-09-07,0.1434412415432291,val,0.0936623240482614,0.12045809807868374,0.12168228531977358,0.11764021637605668
2016-09-08,0.1432328545567125,val,0.09268747512604746,0.12022046396159801,0.1200482994285118,0.11732284350525742
2016-09-09,0.1151935864132979,val,0.14947236923916585,0.19736023358701932,0.22039372201603216,0.21133770859410866
2016-09-12,0.1051319930469958,val,0.11189728479002357,0.14253324930019382,0.14036292830355274,0.12810062348071338
2016-09-13,0.1022081295785439,val,0.15029934325388078,0.14727628221698608,0.14357597966776572,0.13714497877701068
2016-09-14,0.1023053663255949,val,0.14349993309645714,0.1426281693980047,0.14554486727482296,0.15216425879507706
2016-09-15,0.0967277801695912,val,0.130350097916153,0.13641363639570225,0.1343413043344764,0.13780739237124373
2016-09-16,0.0957632644826302,val,0.11576071141655926,0.140837074997407,0.14161706711811511,0.1439533501152334
2016-09-19,0.0965535738285121,val,0.1086611449445482,0.1424720898187903,0.149921972005544,0.16517406224834358
2016-09-20,0.0990639794278874,val,0.0954151547259393,0.13196161070753873,0.1375816950831952,0.15452848851201997
2016-09-21,0.091254493073737,val,0.08949117946259606,0.1254389051228863,0.12266256318113652,0.13270869935181426
2016-09-22,0.0887366130743032,val,0.08805186856967571,0.12700319081693381,0.12805027234128225,0.13734984596759123
2016-09-23,0.0865829716846707,val,0.08721778072723867,0.12467733142085763,0.12659261283351195,0.1365472784974342
2016-09-26,0.0830036173056251,val,0.09844372674546314,0.12932839861625067,0.12779010138582905,0.1316201612393005
2016-09-27,0.0809256039404653,val,0.09303222280042613,0.12430952612210215,0.12289467344372271,0.13069719004399974
2016-09-28,0.0793152176839783,val,0.0897232839981599,0.12423711212912879,0.12353537130081953,0.1310044267679917
2016-09-29,0.0730749215108714,val,0.11293505127238786,0.14227454582648894,0.14005674940056254,0.13888660252410212
2016-09-30,0.0688347299044445,val,0.09811593641079548,0.1298732159325178,0.12719422137694805,0.12770642137552518
2016-10-03,0.0683026062478967,val,0.09347433969702629,0.12713210281283308,0.12888152856689464,0.13493673660210248
2016-10-04,0.0707278725522966,val,0.0882225928001137,0.12482394367090556,0.122197869068306,0.126628277835953
2016-10-05,0.0722215177584923,val,0.08807073559136502,0.12292535176647472,0.12474585094772764,0.1339335125048633
2016-10-06,0.0739933752418378,val,0.08687572363121489,0.1198119608073601,0.1226378729215184,0.13401353953818373
2016-10-07,0.0730864788376561,val,0.08454836756884912,0.12028685215784893,0.11877009455157686,0.1271711250765686
2016-10-10,0.1048762448111142,val,0.08710806387580017,0.11746300995844003,0.12111076780245222,0.13176126456374207
2016-10-11,0.0960110136551362,val,0.10828348673306742,0.1448653859095677,0.1470708021866833,0.14832968930296989
2016-10-12,0.1029411824994117,val,0.08843368422961291,0.11985115535489876,0.1187203820930823,0.1300521790422763
2016-10-13,0.1026631524005709,val,0.08649266841368744,0.12009401619593428,0.11664639696872578,0.12599409557416627
2016-10-14,0.1029731184613016,val,0.08472965552088878,0.11874710585839804,0.11643884612408417,0.12826612967161852
2016-10-17,0.1022682837579593,val,0.08831481869465285,0.11804370239762942,0.11841922199428928,0.13792801777201902
2016-10-18,0.1035800174962787,val,0.08440105908382402,0.11617222603091455,0.1154986229833372,0.13035083227985889
2016-10-19,0.1033632478988055,val,0.08422406231810002,0.11578642936959509,0.1154243111409464,0.12894598096699564
2016-10-20,0.1047436521421375,val,0.08470626553633069,0.11604257973669387,0.11590957010598882,0.12760986439085992
2016-10-21,0.1050318814496368,val,0.0852781313340061,0.11761095778229681,0.11709578966122468,0.12680801343200082
2016-10-24,0.1073217655734894,val,0.08728510215519125,0.1162985270284132,0.11946954198561531,0.12531770076930046
2016-10-25,0.1068831576724202,val,0.08727631114142356,0.11606845008958366,0.1178539294649571,0.12358206230266605
2016-10-26,0.106662356305389,val,0.08680430647852415,0.11570777184287269,0.11449137006049867,0.12231169597457395
2016-10-27,0.1070528361830274,val,0.08607698003146627,0.11640385574803304,0.11417589119311332,0.12349439250268175
2016-10-28,0.1078377448505203,val,0.08854797551517112,0.12603701744047682,0.12330357018035022,0.13263939855574464
2016-10-31,0.1080592165224595,val,0.08707376626176974,0.11656295812228436,0.1151424392659186,0.12986264562806873
2016-11-01,0.1052768448830957,val,0.09017869284868311,0.12773882692313412,0.12935476447679045,0.13511030570163618
2016-11-02,0.1038984094112812,val,0.08318760880700224,0.11676853048210802,0.113434246081859,0.13029948624068516
2016-11-03,0.1026298295518999,val,0.09196151734323442,0.12280137516164087,0.12295944582513815,0.13909319932689462
2016-11-04,0.104736900387069,val,0.08652129257819449,0.11609214549577197,0.11311300723922857,0.13700902211034977
2016-11-07,0.0714030789671277,val,0.09525596192477039,0.12314912037904437,0.1223527832986025,0.14306976585050712
2016-11-08,0.0834984585584622,val,0.09133121997286786,0.11942080252097052,0.11625988398004025,0.14045388191956082
2016-11-09,0.0751461453520065,val,0.1530241563000298,0.17563453567040035,0.1857007417885117,0.19988390679884463
2016-11-10,0.0776235293564232,val,0.12225777852990678,0.13989889279919335,0.13729709501188025,0.14265070686653722
2016-11-11,0.0772977093848817,val,0.12065972153857664,0.14741031368369534,0.1496796594728213,0.16423476614614302
2016-11-14,0.0807754858252268,val,0.10246348843847568,0.14301947171573787,0.14897223717775993,0.1585368822820494
2016-11-15,0.0814197152311546,val,0.08913135208321339,0.13327940234991645,0.13685742041357943,0.14317693255013794
2016-11-16,0.0824462547817888,val,0.08823984498941755,0.13127583680510377,0.14036503751587456,0.1467489917432293
2016-11-17,0.0807120421416468,val,0.08328629501502752,0.12337226636968036,0.12789190460646982,0.13404907167346214
2016-11-18,0.0806895636354178,val,0.08124862744222014,0.12168052196249324,0.12248203912339954,0.1274878000684125
2016-11-21,0.0773594741940848,val,0.08154754018869739,0.1206244967419276,0.12125341264462783,0.1260901719101611
2016-11-22,0.0776812597959597,val,0.08403956360746792,0.12147188570360089,0.12434585710132201,0.12517116767624809
2016-11-23,0.0778993727271291,val,0.08632359996931137,0.12104174270895039,0.12399267792714289,0.12368855739410262
2016-11-25,0.0769542607004845,val,0.09093865439850969,0.12150188502173775,0.12540425836394337,0.12374330585447912
2016-11-28,0.0756326171059431,val,0.08770557129039723,0.12282395713565124,0.12154351021650074,0.12470109981327546
2016-11-29,0.0808715588316894,val,0.08766325152586703,0.12183237984468427,0.11999144753586723,0.12074675490256337
2016-11-30,0.0804246702044169,val,0.08973559637891816,0.12852872741354257,0.12703585360434314,0.12868982924973826
2016-12-01,0.0804127288089502,val,0.08368692933857161,0.12189341537178242,0.11962339712190377,0.12173523511729013
2016-12-02,0.0848223008552891,val,0.08426623841731787,0.12147784534549248,0.12029442955795112,0.12133728461625147
2016-12-05,0.0847693107416888,val,0.08379706084857902,0.12164653877650165,0.1213761154145961,0.12241833658216536
2016-12-06,0.0840701628521815,val,0.08596676085343379,0.1214304794779617,0.12668264463839732,0.12265045497317618
2016-12-07,0.0714171007236673,val,0.08927091551676565,0.13071381330931703,0.13093011766048734,0.13134188165364175
2016-12-08,0.0718523929888813,val,0.08902864812148843,0.1325268200093568,0.13317957976561554,0.12904812516623296
2016-12-09,0.0685989147776684,val,0.08718777177407369,0.13037615768070954,0.13068715580558624,0.12305107069466567
2016-12-12,0.0692064880253299,val,0.09010845121416207,0.13454676559497253,0.13434386556585406,0.12412448228672623
2016-12-13,0.0656627564434289,val,0.08879853088812052,0.1341123265907922,0.13249357911684206,0.12136595617929467
2016-12-14,0.0592640550872941,val,0.08982503830545904,0.13859458860640864,0.13577603411997016,0.12288537825848836
2016-12-15,0.0587917355684798,val,0.08582129772114863,0.13383814819291898,0.1324528236618558,0.11925243731062976
2016-12-16,0.058902949180613,val,0.08681725886184095,0.1361514761116607,0.13565126536761277,0.12257159798396663
2016-12-19,0.0598625869298137,val,0.08713773305226112,0.13154567836680173,0.13485301784225598,0.1236854649377253
2016-12-20,0.0597176299055971,val,0.08670315339772056,0.12938623098996854,0.13269474966205777,0.12127830520757557
2016-12-21,0.0596144638397911,val,0.09034515884945762,0.12749798763036488,0.13377151594563172,0.12429960518523049
2016-12-22,0.0634889976857275,val,0.09313924801830324,0.12570031577408103,0.13150922727992886,0.12438176041408977
2016-12-23,0.0702838125377501,val,0.0994056437862008,0.12522792775729025,0.13333971928028612,0.12723967250108226
2016-12-27,0.0698299574464818,val,0.09420153483080887,0.12281480801886431,0.12360698093114128,0.11855620908817045
2016-12-28,0.0635575800717881,val,0.09179450874571496,0.12733104825772598,0.12747302022067897,0.1221597546186615
2016-12-29,0.0672796237932066,val,0.08946215253724119,0.12063515247280879,0.1187437750499923,0.11923727408130573
2016-12-30,0.0660128989751299,val,0.08999354687895043,0.13119044403598007,0.1291204554247406,0.12505585790501522
2017-01-03,0.0602320347541005,val,0.085419934820291,0.12745275896718558,0.12404757625137715,0.11866628920057289
2017-01-04,0.056481096707403,val,0.08605619200419479,0.12773651629672847,0.12641158945622036,0.11936486973511123
2017-01-05,0.0614551044036784,val,0.08673958205897084,0.1259721602112705,0.12707617308521027,0.1199462422807506
2017-01-06,0.060468078286229,val,0.08676011580645163,0.1261409410280643,0.12622764209533383,0.11903476447347469
2017-01-09,0.0593183272581513,val,0.08989501064423437,0.12418519597272386,0.12764309254637646,0.12225429655763204
2017-01-10,0.0595001566390949,val,0.09073278045945671,0.12325142415697367,0.12616729111834785,0.11965271688609423
2017-01-11,0.0622960798961047,val,0.09129985499518997,0.12448850622074185,0.12501064094974373,0.11864341385746928
2017-01-12,0.0632192610825018,val,0.09057316862151663,0.12464196462630975,0.12427982496140294,0.11780333317090808
2017-01-13,0.0655866948230949,val,0.09413758914380017,0.12418655732535606,0.1271593404620923,0.11849160767737965
2017-01-17,0.0659164777454656,val,0.09234413140432943,0.12427398682418873,0.12359826293023914,0.11744166801164124
2017-01-18,0.0680083855180375,val,0.09238524814317198,0.12349158089938453,0.12263505537426926,0.11735134902070121
2017-01-19,0.0667885274963521,val,0.09096000972644468,0.12424658660053858,0.12157622616290009,0.11677112388338495
2017-01-20,0.0657455530044513,val,0.09758524932324458,0.134930623435934,0.13512266015502328,0.1324733311364216
2017-01-23,0.0684186198694198,val,0.09044960881531999,0.12567465755032298,0.12527400177140147,0.11800121782938817
2017-01-24,0.064625227737822,val,0.09000790925973257,0.12919511563035052,0.12732202141348184,0.11856217961396504
2017-01-25,0.0569760290030009,val,0.08984318666126505,0.1293655293159005,0.1282970063005964,0.1181214310550227
2017-01-26,0.0570327370030132,val,0.09221068179023935,0.12707345006691223,0.12988652642639578,0.11973589247170129
2017-01-27,0.0570294285811928,val,0.09313604327138236,0.12687530739688954,0.12892084863715556,0.11903844228242616
2017-01-30,0.0534489677696951,val,0.10051274908694746,0.1440098326510805,0.1444864747114126,0.12536681732666263
2017-01-31,0.0727422945942011,val,0.09409049943939395,0.13167230305020283,0.13040752610382175,0.11800153250498348
2017-02-01,0.0761076857839418,val,0.09327387547726382,0.13167128050576735,0.13090824532616074,0.1183276917658461
2017-02-02,0.076104545053493,val,0.09365223905844779,0.1274170480104728,0.12867488684555325,0.1194214554121348
2017-02-03,0.0728656537722892,val,0.09224712371661535,0.13169957972210408,0.1304859640400403,0.11894174502896862
2017-02-06,0.0733607484950027,val,0.09371022800502847,0.1275677535432542,0.12957025782674325,0.11964234841460523
2017-02-07,0.0736566418803921,val,0.09455996616668386,0.12592909051570605,0.12807042851436443,0.11902090245692112
2017-02-08,0.0736473510813369,val,0.09503776755095052,0.12480272473094066,0.12621439408613275,0.1186272077245161
2017-02-09,0.0716746417154037,val,0.09394216114631335,0.1281413923808272,0.1268499345968086,0.11803595467021777
2017-02-10,0.0703207954137103,val,0.09573739342780262,0.12699684809469375,0.1274647465998607,0.11820049111156174
2017-02-13,0.0689857849403741,val,0.09480127079363075,0.12704953838413505,0.12635023840127518,0.11728664608306398
2017-02-14,0.074122309397754,val,0.09533331549940943,0.13067115776272697,0.12949141956256682,0.11939837313762816
2017-02-15,0.0721206254336566,val,0.09992472877409901,0.142943604591021,0.14288411806546622,0.1284385536440759
2017-02-16,0.0723267688489525,val,0.09516041097205316,0.1355174250938769,0.13368368998814306,0.11934207505551678
2017-02-17,0.0722155847343092,val,0.0943011836110547,0.1335015537456769,0.13303866950716758,0.11852855119904829
2017-02-21,0.0829155425885294,val,0.0936576557797116,0.1341484252729933,0.13267045044163375,0.11907096869908394
2017-02-22,0.0832745029781551,val,0.0943503668454531,0.13172815854735953,0.13352855213165446,0.11918800218925255
2017-02-23,0.0833260136112184,val,0.09476905510259527,0.13226502894635875,0.13283440840819066,0.11868052413993997
2017-02-24,0.0832443466863674,val,0.09471172185445602,0.13293305342973355,0.13267317315058944,0.11874735380501861
2017-02-27,0.0831395406025906,val,0.09528324767694016,0.1318960522901315,0.1325829218774904,0.11876258697124939
2017-02-28,0.0865014763468049,val,0.09502642740680481,0.13491281056554486,0.13312788200416004,0.12053783148637705
2017-03-01,0.0711249595197376,val,0.09920604777162388,0.14561307577519617,0.1480971471194731,0.13697391178304075
2017-03-02,0.0684339449924795,val,0.09407479501545608,0.14046206658555482,0.13992593193078864,0.12147337464014515
2017-03-03,0.0688959823155637,val,0.09522543848181868,0.14199710788661377,0.14132338493868346,0.12045493403286692
2017-03-06,0.0683575383789577,val,0.09953864485260634,0.1424792053032015,0.14395550669709664,0.12540863587858075
2017-03-07,0.0675657326287267,val,0.09979743972704545,0.1440676910726106,0.1442952803123395,0.12232441745357517
2017-03-08,0.0680682706382299,val,0.09682192902446392,0.1400216413892871,0.14026219155244476,0.12045610654334354
2017-03-09,0.0686466888719698,val,0.09336724576717709,0.13647744594066294,0.1356200886534671,0.11906936846921014
2017-03-10,0.06761119615756,val,0.09122139147996412,0.13400235773177768,0.13372905281578965,0.11848699063526465
2017-03-13,0.0676204891336303,val,0.09309479023819733,0.13226332772966712,0.1356901461434907,0.12112078422711355
2017-03-14,0.066371609620777,val,0.09154582939779647,0.13489122661137135,0.13446984252909022,0.11912900342479175
2017-03-15,0.0609320953390882,val,0.0932700424260386,0.14039945902772613,0.1388326470593005,0.12245466586761057
2017-03-16,0.0647992555646903,val,0.09240129540406844,0.13550947960691048,0.13677082151698305,0.11970491015854756
2017-03-17,0.0716968509610786,val,0.09265416429754318,0.13546487425931725,0.1359793293547134,0.11931522370496618
2017-03-20,0.072372713944509,val,0.09551327066139581,0.13362200458325485,0.13652911505111873,0.12355115689059638
2017-03-21,0.0563596288998025,val,0.12028721160813724,0.1726440208177771,0.17995860971823638,0.14852298229402902
2017-03-22,0.0627280860199391,val,0.09969373583903383,0.14509977182436593,0.1424854288270157,0.12064439654718992
2017-03-23,0.0636305238942006,val,0.09640142118298366,0.14350011638614074,0.14076038280032943,0.11966257608255444
2017-03-24,0.0744953434940115,val,0.09538873402377472,0.14415556017319206,0.14100043830630787,0.11954894656650143
2017-03-27,0.0772037144153264,val,0.09688700406228572,0.1439711036095965,0.14212745068350827,0.12210382775506826
2017-03-28,0.0728219083525273,val,0.09200204405600167,0.1404778346050941,0.13931537963136265,0.12008569119929878
2017-03-29,0.072807175814075,val,0.09304856288557099,0.13714089165347437,0.1463173644533908,0.1280072059660599
2017-03-30,0.0723430166231888,val,0.09046347840876301,0.13342084982272392,0.13869164458842545,0.1228460078219195
2017-03-31,0.0724217411936694,val,0.09025506846655482,0.13645304482629242,0.13681690170629895,0.1199228362157843
2017-04-03,0.072170176345762,val,0.08903070197907952,0.1350270935033356,0.13337939204573257,0.11788435336739285
2017-04-04,0.0722636310804897,val,0.09126916009055505,0.1320503818930839,0.1357160217880486,0.12130636948706842
2017-04-05,0.0716079184903399,val,0.09441544082686278,0.14275593662602035,0.14241540632121216,0.12680566019784248
2017-04-06,0.0722699188296019,val,0.09023272585193587,0.13315981873076713,0.13400680977083815,0.11976674008489431
2017-04-07,0.0721816073732671,val,0.08880317652359379,0.132628922980554,0.13238568697064132,0.11810772983248399
2017-04-10,0.0722242720860243,val,0.08742824976532199,0.1330380190798854,0.13091035995006658,0.11732134504811277
2017-04-11,0.0723812872625006,val,0.08532614705491476,0.13430148529326205,0.13075758828971928,0.11673642127886368
2017-04-12,0.0710549318513453,val,0.08326408387947502,0.13307821810934595,0.12955628829268817,0.11653859259991818
2017-04-13,0.0674462207725386,val,0.08122690394428485,0.13347240337983904,0.13000124704737834,0.11673476579009893
2017-04-17,0.0628562323548868,val,0.08147366207015486,0.13309392990198335,0.13095717657349948,0.11871419493433344
2017-04-18,0.0620396596176293,val,0.08076536088077661,0.1330729323012169,0.13164532003613563,0.11773524685667541
2017-04-19,0.0885719684919801,val,0.08412069104709799,0.13551873164596276,0.13538019047809452,0.11990160019370366
2017-04-20,0.0849743592736717,val,0.08419381677799817,0.13707587068234045,0.13488250018997613,0.11920982054227489
2017-04-21,0.087303274254803,val,0.08722675674444132,0.13996283047890232,0.13906721259623953,0.12270958966717514
2017-04-24,0.0802353154452337,val,0.1039214284502531,0.15408282047053715,0.1541626927107163,0.1361031198076858
2017-04-25,0.077942940171342,val,0.09505665342811023,0.14400889257360422,0.14607575027966865,0.12520293062635074
2017-04-26,0.0783489351252582,val,0.09473700216822813,0.1440395339484359,0.14620371168801885,0.12485155149874981
2017-04-27,0.0801007027383901,val,0.09463847087041051,0.14204582759390869,0.1462923177836453,0.12592025610931915
2017-04-28,0.0797287895179443,val,0.09637259307409977,0.1433786514647494,0.14810838757927366,0.12553052082854974
2017-05-01,0.0792865328809757,val,0.09458281454401452,0.13915975202472355,0.1440632819251409,0.12385762395117557
2017-05-02,0.0792801576752797,val,0.09444801028881666,0.134737742880032,0.14197058283354602,0.12380604070895283
2017-05-03,0.0840073838595419,val,0.0924801831787127,0.13281129003109352,0.13494588409436195,0.1195810049236644
2017-05-04,0.08472913749017,val,0.09291348673285038,0.13218242094409272,0.13402324872234314,0.11893840052612721
2017-05-05,0.083614108055507,val,0.09273743883728632,0.13264389480703764,0.1329666486380001,0.11811788891232315
2017-05-08,0.0843809288147992,val,0.09450748667728026,0.1325244341571391,0.13480341839529797,0.1190223479443135
2017-05-09,0.0845728647611774,val,0.09609402576164923,0.1327196573591101,0.1347616297723537,0.11889981420926157
2017-05-10,0.0843507484461664,val,0.09704649324968981,0.13312782714919075,0.13430756916071632,0.11861394961118055
2017-05-11,0.0842106021617634,val,0.09548526458313945,0.1337560306533139,0.13271544118442574,0.11831723617377271
2017-05-12,0.0840042582260229,val,0.09879718378807632,0.13309265760663555,0.1345493641611908,0.11890503776195939
2017-05-15,0.0835117273536037,val,0.09783838421158417,0.13396097517564395,0.13390275456786346,0.11862462690169218
2017-05-16,0.0835698429901824,val,0.09848129224272896,0.133174749021869,0.13444589944819027,0.118847581670635
2017-05-17,0.054698382330127,val,0.15058977509356808,0.20652747385953663,0.2371676890015671,0.20885528298362696
2017-05-18,0.0528097153228897,val,0.10486807437068957,0.1476054142555835,0.14477458362322865,0.12403404210509665
2017-05-19,0.0559046376980208,val,0.11749931844383994,0.1537446492953958,0.14980414920173876,0.12708772574040442
2017-05-22,0.0581303190725507,val,0.12485298895089093,0.1562443754764544,0.16040438293904244,0.1403443481494859
2017-05-23,0.0576052122161945,val,0.12093887780898865,0.1566479340539849,0.16604583203255693,0.14413480714078367
2017-05-24,0.0570307764285078,val,0.10950871074495705,0.151361862592102,0.16274421750215218,0.13727087047682415
2017-05-25,0.0546262600887125,val,0.10108531872135534,0.1449992985984465,0.1549416329566363,0.13098831040111725
2017-05-26,0.0546712160000044,val,0.09828367092989945,0.13911462419785373,0.15114147334329764,0.1292382910521574
2017-05-30,0.0616750283609071,val,0.09605370154241684,0.1352073860097573,0.14220494321818664,0.12468929799730172
2017-05-31,0.0693073510888353,val,0.0966676429619196,0.13765897984644374,0.1394586127492182,0.12601229514705173
2017-06-01,0.0706746481467983,val,0.09260012196475322,0.13501650494960352,0.1345279085813332,0.11884160486752991
2017-06-02,0.0699962907788606,val,0.09518238157848219,0.13602104354504688,0.13735391564785124,0.1230169906247937
2017-06-05,0.0702054212406462,val,0.09559159514236304,0.13290740665962925,0.1368898857385513,0.12132130572800902
2017-06-06,0.0697625624013787,val,0.09492431585954142,0.13457524879835314,0.13481707209983884,0.1191080058344494
2017-06-07,0.0767274674062064,val,0.095179181572369,0.13336601846676036,0.13335029369770715,0.11841981102449368
2017-06-08,0.0800658959756085,val,0.09635427938540234,0.13302928375255138,0.13362433313273178,0.11908743689026012
2017-06-09,0.079974922282266,val,0.10432700935712556,0.14753766948031716,0.15062594122636289,0.14130599396578603
2017-06-12,0.0800150905994631,val,0.09251707015866356,0.13451937250070756,0.13267097486240506,0.11758768321059465
2017-06-13,0.0825158203347015,val,0.09290801449598643,0.13295029447514414,0.1331053575873516,0.11919226787045462
2017-06-14,0.08260801660779,val,0.09198360535168908,0.1337120000397321,0.1331188827253883,0.11814345856096882
2017-06-15,0.0839655678480054,val,0.09373145788390182,0.13280401113007534,0.1348658119689165,0.11946748722038267
2017-06-16,0.0839630948590442,val,0.09554439610077013,0.1335864501134843,0.13632343749325443,0.12025278569199971
2017-06-19,0.0786591444763703,val,0.09638219769751326,0.13321924000872248,0.1350742615563192,0.11958106997364149
2017-06-20,0.0773147390573845,val,0.09934915591102875,0.13903344230572248,0.1400971065334326,0.12175110318752755
2017-06-21,0.0773259405740467,val,0.09994615246145802,0.1370684712456447,0.13825418064458952,0.12061326759959233
2017-06-22,0.0773738077266727,val,0.10208031357257792,0.13672463991878983,0.13936589192953283,0.12236478572034859
2017-06-23,0.0772626061452291,val,0.1020225941896893,0.1401198882617734,0.14034279802795122,0.12079262404495439
2017-06-26,0.0777066560597392,val,0.10299679817437776,0.1354890294952272,0.1375993542339481,0.12032641722182184
2017-06-27,0.0722077691375067,val,0.10692002108532447,0.15271929982005636,0.15172260165245063,0.12581770359703126
2017-06-28,0.0649952497895294,val,0.10592753858056055,0.1498802838074297,0.14705130942478584,0.12077457614587551
2017-06-29,0.0570950593714796,val,0.1666456102365184,0.20366519903806307,0.21092214323153097,0.16954136681749327
2017-06-30,0.0567466824516957,val,0.1331370402865578,0.16422941696077598,0.1643274182210334,0.1310064321064371
2017-07-03,0.0569777159959818,val,0.1281346832873935,0.15949300229807759,0.16616953621934144,0.14182346944631277
2017-07-05,0.05641131250141,val,0.11466916896332098,0.1532953031932262,0.15534128503889255,0.12702926849221796
2017-07-06,0.0465445206470876,val,0.12324621397889106,0.16542654411118918,0.16234958654747472,0.12736418295058008
2017-07-07,0.0410078209211343,val,0.11420435245377467,0.1540899746267752,0.15254355625806473,0.1246861111837516
2017-07-10,0.0413594197747123,val,0.10923616041374497,0.1472272959520109,0.153310744340138,0.13122595721331162
2017-07-11,0.0421918421552965,val,0.1014327172892719,0.1444174360440741,0.14472062623791163,0.12183075540377136
2017-07-12,0.0327706516035473,val,0.10016108688892388,0.1443874653646526,0.14388406714106486,0.12169433442773994
2017-07-13,0.0598719386347813,val,0.10031135422362482,0.13858595362552917,0.1448399445603006,0.12448303074388488
2017-07-14,0.0577859972251744,val,0.09804598234431137,0.13812382534693132,0.13941620838616525,0.12195578395632621
2017-07-17,0.0675652686954061,val,0.0992578540671878,0.1341805378192585,0.13969709997198887,0.12244011639013869
2017-07-18,0.0675405370352821,val,0.09874946928847013,0.13374609446776475,0.1363463829408293,0.11995939128108488
2017-07-19,0.0650589879645655,val,0.09998598927858406,0.13325240764650975,0.13477504556377445,0.11993873633434854
2017-07-20,0.0856818508864992,val,0.10019070390021577,0.1329898293174217,0.1348585954503021,0.11972593428214012
2017-07-21,0.0858033419415225,val,0.10500220577830288,0.13644295328659167,0.13884547721893312,0.1279569634767506
2017-07-24,0.0858439007723594,val,0.10247448620435035,0.13173588953491433,0.13409095380308997,0.11950588718027662
2017-07-25,0.0930511887696547,val,0.10285582740027223,0.13258325914229746,0.1336632937582192,0.11889479044342757
2017-07-26,0.0939205853830054,val,0.10538388322178517,0.13251859338631447,0.13509076194750988,0.11930191200845448
2017-07-27,0.0942273521504812,val,0.10255643017935351,0.13771143241432748,0.13750219287383283,0.12344118702570714
2017-07-28,0.0944988955811563,val,0.10400904807928295,0.13194283440693963,0.13271643112400672,0.11906782523230677
2017-07-31,0.0944775787460385,val,0.10523466611719061,0.1335058109331807,0.13374828808157485,0.11901106920975878
2017-08-01,0.0942341293554894,val,0.10691818571711043,0.13434875825622247,0.1354085453766656,0.11909020856928121
2017-08-02,0.0957002343913496,val,0.10698975652875722,0.13466541054942774,0.1359621756151276,0.11940976908319201
2017-08-03,0.0977974035442394,val,0.10923246958206588,0.13487574627646448,0.13744323012482873,0.12020647655696559
2017-08-04,0.0977125815751815,val,0.10888214610398068,0.13593591696324703,0.13720048357174466,0.12064066195564449
2017-08-07,0.1007910823573544,val,0.1137218402662288,0.13526224030957082,0.13959334547962798,0.12195191254569449
2017-08-08,0.1011368058629722,val,0.10734723506224732,0.1407473743392775,0.14320736941899093,0.12770743461438447
2017-08-09,0.1011376259137034,val,0.10413291660048363,0.13332112183234268,0.131394644385186,0.1180908559533579
2017-08-10,0.087749554323768,val,0.15637887048487917,0.2140473091974556,0.24905057473512887,0.20984374596266028
2017-08-11,0.0953453772409338,val,0.1127155703211754,0.15371316349431544,0.15121443966470127,0.12699137337419739
2017-08-14,0.08948405644886,val,0.11937192683584641,0.15737907233865192,0.15266986109744568,0.12547642188900046
2017-08-15,0.0894992150696555,val,0.11779040914755402,0.1536891962287825,0.15605012845463143,0.13254020056373214
2017-08-16,0.0892923678037218,val,0.11501289662900024,0.15346965353493763,0.1534858817417986,0.1283440892387021
2017-08-17,0.069890365320756,val,0.20585534812100914,0.20445688134762813,0.21537819304216746,0.1978777187389439
2017-08-18,0.0700764907772075,val,0.1556388646876632,0.15686230795672723,0.15278829321649492,0.138140753358302
2017-08-21,0.0701115430776229,val,0.13841450599479158,0.15661978649168273,0.16102031670198913,0.14956154792115886
2017-08-22,0.0596124583154489,val,0.128309154282191,0.15340766551745696,0.15183662846646032,0.13396589094083228
2017-08-23,0.0590065540208773,val,0.12872471740124758,0.15569607795365054,0.15707923834177528,0.13896767314875527
2017-08-24,0.0584265770772545,val,0.11165137899553614,0.15204044477948397,0.15901522677496502,0.137918608050893
2017-08-25,0.0582909610929063,val,0.09980712530131997,0.14691276921555455,0.14939581808038413,0.12735845443894622
2017-08-28,0.0583299595114204,val,0.09617975396542573,0.1429376841758902,0.15133096839709695,0.13162675261205445
2017-08-29,0.0598016014861755,val,0.08897313712321823,0.13846980287547367,0.13868777167849333,0.12044290362201694
2017-08-30,0.0575579587159427,val,0.08757514139283815,0.13629680378768202,0.1386998046033465,0.12148383496893334
2017-08-31,0.0549069793530787,val,0.09233700211712235,0.1402997728115535,0.14315521346108914,0.13190897634504758
2017-09-01,0.056795745519645,val,0.08825282529372368,0.13417007443012377,0.13967284770590363,0.1217013967064247
2017-09-05,0.0512715909176629,val,0.10714843746074858,0.1595196086309602,0.16408152951186097,0.13782898337733757
2017-09-06,0.050001719103395,val,0.0920053073590498,0.13898276665394077,0.1400681580339398,0.1222051557007125
2017-09-07,0.0542192794469625,val,0.08957399640694619,0.13592352493376242,0.1386017550532568,0.12166892420206411
2017-09-08,0.0542097401970874,val,0.08762412673092826,0.1347453979383878,0.13549838069242204,0.11911235902232294
2017-09-11,0.039432251950129,val,0.08900165771270623,0.13844207039600703,0.13729813804913396,0.12016284607023472
2017-09-12,0.0387258638892951,val,0.08982236610441013,0.13510450113414044,0.13869642268613913,0.12101200576528964
2017-09-13,0.0390875953281742,val,0.09026318123727806,0.13402135645864094,0.13678964173442976,0.12008205226047347
2017-09-14,0.0394281151748403,val,0.09276842899193755,0.13710140181961233,0.13812538227124607,0.1244559462289698
2017-09-15,0.0393762504049163,val,0.09342947726002196,0.1362659844836793,0.1393119941290331,0.12332760010511228
2017-09-18,0.038935790487979,val,0.09981477628565194,0.13260946700618537,0.14328664574099878,0.12601889764242583
2017-09-19,0.0388539486541756,val,0.10209152292193606,0.13312810034784,0.14135845250688472,0.12214783799578001
2017-09-20,0.0389879170489563,val,0.10112369476070822,0.13430600168307083,0.1371346000990023,0.11960806272870292
2017-09-21,0.0378193083730745,val,0.10361877912740315,0.13421684228278805,0.13773321691771023,0.11993528097662307
2017-09-22,0.0419951857832299,val,0.10579516705604923,0.13522298325007123,0.1381206071974802,0.11960993331938964
2017-09-25,0.0436137448759262,val,0.1018831754412537,0.13520968749831458,0.1356220803099927,0.12023304659128072
2017-09-26,0.0440048966856625,val,0.10521573535010592,0.13362029663886194,0.13496759035460357,0.1190121908266518
2017-09-27,0.0453471700568399,val,0.10378472732768917,0.1359603944464026,0.13559871371439108,0.12185026290796343
2017-09-28,0.0453792470236582,val,0.10627145901773942,0.13325544743199652,0.13622166502206756,0.12023053256195214
2017-09-29,0.0523410058420968,val,0.10617034137390341,0.1362483818007472,0.13700514421253523,0.1233348649642688
2017-10-02,0.0517583582017352,val,0.10358971437842401,0.13347300480503063,0.13357180946700825,0.11877237675530836
2017-10-03,0.0514963111612687,val,0.10470777983617019,0.13364940451977683,0.13516864332320716,0.12016486531435604
2017-10-04,0.0515379087854328,val,0.10614394885450497,0.1325619476198678,0.1341816507375249,0.11906288627346497
2017-10-05,0.0470989493288549,val,0.10400510987088571,0.13460503115878591,0.13400435286321877,0.11991179754739574
2017-10-06,0.0483933515756896,val,0.10540140509915286,0.13846405392298625,0.13928250871480738,0.12470388660784681
2017-10-09,0.0483492575184525,val,0.10684380140712108,0.1351877207854394,0.13710007374322825,0.12254109738725305
2017-10-10,0.0475002416814693,val,0.10605682209461423,0.13422565280551138,0.13473997522884426,0.11938600796283765
2017-10-11,0.0475565426110138,val,0.10655558630757503,0.13392002174437442,0.13484587493756994,0.11928506686393422
2017-10-12,0.0489902156367739,val,0.10925175033400816,0.1319597651066541,0.13413591429226887,0.11968529903175366
2017-10-13,0.0488118202737625,val,0.10954502871400802,0.13239766754537194,0.13369610359926243,0.11949384125596149
2017-10-16,0.0486938309929222,val,0.1117188608667191,0.13191985145079646,0.13432456754022096,0.11998022518832004
2017-10-17,0.0493250865054071,val,0.11233058460299537,0.13268222130999865,0.13412487022912795,0.11992801793491974
2017-10-18,0.0523272293334016,val,0.11414075393982488,0.13458415206534305,0.1351031731977936,0.11923408176121396
2017-10-19,0.0603334718426133,val,0.11191684929415308,0.13645247072515765,0.13555205544808901,0.12124565254568138
2017-10-20,0.0584418628894793,val,0.1118956812196152,0.13808987682678137,0.1388510880761871,0.1277034353893796
2017-10-23,0.0571026327650154,val,0.10517641731377285,0.13964548716303712,0.13982119927298084,0.12328696363994246
2017-10-24,0.0613008743460482,val,0.10329749921390839,0.13371392763539588,0.1315507508471034,0.11779240294865624
2017-10-25,0.0587995433956501,val,0.10282657950758019,0.14410899018386647,0.14294039908294576,0.12502630934558376
2017-10-26,0.0591897906417364,val,0.10032383002236275,0.13625176540524234,0.13508891906076612,0.11870699033617778
2017-10-27,0.0516828219188621,val,0.10256903217388619,0.14684523166450186,0.14486359125969886,0.1229528986470772
2017-10-30,0.061476797051137,val,0.10512749277706757,0.14470289797232,0.14539770008836828,0.12293721782309558
2017-10-31,0.0612660682970931,val,0.10428960937742861,0.14083709240362785,0.14285310485179212,0.12172638260692037
2017-11-01,0.0684756958249556,val,0.10362245297348369,0.13848410734630873,0.14053313788596164,0.12129116949990142
2017-11-02,0.0688579489150725,val,0.10344241163845413,0.13959479817933043,0.14072558010129382,0.12060305671432169
2017-11-03,0.0679699182361767,val,0.1039889531904116,0.13745108418589408,0.13900736598051505,0.12058586240053709
2017-11-06,0.0689446853286892,val,0.10636501077594984,0.1330567727309351,0.13797767982098028,0.12171241377057479
2017-11-07,0.0689037383400143,val,0.10324874281684407,0.13444389859687264,0.1347764833789476,0.11923349291167439
2017-11-08,0.0695427420782348,val,0.1057563513612117,0.13197431764891662,0.13380065624986648,0.11951144642997368
2017-11-09,0.0710099395174239,val,0.10611420040477096,0.14636118520089386,0.14679753761526732,0.12976121587582481
2017-11-10,0.07180007629085,val,0.10181043832082734,0.13652777117539364,0.13519729349286985,0.11881274343074733
2017-11-13,0.0719968902983795,val,0.10183828260654713,0.1339032061105266,0.1334118774093062,0.12018384462879535
2017-11-14,0.0715233018137691,val,0.09835480319283245,0.13362639059719392,0.13141393913242874,0.11769177319540194
2017-11-15,0.0707784238407886,val,0.10169423099109055,0.1492440322698721,0.1495163225880381,0.12553448908624062
2017-11-16,0.0705227683432434,val,0.09739296720802772,0.14290941303100962,0.1395904143628288,0.11865583767683083
2017-11-17,0.0732653991043234,val,0.09762890650395636,0.14187992881428316,0.1406369333548253,0.11980928204183766
2017-11-20,0.0742818207059793,val,0.10126463849852534,0.1441864630930994,0.14486956195116596,0.12277373488242384
2017-11-21,0.0706068101443658,val,0.10480546005954816,0.15101714470922523,0.1492118599139655,0.12320420206320264
2017-11-22,0.0709139864333017,val,0.10652033674012412,0.14596088529649498,0.1518606550958423,0.1268778022115111
2017-11-24,0.0704456191386102,val,0.10757412056712917,0.14372899681196788,0.15067231043659418,0.1281204062046227
2017-11-27,0.0705513537539959,val,0.10506202302266575,0.14116307452289192,0.1450337029144715,0.12340931465339973
2017-11-28,0.0608005002837555,val,0.10858304436929667,0.1510717624060717,0.15012774016673694,0.1325729802988929
2017-11-29,0.0611984014118504,val,0.10689777991395709,0.15068633382084326,0.14919591330639995,0.12462512100807102
2017-11-30,0.0544758812708877,val,0.12025185993878704,0.16598945752067568,0.1652439194065427,0.14534995785105012
2017-12-01,0.0596161254472319,val,0.13596680840694547,0.17623337635150516,0.17554340202917734,0.15582355738228232
2017-12-04,0.0635337953313288,val,0.12310264069542483,0.1593514562734169,0.15794621143873827,0.1279870130694296
2017-12-05,0.0639988248735903,val,0.1158463028374689,0.1535799116370428,0.15601264887469624,0.13046440099424084
2017-12-06,0.0681996483220027,val,0.10763583610084661,0.14794733693837026,0.1523806524996516,0.1285110375827528
2017-12-07,0.0675898314814649,val,0.10063509293507768,0.14321512439969997,0.14510810714356884,0.12299923397669622
2017-12-08,0.0652697149084503,val,0.09785149689693338,0.1408379987464126,0.14234254945241595,0.12154583404743352
2017-12-11,0.0646190965293379,val,0.09736289542212156,0.1399077743672617,0.1417083009367942,0.12174924355893456
2017-12-12,0.0692989730122535,val,0.09838738495223014,0.14123602124584528,0.1424981125992769,0.12220196860739882
2017-12-13,0.0730351858575198,val,0.09886261442016511,0.13986466617427532,0.14102048553658197,0.12288769727697381
2017-12-14,0.0725990984457164,val,0.09740212801010655,0.1403272226762176,0.13927986904737116,0.1198506379381362
2017-12-15,0.0744162898544685,val,0.10398906726226859,0.1493254386735041,0.14859485902339592,0.13138538817679457
2017-12-18,0.0712036048625274,val,0.10061942062572425,0.14153817318728293,0.14378019238608666,0.1225495406439337
2017-12-19,0.0717147391502094,val,0.10462109088735808,0.1483509931031314,0.14830639296605316,0.12276888565232497
2017-12-20,0.077238797662157,val,0.10597186932648897,0.1472129301916926,0.14839163815435863,0.1233606547033006
2017-12-21,0.0772600323761098,val,0.10604348558880033,0.14413165449453946,0.1474304831511712,0.12464316769041157
2017-12-22,0.0772667328774213,val,0.10365738646950559,0.1418296026702783,0.14371409978760727,0.12177292791771731
2017-12-26,0.0771644690255284,val,0.10680879014318473,0.13631486469389076,0.14269227653104405,0.12902707030461358
2017-12-27,0.0872984717390561,val,0.10089808495022379,0.13320148563623505,0.13509004706949312,0.11990894820034434
2017-12-28,0.0901406899665135,val,0.10360473709685507,0.13180944167651834,0.13536017478268472,0.12172384359441171
2017-12-29,0.0963582636871053,val,0.10125608297036112,0.1407779971949826,0.1407976148264458,0.12714228323030802
2018-01-02,0.0929901417765158,val,0.09950564326733681,0.141914504896643,0.14048648425605464,0.12248425778188568
2018-01-03,0.090346522381998,val,0.10038385370469098,0.14188964796838766,0.1410674758088879,0.12210969479157044
2018-01-04,0.1185066222127413,val,0.10087194387308501,0.14034566233689158,0.14090188094106362,0.12096449527106405
2018-01-05,0.1910112974953351,val,0.1016141438948662,0.14270586736438665,0.14179032848872405,0.12115700928533121
2018-01-08,0.2030753067747722,val,0.10378755409914314,0.14200220261532223,0.1440872292936778,0.12202531062384007
2018-01-09,0.203833258902823,val,0.1047783842228387,0.14408982252761282,0.14441581188115998,0.12123508911501656
2018-01-10,0.2448139744047472,val,0.1037959577068119,0.14153589511169404,0.14106500206288966,0.12025120182230012
2018-01-11,0.2491364533170054,val,0.10180166584320158,0.1385555432712999,0.13785782937673438,0.1192403676775118
2018-01-12,0.2534058850443693,val,0.10257072639200951,0.14320690085358903,0.14161256157676202,0.12474834961495497
2018-01-16,0.2532678275948083,val,0.11659305260568979,0.16648643173681532,0.1672946571810731,0.14116391263809014
2018-01-17,0.2554899926184683,val,0.10809184581518629,0.15517160958461143,0.1512516968994441,0.12556161763170143
2018-01-18,0.2593551533527689,val,0.103197807578762,0.14871134167996192,0.1459993809949611,0.1218413324944553
2018-01-19,0.2588562262699553,val,0.10625750278884362,0.15199211497181844,0.15060301181950805,0.13276604912779832
2018-01-22,0.2582195206956675,val,0.09736806573884131,0.1431731311591318,0.14226695311790638,0.12104295957631307
2018-01-23,0.2587160386940741,val,0.09577813740094811,0.14237914713369051,0.14295212674614077,0.12209420691561024
2018-01-24,0.2587532057496852,val,0.0975209449736287,0.14532077856425038,0.1442257852006414,0.12738205676972109
2018-01-25,0.2647678298624609,val,0.09287881668105527,0.13748542082066514,0.1399388618372804,0.12240450783332109
2018-01-26,0.2647863648842571,val,0.09004427092584857,0.1395558781399506,0.1366678893515184,0.1188545912575283
2018-01-29,0.2674763872671464,val,0.11625459201694227,0.16432055751068905,0.1664052012901263,0.1338052367697521
2018-01-30,0.2674144716858734,val,0.11204698745283967,0.1577281073862685,0.15482842691128906,0.1273605418279925
2018-01-31,0.2724163196241236,val,0.10269704143078101,0.14655472105325185,0.14284125252283494,0.12217515781032968
2018-02-01,0.2729972981884347,val,0.10063917592294559,0.1451416007633682,0.14444582818707769,0.12754001667687775
2018-02-02,0.2647398705505739,val,0.19795674073823977,0.21589544177699926,0.2333994949799629,0.20041298088721102
2018-02-05,0.2171881033841662,val,0.2752898203343382,0.454160722858259,0.4567296496704919,0.38451836219583424
2018-02-06,0.2058544184132595,val,0.2063330614986825,0.2492266728484975,0.2502687996684942,0.20059921542109135
2018-02-07,0.205661973850684,val,0.26134953836770985,0.28164016940665093,0.2599988650713618,0.2445667528442795
2018-02-08,0.1662282174279896,val,0.21978622328506484,0.22022525767077222,0.23828712630844806,0.2191033974331367
2018-02-09,0.157641037717191,val,0.26089145359657917,0.17766597663590203,0.18537275822972532,0.1941088909918787
2018-02-12,0.1506747987419086,val,0.32134826437516867,0.43698758797401555,0.3662099260682778,0.31773182709608017
2018-02-13,0.1515209436338013,val,0.3068376043986631,0.4848820930490132,0.392413844793452,0.3493526143126772
2018-02-14,0.1439064637341202,val,0.20534001647684016,0.30315504463600507,0.2796402185919788,0.19541308094984744
2018-02-15,0.1367415095350424,val,0.22888423022643287,0.41017193714423905,0.32011690665618553,0.2391665935298753
2018-02-16,0.1450361209456293,val,0.18566596582519532,0.29770485454511625,0.24692731491440797,0.20733468292266893
2018-02-20,0.1434391632877571,val,0.14618386838319278,0.24396556385823015,0.2019930429951062,0.16468503326145872
2018-02-21,0.1425061152502524,val,0.11687227720358483,0.19795246625119667,0.17065439738898192,0.1404158009062546
2018-02-22,0.1684088966846286,val,0.10671501873443612,0.18544813116968423,0.1641859944132066,0.13374326021608224
2018-02-23,0.1762365078408192,val,0.09381628683672912,0.16270913655057048,0.14971303086079515,0.12475176688341454
2018-02-26,0.1963659353619825,val,0.09070803031000496,0.1698695870742965,0.15612390402916163,0.1265626116830505
2018-02-27,0.2006980282344262,val,0.0941118725560967,0.1443320880265353,0.15184849232358813,0.13135795769102135
2018-02-28,0.1976962490020116,val,0.09200835905390972,0.13971441466812196,0.14198447627019103,0.12318737087166871
2018-03-01,0.1959889749286524,val,0.11651312854964586,0.1673902013274299,0.17612641891011002,0.1428816578757756
2018-03-02,0.2099479696761148,val,0.10731709049380615,0.1457881541570557,0.14565467273291222,0.12546066739913597
2018-03-05,0.2108503378642217,val,0.1027007145208678,0.15409496623849087,0.1495856576559529,0.13309399462699512
2018-03-06,0.2140190676189896,val,0.09361111894199489,0.19028875214473673,0.17297050997514904,0.1380057812684579
2018-03-07,0.2158265101847633,val,0.08262645764010074,0.1605656018331717,0.15157779903032814,0.1247374477133506
2018-03-08,0.2295378360199728,val,0.08104066610345369,0.16955444735320258,0.16127123966621423,0.12611760352656495
2018-03-09,0.2219047928956941,val,0.08671401194991805,0.1517624196115153,0.15522589721136834,0.13980806814228358
2018-03-12,0.2288178333774904,val,0.0767783217769258,0.1637506664451179,0.16165674499912652,0.12762435060252467
2018-03-13,0.2284205946619033,val,0.07364892192979793,0.14355793045056006,0.14293510743727877,0.1220694948127318
2018-03-14,0.2295393595834959,val,0.07308007942853086,0.14012040061564082,0.13997981807251222,0.12137453390627242
2018-03-15,0.2297434191732215,val,0.07240503603221488,0.14257836537940496,0.14293610565124204,0.12119592651429363
2018-03-16,0.2315426902744098,val,0.07833179744205855,0.147253410866128,0.1501931762042039,0.12295708707566189
2018-03-19,0.2295659156714897,val,0.0883370941907555,0.1461271177677312,0.16079928573615068,0.13324059947254516
2018-03-20,0.2295017046230124,val,0.08087781161943638,0.14321497811772296,0.1485160311989894,0.13596938132656994
2018-03-21,0.2302487174976303,val,0.07352404048053866,0.13602641931866546,0.13478045323539867,0.11943019277293164
2018-03-22,0.2141340926871895,val,0.12300701298502849,0.1965333234743018,0.21893952312736942,0.16985415446792726
2018-03-23,0.2000122567359115,val,0.11832636311541894,0.18821521857281942,0.18732730206142179,0.15280628506783217
2018-03-26,0.1820485715681989,val,0.1226930305819728,0.16292002982372744,0.1648012564529677,0.14088357989755732
2018-03-27,0.1717819084805562,val,0.14757860535385384,0.1744893188031827,0.18028295695230134,0.15281586538319408
2018-03-28,0.1751790075671419,val,0.13384495499417018,0.16848965175518824,0.16751053853928038,0.14398518284328257
2018-03-29,0.1693152304543501,val,0.12335621726507756,0.1613279534206482,0.16038398990987693,0.13689522464083256
2018-04-02,0.1530327163436691,val,0.16319118324732027,0.2051127921787247,0.2162661284771725,0.16918582599733728
2018-04-03,0.1463389898238656,val,0.14478756145578034,0.18636121257367466,0.18453876579986644,0.1594599281680999
2018-04-04,0.1433890535573264,val,0.11637054991410384,0.1572908208337831,0.15572497442190872,0.13416326215268948
2018-04-05,0.1408657072365079,val,0.10317433525180023,0.1826919681257172,0.16875994125672877,0.14213268296814124
2018-04-06,0.1246110838893285,val,0.12359465195843275,0.17011853335045918,0.1828976131350401,0.1517396069281497
2018-04-09,0.1239643098174825,val,0.10773294758977932,0.16523803556599234,0.16034561534424982,0.14062807093160756
2018-04-10,0.1105957538037937,val,0.09023744998013809,0.15238791678514563,0.1456538896550647,0.12553188820913863
2018-04-11,0.1142333340764707,val,0.08452946774946406,0.15696574267415103,0.1489737165236248,0.12541644734803428
2018-04-12,0.1153031217295763,val,0.08010578243863538,0.15187104915163518,0.1455070940360603,0.12253777916114093
2018-04-13,0.1153390048806097,val,0.07975302911467354,0.15151616313268673,0.1460291130644696,0.12165415929353447
2018-04-16,0.11162965394164,val,0.08164700911697165,0.15657211163116144,0.15176887607905504,0.1227576929822482
2018-04-17,0.1078707086383973,val,0.08297169142695143,0.1530299348743678,0.14963025012431494,0.12321927419278512
2018-04-18,0.1088625200679495,val,0.08630001412290877,0.15706021743462734,0.15510583569079275,0.12360950938824505
2018-04-19,0.1070986102214384,val,0.08720560268678135,0.14711720986648175,0.14519376198861775,0.12336110975536681
2018-04-20,0.103128145045221,val,0.0837160222337618,0.14018595839554596,0.14095280271075186,0.12416101906515589
2018-04-23,0.1064991740517037,val,0.08726781827347724,0.14724255643341072,0.1462138783467372,0.12318552849141587
2018-04-24,0.0955155968289738,val,0.08542341463256233,0.14031045052279387,0.15262182547890396,0.1304970807852014
2018-04-25,0.0956114355275591,val,0.07647156922240009,0.1383392924611079,0.1362074812210179,0.11923193994892535
2018-04-26,0.0889131140512739,val,0.0784465285697127,0.13957883867066287,0.1379619149725101,0.12054750201403182
2018-04-27,0.0892533392248346,val,0.08268356214454603,0.14676855932154734,0.1468644144160631,0.12187493555356972
2018-04-30,0.0943459133117746,val,0.07968408261620553,0.13900353099742657,0.13888706401604864,0.1203887586675989
2018-05-01,0.1052409035035223,val,0.08442125200509429,0.14436386553133054,0.14401667168529933,0.12129807389382097
2018-05-02,0.1047809220116972,val,0.08292737286612233,0.14096751184745168,0.1408358170759147,0.12065618698665256
2018-05-03,0.1100924432309449,val,0.08393175742377856,0.14031017637318413,0.13975484818121792,0.12514128267447452
2018-05-04,0.1015802331605271,val,0.07994043289748196,0.13721674759967467,0.14433283849915585,0.12465956544847562
2018-05-07,0.1009032286265733,val,0.07847972333359832,0.14469928644893154,0.150213657144972,0.12384094974045885
2018-05-08,0.1051424698849083,val,0.07974262755587398,0.14216459574711618,0.14565292357820406,0.12044018843806947
2018-05-09,0.0994442871554945,val,0.0786231338755657,0.13782093060506342,0.1390187208799796,0.11932697704588487
2018-05-10,0.09438004842818,val,0.08097342608096875,0.1398843815992712,0.14226488825974765,0.12231007614210375
2018-05-11,0.0938768950418695,val,0.08319493391638728,0.1406658397665913,0.14418038020601698,0.12108734776835675
2018-05-14,0.0939735997805674,val,0.08581493164893297,0.1408078571321062,0.14423311531347133,0.12036758982528149
2018-05-15,0.0914223390221922,val,0.08640163081772168,0.1408744047831077,0.14704997743522596,0.12997515651366928
2018-05-16,0.0906414256600899,val,0.0785821393125455,0.134241000462645,0.13404479682440892,0.11811148131515214
2018-05-17,0.090705312902038,val,0.08459832688296343,0.1379964248968582,0.14011930318237026,0.11979112195484395
2018-05-18,0.0905645525630634,val,0.09031812283330758,0.14150260083534724,0.14341874369998756,0.1202955546676499
2018-05-21,0.0876401839867588,val,0.0906356894733043,0.14121002805671665,0.13987406108696387,0.11979864290930031
2018-05-22,0.0872911578283243,val,0.09480374338988899,0.14397647979485537,0.14625090511235547,0.12078625307129509
2018-05-23,0.08957066724959,val,0.09358380993387776,0.1428869917860383,0.14342200661778207,0.12136483992790122
2018-05-24,0.0895082231678339,val,0.09355324419396195,0.14267175355543982,0.1438107947783186,0.12183469844553547
2018-05-25,0.101523839992225,val,0.09210081625075735,0.1405012452600455,0.14235573438653792,0.12023387858128828
2018-05-29,0.093181267664095,val,0.11111584757874263,0.16762486221390954,0.1961788305623457,0.16232959179882508
2018-05-30,0.0856765366321679,val,0.07624768005319282,0.1336567072266939,0.13079838122645931,0.11739124851703012
2018-05-31,0.0852892885742378,val,0.07608583379833152,0.13460308743114968,0.13219375434129557,0.11693041076611126
2018-06-01,0.0780877296965117,val,0.0758819949108579,0.13422823943001125,0.13245894880491405,0.11717126916274642
2018-06-04,0.07662904289682,val,0.07774520470396662,0.13556771394150197,0.1377791631048519,0.12173017544195505
2018-06-05,0.0776079340010715,val,0.07809798787290974,0.13545190480159394,0.1391190160932218,0.12089592487960672
2018-06-06,0.0773385144867126,val,0.0781480637973721,0.13446915406901408,0.13482666465673374,0.11914381985332916
2018-06-07,0.0829153469911078,val,0.08160591243876016,0.1369587409786175,0.139815158358026,0.12376261474916604
2018-06-08,0.0881905814824425,val,0.08363084447618496,0.1358092099554427,0.13983580382953564,0.12137550065840473
2018-06-11,0.0889826136162444,val,0.08846918248094024,0.13766647857379713,0.14266308359613317,0.12066644901752531
2018-06-12,0.0926065777605482,val,0.0927968419927041,0.1406542290976288,0.14311362045630968,0.12117837581262134
2018-06-13,0.0973320534034647,val,0.09412844181715113,0.1417868695765795,0.14200163849625233,0.12125107078823377
2018-06-14,0.0969621329958796,val,0.09706217185418542,0.14367138303762514,0.14397181868479308,0.12118229164384288
2018-06-15,0.0969079456518802,val,0.10208448350422279,0.14733614582813265,0.14790361944596953,0.1271712942008831
2018-06-18,0.0976886107124202,val,0.10468765111679591,0.14669114365347682,0.14984913998581323,0.1279542826669759
2018-06-19,0.097020132827924,val,0.0943186168276748,0.14268166098130594,0.141975143727762,0.12222328318105445
2018-06-20,0.0977557292508337,val,0.100449110774944,0.14419268059874288,0.14748020231015999,0.1245932090167579
2018-06-21,0.0952596196350494,val,0.09208180171995116,0.14080922240774404,0.14831508425812753,0.12790613861515154
2018-06-22,0.0952683884889099,val,0.085682013237363,0.13456115965770854,0.13366424684986056,0.12002014708436985
2018-06-25,0.0838240692840036,val,0.123776659371381,0.18539403321798628,0.2154946286708487,0.17549573237724336
2018-06-26,0.0887258172704715,val,0.08263343414121445,0.13603131835989662,0.13482909735121637,0.12342378219499958
2018-06-27,0.0840870847357321,val,0.09829457693772758,0.151205339503105,0.15208597338127552,0.12754971287856184
2018-06-28,0.0851093602759531,val,0.08646905654566073,0.1380334488824918,0.13653783660272653,0.1237586277564914
2018-06-29,0.0869661982291741,val,0.08213667332565551,0.1391796669458344,0.13792203082518542,0.12121867680678297
2018-07-02,0.0883761649755435,val,0.07938778703780272,0.13704622523209425,0.1390964184640036,0.12553202043899167
2018-07-03,0.0876808858124762,val,0.07876301042874717,0.13668608048688455,0.1392341364930111,0.12684187370186153
2018-07-05,0.0850183300706251,val,0.07465387082849073,0.13418265365326887,0.13389737386010073,0.11827065282468707
2018-07-06,0.0810222734743933,val,0.07635809019675426,0.1357841865179925,0.13497630469466196,0.119377599295072
2018-07-09,0.0756372186467039,val,0.07654381524837403,0.13589652203981686,0.13741283436163876,0.12001573666843651
2018-07-10,0.0754676634724793,val,0.07858785307082507,0.13680994899326152,0.13978287801480896,0.12175231068104259
2018-07-11,0.0708413680589724,val,0.08254408035199595,0.13932117056215515,0.13943258422781266,0.12320911291233591
2018-07-12,0.0633701262328388,val,0.07979490536543131,0.13607172216130947,0.13608647290426937,0.11945893827835403
2018-07-13,0.0676566447373092,val,0.08097579167019997,0.13594692969884928,0.13939542240154784,0.12127265953870671
2018-07-16,0.0688808387616917,val,0.08102032424641144,0.13443978167888943,0.1365286452164534,0.11965748022190886
2018-07-17,0.0710563114563152,val,0.08027527664414359,0.13352900610856414,0.132696266633663,0.11762039149562253
2018-07-18,0.0755069411713543,val,0.08289159456883091,0.13364562290282722,0.13713195391985672,0.11981257526747864
2018-07-19,0.0796223218780914,val,0.08250163590907598,0.13405713174645015,0.13355081354644271,0.11882854262775654
2018-07-20,0.080491331577788,val,0.08563267700048607,0.1355064930771659,0.13561444348983173,0.12100181552971968
2018-07-23,0.0805788179506574,val,0.0873792627017576,0.13524395445545837,0.13634869896934973,0.11995733493637376
2018-07-24,0.0790228167397613,val,0.08710965677565809,0.13671316618588994,0.13685809133433227,0.12054113296150619
2018-07-25,0.0730864808741671,val,0.08609194267435995,0.13664609942441633,0.1356074494810462,0.12105486250094173
2018-07-26,0.0727570673986915,val,0.08636733633261541,0.13509282816039817,0.1373912561939748,0.11895029507137875
2018-07-27,0.0718658345224251,val,0.08940843760519412,0.1413809394275137,0.14527127692082406,0.1266833613746573
2018-07-30,0.0748223723444592,val,0.0845492083600765,0.1370977041287009,0.13580672168432695,0.11919290470318049
2018-07-31,0.0727780328352071,val,0.08249230170799669,0.13521534847186994,0.1332792569716545,0.11743959088633188
2018-08-01,0.0749949524754365,val,0.08340734498812574,0.1339148019225233,0.13527568317737168,0.1203059255487269
2018-08-02,0.073889526601045,val,0.08274529287064676,0.13524368237749101,0.13370737010117106,0.1177507968356184
2018-08-03,0.0723140923902376,val,0.08428195661784177,0.13460503375564442,0.13737097427908923,0.12019426127526708
2018-08-06,0.0713999164358736,val,0.08622656815106995,0.1333974793420432,0.13820145758441604,0.12109298089131858
2018-08-07,0.0710811050594594,val,0.08814417353141617,0.13337527819702596,0.13823193306793322,0.12055794111998756
2018-08-08,0.0718664761606956,val,0.0910590650760218,0.1330447937355175,0.13891867248599585,0.12054438853463047
2018-08-09,0.0720341786105283,val,0.09208823271052635,0.13269690005262655,0.13669533809518944,0.11966696058150991
2018-08-10,0.0682456896297145,val,0.09858672400509638,0.14806466182581748,0.1513639860632939,0.1329394488062608
2018-08-13,0.0679470340548598,val,0.09028158436573507,0.14164841694061028,0.13875187749425796,0.1190491366572165
2018-08-14,0.064091942359234,val,0.08715431634666909,0.13513047010009493,0.13308749471605902,0.11931396181979968
2018-08-15,0.0619514896283724,val,0.09922981451823004,0.15316033898753462,0.15392206419558857,0.13216292184286982
2018-08-16,0.0549549855513279,val,0.08830611346776508,0.1394842025118036,0.13712212916609492,0.11879086393794135
2018-08-17,0.0567406676234748,val,0.08666619661683837,0.13824480703334355,0.1375318894709782,0.11962615837720404
2018-08-20,0.0594213947103082,val,0.08775007588444868,0.13622604605421204,0.14222907965594395,0.1257490110696221
2018-08-21,0.0589580452865707,val,0.08474069904677849,0.13565246942409342,0.1357581898079301,0.1200503359791352
2018-08-22,0.0655169461096959,val,0.08539314249198794,0.13339735084381896,0.1365416059409778,0.12028370152441795
2018-08-23,0.0654277367061086,val,0.0875754439288775,0.13301526713966605,0.1370750932409838,0.12012519173532941
2018-08-24,0.0629812496455645,val,0.08867230560474455,0.13385947840478712,0.13509715645818482,0.1189623623598373
2018-08-27,0.0565527915136113,val,0.08797501150953299,0.13433227884804455,0.13379387337823762,0.11871077306106195
2018-08-28,0.0575188994733997,val,0.08860947978484092,0.13369100546582108,0.13491198308958569,0.11862055653146554
2018-08-29,0.0551696145844239,val,0.08890613549075896,0.1347897552263631,0.1339077342910497,0.11960688889486892
2018-08-30,0.0532587153817093,val,0.08988558947335129,0.13955483918830366,0.1405897113949874,0.12352868794805309
2018-08-31,0.0546628315446969,val,0.08568491475147727,0.13382992977068894,0.13209415383858716,0.11777596885184494
2018-09-04,0.0543586869177591,val,0.08565505723133279,0.1324093794337909,0.13156487000299708,0.11756755416467382
2018-09-05,0.0535454845005021,val,0.08424882309761864,0.13356714633009725,0.13109457145863104,0.11719522855107875
2018-09-06,0.0594001259032089,val,0.08271177401642299,0.13288857886464872,0.1298870497961566,0.11663384993388781
2018-09-07,0.0622703557448844,val,0.08292871150876732,0.13282675992102352,0.13007116669061558,0.11695575299155206
2018-09-10,0.0619643826660606,val,0.0855472454693751,0.13391383909081292,0.13401834220053793,0.11955898061308301
2018-09-11,0.0610728795472019,val,0.08461799568697563,0.13398136243465208,0.13344084775629003,0.11818722351925909
2018-09-12,0.1295122738976825,val,0.08791534133251482,0.13585613250971398,0.13745739703044685,0.11887332252033118
2018-09-13,0.1502862320069511,val,0.08830252271409425,0.1357529724354754,0.13703595665832768,0.11879343893098583
2018-09-14,0.1580592124462908,val,0.08978468708519163,0.13587805085490945,0.13904889296321696,0.12004313427285526
2018-09-17,0.1582005236329527,val,0.08998839716758883,0.13900583154639282,0.14165892537442207,0.12476473949478377
2018-09-18,0.1747957196020606,val,0.0849910884475552,0.1330085844063614,0.13158763848278276,0.11728056783623392
2018-09-19,0.1747559644523187,val,0.0866642352654987,0.13320757811525066,0.1349240400688654,0.1189464025736098
2018-09-20,0.1799578866046567,val,0.09099663372809735,0.1386454283857282,0.13898121310879744,0.12819768687443403
2018-09-21,0.179938852008579,val,0.0896487164239195,0.13755849414462923,0.13829769574895903,0.12547634262914706
2018-09-24,0.1802595887120209,val,0.08872217209572549,0.13372327973178189,0.13563405748392576,0.12232834852049573
2018-09-25,0.1811376602808596,val,0.09031805051719904,0.13299133243909075,0.13669423905571373,0.1229912915124058
2018-09-26,0.2112461542962432,val,0.08829600756039659,0.13699056358731362,0.1353352743932895,0.11937216630719653
2018-09-27,0.220251423264821,val,0.0887946892902011,0.13244765722248603,0.13357037345937503,0.11925064856914906
2018-09-28,0.22907989032204,val,0.08909699907662122,0.1327952885806764,0.13373639151075414,0.11847520190126012
2018-10-01,0.2295974295940455,val,0.09015903877545191,0.13306255975682202,0.13369346716432687,0.11821552503409949
2018-10-02,0.2354508168733298,val,0.09271530231581228,0.1335280412047105,0.13578342444318833,0.11985919272413305
2018-10-03,0.2384440518005149,val,0.09325189170010158,0.1349112412832288,0.1356010492818711,0.11908154333298106
2018-10-04,0.239774285129193,val,0.11452619321040407,0.16698302843572838,0.18337324135743796,0.15849027282243427
2018-10-05,0.2398739116469192,val,0.10632337917172834,0.15857146657406376,0.15974337473551603,0.13025901556885594
2018-10-08,0.2406676442118544,val,0.09425566015949648,0.14298318733474552,0.13967124617091442,0.12115013532961372
2018-10-09,0.2416513952906652,val,0.0889807492067525,0.1389511842477655,0.13717902670205218,0.12242403941410385
2018-10-10,0.2258425013993605,val,0.1780287173153599,0.22784336521161266,0.24316644944767957,0.21280755248363273
2018-10-11,0.2116500171364739,val,0.19434820848423476,0.2262363935957605,0.21490958171071298,0.19040245718781934
2018-10-12,0.208836523793762,val,0.22729467428238675,0.1735927054448993,0.18169742481930773,0.18526859881757232
2018-10-15,0.2183934616290203,val,0.22344059613553305,0.20327434960793672,0.2137730340221636,0.23830503632531563
2018-10-16,0.2045599994943227,val,0.2022767596711835,0.17971185899824646,0.17970385401795566,0.17352804264024738
2018-10-17,0.2060034061013682,val,0.18519158955633852,0.21550845140358488,0.20735444963505886,0.18873967738272457
2018-10-18,0.2028043779918169,val,0.17907937786049669,0.17581726209612286,0.17469895764250584,0.15921976884073355
2018-10-19,0.2030046689465094,val,0.1556083104651967,0.18877427716965692,0.1859647475774344,0.16422340153892523
2018-10-22,0.2112407657268636,val,0.12940278676468353,0.17777793197418523,0.17825337666054297,0.1683902193754799
2018-10-23,0.2206602582329888,val,0.1044947850045586,0.1452880016657053,0.14525143279591818,0.1268991434829921
2018-10-24,0.1921185790183191,val,0.1830638733854828,0.2738593031699798,0.28133711955262525,0.21140080776116754
2018-10-25,0.1830069166384373,val,0.15345818577707906,0.17174335297435686,0.17945638713917042,0.15548031105235194
2018-10-26,0.1809869498458257,val,0.15292510217736224,0.19641786172187048,0.2011735619036214,0.1534871972313656
2018-10-29,0.1803038618189168,val,0.1657510312677461,0.19648093136736103,0.20604785355547672,0.1625851484353121
2018-10-30,0.1905590138632324,val,0.15698317305878717,0.20081169019702913,0.19587549692372996,0.15619840773041013
2018-10-31,0.1869512810316343,val,0.13729204069662715,0.20831487033860463,0.19035349349412561,0.1556854568180672
2018-11-01,0.1844023526332648,val,0.11707005441391462,0.18929848581574316,0.1727482438657106,0.14504075571860336
2018-11-02,0.1890498976603113,val,0.10340586000591458,0.16244301805705988,0.15416564669474644,0.13158486801728342
2018-11-05,0.2214253726554506,val,0.09960631281748401,0.17765310533255682,0.1667958197568158,0.14296718932943078
2018-11-06,0.2203562883713659,val,0.09004761470596015,0.1804657808540094,0.16998061813723342,0.13448763536454625
2018-11-07,0.2233103493882641,val,0.08524440833257141,0.14538854775251656,0.14640459167755346,0.13115937583607334
2018-11-08,0.2233186045874371,val,0.07912115012811236,0.16809896313754383,0.16062683990480794,0.12743239771265538
2018-11-09,0.2205850163684906,val,0.07587011727294748,0.14085112674653066,0.13967200440572936,0.1214799517926857
2018-11-12,0.2109331805681212,val,0.09920234629458131,0.1494963427089521,0.1621198137648971,0.13458144849192286
2018-11-13,0.2108318390399713,val,0.08055473979112078,0.13694024333279,0.13513559458392713,0.12079921965383263
2018-11-14,0.2196216617095678,val,0.08138156749722682,0.13356136134852445,0.13358726240666893,0.1176488314703757
2018-11-15,0.2276439183975895,val,0.07966716653930779,0.13204351584694038,0.13127657872109855,0.11673207140726406
2018-11-16,0.2274904865415369,val,0.07888329559232139,0.1430009118629288,0.1394890122970685,0.12195975915244822
2018-11-19,0.2257297219523549,val,0.08284049041975408,0.13487933078262196,0.13674327820895685,0.12216002837113053
2018-11-20,0.2234978158392349,val,0.09342481085166936,0.14084473926503038,0.14550980151129728,0.12626382038860023
2018-11-21,0.2349569828616767,val,0.09071120942158163,0.14934614191273493,0.1495556936303858,0.1394411615923154
2018-11-23,0.2523369350964627,val,0.09424695873760637,0.15005296273307986,0.15536550477883657,0.15469384589272786
2018-11-26,0.3017506242059964,val,0.07721836240900362,0.13632045074716811,0.13462786012143288,0.11831100015033984
2018-11-27,0.3027347624637063,val,0.07592503868260624,0.14695463527684205,0.14314585183387038,0.12216019580711998
2018-11-28,0.2917870663083153,val,0.08155286647917571,0.1369389064336316,0.13985867316311268,0.12993410920732112
2018-11-29,0.2933217103491671,val,0.07511879824354312,0.14451909302530502,0.14124655942031644,0.12151391176244401
2018-11-30,0.292550687806921,val,0.07653129088363282,0.1450368770458815,0.14330509658496118,0.12523432261002784
2018-12-03,0.3012562206393623,val,0.07991486589413649,0.144694163105639,0.1458819808536421,0.13224340871221685
2018-12-04,0.3012671542889019,val,0.14816919239902468,0.21653467268362583,0.23955109854972761,0.20670455271330468
2018-12-06,0.3025062108812328,val,0.10305650256245956,0.14423618309199923,0.14606926287550512,0.1264989302638415
2018-12-07,0.292656040745483,val,0.1429213083593765,0.18486986153355808,0.19180812798993793,0.15707481259856376
2018-12-10,0.2930464826401556,val,0.13161335710929273,0.15972124782762545,0.16429771362457687,0.14631726770330486
2018-12-11,0.2933118138875255,val,0.11694358477745553,0.1687942592659154,0.164514752551894,0.14571146368813445
2018-12-12,0.2927727179544964,val,0.1041934344656342,0.17740508389694162,0.1711537353031949,0.1468005298399525
2018-12-13,0.2935749241214261,val,0.08711016513410035,0.15984613066664818,0.15370891493670635,0.13020201840622184
2018-12-14,0.2888699877332136,val,0.08072019121338045,0.13322301667299144,0.13254381733973375,0.12024785681704428
2018-12-17,0.2803089920637748,val,0.09780699520775966,0.14898497640786568,0.15830027821587372,0.13181683337613836
2018-12-18,0.2815630056213254,val,0.09257939293526904,0.13093687460466313,0.13362210475579306,0.12404663843406571
2018-12-19,0.2803779861358968,val,0.10566997825302558,0.15501629977151646,0.15984371988394977,0.13178217293486882
2018-12-20,0.2784769806885131,val,0.12426505647718673,0.1724634499088721,0.18032480820476968,0.14223248260193738
2018-12-21,0.2687101396735368,val,0.1506300025287972,0.2118576464253575,0.2168591032378663,0.16307051183015114
2018-12-24,0.2513438245914903,val,0.19406562495953122,0.2537623729022997,0.265878589030891,0.22703164222773267
2018-12-26,0.182912376292028,val,0.21676087383705436,0.49265345405491373,0.41841015356219297,0.27499691573004026
2018-12-27,0.1829022500994006,val,0.22025428359064841,0.21134577714593125,0.22051880756128062,0.15764482899562363
2018-12-28,0.1829056067503273,val,0.20836813080445415,0.23531980942010342,0.22129873768452613,0.16555734238436848
2018-12-31,0.1886920640576236,val,0.19203880280569408,0.22275136999137793,0.20334026693887214,0.15888196630685425
2019-01-02,0.1911923141732583,val,0.1736404749065483,0.21062702889736212,0.1891732965139832,0.1508561754239868
2019-01-03,0.1709025717297939,val,0.16127386223497106,0.179118308958991,0.16700106591117464,0.13813227289439403
2019-01-04,0.1270812103350005,val,0.15121419873262995,0.16018685208266026,0.15687247683137662,0.13178743269518936
2019-01-07,0.1248718587115342,val,0.1511533407447681,0.23355607057411276,0.1867472370944787,0.15016332809246583
2019-01-08,0.1204700510366644,val,0.12575436440818008,0.19689022071094567,0.16696263940831382,0.1370077549210522
2019-01-09,0.1240770207429064,val,0.11161482307881172,0.1783408180257695,0.1576085376783973,0.13049896692093704
2019-01-10,0.1235219040797644,val,0.10688531382047989,0.1946442432124367,0.16902149032025748,0.1319708264297778
2019-01-11,0.1235299851958312,val,0.10995282286085976,0.22029229283313534,0.19300777392242924,0.13447922863861989
2019-01-14,0.1297880594679583,val,0.10690490606698803,0.18843286700019363,0.173837709546382,0.12995546489887588
2019-01-15,0.1238591262431151,val,0.11781225343620735,0.17576897769974406,0.1669536356254356,0.13463719029061638
2019-01-16,0.123812818020482,val,0.12833692172029684,0.17938780219380124,0.1702950426424301,0.13774746632440749
2019-01-17,0.1268461616454296,val,0.13176596883855776,0.1608556895771861,0.15717294608679955,0.14219772730989652
2019-01-18,0.1180032119389208,val,0.13655842666594248,0.1607486596561579,0.16127903550305894,0.1566399527190089
2019-01-22,0.1079091211431212,val,0.10935146369104759,0.14586619456052363,0.16230678635432827,0.14142104808638667
2019-01-23,0.1083937753214105,val,0.0980328466047246,0.14757043850609472,0.14464394187584398,0.1263563762077042
2019-01-24,0.1105756123136966,val,0.1058726357743068,0.16560809020593845,0.15997072395744436,0.1309836672425196
2019-01-25,0.106563448843709,val,0.10390325905643838,0.1590246995927935,0.15678828381031326,0.13340133792560832
2019-01-28,0.1030965018494206,val,0.09395446314487957,0.15037512389396057,0.14894486242657626,0.1254452908090667
2019-01-29,0.1029999516279793,val,0.10502392084104026,0.16284120271503666,0.160151399135914,0.1286687874024421
2019-01-30,0.0868579936619428,val,0.10014358936699577,0.145806655478969,0.14525659989767256,0.12943181643750395
2019-01-31,0.0840777733467484,val,0.10072570187262149,0.15061747550576823,0.15048692861305224,0.13357533645702052
2019-02-01,0.085049838489263,val,0.10010392981725466,0.15692953505249105,0.15637316210648602,0.12787955360502828
2019-02-04,0.0814710165479689,val,0.09719671445929941,0.15209172323025283,0.1526317373363703,0.12467923616861258
2019-02-05,0.0829582876254437,val,0.09928442123512195,0.15389107094453833,0.15691820539439102,0.12870311083712396
2019-02-06,0.0880303801851065,val,0.10596532313533871,0.1573941050612426,0.1617365944294348,0.12573182831991786
2019-02-07,0.0815096921578475,val,0.09635050360813294,0.14362095720269036,0.14651190019954577,0.1279852452008706
2019-02-08,0.096107514769983,val,0.09502828273741908,0.14544473968841706,0.14420059115689646,0.12280228177596676
2019-02-11,0.0970119006226869,val,0.10336429239387034,0.15036622751419265,0.1508515818464142,0.1246052886941599
2019-02-12,0.0888967076431421,val,0.10322284910037494,0.14746285742949541,0.14541658160925822,0.12522181330664706
2019-02-13,0.088178182711886,val,0.10446619165801936,0.14979604054858842,0.14993982326549177,0.12529154938710832
2019-02-14,0.0895509035294012,val,0.1010716206783738,0.14693897378972798,0.14643266293915955,0.12656356385814393
2019-02-15,0.0818799516040375,val,0.09788688397875775,0.14590544093786326,0.1472534829924791,0.13128756327503047
2019-02-19,0.0816543225390052,val,0.09428000858087866,0.14506204769845218,0.14490939411903742,0.12222230378413715
2019-02-20,0.0820416190812086,val,0.09821367232882598,0.14787243207706766,0.14876261319178558,0.12506323078793113
2019-02-21,0.0903342867139516,val,0.09641477943260969,0.14584742246311105,0.14625516265397565,0.1224204510786733
2019-02-22,0.1115246438158879,val,0.0975422782868792,0.1466962052610305,0.14681915456506217,0.12412301897526995
2019-02-25,0.1114520579205513,val,0.0959446854846229,0.14580757102939645,0.14665284428675537,0.12328167765761036
2019-02-26,0.1144992911542226,val,0.10647355343976177,0.15093335617697068,0.15194253990156875,0.1247110067183613
2019-02-27,0.1159919266539735,val,0.11143831405606854,0.15308355933931583,0.15275771920629638,0.12550035592706288
2019-02-28,0.1165790134429236,val,0.11834396360540045,0.1574006308235504,0.15842788723285636,0.12694583405887455
2019-03-01,0.1166204074049251,val,0.11590214012495237,0.15584232996214278,0.15656929045929935,0.12954613944775228
2019-03-04,0.1232244803793034,val,0.10335765515710171,0.1486317756096627,0.1567611338753026,0.13554747266225323
2019-03-05,0.123142019508566,val,0.10308576600174339,0.14911730038800242,0.15276106285299845,0.12505353768879526
2019-03-06,0.1213674679777699,val,0.0946001127389904,0.14327632437321156,0.14291511406487553,0.1226001624931371
2019-03-07,0.1180225224173991,val,0.08633499150818949,0.13961715411519288,0.14041076995804375,0.1224172297236143
2019-03-08,0.1190487769034609,val,0.08429596730141509,0.13761442023174955,0.1351273793265643,0.12017960633357459
2019-03-11,0.1075561298842655,val,0.08081210239406113,0.13575639749928167,0.13554611446030324,0.12070026096526676
2019-03-12,0.1082701992154172,val,0.08000617609979445,0.13721854371253123,0.1378326221754654,0.11973202425350452
2019-03-13,0.1063960293053313,val,0.07996265574938864,0.13672037159982112,0.13664495075799943,0.11975650592291057
2019-03-14,0.1063763226901205,val,0.08189923166569364,0.13764978395879715,0.1400646453855603,0.119234869222701
2019-03-15,0.1076228979930368,val,0.08282550864572497,0.13751249716749053,0.13884232621759415,0.12033590392289645
2019-03-18,0.1068786249169263,val,0.08899276489084108,0.14049608990098464,0.14466556973319805,0.12045146653253772
2019-03-19,0.1069002836996759,val,0.09058721037752025,0.14142840464222817,0.14243624116087686,0.12395012502844809
2019-03-20,0.1067183262216723,val,0.09035032059816873,0.1408020727489317,0.13914976202400167,0.11972649262852325
2019-03-21,0.0992382716811053,val,0.08783808314414068,0.13956490911715327,0.13652169123397526,0.11948763996249458
2019-03-22,0.0714059895876338,val,0.11756527146539347,0.17505238665133707,0.2083237529165052,0.16806563538474323
2019-03-25,0.07811037818634,val,0.07659081123800669,0.13348977081130028,0.1318065216778764,0.12101826092479553
2019-03-26,0.0739489929789763,val,0.07683700782428503,0.13453210842450503,0.13313862198043003,0.11938267823650722
2019-03-27,0.0716021866918038,val,0.0800740283516094,0.13676664491098606,0.13567861969316825,0.12010057302116625
2019-03-28,0.0722393507469472,val,0.07781793350770982,0.13619493127187288,0.13699161426098538,0.12283599192217486
2019-03-29,0.0689319557606178,val,0.07663295767058922,0.1371204698150121,0.13940492081369737,0.12219243892016259
2019-04-01,0.054805285176156,val,0.07533792528451154,0.13521826882682667,0.1352951453671505,0.11948577312928108
2019-04-02,0.0609743325224739,val,0.07890361183097866,0.1366067024599428,0.14178439822381422,0.12257105894318464
2019-04-03,0.0612009644021169,val,0.07860746419124845,0.135939501252088,0.13691327005236822,0.1207814712663681
2019-04-04,0.0696594348360895,val,0.07972061569845523,0.1350671017591396,0.13740179384003856,0.11909927054209125
2019-04-05,0.0690861327932812,val,0.08112613938697849,0.1359605735250798,0.13782036927498548,0.12039449623682476
2019-04-08,0.0913187675673892,val,0.08584399672781975,0.13756946915645035,0.1412679868270574,0.12014097589513133
2019-04-09,0.0896148764183353,val,0.0831889244376854,0.1360120510186792,0.13540722964661825,0.11939050657696601
2019-04-10,0.0894451575553019,val,0.08446835430114324,0.1358855514884667,0.13577636659594788,0.1182573318729063
2019-04-11,0.0911912606094647,val,0.0879458171228127,0.1379905491364293,0.13913611384666288,0.11906810322615795
2019-04-12,0.1261142746582929,val,0.08733070447854062,0.13834424756601074,0.1381487187916567,0.1218439067962635
2019-04-15,0.1300792402022496,val,0.08687139683255271,0.13657975796143523,0.13812475848677772,0.11890282891226783
2019-04-16,0.1317004374881884,val,0.09010796893784255,0.1382075662649953,0.14022575500277337,0.11930528504959634
2019-04-17,0.1354259916983245,val,0.08734115774858302,0.13657101279472522,0.13738719447710873,0.12012187539064842
2019-04-18,0.1371914151439003,val,0.08798983926702476,0.13638611209402351,0.13650881311374694,0.11940772176344595
2019-04-22,0.1391641534390855,val,0.0956993677001641,0.1393078103093814,0.14517420543736176,0.12180689145998731
2019-04-23,0.1391835998381697,val,0.09236202315315191,0.13869610291118345,0.13796924122235352,0.1192703133868629
2019-04-24,0.1393883016410994,val,0.09024532177970455,0.13685496331400723,0.13828532160510412,0.12055592762504952
2019-04-25,0.1460433614270482,val,0.08844341608333828,0.1353478469817755,0.1342982016343812,0.1185132036922621
2019-04-26,0.1453318460644067,val,0.08756318286320598,0.1344554321955884,0.1334394240189193,0.11795292907425807
2019-04-29,0.1489647764411266,val,0.08878295845482487,0.13496465133995725,0.1356174413663353,0.11938149606300248
2019-04-30,0.150859184626744,val,0.09345783232943321,0.1377799924670902,0.1387338306726386,0.12342561728033297
2019-05-01,0.148778205032906,val,0.08982827281770228,0.14049826403159876,0.14352362930735102,0.12522943541151899
2019-05-02,0.1561896219678662,val,0.08269541895743401,0.13300189041014543,0.1301530442923344,0.11715049166810922
2019-05-03,0.152582991301723,val,0.0821880393920415,0.1340812387470805,0.13192838335632798,0.11731071054030212
2019-05-06,0.1699347660275904,val,0.11756266857322972,0.1698512328770343,0.17886415803295194,0.1547487417371776
2019-05-07,0.1619925600548101,val,0.18540027145249685,0.21497947330953113,0.23173637666281713,0.19839875620540304
2019-05-08,0.1635439005561434,val,0.12148837945502156,0.1483143918707922,0.14790969361752745,0.13711561931612357
2019-05-09,0.1669734029973718,val,0.10922695008666247,0.1462989485710952,0.14442064109247316,0.13040145018219496
2019-05-10,0.1668169247978402,val,0.11410954635296873,0.14750391346912756,0.1445301508451559,0.12818680887012457
2019-05-13,0.1402383221316341,val,0.20118207505649416,0.18750921054637265,0.19489006123159464,0.1745195806720432
2019-05-14,0.1366927890671862,val,0.14959759589420255,0.15424883395716857,0.15682940856335756,0.15801659363522544
2019-05-15,0.135899901335313,val,0.12841710328987632,0.15186838299071462,0.1508640566638453,0.14332861022046933
2019-05-16,0.1319597668383607,val,0.11534654073647475,0.1513425821746573,0.14830693488062818,0.1349038986246213
2019-05-17,0.1299428499060466,val,0.11524552721775991,0.15033127393898874,0.147395557042735,0.13332829521265435
2019-05-20,0.1330328520936108,val,0.10062969984098859,0.15398619563217505,0.1557172000560287,0.1425284423581114
2019-05-21,0.1294095274854526,val,0.08603566797187735,0.1501987980824963,0.15292598293953363,0.13523397049945085
2019-05-22,0.1332925455987005,val,0.07782067993981392,0.14479268276135746,0.14829094864926973,0.1287518825533202
2019-05-23,0.1260526263686881,val,0.08799471890558484,0.1432820933699549,0.14439752186137986,0.1253786965523389
2019-05-24,0.1258709880492683,val,0.077849428383997,0.13890849042308184,0.14011758579675063,0.12607726742278041
2019-05-28,0.1263623189370117,val,0.07999444683541146,0.13668111055171261,0.13573839730349113,0.11963186762255142
2019-05-29,0.1241318370966656,val,0.07416401399593071,0.1333812952828087,0.13102505639480264,0.1166779863753704
2019-05-30,0.1243898458626401,val,0.07425217689592688,0.13667621073736025,0.13718288829584857,0.12426302240491666
2019-05-31,0.1161279067054281,val,0.07463998259741406,0.13362978510694906,0.13316333705238792,0.11847548873633786
2019-06-03,0.1201380602388891,val,0.07106113295059076,0.1320388852877484,0.13013375142511643,0.11691316722127855
2019-06-04,0.0933159527379914,val,0.07320618785629589,0.1326930922837409,0.13181698539694642,0.11683345575632356
2019-06-05,0.0925722531050797,val,0.07351161830062101,0.13780123486501786,0.13636371278476903,0.11975642150671749
2019-06-06,0.089758508815844,val,0.07310043867612524,0.13821787244167255,0.1369311140609143,0.12020866416229138
2019-06-07,0.0847931399140699,val,0.07427548271252211,0.1386441062686771,0.137922824715631,0.12248984676025372
2019-06-10,0.0833383060124125,val,0.07293052764313511,0.1406007349292673,0.140852028239779,0.12235565210322585
2019-06-11,0.085034310268085,val,0.07403837076020274,0.14278930112992713,0.14576214518376152,0.1236513031064282
2019-06-12,0.0852090625418953,val,0.0767397088065076,0.1420547572161374,0.14675402718404396,0.1220102244105785
2019-06-13,0.0854303046188045,val,0.08045580339445206,0.14094925159226981,0.1430869916308511,0.12030014280540424
2019-06-14,0.0853482536737429,val,0.08629443827776956,0.14313577786126988,0.1448967382805254,0.1211304556540616
2019-06-17,0.0862188298504035,val,0.0977460984539134,0.14845902027390606,0.15220927921738037,0.12339661387389826
2019-06-18,0.0813299469478175,val,0.09931939547654978,0.14729472392857926,0.1501205621803653,0.13540889308167725
2019-06-19,0.0819680960975938,val,0.09215223469984773,0.14404956170078653,0.14617441052187663,0.12828931578931452
2019-06-20,0.0772686223074844,val,0.0960231270226738,0.14656425777178292,0.15616133434235135,0.14822044406877846
2019-06-21,0.0775859561384999,val,0.07854196734786437,0.13668791695496768,0.1366377469197663,0.11954126950595698
2019-06-24,0.0814876122554209,val,0.08343865511344949,0.13844108187750054,0.14081118970519185,0.12302632084940714
2019-06-25,0.075453224582164,val,0.07867557945976728,0.13592892951819832,0.1370082960718571,0.12042090089871298
2019-06-26,0.0772628547038271,val,0.07941953745173988,0.13541580214434068,0.13573411620643516,0.12282802117892498
2019-06-27,0.0798342840845793,val,0.08411632665335239,0.13844229060702146,0.14018303182123776,0.12394517206038774
2019-06-28,0.0779963503630066,val,0.08220397118306683,0.13791122959930946,0.13706578187346002,0.119003766828332
2019-07-01,0.0716265271470001,val,0.08411298294647032,0.13961043251928468,0.14091562096656807,0.1263524150138057
2019-07-02,0.0810550186451628,val,0.08110984972470521,0.13790885076270185,0.14007295673509426,0.12097186608488723
2019-07-03,0.0820653242093889,val,0.0810622207460588,0.1363815674135697,0.1384239761000032,0.11893585767730791
2019-07-05,0.0862443371444512,val,0.08152852245543951,0.13655561547974457,0.13944607770311213,0.12184794844915593
2019-07-08,0.1371252718479215,val,0.07886301005430336,0.1334784553049757,0.1337859643184884,0.11797863260381038
2019-07-09,0.1456955339200333,val,0.08313029127337146,0.13503137366357465,0.13706872727324457,0.11976234909158984
2019-07-10,0.1447248430956164,val,0.08336165851216748,0.13649535441419738,0.1368585569652614,0.12146239138840237
2019-07-11,0.1601032923102163,val,0.08728365505010144,0.13773595647387737,0.14111023155225788,0.12013449461259416
2019-07-12,0.1611529333716523,val,0.08971320966608395,0.13865061249563135,0.14047637065568205,0.11935534596083612
2019-07-15,0.1669103751509543,val,0.09473401850562373,0.14140891876422457,0.14453905298748151,0.12029488038850171
2019-07-16,0.1752384939636192,val,0.09498773959012433,0.14156928837849928,0.14252223001984765,0.12000836345100684
2019-07-17,0.2037418035848827,val,0.08928301246140102,0.13794820164983415,0.1391656895819927,0.1214937678587235
2019-07-18,0.2035440687663316,val,0.08693388273505119,0.13630424975753774,0.13366647787058394,0.11790041476942618
2019-07-19,0.2091468585712892,val,0.08528114189435988,0.1373143586488584,0.1370079922004521,0.12193190887733951
2019-07-22,0.2132455177146032,val,0.08422923468919775,0.13415799701026584,0.13372206210701096,0.11870506777013123
2019-07-23,0.213493947309843,val,0.08370938357085261,0.1344127397515985,0.13374318516769182,0.11782709962222998
2019-07-24,0.2147787230723361,val,0.08482420917228316,0.13501753823506396,0.13536571290722302,0.11851737217673375
2019-07-25,0.2141078832388318,val,0.08458599633906161,0.13562483429809036,0.13656296967666762,0.12067374282577706
2019-07-26,0.2319768619381718,val,0.08459199207235535,0.1335172989587115,0.13456043891532238,0.11824853791231067
2019-07-29,0.2351496822120182,val,0.08553706251400109,0.13343353705277877,0.13554203339188825,0.11882867195965434
2019-07-30,0.2354018278155374,val,0.08442202766894633,0.13344625344310426,0.13220062602864374,0.11759610239351159
2019-07-31,0.2334730580008,val,0.10504210585483335,0.1636022566206262,0.1770589281936992,0.15043933263323142
2019-08-01,0.2357446355179109,val,0.12316482647373615,0.1788399360777327,0.18874792496495224,0.16095536617274164
2019-08-02,0.2342185285737796,val,0.09144333938392096,0.1410614796145117,0.1381746174062119,0.12161070791606099
2019-08-05,0.2086717234705773,val,0.19378193901962787,0.25961098632935115,0.2737358088729835,0.21842910830152967
2019-08-06,0.2066531779302153,val,0.1525464071603762,0.1552358051698307,0.15887186247927298,0.15577119954192759
2019-08-07,0.2115585558542887,val,0.1443176159059514,0.1560036776724365,0.15618911961705356,0.14506749736429758
2019-08-08,0.2000191612114179,val,0.14602320454935358,0.16083226814134305,0.16006246327835058,0.14981835296423465
2019-08-09,0.1985503172938079,val,0.14463276840682124,0.16650014280934813,0.16278498663643556,0.14949510378166644
2019-08-12,0.1937336435750452,val,0.15318593207412048,0.16386646308052014,0.16472785184967018,0.15945619232315414
2019-08-13,0.1875226719036723,val,0.13637335076086085,0.15797536381625146,0.15675104633504733,0.13980887334619752
2019-08-14,0.1548069735843747,val,0.21111334830077727,0.23408718226337216,0.2485159700742973,0.2061174425740709
2019-08-15,0.1545413561563225,val,0.1624568606861469,0.18201110970301831,0.18187518638725161,0.1658563005164758
2019-08-16,0.1459466991189772,val,0.13658829020087987,0.1696452376728732,0.16761905456397866,0.14703446823020244
2019-08-19,0.1399068231613753,val,0.12143069343535479,0.18368926091635035,0.17396892712180048,0.15231103366837034
2019-08-20,0.1372328128449709,val,0.10867139431542756,0.1685496056967489,0.16201558565749452,0.14313475555046976
2019-08-21,0.1341852914812593,val,0.09290941365204772,0.16716092229405569,0.16120715198257474,0.13851083287697863
2019-08-22,0.1352304336846325,val,0.08211244547878915,0.1546416105752566,0.15023532783015084,0.12922040161723516
2019-08-23,0.0987677462731684,val,0.15583822646713968,0.2071389561440668,0.22317946813844727,0.19502352547280521
2019-08-26,0.0949371897088348,val,0.10382764465540124,0.15392334657835324,0.15264656944467372,0.13700046929012558
2019-08-27,0.0962110036816357,val,0.09172226659644835,0.144827556218528,0.14232041485988306,0.12619069513571085
2019-08-28,0.093225090273007,val,0.08440487184406703,0.14486634914879007,0.14198784888361515,0.12601448447717056
2019-08-29,0.083838425634918,val,0.07900268687727316,0.14598191636594463,0.1420228898538367,0.12331433880015387
2019-08-30,0.0854175634899321,val,0.07684282056825949,0.14995941866438248,0.14673214507289223,0.12570528899484734
2019-09-03,0.0930968185528443,val,0.073496459459273,0.14167675442559022,0.13931603711370466,0.12010613797107561
2019-09-04,0.105186428653596,val,0.07297600138114908,0.14267624612043486,0.14036006526722195,0.1195782931660977
2019-09-05,0.0992328759255129,val,0.07865254378184561,0.14028188695279606,0.1416321429652295,0.12950875927888594
2019-09-06,0.1100727751083119,val,0.07513839120827354,0.14809021363373412,0.14744332703632806,0.12245192408698855
2019-09-09,0.1111233193008776,val,0.07561428797168364,0.14469015009900796,0.14448864274618742,0.121144157964624
2019-09-10,0.1242269638868916,val,0.07801566502783916,0.14459551391775521,0.14499535074984282,0.12126017602512973
2019-09-11,0.1261954708370389,test,0.08238421032431971,0.1440793595148051,0.14441066018697982,0.1242909815384649
2019-09-12,0.1278558039848184,test,0.09204573387672069,0.1516732620113077,0.15614138123396962,0.12992401980483206
2019-09-13,0.1329732609548528,test,0.09490692995888811,0.15083215267235578,0.15471535025779468,0.12472349823511027
2019-09-16,0.1325780312579678,test,0.09302829617038222,0.14515650751881032,0.1457534570413125,0.12221664730680841
2019-09-17,0.1368181401472614,test,0.10224710331405025,0.15015163709063034,0.15245773915335692,0.12457807135762083
2019-09-18,0.1369205763287606,test,0.10336669988562179,0.14932859703678417,0.14966007107436197,0.12765166186956983
2019-09-19,0.1373187477431881,test,0.10873969060566259,0.1529174715354831,0.15450492151221976,0.12822798039999753
2019-09-20,0.1371719531750561,test,0.09755617553454318,0.14526181594539875,0.1493078216350793,0.12977059749586164
2019-09-23,0.1392502585786074,test,0.1042678422392966,0.1497676799103468,0.1534213748876917,0.12876559973884275
2019-09-24,0.1369071399940365,test,0.09307745283961402,0.14485297028345218,0.15793453000516017,0.13428243914682084
2019-09-25,0.1356896693572556,test,0.0782565181606927,0.13501903752153835,0.13257902441339872,0.11867630351819934
2019-09-26,0.1356115565297251,test,0.0821321940511828,0.13837645863893167,0.13897730360852217,0.12140070952013378
2019-09-27,0.135030369937405,test,0.07856154574507007,0.1360431586146141,0.13792266099836445,0.12099660089255528
2019-09-30,0.1355046625902814,test,0.08011281097296817,0.13742459493699286,0.13882623659454432,0.12221358769715551
2019-10-01,0.1286795881041006,test,0.08303481083328555,0.14191720345831,0.14999355033106276,0.1276678562959243
2019-10-02,0.1125806250422199,test,0.08782843558077574,0.15263029580071238,0.16061908669869962,0.1319155790418635
2019-10-03,0.1092022953032048,test,0.07855172800818254,0.1350404210395558,0.13529304531985475,0.12515801413465305
2019-10-04,0.1035379333514938,test,0.07751917933115926,0.13484561667362518,0.13372377722507064,0.11960216942244868
2019-10-07,0.1033785934227086,test,0.0776123062929197,0.13795577881889048,0.13677685106003487,0.12156057322038022
2019-10-08,0.0872807277654917,test,0.09649624186648899,0.14721511821357988,0.14932422408220114,0.12763099828643074
2019-10-09,0.0805788681395319,test,0.08237115861443793,0.13721534877313854,0.13670746644981022,0.12466669164516961
2019-10-10,0.0779472694501088,test,0.07573730585571767,0.13734333496310736,0.1363079879386259,0.12184174903636967
2019-10-11,0.0693678008721267,test,0.08024622816750852,0.14156906810364608,0.1424389339193861,0.13060635545419233
2019-10-14,0.0695865367070163,test,0.07496680175183103,0.1434942072214475,0.14504750534819585,0.12697317967015812
2019-10-15,0.0606243998551288,test,0.07171059820023697,0.13952001176620887,0.1399369462276398,0.12067365416034619
2019-10-16,0.0603662935102622,test,0.07479396353991956,0.1440177628176106,0.14856362310452736,0.12315403592975942
2019-10-17,0.0596783743248095,test,0.07757419753255174,0.1423684038381658,0.1465684811211559,0.12133435385939198
2019-10-18,0.0630402728368809,test,0.07901549958848221,0.13930324841835082,0.13994714126738927,0.12039349130444803
2019-10-21,0.0583587776590428,test,0.08595600353908273,0.14246925790091816,0.14508944839037222,0.12145274097486576
2019-10-22,0.0572004223740313,test,0.08870433675161521,0.14294253312153962,0.14344993783623672,0.12078482788747626
2019-10-23,0.0577963191195519,test,0.09666670702319934,0.1464043164940125,0.1477452547743185,0.12294199837189194
2019-10-24,0.0577883608342387,test,0.10146512035790273,0.14890959330122416,0.14987472960216547,0.12302265873982736
2019-10-25,0.0564914468132907,test,0.10089823328170341,0.14801292544268865,0.14769706865991783,0.1242912843708484
2019-10-28,0.0595328556239115,test,0.10415095105542684,0.1502322602051633,0.15050399870237083,0.12446142928106013
2019-10-29,0.0600632196263842,test,0.10983967233979769,0.15350416216430268,0.15477542907400466,0.12534189442761062
2019-10-30,0.0611444853458064,test,0.10576355592106731,0.15072082732082237,0.15255019885532542,0.12683636761095923
2019-10-31,0.061830142704815,test,0.09959506784070594,0.1468647522506693,0.15127731848805315,0.13023904137379108
2019-11-01,0.0605697350570851,test,0.0948867044794184,0.14450796759470252,0.14561304514589818,0.1265671101516124
2019-11-04,0.0635345878931155,test,0.09285518111030468,0.14311903896484604,0.14459504140034757,0.12273422515855599
2019-11-05,0.0670669330983574,test,0.09243293726073731,0.1418296392237316,0.14491467653343992,0.12048947087716093
2019-11-06,0.0673645751453967,test,0.09405214171277233,0.14231226868303296,0.14520679872686862,0.1204590738591047
2019-11-07,0.0736504621965872,test,0.0944355753105262,0.1420838254309539,0.14445441730774355,0.12135788172601847
2019-11-08,0.0739790015843404,test,0.09712947169034318,0.14314313922980068,0.14575018664840636,0.1207968707309396
2019-11-11,0.0737735117989392,test,0.1000405262042468,0.1439751382769539,0.1469801233459543,0.12137906608881309
2019-11-12,0.0740802672975785,test,0.10442038012360925,0.14748110714552584,0.1497764416418182,0.12172123299593687
2019-11-13,0.0800910674211659,test,0.10469187477771329,0.1481316948009316,0.1484227859590102,0.1224633003404121
2019-11-14,0.0799526806951742,test,0.10916106039572794,0.15120589578773594,0.15138327232884397,0.12256725811076108
2019-11-15,0.0795487752381585,test,0.10440223635851253,0.14805055670966377,0.15004091926733207,0.12712790233563992
2019-11-18,0.0795094924960252,test,0.09991800798769551,0.1433062560807112,0.14532118829093893,0.12120738655842002
2019-11-19,0.0795031973349095,test,0.09904497307149425,0.1424054392694369,0.1439939630460055,0.12401112627943323
2019-11-20,0.0797290427375796,test,0.09377631581199651,0.13937909801365184,0.13853293413266599,0.12165245460847224
2019-11-21,0.0810256688219549,test,0.09157622938167016,0.1357097361582696,0.13572580581791416,0.11931750458456288
2019-11-22,0.0808228842931232,test,0.09589371097590701,0.13734287493377118,0.1393559937802677,0.12022859551751769
2019-11-25,0.0760354602482265,test,0.09339490766357644,0.13691163843082815,0.1367057007433536,0.11896282567181406
2019-11-26,0.0779230358094822,test,0.0947774613648776,0.1362665139320019,0.13805783869709282,0.11934053071751267
2019-11-27,0.0763121601289488,test,0.0947226644113322,0.1365797812416226,0.13702121297283876,0.11919689988265565
2019-11-29,0.0776836742011243,test,0.09214360134463603,0.13485415279145999,0.13501856606417123,0.11946332109995114
2019-12-02,0.0720547594860029,test,0.1084049611311401,0.16134990774780342,0.17424931993908876,0.14807762138595337
2019-12-03,0.0755852407248705,test,0.09148379291497295,0.14561113965215414,0.14401940431256502,0.12149823382529099
2019-12-04,0.0772295851314868,test,0.08661326748281464,0.13794373695077722,0.13507932620069749,0.11969028811663342
2019-12-05,0.0781438453758929,test,0.08411387345750448,0.13521560251943537,0.13570057321679427,0.12178225880648794
2019-12-06,0.0718657821323598,test,0.08162819513359917,0.13552169506367684,0.13387734073507915,0.11793073758551266
2019-12-09,0.073455662984339,test,0.09322569597770002,0.14547290461598567,0.1455399195619774,0.12329792614260662
2019-12-10,0.0771716366747151,test,0.08305986154078947,0.13595957184000398,0.134656183637209,0.11875643643680749
2019-12-11,0.0771937029272947,test,0.080130984869706,0.13385396664064533,0.13370848500386162,0.11879140488237798
2019-12-12,0.074984609143998,test,0.08542897667620608,0.14080722915972166,0.1414649959632217,0.13195508316894133
2019-12-13,0.075149836052631,test,0.08067066300133126,0.13693033220416795,0.13728866289164357,0.12372021138478935
2019-12-16,0.0715617163026701,test,0.07997672973430608,0.13602315403998413,0.13640015810191916,0.12214044715806753
2019-12-17,0.0773638494393549,test,0.08059534244141368,0.1348801348876418,0.1392969815612269,0.12047226720770747
2019-12-18,0.0781459122338237,test,0.08243592111549734,0.1340211432713028,0.13842240001185055,0.12013308914506778
2019-12-19,0.0770995338400984,test,0.08791777600665308,0.13741565854515367,0.13978390788892844,0.12367375144934832
2019-12-20,0.0755209126827912,test,0.10160469323079019,0.1449261257443612,0.15259581830397317,0.1514828106285307
2019-12-23,0.0754360284280252,test,0.09198673896172187,0.13922926595327736,0.1447212792851655,0.12088754468559196
2019-12-24,0.0818291414737041,test,0.10583362385175349,0.14572245969198738,0.15691168593353758,0.1320447761481449
2019-12-26,0.0981374355078893,test,0.097504891169504,0.14230292503879804,0.14360698234347102,0.12086106293432583
2019-12-27,0.1048783866972864,test,0.09318925563635164,0.13970966678397026,0.14124075187092555,0.12232146402334211
2019-12-30,0.1030677210487561,test,0.08703374838306166,0.13756101171282362,0.1377187494377991,0.1212836904978439
2019-12-31,0.1033491921487442,test,0.08353794116940612,0.13442024404887304,0.1317135120199882,0.11766293564030936
2020-01-02,0.1175600391090824,test,0.08355557813911506,0.13599923723263782,0.1352471614241128,0.12086572504187952
2020-01-03,0.1173989849435858,test,0.09194832960636885,0.14693677497378538,0.15058068131791208,0.1304269917033344
2020-01-06,0.1283849783064978,test,0.08188417611047309,0.13550252365952337,0.1331642723669808,0.11771701399521167
2020-01-07,0.1343276498414228,test,0.08268749876255493,0.13489572607759462,0.13696132109548595,0.12148781720181188
2020-01-08,0.1335293563415104,test,0.0838006539375475,0.1383226064062696,0.13681623634228432,0.12063136315110137
2020-01-09,0.1327195527196908,test,0.08254148964441055,0.13534352623596543,0.13689976067805876,0.11997046390251938
2020-01-10,0.1349327386730831,test,0.0827885569615915,0.13446055055745948,0.13636988478989126,0.11974289930941645
2020-01-13,0.1328637648118875,test,0.08247530573763195,0.13337351802764946,0.1338208374031928,0.11827880856419365
2020-01-14,0.1346964438774394,test,0.08478655549797308,0.1359666169864179,0.13659458591989773,0.1214325662186757
2020-01-15,0.1345112960342245,test,0.08593572442265772,0.13519873445789118,0.13679265804783897,0.12201162401323908
2020-01-16,0.1313806900982833,test,0.08451457483316502,0.13314827358533346,0.13350889482375597,0.11827244473677075
2020-01-17,0.1312368454892067,test,0.09292922698541617,0.139621017605978,0.1429053907436074,0.13436962587656506
2020-01-21,0.1321415098511126,test,0.08495286231642694,0.13481997399551826,0.13386461467444502,0.11964947178136492
2020-01-22,0.1329463930085781,test,0.08620927483976194,0.13251493679928997,0.13402672329621146,0.11977908769266263
2020-01-23,0.137870642112486,test,0.08504490871419415,0.13258982371721434,0.13137217636155757,0.11784220326904661
2020-01-24,0.1798231349488632,test,0.0962506322071967,0.15159387426717594,0.15823762294218152,0.13475668287371634
2020-01-27,0.2024263312072133,test,0.11998335176229989,0.17512605040836304,0.18848510040081917,0.14965613910316075
2020-01-28,0.1994447827967727,test,0.09981673103778083,0.14626365855049508,0.14459543856877885,0.1281539664002959
2020-01-29,0.2576332821495113,test,0.09209283590951502,0.1407778439947659,0.13929695650843682,0.12509021522732208
2020-01-30,0.2578099613821957,test,0.09112225798885629,0.14126013755187491,0.13798770387788228,0.12040197026853237
2020-01-31,0.2913437307947697,test,0.17012678484550223,0.18873089202489746,0.19729452137441256,0.17104205063333747
2020-02-03,0.3079357846208377,test,0.11510596276958712,0.1465162133790087,0.14697970702932628,0.13693688080177036
2020-02-04,0.3366036944801375,test,0.09818826082127884,0.14296541897006318,0.14064027453407194,0.12596470274083046
2020-02-05,0.3550230106333942,test,0.09283022694024264,0.14310437082396274,0.14080558360247308,0.1253577379116151
2020-02-06,0.359722493072086,test,0.08629697132044452,0.1437495759819263,0.14296845116279505,0.12608217155935741
2020-02-07,0.4608128374726579,test,0.08250105881978699,0.14062887590698864,0.1391296953251806,0.12281343946206122
2020-02-10,0.4936816108143324,test,0.07783467778709066,0.1387657195350111,0.13917744664447232,0.12331930633945595
2020-02-11,0.52455130592427,test,0.07595195507740396,0.14101552545644666,0.14391616871259463,0.12484109027376719
2020-02-12,0.6340915336687041,test,0.07368880809281894,0.13710040867679105,0.13836716298161625,0.12047298149040034
2020-02-13,0.6977374712908002,test,0.07387890201680516,0.13581495354462786,0.1359040794877819,0.1194074588688539
2020-02-14,0.8099499121239507,test,0.07729942911150145,0.13822254558682306,0.1400311609124535,0.12264687288504968
2020-02-18,0.8311295095333014,test,0.07523533032054323,0.13466210415471097,0.1336582491499479,0.11763339166703791
2020-02-19,0.851180021171029,test,0.07991681357662159,0.13767409079677834,0.13892630423193422,0.11923971990342003
2020-02-20,0.8510879238500145,test,0.07870218673796409,0.13675501306316284,0.137261327527831,0.12203401470126234
2020-02-21,0.8645531380593371,test,0.07952566520876955,0.1405658770707604,0.14329835163802027,0.1272626678080036
2020-02-24,0.8611452361859792,test,0.17175753685370684,0.2670226064720272,0.3018682276071502,0.221927247039124
2020-02-25,0.907976280732639,test,0.1848056738505146,0.32551868156275066,0.307751207301745,0.23156767593464564
2020-02-26,0.9094129882929656,test,0.18463088509100856,0.19125891406027729,0.2018123695932077,0.17440005591537966
2020-02-27,0.9170623224173668,test,0.20981195841228978,0.4080740360275883,0.3797623539763364,0.27325433777535313
2020-02-28,0.9232012495028388,test,0.2573210142867444,0.24872957685890235,0.2598154909833599,0.19708574099925352
2020-03-02,0.917891119139974,test,0.279190828653946,0.20916962526199254,0.21800405913806284,0.22330812303887507
2020-03-03,0.9136368908040716,test,0.2797439665068697,0.19640232209706962,0.21154618124937408,0.20129359652368772
2020-03-04,0.9165644585639228,test,0.3370911729611041,0.21571397018731456,0.21827102039663693,0.22936750901969094
2020-03-05,0.91227602059658,test,0.33951796730236145,0.17191808134022782,0.17578167361540883,0.20678549804073504
2020-03-06,0.9118209191632692,test,0.36393329227906956,0.18047455957557457,0.1868570467244134,0.20567125882922224
2020-03-09,0.8951846172161024,test,0.39409977924234996,0.24431326476238602,0.260018600721417,0.28206651621601075
2020-03-10,0.8770966391854239,test,0.39678328712551253,0.1625001318493097,0.1680148500377017,0.21623766086037907
2020-03-11,0.8669279955686815,test,0.42417374351001463,0.15809114164350843,0.1647357826198943,0.25195972268291245
2020-03-12,0.7918335988644885,test,0.4234868863654079,0.21704832539273936,0.24391343468935994,0.30353980695701993
2020-03-13,0.737075713182344,test,0.42085704039330546,0.15782676379968721,0.16431185511800217,0.24282619637343858
2020-03-16,0.6202516280015581,test,0.40589144900411767,0.22569629082609194,0.25576422228510404,0.30264823266104424
2020-03-17,0.596391325997834,test,0.367397983260797,0.12928647988703923,0.13071652466609004,0.20230344938490702
2020-03-18,0.567412198885068,test,0.3607941339613471,0.12321465199799317,0.12275924454201073,0.19742905822422552
2020-03-19,0.5751985247258079,test,0.3701012015899936,0.19709966972180776,0.2172093587816605,0.24341275752949082
2020-03-20,0.5571200255544214,test,0.3714891423467949,0.1874393023835898,0.19480231139450105,0.21952654026320156
2020-03-23,0.5602761724096167,test,0.4107137556750524,0.2867451764089568,0.33089859530996024,0.37607518243906524
2020-03-24,0.4745536188236609,test,0.3854782348643615,0.177236892650523,0.18345300759204028,0.21812131922498307
2020-03-25,0.4716132414245852,test,0.3757033464344246,0.19407345409744037,0.21044462956997578,0.27304390455536437
2020-03-26,0.4292513343637495,test,0.3643093570870261,0.18320309642707164,0.1984174692643977,0.24033279201036709
2020-03-27,0.4187103627322876,test,0.35208398043966443,0.2017757932583325,0.2259823590719312,0.20552266907832034
2020-03-30,0.4033810035455642,test,0.342950937035501,0.2303108389419178,0.26038718801040067,0.17695521222642208
2020-03-31,0.4102301509843103,test,0.3383745664695711,0.3044737981174779,0.3447017370565316,0.16332094197235392
2020-04-01,0.3777204310128774,test,0.3345321904069157,0.137534701162247,0.14409762062664735,0.16107729048450162
2020-04-02,0.3810322565434791,test,0.34337983928446103,0.2452103987571134,0.2729296238258538,0.16418387928793707
2020-04-03,0.3776377060036913,test,0.3537220677404115,0.2647335114266717,0.29006196257047906,0.16379672006940615
2020-04-06,0.3007156144814732,test,0.3406357931738524,0.14616508766915465,0.16452923216478255,0.17066515842060592
2020-04-07,0.3016616148498545,test,0.3724450044644982,0.22502014379070903,0.23542280351886175,0.1791668305248456
2020-04-08,0.2812055526195198,test,0.3667589754857411,0.1959285622422143,0.19979293043780752,0.16958379500626736
2020-04-09,0.2821274398121022,test,0.3847469789074246,0.24897510613588802,0.26039065563256747,0.20468038454039122
2020-04-13,0.2802434650929139,test,0.38584633416155384,0.22961666201709433,0.24211281112858024,0.1974873396273647
2020-04-14,0.2701823503502518,test,0.39576525635009674,0.2007856106483442,0.20570173083793108,0.21055369436674548
2020-04-15,0.2668310328277478,test,0.38743186822956305,0.1917216154478191,0.194987635243814,0.1989213928747925
2020-04-16,0.2696111141700713,test,0.3633688231033104,0.2734859837660048,0.2632526117532777,0.22600420130791665
2020-04-17,0.2529855470497542,test,0.34298994094540014,0.20564318357238626,0.19703965066652465,0.22393051328478816
2020-04-20,0.2671414942094705,test,0.32041994991488526,0.17429291572334435,0.17378741629248903,0.1974698778902802
2020-04-21,0.2464316169093808,test,0.34004019336262215,0.15737094957836456,0.16070492468477968,0.19891891311748935
2020-04-22,0.2413138401029233,test,0.32506050405081605,0.18562955300379833,0.17902189886016492,0.1989736659176451
2020-04-23,0.2425635310772559,test,0.2997387271273304,0.21363441773076094,0.19636492893342067,0.20412317897190052
2020-04-24,0.2376302820153834,test,0.2721379114257029,0.1978700635531277,0.18512930884521486,0.19991076728732576
2020-04-27,0.2361677407903995,test,0.2558209537515239,0.23651946825037468,0.20526111010681114,0.20912618569458696
2020-04-28,0.2413629471772201,test,0.24294336579369058,0.2444462089428227,0.20829038444135528,0.22077320032338515
2020-04-29,0.2233489578622734,test,0.23667751309583218,0.19874497929235233,0.18600062810521414,0.2205662397350621
2020-04-30,0.2214301447476907,test,0.21643718876537518,0.23121884035884235,0.20589510484683948,0.2156677665210266
2020-05-01,0.2004143808599535,test,0.21491986232568863,0.19174975558802443,0.21109299495397327,0.19959244865817358
2020-05-04,0.2023045172244171,test,0.24032795127019502,0.22683427846139814,0.20936083074144995,0.20522548385587056
2020-05-05,0.2050939316640647,test,0.21736785979376616,0.23714708062426282,0.21214208334390317,0.19463987371311794
2020-05-06,0.2038817160184683,test,0.22461132320225918,0.2490391025622693,0.21085137045680427,0.19797539403747355
2020-05-07,0.218687747859732,test,0.2282375054923058,0.22670364027761664,0.196345230945544,0.19803477214963122
2020-05-08,0.2150580534305033,test,0.23125100813925267,0.20514133670204665,0.18459637989108285,0.20168637385922564
2020-05-11,0.2166917327934761,test,0.23754725975321506,0.20229520859696484,0.18099484003075839,0.2012115986840141
2020-05-12,0.205530263597585,test,0.20456363190992277,0.206893871779336,0.24598195257568484,0.21943639865581058
2020-05-13,0.2874955811826977,test,0.19501968393214505,0.2282669045040406,0.24864005686370386,0.19328519182512569
2020-05-14,0.2874999254023734,test,0.20908652565262462,0.2285169342252971,0.24152089883864367,0.19401711437408986
2020-05-15,0.2889275008135583,test,0.23134406958971768,0.2646943552093127,0.24031084037130349,0.19244838963296493
2020-05-18,0.2769746516032362,test,0.211748629875782,0.22340471594066924,0.21950560216074966,0.2064096332722071
2020-05-19,0.2749366990585464,test,0.2120609705601682,0.25696413019369024,0.23393578264650472,0.19091339805796712
2020-05-20,0.2683589348857267,test,0.22346100223303642,0.24902210586146445,0.22246978917665847,0.19381876011626475
2020-05-21,0.2680028346846513,test,0.22308609969088686,0.23309690432891314,0.21419861801366022,0.19018049174921872
2020-05-22,0.2688779837898655,test,0.2408703024954451,0.2250875013206206,0.20300395032412338,0.1929580410752039
2020-05-26,0.2658418202121995,test,0.25469448519638466,0.18516258642867178,0.1771509702439647,0.19758469473632956
2020-05-27,0.2762899064579848,test,0.24804564757171935,0.17390840767779725,0.17291747629845647,0.2041085299221947
2020-05-28,0.2787935611731541,test,0.26493798116428047,0.18573798135738626,0.17403034750978097,0.20299635387684395
2020-05-29,0.2911311279505935,test,0.26967053696436216,0.16701297749689578,0.1628470908347963,0.2055475571863868
2020-06-01,0.2953550712587017,test,0.2875910925555633,0.1766881220672785,0.16456932483556155,0.2014295623274267
2020-06-02,0.2973534920929283,test,0.2898817265575631,0.16778877591789915,0.1588316445521291,0.20165434339174051
2020-06-03,0.29467090231058,test,0.287676858482419,0.15919419274955954,0.15641267728823707,0.21130306267831625
2020-06-04,0.2951673777335289,test,0.3016371147862333,0.16052655623935702,0.1538874150081144,0.20233392560997843
2020-06-05,0.2863764044725382,test,0.27302507484575234,0.16040623537473545,0.17135252599282352,0.23063594961587236
2020-06-08,0.285563989938576,test,0.2788219970273447,0.16244601209447956,0.1624418716435551,0.19303816756236175
2020-06-09,0.2856089203576233,test,0.25779524241998175,0.16580957742539132,0.1713267003512732,0.18942359891160357
2020-06-10,0.2856372742053463,test,0.23653528850293237,0.1716743252061782,0.17478232288369425,0.18241518967993023
2020-06-11,0.1961272327499756,test,0.16015758199055002,0.24299356838018027,0.26721948970889864,0.19860321941270526
2020-06-12,0.1939927344746757,test,0.17604134106854377,0.14900870756317225,0.14491934269039924,0.12720052313582106
2020-06-15,0.1965555139023021,test,0.2217908594610968,0.1612412400243013,0.16255370812587297,0.15925938346282453
2020-06-16,0.1873718652678265,test,0.2014670714253026,0.1963709159679965,0.167137555994991,0.1334408763456446
2020-06-17,0.1871550631810512,test,0.20954697687265209,0.3206442018501735,0.23425666243457655,0.15533742672421544
2020-06-18,0.1874319425445104,test,0.22419254084521859,0.5101405340232171,0.34356696807218634,0.17314330052679247
2020-06-19,0.1885028763469449,test,0.18513566760862243,0.26752755503810177,0.23608332357255735,0.15321511648681
2020-06-22,0.1872832809962245,test,0.20190657996701233,0.3268319082198516,0.2796200487245694,0.17313907909870674
2020-06-23,0.1876569543130166,test,0.21804141260712617,0.35741781597854944,0.2927832271081042,0.18206156584019995
2020-06-24,0.1691678228431882,test,0.1684189381693782,0.21417222583768916,0.2461296460780354,0.1773214338747382
2020-06-25,0.1664663359381972,test,0.18476079482784802,0.23703384254220647,0.23356213518945274,0.16882983619945818
2020-06-26,0.145243598864703,test,0.15855270761006654,0.18766139232030443,0.21311510636638714,0.15948522635552329
2020-06-29,0.137562516025005,test,0.1727678437752568,0.20442819023110181,0.2053820894218162,0.1585602325320886
2020-06-30,0.1369848981567976,test,0.1648224833676774,0.20948081010141745,0.20661837387656967,0.14960181581994955
2020-07-01,0.1353212765075679,test,0.16405994348453795,0.2562656061484628,0.22984985820509204,0.148933639896712
2020-07-02,0.1367935470580526,test,0.15968702367467583,0.24383876511724503,0.22267396458444172,0.15061412442224315
2020-07-06,0.1279070086791458,test,0.16290096665078965,0.2537561323920351,0.2263544703241503,0.15419916330218533
2020-07-07,0.1232606277982563,test,0.15817834454986168,0.2150988406354751,0.20627644053630614,0.15582691001338847
2020-07-08,0.1222485965780565,test,0.1736691027078907,0.2344246323930945,0.21702375254581324,0.15852445268055695
2020-07-09,0.1228547092476931,test,0.1582575341086168,0.1955579014481394,0.19696550319678666,0.15864381499021962
2020-07-10,0.1174707957495858,test,0.16089944798057837,0.21502844695607715,0.20230768839933214,0.15335776884991273
2020-07-13,0.113836033469816,test,0.14202295613987098,0.1709898461629897,0.18886941017322473,0.167478380808387
2020-07-14,0.1083304603339091,test,0.14222806802707702,0.17870116637177927,0.1783463490265255,0.1452520774535358
2020-07-15,0.1144426459665727,test,0.1502517247891315,0.20550382614685403,0.19275157726215414,0.15365634145706628
2020-07-16,0.114022996959897,test,0.15737438229453113,0.2173830879628502,0.2000833423980673,0.1502584927343283
2020-07-17,0.1135591128798552,test,0.1583914459139544,0.19772555255693006,0.18706841760117085,0.15147975582040435
2020-07-20,0.1104809274503814,test,0.16042857789498244,0.18929509347015477,0.18102471391720323,0.1512893181381619
2020-07-21,0.1104889791663061,test,0.17206711036272893,0.1987816836766027,0.1856766942186497,0.15530084206026692
2020-07-22,0.109641452226132,test,0.18873058841082374,0.1843456973053964,0.17544036309492003,0.15952798403880447
2020-07-23,0.1016247859986394,test,0.16021444954446507,0.16330172440403087,0.17045748249656342,0.15624953241127454
2020-07-24,0.0997977872357946,test,0.15654058711022475,0.16762685494618587,0.16378427747709826,0.1481516237678325
2020-07-27,0.102835541389078,test,0.16308105422203004,0.17475542811024214,0.16855171001673977,0.14988172988159815
2020-07-28,0.1010883816137573,test,0.15403549485513846,0.16732464016482718,0.16396666533723128,0.14602131719546949
2020-07-29,0.0979290069386093,test,0.14918771080334256,0.162028074069656,0.15884113113808862,0.14418999969711907
2020-07-30,0.0974125728222805,test,0.14164949325518825,0.1580533895948584,0.1561990920815849,0.14245430068358472
2020-07-31,0.0960778903518305,test,0.14166618513343798,0.1588129733163774,0.1573993849216656,0.14886809547161978
2020-08-03,0.0937665428361727,test,0.1391711471608355,0.16397397112855036,0.15920003934534452,0.14053920994956515
2020-08-04,0.0985504540855794,test,0.14795916397540834,0.16675795250967276,0.1611051410864016,0.14133073160560852
2020-08-05,0.108754267132411,test,0.16382658312223813,0.1656011437181728,0.1604171811320049,0.14657762048599687
2020-08-06,0.1634668028843875,test,0.16018556453749921,0.1581941484506411,0.15532139968209202,0.146480869481577
2020-08-07,0.1660173327828997,test,0.16624099128698352,0.16049834087762235,0.15733771032607857,0.15121697594108804
2020-08-10,0.1926644371400608,test,0.17282644472783276,0.1614811701718093,0.1574167332795539,0.1477067897018476
2020-08-11,0.2026623764906241,test,0.1425712908402491,0.1508896084730897,0.16337805619484028,0.1516392748801479
2020-08-12,0.2062096598287469,test,0.1223393333810527,0.14895349209553133,0.14685440718481144,0.13456634333127068
2020-08-13,0.2061175399626652,test,0.12705801298831873,0.15791146568981562,0.1542662081180896,0.1336923358643199
2020-08-14,0.2112862554316147,test,0.13068846382728586,0.15569831839470255,0.1523483115756392,0.1348341796119468
2020-08-17,0.2117431226860124,test,0.13232087944374726,0.15446020283759487,0.15148106111415252,0.13493150584580757
2020-08-18,0.2120747299443,test,0.13743996290182098,0.15576451452417867,0.1525694295676804,0.13595027059572246
2020-08-19,0.2138683019320517,test,0.1437856615112419,0.15464771723207632,0.15257873009941514,0.14461414008617984
2020-08-20,0.2175021376639198,test,0.1621149320040041,0.15540588194518504,0.151419542371152,0.14400097252540534
2020-08-21,0.2207430318613333,test,0.17028842335477787,0.15649575779506691,0.15267972865731663,0.1466666212087346
2020-08-24,0.220772539093252,test,0.1654242378891204,0.153894697135369,0.150960340576932,0.1456677473588272
2020-08-25,0.2356350366340552,test,0.16422267054161194,0.1569795577107136,0.15421130367460945,0.14353596802671345
2020-08-26,0.2331506512187665,test,0.1466451713573694,0.15231083610576276,0.1550557882889482,0.14620274126325022
2020-08-27,0.239874637417647,test,0.12577371109774074,0.14964894056657776,0.1549933552593121,0.14444992962935183
2020-08-28,0.245838649887827,test,0.11355342744406455,0.14735010168461818,0.1454162629238822,0.13282749435730393
2020-08-31,0.2462650209483614,test,0.10375173619722589,0.14512834278395753,0.15156352397863498,0.1382248432128094
2020-09-01,0.2454750739554157,test,0.10551547837891521,0.14463418528019692,0.14100706672824426,0.12917467099058424
2020-09-02,0.241196309306351,test,0.11178863863265516,0.14876626880127441,0.14758961309255625,0.1378212741632411
2020-09-03,0.2094496521902897,test,0.13162353974053254,0.2459114414102596,0.25951854320053624,0.19656483991001908
2020-09-04,0.2165997894316518,test,0.1140264198932848,0.1457146588171591,0.1492543296954725,0.12762232846342428
2020-09-08,0.1995708518153455,test,0.15007539052323698,0.16099601370945532,0.1761953491218833,0.16327139160315915
2020-09-09,0.1968824497673217,test,0.1503835131210966,0.1621105832716114,0.1648941625010932,0.14410336524412665
2020-09-10,0.1894143152376919,test,0.14966475120771366,0.16552018083657008,0.17160128298001584,0.14615311670467868
2020-09-11,0.1920166323332445,test,0.15057330611828335,0.18925696342259343,0.17554090794044436,0.1504193785977061
2020-09-14,0.1947364361950358,test,0.1348653037989111,0.1682236776092539,0.15764721169004708,0.1385932398587296
2020-09-15,0.1953008736338086,test,0.12700109267436507,0.19712731572645367,0.17249895115240618,0.13940783795446948
2020-09-16,0.1960709751733398,test,0.11274325895999193,0.16606451694405167,0.1534540645863143,0.1272434867989048
2020-09-17,0.1935969644299481,test,0.1123167001408956,0.16057603120126657,0.1533510659839682,0.12630909463798554
2020-09-18,0.1891958550541536,test,0.10488583837857166,0.1457366192107089,0.14421089612316293,0.12302520742459727
2020-09-21,0.1928057425291962,test,0.10872679491569334,0.14055344473509127,0.143811584983267,0.1294380011327824
2020-09-22,0.1899517743531854,test,0.11739586231682546,0.1619895352088277,0.1587006338601339,0.1379835607462847
2020-09-23,0.1708502230698305,test,0.11268019864337325,0.13892754313005415,0.1569398735859952,0.13697714341854225
2020-09-24,0.1716903036109147,test,0.11434324445496419,0.14030323039625336,0.14245501221254483,0.13236903617432194
2020-09-25,0.1624240692394255,test,0.10660035000741068,0.1337991112325094,0.13635756141410615,0.12176540990537375
2020-09-28,0.1653671111194006,test,0.10649986948022207,0.15446323095492812,0.14659834521897958,0.12328128718967729
2020-09-29,0.1646838089872906,test,0.10415856412157694,0.15795201474642562,0.14938990753251064,0.12329752176663349
2020-09-30,0.2040602457860821,test,0.11625105673048258,0.15457475488527317,0.1544290857769527,0.14172653102973973
2020-10-01,0.2059440517762381,test,0.11479447989792561,0.17306771927978604,0.1639429512339415,0.1367655058311292
2020-10-02,0.2065188237245645,test,0.10724591902567661,0.15435119550305523,0.15175878109159605,0.12809309310009018
2020-10-05,0.200803972022007,test,0.11702121909961878,0.16746105959476082,0.16202240723284006,0.1337253179268671
2020-10-06,0.2039577355148469,test,0.10761909305525824,0.14541084826629067,0.15518374052050565,0.13594057058303327
2020-10-07,0.2097669380748754,test,0.10581493111049226,0.15627483272446852,0.15171362204025024,0.12662304042092132
2020-10-08,0.2184535512377401,test,0.10335282652172707,0.16628760238027218,0.15819750171167968,0.12773403930122962
2020-10-09,0.2161636933787012,test,0.10488131199634286,0.1600025027196694,0.15601574386826697,0.13440613550091618
2020-10-12,0.2132654122558163,test,0.11241233143394778,0.15367706991654215,0.15609377945640626,0.14880079388296685
2020-10-13,0.2120592459432145,test,0.10382434505930409,0.15527023532873532,0.15291191361744494,0.1343541909653756
2020-10-14,0.2125057679277142,test,0.10379866583501518,0.1570014954248281,0.1518614047139542,0.1277394366936147
2020-10-15,0.2152598203470748,test,0.11292665033161961,0.15748497581683654,0.15368338897102757,0.13222811445632152
2020-10-16,0.2207128972204488,test,0.12419138189363738,0.16235067826583024,0.15876358071151145,0.1415870980502761
2020-10-19,0.2183939435176427,test,0.11377804362645232,0.14985692618374208,0.15634850134059392,0.13846669223649907
2020-10-20,0.2187715028766244,test,0.12942863844383973,0.16317431335896546,0.16111516564543718,0.14193784621500222
2020-10-21,0.2228517803428603,test,0.133937927824381,0.16378795312746297,0.1611869617676453,0.1413986793422231
2020-10-22,0.2225045511562266,test,0.14311148488693612,0.1694122073902698,0.16537941761232433,0.1450456841220399
2020-10-23,0.2235138136083847,test,0.15144851494336245,0.17685977854188928,0.1697751115347652,0.14590722648218157
2020-10-26,0.2145334474008538,test,0.12670555590165958,0.17028930793721778,0.19282656459369196,0.15342702141916456
2020-10-27,0.2215716517186364,test,0.12579627927299547,0.1578993012780327,0.15924707663890175,0.14158764508195412
2020-10-28,0.1840796401510168,test,0.14195740042323957,0.22328169613610824,0.23118083335011866,0.17942124288049008
2020-10-29,0.1808158665875185,test,0.1543105848572985,0.1306746692976189,0.14126416884064702,0.14018602844359332
2020-10-30,0.1776476263608331,test,0.15364058093311225,0.1295036073139491,0.13388853639564613,0.12382105566228374
2020-11-02,0.1774382313876873,test,0.16825936937936445,0.15881358353652897,0.154467924557372,0.13350422541838466
2020-11-03,0.1663740941717597,test,0.15739619734977423,0.15043417051321656,0.14827129787892723,0.1250407876422672
2020-11-04,0.1467159191130088,test,0.15980702956837758,0.13903416801858182,0.15021445822762483,0.14559986623842255
2020-11-05,0.1332385512739005,test,0.16067068478347502,0.19524621605188044,0.1696451141648668,0.13702423406680753
2020-11-06,0.1334360345506455,test,0.14276807744945394,0.18889471346180067,0.16589205024825115,0.1335351946094281
2020-11-09,0.1262854137277731,test,0.14822069188382236,0.146042375871149,0.15883205159352026,0.1612310156254886
2020-11-10,0.1301674017459566,test,0.1379402157538494,0.23156548870012517,0.18698284521030273,0.13484133448968197
2020-11-11,0.1274939458752156,test,0.13005535951067465,0.25652296251505674,0.2070381071408128,0.136187050650497
2020-11-12,0.1227790344021561,test,0.1159914805241753,0.1828100704449497,0.168420721104934,0.12912849540764362
2020-11-13,0.1137823489293913,test,0.12126742070398852,0.18529356697700927,0.1726340777460863,0.132521595974852
2020-11-16,0.1152372583029632,test,0.13104845755268252,0.18974912386631115,0.17813495861914738,0.14274608010801923
2020-11-17,0.1137724248340375,test,0.13010445976131949,0.18546965307540703,0.175439153850119,0.13876884251990576
2020-11-18,0.107185960820625,test,0.11880134581075835,0.15985353073722314,0.16192066345626566,0.13599272449058802
2020-11-19,0.1070892746343264,test,0.12869694483757046,0.1774485642297863,0.17016907098184272,0.13883512116171284
2020-11-20,0.1050470362249055,test,0.1309907095245368,0.17204912082044196,0.16659605924185275,0.13920302858577083
2020-11-23,0.1030567111514563,test,0.14411895017164636,0.17526723972655603,0.16920881795786166,0.14409088896001992
2020-11-24,0.0860883820630122,test,0.1423592286934308,0.1672909447391698,0.16497767587230366,0.1457258057332706
2020-11-25,0.0870125123499934,test,0.14995810766586387,0.1887965067917586,0.1777454054703097,0.14454582382345874
2020-11-27,0.0916282297299777,test,0.15218939657168884,0.1814810249155393,0.17333040852254866,0.14485142981360663
2020-11-30,0.090518623205566,test,0.14602662593112004,0.1638371329217061,0.16458570045567006,0.15531875171739384
2020-12-01,0.0820257121102998,test,0.14139773062271885,0.16829444016529485,0.16449195627176033,0.14783424942858236
2020-12-02,0.0836433255632527,test,0.14872423588882552,0.17738070622345897,0.17080884863452903,0.1407956543743552
2020-12-03,0.0967612304012181,test,0.1559415982770059,0.16873587271618243,0.16473350472513826,0.1454920463146437
2020-12-04,0.0950191385530617,test,0.1541676869079343,0.16182610708119685,0.15878207716846235,0.1424257554092056
2020-12-07,0.097071999132684,test,0.1506819270470629,0.1582837374742561,0.1557461992146817,0.14082518075022865
2020-12-08,0.1097999868971967,test,0.1582054306538065,0.15932415480161646,0.1559020042326014,0.141779863599025
2020-12-09,0.1069582525455936,test,0.13462592985156852,0.14978451579462543,0.1578608983720863,0.14560271908145853
2020-12-10,0.1096135378885656,test,0.12961827750797367,0.1513591153788732,0.14749887192008818,0.13492119468992256
2020-12-11,0.1095369664697352,test,0.1327902992619328,0.15043087518169496,0.14671016174743856,0.1361869762104236
2020-12-14,0.108792257918782,test,0.12195262217810007,0.14737535157476064,0.14727052181130085,0.13540984176352597
2020-12-15,0.0985830068211586,test,0.11785758814443864,0.1474374719140387,0.1446214972785007,0.1328037114250908
2020-12-16,0.1017972208806942,test,0.12601131944805938,0.15480302102026902,0.15087864045126112,0.1339836493833929
2020-12-17,0.1036418537574954,test,0.12979683637213182,0.15455798740849513,0.15167398682596409,0.13691978344506292
2020-12-18,0.1136657955270098,test,0.13250014019335263,0.15330163671602243,0.16197821925798986,0.16618270124957152
2020-12-21,0.1129987995997628,test,0.10737091812516815,0.17279875315093338,0.19711749032254838,0.14906666116599546
2020-12-22,0.1135397898749533,test,0.10669773582546374,0.16114306373749693,0.16210552870604436,0.13968886050576462
2020-12-23,0.1143517388678578,test,0.11515183426578175,0.16282457539031794,0.16035944963372378,0.13405818116814602
2020-12-24,0.113653429002364,test,0.13250076062541893,0.16445375472958595,0.1639536404379902,0.1418020955524144
2020-12-28,0.1403913024369397,test,0.13486336888285566,0.1567521061499825,0.15321885841969837,0.1355716656761154
2020-12-29,0.1434842672997757,test,0.12675498408341707,0.15136057589699348,0.15139788494692732,0.1373333985617507
2020-12-30,0.160358635560322,test,0.13704575651582016,0.15777710887195287,0.15458284765178748,0.13605480802972986
2020-12-31,0.1697794971666852,test,0.1398963865828031,0.15388897939472168,0.15293397534711367,0.1455394267749602
2021-01-04,0.1701230038107334,test,0.12482522907747641,0.1819811046335064,0.22207667321063726,0.1676855458097389
2021-01-05,0.1683924241836795,test,0.08632049753568458,0.1372981474079363,0.13573385883133648,0.12386239678533903
2021-01-06,0.1718073108409619,test,0.08936372931467827,0.14028134614630675,0.1418025242848702,0.1299021861534804
2021-01-07,0.164230116158015,test,0.08410522349329717,0.13885568445849175,0.1375694473364075,0.1216612303766428
2021-01-08,0.1649765249685284,test,0.08455438473478527,0.14250963726458798,0.1408163527376408,0.12371196611403343
2021-01-11,0.1632373547806011,test,0.08115082010492891,0.1386880951308581,0.13752350194749371,0.12085911780908234
2021-01-12,0.1632429581896031,test,0.08514884508679593,0.14485295977578333,0.14153278037954073,0.12210955975151255
2021-01-13,0.1630642330817135,test,0.08947862053555763,0.14855091648966187,0.1451287607982684,0.12349780323099083
2021-01-14,0.1635261663117069,test,0.09587175742513544,0.15019661380951033,0.1466042824728851,0.12504194966939905
2021-01-15,0.1614782303031946,test,0.10037555100924135,0.14509848689618296,0.14528648592631874,0.13551820518863658
2021-01-19,0.1590756918118616,test,0.11032017067674174,0.15315346846817507,0.15035279785143252,0.13172707184220164
2021-01-20,0.1521654261117945,test,0.10581845630979313,0.1460455957094782,0.1446042894308626,0.13043493715893942
2021-01-21,0.1522603626586004,test,0.1082947335512443,0.15358871546207706,0.15015563699702422,0.12855993690862533
2021-01-22,0.154194685199923,test,0.10286404435028788,0.14597242674974323,0.14475862119431104,0.12770506378251645
2021-01-25,0.1536208275375561,test,0.09556181224633789,0.1417205522216237,0.14380601639347484,0.12918677785166588
2021-01-26,0.1583726756915545,test,0.10028864058200292,0.14969941035771128,0.14668759342898044,0.12709702966067868
2021-01-27,0.1576806245880092,test,0.11692192068385235,0.18881967158708254,0.21102905051689058,0.17187524751385647
2021-01-28,0.1558059099901387,test,0.10091294382687795,0.13359547239102904,0.13549650879694541,0.12124948202098151
2021-01-29,0.1623290688941498,test,0.1223347551117303,0.15128637708481377,0.15707227250120048,0.13116374876964793
2021-02-01,0.1539161449996253,test,0.14190564783333032,0.14890792137458397,0.15493250262217403,0.14442782798758522
2021-02-02,0.1531216075277557,test,0.12801029633390917,0.1667291974670135,0.15575449297866423,0.1326385767479457
2021-02-03,0.1593490259110258,test,0.12455629709193718,0.22370649055124778,0.18462997920295413,0.14805438813472602
2021-02-04,0.1672418287585388,test,0.10859069342934038,0.17581921491743915,0.1568616170513372,0.13065323511235466
2021-02-05,0.1675986118320797,test,0.1044764436990577,0.19876609624947328,0.17303172180209894,0.13586038619511334
2021-02-08,0.1731158992808364,test,0.10005804347197236,0.20031613740550736,0.17865854087712305,0.13213036724258106
2021-02-09,0.1744955502408916,test,0.10084378649233229,0.197578474354098,0.18118321318234806,0.13055239710928446
2021-02-10,0.178125336185922,test,0.09813631604068272,0.1615896563983391,0.1564181645503448,0.1328392617028944
2021-02-11,0.1780972808400338,test,0.10617176033587582,0.16851099713662362,0.1617835238574531,0.12979780354446874
2021-02-12,0.1784885124065209,test,0.11116915181894879,0.1612380001968806,0.15602314816217605,0.13275771019019345
2021-02-16,0.1785182504469195,test,0.11641494868389056,0.16020942184782308,0.15556253682265153,0.13432467174962132
2021-02-17,0.1789248446482307,test,0.1289461810634688,0.159496646302195,0.15463365293810602,0.136227123420353
2021-02-18,0.185719033912344,test,0.12705195534528507,0.15187101347377766,0.14906107261154805,0.13639106559252723
2021-02-19,0.1857294540400392,test,0.13228166388075904,0.15517836650616862,0.15286340116773273,0.1435783566358022
2021-02-22,0.1858526740322251,test,0.12027860317516724,0.14787592899781674,0.14816046583062692,0.13581371602661427
2021-02-23,0.18790796430101,test,0.11435658919632082,0.14878995492823488,0.1495395940456391,0.13641097205406352
2021-02-24,0.184725171633525,test,0.10636610844148585,0.14562981736529046,0.14597258464972557,0.13066605178269125
2021-02-25,0.1643899024007383,test,0.13613057286224556,0.22629259989536846,0.251341056173873,0.20395438123341433
2021-02-26,0.1729387833753124,test,0.09540346812435975,0.1314490332904268,0.13427367311308835,0.11884945878906908
2021-03-01,0.150608834206751,test,0.10047958774600045,0.1331021037324766,0.13630159595157065,0.11990950051785243
2021-03-02,0.148319475241089,test,0.10131793342626208,0.15786845830162305,0.14976310217177077,0.13085227623076295
2021-03-03,0.1412960427726473,test,0.10681812613694719,0.14830754117932474,0.1519890457319066,0.12757981143356256
2021-03-04,0.1395156483861502,test,0.12530762042573895,0.17050795345886283,0.17683101705400936,0.14109625121396036
2021-03-05,0.1335531113023275,test,0.13009793624325786,0.16092000150406713,0.16623687417623895,0.13225709369469787
2021-03-08,0.1323893996532325,test,0.12573372909536149,0.1744425992236168,0.16435785739511166,0.13861900520766196
2021-03-09,0.1225216614277758,test,0.11118258517384842,0.15234642585068295,0.14626628563810784,0.12677144368730545
2021-03-10,0.1216919818265343,test,0.10444883118774147,0.170212392323458,0.15604988736830092,0.1313787432853071
2021-03-11,0.1191124186007969,test,0.09579972196009755,0.17336405146981387,0.1582145846679778,0.12776045401947692
2021-03-12,0.1190236032449847,test,0.09259751387657877,0.17476296706883143,0.1618305871364302,0.12712824037400822
2021-03-15,0.1176075173501008,test,0.08990641777497209,0.16165980204986855,0.15300990286718155,0.12386032134681643
2021-03-16,0.1181479234249601,test,0.09870838105872745,0.17563146728902382,0.16664724262627276,0.1285758086430149
2021-03-17,0.1234972549373574,test,0.10414200122407752,0.15903152446123306,0.15476056335358881,0.1336587797289296
2021-03-18,0.1126285628797259,test,0.09334308821454722,0.14013592949271883,0.1504262951488827,0.1323356260189033
2021-03-19,0.1137875554320671,test,0.08542502600443476,0.14159966698495488,0.13866706282458297,0.12110578773381199
2021-03-22,0.1132739878328173,test,0.08722066859269369,0.14328289926491503,0.14144725514078232,0.12483891378040192
2021-03-23,0.1147246291691452,test,0.08226875425949311,0.1373623137786431,0.13816353797172612,0.12111418911156444
2021-03-24,0.1178777707192447,test,0.08043390406414068,0.13641415948052982,0.1350304721488922,0.11945470714936321
2021-03-25,0.1223273265717011,test,0.08265971334937242,0.1389553437189741,0.13660793187313616,0.12063845749455271
2021-03-26,0.1086218907008507,test,0.08464809316640753,0.14018111478336417,0.13958088141416622,0.12486344560102866
2021-03-29,0.1086097872725094,test,0.08330691322757384,0.1445313684969392,0.14292821608651934,0.12478871600444923
2021-03-30,0.1082045037210498,test,0.08401458111434208,0.1485032083047218,0.14508865874910232,0.12299126038008526
2021-03-31,0.1095926097362695,test,0.09072378526319688,0.1507837412023521,0.14816702805802612,0.12850563171883156
2021-04-01,0.1053773472418361,test,0.08795405960794528,0.14646855137972556,0.14567764781426149,0.1271621203663148
2021-04-05,0.0927573529837751,test,0.08745378470940479,0.14518838727666228,0.1438467880574984,0.1270062375841663
2021-04-06,0.0952998729919548,test,0.08891917645294888,0.15351253347679567,0.15176327863508565,0.1232146323461675
2021-04-07,0.0952178499630007,test,0.08954999275699188,0.15017355417533865,0.14960198663117774,0.1229652966682303
2021-04-08,0.0978825021339009,test,0.09188963405580367,0.14945648655041535,0.1490129236533573,0.12328155887175798
2021-04-09,0.097889943587024,test,0.09398665958925441,0.1463520472322551,0.14501321074979676,0.12463094047341232
2021-04-12,0.1040609883407194,test,0.10622979588351132,0.15360868579754086,0.15377594939651926,0.12727920489115885
2021-04-13,0.1083095784293853,test,0.11378323475083527,0.15324215499781857,0.15224050596595082,0.12886070024379875
2021-04-14,0.1318853486982286,test,0.10992965935143169,0.14940908657712784,0.14888750559232333,0.1287621284761626
2021-04-15,0.1332353644655705,test,0.11004887360263262,0.14913948948323355,0.1467926736804263,0.1287015699025638
2021-04-16,0.1433083357766902,test,0.11824974298811086,0.15370956997208277,0.15545761213524176,0.14112422375858125
2021-04-19,0.1425251327979984,test,0.10310737452367628,0.14605294213835976,0.14731467672232829,0.12978237352664326
2021-04-20,0.1434449943416573,test,0.08965101184330411,0.1402272546230762,0.14272450942873896,0.12516451736430803
2021-04-21,0.1398063045785102,test,0.08353645900749611,0.137601020406701,0.13541210103297704,0.12093247831128268
2021-04-22,0.1411657968086422,test,0.08120267000187577,0.1381568528570898,0.14142690856858192,0.12534738003212073
2021-04-23,0.1359076283803007,test,0.07494120961677542,0.13457368273874953,0.13239793274538791,0.11786745575934988
2021-04-26,0.1404005644987439,test,0.07919869910450245,0.14204796733804423,0.14225126002890182,0.12096286475447256
2021-04-27,0.1406196638060635,test,0.08294300872617608,0.14284404927852723,0.14299259947780926,0.1211031167859037
2021-04-28,0.1407919199990361,test,0.08731785458346576,0.1437018348209002,0.14333074005984012,0.12135970550406032
2021-04-29,0.1389868140317397,test,0.09014545002998661,0.14325443693446177,0.1429495651748974,0.12756148939885129
2021-04-30,0.1371496256469087,test,0.0880045469349316,0.14154066531765952,0.1396055132702039,0.12384259825736912
2021-05-03,0.1369719992911476,test,0.09430864722961002,0.14500380104864832,0.14300694589650742,0.12291054289026553
2021-05-04,0.1353141298419298,test,0.08828611535972058,0.14099422762546648,0.14382618829021138,0.1269855808373816
2021-05-05,0.1359518039716624,test,0.0904791790577171,0.14285674923703945,0.14203274132013932,0.1256366898869352
2021-05-06,0.1368583059417793,test,0.08802701563268983,0.14000761855897284,0.1371923315251736,0.12167255506779073
2021-05-07,0.1344598587394402,test,0.08783036587912045,0.1416797005408816,0.1403387109793618,0.12273573711183562
2021-05-10,0.1297385995949956,test,0.08465090313105275,0.14000509891495364,0.15003894273714813,0.12961218029586513
2021-05-11,0.1258870910123799,test,0.07484091600293451,0.13819411717879568,0.140820583112583,0.1216663867017073
2021-05-12,0.101529887887338,test,0.1403609478881537,0.25258630263842424,0.2773685965570163,0.2002559624488855
2021-05-13,0.0924451386296905,test,0.09792274778908443,0.14855573087817905,0.1509281580254184,0.13104750548553806
2021-05-14,0.0753871500638247,test,0.09445416489227246,0.14109006713375608,0.1406900923721883,0.12350534456793717
2021-05-17,0.0751258825686577,test,0.0908256085029391,0.14825129386323882,0.14598885315492596,0.13178911573798013
2021-05-18,0.071382506087572,test,0.09099004685805744,0.140973225395587,0.1416837361104377,0.12887941086473315
2021-05-19,0.0707814978149417,test,0.0822340336194355,0.1353314707867437,0.1340347328840854,0.11890031902429503
2021-05-20,0.0767584127142071,test,0.07883861907297716,0.1391609753032627,0.13641043407644354,0.11994906872898038
2021-05-21,0.0918109570433626,test,0.08137915029724385,0.1563989679314175,0.15275499427795525,0.1252792876312024
2021-05-24,0.0865518859428152,test,0.07817924697877857,0.1453385532211278,0.14183170000947787,0.12070926654737435
2021-05-25,0.0862983185113555,test,0.0785766753332987,0.14739816764360575,0.14412678381615823,0.12061741171685042
2021-05-26,0.0885223803755579,test,0.08184831225846781,0.15088660113517055,0.14874510872717164,0.12245476318604455
2021-05-27,0.089393337999621,test,0.08690667943348404,0.15173344077687217,0.15005600921338474,0.12357016523003925
2021-05-28,0.0894540985501164,test,0.0941673308100028,0.15401526630775011,0.15342334709076186,0.1251007236640604
2021-06-01,0.0894197572667985,test,0.09250229122500736,0.1455088807165809,0.1441826226652944,0.12380168249626541
2021-06-02,0.0892955409015071,test,0.10584437380113625,0.15241659809251856,0.1516497890853248,0.1268821087874516
2021-06-03,0.0904632146450354,test,0.10694673167093798,0.14679688902748672,0.14373666263525017,0.12707122712773758
2021-06-04,0.0887114321767558,test,0.10146728642920587,0.14453363238346278,0.1436691164851221,0.1270876747857196
2021-06-07,0.0888804048882145,test,0.1025428854483395,0.14897873927140048,0.14756691145401618,0.12547901310099344
2021-06-08,0.0897551122329963,test,0.09734864666919363,0.14495069174718525,0.14501059998582788,0.12468505648708111
2021-06-09,0.0941874801852394,test,0.09256249638961177,0.1428510069340219,0.1420581920492227,0.12317868638293201
2021-06-10,0.1001042746680687,test,0.09035319951945453,0.1431886033390985,0.14273659422725013,0.12324436307239206
2021-06-11,0.1007353009965807,test,0.10100961788118555,0.15250432341272002,0.15510543167185792,0.12470006063086629
2021-06-14,0.1011508455781535,test,0.10060779989747749,0.14862357156802009,0.14926909243432124,0.12420926508123577
2021-06-15,0.1010794051339696,test,0.10305663914700071,0.14877813024832032,0.14783629434255277,0.1253381696156907
2021-06-16,0.0998476800534572,test,0.09607068505983421,0.14463460903364858,0.14825960608756095,0.13146432745508685
2021-06-17,0.1036795999882314,test,0.09243385586518928,0.14364050588862703,0.14166801184502148,0.12599255762654532
2021-06-18,0.1058962176908711,test,0.09425546719176058,0.15063500313838787,0.171254534329667,0.14228467478662815
2021-06-21,0.1059203598870655,test,0.07429848766285341,0.13418452146743423,0.1358465845933351,0.12149082040702218
2021-06-22,0.1080749973246468,test,0.07184216609249414,0.13471142691218396,0.1343836261752454,0.11923080237018578
2021-06-23,0.1082451447830828,test,0.07231087864599492,0.1377812802582747,0.1386403630847104,0.12119797148106064
2021-06-24,0.1122440893674909,test,0.07180047211387355,0.13576893064557938,0.13577811084835764,0.11898894960099869
2021-06-25,0.1118751595515379,test,0.07345657605909171,0.13827193588930486,0.13939964271457278,0.12072169822802102
2021-06-28,0.1128178977680493,test,0.07942206434539124,0.14127709166964156,0.1450222092094415,0.12186557667546812
2021-06-29,0.1128111330446339,test,0.08336462687122964,0.14167370542371688,0.1445856406453167,0.1210997110920889
2021-06-30,0.1137244086024812,test,0.09050057769214358,0.14410313678371386,0.14423258915478337,0.12485932155979222
2021-07-01,0.1133478748106921,test,0.09748350739446415,0.14688731211893577,0.14631417317115622,0.12336204576619011
2021-07-02,0.1103303592475436,test,0.09802515971459995,0.14650750271164573,0.14579473695506232,0.1264454897383256
2021-07-06,0.113833698385453,test,0.0926451964271922,0.14361170088699626,0.14639190487031897,0.12989596009236656
2021-07-07,0.1144887838859917,test,0.08913178868732385,0.1421146267529394,0.13993913784242193,0.12209605514778586
2021-07-08,0.1129887767542113,test,0.08950945824884766,0.14765147714449953,0.1601498652035018,0.13768666401321814
2021-07-09,0.1066780541442341,test,0.07338701846569352,0.1343289725638105,0.1330167855659752,0.11860549635864845
2021-07-12,0.1059597910012219,test,0.07527560244593577,0.13695182259717456,0.1366615671378166,0.11914919886107242
2021-07-13,0.1053566960238502,test,0.07453569855755078,0.13490375154058093,0.1337279719459306,0.11781282857961509
2021-07-14,0.105591768469731,test,0.0755011102224877,0.13591291890736396,0.13407050699338674,0.118288551332332
2021-07-15,0.1054274815962836,test,0.076869014548235,0.13632836291748385,0.13525216068753212,0.11892758684835439
2021-07-16,0.1018593238237296,test,0.0751129437510116,0.13473116535533147,0.1345054731608804,0.11908501158158208
2021-07-19,0.0874982908127199,test,0.11579428253300614,0.19523605045119785,0.22113128058664322,0.17698619347378478
2021-07-20,0.0751664199295383,test,0.07820039932557903,0.13577012994052154,0.13557731606553802,0.11919194434249449
2021-07-21,0.0797294079875701,test,0.0758821020755614,0.13648753762778132,0.13514538938357523,0.12162999473762115
2021-07-22,0.0795726460248617,test,0.07524810322244711,0.14367953879240666,0.1441524008469438,0.12735223571913898
2021-07-23,0.0761788361826462,test,0.07140709270404529,0.13607904158549927,0.13437709065173645,0.11856898600325044
2021-07-26,0.0818162499061473,test,0.07165379173094794,0.1407176825755781,0.1404524534713919,0.12055014115110073
2021-07-27,0.0803907244279898,test,0.07155615788921303,0.13485705173272816,0.13352551186672823,0.1188068474173105
2021-07-28,0.0807212551533059,test,0.07358607789454708,0.1383409227235688,0.1376308911637044,0.11936890438024025
2021-07-29,0.0821085286536593,test,0.07949789863623455,0.14219751307245906,0.1420242097583402,0.12079938620459194
2021-07-30,0.0862641703276117,test,0.08220060263304886,0.13994639614943238,0.13761336720421538,0.12118184140596644
2021-08-02,0.0873415214048813,test,0.08298485870369358,0.1393033249165183,0.13686396759696076,0.12019791626148756
2021-08-03,0.0826379743985092,test,0.08351461258723289,0.13868471071721666,0.13610726440425136,0.12045769382434614
2021-08-04,0.080784877771463,test,0.08896571087842571,0.14393217553506826,0.14285952112798406,0.12297595455178087
2021-08-05,0.0783767464378255,test,0.09374751239468757,0.1456129685287741,0.14455710380869322,0.12364591789214033
2021-08-06,0.0781620969864281,test,0.09309974834188768,0.14542567847068957,0.1454776406594459,0.12382910295023104
2021-08-09,0.0791368721471664,test,0.09260434248360587,0.1450974604129866,0.14497466901570366,0.12238159595461061
2021-08-10,0.0791321300641785,test,0.09897809455372099,0.14808728316930334,0.14756761904881976,0.12364531804854641
2021-08-11,0.0801005586923141,test,0.10213404503445017,0.1486555087326599,0.14794483756972862,0.12473637937132476
2021-08-12,0.0842188614830037,test,0.10907442845092785,0.1513547835344922,0.1505089470240097,0.12578283650534366
2021-08-13,0.0844600127383233,test,0.11785256939241737,0.15543287486781118,0.15564924418772363,0.12805585457982605
2021-08-16,0.0862133436548831,test,0.11824568485777776,0.15385376699818776,0.15743915992970356,0.143072621865116
2021-08-17,0.0880878691582956,test,0.10287317996277259,0.14843242258861422,0.1594023934131624,0.14316096214441845
2021-08-18,0.0791523972766184,test,0.09451324933248173,0.1548799974822056,0.17723654751150997,0.14292545804262183
2021-08-19,0.0862685223160154,test,0.07092086456170593,0.13326894431682645,0.13185275050104836,0.11736827888393651
2021-08-20,0.1010608081035732,test,0.07273352312962834,0.13311484975832016,0.13398231847637013,0.11790447434587555
2021-08-23,0.0962190883182684,test,0.07043465385977815,0.13412400180288844,0.13260422278168563,0.11748131914413007
2021-08-24,0.102048025816322,test,0.07354390075800728,0.14249123378390274,0.14426452034319687,0.12345150716948401
2021-08-25,0.1104361589580029,test,0.07451052273308946,0.1404755229973423,0.14111725877414186,0.12004341605420397
2021-08-26,0.1085751911442028,test,0.07411969129075756,0.13571749803531316,0.13669012429854963,0.12015992844309263
2021-08-27,0.1043728505637436,test,0.07632612395311704,0.13818454097078764,0.138662906149077,0.12660138164688306
2021-08-30,0.1259876941791756,test,0.07600623719762449,0.14058934110907031,0.1419014291876518,0.12037235370281173
2021-08-31,0.1260191736489601,test,0.0780637261953421,0.13997164416128055,0.139890117961959,0.12058718337590851
2021-09-01,0.1333520567676836,test,0.0805150289640568,0.14043294437465584,0.14051970139039674,0.11957922499451742
2021-09-02,0.1393646443797706,test,0.08417079002726989,0.1417840957439054,0.14235013135644126,0.12020132688983269
2021-09-03,0.1467808536856909,test,0.09622976127879601,0.1475891653906543,0.14907560875484283,0.12319709092372229
2021-09-07,0.1507747659515767,test,0.09205016726501077,0.14240450735771643,0.14039245476682494,0.12237062387691994
2021-09-08,0.1514299763285956,test,0.09815581382421337,0.14489738499212174,0.1410182970387263,0.12356074090778262
2021-09-09,0.1537302918798785,test,0.09393134251733871,0.142339770105975,0.13999692375459985,0.12355612862824546
2021-09-10,0.1512793451504002,test,0.08909813325671088,0.14545190766644311,0.15687493400892497,0.13360255413106867
2021-09-13,0.1531937731486876,test,0.07594844083363454,0.13474238145561918,0.13185277356875225,0.11807911027094238
2021-09-14,0.1522364051052528,test,0.07668755942907968,0.13469661517787657,0.1324822566170754,0.1192360727877099
2021-09-15,0.1498888694852489,test,0.07541563105168611,0.13434330102864644,0.13268050633346667,0.11820277627590917
2021-09-16,0.1610617550491995,test,0.07464531314909116,0.13581573408620407,0.13452687994742935,0.11814364829425526
2021-09-17,0.1595583083806427,test,0.07935437112772648,0.13899010258399563,0.14489059948997896,0.1274394338821535
2021-09-20,0.1483458185221043,test,0.11759063757276057,0.21187991116877342,0.22996497414628037,0.17402288668126398
2021-09-21,0.1507959053086051,test,0.08707575740670004,0.13541074793927488,0.1386582749090446,0.1307761293363785
2021-09-22,0.1474639841268091,test,0.08211207194330228,0.13339929763193623,0.13341634597761182,0.11816831014675051
2021-09-23,0.1413980767484383,test,0.08127972586206438,0.13763470637136935,0.13568175694321358,0.12045582139703415
2021-09-24,0.1413252707005015,test,0.07958779727439978,0.143627276146676,0.1404667065556547,0.12374330155714855
2021-09-27,0.142231693482801,test,0.07614121312439213,0.14713854725103637,0.14384602957203993,0.12398953531970243
2021-09-28,0.1225489247288219,test,0.12672923902341707,0.18222371329381443,0.19906264646363933,0.16664239958659474
2021-09-29,0.1234139834118712,test,0.09124352709716449,0.1410844571247639,0.14224461248701378,0.13037605772964406
2021-09-30,0.1203633610259919,test,0.09369057118694589,0.14274778327301335,0.14536791273864652,0.12512016055887548
2021-10-01,0.1130508481346387,test,0.0931045408854374,0.13820899923376245,0.13926138536442004,0.12075604359282026
2021-10-04,0.1034159493316717,test,0.09941447976690161,0.14319572401258884,0.14470762987457716,0.12466814918785986
2021-10-05,0.0977236433120064,test,0.09506649057825128,0.14801281856235587,0.1464583736641079,0.13268357353007926
2021-10-06,0.0989948328101034,test,0.08444918463934897,0.13926944735860747,0.13621538452871723,0.11996090349192104
2021-10-07,0.0956280087790336,test,0.08147686440066598,0.1535705555439155,0.1468897914173346,0.12472774579328587
2021-10-08,0.0961970846328135,test,0.07795076882692312,0.15204291127083513,0.14628230911022716,0.12253780748603081
2021-10-11,0.0927245046828391,test,0.07635821885049006,0.139130785589924,0.13719803259961072,0.12138877450237422
2021-10-12,0.0930560084724757,test,0.07879402852895037,0.14737716684166166,0.14464367812574067,0.12300228437289369
2021-10-13,0.096535167857677,test,0.07873102996666417,0.1436133781115104,0.14047594541401032,0.12022249178312712
2021-10-14,0.0762524491573331,test,0.07863607093328323,0.1393349438295394,0.1380690616655437,0.12124774568126542
2021-10-15,0.0761670266099571,test,0.0805554393449279,0.146061233322742,0.1446696664429727,0.12509482492341822
2021-10-18,0.0754504679545714,test,0.07886194392152457,0.14393190271771422,0.14212860988566392,0.12181224785114467
2021-10-19,0.0717299937471361,test,0.0791254090165891,0.1457200646743025,0.1445283892721437,0.12136490649425451
2021-10-20,0.0708951036103353,test,0.08192928290614952,0.1476708493003865,0.14774953853926376,0.12383139701178543
2021-10-21,0.0713124365692295,test,0.08545564147394791,0.1477519042699378,0.14782744832726966,0.12247737697096076
2021-10-22,0.071500213964871,test,0.08983390648762753,0.1457758294698585,0.14586639324242906,0.12758275665107563
2021-10-25,0.0696561441228969,test,0.09162722313730144,0.14508114908425981,0.14335317721508486,0.12284872245886556
2021-10-26,0.0697417079297905,test,0.09657675644100847,0.14761766189690512,0.14841887502728723,0.13011295398200495
2021-10-27,0.0685936334532971,test,0.09300820490763835,0.1436605848903244,0.1438583519558257,0.12974102787986297
2021-10-28,0.0997680890466524,test,0.09219423516449517,0.1431234757816895,0.14028060381923232,0.12250613227062351
2021-10-29,0.1085119065434439,test,0.09563069465426963,0.1452789422839441,0.14468651573873456,0.12885003199809117
2021-11-01,0.1288505670568195,test,0.0962043358075987,0.1472718661826704,0.1466309496854109,0.1233460825158614
2021-11-02,0.1340493459991623,test,0.1001822961832284,0.1487595702665828,0.14851010679542764,0.12465135635165556
2021-11-03,0.1428763221295497,test,0.0977729618537839,0.1460203007666035,0.14641454508803425,0.12670729274284584
2021-11-04,0.1452497915738904,test,0.10017248309585708,0.1490983731431181,0.15031561672568472,0.12821833576107955
2021-11-05,0.1506418283756304,test,0.09961835121672787,0.14717390202543032,0.15099804270054853,0.13743760963488458
2021-11-08,0.1672286493654862,test,0.09309887459921237,0.14425558789744783,0.14247482168137557,0.12278376033190258
2021-11-09,0.1670790766854927,test,0.0928667995992732,0.14270605767445207,0.139708608722478,0.1221844154471318
2021-11-10,0.1663477175769234,test,0.08654810695821823,0.13989805836785446,0.1403921920427175,0.12330446962552961
2021-11-11,0.1696358805949914,test,0.09444875502001271,0.14558110568200772,0.14757492993852195,0.1290652531500081
2021-11-12,0.170474701578054,test,0.08849321247540308,0.14135335477143468,0.14020237305925431,0.12201730708696508
2021-11-15,0.1722227546698613,test,0.09036498191207332,0.14365224102119228,0.14290775096428446,0.12139829721505065
2021-11-16,0.1802576512801097,test,0.09205166859769659,0.14374711311486238,0.1423507406624798,0.12201904752640325
2021-11-17,0.1827753296850865,test,0.0940063175876177,0.1451450547827991,0.1446518041606234,0.12226506003425133
2021-11-18,0.186286231620518,test,0.09370328761240992,0.1438275662618779,0.14190201035888028,0.12250801424657919
2021-11-19,0.1900057418571182,test,0.09947237885308971,0.14676139801489876,0.14424779151121,0.12462919203620189
2021-11-22,0.1997659396122922,test,0.0954731538211504,0.144702823018401,0.14431909604906412,0.12836923254904326
2021-11-23,0.2028090756478133,test,0.09911292253159674,0.14489545137771526,0.14047412816899232,0.12467472666520095
2021-11-24,0.2037810279785434,test,0.10437502897554196,0.14662824586870069,0.1429408787404317,0.12560203634039313
2021-11-26,0.1939189930624821,test,0.11245578231302648,0.19330954873088985,0.22528293239406538,0.16820859395337234
2021-11-29,0.1890504097498097,test,0.0778341318791979,0.13134232026743753,0.1313685797016112,0.11774628431897839
2021-11-30,0.1757719831137676,test,0.11461194345190501,0.18082727795144657,0.18413198057746616,0.14951566082328785
2021-12-01,0.1715239149122259,test,0.15535323116640473,0.2282434423334702,0.22829610964600905,0.17553171142107635
2021-12-02,0.1630627896696616,test,0.148407731217486,0.16680855361123442,0.17549537575418236,0.1466360524805561
2021-12-03,0.1613911148157323,test,0.14367337686646717,0.17785988646398068,0.1841761584676241,0.14148851432071086
2021-12-06,0.1558906406566241,test,0.14660192056083016,0.1678003192000469,0.16981809134853823,0.1471788506851585
2021-12-07,0.154133165043225,test,0.1260375515960381,0.15338794580305298,0.15336425439718623,0.12820374072781418
2021-12-08,0.1538832313720668,test,0.12065293125200222,0.19229006969567014,0.16989228181994787,0.1412801790770723
2021-12-09,0.1526417641140425,test,0.10657744662684757,0.1650726947028259,0.15253961004757705,0.1309887428889999
2021-12-10,0.1490401239729699,test,0.09969963554360024,0.1610889539853193,0.15030986465129567,0.12899868802945225
2021-12-13,0.1491685926636318,test,0.09314375535159738,0.16131867927800772,0.15064851972879256,0.12809997644945703
2021-12-14,0.1474536835358384,test,0.08750729155589895,0.14584081256322615,0.1395264092979446,0.12060312752324362
2021-12-15,0.1453935501222145,test,0.09049216939412594,0.13438293619383312,0.13669807368191378,0.12469335284524938
2021-12-16,0.1419607558980501,test,0.08969621544835532,0.14089511651749195,0.14094152198889667,0.12574850013403036
2021-12-17,0.1507819740447473,test,0.0857509945053789,0.13247733086225424,0.13154511718874023,0.11678069444703
2021-12-20,0.1505587827867352,test,0.09524174158512809,0.1325818689562916,0.13774258503210243,0.1329800618199562
2021-12-21,0.1425634697691837,test,0.09570269847553563,0.13924211229740424,0.14135784114914593,0.13482746721703193
2021-12-22,0.1550156304776475,test,0.08604417987609522,0.14653812509824596,0.14104820806128257,0.12197060772350576
2021-12-23,0.1541796889777795,test,0.08522514667930095,0.15596743652542822,0.14778036682672757,0.122077335116178
2021-12-27,0.1522645530058541,test,0.08415118676247745,0.143880984464467,0.14028965150267025,0.12160174015084155
2021-12-28,0.1524977745934344,test,0.08656758253350597,0.16197797231435773,0.15445449862931343,0.12457867707637724
2021-12-29,0.1534397003985629,test,0.09114506911608998,0.16423902971075732,0.1585528336255641,0.1280802425928899
2021-12-30,0.1761533748040734,test,0.09204478964273313,0.1586764619150013,0.15442754448431936,0.12602950822227
2021-12-31,0.1869889243349961,test,0.09684583005788688,0.15589164764933802,0.15258799205166487,0.1272818177895094
2022-01-03,0.1873933008551939,test,0.10560474715693301,0.15575064821783055,0.15348402160804778,0.13228505313617656
2022-01-04,0.1905055484043347,test,0.11133986463621927,0.15797059916545833,0.15626611625204792,0.13204639685372935
2022-01-05,0.1966827565343722,test,0.10619835970249158,0.1536965334200876,0.18498066371188623,0.1512361859121834
2022-01-06,0.1973582664223435,test,0.07805459966784203,0.13503618362818984,0.13357729142868682,0.12151015109369029
2022-01-07,0.1971871484795639,test,0.0777507032250354,0.1351511042725256,0.1342180204910134,0.1208057293111098
2022-01-10,0.1992718550429749,test,0.07631110621941871,0.13305117944249106,0.13426115333258185,0.11906745925448901
2022-01-11,0.2033063778974384,test,0.07700972890342239,0.13623573133087474,0.13548468294826313,0.12248878090442596
2022-01-12,0.2130321097016683,test,0.08349325136447493,0.15277493535014403,0.15097663870622235,0.12338768897811979
2022-01-13,0.2189859437777857,test,0.08216161797981815,0.1367535060243513,0.14672216775855326,0.12609020822954103
2022-01-14,0.2192894382335852,test,0.07413164219161233,0.13505862331395496,0.13281642201825417,0.11795515792706708
2022-01-18,0.2174621614868185,test,0.0847992161018418,0.1407524042403251,0.15070174861011684,0.12881288284072567
2022-01-19,0.2143195583005595,test,0.08275675938117048,0.13365460586243255,0.13792284028793073,0.12707705012358017
2022-01-20,0.2241578527068649,test,0.09949539591410841,0.15296737709697603,0.16163371042611743,0.13908785941697463
2022-01-21,0.2140695499380527,test,0.12388892349943016,0.20890292271036637,0.20937693264941687,0.1613357444760354
2022-01-24,0.2169476538446357,test,0.14998764941453877,0.28958720924242703,0.2631207821772372,0.1898918887141271
2022-01-25,0.2218132349189778,test,0.1553963928541334,0.16511802809348874,0.17642363755747395,0.15243787931940594
2022-01-26,0.2278878725432392,test,0.14805143199682835,0.1525043935100094,0.15872142443257908,0.12883085479837617
2022-01-27,0.2400528433515401,test,0.15632788767736366,0.14517040731820732,0.1506005860888603,0.1397401025333298
2022-01-28,0.2238866602793603,test,0.14538494930207227,0.1330399915810481,0.13799244706379657,0.12116160638994868
2022-01-31,0.2215354210273024,test,0.1454098389409494,0.14154590291570646,0.14259812084155749,0.12707152842811698
2022-02-01,0.2295506400462903,test,0.1390820521296724,0.17222934899033956,0.1558669051912839,0.13412883426621733
2022-02-02,0.2276616730342596,test,0.13175288532859875,0.18873674168035198,0.1640452965347222,0.13823524086196887
2022-02-03,0.2134005783551809,test,0.12299090908826191,0.14577022977275791,0.15279045918779016,0.13010289039312845
2022-02-04,0.2377898496740295,test,0.12062239919249299,0.1599300956253346,0.14791351330996258,0.1274022374188157
2022-02-07,0.2390473008123195,test,0.11902045208169817,0.18529572626624674,0.16626470912398944,0.14036248117276506
2022-02-08,0.255181741186202,test,0.10565470805846837,0.1629097491698908,0.1514404202449308,0.12758563689542546
2022-02-09,0.2504311118351413,test,0.10175606580945813,0.1600369354778199,0.1507865697595648,0.12742692303427722
2022-02-10,0.2462476818417676,test,0.10871091365527033,0.14167150250235086,0.15807517989840242,0.14284898173417804
2022-02-11,0.237314740195223,test,0.12253448428532843,0.16774515035569534,0.17900918819906214,0.1435914306731053
2022-02-14,0.2492889315513733,test,0.13082625346110244,0.13406359988570563,0.14272948417990547,0.13875650433705342
2022-02-15,0.2549133644353149,test,0.12136214141258327,0.13950915206717465,0.14019910162403032,0.1311598155210276
2022-02-16,0.2586750671695119,test,0.11365754835647025,0.15962375379392968,0.14949752396861346,0.12807323535606732
2022-02-17,0.2500666321211058,test,0.11442406847700809,0.13257684846776804,0.1444317315867326,0.12993811938361377
2022-02-18,0.2490033148891755,test,0.11518592402587144,0.1357992748757758,0.13470005533086907,0.12051748129043187
2022-02-22,0.2494815816667802,test,0.12275054966081815,0.13021099687257326,0.13778659296250897,0.13160274121511487
2022-02-23,0.2456049396198335,test,0.1281538559906729,0.13171126189929983,0.14362474725223864,0.13456132195949788
2022-02-24,0.2456239205993391,test,0.14075745671221,0.1462147291091799,0.14878108101174864,0.12839821118088868
2022-02-25,0.2337282395025535,test,0.13993263258452363,0.13682091406198219,0.13482217025522658,0.1204761796854775
2022-02-28,0.2349025492896603,test,0.1365539222706749,0.1447825802079866,0.14101182476029006,0.1251342585132612
2022-03-01,0.2326286337424515,test,0.1347088337378489,0.1283351778877631,0.13585538572524233,0.12189525524838644
2022-03-02,0.2245273908494174,test,0.14636494408536166,0.1335090332117319,0.13409444040804996,0.12114377177541343
2022-03-03,0.2304996252405558,test,0.14435766288019147,0.1614470458123338,0.15142203324888953,0.1263067246948249
2022-03-04,0.2288940915740478,test,0.1429439183929875,0.1624658800478516,0.15722715938020235,0.13007318694571712
2022-03-07,0.2050068701681853,test,0.1571321463654179,0.17104502985332187,0.18562215252355876,0.16080401573206424
2022-03-08,0.2081684007311473,test,0.164317253842671,0.12914288471282878,0.13635921900784545,0.12643190408893495
2022-03-09,0.1891730851313763,test,0.16934408616979343,0.13382678028769363,0.13737228085004838,0.12685217636233267
2022-03-10,0.1893321872421801,test,0.16663292198492724,0.1680183544415822,0.15818687865842995,0.13640509912100013
2022-03-11,0.1840483429057817,test,0.15361175783255004,0.15006890041125726,0.1483672396364297,0.13136443399465197
2022-03-14,0.1921997687832155,test,0.15677761367834211,0.16226139434117842,0.15682039845941603,0.13540999676497198
2022-03-15,0.1765009278732757,test,0.14738507756111438,0.15314083918165272,0.15115741247441675,0.1255750211408321
2022-03-16,0.163481065061836,test,0.15354031498716786,0.15171361655286705,0.15660033094355558,0.14545678468887158
2022-03-17,0.1635740056470468,test,0.14909884642514584,0.1996355598850958,0.1777895661841369,0.13537184724389573
2022-03-18,0.1589446132221708,test,0.14252500558507566,0.18193163489869377,0.17177062776932275,0.14274920284711046
2022-03-21,0.1688001974966222,test,0.134800575458114,0.21614188451352062,0.18798824634846578,0.1368794060067641
2022-03-22,0.1636924494783184,test,0.13604474360564467,0.22097777313937628,0.1948479457665448,0.13900823867661963
2022-03-23,0.1659470434233285,test,0.12839849259533953,0.19997526759630163,0.1840249412649619,0.13648768700916905
2022-03-24,0.1856650597069097,test,0.12941585062842545,0.19057267102638484,0.1793357977392304,0.13757566250056089
2022-03-25,0.1859934657481593,test,0.137315738991366,0.19684753756259743,0.18384785403365617,0.1479234291430846
2022-03-28,0.2117614636476005,test,0.12932304035338235,0.1757194506392925,0.171274759142828,0.14306691247171177
2022-03-29,0.2074550183126715,test,0.14173811136408868,0.17882578790881834,0.17591229910646358,0.16664809451938925
2022-03-30,0.224488568437223,test,0.1301783942017923,0.17906467739547152,0.17200232276290414,0.14536492145670793
2022-03-31,0.2554020164849392,test,0.12005846199657937,0.15504817243948243,0.16264257966210774,0.14873869562119318
2022-04-01,0.2560919606184385,test,0.1193866073444866,0.17115681416659737,0.16394762449040373,0.13423520209374998
2022-04-04,0.25481333571012,test,0.1219710415107373,0.17216593574832031,0.16571961860722312,0.13747599958283002
2022-04-05,0.272456549894522,test,0.10519380750969529,0.144920050891823,0.15481100990758803,0.1337608448020697
2022-04-06,0.2991024453981707,test,0.09574218014630839,0.14119860270505177,0.14303457620356003,0.1251222326490975
2022-04-07,0.2993251982392771,test,0.10764975210040259,0.15523719534795605,0.1526815374827709,0.13373035347792853
2022-04-08,0.3206987521835104,test,0.11108947408881156,0.16382497923430925,0.1578142405987639,0.13166438366509214
2022-04-11,0.3149125060739845,test,0.10254298716578382,0.14136590733126522,0.15284962023215612,0.13625430510853537
2022-04-12,0.3197302169638538,test,0.1022508331912429,0.1453779763307023,0.14613235358493804,0.13364997215370703
2022-04-13,0.3171859863250896,test,0.10053991576317985,0.15063548158233614,0.1483499606071448,0.12908878728383927
2022-04-14,0.3250572321578501,test,0.0937406862084669,0.14333301650888358,0.14413542964465056,0.12453447360273068
2022-04-18,0.325374168051906,test,0.10320196333811947,0.15863495706059166,0.15555841207348756,0.13649524062031695
2022-04-19,0.3284220293968736,test,0.09750034440859179,0.1467024079118051,0.14444019855124302,0.1256384445841552
2022-04-20,0.3594251618913261,test,0.10081665757012434,0.1658994041107726,0.1583599924892278,0.12745583656954154
2022-04-21,0.3560924573088925,test,0.09407387413671443,0.1389932619231583,0.1539128745112798,0.13170290541538027
2022-04-22,0.3421265185024696,test,0.13491379784396978,0.230321233714286,0.2514541554662646,0.1867540311366072
2022-04-25,0.3477918652556032,test,0.1100001354343071,0.13549976719625118,0.14334586482226727,0.1343819367496487
2022-04-26,0.3328914708999532,test,0.17118387707322189,0.2599328811783952,0.27247438989293576,0.22619801401986114
2022-04-27,0.3342040055155219,test,0.1522813559162804,0.14368759379484985,0.15564126001210754,0.1437616687058415
2022-04-28,0.3298230386011225,test,0.14628833251355444,0.13738941690427228,0.1450001039831603,0.1295709151072975
2022-04-29,0.313573052500523,test,0.1762491619354451,0.2611349168834714,0.26813345739700667,0.19197339648598927
2022-05-02,0.3134855145523644,test,0.18746460532417028,0.15281117614131673,0.16016513983657427,0.13399287913800023
2022-05-03,0.3143893797930115,test,0.18622083104659679,0.1699560544101924,0.16142843411571373,0.1464630354751338
2022-05-04,0.3032916957518327,test,0.16402570079860043,0.14433642079710146,0.15408225491927577,0.1321489935424721
2022-05-05,0.2809516415405313,test,0.18878673227597945,0.2775188586157499,0.3079002729573636,0.2152315550278697
2022-05-06,0.2803545196440136,test,0.20919875303648355,0.18263480158098322,0.1806767700845127,0.1501247841647089
2022-05-09,0.2576907129119684,test,0.21848513966039765,0.19825858420372836,0.22079986259838616,0.1932024019640125
2022-05-10,0.2604670601636369,test,0.23426378438704795,0.16110980749286086,0.17427272385004938,0.1723456416816266
2022-05-11,0.268164436691395,test,0.22310289603541936,0.14743152687973526,0.15915473906891373,0.15820851361491559
2022-05-12,0.2877625188274092,test,0.23976322612172024,0.1615562935541937,0.1667901200462687,0.1716001005979186
2022-05-13,0.3076564159376105,test,0.19612004689001447,0.15765732130764132,0.14903898924151923,0.13201162426424287
2022-05-16,0.3075043934566952,test,0.1932763897410359,0.23154993424272918,0.19526637112066833,0.14445600922458032
2022-05-17,0.3030840133390104,test,0.1702280127358097,0.2040829205896338,0.183116091856775,0.1336145820523024
2022-05-18,0.2912042844870798,test,0.16984106102638513,0.16567646617491621,0.1890471598832414,0.16147622961079294
2022-05-19,0.2904871761869165,test,0.19279529782374555,0.15646073896964555,0.15221867296748753,0.14308226190838413
2022-05-20,0.3035928770456373,test,0.17248641050738173,0.12764780865946793,0.1308865502700979,0.12059700334311566
2022-05-23,0.2964463266216461,test,0.1813622517733345,0.1736502930934663,0.15924676587929099,0.13610605126843037
2022-05-24,0.297219613456127,test,0.16287510481814862,0.1713495506670208,0.1573044015939005,0.1281782429294884
2022-05-25,0.3157654557531271,test,0.18291983743173568,0.24343920529547405,0.21396409963426044,0.1461484682099363
2022-05-26,0.3081566342544198,test,0.16997225225795234,0.22237639908407741,0.2081244128479432,0.14907706013390523
2022-05-27,0.3048264375780813,test,0.1674725538918117,0.20732862413594308,0.19979461392975656,0.17281680875891747
2022-05-31,0.3041851274449602,test,0.1666733086477305,0.21734172700388973,0.20379023880961156,0.1735766332965313
2022-06-01,0.3041972780890867,test,0.14747002743852913,0.19943574671749825,0.19392915680482753,0.14759030828576986
2022-06-02,0.2990764453881688,test,0.14598185934236646,0.20198448277899153,0.19340427318029071,0.14626604458424222
2022-06-03,0.2933281090801971,test,0.1393059012827945,0.21820794496836599,0.19950960255141245,0.14125562815217454
2022-06-06,0.2933737629897562,test,0.15332836507832107,0.23241748855337324,0.20979313929113988,0.14770920933731418
2022-06-07,0.2961494037935536,test,0.15292680927825722,0.20465810324142106,0.1937085073907873,0.14909647746494895
2022-06-08,0.2936107915728478,test,0.15127487191995942,0.19998483585470211,0.18976207877096654,0.1487377858901215
2022-06-09,0.2838491422634702,test,0.12963239046512595,0.1601911831339555,0.1811033795539551,0.15004714777407735
2022-06-10,0.2658135978130592,test,0.12072734378781064,0.15306813922050327,0.17015163025632293,0.14334123776035382
2022-06-13,0.2283146824630523,test,0.17264556097418188,0.30862424892841434,0.2963382918382555,0.2360515993085351
2022-06-14,0.2282264915701486,test,0.19069497896241183,0.13336237541317006,0.16225256193498147,0.19076537116460965
2022-06-15,0.23254079644233,test,0.15760271499618145,0.1316951899444791,0.1409680277787841,0.12976266036962594
2022-06-16,0.2016656676173078,test,0.1813557944571548,0.15952845323771972,0.18151844990109223,0.16472995317245917
2022-06-17,0.2226356561286464,test,0.1981499637328384,0.1493349108694158,0.15574239568436488,0.1563154328591999
2022-06-21,0.205637853098005,test,0.1874652634959511,0.16125923683031326,0.15685859041856903,0.1441430294127359
2022-06-22,0.2086595665014665,test,0.1637273548886585,0.1602599130629088,0.15230444936338502,0.1276730822788795
2022-06-23,0.2084097271289021,test,0.16289889415500802,0.18803524336063088,0.17447280792646222,0.1331220130600392
2022-06-24,0.1763801429290557,test,0.16252482334316998,0.1634169931294931,0.16723979179878837,0.1478985212738952
2022-06-27,0.1808594881959178,test,0.16052437149997786,0.23949072766481388,0.20681375041805664,0.14318541440135218
2022-06-28,0.1887331105990739,test,0.1382109467093664,0.1540975276754172,0.16352972046190667,0.1343094530738448
2022-06-29,0.1938283261092905,test,0.15575017290448562,0.2250573734012387,0.20240956190156692,0.1425576912197743
2022-06-30,0.19841972680207,test,0.1449307169241484,0.17546280966875127,0.17783965275119515,0.1386146312447678
2022-07-01,0.1951576037976559,test,0.15891829706211094,0.21449797968446443,0.20457677535531582,0.1473997891287519
2022-07-05,0.1964528325711191,test,0.16231678282946993,0.21933549715066133,0.21020686193715607,0.15157158148704775
2022-07-06,0.2036972200646342,test,0.18649565853108557,0.25204889133711983,0.23028859108926414,0.16423810691621982
2022-07-07,0.1967579910069169,test,0.1912527454226303,0.22351969193896357,0.21196565841454432,0.16917408367876915
2022-07-08,0.1968279015465187,test,0.19767359701022488,0.22931002675483228,0.21074474077437458,0.1767699282825758
2022-07-11,0.1926005008308797,test,0.1950233290374368,0.21232897425434538,0.20099439534673447,0.16780955772908865
2022-07-12,0.1905231005745014,test,0.18922187188419365,0.18959926389784104,0.1892832979608861,0.16769611137234544
2022-07-13,0.2034547621243354,test,0.18800467056563364,0.19058903425932194,0.18712348751707183,0.1645959766468369
2022-07-14,0.2032716135598573,test,0.20073984204751819,0.18965164674172305,0.18434723223924818,0.16773194299447458
2022-07-15,0.200891679949985,test,0.1868302503834259,0.18426841805867886,0.18391207527573572,0.1681284747171952
2022-07-18,0.1992595144620317,test,0.17072417776857926,0.18474159855962782,0.1836494293711141,0.15807886434229843
2022-07-19,0.1754896152259286,test,0.16036122094574623,0.17437521948863613,0.17752738577542615,0.16111279559583852
2022-07-20,0.1758620074940471,test,0.15847596081971932,0.18955518237108931,0.18265701128709677,0.16101280381803107
2022-07-21,0.1724534711183858,test,0.14879890338133306,0.1765739572709197,0.17383882262579828,0.15317547135301743
2022-07-22,0.1759310314698845,test,0.13930766765685665,0.17067966183220093,0.16927194083051397,0.1484760633246738
2022-07-25,0.1910814171979664,test,0.14017026105929062,0.18447853909971867,0.17458872377711562,0.14160112808253042
2022-07-26,0.1865510395603663,test,0.1417121680072878,0.16694984084434922,0.16313884022692107,0.14370948741049777
2022-07-27,0.1632483524845573,test,0.13611480419350533,0.16015051464475283,0.16413342735619083,0.1529509313333255
2022-07-28,0.1648290441425352,test,0.13398430945247117,0.16305340176048486,0.16315448959938034,0.15160948536826857
2022-07-29,0.1986705315310008,test,0.14202497764901129,0.1664856078650991,0.1702589747240075,0.17503544643145086
2022-08-01,0.199784159845057,test,0.1227467667704442,0.16284766133009124,0.16182034288715874,0.14421763683905853
2022-08-02,0.2022298696130606,test,0.11125604536878873,0.1539351710598869,0.1534756871909663,0.13281161901249514
2022-08-03,0.1964432755761195,test,0.11805470790655676,0.15892569541844745,0.1559685006279093,0.13880270606224787
2022-08-04,0.1967431561840973,test,0.13148786008145866,0.18189230903302017,0.17233999772322056,0.13787274834069208
2022-08-05,0.2002188824066753,test,0.14612204080044855,0.17063185080591334,0.1639573602419442,0.14285543069139986
2022-08-08,0.2006257062424531,test,0.15678061717876615,0.16552927331902972,0.15995930302251066,0.14596752632726548
2022-08-09,0.2098711211423826,test,0.17063392639941335,0.16901626052843502,0.1634071147126342,0.14915325003306207
2022-08-10,0.1978295440517113,test,0.15682943896529541,0.15711184913642182,0.1616520883820098,0.16081096004908427
2022-08-11,0.2052581188683132,test,0.15003614641976346,0.16287632102211727,0.15964790073010066,0.1480746173749434
2022-08-12,0.2000501251745,test,0.14238568965253667,0.15521416749580424,0.15524100913794603,0.14857391127141967
2022-08-15,0.2543796417461356,test,0.13630448594859185,0.1579254917000431,0.155768151020161,0.14308752777321557
2022-08-16,0.2546438816129741,test,0.1359167597765442,0.1607658052022572,0.1586614808122283,0.14466528190882386
2022-08-17,0.2566064209009475,test,0.13487559425119583,0.15707591777111524,0.15354745291327287,0.13931993109336005
2022-08-18,0.2578361506940325,test,0.14371075043802614,0.16054588576625953,0.15618967987968913,0.13886800388382217
2022-08-19,0.2548040257935227,test,0.13348733147956002,0.14974374150900027,0.14896382499708483,0.13833823549582022
2022-08-22,0.2470334939701197,test,0.1147369230656549,0.15586159264797897,0.17474487067470418,0.14881112989701836
2022-08-23,0.2546638058209657,test,0.11750518988772639,0.14875062632563352,0.15289363458919555,0.15672277727690356
2022-08-24,0.2561668771879982,test,0.10989341040870748,0.1476860068705096,0.14767940934763085,0.13812571772224375
2022-08-25,0.2583458103965717,test,0.10464995521346739,0.14633987296875614,0.14493145232151028,0.12960250977846696
2022-08-26,0.2303197405628605,test,0.1229419663821583,0.20743058110163415,0.23460851298317503,0.1737399753881888
2022-08-29,0.2292923298439402,test,0.09632792772271262,0.13350012588651453,0.1384558844400785,0.1341889619975795
2022-08-30,0.2362704124885474,test,0.0931248600949716,0.12923055252006263,0.13345266384891905,0.12323224908808074
2022-08-31,0.2463813562428823,test,0.0981575776240239,0.13265423333520798,0.13594045940657734,0.1281284231116124
2022-09-01,0.2522702430071133,test,0.10061804270959625,0.140286197643902,0.14056108546763899,0.12825912435772674
2022-09-02,0.2660463144922483,test,0.09955709852152658,0.1382739860554204,0.1382064354833685,0.12143228746226951
2022-09-06,0.2869395306153949,test,0.11143709474471503,0.15624918078432917,0.15416124376599716,0.1345153418780095
2022-09-07,0.2800143982221157,test,0.11268797187337691,0.15062646982975128,0.15138649717462005,0.13173794930475127
2022-09-08,0.2814748228570213,test,0.11566966712403041,0.16563430401540416,0.16032099219067403,0.1325073704803238
2022-09-09,0.2937995005508539,test,0.11977988331111991,0.16713269592128877,0.16297255732938418,0.13941939688180965
2022-09-12,0.2926060715450665,test,0.12086645859767019,0.17304811835304923,0.16720708674015475,0.14332905062331708
2022-09-13,0.2474365895160523,test,0.1284587907171042,0.18623455991581128,0.21120509437929255,0.16698075488363356
2022-09-14,0.247345188038413,test,0.11371006817815324,0.14747433759567857,0.1438512637150146,0.13072403355331155
2022-09-15,0.2609338291746739,test,0.11143993031662947,0.13435259843964611,0.13665552981805282,0.12757156820989468
2022-09-16,0.272109286444349,test,0.11188289546516794,0.14002412741205475,0.13851546206698334,0.12670744252039579
2022-09-19,0.2853118463793576,test,0.1155506280837335,0.14938158147081604,0.14703381567429782,0.13538701339098888
2022-09-20,0.2853817121662837,test,0.1132041569416305,0.1594535079935565,0.15253000959031177,0.13065565759993075
2022-09-21,0.2796032075920666,test,0.10857970350549014,0.13162346217787504,0.13868876950786796,0.1237321574999573
2022-09-22,0.2795977758710039,test,0.12380757377512515,0.15457924553325925,0.15400128179789563,0.1396046949308932
2022-09-23,0.2860801657383587,test,0.11686602705332459,0.13372253450596855,0.1444328166661265,0.1317381232225913
2022-09-26,0.2871588885926464,test,0.13463217526121365,0.13445198476122253,0.14710734359916802,0.14941333815230895
2022-09-27,0.292472681622451,test,0.13005063548728438,0.1358028850627879,0.14148278755146115,0.13001352912769995
2022-09-28,0.285441521209332,test,0.13213400068370357,0.1375371549242021,0.142760611950855,0.12483130091024473
2022-09-29,0.2760849840197367,test,0.1333021157134143,0.13419868783959418,0.1416849301684535,0.12748433371867102
2022-09-30,0.2830694700468309,test,0.13480905234079998,0.13192594614773262,0.13709531209112372,0.12131534225147098
2022-10-03,0.26876449842646,test,0.14997786063696517,0.13426282881488552,0.14245857427969982,0.13471534644541144
2022-10-04,0.2464608841828414,test,0.14354450505289862,0.1320165664134757,0.13809852814813747,0.12362367434960894
2022-10-05,0.2623242490440555,test,0.14701635888847406,0.16140995088048724,0.1511381877072496,0.12633342222106622
2022-10-06,0.2623147609907249,test,0.13562565110025088,0.14968426239294438,0.14500140180315965,0.12310993239079533
2022-10-07,0.2475836980764121,test,0.1469455365263209,0.13574077916946625,0.14891542258004525,0.13473511793299076
2022-10-10,0.2483938663919743,test,0.1632499041703619,0.14644474909960742,0.1485560007543338,0.142464058273374
2022-10-11,0.2481043048833477,test,0.1574921993353738,0.1523743625631721,0.15151588449187156,0.13250169837700548
2022-10-12,0.2586087995455596,test,0.16469599079276845,0.1989908237112954,0.18755358178388795,0.14665124972252785
2022-10-13,0.3072289561466299,test,0.15455209033516548,0.17293965815806042,0.17852552999491375,0.14088239815429784
2022-10-14,0.2980986873273247,test,0.15191590399517813,0.14523253497065364,0.15162173315340752,0.1285524894589703
2022-10-17,0.2857815065050649,test,0.15861010681750698,0.15583221509512618,0.15534201317000826,0.12772767263799742
2022-10-18,0.2843599747482689,test,0.16321847180505064,0.19796295164347175,0.18069735033945092,0.1445624578642401
2022-10-19,0.2845387253033212,test,0.1501057088515992,0.21261342241680428,0.1895489481012816,0.13463890923056707
2022-10-20,0.2831733036911341,test,0.1446359848016797,0.1927340208485175,0.18205055723526117,0.13508351826121268
2022-10-21,0.2705207466293716,test,0.15561227497784197,0.17691060796529082,0.17915457959595765,0.15394349756037318
2022-10-24,0.2673665459667721,test,0.16522903217167256,0.23554142548235144,0.21415509236113536,0.15269879791020805
2022-10-25,0.2656575931289537,test,0.1629390549302582,0.21941882341639038,0.2070906212851114,0.15998457111443093
2022-10-26,0.2652367287971626,test,0.16216401785650017,0.2093284973893367,0.20130776823431798,0.17243817545589335
2022-10-27,0.2645560691555034,test,0.154254762500358,0.218161150732168,0.204770657311101,0.15064075778755576
2022-10-28,0.2574578311607262,test,0.1530420138168496,0.18645103329802964,0.19022674443432988,0.1613610178718304
2022-10-31,0.2562412790154851,test,0.15719975917130025,0.2202974300000491,0.20346914903290655,0.1589719664040727
2022-11-01,0.2784552178472514,test,0.15591765680145017,0.2100349141145618,0.19746910779305812,0.1520327370267073
2022-11-02,0.2634475824225811,test,0.13468711950523463,0.17192508684828825,0.1918814502537482,0.1520829174297386
2022-11-03,0.2609053598461033,test,0.13788873079511857,0.1800670758137064,0.17854751772826494,0.1552465813144834
2022-11-04,0.2639140293777321,test,0.1265865666102281,0.1693946932280873,0.1685126301085418,0.13575213931602334
2022-11-07,0.2667675759673797,test,0.13563469792127705,0.19725482261988228,0.1853670245705731,0.14168904028427265
2022-11-08,0.2661515676909991,test,0.12845081602940148,0.1750749941870298,0.17218472226783507,0.13996688339712934
2022-11-09,0.2571840561666948,test,0.12470739691321363,0.16071939156387707,0.16494152192556602,0.1404176574464447
2022-11-10,0.1754748469551319,test,0.13050745615521148,0.19625047990954708,0.20887841308335478,0.1657950680289645
2022-11-11,0.1794551122313835,test,0.11507212159404388,0.15286375913646438,0.1477281223049614,0.12666788563431633
2022-11-14,0.1788888322298428,test,0.10712552078685392,0.1451148741369163,0.1421996227135394,0.12170004698205839
2022-11-15,0.1777942367416796,test,0.10768383208085465,0.13597066817208264,0.13870976611988114,0.1240777473801901
2022-11-16,0.1964686759715093,test,0.10728072228477654,0.15920636751142994,0.14854133736611258,0.1243326370130743
2022-11-17,0.2006453244080643,test,0.1356824777211697,0.2069994265258988,0.19478596514044746,0.14371218828860588
2022-11-18,0.202271351750544,test,0.14591155430521568,0.20254072150325497,0.1900528955160799,0.14829976853295984
2022-11-21,0.2019159682656851,test,0.16364664489087327,0.2072000591705803,0.19438468234775996,0.15577765576274552
2022-11-22,0.2032093898670545,test,0.16829135675605075,0.1823920977454266,0.17514189660224633,0.15300928357827234
2022-11-23,0.2083224254400236,test,0.17909005509344275,0.18418708139659584,0.17612427928609012,0.1604482729252694
2022-11-25,0.2093134508053907,test,0.20012464100857855,0.2053271095670084,0.19207439014411073,0.16084278933219415
2022-11-28,0.2018629455151254,test,0.16823551184201024,0.15879116202923108,0.16715097766917433,0.15655648536603808
2022-11-29,0.2065962476329387,test,0.17166695498158396,0.16940567928943626,0.16429530227286138,0.1526393298599015
2022-11-30,0.1859360295314082,test,0.14297967270603687,0.18571982229906064,0.19884028845821722,0.16503576594346203
2022-12-01,0.1861532549367418,test,0.12488851854493098,0.16938394343280408,0.1638974861911928,0.13654457075303142
2022-12-02,0.1867096730662759,test,0.118620355221387,0.15980150709881732,0.15738080898946552,0.13476740403827062
2022-12-05,0.1773518191462626,test,0.10698489199041746,0.1438675506274388,0.15476726106330838,0.13875889593106536
2022-12-06,0.1745212081356631,test,0.10045959256147596,0.13919406791163622,0.1495836005749209,0.14005445542459388
2022-12-07,0.1920896852877608,test,0.11365503779918776,0.16028950181206922,0.16046389253749124,0.146221019414626
2022-12-08,0.1900926539752712,test,0.11802736822367121,0.16001236770686142,0.1575408218449702,0.13964004276311262
2022-12-09,0.1898475457685396,test,0.11190168650046041,0.15847003853878594,0.1545930005881394,0.13155790920667162
2022-12-12,0.1882839552439521,test,0.11438871919809664,0.15197623911493977,0.15032197918013526,0.13310719441396182
2022-12-13,0.1868170602405432,test,0.11774213633342685,0.15278351401483622,0.16021841851075677,0.15341283221462165
2022-12-14,0.1859331681147897,test,0.10475286253378027,0.15280817926684018,0.1502469766569316,0.1289833655828166
2022-12-15,0.1639676910313546,test,0.1005869195130007,0.13906997050997963,0.15310279531653898,0.13645022925580624
2022-12-16,0.1682244938159498,test,0.09868649796333415,0.14076642434700307,0.14419449077524002,0.13668081064648152
2022-12-19,0.1675063819770957,test,0.11608116310867947,0.1579431564901894,0.1638098818160528,0.16744608037111844
2022-12-20,0.1797983885370402,test,0.10785633114098923,0.15912047700259324,0.15921978163810133,0.14821006873928919
2022-12-21,0.1770436704818218,test,0.09505920965790021,0.14716634459545969,0.1451578799099797,0.12637287198727049
2022-12-22,0.169580765421102,test,0.09206914758679446,0.1360537163227881,0.14638810223069254,0.1277905911839206
2022-12-23,0.1683593984267283,test,0.10126880291053023,0.16073570847482624,0.15789387754168982,0.13743094072999673
2022-12-27,0.1722020417245436,test,0.10329980670161583,0.1625639928402754,0.15816181988361822,0.13467416667760065
2022-12-28,0.1665812874233216,test,0.09690256092716537,0.14275319381030094,0.14362072380782653,0.1289859454405202
2022-12-29,0.1604612494922751,test,0.09889309544218323,0.14829820610779118,0.1451964455771804,0.12654213879754322
2022-12-30,0.168358718990132,test,0.10746083400540851,0.15968396529716694,0.15415521010879804,0.13070363624604134
2023-01-03,0.1718387890162545,test,0.10367685254645885,0.14676597917153944,0.14571583985389863,0.12894260307058378
2023-01-04,0.1772425977180793,test,0.10752014527741,0.15284964523870442,0.14960403990142132,0.13175613708432596
2023-01-05,0.1766165216836836,test,0.10576849676613828,0.15197185021847406,0.14895746618737338,0.12941777261240578
2023-01-06,0.1587121906958229,test,0.10502800845188823,0.14717121768099664,0.15089861953845632,0.1373013491347794
2023-01-09,0.1652661099937541,test,0.1027635128602149,0.15626515785632972,0.1517263500359786,0.1296021000355353
2023-01-10,0.1679904749352954,test,0.10188853770759843,0.1535657278978901,0.14951609771664767,0.1277689132930873
2023-01-11,0.1648804846431692,test,0.10489175316968623,0.15412535815238992,0.15085980611551555,0.1319396260280557
2023-01-12,0.1645831748708206,test,0.10771552437991778,0.15133639584991382,0.15670967056065352,0.14915879894434905
2023-01-13,0.1691594214525186,test,0.10755055872512526,0.1635508018765886,0.1585710939131447,0.1303885241301649
2023-01-17,0.1690420478476195,test,0.11261257964264079,0.1611042799717018,0.1569266273370225,0.13204188248032608
2023-01-18,0.1597393773034683,test,0.10072359625416244,0.14336857257616428,0.15078741607216614,0.13470860513465943
2023-01-19,0.165124416737017,test,0.09759450574183175,0.14652465180541707,0.14347220034897765,0.12700757018782277
2023-01-20,0.1518297723799201,test,0.09626713252475748,0.14186326874462843,0.14055287720874907,0.12636141169807272
2023-01-23,0.1625857725258886,test,0.09936005658738783,0.14778326987841686,0.14517728984586964,0.12910999300894416
2023-01-24,0.1626147720003063,test,0.09815165102561914,0.15369756814321708,0.15027949666396928,0.1258950103912141
2023-01-25,0.1636961901923428,test,0.10050338937566988,0.14795665654602638,0.14515756446803527,0.12856796534681597
2023-01-26,0.1635372396291447,test,0.10302884259784997,0.14963947319307455,0.14671147578403912,0.12942792026146538
2023-01-27,0.1637794760537563,test,0.11488390636318399,0.15757653793297066,0.15437264898920947,0.1329037736790614
2023-01-30,0.1580750841219586,test,0.10604050875717237,0.1448192849731835,0.14409941503805831,0.1293868453106441
2023-01-31,0.1499644651318289,test,0.10593171378451433,0.14580507648846416,0.14379662750527242,0.13161653749480057
2023-02-01,0.1477747254180441,test,0.10339218316149477,0.14611760297807364,0.15218178142198793,0.14246416432012107
2023-02-02,0.1496508156019928,test,0.10337821736384216,0.14849764528155618,0.15585478316652923,0.15296681126407732
2023-02-03,0.1447848239973305,test,0.0853260949536728,0.1410549139839826,0.14059715197698514,0.12498874273495106
2023-02-06,0.153283547812589,test,0.08513273430258624,0.14509390788675824,0.14380440687642715,0.12556737423000672
2023-02-07,0.1462941443008337,test,0.08424482089029581,0.13881753971424374,0.13734219015503957,0.12328288542460156
2023-02-08,0.1557182495153781,test,0.07976005120897459,0.13755909296973307,0.13777966457137766,0.12054500500929942
2023-02-09,0.1611049386199123,test,0.0768645851332974,0.13313316714217693,0.13432668058175623,0.1197540827537161
2023-02-10,0.1609720022092784,test,0.08390600480890023,0.14312475199035626,0.14181795195421293,0.12534039780784179
2023-02-13,0.1660800056628619,test,0.08629003078529095,0.14054184515577267,0.13778538822605196,0.12264325374991483
2023-02-14,0.1675584877263012,test,0.08952525130022494,0.14374000895966907,0.14231693582577187,0.12731706431315548
2023-02-15,0.1781997044479166,test,0.09537347696024816,0.15171235967011498,0.14874082249134868,0.12515678540370828
2023-02-16,0.1762839395152749,test,0.08682485759172083,0.13769123526992105,0.14164348772827592,0.12462586523849749
2023-02-17,0.1793073011745217,test,0.08722406010511964,0.14240548801169217,0.13926895749168103,0.12220144109251939
2023-02-21,0.1706487138248422,test,0.09046313705418843,0.14248070891044984,0.15543815612764997,0.1380409356431762
2023-02-22,0.1811676580761216,test,0.081961140363734,0.13507146217133134,0.13522184406843915,0.12607578147093787
2023-02-23,0.180440827451077,test,0.07956289812313087,0.13455624251678341,0.13323394356222967,0.1191284948473844
2023-02-24,0.177889186729458,test,0.08016678106817832,0.1346346424361405,0.13383695792240702,0.11986875320034068
2023-02-27,0.1776031101036707,test,0.08396601808935891,0.14109169071380015,0.13900860806566123,0.12356707672532534
2023-02-28,0.1772956274552231,test,0.09028768611036261,0.14893910172635239,0.14516186179798668,0.12379010571713027
2023-03-01,0.1840419545015813,test,0.09629959272890799,0.14933525958399305,0.14560206017838997,0.12567808972618705
2023-03-02,0.1831520619662628,test,0.09872239549438933,0.1450248121371171,0.1425553270781168,0.12760654867986973
2023-03-03,0.1811721224867674,test,0.09629249106014526,0.14502857625675297,0.1443039411110198,0.1283638925083194
2023-03-06,0.1816577744721167,test,0.0975631493927714,0.154270404945487,0.15083776536841198,0.12616645796181297
2023-03-07,0.1743067796094325,test,0.08957324760041431,0.1391803779678927,0.14764904891348973,0.1295806126398957
2023-03-08,0.1744590491522717,test,0.0843642333739733,0.14528214436147766,0.1434361232423383,0.12437323319303578
2023-03-09,0.1620417333198135,test,0.106745571520932,0.166578436832172,0.19548170588927563,0.15297517780848344
2023-03-10,0.1536520436610459,test,0.10760546178430246,0.17861492602822096,0.18784676158909205,0.15433530565313877
2023-03-13,0.1535715768492947,test,0.10096117545696186,0.14789438326113144,0.15138403130097244,0.13003450357449794
2023-03-14,0.1428553026640356,test,0.09848822333325917,0.13653399559779555,0.13881933382661524,0.12014674282292764
2023-03-15,0.1486792170402611,test,0.1029078402251638,0.14131476580891292,0.14448303757709596,0.12354775982679872
2023-03-16,0.1355327411607442,test,0.10228185895782291,0.1350742900235396,0.13643571711647537,0.11965438607322466
2023-03-17,0.1295678361008988,test,0.10051161670096673,0.14213246261243637,0.1406021608202414,0.12192243400702144
2023-03-20,0.1250570516394734,test,0.10400429902014005,0.1479879996076477,0.1465879404028123,0.13537126913571684
2023-03-21,0.1161698879521693,test,0.09088579098754192,0.14983723740631755,0.14183888866394975,0.12186776153207092
2023-03-22,0.1007375136737609,test,0.09124568397377163,0.13369627087964964,0.1364077640596847,0.11954619087423178
2023-03-23,0.1003186400932295,test,0.08935227080179621,0.13809964688776524,0.13505234313053593,0.11874771229477284
2023-03-24,0.0976651776775789,test,0.0881939456465256,0.14693422658896205,0.14063102764632027,0.12136776075667752
2023-03-27,0.1127855391137513,test,0.08812112955396804,0.1672657733612721,0.1569979250229332,0.12720954835534595
2023-03-28,0.1135074704236087,test,0.0907945674779276,0.16777857364018636,0.1609635461396024,0.13022429928879814
2023-03-29,0.1231107905721833,test,0.0929286552963382,0.15645325676808167,0.1510817313870558,0.12564944709856543
2023-03-30,0.1250477132968527,test,0.09923928892788603,0.16163166513042618,0.1560238185085319,0.12796745728222922
2023-03-31,0.1148107126430651,test,0.11320234559624885,0.15356444103520236,0.15725893671025262,0.15558267011033766
2023-04-03,0.120867387378538,test,0.10265638503290093,0.15725332618629642,0.15282894076088085,0.12836717696522582
2023-04-04,0.1217238564679368,test,0.09672387870805181,0.14779331783067107,0.14659949377118228,0.12635993070833626
2023-04-05,0.1239624747554156,test,0.10174666869705308,0.15305108706016324,0.14938816290187032,0.12676933558403153
2023-04-06,0.1393387200218606,test,0.10516944435393048,0.1507814534994482,0.14741742307434427,0.12759035872349256
2023-04-10,0.1392943452092413,test,0.11842741370954214,0.15553626205018165,0.1520239078271913,0.13131951403364678
2023-04-11,0.1401620287432875,test,0.13573150865198608,0.15945622001632032,0.1564695948679789,0.135696229517581
2023-04-12,0.1403887029319691,test,0.13876183434599518,0.15371667473672923,0.15155910632648067,0.1420042062640246
2023-04-13,0.1324898234114204,test,0.12828213494366972,0.14994187734086756,0.1500348789724137,0.13979606757452892
2023-04-14,0.1322870302021149,test,0.11914447199819314,0.15122505497061006,0.15035112391643407,0.13367584560478618
2023-04-17,0.1322409827862827,test,0.11743183465316498,0.15426119257702228,0.152655778348858,0.1301099343099188
2023-04-18,0.1343457844432699,test,0.1161775750533729,0.15408717196373437,0.15358266281528538,0.12966490970347777
2023-04-19,0.1410063594311222,test,0.11326940157147564,0.15275646877245536,0.15313342431583307,0.12837253637872983
2023-04-20,0.1437483558085993,test,0.1118603421400303,0.15079848605836865,0.1500091324032438,0.12894452055111286
2023-04-21,0.1438148211441445,test,0.12015465830790009,0.15485279620216594,0.1538589893345759,0.12964582961963478
2023-04-24,0.1437744312389138,test,0.12864762842606692,0.15606899552359077,0.15491434286436895,0.1314112872142691
2023-04-25,0.1380217685312606,test,0.10728670205360355,0.1485809239112217,0.16924552192262665,0.14021383511046878
2023-04-26,0.1396036654503653,test,0.08702304047605162,0.13847942007969094,0.13760904370043409,0.1255804375815067
2023-04-27,0.1246188998936697,test,0.0809509143022996,0.1378205065572635,0.14147678227360314,0.12399737098963781
2023-04-28,0.1292515413823511,test,0.07690545327456264,0.13719903190457505,0.1386365875998552,0.12365076478934538
2023-05-01,0.1292088532652997,test,0.0725979848857219,0.1376478677988205,0.13756504942193937,0.11873270679073637
2023-05-02,0.1243979168524704,test,0.08352758881883852,0.1428431608761092,0.15081001628138696,0.1303111489147588
2023-05-03,0.1265058973193618,test,0.07155650333806145,0.13204872204894175,0.13047536812310243,0.11670359304095164
2023-05-04,0.134031954337899,test,0.07188309765528207,0.13130328566599364,0.1301233938901853,0.11756671650109835
2023-05-05,0.1173513977065018,test,0.07217245655232596,0.13184501646166333,0.1307000576941041,0.11595646809192708
2023-05-08,0.1176012880026968,test,0.07646259907753837,0.14568676532200867,0.14801910016984426,0.1300417972405735
2023-05-09,0.1172085482158593,test,0.07417528941156885,0.1395958207874828,0.1399942825554356,0.12422980411829866
2023-05-10,0.1179926279697103,test,0.07511665584678946,0.13678381119757663,0.13656808237144039,0.12399653917615432
2023-05-11,0.1180015551901874,test,0.07450772181685904,0.14215150258147768,0.14208894616021964,0.12011288334665944
2023-05-12,0.1221897302631297,test,0.08335961850857236,0.14495899912218158,0.14575283751413845,0.12217756200339885
2023-05-15,0.123794083674698,test,0.09651415934512052,0.14866010048376832,0.1497806485991965,0.12645245275986272
2023-05-16,0.1215580208288314,test,0.09586187771207774,0.14400165055578476,0.14206161686800484,0.124455937347235
2023-05-17,0.121880550893569,test,0.09535009985162123,0.14370282189612002,0.14332805748884744,0.12985934145338257
2023-05-18,0.1176579042144644,test,0.09666261463867512,0.14548231519981225,0.1471118691993296,0.13669931694285264
2023-05-19,0.1189856781375594,test,0.09377863332776286,0.14569350595872466,0.14960539131360787,0.13791104656665548
2023-05-22,0.1203660830730093,test,0.08583785885102704,0.14154625775441929,0.1403284373345948,0.12208669167007644
2023-05-23,0.1142216768826389,test,0.08046148966242299,0.13645701248681116,0.14019926815990677,0.1227598642854959
2023-05-24,0.1144816106178851,test,0.07459321994371322,0.13325652428613186,0.13251099170013342,0.11915820814822771
2023-05-25,0.1112673397331122,test,0.07583453540316044,0.1349589447035255,0.13210315040779683,0.1181609752820857
2023-05-26,0.1085920241854753,test,0.07695167504488941,0.13593573917274518,0.13507335276596696,0.12111063186628128
2023-05-30,0.1085983672002145,test,0.076527189482619,0.14001652772445858,0.13842742869906355,0.11919059143667761
2023-05-31,0.1076985254239304,test,0.07946804289158658,0.1392556682466061,0.1388700012065094,0.12483457236536055
2023-06-01,0.1104830261645152,test,0.07500535778981024,0.13557156656966463,0.1351748630322767,0.11948608148741344
2023-06-02,0.0981107384599108,test,0.07729748360644025,0.13915864439745343,0.13989625502877795,0.1258373161635714
2023-06-05,0.0980166826323445,test,0.07539408423325708,0.14314079136855454,0.14344508125888972,0.12052064666265332
2023-06-06,0.1016186242340663,test,0.07567815641266266,0.14043623147936365,0.14073442509316902,0.11942394856940967
2023-06-07,0.1012703679749955,test,0.0786775288578945,0.14157988169042837,0.14240429702164323,0.12254550931103436
2023-06-08,0.0993881005451452,test,0.07963478133688683,0.1404837036299744,0.14110869998572778,0.1198685455917338
2023-06-09,0.1017118913163815,test,0.090876705006781,0.1467953430986424,0.14895898390260318,0.12762294849678882
2023-06-12,0.1006322377333368,test,0.08604976046332455,0.14067843194562446,0.13956513276935262,0.12291661553975061
2023-06-13,0.1018342002014756,test,0.09399978291462745,0.14554202128621593,0.14676624885537823,0.13487104431971866
2023-06-14,0.1017705516847287,test,0.09155054116885075,0.14416482362154795,0.14522341202244718,0.132084837656843
2023-06-15,0.092713218340906,test,0.08935351445287194,0.1432300701807307,0.14641736596380908,0.13596199512044294
2023-06-16,0.0956017927796715,test,0.08583245784822861,0.1425614823772906,0.14640804696717813,0.13487051544073633
2023-06-20,0.0941325480554639,test,0.07757900206539853,0.13718223543753058,0.1374897880874151,0.12100919396985581
2023-06-21,0.0953243971492922,test,0.07756740089072399,0.13682372352168043,0.1370560121364823,0.12021377152660631
2023-06-22,0.0944624933299643,test,0.07860111680190314,0.13729999585032251,0.13781886025711254,0.12054548729030105
2023-06-23,0.091912358873018,test,0.0772512409431533,0.13610263466823302,0.13531302255000371,0.11825901490784173
2023-06-26,0.0912706595956608,test,0.07854926599321756,0.13568333780878966,0.1356896169448599,0.12179639423127706
2023-06-27,0.0826597177928597,test,0.07716097200754259,0.13509672851108998,0.133423197322047,0.11835065918251482
2023-06-28,0.0859475608288838,test,0.07969536801522067,0.13834663171690828,0.1386961173796616,0.1189876397911718
2023-06-29,0.0915861140632179,test,0.08234627991786195,0.13927318748194506,0.1401009040665318,0.11931417012066142
2023-06-30,0.0818499894555952,test,0.09087129277562978,0.14382695988186672,0.14764453730086255,0.1378409039377477
2023-07-03,0.0823786396716683,test,0.08718094493185552,0.14261230367691377,0.14893152463559528,0.12259272348886696
2023-07-05,0.0960776258369543,test,0.08738731679336072,0.14112819251914477,0.14195634424914497,0.12271053074977646
2023-07-06,0.0924987734068415,test,0.08328482841111039,0.1395637396948615,0.1425281823962336,0.12578621533833823
2023-07-07,0.0934580402306125,test,0.07715367471534013,0.13546328671245353,0.13322146637171528,0.11938686458270724
2023-07-10,0.0980078451471102,test,0.08209091888483301,0.137522071458034,0.13734789712171447,0.12054659772617451
2023-07-11,0.0966284172081981,test,0.08524339666604407,0.1396700450458814,0.13790747667636005,0.11952612261580053
2023-07-12,0.0953667440748528,test,0.0932972376329647,0.14486831047306326,0.14962565946744,0.13984506890740356
2023-07-13,0.0911536283376591,test,0.08568867582228758,0.14107514046252087,0.14108883808665207,0.12258996626716737
2023-07-14,0.0911503100467932,test,0.08692833392308486,0.14155617419048994,0.1419836688011242,0.12198143097484981
2023-07-17,0.092405781394505,test,0.08801332346995697,0.14136892371973517,0.14230789305277047,0.12015615498381196
2023-07-18,0.0978681353877588,test,0.09291088002648148,0.14424845510682488,0.14517589852395024,0.1290846040876307
2023-07-19,0.1009926527544676,test,0.09104355985842581,0.1433489277997482,0.1444517555016904,0.12347892247981523
2023-07-20,0.1018747094255712,test,0.08853218371526744,0.14089741418038682,0.13913002301088662,0.12039919720074865
2023-07-21,0.1018890327256418,test,0.09146067605903045,0.14298679883501514,0.1426111254734184,0.12093820625355077
2023-07-24,0.1032520362808725,test,0.09333818450471185,0.14301965280398413,0.14225660732901357,0.12161010806698626
2023-07-25,0.1032474185613816,test,0.09979601392761142,0.14729763763129278,0.1470808949036801,0.12226085897299964
2023-07-26,0.1104785696326524,test,0.09994274144633394,0.14765143574860745,0.14793229441437744,0.12556881429888558
2023-07-27,0.1187520212559967,test,0.0938227374117347,0.14494952464441724,0.1528334056977572,0.13495990360880744
2023-07-28,0.1163094127992176,test,0.08095075550183113,0.13669035814949168,0.13455971517150175,0.11915697034790844
2023-07-31,0.118261451542234,test,0.08317286969224297,0.1380216886031297,0.13882573217806438,0.11904123993586087
2023-08-01,0.1283640659449643,test,0.08519821495615439,0.13819384723977454,0.1388047417592621,0.12029957148339263
2023-08-02,0.119237735405843,test,0.0891816010594792,0.14740283034079504,0.160508137175348,0.13375247339527932
2023-08-03,0.1189153642455444,test,0.07821518945344762,0.13424187929454603,0.1342963748983619,0.12746185249238268
2023-08-04,0.1180073074773794,test,0.0770182946078923,0.1382094944774991,0.13907527535560513,0.12091630504150895
2023-08-07,0.114936735656745,test,0.07516301535920261,0.13365358104231848,0.13349081359201162,0.12447337729449742
2023-08-08,0.1163804832539367,test,0.072150810555968,0.13242978240478684,0.13084848142601457,0.11803155208057846
2023-08-09,0.1144404506331408,test,0.07129873526167148,0.13273048202401413,0.1310941288706657,0.11728419069744339
2023-08-10,0.1145579937094751,test,0.07135443857719051,0.13328177048587697,0.1311184795788707,0.11682544699705125
2023-08-11,0.1168787993345129,test,0.0742577915396802,0.1359038323020307,0.13670637769496632,0.12139745357464693
2023-08-14,0.1168763165513214,test,0.08199696094925786,0.13991359195466407,0.1435594851605752,0.12884423592054814
2023-08-15,0.1093035338476327,test,0.07698856543392023,0.1356291585772827,0.13889456425188781,0.12128312404161343
2023-08-16,0.110419606798281,test,0.07174740174197446,0.13197930544854616,0.13004349480272281,0.11770830761997673
2023-08-17,0.1153536102952739,test,0.07308508306339133,0.13397425378446862,0.13416775959898544,0.11825910530927154
2023-08-18,0.115359722815126,test,0.07020999140839898,0.1312915591299863,0.12916436626740893,0.11674358072295325
2023-08-21,0.113279355780151,test,0.07352797380824357,0.1343074221824316,0.1341636875599887,0.1236778698535772
2023-08-22,0.1175343081090465,test,0.07370421525574755,0.13652315414836053,0.13631117725451575,0.1208183015483294
2023-08-23,0.1255726553320253,test,0.07227804551626872,0.13378364749474578,0.13175358376707838,0.11691778492644879
2023-08-24,0.1156644031236963,test,0.07824637491648308,0.13809613146014652,0.1434046675016947,0.12382390850016488
2023-08-25,0.1139223549647532,test,0.0731585107668169,0.13486336409325417,0.13416566620790024,0.11956390012930211
2023-08-28,0.1234291159113652,test,0.07161799338886442,0.13692665730490236,0.13660160344714495,0.12047646478059484
2023-08-29,0.1124353961344948,test,0.07390952670479813,0.13658109004063756,0.13614176880686524,0.12202951293939626
2023-08-30,0.1133573123185738,test,0.07423228275965112,0.14136422345827737,0.14229693171240076,0.12462939742966826
2023-08-31,0.1135660811880547,test,0.07400634011468495,0.14156949241553002,0.1439452752444122,0.12335538061771016
2023-09-01,0.1133820654513693,test,0.07354178944034509,0.1382929363707668,0.13976425595039366,0.11995743323217437
2023-09-05,0.1220962946232297,test,0.07331434367072537,0.13536701575161303,0.1359438542780357,0.1183997196829911
2023-09-06,0.1224645063696119,test,0.07314823981516075,0.13354373626687843,0.131593312295683,0.116817602477111
2023-09-07,0.1219845010325659,test,0.07729633343027713,0.1361307867082315,0.13546995585765714,0.11916527729942372
2023-09-08,0.128867970287098,test,0.08022125677297234,0.13813906198519257,0.1380260375839921,0.11935124374861618
2023-09-11,0.1287583318247567,test,0.08400686473498983,0.14000171848554116,0.13946089049282293,0.1195901042587624
2023-09-12,0.1285964303848208,test,0.08263019288275651,0.13815254603176297,0.1369192911003614,0.11933603530596587
2023-09-13,0.1293463813681909,test,0.08417193720231311,0.13967453385715162,0.13949054508470382,0.1195206119620881
2023-09-14,0.1275653083859597,test,0.08773518265073149,0.14198467118824817,0.1429310045976017,0.1278507234279254
2023-09-15,0.1213915137841409,test,0.08612191232978987,0.1426934437274337,0.15040107792801266,0.13356142247244762
2023-09-18,0.1269326079679688,test,0.07769586445855191,0.13560879339862694,0.13687882758062894,0.12307232282304931
2023-09-19,0.1267186584918584,test,0.07589540673747723,0.13417265796756103,0.13318877784195438,0.11820560898266595
2023-09-20,0.1313400760354207,test,0.07716918412702507,0.1362450255409675,0.13830667108381026,0.12071299689158459
2023-09-21,0.1213736512635546,test,0.09534069090596112,0.15480666308492622,0.16514498429919777,0.13529280828156023
2023-09-22,0.1288174402186171,test,0.07569971964919618,0.13331042009054878,0.13168832844136882,0.11973176282341501
2023-09-25,0.1281014015802397,test,0.07904230588824636,0.13614104709365307,0.13825589288211831,0.13318299027924724
2023-09-26,0.1198368640970246,test,0.08986504551886373,0.14566274853612474,0.15068115736299476,0.12958750365127425
2023-09-27,0.130353440961388,test,0.07649998188363225,0.13349414177571717,0.13183826316330707,0.11876959353943706
2023-09-28,0.1356450928435112,test,0.07295218878713651,0.13354600472255113,0.13235360928125808,0.11923073566187359
2023-09-29,0.1363277638944003,test,0.07228776078751198,0.1348945390515921,0.1332528502130761,0.11866389517586763
2023-10-02,0.1426992380541914,test,0.07290567989544793,0.13664136903773944,0.1365581413711413,0.1232323542895231
2023-10-03,0.1362664287567975,test,0.07833946029431016,0.13671167460916356,0.14028216320929876,0.1222764543923619
2023-10-04,0.139007678090756,test,0.07335743513957754,0.13212073254966128,0.13166109084898286,0.12118234309637545
2023-10-05,0.1544726910566483,test,0.07572074583722906,0.13937304045079035,0.14012504470651482,0.1273631537887888
2023-10-06,0.1521375221884577,test,0.07494390218124841,0.13466418139230216,0.13613352509540153,0.12161943416541988
2023-10-09,0.1506625338855357,test,0.07110200846500714,0.13497822453800956,0.13278232592083203,0.11696396873752368
2023-10-10,0.1498712685256031,test,0.07390328052132873,0.14252984133741659,0.14095047605601968,0.12174407637540884
2023-10-11,0.1491897958182106,test,0.07334733621208983,0.14233034851864024,0.1410212448540889,0.11968501495396677
2023-10-12,0.1501958555718745,test,0.07403522554695793,0.13764394782562833,0.1382802161053264,0.12132404205843075
2023-10-13,0.1589517663364319,test,0.07794041104390563,0.1378363420974569,0.1414693801566769,0.12496661113710632
2023-10-16,0.1545859393279643,test,0.0701979615085366,0.134004002464718,0.13196487969210727,0.11684248651692983
2023-10-17,0.1689642112836681,test,0.07139308424173064,0.13780752448535002,0.13640790533356284,0.11853545147651356
2023-10-18,0.1622894347750445,test,0.07282577980352253,0.13299273731916014,0.13412131602166857,0.1180054185357449
2023-10-19,0.1592965132607969,test,0.0776609162371163,0.13717961112681584,0.13986334083686927,0.12162184812744473
2023-10-20,0.1531947374659621,test,0.07476521437275195,0.13141315388503064,0.13150375712937384,0.1184626852478959
2023-10-23,0.1554721869819683,test,0.08067149620264935,0.13462533039017532,0.1374313829926548,0.13230197154065465
2023-10-24,0.1533647099777552,test,0.07606596618352425,0.1384974170917847,0.1381742193284628,0.126109349979707
2023-10-25,0.1451711663145673,test,0.0776274570382299,0.13349284474310794,0.13546105978063255,0.12248101874647652
2023-10-26,0.1387473178060428,test,0.07700103787429018,0.13161453900792716,0.13244319706197555,0.1206314388131057
2023-10-27,0.1379553935241013,test,0.0771573077171387,0.1332512107755378,0.13345063562893084,0.12312324766741256
2023-10-30,0.1313933956958189,test,0.07640877103534446,0.13390664271754718,0.1337254092884646,0.12303135744549448
2023-10-31,0.1295245647874249,test,0.07362883608459381,0.13690125020890673,0.13478689198033725,0.11899351108431501
2023-11-01,0.1247127531180292,test,0.07545625515661915,0.13831592106913337,0.1372358014409673,0.12229048995892651
2023-11-02,0.1070100636602508,test,0.07988946670563131,0.14018605508188778,0.14181481413542632,0.13047129318756617
2023-11-03,0.103734734003644,test,0.08690666997181479,0.14987295511541732,0.15412969279666977,0.14597475960173906
2023-11-06,0.1034159147707707,test,0.07427169372622586,0.14980837524217352,0.14854166902437743,0.1238944963921002
2023-11-07,0.103915915801192,test,0.07389269123215596,0.14552152139838442,0.14489264599829652,0.12149199299524908
2023-11-08,0.107330240095116,test,0.07484750206615638,0.14396988779581682,0.14398747239233955,0.12087846350862476
2023-11-09,0.1047822578229109,test,0.07559354913443903,0.13845009754877896,0.1381598044446336,0.1223406462408999
2023-11-10,0.0902672073741586,test,0.07581565262052066,0.13651012828890965,0.13575802669875958,0.12312960830357977
2023-11-13,0.0916423381986303,test,0.07627997057177985,0.14144128320088847,0.14144642613647232,0.1202845215697518
2023-11-14,0.0781643992629439,test,0.08206839273023184,0.14027660508151021,0.14345384748574286,0.133331083066279
2023-11-15,0.0786301232925649,test,0.07582227009537786,0.13959642429527327,0.13876013192234393,0.121477080020941
2023-11-16,0.0787278356199521,test,0.0751418708855152,0.13906176006728763,0.13843492249202163,0.11898839550402725
2023-11-17,0.0810866423139954,test,0.07986055043024322,0.14176718795995952,0.14193853736583423,0.12423860695934152
2023-11-20,0.0793552003376554,test,0.0773169885177395,0.13753972413610008,0.1360518685374141,0.1193238098206993
2023-11-21,0.0932241027843911,test,0.08609519486950667,0.1453876705692217,0.14763356610110742,0.122513760538278
2023-11-22,0.0981111511312397,test,0.09209665514225923,0.14649366495178198,0.1468608901739002,0.12319712048976915
2023-11-24,0.0983454321940435,test,0.10248023469783483,0.1521314468229735,0.15787569427345993,0.12781099336578955
2023-11-27,0.0992703122404884,test,0.10188702913869364,0.1497754665437183,0.15146695236415988,0.12422112193213926
2023-11-28,0.0994151207229915,test,0.10637638993395185,0.1515223970831689,0.15261406610173048,0.12717215438126148
2023-11-29,0.0993927709305954,test,0.1104498962868638,0.15385444054333708,0.15593852888062484,0.12759455632777902
2023-11-30,0.0989456979680941,test,0.11824806859487491,0.15674219988192065,0.15806023902659438,0.13293915845017457
2023-12-01,0.0987356192792739,test,0.12039202899067608,0.15724988026171804,0.1597453509079375,0.13830733680911173
2023-12-04,0.1012274303531644,test,0.10736941175355763,0.15033430811479978,0.15034915075662025,0.1257690583119487
2023-12-05,0.1018707510320199,test,0.10709801562521563,0.15133849415401343,0.15189992655869233,0.12436630617664847
2023-12-06,0.1009743030202914,test,0.10415112420024498,0.14913942029391505,0.14877955573526902,0.12398685047526908
2023-12-07,0.1095422923504594,test,0.10388425579746119,0.1492491442542752,0.14789410612689274,0.1235429347119528
2023-12-08,0.1086124236948033,test,0.10318833376145564,0.14929561289843568,0.1501446710249576,0.12891147958731913
2023-12-11,0.10957869949841,test,0.1007162900123336,0.14809084422995494,0.14858782304462487,0.12278124406904932
2023-12-12,0.1083896955797108,test,0.09871894136442605,0.14674475694933617,0.14737657004309895,0.12433427423911737
2023-12-13,0.0969066353625176,test,0.1008073401361556,0.14789980488228535,0.15502191604252596,0.1436962167037435
2023-12-14,0.0971183477631206,test,0.11102494365040509,0.15018892337906636,0.16574438806403735,0.17255263091837106
2023-12-15,0.0989407398251809,test,0.10085110584397237,0.14684577718239405,0.1566243183783754,0.15686741760143538
2023-12-18,0.101884670530858,test,0.08143291389954738,0.1361087307488466,0.13674183672033896,0.11843298506571998
2023-12-19,0.1088639607563253,test,0.08401872125681904,0.13697403499828342,0.13847312748778182,0.11932438727949282
2023-12-20,0.0972322366770748,test,0.08899923787003979,0.14625950104289367,0.15497419198365894,0.1353268187962967
2023-12-21,0.091863124763516,test,0.07446824356988858,0.1326627317240445,0.12968975065822094,0.11609516538626082
2023-12-22,0.0916682885095538,test,0.07519676173269507,0.1330155359368682,0.13203718528933528,0.11735754425650638
2023-12-26,0.0924666156147963,test,0.07742048799797177,0.13406147248586572,0.13456391675840446,0.11920629545052663
2023-12-27,0.092354313243516,test,0.07854218696678375,0.13543630130503162,0.13547800563569284,0.11880199027087804
2023-12-28,0.0964962409749784,test,0.08655229210360404,0.14029913535913158,0.14326067744756174,0.12288286571579109
2023-12-29,0.0959851654109754,test,0.09961691005329856,0.14688214815188372,0.1512390933818903,0.1423707873486879
2024-01-02,0.1105744737195717,test,0.08708968284314142,0.14077196938603842,0.13981512073355365,0.12491657405603311
2024-01-03,0.1162319010041279,test,0.08124235589544575,0.1359189983842223,0.1344001406110687,0.1201757286186731
2024-01-04,0.1214931413770564,test,0.08743177099351263,0.1387988079601314,0.13922533538518833,0.12945460085241609
2024-01-05,0.1220846233234554,test,0.0833779364500381,0.13728002388298183,0.13628532306905178,0.12163956197032948
2024-01-08,0.1117087144753469,test,0.08067813489732063,0.13574771662955523,0.1345340815131904,0.12072300185171193
2024-01-09,0.1154080453120454,test,0.0808008344075186,0.1370454616392095,0.13771182863967268,0.11985061872667117
2024-01-10,0.1136694525864751,test,0.08262656964987562,0.13827340695725748,0.1380158719107299,0.11886676121865754
2024-01-11,0.1154846914025857,test,0.08270593431271274,0.13826212624124481,0.1381206846006705,0.12056510508181738
2024-01-12,0.1154690373447079,test,0.08316547560948245,0.13805334103767453,0.13987641612703405,0.11948375253184627
2024-01-16,0.1248444367149378,test,0.08365976391074244,0.1384158364698291,0.13674385805119035,0.12100971125150041
2024-01-17,0.1273806207685467,test,0.08289407606557339,0.13653986245207117,0.13438731810820825,0.12110677799363816
2024-01-18,0.1258327389770513,test,0.08328705997063376,0.13888298961700418,0.13624162500637788,0.12180591526792364
2024-01-19,0.1192222342469219,test,0.08962154192441775,0.14397391540979168,0.14848198176585137,0.14028506333355634
2024-01-22,0.1205892017129767,test,0.07969511250046186,0.13839211409809812,0.13899311936375244,0.12019927676949053
2024-01-23,0.1201882233880188,test,0.08043365563041921,0.13751205893376814,0.140092223467886,0.12039926281038685
2024-01-24,0.1404177868959578,test,0.08384926545228844,0.13995899228373648,0.14270160958155786,0.12833037737791944
2024-01-25,0.1391130408597811,test,0.08020113415505466,0.13689678553308054,0.13654891841855332,0.1196238097982965
2024-01-26,0.1396485914119358,test,0.08725418152469779,0.14101364116330048,0.14198924515761038,0.121900446084986
2024-01-29,0.1369712781655157,test,0.08461233262284402,0.1383374485403215,0.13598381097967602,0.11893695679568896
2024-01-30,0.1370241770861665,test,0.09097823576727325,0.14297086126649053,0.1439503988352967,0.12060018174247099
2024-01-31,0.1246093404473094,test,0.09839042087769577,0.15389550758324191,0.1719413893365963,0.15117032138991196
2024-02-01,0.1204047622155905,test,0.0731742400668705,0.13293798142626667,0.1304912288269393,0.11646201513927318
2024-02-02,0.114585947753343,test,0.07567675660416674,0.1362186445258706,0.13545982792072267,0.12244460504205225
2024-02-05,0.1193042869654522,test,0.07234807818817496,0.13333420294347378,0.13219251469389315,0.11704072544284262
2024-02-06,0.1202061710834544,test,0.07431292554331108,0.13498992466773038,0.13631021448467226,0.12050239255162214
2024-02-07,0.1216947392054665,test,0.07478944246712936,0.1354626403623622,0.1350967972868427,0.11944910596980005
2024-02-08,0.1235468195063519,test,0.07872088847544363,0.13781706512156733,0.14136823993572117,0.1203636312986643
2024-02-09,0.1218799593268043,test,0.0829763578175065,0.13921466928352014,0.1394502663868168,0.1211330966708125
2024-02-12,0.1276510882074324,test,0.08161389257785913,0.13755865561830824,0.13645126393407578,0.11911238654926116
2024-02-13,0.1179080940048079,test,0.10255904468175212,0.163618143803937,0.1852654414974717,0.15734165350754337
2024-02-14,0.113668218681114,test,0.07170450275665183,0.13179588651713164,0.12945708862445868,0.11690307605582924
2024-02-15,0.1136791506718618,test,0.07192495295129891,0.13382011294561127,0.1328771124595799,0.11754995957118626
2024-02-16,0.1142424317085227,test,0.07270771743159893,0.13458384945067256,0.13344360267803895,0.11814761910579254
2024-02-20,0.1142552708983269,test,0.07228003964310102,0.1326228523152356,0.1312655534289347,0.11715704187446725
2024-02-21,0.1187939161456135,test,0.07631975774813739,0.1358274732255532,0.13711274618909358,0.12347872379548935
2024-02-22,0.0946686858653886,test,0.07661143484465285,0.13725975785887937,0.13718053458015506,0.12494457074030763
2024-02-23,0.0948764502128778,test,0.07454397011815436,0.13725997569925952,0.13709362097370453,0.1210027191908021
2024-02-26,0.0944898756136481,test,0.07349894153774773,0.1350714700245777,0.1344967636402982,0.11795604746489959
2024-02-27,0.0944880564092115,test,0.0751413853700744,0.1360415512955189,0.1359152971191833,0.11833224903770624
2024-02-28,0.0989363660188138,test,0.07575157976131468,0.13603681452000146,0.13573191345097285,0.11821052585955678
2024-02-29,0.0981153292368613,test,0.09022625263775683,0.14485714750872483,0.14817165539895277,0.13404200666601773
2024-03-01,0.092544910573783,test,0.0895315607134664,0.143564499142791,0.14379484208774046,0.12792329495596252
2024-03-04,0.095198151741531,test,0.09155454405720025,0.14508944739083005,0.14679627104536827,0.12143713490881725
2024-03-05,0.0883551411075722,test,0.08444556573997206,0.138798241915314,0.14151412848311906,0.12338236199497618
2024-03-06,0.0968770880470867,test,0.08045448752159201,0.1372141787923946,0.13469725597476173,0.11865912807594413
2024-03-07,0.0975539705803584,test,0.08038008934105911,0.13697403294386215,0.13437935876314716,0.1186515144617166
2024-03-08,0.0952053139271028,test,0.08328336938520563,0.14017503032663942,0.14195569840207098,0.1291991362670355
2024-03-11,0.0952447587435166,test,0.07820501318118878,0.13634922631711432,0.13511005582633318,0.11924474076442468
2024-03-12,0.0943669882879732,test,0.07804790606908509,0.13674224878042185,0.13568312597943347,0.12122369101212366
2024-03-13,0.0979100755940749,test,0.08010038375984399,0.13992777735334233,0.1410863559337781,0.11960869522893167
2024-03-14,0.1094131057111908,test,0.08713684127571732,0.14263071941651354,0.14661928275554945,0.137218676501869
2024-03-15,0.11565344271636,test,0.07601006482618654,0.1352193320118575,0.13279486253069855,0.1178720233466176
