sample_id,label,index,episode_id,era,split,event_onset,origin_date,lead,level,mean5,mean20,slope5,slope20,std20,max20,target_x_h1,target_x_h2,target_x_h3,target_x_h4,target_x_h5,target_x_h6,target_x_h7,target_x_h8,target_x_h9,target_x_h10,matched_positive_id,match_distance,control_reused_across_leads
P_E001_SPX_L1,1,SPX,E001,train,train,2007-07-24,2007-07-23,1,-5.271899553807693,-5.306950236906496,-5.236823641029493,0.15539764790058955,-0.01573411403406635,0.4568990832440431,-4.47157411596545,-4.344672540773038,-4.808079236144545,-3.851132896830585,-4.418317356237058,-4.6406799338342335,-4.275900701921933,-4.431893283438988,-5.038711667365696,-4.09165009942566,-4.091585054469168,,,False
P_E001_SPX_L5,1,SPX,E001,train,train,2007-07-24,2007-07-17,5,-5.831372351428258,-5.343259923187568,-5.1938450608260265,-0.23310010249285418,-0.0323002708805891,0.46990664801884147,-4.47157411596545,-5.107577703883699,-5.651354755293899,-4.672546820118931,-5.271899553807693,-4.344672540773038,-4.808079236144545,-3.851132896830585,-4.418317356237058,-4.6406799338342335,-4.275900701921933,,,False
P_E001_SPX_L10,1,SPX,E001,train,train,2007-07-24,2007-07-10,10,-4.753207654594768,-5.521024355857611,-5.166634680961667,0.2041791546139261,-0.01642348493171017,0.4619266298023107,-4.6222386131336695,-5.248306419804418,-4.47157411596545,-5.528603451093409,-5.636443277646305,-5.831372351428258,-5.107577703883699,-5.651354755293899,-4.672546820118931,-5.271899553807693,-4.344672540773038,,,False
P_E002_HSI_L1,1,HSI,E002,train,train,2007-10-03,2007-10-02,1,-4.61682212648613,-4.56128159259925,-4.794981744925392,-0.09974807826903198,0.010503203277938784,0.30584685025258196,-4.225503189600654,-3.358041602511013,-4.199666397234732,-4.271682201541131,-4.029278350061287,-4.129727079807013,-4.597852811767055,-4.518836765181876,-4.432518867507028,-4.112741954806033,-3.855471654423235,,,False
P_E002_HSI_L5,1,HSI,E002,train,train,2007-10-03,2007-09-24,5,-4.225503189600654,-4.871511146871785,-4.786201103289629,0.18230871329171525,-0.009291663657040858,0.3540051303124618,-4.186634201975851,-4.627984575590277,-4.49327058680955,-4.842827484509637,-4.61682212648613,-3.358041602511013,-4.199666397234732,-4.271682201541131,-4.029278350061287,-4.129727079807013,-4.597852811767055,,,False
P_E002_HSI_L10,1,HSI,E002,train,train,2007-10-03,2007-09-17,10,-4.556895193621177,-4.824462317158279,-4.693607391374297,0.013141524126058424,-0.02461773858696429,0.3970715527509895,-3.6420136425351526,-5.174712864470065,-4.764722038984616,-5.352563385497304,-4.840054255806283,-4.225503189600654,-4.627984575590277,-4.49327058680955,-4.842827484509637,-4.61682212648613,-3.358041602511013,,,False
P_E003_SPX_L1,1,SPX,E003,train,train,2008-01-02,2007-12-31,1,-5.432986723530666,-5.201807160377008,-4.946452927065009,0.006157122406661278,-0.005669503177923884,0.46002278508972644,-3.9604680447815173,-4.402788939627144,-5.219066001679047,-4.28255858009925,-4.747295884440025,-4.0234647652285425,-4.332345223297064,-4.24287817598574,-4.537271532890731,-5.054793972501002,-4.308408166005886,,,False
P_E003_SPX_L5,1,SPX,E003,train,train,2008-01-02,2007-12-24,5,-5.246062636815228,-4.902714833794817,-4.847713693052504,-0.11777394447597743,-0.0012093880768449753,0.4625930476173931,-3.9604680447815173,-5.453220967472902,-4.858963904090843,-5.017801569975405,-5.432986723530666,-4.402788939627144,-5.219066001679047,-4.28255858009925,-4.747295884440025,-4.0234647652285425,-4.332345223297064,,,False
P_E003_SPX_L10,1,SPX,E003,train,train,2008-01-02,2007-12-17,10,-4.816252232561789,-4.497656090949301,-4.734048484889198,-0.254235366184999,-0.016043492646989795,0.49018870685187405,-3.9604680447815173,-4.588658605545688,-4.842332975667897,-5.1312555930566806,-4.70526435788859,-5.246062636815228,-5.453220967472902,-4.858963904090843,-5.017801569975405,-5.432986723530666,-4.402788939627144,,,False
P_E003_OMXSPI_L1,1,OMXSPI,E003,train,train,2008-01-04,2008-01-03,1,-4.441757152170101,-4.630270867682276,-4.609361808213713,0.06846123542838749,0.0006065574178254336,0.30005905593116244,-4.05063804801467,-3.8695466436384995,-4.286971444205433,-4.371845949017306,-4.1828009474574435,-3.981635035816363,-4.8997296334504625,-4.28757292005559,-3.7739948292472336,-3.923384360306966,-4.333320265549518,,,False
P_E003_OMXSPI_L5,1,OMXSPI,E003,train,train,2008-01-04,2007-12-21,5,-4.508149644829948,-4.6232820937468855,-4.548141919201431,-0.1126448202936493,-0.010729196972339913,0.3549065201137054,-3.8056996740169824,-4.977255652030344,-4.798763606314824,-4.425428283066158,-4.441757152170101,-3.8695466436384995,-4.286971444205433,-4.371845949017306,-4.1828009474574435,-3.981635035816363,-4.8997296334504625,,,False
P_E003_OMXSPI_L10,1,OMXSPI,E003,train,train,2008-01-04,2007-12-14,10,-4.522613982201902,-4.523925749597623,-4.459833902875501,0.10340922909362987,-0.02330189027374997,0.42605199128009047,-3.5842493150606396,-4.05063804801467,-4.658324869077578,-5.029548028428724,-4.8697498783835105,-4.508149644829948,-4.977255652030344,-4.798763606314824,-4.425428283066158,-4.441757152170101,-3.8695466436384995,,,False
P_E003_HSI_L1,1,HSI,E003,train,train,2008-01-08,2008-01-07,1,-4.521964612345678,-4.576776578224376,-4.512709096654911,0.0630253144881073,-0.020637931058369904,0.40215575905657786,-3.773910530176682,-4.418893406891479,-3.9533498172912394,-4.55136023351194,-3.953396128853151,-4.186633606796129,-3.8030494490039572,-3.927027555418532,-3.3615105828654723,-3.5004340693593123,-3.824217736978098,,,False
P_E003_HSI_L5,1,HSI,E003,train,train,2008-01-08,2007-12-31,5,-4.790553413987897,-4.792103154503416,-4.52769105828817,0.003766649292633783,-0.014382675920091424,0.408749321999941,-3.773910530176682,-4.417141806165622,-4.830156794053693,-4.324066264568987,-4.521964612345678,-4.418893406891479,-3.9533498172912394,-4.55136023351194,-3.953396128853151,-4.186633606796129,-3.8030494490039572,,,False
P_E003_HSI_L10,1,HSI,E003,train,train,2008-01-08,2007-12-20,10,-5.210156321091402,-4.4334106015851615,-4.459643056080113,-0.18868657087865917,0.011000707475356442,0.3953449276393249,-3.773910530176682,-4.560729638163179,-5.284464378759065,-4.537618007423659,-4.787150334183279,-4.790553413987897,-4.417141806165622,-4.830156794053693,-4.324066264568987,-4.521964612345678,-4.418893406891479,,,False
P_E003_N225_L1,1,N225,E003,train,train,2008-01-09,2008-01-08,1,-4.88512280524455,-4.774367599063375,-4.848139791265787,0.18330864922211676,0.004649415652293631,0.47356910344788516,-3.6953525281350426,-4.285044108446028,-4.809569374328342,-4.215252470280876,-4.328764783426279,-4.200010818019248,-4.229439873661402,-3.7434879319476035,-4.070192679802957,-3.6562104180132167,-3.874425724673203,,,False
P_E003_N225_L5,1,N225,E003,train,train,2008-01-09,2007-12-27,5,-5.633307029656176,-5.226038356830074,-4.88482990259097,-0.205133888262011,-0.020593875976303907,0.3903633814464213,-4.441141300342416,-4.997386837839513,-3.6953525281350426,-4.660668794441594,-4.88512280524455,-4.285044108446028,-4.809569374328342,-4.215252470280876,-4.328764783426279,-4.200010818019248,-4.229439873661402,,,False
P_E003_N225_L10,1,N225,E003,train,train,2008-01-09,2007-12-19,10,-4.666496379204911,-4.528661837782138,-4.650785273438293,-0.02556783755479624,-0.02049564550258886,0.375571842946809,-3.8936639048008943,-5.164000254655948,-4.5085662674774625,-5.203026632263668,-5.621291600097116,-5.633307029656176,-4.997386837839513,-3.6953525281350426,-4.660668794441594,-4.88512280524455,-4.285044108446028,,,False
P_E003_FTSE_L1,1,FTSE,E003,train,train,2008-01-15,2008-01-14,1,-4.935708168910743,-4.757067047633539,-4.7864623379756726,0.02773732457612788,-0.002895646509152133,0.4291778494343853,-3.973363530728447,-3.9816836540055696,-4.392173195970699,-4.312644619235058,-4.040301721582632,-3.362980439820205,-3.0784029106439106,-3.365867237621608,-3.5564551876771917,-4.3676944971594525,-4.073945326338633,,,False
P_E003_FTSE_L5,1,FTSE,E003,train,train,2008-01-15,2008-01-08,5,-5.1115487305614336,-4.611959532972513,-4.789584928879128,-0.09514702341586187,-0.01378864229537805,0.4518898296872543,-3.973363530728447,-4.515713047732217,-4.632344365690986,-4.590020925272316,-4.935708168910743,-3.9816836540055696,-4.392173195970699,-4.312644619235058,-4.040301721582632,-3.362980439820205,-3.0784029106439106,,,False
P_E003_FTSE_L10,1,FTSE,E003,train,train,2008-01-15,2007-12-31,10,-5.424106654434846,-5.237647571633106,-4.7532417335591255,-0.15182916407234548,-0.045332367066289396,0.4569060519241142,-4.007436749098744,-4.5851070845280635,-4.7455956884763735,-3.973363530728447,-4.644182630568248,-5.1115487305614336,-4.515713047732217,-4.632344365690986,-4.590020925272316,-4.935708168910743,-3.9816836540055696,,,False
P_E003_GDAXI_L1,1,GDAXI,E003,train,train,2008-01-18,2008-01-17,1,-4.435931679604587,-4.7840803081524585,-4.879434115785167,0.18812962774052222,0.011238178140145627,0.3426251101473613,-4.33084566234275,-4.053460421753429,-3.0943277684568575,-3.1872571447089055,-3.0939275274426894,-3.6000753969116697,-3.9553390545806657,-4.336808309637126,-4.6804525345021135,-4.756697469733945,-4.052291060697646,,,False
P_E003_GDAXI_L5,1,GDAXI,E003,train,train,2008-01-18,2008-01-11,5,-5.197320096029313,-5.019018988882381,-4.892193595089124,0.022902715476307917,-0.010056364034923444,0.3353586719755783,-4.254620509909606,-5.13577484104348,-4.374119527597205,-4.777255396487709,-4.435931679604587,-4.053460421753429,-3.0943277684568575,-3.1872571447089055,-3.0939275274426894,-3.6000753969116697,-3.9553390545806657,,,False
P_E003_GDAXI_L10,1,GDAXI,E003,train,train,2008-01-18,2008-01-04,10,-4.576771025288687,-4.888393929755415,-4.935735343455996,0.24434151253083014,0.018244001761160304,0.36738291157063707,-4.254620509909606,-5.131057136696339,-4.960614653214621,-5.207041478686049,-4.599061579785588,-5.197320096029313,-5.13577484104348,-4.374119527597205,-4.777255396487709,-4.435931679604587,-4.053460421753429,,,False
P_E004_SPX_L1,1,SPX,E004,train,train,2008-06-26,2008-06-25,1,-4.650302502689708,-4.823270861201032,-4.82464095630082,0.023621347298880054,0.0027866373536243,0.39907611609190263,-4.046772947127199,-4.178999661941726,-4.8057172038575455,-4.928902476240371,-4.4550219820311465,-4.23902734871407,-4.681247019829099,-4.141910050298308,-4.20294275422541,-4.159343354906577,-4.599257092027827,,,False
P_E004_SPX_L5,1,SPX,E004,train,train,2008-06-26,2008-06-19,5,-4.867034031094117,-4.9481319596553055,-4.894423946884485,0.014753981829945114,0.018616714812433897,0.3904288602195414,-4.046772947127199,-4.42168457556167,-5.558399037277984,-4.6189341593816815,-4.650302502689708,-4.178999661941726,-4.8057172038575455,-4.928902476240371,-4.4550219820311465,-4.23902734871407,-4.681247019829099,,,False
P_E004_SPX_L10,1,SPX,E004,train,train,2008-06-26,2008-06-12,10,-4.632750509435267,-4.609640268027356,-4.880354618062617,-0.1083966073415662,0.025416049921784523,0.4170695782931592,-4.046772947127199,-4.8103861425440275,-5.187860352833051,-4.94835451437192,-4.927024757433413,-4.867034031094117,-4.42168457556167,-5.558399037277984,-4.6189341593816815,-4.650302502689708,-4.178999661941726,,,False
P_E004_KS11_L1,1,KS11,E004,train,train,2008-07-01,2008-06-30,1,-5.018873222366739,-5.006738509333296,-4.826013570123396,-0.017191132692916118,-0.004889517005875024,0.2928663165661758,-4.113750718872444,-4.546814942192449,-3.8151205821243765,-4.308313586808287,-4.298080033990414,-4.713239054056992,-3.634139253730781,-4.065404413046249,-3.987528667246149,-4.018655245018875,-4.546257111563803,,,False
P_E004_KS11_L5,1,KS11,E004,train,train,2008-07-01,2008-06-24,5,-5.095645863277228,-4.704132701101503,-4.805019352778572,-0.11558980620013164,0.009361217101881777,0.2987176438647546,-4.113750718872444,-4.825262334235479,-4.943192183801421,-5.150718942985612,-5.018873222366739,-4.546814942192449,-3.8151205821243765,-4.308313586808287,-4.298080033990414,-4.713239054056992,-3.634139253730781,,,False
P_E004_KS11_L10,1,KS11,E004,train,train,2008-07-01,2008-06-17,10,-4.618983921131976,-4.839992970152528,-4.854583168470226,-0.03205787517703825,0.006705609410562723,0.31765682746256196,-4.113750718872444,-4.503219519752055,-4.72559527085908,-4.499562205809103,-4.696640645810048,-5.095645863277228,-4.825262334235479,-4.943192183801421,-5.150718942985612,-5.018873222366739,-4.546814942192449,,,False
P_E005_HSI_L1,1,HSI,E005,train,train,2008-08-01,2008-07-31,1,-5.334191498725745,-5.182943759326911,-4.76963569717288,-0.13118436496799588,-0.05056188886203728,0.4351143801224602,-4.108334282139269,-4.019882573299933,-4.86970363898287,-4.3219562443324016,-4.283379297809931,-4.215367875831287,-4.58077638573174,-4.00253269661823,-4.390935133579198,-4.633443329391289,-4.50708969975581,,,False
P_E005_HSI_L5,1,HSI,E005,train,train,2008-08-01,2008-07-25,5,-4.832163112109354,-4.953948048233071,-4.6232468139672385,0.09028201607487601,-0.023759135661355003,0.3795493832867546,-4.108334282139269,-5.049551632645495,-5.341474044061293,-5.357338509092671,-5.334191498725745,-4.019882573299933,-4.86970363898287,-4.3219562443324016,-4.283379297809931,-4.215367875831287,-4.58077638573174,,,False
P_E005_HSI_L10,1,HSI,E005,train,train,2008-08-01,2008-07-18,10,-4.69104283234075,-4.576138573883577,-4.526327017576054,-0.17025343754500144,0.0007660932363319132,0.3594840469355508,-4.055148305215477,-5.283682182393766,-4.837258745608202,-4.979159475625766,-4.837476725428266,-4.832163112109354,-5.049551632645495,-5.341474044061293,-5.357338509092671,-5.334191498725745,-4.019882573299933,,,False
P_E006_OMXSPI_L1,1,OMXSPI,E006,train,train,2008-08-28,2008-08-27,1,-4.672288526067198,-4.572590914855583,-4.589485222503069,-0.06510079238002563,0.0015206884460777477,0.3551994483638201,-3.72479040638332,-4.220992507371531,-4.87375837108709,-4.71467240842112,-4.092371646951239,-4.92359517947054,-3.8378641776360074,-4.063705700365282,-3.5800815397791497,-4.205862368139185,-4.755429878074249,,,False
P_E006_OMXSPI_L5,1,OMXSPI,E006,train,train,2008-08-28,2008-08-21,5,-4.697773641476592,-4.631975103593939,-4.593967844450612,0.06391681677536294,-0.0014567216085653494,0.3679153661013466,-3.72479040638332,-4.044499171193678,-4.701915909727729,-4.746477325812722,-4.672288526067198,-4.220992507371531,-4.87375837108709,-4.71467240842112,-4.092371646951239,-4.92359517947054,-3.8378641776360074,,,False
P_E006_OMXSPI_L10,1,OMXSPI,E006,train,train,2008-08-28,2008-08-14,10,-4.881693665371291,-4.606525846603431,-4.455124083333197,-0.026951301004872877,-0.02794947130885234,0.3683266990373899,-3.8360775506607747,-4.919916468799246,-5.006138757209429,-3.72479040638332,-4.811256244101111,-4.697773641476592,-4.044499171193678,-4.701915909727729,-4.746477325812722,-4.672288526067198,-4.220992507371531,,,False
P_E006_FCHI_L1,1,FCHI,E006,train,train,2008-09-02,2008-09-01,1,-4.909281194518093,-4.547699657145741,-4.620382867490234,-0.14513104565502713,-0.005877684050908035,0.3265194582679871,-3.958862507606197,-4.181828095957543,-4.749525005942638,-3.84941350694671,-4.190945821081083,-4.1058420054545115,-4.167737552588941,-4.538335077456407,-4.3198020255440674,-4.54037037503657,-3.783613928072481,,,False
P_E006_FCHI_L5,1,FCHI,E006,train,train,2008-09-02,2008-08-26,5,-4.413166762203932,-4.775564945753135,-4.615078192779054,0.09857190315489224,-0.010520750609095828,0.27386975020779775,-4.197579491589361,-4.499053114739269,-3.958862507606197,-4.958134706661215,-4.909281194518093,-4.181828095957543,-4.749525005942638,-3.84941350694671,-4.190945821081083,-4.1058420054545115,-4.167737552588941,,,False
P_E006_FCHI_L10,1,FCHI,E006,train,train,2008-09-02,2008-08-19,10,-4.600568056968612,-4.460822778171041,-4.558524975444696,-0.050516601654620866,-0.00010910698677268228,0.2506833609751368,-4.17391661452033,-4.970745720683751,-5.033562040412429,-4.2973492796424235,-5.163000925823139,-4.413166762203932,-4.499053114739269,-3.958862507606197,-4.958134706661215,-4.909281194518093,-4.181828095957543,,,False
P_E006_N225_L1,1,N225,E006,train,train,2008-09-05,2008-09-04,1,-4.964604587146736,-4.848219265479363,-4.867844714841575,0.0010855574291180692,-0.016462739492190813,0.43053806667480066,-3.8971036551287908,-4.521023999664749,-4.177808723661693,-4.668976288791345,-4.425740780354604,-4.737597006917189,-4.529761331465257,-3.717133586470971,-4.741658767782985,-4.232763032019758,-4.160502934935509,,,False
P_E006_N225_L5,1,N225,E006,train,train,2008-09-05,2008-08-29,5,-4.901841535343598,-5.056568788269797,-4.8342079448812685,-0.0025632578783874533,-0.027823980626432317,0.36510538338003873,-4.172821060408689,-5.306964113837577,-3.8971036551287908,-5.170582435940115,-4.964604587146736,-4.521023999664749,-4.177808723661693,-4.668976288791345,-4.425740780354604,-4.737597006917189,-4.529761331465257,,,False
P_E006_N225_L10,1,N225,E006,train,train,2008-09-05,2008-08-22,10,-5.345207042607058,-4.750970018029797,-4.778809748634722,-0.27098784849634017,-0.004987817097855733,0.36908770870008234,-4.172821060408689,-4.95030231266403,-4.983929538974983,-5.340286881966658,-5.10648367239972,-4.901841535343598,-5.306964113837577,-3.8971036551287908,-5.170582435940115,-4.964604587146736,-4.521023999664749,,,False
P_E007_FCHI_L1,1,FCHI,E007,train,train,2009-01-06,2009-01-05,1,-4.537636140649452,-4.362623921895569,-4.137439188098446,0.036965195062841835,-0.04220069676773585,0.39023612568624416,-3.3844574343905296,-4.1732246294114725,-4.16672118288096,-4.27692805457756,-4.039947703491126,-4.368732407891431,-4.194096760995704,-3.2498736772488575,-3.830562289930031,-3.9470091013852784,-3.6256119393822983,,,False
P_E007_FCHI_L5,1,FCHI,E007,train,train,2009-01-06,2008-12-29,5,-4.3992374165806565,-4.375996711243359,-3.9999385368916323,-0.09150850390965558,-0.04894122639608799,0.39999786146849337,-3.272871912537675,-4.384604730842284,-4.75348598932918,-3.7381553320762677,-4.537636140649452,-4.1732246294114725,-4.16672118288096,-4.27692805457756,-4.039947703491126,-4.368732407891431,-4.194096760995704,,,False
P_E007_FCHI_L10,1,FCHI,E007,train,train,2009-01-06,2008-12-18,10,-4.444898638073803,-4.055225307847678,-3.8137402573342754,-0.1262424717929794,-0.038657246418627875,0.4474301930716559,-3.0496402568310037,-3.954093280763397,-4.514340536150115,-4.473175019110481,-4.539137303612149,-4.3992374165806565,-4.384604730842284,-4.75348598932918,-3.7381553320762677,-4.537636140649452,-4.1732246294114725,,,False
P_E007_OMXSPI_L1,1,OMXSPI,E007,train,train,2009-01-08,2009-01-07,1,-4.7937853845278795,-4.551207372152368,-4.15630490328209,0.04910662085191141,-0.06351041491068674,0.5592788549565275,-3.0000356971241717,-4.291238817844796,-4.666270861758914,-4.238400545289372,-4.103776606884198,-3.3129448880924848,-3.9601029903549545,-4.272042035018039,-3.808439125124596,-3.5677203774676864,-3.6673245954763964,,,False
P_E007_OMXSPI_L5,1,OMXSPI,E007,train,train,2009-01-08,2008-12-29,5,-4.952579874016973,-4.679625992614119,-4.016404879294219,-0.06350564742833076,-0.05827789318912753,0.5330888704458456,-3.0000356971241717,-4.826945714651981,-3.52925740245396,-4.653468485111051,-4.7937853845278795,-4.291238817844796,-4.666270861758914,-4.238400545289372,-4.103776606884198,-3.3129448880924848,-3.9601029903549545,,,False
P_E007_OMXSPI_L10,1,OMXSPI,E007,train,train,2009-01-08,2008-12-17,10,-3.9341332235472057,-4.00955944787564,-3.7347145168391584,-0.018759347639716293,-0.022189428982539564,0.4088865653679871,-2.92392659445847,-4.654172382366542,-4.665999362225972,-4.421137491252691,-4.704240853208418,-4.952579874016973,-4.826945714651981,-3.52925740245396,-4.653468485111051,-4.7937853845278795,-4.291238817844796,,,False
P_E008_KS11_L1,1,KS11,E008,train,train,2009-05-22,2009-05-21,1,-4.757736622499874,-4.963738918196382,-4.675109690166585,0.014951317633778894,-0.043816533417479,0.39933361547721924,-3.6936770357882955,-4.415590949764897,-3.133711583732986,-3.878420312125547,-4.142119006091986,-3.879725456919435,-4.869670798833167,-4.331284889938972,-4.508105482590173,-4.57461908700215,-4.189235976946426,,,False
P_E008_KS11_L5,1,KS11,E008,train,train,2009-05-22,2009-05-15,5,-5.109207445879978,-5.015935397653146,-4.517455209354489,0.015699063897240514,-0.05147931543177733,0.4203194951441029,-3.6936770357882955,-4.711193163462828,-4.975935725253988,-5.264621633885243,-4.757736622499874,-4.415590949764897,-3.133711583732986,-3.878420312125547,-4.142119006091986,-3.879725456919435,-4.869670798833167,,,False
P_E008_KS11_L10,1,KS11,E008,train,train,2009-05-22,2009-05-08,10,-4.695982674642569,-4.6316412091720505,-4.305389432747306,-0.013969095666670754,-0.025487634549364615,0.32271024165698403,-3.6936770357882955,-5.062566454533011,-5.028795134517203,-5.100585440484679,-4.778522512850857,-5.109207445879978,-4.711193163462828,-4.975935725253988,-5.264621633885243,-4.757736622499874,-4.415590949764897,,,False
P_E009_OMXSPI_L1,1,OMXSPI,E009,train,train,2010-04-23,2010-04-22,1,-4.498481801878334,-4.776628496301873,-5.233572821111987,0.08030529532402204,0.02508360188881667,0.43140282399182717,-4.498481801878334,-4.303150897814803,-5.179385710861009,-4.159145097736954,-4.2637948032212325,-4.493450154068551,-5.243669781223875,-4.873547867808368,-3.952461023419818,-4.044185288585813,-3.830159445783478,,,False
P_E009_OMXSPI_L5,1,OMXSPI,E009,train,train,2010-04-23,2010-04-16,5,-4.7599401007287785,-5.402887598967352,-5.3298230867007454,0.2554286967041884,-0.0069910201849104035,0.38236907836521355,-4.7599401007287785,-5.054614718789868,-4.795627496861852,-4.774478363250534,-4.498481801878334,-4.303150897814803,-5.179385710861009,-4.159145097736954,-4.2637948032212325,-4.493450154068551,-5.243669781223875,,,False
P_E009_OMXSPI_L10,1,OMXSPI,E009,train,train,2010-04-23,2010-04-09,10,-5.454641501833629,-5.337682060107804,-5.339832068106485,-0.055074494738865845,0.0023705131965361765,0.33613926343426787,-4.77250763078946,-6.162183923404005,-5.1760702320022265,-5.4899728283909655,-5.4262709103107865,-4.7599401007287785,-5.054614718789868,-4.795627496861852,-4.774478363250534,-4.498481801878334,-4.303150897814803,,,False
P_E010_SPX_L1,1,SPX,E010,train,train,2010-05-04,2010-05-03,1,-4.790941245910869,-4.6696327561634545,-5.088842688052041,-0.06888343435023943,0.04066008291050204,0.47098333530054987,-4.203829860572965,-4.205173373245231,-4.6929073531265795,-2.904405565829609,-3.812980682565868,-3.8236253098411317,-4.439809486730546,-4.710852085053029,-4.7120310968168235,-4.114473268844815,-4.245547488568839,,,False
P_E010_SPX_L5,1,SPX,E010,train,train,2010-05-04,2010-04-27,5,-4.203829860572965,-4.8934420796067055,-5.200815627089421,0.09618633529279286,0.03061918318319479,0.4453095088765899,-4.203829860572965,-5.007026213893076,-4.824728673720705,-4.521637786719659,-4.790941245910869,-4.205173373245231,-4.6929073531265795,-2.904405565829609,-3.812980682565868,-3.8236253098411317,-4.439809486730546,,,False
P_E010_SPX_L10,1,SPX,E010,train,train,2010-05-04,2010-04-20,10,-5.347638807291286,-5.154941573965317,-5.292507422742826,0.05287411453875514,0.003220611607618457,0.3752073886546994,-4.445923950407486,-5.107544928821337,-4.600411584053663,-5.109445656963088,-5.445978367622476,-4.203829860572965,-5.007026213893076,-4.824728673720705,-4.521637786719659,-4.790941245910869,-4.205173373245231,,,False
P_E010_FTSE_L1,1,FTSE,E010,train,train,2010-05-04,2010-04-30,1,-4.501361898188401,-4.593897992780486,-4.953201583609069,-0.030721982007397647,0.044696544958861724,0.4142788861558404,-4.110649885481532,-4.000528222702475,-4.275921389546549,-4.298301750217966,-3.6674584519896496,-3.45451721010005,-4.219652710272429,-4.336323768362172,-5.107454849119064,-3.8546472935157614,-4.518153387658707,,,False
P_E010_FTSE_L5,1,FTSE,E010,train,train,2010-05-04,2010-04-26,5,-4.823838467702042,-4.781164684990264,-5.0931240372727595,0.023920739653790195,0.03103789402947376,0.3592466711473427,-4.467943685045835,-4.110649885481532,-4.4708168679476685,-5.0628228445827865,-4.501361898188401,-4.000528222702475,-4.275921389546549,-4.298301750217966,-3.6674584519896496,-3.45451721010005,-4.219652710272429,,,False
P_E010_FTSE_L10,1,FTSE,E010,train,train,2010-05-04,2010-04-19,10,-5.228304316747053,-5.1422474632834625,-5.161086773350815,0.1401965760216086,-0.0007134695615952362,0.3072588055487797,-4.496400963654321,-4.939212977920501,-4.841643335191962,-4.467943685045835,-4.833184959090977,-4.823838467702042,-4.110649885481532,-4.4708168679476685,-5.0628228445827865,-4.501361898188401,-4.000528222702475,,,False
P_E011_SPX_L1,1,SPX,E011,train,train,2011-07-27,2011-07-26,1,-5.517565755022846,-5.314896254158009,-5.041642538062823,0.0058493698075205575,-0.010968249191715223,0.4104025228613555,-4.410934889755033,-4.346401902731418,-4.8433510128094,-4.616275783094123,-4.187207557301072,-4.174677763412945,-4.356640284354888,-3.518584755322372,-3.681631536537226,-3.192734307476461,-3.2784386267351686,,,False
P_E011_SPX_L5,1,SPX,E011,train,train,2011-07-27,2011-07-20,5,-5.786617620113975,-5.033587795409499,-4.969781072395493,-0.14922166334766912,-0.007253830374280778,0.3920007875227159,-4.410934889755033,-4.646496296873686,-5.49769526979881,-5.126106328980731,-5.517565755022846,-4.346401902731418,-4.8433510128094,-4.616275783094123,-4.187207557301072,-4.174677763412945,-4.356640284354888,,,False
P_E011_SPX_L10,1,SPX,E011,train,train,2011-07-27,2011-07-13,10,-4.86253112543142,-4.803565745263116,-4.923515879391079,-0.022514143285803315,-0.0071283825546790466,0.34199141301139163,-4.403525370833106,-4.67868763266151,-5.369233497224478,-4.68781007125129,-4.645590155796239,-5.786617620113975,-4.646496296873686,-5.49769526979881,-5.126106328980731,-5.517565755022846,-4.346401902731418,,,False
P_E011_GDAXI_L1,1,GDAXI,E011,train,train,2011-08-01,2011-07-29,1,-4.536665606152199,-4.738652953611998,-4.8357223585256595,0.05432760074750804,0.03252439544231059,0.44968780085055227,-4.107803318462691,-3.5869899929641473,-4.230881189922158,-3.835730315035822,-3.4728887780868147,-3.6080596840369976,-3.3331010182820835,-2.9078630524389135,-2.8863843102771582,-3.3292919743353613,-3.340079004852678,,,False
P_E011_GDAXI_L5,1,GDAXI,E011,train,train,2011-08-01,2011-07-25,5,-4.72269771822466,-4.688858363522665,-4.857955258527644,0.011067371779797346,0.025149948440202068,0.44008266395086454,-4.107803318462691,-5.025566224525705,-4.553980777961882,-4.854354441195544,-4.536665606152199,-3.5869899929641473,-4.230881189922158,-3.835730315035822,-3.4728887780868147,-3.6080596840369976,-3.3331010182820835,,,False
P_E011_GDAXI_L10,1,GDAXI,E011,train,train,2011-08-01,2011-07-18,10,-4.969677640828176,-4.702305481345932,-4.90009707468719,-0.1743214630042694,0.009544734017559245,0.47116654935666297,-4.107803318462691,-4.8186512487952635,-4.821011706708513,-4.179686093833149,-4.902245050051743,-4.72269771822466,-5.025566224525705,-4.553980777961882,-4.854354441195544,-4.536665606152199,-3.5869899929641473,,,False
P_E011_OMXSPI_L1,1,OMXSPI,E011,train,train,2011-08-01,2011-07-29,1,-4.717753833115442,-4.856912962366618,-4.817948777210798,0.08497302791735208,0.021161517223540722,0.4170233918676926,-4.1504559021607745,-3.6014748954666587,-4.225418189810325,-4.155220111364469,-3.3290480674014233,-3.186851079590837,-3.3730630374544983,-3.0385242715507195,-3.2824643683102694,-3.587373828705099,-3.655863929932804,,,False
P_E011_OMXSPI_L5,1,OMXSPI,E011,train,train,2011-08-01,2011-07-25,5,-5.2968103069681325,-4.703432730954449,-4.824120883481908,-0.21285819357397753,0.014468637579251402,0.424858810561808,-4.1504559021607745,-4.568425418477411,-4.824767166262831,-4.876808087009271,-4.717753833115442,-3.6014748954666587,-4.225418189810325,-4.155220111364469,-3.3290480674014233,-3.186851079590837,-3.3730630374544983,,,False
P_E011_OMXSPI_L10,1,OMXSPI,E011,train,train,2011-08-01,2011-07-18,10,-4.1504559021607745,-4.715779669470633,-4.86655148300626,-0.022409405081947317,0.013008541311804666,0.49986484344999543,-4.1504559021607745,-4.369723165344859,-4.636391823078126,-4.303438883809779,-4.91079947557135,-5.2968103069681325,-4.568425418477411,-4.824767166262831,-4.876808087009271,-4.717753833115442,-3.6014748954666587,,,False
P_E011_FCHI_L1,1,FCHI,E011,train,train,2011-08-01,2011-07-29,1,-5.326020329427379,-4.868018053942945,-4.8584582223684345,-0.05809576825602997,0.0220417782132205,0.5027985194924045,-3.8961631370212455,-3.7936181641390574,-4.44521425747854,-4.318747513390356,-3.3484374368533034,-3.468128037011397,-3.2500398300371227,-3.1438172819003274,-3.096865657240972,-3.163955078125005,-3.2584390887823664,,,False
P_E011_FCHI_L5,1,FCHI,E011,train,train,2011-08-01,2011-07-25,5,-5.15140599292401,-4.755788035384057,-4.836846950788466,-0.030476707795231078,0.010965859793040723,0.48748102784736397,-3.8961631370212455,-4.539802629801494,-4.551329678206787,-4.771531639355059,-5.326020329427379,-3.7936181641390574,-4.44521425747854,-4.318747513390356,-3.3484374368533034,-3.468128037011397,-3.2500398300371227,,,False
P_E011_FCHI_L10,1,FCHI,E011,train,train,2011-08-01,2011-07-18,10,-4.744972794468041,-4.830769129173692,-4.8383440872321755,-0.07041145869025814,-0.0004488171923049538,0.4882376124027453,-4.155683411257703,-5.021322447636984,-4.832724305979896,-3.8961631370212455,-4.877324293358148,-5.15140599292401,-4.539802629801494,-4.551329678206787,-4.771531639355059,-5.326020329427379,-3.7936181641390574,,,False
P_E011_FTSE_L1,1,FTSE,E011,train,train,2011-08-01,2011-07-29,1,-4.793014155500286,-4.947484439771024,-5.025250157301565,0.15254300143970412,0.019660890865330273,0.40629922465410595,-4.257968502492835,-4.171652270828745,-4.838774134227322,-4.337727417981208,-3.608238159925893,-3.8639514141661513,-3.6031400825018487,-3.019620972104078,-3.41892641683436,-3.58497061509153,-3.671117971460232,,,False
P_E011_FTSE_L5,1,FTSE,E011,train,train,2011-08-01,2011-07-25,5,-5.3407213912426545,-5.086685818454417,-5.055738973094504,0.06356730032054052,0.004939624200389733,0.38665336622092616,-4.257968502492835,-5.185333148646197,-4.66303589773209,-4.755317605733895,-4.793014155500286,-4.171652270828745,-4.838774134227322,-4.337727417981208,-3.608238159925893,-3.8639514141661513,-3.6031400825018487,,,False
P_E011_FTSE_L10,1,FTSE,E011,train,train,2011-08-01,2011-07-18,10,-5.0188170546345185,-4.972104521784695,-5.028763969991735,-0.11180578334156362,0.0027298201566000138,0.34027076553688784,-4.4918557305648115,-5.561785582379705,-5.2332491185441,-4.257968502492835,-5.039704497612794,-5.3407213912426545,-5.185333148646197,-4.66303589773209,-4.755317605733895,-4.793014155500286,-4.171652270828745,,,False
P_E011_KS11_L1,1,KS11,E011,train,train,2011-08-02,2011-08-01,1,-5.479700001048374,-5.14527957472259,-5.199662116117301,-0.04866157800368628,-0.0020055903299859438,0.23589216853331935,-4.801878780493565,-4.47014451189702,-4.956936834993635,-4.110292912834994,-4.252247679216073,-3.102025358898802,-3.011031418225955,-3.7082347135454685,-3.4051353407544926,-3.952296605905238,-4.60493386039067,,,False
P_E011_KS11_L5,1,KS11,E011,train,train,2011-08-02,2011-07-26,5,-5.167584701226181,-5.3816672213975325,-5.272752326092787,0.006480550023145134,0.008192688996631683,0.2556341825182721,-4.801878780493565,-5.058564434881032,-5.099599121183851,-4.920949615273509,-5.479700001048374,-4.47014451189702,-4.956936834993635,-4.110292912834994,-4.252247679216073,-3.102025358898802,-3.011031418225955,,,False
P_E011_KS11_L10,1,KS11,E011,train,train,2011-08-02,2011-07-19,10,-5.340869305913236,-5.056923765473611,-5.19232251591759,-0.04081800960397534,0.009139356128546326,0.2912979699092741,-4.538943982977621,-5.480189289995145,-5.193850520070536,-5.312457398318793,-5.754254197377008,-5.167584701226181,-5.058564434881032,-5.099599121183851,-4.920949615273509,-5.479700001048374,-4.47014451189702,,,False
P_E012_HSI_L1,1,HSI,E012,train,train,2011-09-22,2011-09-21,1,-4.571920781787784,-4.651824701925106,-4.6293999316689085,0.04897071340746367,0.012089750602772455,0.3278720676447993,-3.927419551115315,-4.23124211593277,-4.197984485995178,-3.671800806292968,-4.400089938441451,-4.756157402458446,-4.196337486538552,-4.112049165068696,-3.713096785047363,-4.451145505002845,-4.60040401136628,,,False
P_E012_HSI_L5,1,HSI,E012,train,train,2011-09-22,2011-09-15,5,-4.555297809612117,-4.481087617978966,-4.562105600257729,0.07920772210784634,0.001760805044764032,0.3551911235195719,-3.927419551115315,-5.103592813483534,-4.44767236968453,-4.580639735057561,-4.571920781787784,-4.23124211593277,-4.197984485995178,-3.671800806292968,-4.400089938441451,-4.756157402458446,-4.196337486538552,,,False
P_E012_HSI_L10,1,HSI,E012,train,train,2011-09-22,2011-09-07,10,-4.759138063028346,-4.556611196021184,-4.582033776545951,-0.04822535690708828,-0.009130027637366072,0.33459033771390806,-3.952198907711648,-4.526771893329525,-4.7765486047589665,-4.619400231078905,-3.927419551115315,-4.555297809612117,-5.103592813483534,-4.44767236968453,-4.580639735057561,-4.571920781787784,-4.23124211593277,,,False
P_E013_N225_L1,1,N225,E013,train,train,2013-05-16,2013-05-15,1,-5.101022264015337,-5.105084080922467,-5.107577316639247,-0.17446264195010827,-0.0024843884362852685,0.4310734427172552,-4.265303813976368,-4.5056802076606255,-4.586315595690958,-5.234178244189664,-5.327338795700577,-4.549851125435981,-2.853802511571329,-3.157594665410104,-4.202241179140048,-3.9459630432272332,-4.489377730507516,,,False
P_E013_N225_L5,1,N225,E013,train,train,2013-05-16,2013-05-09,5,-4.691878083115075,-4.970813696674117,-5.047803534137055,0.2877987000639331,-0.003825842826948508,0.40672437923497723,-4.265303813976368,-4.746525407077392,-5.3131311856265775,-5.67286346477795,-5.101022264015337,-4.5056802076606255,-4.586315595690958,-5.234178244189664,-5.327338795700577,-4.549851125435981,-2.853802511571329,,,False
P_E013_N225_L10,1,N225,E013,train,train,2013-05-16,2013-04-30,10,-5.2717431753825235,-5.227140214881244,-4.864167355064663,0.05593939000175353,-0.06311250080914352,0.5410916141255684,-3.606177171877079,-5.903010641091629,-5.076223251316445,-4.562455141217222,-4.620501366630217,-4.691878083115075,-4.746525407077392,-5.3131311856265775,-5.67286346477795,-5.101022264015337,-4.5056802076606255,,,False
P_E014_HSI_L1,1,HSI,E014,train,train,2015-08-18,2015-08-17,1,-5.064004161035141,-4.86191344565613,-4.901376148171271,-0.24021652232158489,-0.001086135037103091,0.44091949580338663,-3.9250337334158707,-4.256972171788787,-4.463831496806676,-4.4969414208956575,-4.7973263326166435,-4.184301367996467,-3.5654946139746078,-4.039790213807073,-4.1737550585108485,-3.776494244641802,-4.5153143700175615,,,False
P_E014_HSI_L5,1,HSI,E014,train,train,2015-08-18,2015-08-11,5,-4.401990496506632,-4.909134789515345,-4.886419668629594,0.30789960346323375,0.0053674134254793,0.4085088909560325,-3.9250337334158707,-4.38975559786937,-4.985923480841306,-5.467893492028197,-5.064004161035141,-4.256972171788787,-4.463831496806676,-4.4969414208956575,-4.7973263326166435,-4.184301367996467,-3.5654946139746078,,,False
P_E014_HSI_L10,1,HSI,E014,train,train,2015-08-18,2015-08-04,10,-4.901925056897731,-4.962722818771665,-4.660735042372634,-0.00525338860322464,-0.052608220624073894,0.6052057911588998,-3.2178610119198625,-5.533485649201785,-5.280545817632132,-4.865111895846077,-4.464540088390101,-4.401990496506632,-4.38975559786937,-4.985923480841306,-5.467893492028197,-5.064004161035141,-4.256972171788787,,,False
P_E014_SPX_L1,1,SPX,E014,train,train,2015-08-20,2015-08-19,1,-4.907456919977506,-5.395426342638637,-5.227785151894353,0.08747537133843891,-0.0014223174880064002,0.3621973400315443,-4.535339005282639,-4.427817141028478,-3.965805858141595,-3.481313721937108,-3.669365595050194,-3.8102057320114566,-4.247169816582601,-5.196568302477162,-5.066344805554368,-3.8734786287390546,-4.59869861069379,,,False
P_E014_SPX_L5,1,SPX,E014,train,train,2015-08-20,2015-08-13,5,-5.466891470262868,-5.063010052855169,-5.329813736040772,0.041359870667261114,0.040244032331432505,0.41617861319230914,-4.535339005282639,-5.681662085554775,-4.995343764656925,-5.925777472741111,-4.907456919977506,-4.427817141028478,-3.965805858141595,-3.481313721937108,-3.669365595050194,-3.8102057320114566,-4.247169816582601,,,False
P_E014_SPX_L10,1,SPX,E014,train,train,2015-08-20,2015-08-06,10,-4.82984392220121,-5.314170401956777,-5.399202150982434,0.16098126841920127,0.012033938061786199,0.3811381919923912,-4.791002087219437,-5.459880771210021,-4.962959110060946,-4.889979907459372,-4.535339005282639,-5.466891470262868,-5.681662085554775,-4.995343764656925,-5.925777472741111,-4.907456919977506,-4.427817141028478,,,False
P_E014_FTSE_L1,1,FTSE,E014,train,train,2015-08-21,2015-08-20,1,-5.381683636129151,-5.047684395820909,-5.048598807033188,0.01586159620382613,-0.0009414028939252583,0.34689173051169253,-4.451710837667905,-4.060302826213228,-3.16641408673502,-3.8312155097769334,-4.23560716658464,-3.772891061134708,-4.678552549465283,-3.841970184675977,-4.280573889396043,-4.347927990093978,-4.194296532346859,,,False
P_E014_FTSE_L5,1,FTSE,E014,train,train,2015-08-21,2015-08-14,5,-5.227439481645843,-4.872370537833907,-5.093481896580331,-0.08476942685042531,0.006675674734513866,0.3716913931916214,-4.451710837667905,-4.93836746323122,-5.219668205871996,-4.471263192226334,-5.381683636129151,-4.060302826213228,-3.16641408673502,-3.8312155097769334,-4.23560716658464,-3.772891061134708,-4.678552549465283,,,False
P_E014_FTSE_L10,1,FTSE,E014,train,train,2015-08-21,2015-08-07,10,-5.733936756927808,-5.364027476067741,-5.237556799984327,-0.07800203853787503,0.005394433464837253,0.3636186189232453,-4.5705757238391,-4.736785785427457,-5.039764854180426,-4.451710837667905,-4.906151730247905,-5.227439481645843,-4.93836746323122,-5.219668205871996,-4.471263192226334,-5.381683636129151,-4.060302826213228,,,False
P_E014_N225_L1,1,N225,E014,train,train,2015-08-24,2015-08-21,1,-4.683009933097143,-5.14425579855469,-5.134711168591073,0.2433144684051943,0.009758269253016665,0.4328314386519004,-4.446276387933272,-3.8668901550573747,-3.3318249514201193,-3.721195371844403,-4.563896200261365,-4.688704978819045,-4.758151334800778,-3.9174151707241935,-3.903215375635762,-4.606394747064517,-3.748951831304346,,,False
P_E014_N225_L5,1,N225,E014,train,train,2015-08-24,2015-08-17,5,-5.592159277302281,-4.9765384624990885,-5.30306891841617,-0.32818816267366757,0.03491454289075588,0.5067725269554496,-4.446276387933272,-5.673047707702382,-4.714860362610934,-5.058201712060713,-4.683009933097143,-3.8668901550573747,-3.3318249514201193,-3.721195371844403,-4.563896200261365,-4.688704978819045,-4.758151334800778,,,False
P_E014_N225_L10,1,N225,E014,train,train,2015-08-24,2015-08-10,10,-5.131498729930945,-5.300980143025532,-5.517384036970816,0.10543838004352249,0.03420320849790539,0.4921751725544926,-4.559277511086195,-4.551185462094844,-4.446276387933272,-4.646860800909978,-5.646210384255071,-5.592159277302281,-5.673047707702382,-4.714860362610934,-5.058201712060713,-4.683009933097143,-3.8668901550573747,,,False
P_E015_N225_L1,1,N225,E015,test,test,2016-01-04,2015-12-30,1,-5.802099633543983,-5.262308901153556,-5.107062875883829,-0.17375625467060024,0.015925264663953807,0.5821053504221647,-3.5964141040950763,-4.02262997323711,-4.939027091391691,-4.318607832749209,-4.3031441274695865,-4.150072843954322,-4.381041451282396,-4.5692022723791235,-4.152743455015929,-3.9778043596914445,-4.3225663294084065,,,False
P_E015_N225_L5,1,N225,E015,test,test,2016-01-04,2015-12-24,5,-4.686671953712766,-4.719660785819855,-5.120692705478769,-0.09961092139543763,0.058291923459617,0.6101234482317578,-3.5964141040950763,-5.513558419009579,-5.288948893448315,-5.020265606053141,-5.802099633543983,-4.02262997323711,-4.939027091391691,-4.318607832749209,-4.3031441274695865,-4.150072843954322,-4.381041451282396,,,False
P_E015_N225_L10,1,N225,E015,test,test,2016-01-04,2015-12-16,10,-5.082818787526331,-4.966109538945337,-5.29738549256488,0.16417406116045816,0.03605978704836178,0.4811814088089842,-4.532551362082564,-5.179627813353285,-3.5964141040950763,-4.557155020607652,-5.57843503733049,-4.686671953712766,-5.513558419009579,-5.288948893448315,-5.020265606053141,-5.802099633543983,-4.02262997323711,,,False
P_E016_FTSE_L1,1,FTSE,E016,test,test,2016-01-14,2016-01-13,1,-4.7990313523339365,-4.546366178170438,-4.759187068390104,-0.145913484628556,0.0053073830141768304,0.5357503567350216,-3.983529748474605,-4.311125904920175,-4.076043775114228,-4.7275186767795985,-4.27270517608318,-3.7004316129903834,-4.356852452700785,-4.152675107522889,-4.789016476861902,-4.187365494936349,-4.41341068701618,,,False
P_E016_FTSE_L5,1,FTSE,E016,test,test,2016-01-14,2016-01-07,5,-3.983529748474605,-4.544686336257634,-4.780271874987264,0.2554502582393614,0.0021378210334727825,0.5582140215254732,-3.983529748474605,-4.588654454852034,-4.943829241772685,-4.41678609341893,-4.7990313523339365,-4.311125904920175,-4.076043775114228,-4.7275186767795985,-4.27270517608318,-3.7004316129903834,-4.356852452700785,,,False
P_E016_FTSE_L10,1,FTSE,E016,test,test,2016-01-14,2015-12-30,10,-5.284298503155834,-5.137753486840429,-4.896793521075686,-0.11643036179491113,-0.00925001220523526,0.530253340952516,-4.110461000149516,-5.438264451820636,-4.091641928111719,-4.76338680047104,-4.4466087524101665,-3.983529748474605,-4.588654454852034,-4.943829241772685,-4.41678609341893,-4.7990313523339365,-4.311125904920175,,,False
P_E017_SPX_L1,1,SPX,E017,test,test,2018-12-04,2018-12-03,1,-5.154123212157566,-4.937597563542913,-4.924996426754289,-0.08377254333455798,-0.0023986338821742345,0.41092706747202223,-4.243305971129592,-3.9402605090341107,-4.08306172689751,-3.9507335741665437,-4.2157526950339435,-4.4201162298701755,-4.83842667361128,-4.899518996688355,-4.659514790314818,-4.102978390774241,-4.541376947591238,,,False
P_E017_SPX_L5,1,SPX,E017,test,test,2018-12-04,2018-11-27,5,-5.117006401137031,-5.203996967990709,-4.885811061345608,-0.05674016334226966,-0.01353374245557959,0.4114847709034858,-4.243305971129592,-4.328108266329656,-4.997149860456147,-5.0916000776341654,-5.154123212157566,-3.9402605090341107,-4.08306172689751,-3.9507335741665437,-4.2157526950339435,-4.4201162298701755,-4.83842667361128,,,False
P_E017_SPX_L10,1,SPX,E017,test,test,2018-12-04,2018-11-19,10,-4.460913386718714,-4.526382116065397,-4.614112219722898,-0.0006126329677934082,-0.025013499107019953,0.4652677873995818,-3.75630374322832,-4.756891020012085,-5.355842838267356,-5.587230871096912,-5.203013709440161,-5.117006401137031,-4.328108266329656,-4.997149860456147,-5.0916000776341654,-5.154123212157566,-3.9402605090341107,,,False
P_E018_FTSE_L1,1,FTSE,E018,test,test,2020-02-24,2020-02-21,1,-5.228899724606994,-5.3334631834291555,-5.0957125257155,0.0362029549541274,-0.034226353236221904,0.43720658653421224,-4.167612835265096,-3.731729364844993,-4.113710606687689,-4.205330596135612,-3.602457666062162,-3.4907076110333546,-3.6781258939028505,-4.072894945648082,-4.281208405933184,-4.182250847819402,-3.6866849639184838,,,False
P_E018_FTSE_L5,1,FTSE,E018,test,test,2020-02-24,2020-02-17,5,-5.7139352719074425,-5.2100523790217075,-5.034002838829412,-0.10320601968992273,-0.030417546783016083,0.43657619251429997,-4.167612835265096,-5.038189891461482,-5.040059592648761,-5.646231436521099,-5.228899724606994,-3.731729364844993,-4.113710606687689,-4.205330596135612,-3.602457666062162,-3.4907076110333546,-3.6781258939028505,,,False
P_E018_FTSE_L10,1,FTSE,E018,test,test,2020-02-24,2020-02-10,10,-5.765783848292849,-5.193441282593221,-5.101996180918193,-0.2670405265200984,0.013152324381708822,0.4605980839356033,-4.167612835265096,-5.016229819304793,-5.551205137414658,-4.581037237373069,-5.187854429108578,-5.7139352719074425,-5.038189891461482,-5.040059592648761,-5.646231436521099,-5.228899724606994,-3.731729364844993,,,False
P_E018_OMXSPI_L1,1,OMXSPI,E018,test,test,2020-02-24,2020-02-21,1,-5.0461937084201445,-5.424165374678138,-5.217015744651237,0.09867182712701549,-0.03448632452961549,0.4030002285083027,-4.602257344089262,-3.879012744677117,-4.165625504787186,-3.5793997951809384,-3.7967688426398314,-4.2581167762451875,-3.6933488561971606,-4.408585525674976,-4.396340488844781,-3.9341901252008893,-4.259871092994016,,,False
P_E018_OMXSPI_L5,1,OMXSPI,E018,test,test,2020-02-24,2020-02-17,5,-5.876844240516547,-5.55115824777482,-5.1786887225380065,-0.17002552340078989,-0.03219344194859353,0.37808802822292936,-4.602257344089262,-5.154797259454844,-5.213611612621661,-5.829380052377491,-5.0461937084201445,-3.879012744677117,-4.165625504787186,-3.5793997951809384,-3.7967688426398314,-4.2581167762451875,-3.6933488561971606,,,False
P_E018_OMXSPI_L10,1,OMXSPI,E018,test,test,2020-02-24,2020-02-10,10,-5.431693900071406,-5.013805938118153,-5.117536945360877,-0.2539537252691834,0.010834795709883277,0.3263213210227919,-4.602257344089262,-5.252129319717141,-5.51077606126938,-5.154440163692569,-5.961601453678461,-5.876844240516547,-5.154797259454844,-5.213611612621661,-5.829380052377491,-5.0461937084201445,-3.879012744677117,,,False
P_E018_GDAXI_L1,1,GDAXI,E018,test,test,2020-02-25,2020-02-24,1,-4.451876032500379,-5.18086002328017,-5.306772687828671,0.35342066126327204,-0.010851547196076644,0.5415161690530729,-4.428179495192006,-4.11154885749712,-3.7757878383792858,-3.9900806557860546,-4.240677389873579,-3.6832469109538954,-4.006842648941498,-4.307306019536958,-4.010568355028796,-4.092753214873367,-3.7112806417220257,,,False
P_E018_GDAXI_L5,1,GDAXI,E018,test,test,2020-02-25,2020-02-18,5,-5.772907292433503,-5.672767943321377,-5.330621337652948,-0.21124218233403752,-0.04037355207296401,0.5071852459535394,-4.428179495192006,-5.679148757150353,-5.213363369932741,-4.787004664383876,-4.451876032500379,-4.11154885749712,-3.7757878383792858,-3.9900806557860546,-4.240677389873579,-3.6832469109538954,-4.006842648941498,,,False
P_E018_GDAXI_L10,1,GDAXI,E018,test,test,2020-02-25,2020-02-11,10,-5.32393606363665,-5.404899953168043,-5.3184779403886004,-0.20478295579232686,0.012205404233301739,0.45735566983543,-4.428179495192006,-5.424997006928567,-4.905434965452169,-5.938464234009974,-6.32203621778267,-5.772907292433503,-5.679148757150353,-5.213363369932741,-4.787004664383876,-4.451876032500379,-4.11154885749712,,,False
P_E018_SPX_L1,1,SPX,E018,test,test,2020-02-25,2020-02-24,1,-4.782136068156626,-5.260998251107436,-5.364589139241537,0.2568076722817917,-0.011606763612942514,0.4708664260373095,-4.38145739351813,-3.7215496490111417,-4.2660953361920315,-3.7436409873419305,-3.8416931457882293,-3.5400407245125076,-3.459008912607442,-3.972886686906581,-4.108545529486367,-4.061807778974295,-3.583415124945095,,,False
P_E018_SPX_L5,1,SPX,E018,test,test,2020-02-25,2020-02-18,5,-5.66589024752662,-5.744806636036981,-5.425175094039767,-0.011958238606475125,-0.020655072857714365,0.46606192208091834,-4.38145739351813,-5.950178406487906,-4.75717649095605,-5.149610042409979,-4.782136068156626,-3.7215496490111417,-4.2660953361920315,-3.7436409873419305,-3.8416931457882293,-3.5400407245125076,-3.459008912607442,,,False
P_E018_SPX_L10,1,SPX,E018,test,test,2020-02-25,2020-02-10,10,-5.081444836602251,-5.50933625764956,-5.453413454264792,0.030388035786698752,0.03189262810459927,0.4794050778403634,-4.38145739351813,-5.49925140026287,-6.170363354038783,-5.4318601327805975,-5.956668045576036,-5.66589024752662,-5.950178406487906,-4.75717649095605,-5.149610042409979,-4.782136068156626,-3.7215496490111417,,,False
P_E018_FCHI_L1,1,FCHI,E018,test,test,2020-02-25,2020-02-24,1,-4.394867321702861,-5.155753357560056,-5.277885901782386,0.2924899208005961,-0.016278615271252017,0.47132072862973307,-4.394867321702861,-4.105699439675567,-3.9438722251440606,-3.865843710311706,-4.098861158029141,-3.6389913521093162,-4.1869618636568795,-4.196747582998455,-4.000671367684308,-3.951322469851881,-3.8330989395645125,,,False
P_E018_FCHI_L5,1,FCHI,E018,test,test,2020-02-25,2020-02-18,5,-5.541487535255967,-5.5840044545435195,-5.274036367333053,-0.11861042863727422,-0.04576833601581649,0.4410052022001023,-4.622833620945645,-5.567494052082774,-5.339082607575666,-4.935835271183013,-4.394867321702861,-4.105699439675567,-3.9438722251440606,-3.865843710311706,-4.098861158029141,-3.6389913521093162,-4.1869618636568795,,,False
P_E018_FCHI_L10,1,FCHI,E018,test,test,2020-02-25,2020-02-11,10,-5.878574119488554,-5.490051853583745,-5.2715527739906936,-0.2940789028195351,0.0019556685668854342,0.4209303175344564,-4.622833620945645,-5.491340848624315,-4.971674669896678,-5.858033635934523,-6.057485583006117,-5.541487535255967,-5.567494052082774,-5.339082607575666,-4.935835271183013,-4.394867321702861,-4.105699439675567,,,False
P_E018_N225_L1,1,N225,E018,test,test,2020-02-25,2020-02-21,1,-5.225780211739426,-5.020734917404266,-5.2428745386114155,0.018554890880257253,0.015106356513091647,0.3876612433262833,-4.504152729620399,-4.115768113320249,-4.725402220274346,-4.452249344124677,-4.056336611091325,-3.8404219626464964,-4.024173572647331,-4.514378381464497,-5.288831197971,-4.3511573334927265,-3.634549459044094,,,False
P_E018_N225_L5,1,N225,E018,test,test,2020-02-25,2020-02-17,5,-5.15197471889602,-5.495572749749785,-5.38751423799119,0.03713105534567172,0.021713681099167104,0.4880527084836013,-4.504152729620399,-4.972189892938621,-5.114699764998031,-4.639029998449232,-5.225780211739426,-4.115768113320249,-4.725402220274346,-4.452249344124677,-4.056336611091325,-3.8404219626464964,-4.024173572647331,,,False
P_E018_N225_L10,1,N225,E018,test,test,2020-02-25,2020-02-07,10,-5.3743866336870445,-5.095119879052386,-5.496224856421177,-0.037236072414125736,0.06025231820849362,0.5504205163883594,-4.504152729620399,-5.4681517767604895,-5.416018051557436,-5.764657587705318,-5.677061613829657,-5.15197471889602,-4.972189892938621,-5.114699764998031,-4.639029998449232,-5.225780211739426,-4.115768113320249,,,False
P_E018_KS11_L1,1,KS11,E018,test,test,2020-02-28,2020-02-27,1,-4.553412308515412,-4.672969250488572,-4.745867962058993,0.06272948118430652,-0.005446045145059602,0.2858411650272468,-4.304092648224945,-4.197878336934642,-4.241781975544843,-4.377388271170776,-4.071284485635674,-4.77697217289152,-4.7184163183525225,-4.342872124404215,-4.576139850788523,-3.8362848618982017,-3.5492827788237054,,,False
P_E018_KS11_L5,1,KS11,E018,test,test,2020-02-28,2020-02-21,5,-5.009163152647641,-4.85716604200389,-4.796277607556628,0.08675307989711238,-0.009956753422985838,0.3201987813834903,-4.304092648224945,-4.445031320847586,-4.628001273163242,-4.729238197268978,-4.553412308515412,-4.197878336934642,-4.241781975544843,-4.377388271170776,-4.071284485635674,-4.77697217289152,-4.7184163183525225,,,False
P_E018_KS11_L10,1,KS11,E018,test,test,2020-02-28,2020-02-14,10,-4.834858608563111,-4.986760811826909,-4.833374327739781,0.059761207209371774,0.0076365915896099805,0.3217817496470126,-4.304092648224945,-5.239007795877636,-4.892567010315943,-4.6603667533734185,-4.484725497804808,-5.009163152647641,-4.445031320847586,-4.628001273163242,-4.729238197268978,-4.553412308515412,-4.197878336934642,,,False
P_E019_HSI_L1,1,HSI,E019,test,test,2020-03-10,2020-03-09,1,-4.720571903065441,-4.800614649397615,-5.0017115037552315,0.05392995580620083,0.0254169436838336,0.21830720173693952,-4.5021873608627505,-4.251235334685848,-4.783055178390592,-4.320619379222537,-3.15022389591336,-3.8921698071665234,-3.9689316102361745,-3.4070188735826394,-3.37370180028308,-4.041237311733314,-4.499069902114872,,,False
P_E019_HSI_L5,1,HSI,E019,test,test,2020-03-10,2020-03-03,5,-5.005459869911781,-4.9076458887886965,-5.053812765939347,-0.03432561376124619,0.00655655727572619,0.24762882844325984,-4.364349675226655,-4.8721888687587205,-4.5021873608627505,-4.902665244389383,-4.720571903065441,-4.251235334685848,-4.783055178390592,-4.320619379222537,-3.15022389591336,-3.8921698071665234,-3.9689316102361745,,,False
P_E019_HSI_L10,1,HSI,E019,test,test,2020-03-10,2020-02-25,10,-5.196259120208184,-5.113378487104785,-5.013542447573068,-0.020859590142267927,-0.024993044101529253,0.36576091950851597,-4.013222123358882,-5.008698384445611,-4.6369872810161,-4.900363460873773,-4.986720447696216,-5.005459869911781,-4.8721888687587205,-4.5021873608627505,-4.902665244389383,-4.720571903065441,-4.251235334685848,,,False
P_E020_KS11_L1,1,KS11,E020,test,test,2020-05-28,2020-05-27,1,-4.964379350925891,-4.88657985445109,-4.8921205208079055,0.10588782882114584,-0.00897925128476459,0.34427041487562016,-4.303941997282663,-4.19789779178087,-4.647947226702911,-4.742885429462507,-4.7364271200758905,-4.285759958302683,-4.252096039528762,-4.295719624098547,-4.460687029622041,-4.368981254648131,-5.085086258175271,,,False
P_E020_KS11_L5,1,KS11,E020,test,test,2020-05-28,2020-05-21,5,-5.629546291945285,-5.187585568067687,-4.830330131258885,-0.1694676201499643,-0.047818177341059635,0.41956467037479467,-4.006434074879655,-4.382077839013866,-4.803362357529208,-4.653533432841194,-4.964379350925891,-4.19789779178087,-4.647947226702911,-4.742885429462507,-4.7364271200758905,-4.285759958302683,-4.252096039528762,,,False
P_E020_KS11_L10,1,KS11,E020,test,test,2020-05-28,2020-05-14,10,-5.184211501627085,-4.847380483948429,-4.688852880739202,0.09370780244796134,-0.02288129270572832,0.3371870242792082,-4.006434074879655,-4.839063455441838,-4.9883897830073884,-5.378827998443781,-5.102100311500137,-5.629546291945285,-4.382077839013866,-4.803362357529208,-4.653533432841194,-4.964379350925891,-4.19789779178087,,,False
P_E021_KS11_L1,1,KS11,E021,test,test,2020-12-23,2020-12-22,1,-4.727381552734487,-5.122641061334379,-4.909498864124716,0.15525188430087197,-0.015862048780921737,0.36633673514735815,-4.303047726557379,-4.46003946766107,-4.539537683679111,-4.897127388906255,-5.003848293696415,-4.230655830523575,-4.135617983159399,-4.2713215180749105,-4.327836707740273,-4.210992777096876,-3.7533273892247685,,,False
P_E021_KS11_L5,1,KS11,E021,test,test,2020-12-23,2020-12-16,5,-5.462446118016288,-5.041026816439089,-4.925083111890882,-0.15132242964471787,0.0033828077559886795,0.399197311614646,-4.303047726557379,-5.015538702394718,-5.474689943576804,-4.933148989949599,-4.727381552734487,-4.46003946766107,-4.539537683679111,-4.897127388906255,-5.003848293696415,-4.230655830523575,-4.135617983159399,,,False
P_E021_KS11_L10,1,KS11,E021,test,test,2020-12-23,2020-12-09,10,-4.467184244064372,-4.753830649201051,-4.936825748547369,0.1790605240161753,0.02427093218545472,0.40690082086710155,-4.303047726557379,-4.581310385363901,-5.144236141288033,-5.1219524650967925,-4.895188972430433,-5.462446118016288,-5.015538702394718,-5.474689943576804,-4.933148989949599,-4.727381552734487,-4.46003946766107,,,False
P_E022_HSI_L1,1,HSI,E022,test,test,2021-02-17,2021-02-16,1,-5.149492407232705,-5.015123811467068,-4.714573263000073,-0.04607969990987443,-0.02692021211824757,0.3412561415259091,-4.183360473809831,-4.346739795850764,-4.429568349044564,-4.401951605085124,-4.191052281837606,-4.124713362115486,-3.6850835043721197,-4.3937339029267575,-4.398484457584847,-4.92622410402337,-4.101905484618234,,,False
P_E022_HSI_L5,1,HSI,E022,test,test,2021-02-17,2021-02-08,5,-4.7799244866041715,-4.834286842932052,-4.692072854165633,0.04386313457918689,0.009885938803175578,0.34192870700820294,-4.183360473809831,-5.223717780335938,-4.977105444984916,-4.945378938177609,-5.149492407232705,-4.346739795850764,-4.429568349044564,-4.401951605085124,-4.191052281837606,-4.124713362115486,-3.6850835043721197,,,False
P_E022_HSI_L10,1,HSI,E022,test,test,2021-02-17,2021-02-01,10,-4.376117879097282,-4.37164137844835,-4.679214818388396,0.05091035839637851,0.02666421005998154,0.32371126158556274,-4.183360473809831,-5.05364527666326,-4.946213700971918,-4.336626815122682,-5.055023935298225,-4.7799244866041715,-5.223717780335938,-4.977105444984916,-4.945378938177609,-5.149492407232705,-4.346739795850764,,,False
P_E023_HSI_L1,1,HSI,E023,test,test,2021-09-14,2021-09-13,1,-4.909315062544629,-4.768986054951826,-4.638170745961684,-0.015514316968736393,-0.023854817383168303,0.3053659067122587,-4.011905751963016,-4.4024413024108835,-4.601961714285832,-4.335258206239434,-4.4166954642652385,-3.961674228766185,-4.355759889331538,-4.377363787540606,-4.317660504790399,-4.675151137490321,-4.5131081977006735,,,False
P_E023_HSI_L5,1,HSI,E023,test,test,2021-09-14,2021-09-07,5,-4.907956289377475,-4.857893102751042,-4.6562595056483795,-0.06016110729205535,-0.006960958964057081,0.3057844236780821,-4.011905751963016,-4.710048111884189,-4.4551370757155935,-4.862473735237246,-4.909315062544629,-4.4024413024108835,-4.601961714285832,-4.335258206239434,-4.4166954642652385,-3.961674228766185,-4.355759889331538,,,False
P_E023_HSI_L10,1,HSI,E023,test,test,2021-09-14,2021-08-31,10,-4.011905751963016,-4.548317240894385,-4.576619592263374,0.09513300798657585,0.0058548442754143455,0.30695939303104475,-4.011905751963016,-4.66091729570002,-4.7124470140599595,-5.188164814992164,-4.819980099625597,-4.907956289377475,-4.710048111884189,-4.4551370757155935,-4.862473735237246,-4.909315062544629,-4.4024413024108835,,,False
P_E024_SPX_L1,1,SPX,E024,test,test,2022-01-10,2022-01-07,1,-5.150759491140163,-5.008822784310608,-5.091149724807116,0.05747439378167381,-0.020518530992509124,0.42649390643838525,-4.33815599058286,-4.441219790142651,-4.631220345668061,-5.23057033020365,-4.422990249472552,-5.032743338823767,-4.792118945504506,-4.538563421521097,-4.10894623237829,-4.312432247366923,-3.6091145837030605,,,False
P_E024_SPX_L5,1,SPX,E024,test,test,2022-01-10,2022-01-03,5,-5.331659390958707,-5.630323773799849,-5.1364193311605515,0.05103969784231657,-0.03151124251498406,0.4350628024032765,-4.33815599058286,-5.193401184237421,-4.387836809158981,-4.980457046057768,-5.150759491140163,-4.441219790142651,-4.631220345668061,-5.23057033020365,-4.422990249472552,-5.032743338823767,-4.792118945504506,,,False
P_E024_SPX_L10,1,SPX,E024,test,test,2022-01-10,2021-12-27,10,-4.926672037932553,-4.9840743771722185,-4.838326784199124,-0.0699525918030552,-0.0224927969712322,0.4298682099478576,-3.97908028608965,-5.689814600526976,-5.727070306151715,-5.4700908244967605,-5.932983746865084,-5.331659390958707,-5.193401184237421,-4.387836809158981,-4.980457046057768,-5.150759491140163,-4.441219790142651,,,False
P_E025_OMXSPI_L1,1,OMXSPI,E025,test,test,2022-02-15,2022-02-14,1,-4.516413933857264,-4.668463071363415,-4.60544330881916,-0.03325434969819569,-0.026340264149306312,0.4630199732207104,-3.5795229078980846,-4.1893510691995814,-4.724500445075385,-4.165276342884695,-4.346707758191573,-3.874305475665391,-3.643905048881517,-4.265535356710238,-3.9670135060095566,-4.024975592562028,-4.1508358185524825,,,False
P_E025_OMXSPI_L5,1,OMXSPI,E025,test,test,2022-02-15,2022-02-08,5,-4.705958863475682,-4.817811944446564,-4.644101121827396,0.1920064617834373,-0.010276473495735893,0.4623235673637767,-3.5795229078980846,-4.421869706389307,-4.5645697904867255,-5.1335030626080975,-4.516413933857264,-4.1893510691995814,-4.724500445075385,-4.165276342884695,-4.346707758191573,-3.874305475665391,-3.643905048881517,,,False
P_E025_OMXSPI_L10,1,OMXSPI,E025,test,test,2022-02-15,2022-02-01,10,-5.232520596905447,-4.730399271449803,-4.641335092028174,-0.1967406869382594,0.015872323785276195,0.4985357675813783,-3.5795229078980846,-5.869123631862278,-4.457088913201233,-4.193534481553578,-4.86335383214005,-4.705958863475682,-4.421869706389307,-4.5645697904867255,-5.1335030626080975,-4.516413933857264,-4.1893510691995814,,,False
P_E025_FCHI_L1,1,FCHI,E025,test,test,2022-02-15,2022-02-14,1,-4.566425651416398,-4.862697834131726,-4.693691066414695,0.08597188023106149,-0.013753228593293964,0.45936823603647037,-3.5929222032655264,-4.276365802214539,-4.747358736854108,-4.645054618515876,-4.745245440173674,-3.8522216893353316,-4.021324767886637,-4.424090949616714,-4.077196879598619,-3.8252654137035416,-4.178491110171854,,,False
P_E025_FCHI_L5,1,FCHI,E025,test,test,2022-02-15,2022-02-08,5,-4.852995503066538,-4.8313066843253925,-4.777237242800158,0.1325124634926911,0.025490467788419003,0.5037712386890744,-3.5929222032655264,-5.286187084506991,-4.608272946172053,-4.999607985496649,-4.566425651416398,-4.276365802214539,-4.747358736854108,-4.645054618515876,-4.745245440173674,-3.8522216893353316,-4.021324767886637,,,False
P_E025_FCHI_L10,1,FCHI,E025,test,test,2022-02-15,2022-02-01,10,-5.134845623428634,-4.514817678087341,-4.804551072199102,-0.16992425551299448,0.03868295101223566,0.4749534979787763,-3.5929222032655264,-5.662534566297926,-4.503291547069066,-4.3404667665885,-4.7972450386049275,-4.852995503066538,-5.286187084506991,-4.608272946172053,-4.999607985496649,-4.566425651416398,-4.276365802214539,,,False
P_E025_GDAXI_L1,1,GDAXI,E025,test,test,2022-02-21,2022-02-18,1,-4.3417702658282735,-4.500596113556659,-4.647568224300092,-0.02920786316260826,-0.010775174572674875,0.3795962370065642,-3.690210119005766,-3.7651835793260116,-4.0460998754664175,-4.356678349678948,-4.03076118841693,-3.7866362782697633,-4.077338626687765,-3.7706172973277874,-4.041636763577105,-4.085678939945145,-3.8588565770670185,,,False
P_E025_GDAXI_L5,1,GDAXI,E025,test,test,2022-02-21,2022-02-14,5,-4.400460746265276,-4.822899557444677,-4.701109284807199,0.13288170174404312,-0.011799983301236175,0.3779853951519638,-3.690210119005766,-4.2835849980798,-4.784119967030058,-4.693044590579883,-4.3417702658282735,-3.7651835793260116,-4.0460998754664175,-4.356678349678948,-4.03076118841693,-3.7866362782697633,-4.077338626687765,,,False
P_E025_GDAXI_L10,1,GDAXI,E025,test,test,2022-02-21,2022-02-07,10,-4.948275730268309,-4.865991626474437,-4.872114548976189,0.14457055795561125,0.04233411553916539,0.5343291992946747,-3.690210119005766,-4.953606568826053,-5.063694229562052,-4.85556738532683,-4.841168857243173,-4.400460746265276,-4.2835849980798,-4.784119967030058,-4.693044590579883,-4.3417702658282735,-3.7651835793260116,,,False
P_E026_HSI_L1,1,HSI,E026,test,test,2022-03-07,2022-03-04,1,-5.31831957688787,-4.891794849632323,-4.871122848753077,-0.23314184791468257,0.007706706663155576,0.37335577473931003,-4.1765291427792475,-4.249503944171734,-3.9615738261315054,-3.688118790067917,-4.454496837139957,-3.883837968250574,-3.7354124634103605,-3.2981691809717386,-3.0424747717120693,-3.8972661241704043,-3.8910299767846865,,,False
P_E026_HSI_L5,1,HSI,E026,test,test,2022-03-07,2022-02-28,5,-4.514960776712439,-4.587395013035094,-4.783762633644761,0.012049719622296815,0.0032653469646892934,0.35059845150335106,-4.1765291427792475,-4.696888116580096,-4.5072167826051555,-5.421588995376054,-5.31831957688787,-4.249503944171734,-3.9615738261315054,-3.688118790067917,-4.454496837139957,-3.883837968250574,-3.7354124634103605,,,False
P_E026_HSI_L10,1,HSI,E026,test,test,2022-03-07,2022-02-21,10,-5.152396522340981,-4.915485450064422,-4.824123546261485,0.01804884844532657,-0.018795129476157545,0.3599413470230416,-4.041929253863273,-4.4105846923022165,-5.082074909212493,-4.1765291427792475,-4.752825544169076,-4.514960776712439,-4.696888116580096,-4.5072167826051555,-5.421588995376054,-5.31831957688787,-4.249503944171734,,,False
P_E027_SPX_L1,1,SPX,E027,test,test,2022-04-21,2022-04-20,1,-5.237637976982173,-4.883151956086172,-4.907547586834914,-0.07534007374627393,0.011291114645382301,0.257817337668011,-4.409121714496037,-4.054494126290349,-4.109931992646611,-4.2774954487220676,-4.2232925407761135,-4.498861658357081,-4.078164489028497,-3.8724226231894883,-4.156881407030391,-4.875739926217128,-3.7919943495328163,,,False
P_E027_SPX_L5,1,SPX,E027,test,test,2022-04-21,2022-04-13,5,-4.790044387150298,-4.767259289377861,-4.873873686782956,0.04230879583860924,0.0027253370690873326,0.23649515032447221,-4.409121714496037,-4.660977751192979,-5.20790835611345,-4.519191308991959,-5.237637976982173,-4.054494126290349,-4.109931992646611,-4.2774954487220676,-4.2232925407761135,-4.498861658357081,-4.078164489028497,,,False
P_E027_SPX_L10,1,SPX,E027,test,test,2022-04-21,2022-04-06,10,-4.929454387957539,-4.899279482338667,-4.791907398366119,0.009297058174543321,-0.030785898782951897,0.3026889672483393,-4.2054877545233715,-4.657820351487158,-5.096657744208411,-4.8826522495474025,-4.409121714496037,-4.790044387150298,-4.660977751192979,-5.20790835611345,-4.519191308991959,-5.237637976982173,-4.054494126290349,,,False
N_P_E001_SPX_L1_1,0,SPX,E001,train,train,2007-07-24,2012-12-13,1,-5.0391146399403635,-5.371872022226533,-5.25177906739029,0.1631317282280852,-0.018612185549335077,0.4480340830478874,-4.438685093732763,-5.741049934344634,-4.928940763821806,-4.917831659678033,-5.30278398944201,-5.394149038706041,-4.728686332019078,-6.070574621415881,-5.20617383566054,-4.718324717352102,-4.956539011834922,P_E001_SPX_L1,0.4154181739452325,True
N_P_E001_SPX_L1_2,0,SPX,E001,train,train,2007-07-24,2010-11-11,1,-5.21398244618866,-5.25149971485896,-5.126935756915215,0.17078427086397846,-0.007721542094340642,0.43105296696734774,-4.47649354093588,-4.8033584230650845,-5.271667718375057,-4.504976469617916,-5.5364924164545215,-4.787497611976515,-5.241310492310944,-4.928618542514798,-4.8398586544215005,-4.889857952261335,-5.613815075251476,P_E001_SPX_L1,0.518540483393635,False
N_P_E001_SPX_L1_3,0,SPX,E001,train,train,2007-07-24,2014-05-07,1,-5.096664703111424,-5.336612180723203,-5.2935297146128395,0.14195987880950692,-0.024379477634010775,0.44716669141402443,-4.304166516248413,-5.103184115431867,-5.598389360078345,-5.214385927738219,-6.249106351673347,-5.624888310663786,-4.79600304971748,-5.444686329268345,-5.439895001070512,-5.229251971035389,-5.311225090969432,P_E001_SPX_L1,0.5671533692563843,False
N_P_E003_SPX_L1_1,0,SPX,E003,train,train,2008-01-02,2012-11-27,1,-5.360548829754923,-5.37945067286374,-5.006337188891765,0.052360005687366595,-0.017269627060544298,0.47049836452112304,-4.067769978206964,-4.5385049810699,-5.397827048984151,-5.786707449194194,-5.039649273576872,-5.509854361201496,-4.906579399564262,-5.679252031368883,-5.5202539110578455,-5.975583705568358,-5.017862889043629,P_E003_SPX_L1,0.6998315312169089,False
N_P_E003_SPX_L1_2,0,SPX,E003,train,train,2008-01-02,2012-11-29,1,-5.397827048984151,-5.094059801196009,-4.985721915740887,-0.030413684048648887,-0.022382140394766388,0.48721871896276336,-4.067769978206964,-5.786707449194194,-5.039649273576872,-5.509854361201496,-4.906579399564262,-5.679252031368883,-5.5202539110578455,-5.975583705568358,-5.017862889043629,-5.306544965522468,-5.0391146399403635,P_E003_SPX_L1,0.8074579205660932,False
N_P_E003_SPX_L1_3,0,SPX,E003,train,train,2008-01-02,2013-01-10,1,-5.377597530722625,-5.54637033186002,-5.207297280119616,0.01968516961607501,-0.009590673531486953,0.47118111143905017,-4.195061747810091,-6.160146919572412,-5.952109457290055,-5.545366625788705,-5.953408935955184,-5.280809435593091,-5.490846493723949,-5.380694258787325,-5.989065780844255,-5.270118406852281,-5.689485952193329,P_E003_SPX_L1,0.9595590476041524,False
N_P_E004_SPX_L1_1,0,SPX,E004,train,train,2008-06-26,2010-08-24,1,-4.666537688479991,-4.757417472067699,-4.892909626226337,-9.52288118632981e-06,0.007020202643554794,0.3955160824403315,-4.171096574761058,-4.49305570382336,-4.693964564967827,-4.229652035290227,-4.724767548928107,-4.807065283178359,-4.028502338391681,-5.226288813679631,-5.070883448506876,-5.072112416196985,-5.122192280962215,P_E004_SPX_L1,0.38933858950654815,True
N_P_E004_SPX_L1_2,0,SPX,E004,train,train,2008-06-26,2012-11-19,1,-4.438685093732763,-4.742718030755698,-4.878944321023418,0.050552447333011105,0.007711163790898993,0.38837579841033154,-4.067769978206964,-5.198225381781234,-6.165061006611474,-4.856604092380644,-5.316814053790427,-5.360548829754923,-4.5385049810699,-5.397827048984151,-5.786707449194194,-5.039649273576872,-5.509854361201496,P_E004_SPX_L1,0.48016086527347246,False
N_P_E004_SPX_L1_3,0,SPX,E004,train,train,2008-06-26,2010-08-25,1,-4.49305570382336,-4.682714188301102,-4.863847085053257,0.02011643559108695,0.009868239939363373,0.4027740750730865,-4.171096574761058,-4.693964564967827,-4.229652035290227,-4.724767548928107,-4.807065283178359,-4.028502338391681,-5.226288813679631,-5.070883448506876,-5.072112416196985,-5.122192280962215,-5.307658188438523,P_E004_SPX_L1,0.5076027848207156,False
N_P_E010_SPX_L1_1,0,SPX,E010,train,train,2010-05-04,2011-03-11,1,-4.885288498738053,-4.816618123639636,-5.084015878824067,-0.057743333957294835,0.045865371413075194,0.4944889169266876,-4.419333715497371,-4.979225611013045,-4.35203829523798,-4.1912981409885735,-4.807869498214903,-5.124870524002427,-4.732386305844738,-5.782328838451491,-4.873107384270036,-5.073417637670619,-5.490671580572996,P_E010_SPX_L1,0.6393344564058048,False
N_P_E010_SPX_L1_2,0,SPX,E010,train,train,2010-05-04,2011-03-10,1,-4.615281634471355,-4.79544453801307,-5.104334900213808,-0.04458173203465237,0.045694042785001,0.494242453517737,-4.419333715497371,-4.885288498738053,-4.979225611013045,-4.35203829523798,-4.1912981409885735,-4.807869498214903,-5.124870524002427,-4.732386305844738,-5.782328838451491,-4.873107384270036,-5.073417637670619,P_E010_SPX_L1,0.6818113627347787,False
N_P_E010_SPX_L1_3,0,SPX,E010,train,train,2010-05-04,2014-02-06,1,-4.937098522646964,-4.88029592341491,-5.1793530428916705,-0.09480782969772435,0.037595459399139025,0.5052774732588663,-4.17374665979134,-4.906231642774487,-5.910044368339143,-4.87091935445222,-5.658206329857502,-4.970375765830281,-5.247600052862025,-5.965047189069808,-5.004990208765799,-5.121994490345249,-5.673650516281798,P_E010_SPX_L1,0.6858792990470188,False
N_P_E011_SPX_L1_1,0,SPX,E011,train,train,2011-07-27,2015-04-07,1,-5.533304454027158,-5.2406323887818855,-5.16817143150384,0.001409988283121189,-0.011764938166656788,0.4332623613229302,-4.3315681662405945,-5.5554998759297485,-5.2063411493782725,-5.751234919975584,-5.430414982642701,-5.422182469516703,-5.516428271229461,-5.739241318912136,-4.745410751776494,-5.169530634802787,-5.435300611228366,P_E011_SPX_L1,0.436924472596913,False
N_P_E011_SPX_L1_2,0,SPX,E011,train,train,2011-07-27,2007-04-02,1,-5.55848434905241,-5.185183034974167,-5.127843718892331,-0.017141594194224622,-0.019665066235107494,0.43006765517454404,-4.397725428989754,-4.985835422122856,-6.155322665587473,-5.677471533128826,-6.21345786110853,-6.230658023950157,-5.279148981504538,-5.136067270985441,-5.595490866455484,-5.037829269399832,-5.829335450857889,P_E011_SPX_L1,0.5279188762960952,False
N_P_E011_SPX_L1_3,0,SPX,E011,train,train,2011-07-27,2009-12-16,1,-5.413664844457661,-5.479042689752552,-5.10972611651418,0.0354662135206156,-0.019503073770229126,0.39914275329105936,-4.401617633173887,-5.164497615213854,-5.22338089653799,-5.008067447187438,-5.777701918802983,-5.810702894054573,-5.8479431242817705,-5.609989227844564,-6.079679799062265,-6.035075510384544,-4.980270746515299,P_E011_SPX_L1,0.5443184764379955,False
N_P_E014_SPX_L1_1,0,SPX,E014,train,train,2015-08-20,2015-04-17,1,-4.745410751776494,-5.370735558815499,-5.308525911077586,0.10529496123369766,-0.010340220470426409,0.37568764446468356,-4.555603756208051,-5.169530634802787,-5.435300611228366,-5.2190738186035865,-5.314493510825013,-6.0732484775655005,-5.229290538613296,-5.108184588035795,-5.374730923841642,-4.825837567366779,-5.11262209656353,P_E014_SPX_L1,0.4906166726351554,False
N_P_E014_SPX_L1_2,0,SPX,E014,train,train,2015-08-20,2012-02-15,1,-5.003800074433541,-5.257221361279518,-5.246882754405645,0.06031019068197625,0.003919224276276159,0.3729739800169739,-4.6660066899456965,-4.838626534218789,-5.90728747906364,-5.460324368969607,-5.754571778032017,-5.242276258280419,-6.032221722196842,-4.893247473501664,-5.769203636758122,-5.0777703030876085,-5.40398022847638,P_E014_SPX_L1,0.5017832050527888,False
N_P_E014_SPX_L1_3,0,SPX,E014,train,train,2015-08-20,2015-04-20,1,-5.169530634802787,-5.318558689247515,-5.317035685665687,0.12763211888807868,-0.003472614171182693,0.3702030273968273,-4.555603756208051,-5.435300611228366,-5.2190738186035865,-5.314493510825013,-6.0732484775655005,-5.229290538613296,-5.108184588035795,-5.374730923841642,-4.825837567366779,-5.11262209656353,-5.794866437347054,P_E014_SPX_L1,0.5659513662805653,False
N_P_E017_SPX_L1_1,0,SPX,E017,test,test,2018-12-04,2020-10-21,1,-5.196245361427131,-4.854221234337796,-4.896367142231349,-0.06538764749500506,-0.012067649312724034,0.4031353647135091,-4.239338107559013,-4.841626777802508,-5.398535371896407,-4.304227608871579,-5.606203524747301,-4.314739265228969,-4.214365158011121,-4.3396848735960765,-4.693053762562153,-4.655609894272439,-4.259293512731688,P_E017_SPX_L1,0.3968212686612958,False
N_P_E017_SPX_L1_2,0,SPX,E017,test,test,2018-12-04,2021-10-11,1,-4.883967805645981,-4.993110472368977,-4.968173481185714,-0.12488686637426624,0.004771936599757305,0.4129677599147993,-4.313675063680724,-5.399338431449725,-5.128097715351592,-4.932328619227593,-5.576348250694571,-5.194226265471782,-5.745949995245571,-6.12740780286724,-5.729674781794593,-5.3566619752706925,-5.371115164029162,P_E017_SPX_L1,0.6169596496726426,False
N_P_E017_SPX_L1_3,0,SPX,E017,test,test,2018-12-04,2020-10-22,1,-4.841626777802508,-4.865509259259499,-4.920612724383567,-0.04215838184480835,-0.002764822935967996,0.3830528049774744,-4.239338107559013,-5.398535371896407,-4.304227608871579,-5.606203524747301,-4.314739265228969,-4.214365158011121,-4.3396848735960765,-4.693053762562153,-4.655609894272439,-4.259293512731688,-4.904123334014611,P_E017_SPX_L1,0.6900967777544406,False
N_P_E018_SPX_L1_1,0,SPX,E018,test,test,2020-02-25,2021-04-22,1,-4.81792539565324,-5.232005214589056,-5.396982014942511,0.2490056982776519,-0.007290241478495858,0.4618308627000833,-4.584875474284114,-4.830302553501331,-6.379295611073145,-6.008268619252671,-5.867586301870012,-5.1152419790669095,-5.7031973880741225,-5.790901163708553,-4.920678148643617,-5.558941095575071,-4.832711362023966,P_E018_SPX_L1,0.4969914441897963,False
N_P_E018_SPX_L1_2,0,SPX,E018,test,test,2020-02-25,2016-09-29,1,-4.874153052058572,-5.347814739684749,-5.3417894183223575,0.24930203016485236,0.01016749494149708,0.5271799626017534,-4.390709412038365,-5.257153201923694,-5.921641619022558,-5.119580841741139,-6.012792760673158,-5.648521142790498,-5.1405950091567405,-5.969772692884595,-4.692872888192344,-5.645109082017572,-5.016369111654695,P_E018_SPX_L1,0.9808395356499223,False
N_P_E018_SPX_L1_3,0,SPX,E018,test,test,2020-02-25,2016-10-11,1,-4.692872888192344,-5.492910898739468,-5.392218244486943,0.23185881948675272,-0.007780375350539815,0.4273967416409107,-4.692872888192344,-5.645109082017572,-5.016369111654695,-5.393325596788729,-5.759648605061044,-5.993492966257361,-5.848815893092227,-5.558281956492419,-5.647823039048438,-6.119180089688333,-5.929225279002697,P_E018_SPX_L1,1.011480216749757,False
N_P_E024_SPX_L1_1,0,SPX,E024,test,test,2022-01-10,2016-01-05,1,-5.239781332166572,-5.037016177572506,-4.961903001312501,0.08977661116369119,-0.025935007499253215,0.4293541321546256,-4.2357145455071255,-4.622307094022271,-4.252364562414844,-4.343761117544236,-4.526689891488837,-4.578173462591814,-3.9113970355235295,-4.045845802413467,-3.9776965185262916,-4.443906760634323,-3.872447677016546,P_E024_SPX_L1,0.5044508358131278,False
N_P_E024_SPX_L1_2,0,SPX,E024,test,test,2022-01-10,2019-06-06,1,-5.071018857708465,-5.073934860798002,-5.073351471027576,0.060565907842724816,-0.02097774077286241,0.37898835093021566,-4.279404324061627,-5.002715188718752,-5.522645373948603,-5.012239548415404,-5.844829277426162,-5.894423841953057,-5.781221668156989,-6.180111272226055,-5.255798840211558,-5.478654873685444,-5.218267006954742,P_E024_SPX_L1,0.5960197163513044,False
N_P_E024_SPX_L1_3,0,SPX,E024,test,test,2022-01-10,2019-06-05,1,-5.180433472306384,-5.127756530049081,-5.083369852437924,0.11292957554903447,-0.01818549986822499,0.38156301124042474,-4.279404324061627,-5.071018857708465,-5.002715188718752,-5.522645373948603,-5.012239548415404,-5.844829277426162,-5.894423841953057,-5.781221668156989,-6.180111272226055,-5.255798840211558,-5.478654873685444,P_E024_SPX_L1,0.7023327994992042,False
N_P_E027_SPX_L1_1,0,SPX,E027,test,test,2022-04-21,2016-05-20,1,-5.333995965806483,-5.051481407773227,-5.227180668162216,-0.11515083292594457,0.020062992696300217,0.29430885545969154,-4.831910641925121,-6.017514609955114,-4.846746226959095,-5.393277450290635,-6.178284207543156,-5.95976339078839,-5.461728376358724,-5.391825839487361,-5.344502021828458,-5.2279987164523645,-5.63482750512656,P_E027_SPX_L1,1.398137698424636,False
N_P_E027_SPX_L1_2,0,SPX,E027,test,test,2022-04-21,2016-05-19,1,-5.221263503283589,-4.979503309942689,-5.239460702153201,-0.04587165173985406,0.026784063991296403,0.30396570740641166,-4.831910641925121,-5.333995965806483,-6.017514609955114,-4.846746226959095,-5.393277450290635,-6.178284207543156,-5.95976339078839,-5.461728376358724,-5.391825839487361,-5.344502021828458,-5.2279987164523645,P_E027_SPX_L1,1.4608619762532462,False
N_P_E027_SPX_L1_3,0,SPX,E027,test,test,2022-04-21,2019-06-11,1,-5.012239548415404,-5.157810488219522,-5.156945704243188,-0.011523866845818354,-0.001617657602134823,0.3254499013047242,-4.685274021283475,-5.844829277426162,-5.894423841953057,-5.781221668156989,-6.180111272226055,-5.255798840211558,-5.478654873685444,-5.218267006954742,-5.651764611998693,-6.113268745115729,-5.075016542856651,P_E027_SPX_L1,1.472764118962818,True
N_P_E001_SPX_L5_1,0,SPX,E001,train,train,2007-07-24,2007-04-05,5,-5.677471533128826,-5.4266263879362615,-5.22133035136788,-0.24397454432132362,-0.03092222912738568,0.47649323189396586,-4.397725428989754,-6.21345786110853,-6.230658023950157,-5.279148981504538,-5.136067270985441,-5.595490866455484,-5.037829269399832,-5.829335450857889,-5.485459077209331,-5.524170048157596,-5.165513045801,P_E001_SPX_L5,0.34490737480278866,False
N_P_E001_SPX_L5_2,0,SPX,E001,train,train,2007-07-24,2013-05-07,5,-5.661247794831177,-5.3820490866231525,-5.180839103790448,-0.220185253871117,-0.03950332227874754,0.47204854626286863,-4.2700783369883855,-5.594282090533614,-5.427420898692848,-5.6038434919064795,-5.681359418237998,-5.060218001757534,-5.225584676197431,-5.443795388385918,-5.215050035735828,-5.697213981182134,-5.423404376274745,P_E001_SPX_L5,0.5596888168208235,False
N_P_E001_SPX_L5_3,0,SPX,E001,train,train,2007-07-24,2007-04-04,5,-6.155322665587473,-5.33222895486654,-5.186373303347507,-0.21294940479476102,-0.02719142535092207,0.46681532533429887,-4.397725428989754,-5.677471533128826,-6.21345786110853,-6.230658023950157,-5.279148981504538,-5.136067270985441,-5.595490866455484,-5.037829269399832,-5.829335450857889,-5.485459077209331,-5.524170048157596,P_E001_SPX_L5,0.5715832024640428,False
N_P_E003_SPX_L5_1,0,SPX,E003,train,train,2008-01-02,2012-11-26,5,-5.316814053790427,-5.195077925659309,-4.987914972640353,-0.1414636630714738,-0.011880135737995765,0.46305363057967114,-4.067769978206964,-5.360548829754923,-4.5385049810699,-5.397827048984151,-5.786707449194194,-5.039649273576872,-5.509854361201496,-4.906579399564262,-5.679252031368883,-5.5202539110578455,-5.975583705568358,P_E003_SPX_L5,0.7680459725303964,False
N_P_E003_SPX_L5_2,0,SPX,E003,train,train,2008-01-02,2011-12-22,5,-5.198011365899678,-4.6912786781883185,-4.620925388630367,-0.10565920061102226,-0.007659815445712025,0.4449006409252199,-3.698130812520055,-5.213154481978778,-5.697514903227333,-4.801062592886828,-5.022137743470521,-5.7532626979953685,-4.4091749468465204,-5.2956622679593925,-4.781276465790429,-5.522551637747143,-5.656279928587406,P_E003_SPX_L5,0.8563747299403289,False
N_P_E003_SPX_L5_3,0,SPX,E003,train,train,2008-01-02,2012-11-23,5,-4.856604092380644,-5.09016949023753,-4.982245977267409,-0.18550403442769398,-0.0036081470129702116,0.4594954778738406,-4.067769978206964,-5.316814053790427,-5.360548829754923,-4.5385049810699,-5.397827048984151,-5.786707449194194,-5.039649273576872,-5.509854361201496,-4.906579399564262,-5.679252031368883,-5.5202539110578455,P_E003_SPX_L5,0.9255048744216888,False
N_P_E004_SPX_L5_1,0,SPX,E004,train,train,2008-06-26,2010-08-24,5,-4.666537688479991,-4.757417472067699,-4.892909626226337,-9.52288118632981e-06,0.007020202643554794,0.3955160824403315,-4.171096574761058,-4.49305570382336,-4.693964564967827,-4.229652035290227,-4.724767548928107,-4.807065283178359,-4.028502338391681,-5.226288813679631,-5.070883448506876,-5.072112416196985,-5.122192280962215,P_E004_SPX_L5,0.6821465122638235,True
N_P_E004_SPX_L5_2,0,SPX,E004,train,train,2008-06-26,2012-11-15,5,-5.189636356980397,-5.003125446766727,-4.966212993740421,0.05740347991464986,0.015408766530978446,0.41588590197864367,-4.067769978206964,-4.792271876681531,-4.438685093732763,-5.198225381781234,-6.165061006611474,-4.856604092380644,-5.316814053790427,-5.360548829754923,-4.5385049810699,-5.397827048984151,-5.786707449194194,P_E004_SPX_L5,0.7055019971586955,False
N_P_E004_SPX_L5_3,0,SPX,E004,train,train,2008-06-26,2010-08-20,5,-5.023782884924303,-4.756482917412461,-4.919613370478566,-0.0069501278425581955,0.004831657827726043,0.3939986394706145,-4.171096574761058,-4.815179380721211,-4.666537688479991,-4.49305570382336,-4.693964564967827,-4.229652035290227,-4.724767548928107,-4.807065283178359,-4.028502338391681,-5.226288813679631,-5.070883448506876,P_E004_SPX_L5,0.7189246010019056,False
N_P_E010_SPX_L5_1,0,SPX,E010,train,train,2010-05-04,2013-05-31,5,-4.574186274103136,-5.046543259306162,-5.2754140722638105,0.10868099568197401,0.0385719788487835,0.4377989260335057,-4.283267356688569,-5.033614293579673,-4.777744816907528,-4.797951922712482,-4.702396311295207,-4.957918687056101,-5.670864250401127,-5.0616612767533695,-4.614680834928174,-4.462521263318505,-5.0839191942013855,P_E010_SPX_L5,0.7372338310237331,False
N_P_E010_SPX_L5_2,0,SPX,E010,train,train,2010-05-04,2012-04-10,5,-4.488806365685563,-4.955757719480158,-5.217790009454798,0.1238004158849854,0.028724484958898507,0.4517241091568534,-4.488806365685563,-4.974570409696979,-4.775380158624757,-4.861846219444538,-5.075425487828968,-4.596828700701245,-5.731243147040279,-4.736286604511313,-5.395658625308494,-4.748813788929057,-5.5642715278697565,P_E010_SPX_L5,0.7639545592256317,False
N_P_E010_SPX_L5_3,0,SPX,E010,train,train,2010-05-04,2014-10-08,5,-4.275200446280252,-4.787527359162033,-5.167773001332755,0.1251952283643272,0.049940621902595045,0.422969612527587,-4.275200446280252,-4.392343787234719,-4.639011757432983,-4.4195666265343005,-4.758819940729497,-4.051310709172702,-4.32243948081586,-4.545653140122605,-4.9324624596202655,-4.57439608051799,-4.966701394864329,P_E010_SPX_L5,0.8287364062589501,False
N_P_E011_SPX_L5_1,0,SPX,E011,train,train,2011-07-27,2010-10-22,5,-5.987030172935321,-5.05594982379663,-5.0428056231320575,-0.16453442391454512,-0.003791701174314526,0.4131819425149279,-4.464199625485245,-5.158347988344916,-5.345554407736708,-5.084754179593408,-5.06584372017938,-5.834405039929152,-4.68960673712779,-5.511227306448232,-4.901802861184185,-4.47649354093588,-5.704059289922367,P_E011_SPX_L5,0.4784467603280158,False
N_P_E011_SPX_L5_2,0,SPX,E011,train,train,2011-07-27,2009-12-11,5,-5.548905453105829,-5.240287882040902,-5.038254903793225,-0.12969819654224082,-0.007841743244037075,0.3950614494891739,-4.401617633173887,-5.588757499584273,-5.351561644071446,-5.413664844457661,-5.164497615213854,-5.22338089653799,-5.008067447187438,-5.777701918802983,-5.810702894054573,-5.8479431242817705,-5.609989227844564,P_E011_SPX_L5,0.5594608761783338,False
N_P_E011_SPX_L5_3,0,SPX,E011,train,train,2011-07-27,2010-10-11,5,-5.674545263982721,-5.1606016158168675,-5.060043168595162,-0.19382312202131624,-0.001149812142621997,0.371175612685443,-4.464199625485245,-4.744078514425296,-5.011772372612223,-5.077235800966034,-4.933431663546701,-5.18711168441596,-4.63317455984705,-4.793750879831052,-4.678681821953771,-5.987030172935321,-5.158347988344916,P_E011_SPX_L5,0.5976441874345372,False
N_P_E014_SPX_L5_1,0,SPX,E014,train,train,2015-08-20,2012-04-05,5,-5.5911344307139785,-5.1776261656332085,-5.326002457992535,-0.009602167250089817,0.022752788337207994,0.4284966039187162,-4.555850649229851,-4.789951240686605,-4.488806365685563,-4.974570409696979,-4.775380158624757,-4.861846219444538,-5.075425487828968,-4.596828700701245,-5.731243147040279,-4.736286604511313,-5.395658625308494,P_E014_SPX_L5,0.8073214318263704,False
N_P_E014_SPX_L5_2,0,SPX,E014,train,train,2015-08-20,2012-10-04,5,-5.3042011212830005,-5.236088257817088,-5.41117440354238,-0.020831021686528912,0.025870136130843917,0.4276381341787292,-4.441774005473292,-5.154714614919235,-5.736070904870852,-5.098986433028032,-5.305049275163798,-5.376002948609165,-5.219470027020058,-5.134252603698228,-5.066462524817098,-5.614136769594687,-5.362193655159655,P_E014_SPX_L5,0.8552305615550629,False
N_P_E014_SPX_L5_3,0,SPX,E014,train,train,2015-08-20,2012-04-11,5,-4.974570409696979,-4.931337487300964,-5.238725997478154,0.0777637225077844,0.042650724778539435,0.42853879577973497,-4.488806365685563,-4.775380158624757,-4.861846219444538,-5.075425487828968,-4.596828700701245,-5.731243147040279,-4.736286604511313,-5.395658625308494,-4.748813788929057,-5.5642715278697565,-4.782942975860397,P_E014_SPX_L5,0.8785994412401016,False
N_P_E017_SPX_L5_1,0,SPX,E017,test,test,2018-12-04,2020-07-28,5,-5.274102510051802,-5.145029170980004,-4.926532480915074,-0.06178213535364147,-0.024656353805102695,0.40835251147529905,-4.125283418573394,-4.970178048557135,-4.743674569605552,-4.645602941931206,-5.708212160610981,-5.591575537519638,-6.023579873812297,-5.128817465757066,-5.453275610383151,-5.299578046851169,-4.628211322442233,P_E017_SPX_L5,0.537213252587036,False
N_P_E017_SPX_L5_2,0,SPX,E017,test,test,2018-12-04,2020-07-29,5,-4.970178048557135,-5.072115092305757,-4.955613269623065,-0.08372769215357681,-0.016785595495573704,0.38823913181467057,-4.125283418573394,-4.743674569605552,-4.645602941931206,-5.708212160610981,-5.591575537519638,-6.023579873812297,-5.128817465757066,-5.453275610383151,-5.299578046851169,-4.628211322442233,-5.15396402296845,P_E017_SPX_L5,0.5890952035939826,False
N_P_E017_SPX_L5_3,0,SPX,E017,test,test,2018-12-04,2020-07-27,5,-5.286971864643808,-5.133223497966599,-4.889495968670004,-0.009051138831146992,-0.024784980487552236,0.4087606212530199,-4.125283418573394,-5.274102510051802,-4.970178048557135,-4.743674569605552,-4.645602941931206,-5.708212160610981,-5.591575537519638,-6.023579873812297,-5.128817465757066,-5.453275610383151,-5.299578046851169,P_E017_SPX_L5,0.6335212835032036,False
N_P_E018_SPX_L5_1,0,SPX,E018,test,test,2020-02-25,2016-11-21,5,-5.6955582220924,-5.8349953880587915,-5.3987336473197844,-0.004656668971641273,-0.013971524196781455,0.505374605627388,-4.3809275169641575,-5.874772155640898,-5.8825589166557,-6.253277775115681,-5.831019030470076,-5.697643726605988,-5.481830132828125,-5.485172802091429,-5.943310243411901,-5.962218904042705,-5.851482677254294,P_E018_SPX_L5,0.5426738637391344,False
N_P_E018_SPX_L5_2,0,SPX,E018,test,test,2020-02-25,2018-07-13,5,-5.8940231354854165,-5.810853634551728,-5.404468243883246,0.016596606329018656,-0.013861369163964096,0.44721598705995735,-4.575300087720313,-6.112662531885954,-5.230997298038818,-6.065293954754171,-5.9414003874388515,-6.177902422988024,-5.847467918751018,-5.517002584081568,-5.047782615248102,-6.128480771554496,-4.905929839523713,P_E018_SPX_L5,0.6925002469082757,False
N_P_E018_SPX_L5_3,0,SPX,E018,test,test,2020-02-25,2019-04-08,5,-5.759014505251797,-5.805845786124779,-5.445542297870676,-0.05533857189227741,-0.012814070331420483,0.4431271842114671,-4.633656445120793,-5.869084359229016,-6.118003291532763,-6.041865284854884,-5.9849163942907335,-5.909264977446971,-5.754126148214211,-5.368932935747322,-5.679045380725697,-5.90618293250969,-5.1657341719649965,P_E018_SPX_L5,0.7542420823017008,False
N_P_E024_SPX_L5_1,0,SPX,E024,test,test,2022-01-10,2018-05-17,5,-5.393592137664519,-5.592594353368557,-5.139059534917096,0.052360883674697906,-0.04416233631871832,0.42270923790316545,-4.199184205897339,-6.082109864488218,-5.820892110664635,-5.409125082935977,-5.249533621476131,-5.215811718411751,-5.903433863118393,-4.88632901805441,-5.1242577202261765,-5.33234880141416,-5.518074611095939,P_E024_SPX_L5,0.540917003437972,False
N_P_E024_SPX_L5_2,0,SPX,E024,test,test,2022-01-10,2020-08-10,5,-5.299578046851169,-5.4993653068646635,-5.166181742255174,0.11542992447660791,-0.030288230607809306,0.4185528825229402,-4.275110560411743,-4.628211322442233,-5.15396402296845,-5.460664591080769,-5.807042013808262,-6.511874203620803,-5.421018273438631,-5.239685875131748,-5.046793564436362,-5.610649833002554,-5.705715363034629,P_E024_SPX_L5,0.5712974390336086,False
N_P_E024_SPX_L5_3,0,SPX,E024,test,test,2022-01-10,2016-03-24,5,-5.51892939491119,-5.574001299954804,-5.222210996431343,0.06413541418549497,-0.03354896390939044,0.3968515494951565,-4.369496005790492,-5.758098576316054,-4.813798591031516,-5.508126239646618,-5.794096353843779,-4.70321615835277,-5.706378311713352,-5.143983548353749,-4.950008278031199,-4.760179378673954,-5.194768292947429,P_E024_SPX_L5,0.6051564615329899,False
N_P_E027_SPX_L5_1,0,SPX,E027,test,test,2022-04-21,2021-04-05,5,-4.927141204800929,-5.332861196648145,-5.048989087906798,0.057965410142373906,-0.012032540369669581,0.31615754529763257,-4.584875474284114,-5.927691858654964,-6.1267146957743615,-6.075808070492425,-5.306192431423809,-6.004618291850596,-5.677449694716242,-5.409274375881826,-5.323956309614919,-5.8248541712162325,-5.432044529931018,P_E027_SPX_L5,1.6833258504744335,False
N_P_E027_SPX_L5_2,0,SPX,E027,test,test,2022-04-21,2019-06-11,5,-5.012239548415404,-5.157810488219522,-5.156945704243188,-0.011523866845818354,-0.001617657602134823,0.3254499013047242,-4.685274021283475,-5.844829277426162,-5.894423841953057,-5.781221668156989,-6.180111272226055,-5.255798840211558,-5.478654873685444,-5.218267006954742,-5.651764611998693,-6.113268745115729,-5.075016542856651,P_E027_SPX_L5,1.6866845344287276,True
N_P_E027_SPX_L5_3,0,SPX,E027,test,test,2022-04-21,2016-03-11,5,-4.795050958846351,-5.059900713538907,-4.950373784976093,0.1604571881187449,-0.011514702814059963,0.34634777433183384,-4.349995325282712,-5.592575954491619,-5.744891474712618,-5.0311104759638186,-4.946355322489451,-5.717987780709529,-5.757999226667379,-5.360328241076822,-5.514761856409104,-5.51892939491119,-5.758098576316054,P_E027_SPX_L5,1.6911397759803828,False
N_P_E001_SPX_L10_1,0,SPX,E001,train,train,2007-07-24,2012-12-13,10,-5.0391146399403635,-5.371872022226533,-5.25177906739029,0.1631317282280852,-0.018612185549335077,0.4480340830478874,-4.438685093732763,-5.741049934344634,-4.928940763821806,-4.917831659678033,-5.30278398944201,-5.394149038706041,-4.728686332019078,-6.070574621415881,-5.20617383566054,-4.718324717352102,-4.956539011834922,P_E001_SPX_L10,0.7484272917836647,True
N_P_E001_SPX_L10_2,0,SPX,E001,train,train,2007-07-24,2013-09-18,10,-4.586579401247085,-5.554379299402483,-5.34817526839614,0.2715389765503728,-0.01909202191546338,0.43447533256722803,-4.586579401247085,-5.694894179411949,-5.164635889110933,-5.287724130753562,-5.4050520127854185,-5.660945445786539,-5.57340131159849,-5.813728797688367,-5.429947513432136,-5.269191651167544,-5.335745239749908,P_E001_SPX_L10,0.7686952339354808,False
N_P_E001_SPX_L10_3,0,SPX,E001,train,train,2007-07-24,2012-03-22,10,-5.100691226659933,-5.552007201799825,-5.38549119336899,0.18602880896590843,-0.0034584007412926205,0.4528033795985007,-4.555850649229851,-5.2387051929708095,-4.7901048272028195,-5.791080965453146,-4.957648853459546,-5.12618006076563,-5.510372341511336,-4.877727495626083,-5.096671570592949,-4.812224989721695,-5.5911344307139785,P_E001_SPX_L10,0.8571969850585696,False
N_P_E003_SPX_L10_1,0,SPX,E003,train,train,2008-01-02,2011-12-06,10,-5.083426399735997,-4.669924234841156,-4.566415823544428,-0.20997020373846736,-0.01985172789960063,0.45202124771441304,-3.698130812520055,-4.54270480841676,-4.256679786765759,-4.4694227215036735,-4.308606537426875,-4.21294988947491,-4.825804741883409,-5.014344696560684,-4.856498607621195,-4.5110098421992975,-4.006297243468871,P_E003_SPX_L10,1.006332763249555,False
N_P_E003_SPX_L10_2,0,SPX,E003,train,train,2008-01-02,2011-12-23,10,-5.213154481978778,-4.7626098530598355,-4.634989907783225,-0.2596003401989767,-0.021029789648521296,0.4594556979438551,-3.698130812520055,-5.697514903227333,-4.801062592886828,-5.022137743470521,-5.7532626979953685,-4.4091749468465204,-5.2956622679593925,-4.781276465790429,-5.522551637747143,-5.656279928587406,-4.918178076198873,P_E003_SPX_L10,1.046908306673415,False
N_P_E003_SPX_L10_3,0,SPX,E003,train,train,2008-01-02,2011-12-02,10,-4.824942208202524,-4.556038878525213,-4.543127707352271,-0.18807138879298219,-0.011140000859166993,0.4355473128431575,-3.698130812520055,-4.536116308349994,-5.083426399735997,-4.54270480841676,-4.256679786765759,-4.4694227215036735,-4.308606537426875,-4.21294988947491,-4.825804741883409,-5.014344696560684,-4.856498607621195,P_E003_SPX_L10,1.0916692302995956,False
N_P_E004_SPX_L10_1,0,SPX,E004,train,train,2008-06-26,2010-08-31,10,-4.807065283178359,-4.5897010272375764,-4.842132646692492,-0.06588221426702826,0.033678251633033236,0.38795890724722426,-4.171096574761058,-4.028502338391681,-5.226288813679631,-5.070883448506876,-5.072112416196985,-5.122192280962215,-5.307658188438523,-5.579478158537308,-5.179316501037196,-5.0658739510248685,-5.060813207084853,P_E004_SPX_L10,0.6854446908946312,False
N_P_E004_SPX_L10_2,0,SPX,E004,train,train,2008-06-26,2009-10-28,10,-4.421144428005488,-4.518347269730908,-4.8498359686568815,-0.04455175055326185,0.020068281045528824,0.39376305550237833,-4.215258356553662,-4.3298303867998165,-3.999109200945244,-4.330815901490379,-4.9376909746195095,-4.706172076033977,-4.510336704790144,-4.982833582293649,-4.458327345973699,-5.306124434806948,-5.065023308667716,P_E004_SPX_L10,0.780241616418993,False
N_P_E004_SPX_L10_3,0,SPX,E004,train,train,2008-06-26,2009-11-06,10,-4.982833582293649,-4.6935698478455325,-4.722471328722117,-0.08766810917771778,0.03434830956535011,0.38717379190739015,-3.999109200945244,-4.458327345973699,-5.306124434806948,-5.065023308667716,-4.669627269589288,-4.982719493215769,-4.542991593452269,-5.3988486470262815,-5.390972809673187,-4.617993935486098,-5.443979931975247,P_E004_SPX_L10,0.8283272470349607,False
N_P_E010_SPX_L10_1,0,SPX,E010,train,train,2010-05-04,2012-12-20,10,-5.394149038706041,-5.256951077198504,-5.276822850900546,0.03199585656569771,-0.005949770110596192,0.3675188703307886,-4.5385049810699,-4.728686332019078,-6.070574621415881,-5.20617383566054,-4.718324717352102,-4.956539011834922,-4.408464724144919,-4.195061747810091,-5.499853961399322,-5.6067962618071725,-5.509664854419473,P_E010_SPX_L10,0.46680820286999136,False
N_P_E010_SPX_L10_2,0,SPX,E010,train,train,2010-05-04,2012-10-10,10,-5.305049275163798,-5.319804469852983,-5.326160946391044,0.005403187412960418,0.006056323317214693,0.39766142007669303,-4.441774005473292,-5.376002948609165,-5.219470027020058,-5.134252603698228,-5.066462524817098,-5.614136769594687,-5.362193655159655,-4.470930007284537,-5.179190897353958,-4.503736451255056,-5.203434146331532,P_E010_SPX_L10,0.5647031683115445,False
N_P_E010_SPX_L10_3,0,SPX,E010,train,train,2010-05-04,2012-04-24,10,-5.5642715278697565,-5.23525473873178,-5.075106149208596,0.032141605392329534,0.007783768390375687,0.38976020519769083,-4.488806365685563,-4.782942975860397,-5.05500255745332,-5.522289250520197,-5.527431483777857,-4.783021476780536,-5.304625895630842,-5.086722821084231,-4.580387351972666,-5.432086755263641,-4.660115221076298,P_E010_SPX_L10,0.6346488076196058,False
N_P_E011_SPX_L10_1,0,SPX,E011,train,train,2011-07-27,2013-06-19,10,-4.754038532351384,-4.9354553957988525,-4.936577450451342,-0.07470821309232033,-0.005615007905947556,0.33341092587175203,-4.283267356688569,-4.194035437335481,-4.812798585846113,-4.523791723289022,-5.063090005084488,-5.209083391391572,-5.283620682201096,-5.192922905950856,-5.075785307316531,-5.035660734045353,-5.22774409483993,P_E011_SPX_L10,0.560619618253677,False
N_P_E011_SPX_L10_2,0,SPX,E011,train,train,2011-07-27,2012-04-25,10,-4.782942975860397,-5.045594704495803,-5.0246992497289575,-0.026192564525943565,0.0006526624899849284,0.35602111155768645,-4.488806365685563,-5.05500255745332,-5.522289250520197,-5.527431483777857,-4.783021476780536,-5.304625895630842,-5.086722821084231,-4.580387351972666,-5.432086755263641,-4.660115221076298,-4.69497772841311,P_E011_SPX_L10,0.6198536023319925,False
N_P_E011_SPX_L10_3,0,SPX,E011,train,train,2011-07-27,2009-12-03,10,-4.600257720020796,-4.850543623185251,-4.957715683930379,-0.042467858479003064,-0.009881879073816897,0.37779920565959146,-4.429312929648895,-4.401617633173887,-5.2266616339666445,-4.839829680399511,-5.093718635188977,-5.49232400754355,-5.548905453105829,-5.588757499584273,-5.351561644071446,-5.413664844457661,-5.164497615213854,P_E011_SPX_L10,0.6449296215724175,False
N_P_E014_SPX_L10_1,0,SPX,E014,train,train,2015-08-20,2013-02-20,10,-4.865163580514907,-5.421638802251412,-5.5170871476013845,0.17989091199100055,0.007716087952771264,0.3973737035897755,-4.865163580514907,-5.141055766306433,-5.24737582941026,-4.190288120602139,-5.1801284477910885,-4.601218099391518,-5.449360030836771,-4.911918649895597,-5.272137582274207,-4.940470875502925,-5.884804166382739,P_E014_SPX_L10,0.44998560761728884,False
N_P_E014_SPX_L10_2,0,SPX,E014,train,train,2015-08-20,2010-01-12,10,-5.058490012247359,-5.385331632063797,-5.455164596950687,0.12870868190951584,0.005320325746206506,0.3845949144536302,-4.684316036478413,-4.826741818131426,-5.666300955451856,-4.7522274769335535,-4.8648988505517226,-4.618899434168202,-4.252070918207261,-4.284286667593572,-5.152821888931539,-4.883166658400472,-4.707724653847709,P_E014_SPX_L10,0.5625781594062741,False
N_P_E014_SPX_L10_3,0,SPX,E014,train,train,2015-08-20,2013-02-21,10,-5.141055766306433,-5.316577637708415,-5.474686646874494,0.16259068314899588,0.005635670619315677,0.3895267753807107,-4.865163580514907,-5.24737582941026,-4.190288120602139,-5.1801284477910885,-4.601218099391518,-5.449360030836771,-4.911918649895597,-5.272137582274207,-4.940470875502925,-5.884804166382739,-6.388520251628871,P_E014_SPX_L10,0.5786166969500732,False
N_P_E017_SPX_L10_1,0,SPX,E017,test,test,2018-12-04,2018-03-05,10,-4.453816461319311,-4.458176528663955,-4.484158704878843,0.039662144305960316,-0.03932200507263228,0.4785968028919635,-3.5809352493758766,-5.382972722015132,-5.05440283757085,-5.5433132169105654,-4.879933932252922,-5.568316221567547,-4.673877748836692,-4.944842768670038,-5.359219898382893,-5.956535833371642,-4.571842594296048,P_E017_SPX_L10,0.7578726560414918,False
N_P_E017_SPX_L10_2,0,SPX,E017,test,test,2018-12-04,2018-02-28,10,-4.553892196064845,-4.825832079884727,-4.581321466299262,0.09673076884279455,-0.023450516207157785,0.5245869301242134,-3.5809352493758766,-4.143031702659289,-4.509974132306426,-4.453816461319311,-5.382972722015132,-5.05440283757085,-5.5433132169105654,-4.879933932252922,-5.568316221567547,-4.673877748836692,-4.944842768670038,P_E017_SPX_L10,1.2098290649511572,False
N_P_E017_SPX_L10_3,0,SPX,E017,test,test,2018-12-04,2020-09-30,10,-4.65966328897181,-4.753179357062511,-4.57503356644869,-0.15772006580666675,-0.026139423557823564,0.4414944114894747,-3.745986375535539,-5.0576322755795,-4.809781955820808,-4.893209662142817,-4.295267152041342,-4.912497718301917,-5.701192641751537,-5.47261457338453,-4.760621383940227,-5.174327911613271,-4.813194613049482,P_E017_SPX_L10,1.2382757290827553,False
N_P_E018_SPX_L10_1,0,SPX,E018,test,test,2020-02-25,2021-07-27,10,-5.11674822216229,-5.601929289511492,-5.469607639108796,0.07149529143879647,0.026591729171468348,0.4692349949672049,-4.561422540542478,-5.551029241492749,-5.63044780302372,-5.781514322106587,-5.279170297869419,-4.971175104069764,-6.132279679145435,-5.863878551768822,-6.443307388043426,-6.222070368685648,-6.187784448842938,P_E018_SPX_L10,0.56373956898331,False
N_P_E018_SPX_L10_2,0,SPX,E018,test,test,2020-02-25,2016-09-27,10,-5.20922136308555,-5.5276094453048366,-5.409557260627529,-0.01196855054867188,0.008889281901085185,0.5226715077181134,-4.390709412038365,-5.162939691067203,-4.874153052058572,-5.257153201923694,-5.921641619022558,-5.119580841741139,-6.012792760673158,-5.648521142790498,-5.1405950091567405,-5.969772692884595,-4.692872888192344,P_E018_SPX_L10,0.9606556902950465,False
N_P_E018_SPX_L10_3,0,SPX,E018,test,test,2020-02-25,2016-09-21,10,-4.943944037050129,-5.248196474227317,-5.370698489431598,-0.054094310525593235,0.029769364940430497,0.5199457795147746,-4.390709412038365,-5.9921222341760885,-5.911506504620457,-5.5812530875919615,-5.20922136308555,-5.162939691067203,-4.874153052058572,-5.257153201923694,-5.921641619022558,-5.119580841741139,-6.012792760673158,P_E018_SPX_L10,0.9657121210518903,False
N_P_E024_SPX_L10_1,0,SPX,E024,test,test,2022-01-10,2020-06-04,10,-4.901488379569358,-4.97098120850781,-4.774414833819231,-0.05783774426838539,-0.019260611217825987,0.4068913411652632,-3.9944464309359367,-4.708254068190273,-4.970901658233377,-5.195484177515038,-4.849108341857053,-3.7158133437749044,-3.8843257312388495,-3.7866057640428012,-4.204887475285895,-5.056502089026521,-5.274451410471647,P_E024_SPX_L10,0.33983618337799604,False
N_P_E024_SPX_L10_2,0,SPX,E024,test,test,2022-01-10,2020-10-16,10,-5.1056926917178345,-4.927804650702963,-4.845969272940896,-0.03010013571359469,-0.032108187187899505,0.4172213226845202,-4.096364361212737,-4.246529715148396,-4.937451750201618,-5.196245361427131,-4.841626777802508,-5.398535371896407,-4.304227608871579,-5.606203524747301,-4.314739265228969,-4.214365158011121,-4.3396848735960765,P_E024_SPX_L10,0.5970468744341538,False
N_P_E024_SPX_L10_3,0,SPX,E024,test,test,2022-01-10,2020-06-03,10,-5.08685552989729,-4.934448287754381,-4.76433450911102,-0.12911707949103962,-0.01831894321716093,0.4060740094739923,-3.9944464309359367,-4.901488379569358,-4.708254068190273,-4.970901658233377,-5.195484177515038,-4.849108341857053,-3.7158133437749044,-3.8843257312388495,-3.7866057640428012,-4.204887475285895,-5.056502089026521,P_E024_SPX_L10,0.6059425136206963,False
N_P_E027_SPX_L10_1,0,SPX,E027,test,test,2022-04-21,2016-02-23,10,-4.94274351974594,-5.029492052150709,-4.642375115294929,-0.02810220671414492,-0.032462405823276114,0.3277825318875784,-4.231259988596478,-4.349995325282712,-4.8054856021567165,-5.243961534014916,-4.807278960643424,-4.369496005790492,-5.225421664037794,-5.3111349007223,-5.002483568291857,-5.291860630185001,-5.1364949131559205,P_E027_SPX_L10,0.6002216611710155,False
N_P_E027_SPX_L10_2,0,SPX,E027,test,test,2022-04-21,2016-02-29,10,-4.807278960643424,-4.829892988368742,-4.707634372429045,-0.06230370905271764,-0.030235645161121677,0.3357169083084686,-4.231259988596478,-4.369496005790492,-5.225421664037794,-5.3111349007223,-5.002483568291857,-5.291860630185001,-5.1364949131559205,-5.5505546908614924,-4.52554237464577,-4.795050958846351,-5.592575954491619,P_E027_SPX_L10,0.6965876349421052,False
N_P_E027_SPX_L10_3,0,SPX,E027,test,test,2022-04-21,2016-03-02,10,-5.225421664037794,-4.890328753328669,-4.726572015290769,0.003459340446226202,-0.030283077043843924,0.3579388120134598,-4.231259988596478,-5.3111349007223,-5.002483568291857,-5.291860630185001,-5.1364949131559205,-5.5505546908614924,-4.52554237464577,-4.795050958846351,-5.592575954491619,-5.744891474712618,-5.0311104759638186,P_E027_SPX_L10,0.8250572341537248,False
N_P_E003_GDAXI_L1_1,0,GDAXI,E003,train,train,2008-01-18,2008-05-23,1,-4.4856165854023375,-4.758331489332668,-4.9343049256168365,0.17423590216655127,0.006795758158312354,0.3666644633767851,-4.3579526303518215,-5.492733062261156,-4.747881900688927,-4.52106515586844,-4.982553976325835,-5.269163880706234,-4.701015707858267,-5.254928098631343,-4.789485686871931,-4.713750066999303,-4.018390321976363,P_E003_GDAXI_L1,0.4228156167567924,False
N_P_E003_GDAXI_L1_2,0,GDAXI,E003,train,train,2008-01-18,2015-08-11,1,-4.210013671661635,-4.848800570985863,-4.85458757174067,0.18746927818946524,0.01120842552195693,0.34938229629745304,-4.210013671661635,-4.2540065064860535,-4.667760904724506,-4.612364986258149,-4.12516152619776,-5.277265870718627,-4.673071307586437,-4.236013702546002,-4.002420550986431,-3.2904518232048137,-3.6369639215842398,P_E003_GDAXI_L1,0.5271269345830994,False
N_P_E003_GDAXI_L1_3,0,GDAXI,E003,train,train,2008-01-18,2010-11-23,1,-4.518788656665968,-4.971434292055049,-4.977989811049376,0.18670540167219313,0.015283749478453786,0.36033519975129236,-4.371904684668235,-4.449117955629937,-5.205459699245006,-4.804463951382048,-3.989507899894626,-4.642948530954855,-4.451230906563986,-4.578071642286167,-5.2062129442826,-5.541206145353882,-4.974759400125812,P_E003_GDAXI_L1,0.5847038944560716,True
N_P_E011_GDAXI_L1_1,0,GDAXI,E011,train,train,2011-08-01,2010-11-30,1,-4.642948530954855,-4.618299607421294,-4.875445415125158,0.08282906487005394,0.031950211208153896,0.4376895208147473,-3.989507899894626,-4.451230906563986,-4.578071642286167,-5.2062129442826,-5.541206145353882,-4.974759400125812,-5.320827680104365,-5.0652850689187225,-5.5609555017885475,-6.062219914956602,-6.298160398628972,P_E011_GDAXI_L1,0.524811015874013,False
N_P_E011_GDAXI_L1_2,0,GDAXI,E011,train,train,2011-08-01,2015-03-19,1,-4.528489905985713,-4.5188150968307585,-4.901155360310442,0.03429864967641427,0.039736457234829575,0.44066325498536546,-4.2019642337845164,-4.823290084603486,-5.051723017280417,-4.444644191774328,-4.793990036126974,-4.443508487441723,-4.8483863650511125,-4.7825063632815334,-4.7313185308921515,-4.45209988582012,-5.634638913116535,P_E011_GDAXI_L1,0.6585299424305259,False
N_P_E011_GDAXI_L1_3,0,GDAXI,E011,train,train,2011-08-01,2015-03-17,1,-4.327872901782031,-4.6503553402295,-4.963769678382648,0.09777430907938889,0.036329414386766054,0.4464716717506457,-4.2019642337845164,-4.580198145407637,-4.528489905985713,-4.823290084603486,-5.051723017280417,-4.444644191774328,-4.793990036126974,-4.443508487441723,-4.8483863650511125,-4.7825063632815334,-4.7313185308921515,P_E011_GDAXI_L1,0.6812461589167513,False
N_P_E018_GDAXI_L1_1,0,GDAXI,E018,test,test,2020-02-25,2017-02-24,1,-4.530177342587348,-5.320420889454693,-5.2896763722235045,0.2781271723595337,-0.014146504626820669,0.5019783459293302,-4.530177342587348,-5.663943778231415,-5.601267338711613,-4.8257336413466465,-6.201743015499035,-5.764667338579396,-5.55205063541509,-5.918958610148016,-5.346466094356888,-5.228065566941264,-5.033172033317796,P_E018_GDAXI_L1,0.9752129493436855,False
N_P_E018_GDAXI_L1_2,0,GDAXI,E018,test,test,2020-02-25,2021-04-20,1,-4.494754692512352,-5.387851807339793,-5.485536606569092,0.40589225451959493,-0.007112845111756382,0.48434908825159806,-4.494754692512352,-5.201234560496941,-5.5578461122048,-5.067305288198732,-5.657108554827643,-5.467543706765999,-5.661289523064825,-4.639371630585674,-5.45291794371875,-5.080369288988362,-4.0997260016772445,P_E018_GDAXI_L1,1.268267878170579,False
N_P_E018_GDAXI_L1_3,0,GDAXI,E018,test,test,2020-02-25,2021-07-19,1,-4.213597200828844,-5.180765050803435,-5.1227143296755795,0.4657281300114512,0.011045883831944863,0.4772404985740653,-4.213597200828844,-4.7992574903744325,-4.628391582435335,-5.484658494279032,-5.584481244363713,-5.593179411544396,-5.062980219585178,-5.77847390166076,-5.605787571482957,-5.008272606579084,-4.909738839158363,P_E018_GDAXI_L1,1.8373587494920292,False
N_P_E025_GDAXI_L1_1,0,GDAXI,E025,test,test,2022-02-21,2020-05-27,1,-4.44465922798969,-4.55371427263198,-4.466571791375171,-0.02674844721079565,-0.004041180207765926,0.41514084252470285,-3.783800568024316,-4.815565026471422,-4.834673211729569,-4.57446865829643,-4.0053582314484055,-4.492847316897035,-4.260844071571341,-4.476757980589957,-4.064979944402491,-4.273091633244244,-4.109659539854574,P_E025_GDAXI_L1,0.9072790994730712,False
N_P_E025_GDAXI_L1_2,0,GDAXI,E025,test,test,2022-02-21,2020-06-08,1,-4.476757980589957,-4.362055251760634,-4.459006660238332,-0.006006448470999257,-0.0013694795536983574,0.3559421468191252,-3.783800568024316,-4.064979944402491,-4.273091633244244,-4.109659539854574,-4.061983485055015,-3.970064992147364,-4.217185040016991,-4.961886432539357,-4.246023800716913,-5.08225767847613,-4.500006400603586,P_E025_GDAXI_L1,0.9649682209046281,False
N_P_E025_GDAXI_L1_3,0,GDAXI,E025,test,test,2022-02-21,2016-02-02,1,-4.423969265509971,-4.449452791946188,-4.34704484752548,0.0006346342679295194,-0.016538874595772475,0.3479656125855464,-3.7602635083712475,-4.243595042828829,-4.061027263235102,-4.265597157517492,-3.6395869488834838,-4.009665521896749,-4.081281185817954,-4.292573385748337,-4.580564708844169,-4.893658507066709,-4.3876576971154275,P_E025_GDAXI_L1,1.1460854587904041,False
N_P_E003_GDAXI_L5_1,0,GDAXI,E003,train,train,2008-01-18,2015-11-27,5,-5.170879013053135,-4.805872808512002,-4.762501511547898,0.05763816340860495,-0.01154698712498107,0.3511412403555384,-4.240791497751801,-4.667178210227191,-4.575386410875542,-4.884657116419186,-3.531678412090853,-4.585805711934604,-4.580433899696256,-4.160898224425252,-4.675060978270137,-4.684570194730039,-4.054014954484208,P_E003_GDAXI_L5,0.6688384093575699,False
N_P_E003_GDAXI_L5_2,0,GDAXI,E003,train,train,2008-01-18,2007-06-26,5,-5.012028474748673,-4.85791009372642,-4.790087199856976,-0.020057830632354764,-0.010607207306784043,0.3279973961283623,-4.165172744713263,-5.197119395665359,-5.149960680615475,-4.826631362612414,-5.3179823585475345,-5.098867722960005,-5.951646218824605,-4.51683268350486,-4.878016299360446,-5.396816055762717,-4.3358434225205835,P_E003_GDAXI_L5,0.6828585517609307,False
N_P_E003_GDAXI_L5_3,0,GDAXI,E003,train,train,2008-01-18,2014-08-25,5,-5.210768315888153,-5.080350936093124,-4.857530378872707,0.061466716722508995,-0.02154555766447477,0.34161612473504477,-4.087320502902207,-4.691776470881158,-5.682138847150872,-4.802185589563346,-4.662048982353038,-5.341903775380929,-5.136887651407962,-4.640585913141198,-4.421190487583276,-5.271799172398484,-5.74362410896072,P_E003_GDAXI_L5,0.7042406534474008,False
N_P_E011_GDAXI_L5_1,0,GDAXI,E011,train,train,2011-08-01,2015-04-24,5,-4.749891274132834,-4.584044786705297,-4.827259962189952,0.0409774438780362,0.01903434769271964,0.443100700305929,-4.045656201239102,-4.1197460229699345,-4.178047571047861,-3.710341873487658,-4.378094491399774,-4.361188281740477,-3.8025592146766107,-4.46191949991955,-4.244131653056643,-4.178007028980533,-5.490583500682402,P_E011_GDAXI_L5,0.4455415898469783,False
N_P_E011_GDAXI_L5_2,0,GDAXI,E011,train,train,2011-08-01,2013-04-15,5,-4.660286452102043,-4.675420964843492,-4.852879160914943,-0.02748344183608258,0.02001999481199321,0.40438216043769487,-4.2005896504148605,-4.850025909611333,-3.9263923923800705,-4.646509746139371,-4.704158794748459,-4.818769505484384,-4.0375107741996175,-4.749588349566885,-4.902712933200224,-5.1837404922229915,-5.5607389165714105,P_E011_GDAXI_L5,0.6513679130431705,False
N_P_E011_GDAXI_L5_3,0,GDAXI,E011,train,train,2011-08-01,2012-11-14,5,-4.795660523227875,-4.77689789590468,-4.953624342483754,-0.042377720017274745,0.014112324737911994,0.45178392453131627,-4.070393242263918,-5.3172050589916235,-4.6701791918001945,-4.555809319007167,-4.835933790169602,-5.383492505426428,-5.528314321162355,-4.878988059996167,-5.733618011071765,-5.416617464877884,-4.951854726308235,P_E011_GDAXI_L5,0.7097514336577803,False
N_P_E018_GDAXI_L5_1,0,GDAXI,E018,test,test,2020-02-25,2016-12-22,5,-6.005897310199887,-5.835287277137407,-5.324125411726262,-0.15715811939400728,-0.04431192696320777,0.5042218329400046,-4.311040447917762,-5.596026193366545,-6.458882736375286,-7.054421282208372,-5.858248461166429,-5.525798081986309,-4.550819620049006,-5.536013409029034,-5.427738772050895,-5.689517506188584,-5.794342613838649,P_E018_GDAXI_L5,0.8309655405424986,False
N_P_E018_GDAXI_L5_2,0,GDAXI,E018,test,test,2020-02-25,2016-12-21,5,-6.1779385719727715,-5.645442591610528,-5.306772135202359,-0.2616977883896459,-0.028765587970830515,0.4851340664708507,-4.311040447917762,-6.005897310199887,-5.596026193366545,-6.458882736375286,-7.054421282208372,-5.858248461166429,-5.525798081986309,-4.550819620049006,-5.536013409029034,-5.427738772050895,-5.689517506188584,P_E018_GDAXI_L5,1.0986708259222675,False
N_P_E018_GDAXI_L5_3,0,GDAXI,E018,test,test,2020-02-25,2021-08-06,5,-5.911273232926322,-5.496651883907363,-5.296998389862355,-0.23854634640167746,-0.023330191622898233,0.486822338926916,-4.213597200828844,-5.576871418044547,-5.948786909128951,-5.089386418960624,-5.235882808750259,-5.6949797886523434,-5.4847820160677605,-5.346868124604423,-5.612041650471183,-4.963374000726044,-5.151044943866147,P_E018_GDAXI_L5,1.1317597196487068,False
N_P_E025_GDAXI_L5_1,0,GDAXI,E025,test,test,2022-02-21,2019-01-18,5,-4.41791019434392,-4.9514986447072555,-4.786486870327388,0.10359041810581655,-0.01042553935768763,0.3929650864976488,-3.889219231757736,-5.833330993153244,-5.144465312141976,-4.965767058903076,-5.063386514729813,-5.202435081450036,-5.469962260334353,-5.072018369374904,-5.414422410089411,-4.27015708959757,-5.201448767021436,P_E025_GDAXI_L5,0.7784479753132078,False
N_P_E025_GDAXI_L5_2,0,GDAXI,E025,test,test,2022-02-21,2020-06-02,5,-4.57446865829643,-4.757583408183433,-4.549076034585214,0.06981505325273629,0.0011695968332915997,0.37779428085026723,-3.783800568024316,-4.0053582314484055,-4.492847316897035,-4.260844071571341,-4.476757980589957,-4.064979944402491,-4.273091633244244,-4.109659539854574,-4.061983485055015,-3.970064992147364,-4.217185040016991,P_E025_GDAXI_L5,0.9696380741239207,False
N_P_E025_GDAXI_L5_3,0,GDAXI,E025,test,test,2022-02-21,2016-01-04,5,-4.286802064393138,-4.80038446649813,-4.487251209901569,0.08735189931433622,-0.02194081546499924,0.3922992405939839,-3.531678412090853,-4.397078100630684,-4.468730654016343,-3.903801184521476,-4.108846495380787,-4.599740767115138,-4.1563373996910915,-4.265330292262421,-4.098231981531752,-3.7602635083712475,-4.376714893699837,P_E025_GDAXI_L5,1.0169133330982252,False
N_P_E003_GDAXI_L10_1,0,GDAXI,E003,train,train,2008-01-18,2013-05-24,10,-4.68211440577248,-4.965332370970565,-5.101239297468227,0.22601533822791647,0.013739369777534493,0.35477437066656337,-4.350369318403698,-5.6590231790613945,-4.92963408177768,-4.68565290786001,-4.73321305652648,-4.889670664390094,-4.337203903186371,-4.842259368843256,-4.815019182885439,-4.603006723897925,-4.017288332276576,P_E003_GDAXI_L10,0.6028213301047893,False
N_P_E003_GDAXI_L10_2,0,GDAXI,E003,train,train,2008-01-18,2010-11-23,10,-4.518788656665968,-4.971434292055049,-4.977989811049376,0.18670540167219313,0.015283749478453786,0.36033519975129236,-4.371904684668235,-4.449117955629937,-5.205459699245006,-4.804463951382048,-3.989507899894626,-4.642948530954855,-4.451230906563986,-4.578071642286167,-5.2062129442826,-5.541206145353882,-4.974759400125812,P_E003_GDAXI_L10,0.6029264459845798,True
N_P_E003_GDAXI_L10_3,0,GDAXI,E003,train,train,2008-01-18,2014-03-03,10,-4.389054023985404,-4.805544383696135,-5.074625256825442,0.1933220475467351,0.01625826401659412,0.3798690324055727,-4.389054023985404,-4.539901640569946,-5.508182182694978,-5.26562026558502,-4.3828434111728924,-4.530127732001068,-4.894960950777168,-4.812570471649341,-4.283059406023184,-4.416922773188359,-4.615617349405664,P_E003_GDAXI_L10,0.7487391528869178,False
N_P_E011_GDAXI_L10_1,0,GDAXI,E011,train,train,2011-08-01,2007-03-20,10,-5.0724267380013695,-4.854959023071229,-4.860445311972463,-0.163997890140311,0.003142699724994661,0.4616103886202962,-3.9557732759853073,-5.599987401672729,-4.469290800859003,-5.034677487966579,-4.693399616095342,-5.493043213182283,-5.32883115363116,-5.104881964367659,-4.967604016639167,-5.371049030456125,-4.682679982127943,P_E011_GDAXI_L10,0.6172331724793166,False
N_P_E011_GDAXI_L10_2,0,GDAXI,E011,train,train,2011-08-01,2010-07-27,10,-5.091825982001362,-4.750034226364825,-4.70569584067321,-0.16181002934113234,0.0038400601344757883,0.470200121058819,-3.991253444686756,-4.620964055613986,-4.460698594246233,-4.398368023570594,-4.44857803291366,-5.45608208477681,-4.681509669476051,-5.152582930726913,-4.3028659393363835,-5.618901478926043,-4.80662509341297,P_E011_GDAXI_L10,0.6529391771832913,False
N_P_E011_GDAXI_L10_3,0,GDAXI,E011,train,train,2011-08-01,2007-03-19,10,-5.165310209476278,-4.784924937638568,-4.877562095195653,-0.1252981181079031,0.014408590451286946,0.4760069931614946,-3.9557732759853073,-5.0724267380013695,-5.599987401672729,-4.469290800859003,-5.034677487966579,-4.693399616095342,-5.493043213182283,-5.32883115363116,-5.104881964367659,-4.967604016639167,-5.371049030456125,P_E011_GDAXI_L10,0.6939683034540851,False
N_P_E018_GDAXI_L10_1,0,GDAXI,E018,test,test,2020-02-25,2017-07-27,10,-5.152268533285755,-5.149406435379861,-5.272163657750761,-0.17707636329407814,0.011853079554482317,0.4527439579640623,-4.319124072593797,-5.469242618287493,-5.188426445442053,-4.570199097412198,-5.1206577085928,-5.466135830975884,-4.631046868647712,-5.223114182088231,-4.944403318173502,-5.068771086442574,-4.8017810042025,P_E018_GDAXI_L10,0.8588540104298651,False
N_P_E018_GDAXI_L10_2,0,GDAXI,E018,test,test,2020-02-25,2021-09-15,10,-5.331245800243559,-5.2683562401017,-5.353338777467091,-0.1538558400249176,0.007939894054781755,0.4429411631794261,-4.680915423399244,-5.4983197419880305,-4.348215630498371,-4.6408671008068625,-4.905699716976779,-5.2912360169885355,-5.543487401304036,-5.826217940958048,-5.143089448255069,-4.4164159250246735,-5.350450098700819,P_E018_GDAXI_L10,0.933465902182458,False
N_P_E018_GDAXI_L10_3,0,GDAXI,E018,test,test,2020-02-25,2021-06-28,10,-5.329672594081256,-5.28925296766772,-5.2865071068912135,-0.11527365806391714,0.010410501968096295,0.41610529503912624,-4.426598897784507,-4.882937892265579,-4.649958008711649,-4.7698679290304185,-5.679056235847115,-5.233684273224195,-4.962450982338438,-5.600095469284946,-4.494780570784621,-4.823964538280597,-5.007400601388234,P_E018_GDAXI_L10,0.9811256236660859,False
N_P_E025_GDAXI_L10_1,0,GDAXI,E025,test,test,2022-02-21,2016-11-11,10,-4.914371700948166,-4.770419312772869,-5.093705884818885,0.21340946061515215,0.026903816261111053,0.5113033693455631,-3.6041176419740033,-4.9608746742617535,-5.380136134603475,-4.9554270806037,-5.3692623466545735,-5.3002189034362,-4.901813180643731,-5.699405133430388,-4.840444262353754,-5.658831779721829,-5.678568827051382,P_E025_GDAXI_L10,1.1810234394492791,False
N_P_E025_GDAXI_L10_2,0,GDAXI,E025,test,test,2022-02-21,2020-08-11,10,-4.479254607413054,-4.739505728811886,-4.816589551529812,0.06763435461233244,0.02642248318978406,0.4910683094977183,-3.700379275251366,-4.579087915217832,-5.20509788581649,-4.81711703236346,-5.24790436742736,-4.472478960497179,-4.985672290609485,-5.059045988991028,-4.338863157177622,-4.792906798265408,-4.912303108011352,P_E025_GDAXI_L10,1.466845947734491,False
N_P_E025_GDAXI_L10_3,0,GDAXI,E025,test,test,2022-02-21,2021-05-20,10,-4.550650196543236,-4.796434254009246,-4.989629183028674,0.14543168297133932,0.03662803781421751,0.5067787338044537,-4.08821217700982,-5.520639730336519,-5.519900272530667,-5.256172601202827,-5.216052468715379,-5.430769363301674,-5.710000674562119,-5.011312079529487,-5.820629857272131,-4.970791303498082,-5.58389346079809,P_E025_GDAXI_L10,1.4943983653524988,False
N_P_E006_FCHI_L1_1,0,FCHI,E006,train,train,2008-09-02,2009-08-04,1,-4.94831609848415,-4.538352163138589,-4.541710772621526,-0.11530134419591846,0.0014959842462315227,0.33136254937612064,-3.971875777469134,-4.50537401659894,-4.76296325430956,-4.0389398250197,-5.369103390198786,-4.239338126575689,-4.333574715714835,-4.681438753679262,-4.380151759839163,-4.298514340923804,-5.218372534720333,P_E006_FCHI_L1,0.44542429589559324,False
N_P_E006_FCHI_L1_2,0,FCHI,E006,train,train,2008-09-02,2010-02-17,1,-4.851599312758357,-4.557013198223149,-4.468933765219117,-0.1578083714556597,-0.011090048293742355,0.31837010515992187,-3.9240111614957796,-5.027284190374263,-4.554942595383049,-5.373295924619384,-4.1831400376572105,-4.943346475654563,-4.210764124321013,-4.593701273104715,-4.889432887168579,-4.862438615017193,-4.634154407123553,P_E006_FCHI_L1,0.5466268263839574,False
N_P_E006_FCHI_L1_3,0,FCHI,E006,train,train,2008-09-02,2013-02-28,1,-4.965152577129552,-4.561438957114171,-4.708154661225125,-0.08250824881626802,-0.0035384405312253067,0.3459685471254753,-3.9565616448638012,-4.4695190903273865,-4.800579264379698,-4.712167874165564,-5.084764387597496,-5.642999288443785,-5.1556620933308634,-5.77073729131563,-5.293375797459997,-5.649788699453722,-5.6824450863021525,P_E006_FCHI_L1,0.6105276109843406,False
N_P_E007_FCHI_L1_1,0,FCHI,E007,train,train,2009-01-06,2011-11-23,1,-4.385890516203986,-4.337117316357085,-4.062030265509923,0.043162647497824454,-0.02476366265665057,0.320961145618141,-3.2968887006503573,-4.224270548348292,-4.098526489614249,-3.6945201089573647,-4.191825848872696,-3.346668985567938,-4.667739406459675,-4.668323778769347,-5.10840983318082,-4.881595899528131,-3.8505707987870914,P_E007_FCHI_L1,1.1321606297596583,False
N_P_E007_FCHI_L1_2,0,FCHI,E007,train,train,2009-01-06,2015-01-30,1,-4.6042975984886185,-4.666591585798243,-4.405941864569192,0.009997063755076122,-0.030973287323316084,0.3710006946554759,-3.468591316476314,-4.817009007464041,-4.9275697221176396,-5.16372370643966,-4.912750488474886,-5.50168782027696,-5.077827392748932,-4.572986803397709,-5.4055110561280095,-4.550867493543792,-5.331472252339933,P_E007_FCHI_L1,1.289163598941314,False
N_P_E007_FCHI_L1_3,0,FCHI,E007,train,train,2009-01-06,2010-05-28,1,-4.726880017678189,-4.369082894726533,-4.0608362885752545,-0.03548111429049032,-0.024726584245216177,0.43991699488174335,-3.1414422153794375,-5.2496426431936465,-3.99071164371103,-4.3637713487417935,-4.8097886460773625,-3.665501285732588,-4.348307404840654,-4.135235426428484,-4.237213876558892,-3.769257873339035,-4.541184796473872,P_E007_FCHI_L1,1.2966044493957014,True
N_P_E011_FCHI_L1_1,0,FCHI,E011,train,train,2011-08-01,2007-08-06,1,-5.095043414683598,-4.7517225866273645,-4.782466452845351,-0.029117618067558772,0.01815221368848759,0.45909816717945495,-3.910558867691982,-5.267909715097527,-4.423201948420621,-3.9616592169216784,-4.301432041358825,-4.726223278625191,-4.416437235860627,-4.773198618755426,-4.69132766228266,-3.6420583697324074,-5.054863312322468,P_E011_FCHI_L1,0.8253960106097854,True
N_P_E011_FCHI_L1_2,0,FCHI,E011,train,train,2011-08-01,2007-08-02,1,-5.077565521931111,-4.719602846357642,-4.861834842090898,-0.06553826013035248,0.0365091724122741,0.498607211929024,-3.910558867691982,-4.354678805277706,-5.095043414683598,-5.267909715097527,-4.423201948420621,-3.9616592169216784,-4.301432041358825,-4.726223278625191,-4.416437235860627,-4.773198618755426,-4.69132766228266,P_E011_FCHI_L1,0.8300953831761174,False
N_P_E011_FCHI_L1_3,0,FCHI,E011,train,train,2011-08-01,2007-03-19,1,-5.24230544923786,-4.901535411275043,-4.899251004834591,-0.08851163268984603,0.006594685084696883,0.46308016317820433,-3.8177541257423067,-4.7541576868229685,-5.807543108573428,-5.227185003247419,-4.962033724929365,-4.613455935648322,-5.311740477525358,-5.345038853425167,-5.141831227033192,-4.969736880853488,-5.4845316079180515,P_E011_FCHI_L1,0.8353010676719952,False
N_P_E018_FCHI_L1_1,0,FCHI,E018,test,test,2020-02-25,2018-09-04,1,-4.441227685555612,-5.296076356557954,-5.329382718213592,0.26603879591591256,-0.01035932853434205,0.4784877847523697,-4.227490343166612,-4.924632625272636,-5.195277494940597,-5.3783489231419015,-5.1663237428915725,-5.272033864463034,-5.281499992653504,-5.37940883407937,-5.918814621607386,-5.753955622703126,-5.182658219502562,P_E018_FCHI_L1,0.6834353454627623,False
N_P_E018_FCHI_L1_2,0,FCHI,E018,test,test,2020-02-25,2019-06-18,1,-4.1712751344474714,-5.259853361439769,-5.172740159622247,0.27167450600719606,0.0011632796407275929,0.4425737030277897,-4.1712751344474714,-5.894441208734451,-5.7794075552903506,-4.974953071302319,-5.632345809719656,-5.949786277074289,-5.59189140085112,-5.300372948333331,-5.0514280061799655,-5.368779858191578,-5.871160402390092,P_E018_FCHI_L1,1.170127207102644,False
N_P_E018_FCHI_L1_3,0,FCHI,E018,test,test,2020-02-25,2017-07-21,1,-4.323160247465169,-4.961635220488846,-5.13727515718902,0.26388633019082414,0.005501570547284175,0.4595545898090739,-4.20712144284601,-5.156315521396723,-4.921207413507781,-5.1603500424448345,-5.2416178013255506,-5.406036518312468,-5.025288539791757,-4.937709636522617,-5.348494694261277,-4.976919801142867,-4.477183812697764,P_E018_FCHI_L1,1.23346617324937,False
N_P_E025_FCHI_L1_1,0,FCHI,E025,test,test,2022-02-15,2016-03-21,1,-4.733046891767394,-4.761800989903167,-4.662324657715222,0.10313707358348936,-0.010495507613933223,0.43580158222309406,-3.473069370621558,-4.602227785431499,-4.6331433708697185,-4.646441305456984,-4.98468559563937,-4.534107271826957,-5.189153562027671,-4.6264461761491225,-4.306794148842445,-5.080854173270571,-5.139225055556365,P_E025_FCHI_L1,0.6508596493997415,False
N_P_E025_FCHI_L1_2,0,FCHI,E025,test,test,2022-02-15,2016-07-18,1,-4.591717985339194,-4.902274647200143,-4.580922029190087,0.012945599141389886,-0.027213482076769997,0.42874274430841747,-3.577383101297586,-4.910448867258212,-4.826611265120373,-5.000346283369232,-4.921750773445449,-4.952203900324143,-4.942588108990934,-5.096616247953096,-4.919354593742104,-5.456944680290673,-4.499397495624705,P_E025_FCHI_L1,0.9573687814651726,False
N_P_E025_FCHI_L1_3,0,FCHI,E025,test,test,2022-02-15,2016-03-24,1,-4.646441305456984,-4.706198279276023,-4.686713292169194,0.06392849956927464,0.0008988342199503666,0.4151625177594944,-3.473069370621558,-4.98468559563937,-4.534107271826957,-5.189153562027671,-4.6264461761491225,-4.306794148842445,-5.080854173270571,-5.139225055556365,-4.396449685427289,-4.828776284044243,-4.5492805451577505,P_E025_FCHI_L1,1.0109176731249097,False
N_P_E006_FCHI_L5_1,0,FCHI,E006,train,train,2008-09-02,2012-02-03,5,-4.43898051626878,-4.8112024329511796,-4.692725638060518,0.13142117498106712,-0.020825721531812308,0.29198656944115875,-4.056504271513323,-5.194251902895746,-4.898908771724679,-5.278214129743173,-5.0487757743556,-4.847226263223712,-4.785937659254845,-5.012604579948625,-4.914736569786534,-4.9291581245456255,-5.300432457992597,P_E006_FCHI_L5,0.6835411583033962,False
N_P_E006_FCHI_L5_2,0,FCHI,E006,train,train,2008-09-02,2015-06-26,5,-4.3422895646036,-4.643855720608885,-4.5396939820845414,0.06862898671080132,-0.0051204991142851835,0.2675899316460989,-4.025453460160801,-4.154491043256772,-4.361272920187655,-4.150847157152651,-4.746611486864682,-4.786998925886141,-4.638163028773139,-4.150191719940582,-4.703603249257085,-4.16803000512733,-4.7318114195107235,P_E006_FCHI_L5,0.708066309214934,False
N_P_E006_FCHI_L5_3,0,FCHI,E006,train,train,2008-09-02,2010-03-05,5,-4.494226191644316,-4.785399231133383,-4.675396088067101,0.06061079513524415,-0.010264535828712892,0.3264717159204351,-4.165526960237256,-5.679629917359982,-5.006898781085385,-4.903167713179324,-5.196722922357212,-5.167913814739345,-5.176941279919626,-5.081321736200668,-5.600588320658844,-5.063662032614458,-4.737100715850809,P_E006_FCHI_L5,0.7249067269175461,False
N_P_E007_FCHI_L5_1,0,FCHI,E007,train,train,2009-01-06,2010-05-28,5,-4.726880017678189,-4.369082894726533,-4.0608362885752545,-0.03548111429049032,-0.024726584245216177,0.43991699488174335,-3.1414422153794375,-5.2496426431936465,-3.99071164371103,-4.3637713487417935,-4.8097886460773625,-3.665501285732588,-4.348307404840654,-4.135235426428484,-4.237213876558892,-3.769257873339035,-4.541184796473872,P_E007_FCHI_L5,1.339088010641666,True
N_P_E007_FCHI_L5_2,0,FCHI,E007,train,train,2009-01-06,2010-06-02,5,-4.3637713487417935,-4.464373515565108,-4.125243754945528,-0.0009650474514668677,-0.044228299054071364,0.5027812747780446,-3.1414422153794375,-4.8097886460773625,-3.665501285732588,-4.348307404840654,-4.135235426428484,-4.237213876558892,-3.769257873339035,-4.541184796473872,-4.825096736298695,-4.302069010643629,-4.79691684345344,P_E007_FCHI_L5,1.5051238563866554,False
N_P_E007_FCHI_L5_3,0,FCHI,E007,train,train,2009-01-06,2010-06-01,5,-3.99071164371103,-4.457673584523021,-4.116976404009902,-0.05796606190521076,-0.03941663710195622,0.5000044313918771,-3.1414422153794375,-4.3637713487417935,-4.8097886460773625,-3.665501285732588,-4.348307404840654,-4.135235426428484,-4.237213876558892,-3.769257873339035,-4.541184796473872,-4.825096736298695,-4.302069010643629,P_E007_FCHI_L5,1.5755985552363496,False
N_P_E011_FCHI_L5_1,0,FCHI,E011,train,train,2011-08-01,2007-08-06,5,-5.095043414683598,-4.7517225866273645,-4.782466452845351,-0.029117618067558772,0.01815221368848759,0.45909816717945495,-3.910558867691982,-5.267909715097527,-4.423201948420621,-3.9616592169216784,-4.301432041358825,-4.726223278625191,-4.416437235860627,-4.773198618755426,-4.69132766228266,-3.6420583697324074,-5.054863312322468,P_E011_FCHI_L5,0.47333491746845785,True
N_P_E011_FCHI_L5_2,0,FCHI,E011,train,train,2011-08-01,2012-10-03,5,-5.152567234265447,-4.649632181503117,-4.883554475912899,-0.01179848758555192,0.00847005839601093,0.4551525168040399,-3.9917860314408977,-4.838558867603478,-4.722978306477827,-5.432059879653151,-4.740216111260486,-5.566001364196763,-4.353623831778212,-5.244075369590027,-4.698788360282439,-4.384060325305326,-5.078317921424072,P_E011_FCHI_L5,0.5773541712811442,False
N_P_E011_FCHI_L5_3,0,FCHI,E011,train,train,2011-08-01,2013-03-26,5,-5.246454971827994,-4.7363749755235585,-4.982927093047739,-0.018923347847702887,0.003983022945534518,0.48184022946899696,-3.9797019772380353,-4.16015650467315,-4.705766586059831,-4.3513971749840135,-4.765859810135789,-4.416824923631186,-4.14930739132008,-5.282674234985857,-4.891394790694298,-4.564120066144501,-4.7851955160942055,P_E011_FCHI_L5,0.6102703944235361,False
N_P_E018_FCHI_L5_1,0,FCHI,E018,test,test,2020-02-25,2021-03-18,5,-5.566697327247352,-5.661434522874781,-5.212479425006732,-0.04819888443262818,-0.03549127971925116,0.44247987483955836,-4.453680861101475,-5.052489749034032,-5.430408806944221,-5.355837824313021,-5.133398695701604,-4.999990011292583,-5.505459959039129,-5.421242717306021,-5.237480499748279,-5.598140458857604,-5.479626050724955,P_E018_FCHI_L5,0.8602330727773657,False
N_P_E018_FCHI_L5_2,0,FCHI,E018,test,test,2020-02-25,2019-09-18,5,-5.64291697547944,-5.512346911673413,-5.339545714860776,-0.1579193093816381,-0.053542514031508726,0.4856136982237317,-4.51617437942658,-5.319950294059804,-5.267072622709376,-4.980742143932713,-6.001956007757594,-4.8982105052429805,-5.050808368204286,-5.97752521643041,-5.17438640058702,-4.448777200163784,-4.008830733695844,P_E018_FCHI_L5,0.8688398021952131,False
N_P_E018_FCHI_L5_3,0,FCHI,E018,test,test,2020-02-25,2017-03-16,5,-5.736710677919394,-5.615473710242756,-5.3445499547641075,-0.04910400045154073,-0.034481245128280644,0.4109074341653015,-4.569966611501565,-5.434780067069263,-5.7731628513841295,-4.868521965248207,-5.0815418054875625,-5.069899041162021,-5.868483989582806,-5.179874125252295,-5.357960196173366,-5.678054990289751,-5.715530076415878,P_E018_FCHI_L5,0.9386925331780407,False
N_P_E025_FCHI_L5_1,0,FCHI,E025,test,test,2022-02-15,2016-11-21,5,-4.809682637592492,-4.969740818791467,-4.903615183322385,0.07770960539481693,0.018101230987145382,0.4286355575912011,-3.6177821710626814,-5.5260647264280225,-5.0134499001341615,-5.4781723654057775,-5.49237618333024,-5.0992931688596075,-4.882160449466279,-5.0264865887801475,-5.202248137633846,-4.91648690151129,-4.295364643683558,P_E025_FCHI_L5,1.2737096654949285,False
N_P_E025_FCHI_L5_2,0,FCHI,E025,test,test,2022-02-15,2016-11-18,5,-4.921740000318135,-4.9469314044488435,-4.944139529512963,-0.025128899547295,0.02685457664370486,0.4566827059473294,-3.6177821710626814,-4.809682637592492,-5.5260647264280225,-5.0134499001341615,-5.4781723654057775,-5.49237618333024,-5.0992931688596075,-4.882160449466279,-5.0264865887801475,-5.202248137633846,-4.91648690151129,P_E025_FCHI_L5,1.517669496785877,False
N_P_E025_FCHI_L5_3,0,FCHI,E025,test,test,2022-02-15,2016-03-18,5,-4.916132042854521,-4.8559908287760125,-4.679338749270093,0.18294986338844943,-0.0035073541154835314,0.445248037511341,-3.473069370621558,-4.733046891767394,-4.602227785431499,-4.6331433708697185,-4.646441305456984,-4.98468559563937,-4.534107271826957,-5.189153562027671,-4.6264461761491225,-4.306794148842445,-5.080854173270571,P_E025_FCHI_L5,1.520815334773126,False
N_P_E006_FCHI_L10_1,0,FCHI,E006,train,train,2008-09-02,2015-07-10,10,-4.7318114195107235,-4.478359884521772,-4.532288054744158,-0.020513506666191995,0.007062565878191661,0.2700480817992545,-4.150191719940582,-5.093049743052842,-5.087812740304794,-5.402880260193424,-4.670708428588255,-5.701817175368845,-5.073442047212159,-4.9012949239009895,-5.62475915981037,-5.038083203171008,-4.802773723526503,P_E006_FCHI_L10,0.503797454859705,False
N_P_E006_FCHI_L10_2,0,FCHI,E006,train,train,2008-09-02,2008-03-12,10,-4.819961726721825,-4.454822838935145,-4.494813393258246,-0.06622013491318714,0.00028560806435169126,0.2665275026189876,-4.092621109495713,-4.387467667896236,-3.854245751749859,-4.421508349796665,-4.2186197237929335,-4.158873982141894,-4.643144833559657,-5.0014479274675,-5.136863663949059,-4.516453144500692,-4.852388874152368,P_E006_FCHI_L10,0.5642478311878873,False
N_P_E006_FCHI_L10_3,0,FCHI,E006,train,train,2008-09-02,2015-06-22,10,-4.428884587373923,-4.491679346063341,-4.4977018925034695,-0.04399585009861022,0.0027352911761857586,0.2538547699243,-4.025453460160801,-5.0436958581862825,-4.873812556261705,-4.530596036618914,-4.3422895646036,-4.154491043256772,-4.361272920187655,-4.150847157152651,-4.746611486864682,-4.786998925886141,-4.638163028773139,P_E006_FCHI_L10,0.5713658139321514,False
N_P_E007_FCHI_L10_1,0,FCHI,E007,train,train,2009-01-06,2008-02-11,10,-4.463292838738338,-4.219997185238213,-4.122287658885353,-0.13893390955933344,-0.03241861487977266,0.5048846681971859,-2.9769944782986366,-3.8372057320548523,-4.33171910498799,-4.496965058706963,-4.092621109495713,-4.7622902723537415,-4.1020902458856,-4.516412878761767,-4.736131854859618,-4.476516271127638,-4.989574560213806,P_E007_FCHI_L10,1.2842816613244348,False
N_P_E007_FCHI_L10_2,0,FCHI,E007,train,train,2009-01-06,2010-05-28,10,-4.726880017678189,-4.369082894726533,-4.0608362885752545,-0.03548111429049032,-0.024726584245216177,0.43991699488174335,-3.1414422153794375,-5.2496426431936465,-3.99071164371103,-4.3637713487417935,-4.8097886460773625,-3.665501285732588,-4.348307404840654,-4.135235426428484,-4.237213876558892,-3.769257873339035,-4.541184796473872,P_E007_FCHI_L10,1.5432551291259586,True
N_P_E007_FCHI_L10_3,0,FCHI,E007,train,train,2009-01-06,2008-02-14,10,-4.496965058706963,-4.281004869895744,-4.12087943342925,-0.03106731536824254,-0.04274723206724513,0.5152275082278555,-2.9769944782986366,-4.092621109495713,-4.7622902723537415,-4.1020902458856,-4.516412878761767,-4.736131854859618,-4.476516271127638,-4.989574560213806,-4.8657577029375405,-4.408550890157953,-4.326392319414587,P_E007_FCHI_L10,1.572016066479917,False
N_P_E011_FCHI_L10_1,0,FCHI,E011,train,train,2011-08-01,2014-11-18,10,-5.071606948171678,-4.8001146053506325,-4.772604942766338,-0.07831960122467312,-0.0049093185847683095,0.44789761408645956,-4.0499426410912385,-5.22827639772837,-4.713308755503564,-4.122869780107952,-4.951670139780195,-5.148786177875711,-5.344954044282373,-5.822303723057361,-5.293333932115076,-5.01079190176815,-4.991953055426047,P_E011_FCHI_L10,0.8868207563426217,False
N_P_E011_FCHI_L10_2,0,FCHI,E011,train,train,2011-08-01,2014-11-20,10,-4.713308755503564,-4.932098214691262,-4.817776292749987,0.00728216433995757,-0.0022047486180889943,0.4238450534196256,-4.173477707755163,-4.122869780107952,-4.951670139780195,-5.148786177875711,-5.344954044282373,-5.822303723057361,-5.293333932115076,-5.01079190176815,-4.991953055426047,-5.603525094409458,-4.1295683523906295,P_E011_FCHI_L10,0.9971340715985134,False
N_P_E011_FCHI_L10_3,0,FCHI,E011,train,train,2011-08-01,2012-10-17,10,-5.078317921424072,-4.751773161676016,-4.860242501793542,-0.058937313500702075,0.003832458562231554,0.4370791863197335,-3.9917860314408977,-5.1460169222561865,-4.957872698787745,-4.903128411239096,-4.041184146259868,-4.836932876740909,-4.772217682136479,-4.480859060298542,-5.368544174161041,-4.802509432396808,-4.641469720536617,P_E011_FCHI_L10,1.0246063292841208,False
N_P_E018_FCHI_L10_1,0,FCHI,E018,test,test,2020-02-25,2021-03-12,10,-5.842607568715596,-5.222270635196589,-5.1517874176348615,-0.28965636360088126,-0.0006148406929724108,0.3949869930450914,-4.453680861101475,-4.960595103347993,-5.9428681844522036,-5.994404430610758,-5.566697327247352,-5.052489749034032,-5.430408806944221,-5.355837824313021,-5.133398695701604,-4.999990011292583,-5.505459959039129,P_E018_FCHI_L10,0.9843134553769577,False
N_P_E018_FCHI_L10_2,0,FCHI,E018,test,test,2020-02-25,2017-03-02,10,-6.159400920248474,-5.297279777064405,-5.2330612873692015,-0.24793218905906395,-0.012695627496433602,0.4325443021298201,-4.569966611501565,-5.04061714781448,-5.803541398691069,-5.506209103451542,-5.273940314924355,-5.132989883557369,-5.564132586792748,-5.730418141427433,-5.16980518138466,-5.876301963689546,-5.736710677919394,P_E018_FCHI_L10,1.0400991825650487,False
N_P_E018_FCHI_L10_3,0,FCHI,E018,test,test,2020-02-25,2018-06-13,10,-5.852949394421076,-5.400331617303036,-5.211106517483393,-0.17697367740168082,-0.00940170757580589,0.4066830999629254,-4.60434002509917,-4.212732120984864,-5.054929505040058,-4.818814050433871,-5.635288114652142,-5.271021118026118,-4.54725284341108,-4.964457269691873,-4.726966404663983,-5.550781783723308,-4.257329412144544,P_E018_FCHI_L10,1.0787032641641412,False
N_P_E025_FCHI_L10_1,0,FCHI,E025,test,test,2022-02-15,2016-11-16,10,-4.6923845282166186,-4.705653157046375,-4.957191554487338,-0.1580199256029233,0.034373507877357636,0.4626233681794463,-3.6177821710626814,-5.111988527212758,-4.921740000318135,-4.809682637592492,-5.5260647264280225,-5.0134499001341615,-5.4781723654057775,-5.49237618333024,-5.0992931688596075,-4.882160449466279,-5.0264865887801475,P_E025_FCHI_L10,1.140255169893241,False
N_P_E025_FCHI_L10_2,0,FCHI,E025,test,test,2022-02-15,2016-11-17,10,-5.111988527212758,-4.8700226803883675,-4.96357877175553,-0.11463332567312604,0.03173497580489434,0.46389662880733423,-3.6177821710626814,-4.921740000318135,-4.809682637592492,-5.5260647264280225,-5.0134499001341615,-5.4781723654057775,-5.49237618333024,-5.0992931688596075,-4.882160449466279,-5.0264865887801475,-5.202248137633846,P_E025_FCHI_L10,1.1828134372555106,False
N_P_E025_FCHI_L10_3,0,FCHI,E025,test,test,2022-02-15,2016-07-01,10,-4.6080306501830055,-4.377610500089469,-4.720948876879009,-0.12982909542182247,0.052711679685472024,0.4896714380883964,-3.577383101297586,-4.847833999313153,-4.639801290626623,-4.315888984638609,-4.783881775882209,-4.163287754440333,-4.69790005673037,-4.605613281181628,-5.280897737109582,-4.8539118949897615,-5.1792323373805464,P_E025_FCHI_L10,1.3095513696871963,False
N_P_E003_FTSE_L1_1,0,FTSE,E003,train,train,2008-01-15,2014-10-31,1,-4.792925329211129,-4.877297698157749,-4.7583564745620075,0.03658779033702607,-0.0016251400978136389,0.43817259079798626,-3.890121677859452,-4.897044957262567,-5.1051595485806045,-4.844254453503382,-4.959896395253877,-5.257173566793454,-5.50823126728446,-6.00326278468973,-5.60726512689755,-5.415923147619148,-5.519957047267931,P_E003_FTSE_L1,0.43469555621367223,False
N_P_E003_FTSE_L1_2,0,FTSE,E003,train,train,2008-01-15,2007-09-27,1,-4.967400074761755,-4.941966498419204,-4.660435160859009,0.05165736564323961,-0.005352190514471717,0.44069931701295734,-3.839342534900629,-4.798523867199327,-4.727287218163619,-4.944794077093583,-5.425321529282359,-4.841625406169194,-5.2545884856685445,-5.130885107004856,-4.718190475148955,-5.492971655771574,-4.741237020512992,P_E003_FTSE_L1,0.634913465088208,False
N_P_E003_FTSE_L1_3,0,FTSE,E003,train,train,2008-01-15,2007-09-28,1,-4.798523867199327,-4.89995808402219,-4.66675768439186,0.06036605965765634,-0.0075086479353856945,0.4417808118412109,-3.839342534900629,-4.727287218163619,-4.944794077093583,-5.425321529282359,-4.841625406169194,-5.2545884856685445,-5.130885107004856,-4.718190475148955,-5.492971655771574,-4.741237020512992,-5.060604389793694,P_E003_FTSE_L1,0.6765425310783159,False
N_P_E010_FTSE_L1_1,0,FTSE,E010,train,train,2010-05-04,2010-01-25,1,-4.730921779031043,-4.480738618732442,-4.954853957547513,-0.05804932995100586,0.04613088334710635,0.3841718119311575,-4.185471462432838,-4.961010535743071,-4.6385616099708145,-4.165705371128737,-4.627210985485594,-4.607453652446786,-4.68361065816404,-4.864870511844768,-4.1354828450327386,-4.385498996810356,-4.598230429669465,P_E010_FTSE_L1,0.7105734275017381,False
N_P_E010_FTSE_L1_2,0,FTSE,E010,train,train,2010-05-04,2012-04-17,1,-4.3546283317500025,-4.667729709160761,-4.849410287931889,0.019635932844717194,0.03522065042366816,0.40441665223147316,-4.140461522875931,-5.198398345237531,-5.181216432426146,-5.225828758621065,-4.257962971967948,-5.136082041855307,-5.429670686416542,-4.922551041804415,-4.771620309388113,-5.00828850241682,-4.707198498640272,P_E010_FTSE_L1,0.7179946822883663,False
N_P_E010_FTSE_L1_3,0,FTSE,E010,train,train,2010-05-04,2007-08-07,1,-4.465040258241594,-4.571020099197681,-4.752318506332271,-0.050878959050927625,0.03741996935271116,0.4385093287481154,-3.858623862671045,-4.687417104103422,-4.148489430958525,-3.7841416187751817,-3.9362508223484727,-4.353832257046076,-4.601687549119796,-3.6835463725372337,-3.4615151961642816,-4.631034556317106,-4.754811587518232,P_E010_FTSE_L1,0.8781348271641424,False
N_P_E011_FTSE_L1_1,0,FTSE,E011,train,train,2011-08-01,2014-03-12,1,-4.843290228020501,-5.104164479173545,-5.126488431554545,0.1349315205837049,0.01625326037851649,0.406435133058567,-4.399913112916266,-4.935044029992951,-5.31560133527326,-5.131981614926588,-4.76564773844205,-5.550826885494006,-4.906099064391453,-5.765644678399582,-5.159415913404303,-4.862273609896213,-5.575246461831147,P_E011_FTSE_L1,0.5543670540293691,False
N_P_E011_FTSE_L1_2,0,FTSE,E011,train,train,2011-08-01,2012-11-09,1,-4.901484599110861,-5.034231307482801,-5.178247523866132,0.1204722598666697,0.026065161290817988,0.4016906377665923,-4.299552818513633,-5.6680559022779295,-4.845642756807544,-4.96803910970258,-5.291800008656418,-4.803273835326663,-4.254299840225146,-5.3539016011171086,-5.691969388768988,-5.376909476286147,-5.282669425502732,P_E011_FTSE_L1,0.5917401077061661,False
N_P_E011_FTSE_L1_3,0,FTSE,E011,train,train,2011-08-01,2014-10-13,1,-4.735080466888483,-4.869674304390912,-5.055470229092054,0.14430361668829006,0.030792011037317022,0.3801314569632506,-4.453551553385097,-4.669951923594034,-3.9950871095298455,-3.890121677859452,-4.422521387220369,-4.851738688927189,-4.2959350414710356,-5.17312308789471,-4.50732910926011,-5.429109175436064,-4.592992924741257,P_E011_FTSE_L1,0.7734914033576452,False
N_P_E014_FTSE_L1_1,0,FTSE,E014,train,train,2015-08-21,2013-04-18,1,-5.300617012821804,-5.1052403511010676,-5.082932456942199,0.04737364077539868,0.0011450059982518108,0.36284474013736595,-4.368792142525826,-5.445480477980702,-4.839416750177166,-4.4154848109273415,-5.521545036361313,-5.269675334852101,-5.510909626584302,-5.622830339316563,-5.027337030260283,-5.451999341702062,-5.1770397135860735,P_E014_FTSE_L1,0.46012220199313647,True
N_P_E014_FTSE_L1_2,0,FTSE,E014,train,train,2015-08-21,2013-04-12,1,-5.402764886820765,-5.303436677250911,-5.089840620552996,0.024249771746778802,-0.0024165284546325953,0.3442798290147538,-4.368792142525826,-4.830486159894433,-5.431288195829967,-4.56104550013837,-5.300617012821804,-5.445480477980702,-4.839416750177166,-4.4154848109273415,-5.521545036361313,-5.269675334852101,-5.510909626584302,P_E014_FTSE_L1,0.5831519354311803,False
N_P_E014_FTSE_L1_3,0,FTSE,E014,train,train,2015-08-21,2012-02-14,1,-5.421949635388362,-5.264300599106777,-5.08453306393231,0.03245368325154658,-0.007853343879445031,0.35605611467196546,-4.421991655413052,-5.428052565511887,-5.043117217425805,-5.549475187780701,-5.260871302798904,-5.7242965694746095,-5.425812038998077,-5.246404250599117,-5.548194030962962,-4.95451364476767,-5.583998225395402,P_E014_FTSE_L1,0.5864858893176489,False
N_P_E016_FTSE_L1_1,0,FTSE,E016,test,test,2016-01-14,2020-08-19,1,-4.97656200506615,-4.675580728494536,-4.700832532773559,-0.09569688759675213,0.01452191969668604,0.49417567232069703,-3.816403111217272,-4.590869503031886,-4.734126781878464,-4.449542066255659,-4.274896015857903,-5.142412964816752,-5.078945715323942,-4.952272039741344,-4.191803701065354,-4.471392058251634,-4.131451476510484,P_E016_FTSE_L1,1.0187172829533444,False
N_P_E016_FTSE_L1_2,0,FTSE,E016,test,test,2016-01-14,2020-08-20,1,-4.590869503031886,-4.653981847282628,-4.68090262921442,-0.08573959668328959,0.011535424730391302,0.489941992635399,-3.816403111217272,-4.734126781878464,-4.449542066255659,-4.274896015857903,-5.142412964816752,-5.078945715323942,-4.952272039741344,-4.191803701065354,-4.471392058251634,-4.131451476510484,-4.34818199282306,P_E016_FTSE_L1,1.0630024507882025,False
N_P_E016_FTSE_L1_3,0,FTSE,E016,test,test,2016-01-14,2020-08-17,1,-4.860031851892662,-4.445853372491776,-4.725026704208457,-0.13061236058361447,0.02739607751056275,0.5023272800456918,-3.816403111217272,-4.622009280220256,-4.97656200506615,-4.590869503031886,-4.734126781878464,-4.449542066255659,-4.274896015857903,-5.142412964816752,-5.078945715323942,-4.952272039741344,-4.191803701065354,P_E016_FTSE_L1,1.123107950657546,False
N_P_E018_FTSE_L1_1,0,FTSE,E018,test,test,2020-02-24,2022-04-06,1,-5.086701325132125,-5.320491108419406,-5.085255153376008,0.0519763669543789,-0.044703812202971066,0.43429212701949577,-4.305163723789903,-5.27865885444451,-4.678615499088595,-5.392748067077127,-5.122024872198997,-5.594185410771073,-5.181100245335425,-5.36611612637767,-5.592210971316003,-5.3519140287081415,-4.77572824005011,P_E018_FTSE_L1,0.6257848279366188,False
N_P_E018_FTSE_L1_2,0,FTSE,E018,test,test,2020-02-24,2018-07-12,1,-5.186713794916834,-5.224783289845431,-5.068007456404129,0.0639413627034026,-0.028598068667468123,0.46406850910868175,-4.286363362055338,-5.283750621543422,-4.815627261768545,-5.3651933335871265,-5.359916105853209,-5.699210995501156,-5.148834034020465,-5.408629531856355,-4.935822898999725,-5.212035885290065,-5.674847554222095,P_E018_FTSE_L1,0.6387411316051964,False
N_P_E018_FTSE_L1_3,0,FTSE,E018,test,test,2020-02-24,2019-01-25,1,-5.399301789186248,-5.3231417780590435,-4.973555060318867,0.03799575940539903,-0.03230959984421086,0.4607653677555992,-4.252927733329311,-4.967137325155199,-4.605582974965093,-4.45313229746322,-5.373879543775736,-5.344888998582934,-5.579227342165976,-4.387325677349375,-5.760706619937034,-4.840870858964527,-5.44592637890014,P_E018_FTSE_L1,0.6474873286246328,False
N_P_E003_FTSE_L5_1,0,FTSE,E003,train,train,2008-01-15,2014-11-04,5,-5.1051595485806045,-4.881213624450786,-4.745065311948912,-0.050937671735123924,-0.0208751891251436,0.4288063271597775,-3.890121677859452,-4.844254453503382,-4.959896395253877,-5.257173566793454,-5.50823126728446,-6.00326278468973,-5.60726512689755,-5.415923147619148,-5.519957047267931,-5.1310987114878515,-5.572254587368955,P_E003_FTSE_L5,0.8446013023138866,False
N_P_E003_FTSE_L5_2,0,FTSE,E003,train,train,2008-01-15,2014-10-29,5,-4.98704904987291,-4.981222441789415,-4.752363447971613,-0.09199626554262738,-0.006231132476767189,0.4390230774159284,-3.890121677859452,-4.62388923732672,-4.792925329211129,-4.897044957262567,-5.1051595485806045,-4.844254453503382,-4.959896395253877,-5.257173566793454,-5.50823126728446,-6.00326278468973,-5.60726512689755,P_E003_FTSE_L5,0.9066940744214868,False
N_P_E003_FTSE_L5_3,0,FTSE,E003,train,train,2008-01-15,2007-03-21,5,-4.870306288965214,-4.9383694091218135,-4.840680376641431,-0.08359489035806086,-0.0008844389822071554,0.4516676107141702,-3.975088851458628,-4.811918592864592,-5.276639352277921,-4.863597221329304,-5.150104820704397,-5.250921266816292,-5.046209253491831,-5.598871418071958,-5.383620184606122,-5.3406940595879995,-5.7243212487695185,P_E003_FTSE_L5,0.9781370899202193,False
N_P_E010_FTSE_L5_1,0,FTSE,E010,train,train,2010-05-04,2011-03-04,5,-4.9666560489173825,-4.789420551582966,-5.009649417260904,0.007773878595473795,0.03402037161932041,0.37651889278649964,-4.453030167728771,-4.831895901098066,-4.694325702336268,-5.1934111538346555,-4.849948682198348,-5.345686256919468,-4.862983692022917,-4.343165942186457,-4.350367159278965,-4.574168584907981,-5.099188302067542,P_E010_FTSE_L5,0.44820281248522786,False
N_P_E010_FTSE_L5_2,0,FTSE,E010,train,train,2010-05-04,2007-07-25,5,-4.713462822852538,-4.864609580054542,-5.10508228570374,0.0446727870180858,0.03008389173872053,0.3806167828067915,-4.464944155230825,-3.858623862671045,-4.439424081044086,-4.992850484835587,-4.212113236963096,-4.101227628963257,-5.02604472945362,-4.455578817923715,-4.80720906140622,-4.465040258241594,-4.687417104103422,P_E010_FTSE_L5,0.45196960596552166,False
N_P_E010_FTSE_L5_3,0,FTSE,E010,train,train,2010-05-04,2014-12-11,5,-4.89981513005629,-4.892312484310061,-5.220602908137222,0.024611449713408853,0.03167286491516978,0.3672625333584842,-4.3441950696398415,-4.169240908097867,-4.0964144757062355,-4.016578045248387,-4.476021582353446,-4.410268293488071,-4.677825841261993,-4.9756283390697575,-5.526466236928952,-5.838042150615504,-5.147432372861955,P_E010_FTSE_L5,0.4934630921863352,False
N_P_E011_FTSE_L5_1,0,FTSE,E011,train,train,2011-08-01,2013-04-18,5,-5.300617012821804,-5.1052403511010676,-5.082932456942199,0.04737364077539868,0.0011450059982518108,0.36284474013736595,-4.368792142525826,-5.445480477980702,-4.839416750177166,-4.4154848109273415,-5.521545036361313,-5.269675334852101,-5.510909626584302,-5.622830339316563,-5.027337030260283,-5.451999341702062,-5.1770397135860735,P_E011_FTSE_L5,0.4904181820726181,True
N_P_E011_FTSE_L5_2,0,FTSE,E011,train,train,2011-08-01,2013-04-24,5,-5.521545036361313,-5.104508817653665,-5.075601922383983,0.058813961997433946,0.0009913575727132898,0.4049409256904486,-4.368792142525826,-5.269675334852101,-5.510909626584302,-5.622830339316563,-5.027337030260283,-5.451999341702062,-5.1770397135860735,-4.786989575550283,-5.54718911838316,-5.601147418206872,-6.062508158022718,P_E011_FTSE_L5,0.5146521341655139,False
N_P_E011_FTSE_L5_3,0,FTSE,E011,train,train,2011-08-01,2015-04-21,5,-5.053932643471301,-5.082571412350314,-5.1018945975851855,0.08691414803875804,0.0021414504994490087,0.3806051127940148,-4.363167790055363,-4.814037838537717,-5.283561568080877,-5.434447530542193,-4.794512337318065,-4.5821367612605295,-4.639694296462586,-5.194249869097073,-5.026445427871917,-4.529051759683727,-5.23877947400616,P_E011_FTSE_L5,0.6125270594363948,False
N_P_E014_FTSE_L5_1,0,FTSE,E014,train,train,2015-08-21,2013-02-27,5,-5.059290758171829,-4.912165072873152,-5.1237084452043415,-0.056893882178952575,0.0018978455166609436,0.3902424678295175,-4.49829791104443,-5.434682776272575,-4.845939615857738,-5.435830350817603,-4.7446715756711555,-5.536778469698656,-5.803482922971582,-5.364349132514785,-5.830240990065042,-5.548055073850268,-4.994850901775976,P_E014_FTSE_L5,0.5313743143032549,False
N_P_E014_FTSE_L5_2,0,FTSE,E014,train,train,2015-08-21,2015-05-01,5,-5.026445427871917,-4.847407738402034,-5.064324104467065,-0.10759792889442477,0.011279531293012053,0.3460153490616292,-4.449664461224536,-4.529051759683727,-5.23877947400616,-4.527280469881524,-4.277095741319735,-5.301417083301339,-4.399453349901257,-5.119271280241361,-4.817855292190029,-5.079034787611584,-4.930731034561268,P_E014_FTSE_L5,0.5942313186294949,True
N_P_E014_FTSE_L5_3,0,FTSE,E014,train,train,2015-08-21,2012-03-30,5,-5.4632541233066965,-5.017449310571286,-5.157335393339106,-0.05721854679980621,0.006452721466448979,0.3623469390525155,-4.421299427447374,-4.339146844281998,-5.238737913635802,-4.140461522875931,-4.933019047452272,-4.297990952300435,-4.767513312637668,-4.3211594044429225,-4.944777459202129,-4.9505700377710795,-4.3546283317500025,P_E014_FTSE_L5,0.6017755000849085,False
N_P_E016_FTSE_L5_1,0,FTSE,E016,test,test,2016-01-14,2020-08-03,5,-3.998251145529423,-4.527884492711477,-4.7540795323071965,0.34568471522248106,0.006522494796130756,0.47042355495441207,-3.816403111217272,-4.968790842460252,-4.897476672989026,-4.393904734767338,-5.3152348330539905,-4.957462730943604,-4.184442188878756,-4.265492316393851,-4.698863909091425,-4.220436596202184,-4.860031851892662,P_E016_FTSE_L5,1.4089884499130312,False
N_P_E016_FTSE_L5_2,0,FTSE,E016,test,test,2016-01-14,2021-01-29,5,-4.424390012189441,-4.582230597428442,-4.867515946415888,0.11699680054209328,-0.006804531535780879,0.5390677325604367,-3.8144456035833048,-4.803472138045114,-5.2440378520611,-4.868315223642931,-4.971441597759417,-5.175919003367911,-4.932372294956338,-5.605041170987093,-4.729743477397692,-5.625302424756445,-4.64445635046372,P_E016_FTSE_L5,1.558319967192581,False
N_P_E016_FTSE_L5_3,0,FTSE,E016,test,test,2016-01-14,2021-01-28,5,-4.439325126171775,-4.729193859850492,-4.87289324553385,0.18503977034464253,-0.018595256125429366,0.5349353816885992,-3.8144456035833048,-4.424390012189441,-4.803472138045114,-5.2440378520611,-4.868315223642931,-4.971441597759417,-5.175919003367911,-4.932372294956338,-5.605041170987093,-4.729743477397692,-5.625302424756445,P_E016_FTSE_L5,1.5687677789840346,False
N_P_E018_FTSE_L5_1,0,FTSE,E018,test,test,2020-02-24,2018-07-19,5,-5.699210995501156,-5.304739663650691,-5.1621843198168245,-0.1375209592000136,-0.03160534517352269,0.4375050905350869,-4.286363362055338,-5.148834034020465,-5.408629531856355,-4.935822898999725,-5.212035885290065,-5.674847554222095,-5.467492830907253,-5.39440413917958,-4.996434534508273,-4.700546013931285,-4.8056790775447045,P_E018_FTSE_L5,0.6355862042226038,False
N_P_E018_FTSE_L5_2,0,FTSE,E018,test,test,2020-02-24,2018-07-17,5,-5.3651933335871265,-5.073340040129647,-5.082825336468048,-0.09284697563613466,-0.03058493246334208,0.4332263936463979,-4.286363362055338,-5.359916105853209,-5.699210995501156,-5.148834034020465,-5.408629531856355,-4.935822898999725,-5.212035885290065,-5.674847554222095,-5.467492830907253,-5.39440413917958,-4.996434534508273,P_E018_FTSE_L5,0.8692794833687382,False
N_P_E018_FTSE_L5_3,0,FTSE,E018,test,test,2020-02-24,2018-07-18,5,-5.359916105853209,-5.202240223533827,-5.109103717110662,-0.04278473339164614,-0.030620053444927464,0.4333009493740456,-4.286363362055338,-5.699210995501156,-5.148834034020465,-5.408629531856355,-4.935822898999725,-5.212035885290065,-5.674847554222095,-5.467492830907253,-5.39440413917958,-4.996434534508273,-4.700546013931285,P_E018_FTSE_L5,0.9389311567362248,False
N_P_E003_FTSE_L10_1,0,FTSE,E003,train,train,2008-01-15,2014-11-10,10,-5.50823126728446,-5.134943046283157,-4.809658294032995,-0.12190625506977873,-0.04849730947538378,0.44768109199976697,-3.890121677859452,-6.00326278468973,-5.60726512689755,-5.415923147619148,-5.519957047267931,-5.1310987114878515,-5.572254587368955,-5.6120714426951315,-5.295486098916659,-4.777768506237188,-5.5445449003812834,P_E003_FTSE_L10,0.5026741061872051,False
N_P_E003_FTSE_L10_2,0,FTSE,E003,train,train,2008-01-15,2013-07-23,10,-5.210869799519837,-5.215833564255069,-4.954089385122349,-0.156222339479498,-0.040062013192808985,0.44752286296073823,-3.956974994996685,-4.918765517325415,-4.860277839281231,-4.75122908574007,-5.17027464588153,-5.601190339300467,-4.674094789130437,-4.99782976926565,-5.026350375960696,-4.758071438608079,-5.087278326832972,P_E003_FTSE_L10,0.655353146221803,False
N_P_E003_FTSE_L10_3,0,FTSE,E003,train,train,2008-01-15,2010-12-13,10,-5.355577855611837,-5.308346169766159,-4.85118367044888,-0.1595555991638612,-0.03564089581514283,0.42060727049351876,-4.057359033728258,-5.375939708858047,-5.487684224283263,-5.361406251990709,-5.3457339157660915,-5.269015910062497,-5.681374697273079,-5.134226859580494,-6.197390989923621,-5.770445242925494,-5.386660457248056,P_E003_FTSE_L10,0.7492291060021045,False
N_P_E010_FTSE_L10_1,0,FTSE,E010,train,train,2010-05-04,2010-10-28,10,-5.065810439426543,-5.214088761815448,-5.044150588974723,0.15416560330626022,-0.002342184458271111,0.32081692218583263,-4.546913962366367,-5.160657934672987,-4.924046089330273,-4.682453273600879,-5.360317382463574,-4.813640811809585,-5.016732197491518,-5.429406628014687,-5.083452366903648,-4.876755996705745,-5.25637368378687,P_E010_FTSE_L10,0.49559129453425,False
N_P_E010_FTSE_L10_2,0,FTSE,E010,train,train,2010-05-04,2007-07-13,10,-5.291136726522119,-5.112061021073564,-5.215731953843674,0.08086854037026084,0.0053915031254079425,0.3039469056072941,-4.581907962947554,-5.28485738355018,-5.060058291112352,-4.7848938240342385,-4.788137443601191,-4.762322783914381,-5.594180694673776,-4.464944155230825,-4.713462822852538,-3.858623862671045,-4.439424081044086,P_E010_FTSE_L10,0.6284860177412284,False
N_P_E010_FTSE_L10_3,0,FTSE,E010,train,train,2010-05-04,2007-02-02,10,-5.413196333283855,-5.296171547892167,-5.234725525173522,0.13563974154063552,0.005092512585596687,0.3326162834413879,-4.605450490952983,-5.727838805929755,-5.317728251711688,-5.539413397871545,-5.4620603484939325,-5.377561518423743,-5.620226902477602,-5.926013033305569,-5.522070418947711,-5.636262613631977,-5.81496215422285,P_E010_FTSE_L10,0.7046891770758239,False
N_P_E011_FTSE_L10_1,0,FTSE,E011,train,train,2011-08-01,2015-05-01,10,-5.026445427871917,-4.847407738402034,-5.064324104467065,-0.10759792889442477,0.011279531293012053,0.3460153490616292,-4.449664461224536,-4.529051759683727,-5.23877947400616,-4.527280469881524,-4.277095741319735,-5.301417083301339,-4.399453349901257,-5.119271280241361,-4.817855292190029,-5.079034787611584,-4.930731034561268,P_E011_FTSE_L10,0.46843002949777873,True
N_P_E011_FTSE_L10_2,0,FTSE,E011,train,train,2011-08-01,2011-01-26,10,-5.149739181696221,-4.934041702339174,-5.075940983162221,-0.12749374730273944,0.012196056762671537,0.322101805717348,-4.55954462090388,-5.292832983091831,-4.872012314760616,-4.976044369829403,-4.668457794195486,-5.266858716680279,-5.380673288641007,-5.541541503808083,-5.1446201516151175,-5.133125592067274,-5.763638969801728,P_E011_FTSE_L10,0.583180359792753,False
N_P_E011_FTSE_L10_3,0,FTSE,E011,train,train,2011-08-01,2013-08-09,10,-5.026532039465064,-4.958657958606726,-5.072584685752219,-0.08054720340709852,0.01415341309242292,0.3231881247285139,-4.565578828937528,-5.361121250117906,-5.352815538673919,-5.490438401754702,-4.442948220697237,-5.573798513707031,-5.39773598691528,-5.07276640297671,-5.074924033439743,-4.918532693970676,-4.737614479642005,P_E011_FTSE_L10,0.6342340814589258,False
N_P_E014_FTSE_L10_1,0,FTSE,E014,train,train,2015-08-21,2013-03-26,10,-5.718283703674263,-5.217364294057028,-5.247329708942643,-0.06155264365327946,0.004604967500338386,0.350884834981404,-4.6404500647239155,-4.931168804266562,-5.088581416750277,-4.750577649259512,-4.962622083556531,-4.829465317261009,-4.368792142525826,-5.569250616586305,-5.354475788712973,-4.7457425633582515,-5.444949530776261,P_E014_FTSE_L10,0.4199273740869383,False
N_P_E014_FTSE_L10_2,0,FTSE,E014,train,train,2015-08-21,2007-02-05,10,-5.727838805929755,-5.318111833267966,-5.262752060655158,-0.047283459414461854,-0.0008874771346751651,0.34980777520748974,-4.605450490952983,-5.317728251711688,-5.539413397871545,-5.4620603484939325,-5.377561518423743,-5.620226902477602,-5.926013033305569,-5.522070418947711,-5.636262613631977,-5.81496215422285,-5.816859710541422,P_E014_FTSE_L10,0.4473117952282862,False
N_P_E014_FTSE_L10_3,0,FTSE,E014,train,train,2015-08-21,2012-10-10,10,-5.653642993627394,-5.264197415595678,-5.173544302935621,-0.07473994135784444,-0.002983816353791615,0.3631415540743557,-4.463808131563194,-4.799467739593794,-5.5820948492635045,-5.4428443293317486,-4.899370036936979,-5.343028255565036,-5.735854888066973,-5.879423584744851,-5.47375124948783,-4.533654792455238,-5.3338876512325815,P_E014_FTSE_L10,0.5116550599983308,False
N_P_E016_FTSE_L10_1,0,FTSE,E016,test,test,2016-01-14,2021-01-14,10,-5.152893624817767,-5.193007236778977,-4.823672245557929,-0.04939610325305987,-0.008849581260247288,0.5249737065251495,-3.8144456035833048,-4.493267402969342,-5.8534341390547,-5.034507586732655,-5.327973591040071,-5.207576835264492,-5.159206324299688,-4.666359955858134,-5.1253532442553285,-4.255724648667532,-4.439325126171775,P_E016_FTSE_L10,0.9759547926268666,False
N_P_E016_FTSE_L10_2,0,FTSE,E016,test,test,2016-01-14,2021-05-26,10,-5.402624647294131,-5.395818381035248,-5.028427405179705,-0.1528752495373083,-0.012557720294533439,0.48619765200755927,-4.012677990191814,-5.798330698713384,-5.804128195831932,-4.8152483612461445,-5.496346089043007,-4.8268960466828235,-5.90356969440319,-5.346044333638305,-5.553366612303141,-5.467620476580088,-5.747390213817807,P_E016_FTSE_L10,1.1095456613518846,False
N_P_E016_FTSE_L10_3,0,FTSE,E016,test,test,2016-01-14,2021-12-17,10,-5.481604371173248,-5.154972720678943,-5.019783241871646,-0.05412620703190935,-0.016029823510510015,0.5094258819777726,-3.7963864254643167,-4.2604738837006915,-4.79936638139277,-5.183956301435719,-5.417649012488706,-5.867071022765729,-4.977967029925704,-6.007796544584074,-5.589740907251416,-4.511698398464,-5.611616026403972,P_E016_FTSE_L10,1.1369320220479064,False
N_P_E018_FTSE_L10_1,0,FTSE,E018,test,test,2020-02-24,2021-05-24,10,-5.65191401594561,-5.073884753878472,-5.013202497108237,-0.20382729813735417,0.01547252505870473,0.4689497535065185,-4.012677990191814,-5.737912476838352,-5.402624647294131,-5.798330698713384,-5.804128195831932,-4.8152483612461445,-5.496346089043007,-4.8268960466828235,-5.90356969440319,-5.346044333638305,-5.553366612303141,P_E018_FTSE_L10,0.8101814299112718,False
N_P_E018_FTSE_L10_2,0,FTSE,E018,test,test,2020-02-24,2021-07-13,10,-5.794058522724047,-5.090850520650711,-5.200122785177398,-0.166611666563684,0.008694612483819706,0.4714886876681917,-4.240376475327365,-5.443246030295909,-4.701354974354909,-5.000765703975816,-4.077323072459114,-4.714908668411911,-4.514369158132934,-5.223254796965669,-5.189735482783547,-5.3048313720490965,-4.768146826272187,P_E018_FTSE_L10,0.9456637582737367,False
N_P_E018_FTSE_L10_3,0,FTSE,E018,test,test,2020-02-24,2021-09-24,10,-5.711462558133527,-4.9676144014901595,-5.237541448802906,-0.3070639021191677,0.019834527027276897,0.45651419027427326,-4.3486904260439125,-5.007356084076292,-5.34832633708197,-4.86657524442522,-4.913624165884233,-4.796518181512001,-5.123844234430986,-5.072926027189088,-4.4853727539795205,-4.774278719143017,-5.717641729505094,P_E018_FTSE_L10,0.984083360301676,False
N_P_E003_OMXSPI_L1_1,0,OMXSPI,E003,train,train,2008-01-04,2012-06-14,1,-4.532036014502755,-4.598351813672327,-4.5759354637212,0.08228744700952359,0.002178990970827848,0.2938062918753981,-3.8818515626756906,-5.56107378779254,-4.452715259553201,-4.481824126146034,-4.599269685580914,-5.243505033137581,-4.631212244685419,-4.925301292027659,-4.981322687296812,-4.309868372288979,-4.397448555115298,P_E003_OMXSPI_L1,0.4802287238644982,False
N_P_E003_OMXSPI_L1_2,0,OMXSPI,E003,train,train,2008-01-04,2009-08-31,1,-4.510096180982514,-4.56872259629543,-4.475684489367334,0.07104478817020254,-0.002156040801361982,0.3049383366309876,-3.953265402741879,-4.152084749404912,-4.223081532808498,-4.590740638043511,-4.652073490595673,-4.747497449019479,-5.361005799962998,-4.3311839590356,-4.604774589382901,-5.483060843359796,-4.568930042218284,P_E003_OMXSPI_L1,0.4812464217905397,False
N_P_E003_OMXSPI_L1_3,0,OMXSPI,E003,train,train,2008-01-04,2009-10-26,1,-4.256035661026018,-4.50936748845808,-4.633248823622859,0.08465132720574753,-0.0002697922284814157,0.30452832190953644,-4.120999336762305,-4.737573257244597,-4.327423669049612,-4.148706427382274,-5.011551654798643,-4.347447528241685,-4.656469716615879,-4.409755085176953,-4.278677185168148,-4.6371909633281785,-4.462795141311191,P_E003_OMXSPI_L1,0.4985963283549055,False
N_P_E006_OMXSPI_L1_1,0,OMXSPI,E006,train,train,2008-08-28,2008-04-23,1,-4.6188144134554,-4.613083844418424,-4.60383528129591,-0.10726930355143491,0.00040218426156785194,0.38007242063361657,-3.8573856464049885,-4.3814543102372525,-3.976836193391871,-4.972129405083208,-4.549541434541805,-5.657900790554635,-4.135197626225194,-5.3083803350390735,-4.769196334284451,-4.749552666032036,-5.150554680859571,P_E006_OMXSPI_L1,0.5864405440084532,True
N_P_E006_OMXSPI_L1_2,0,OMXSPI,E006,train,train,2008-08-28,2009-06-16,1,-4.452666799235492,-4.436022931137867,-4.4553933509185715,-0.09232260196609443,-0.0007409040990583444,0.34636414248153374,-3.770444505839749,-4.134832724332376,-4.632111200162022,-3.8277988607087687,-4.699078070107648,-3.895742357768185,-4.537050032315382,-4.703162837396863,-4.197595807652456,-4.701682770450977,-4.302231782218096,P_E006_OMXSPI_L1,0.6809071594355443,False
N_P_E006_OMXSPI_L1_3,0,OMXSPI,E006,train,train,2008-08-28,2007-09-14,1,-4.552798669084992,-4.54707318707162,-4.589743730879805,-0.03208102352382536,0.0007213574868688415,0.35711576431596725,-3.9908682416031005,-4.449322384613262,-4.554616202696975,-3.953879763510959,-4.5756328727939675,-5.201721115706728,-5.1343135725536655,-4.636650444029553,-5.025436913765408,-4.526401343495988,-5.433177264745002,P_E006_OMXSPI_L1,0.7293405452658779,False
N_P_E007_OMXSPI_L1_1,0,OMXSPI,E007,train,train,2009-01-08,2008-04-09,1,-4.837494933529091,-4.767298971180784,-4.436014581969246,0.02673353275353996,-0.043877806353733284,0.4976789362041686,-3.7417878094463717,-4.182405758403688,-4.1646060677019525,-4.748266619778775,-4.934176468345641,-4.377598323224024,-4.480662810293747,-4.406741970850421,-4.356068227451088,-5.203131800041461,-4.6188144134554,P_E007_OMXSPI_L1,2.3215678088065057,True
N_P_E007_OMXSPI_L1_2,0,OMXSPI,E007,train,train,2009-01-08,2007-03-26,1,-5.032948176417969,-5.051864617996098,-4.552263506790086,-0.09209433389720112,-0.06102860232287076,0.5350177911211893,-3.5294779802315,-5.280050625616205,-4.854572980334225,-5.027185107228778,-5.506468691541124,-4.757035022486777,-4.681087152160984,-5.098927851066226,-5.958433279200682,-4.837204212211411,-4.968974667940817,P_E007_OMXSPI_L1,2.356055519709901,True
N_P_E007_OMXSPI_L1_3,0,OMXSPI,E007,train,train,2009-01-08,2007-09-05,1,-4.274413760253716,-4.8704500947490565,-4.428580502305697,0.05617439748182967,-0.05227295638877375,0.4923319499334475,-3.658653115455495,-4.6123049975963095,-3.9908682416031005,-4.447950295709703,-4.368987207454979,-4.885529067165775,-4.480100695942646,-4.552798669084992,-4.449322384613262,-4.554616202696975,-3.953879763510959,P_E007_OMXSPI_L1,2.3635471120096816,False
N_P_E009_OMXSPI_L1_1,0,OMXSPI,E009,train,train,2010-04-23,2010-01-21,1,-4.645955477283737,-4.790630527733636,-5.099134234707397,0.10415450453129028,0.023243863133728407,0.41433319215624226,-4.514465206903609,-4.737237439338796,-4.6516419720757485,-5.382602521099655,-4.451474529117868,-4.104582855294783,-4.532301756845301,-4.470376489000177,-5.278644408322741,-5.274957769087151,-4.171643871954632,P_E009_OMXSPI_L1,0.5400510086279893,False
N_P_E009_OMXSPI_L1_2,0,OMXSPI,E009,train,train,2010-04-23,2015-04-23,1,-4.633808223975149,-4.81567500100749,-5.226886583412068,0.0048888306348461984,0.016406343123624864,0.40024796970769777,-4.478224210560556,-5.61864305173983,-4.873064902953806,-4.232166644604994,-3.916939165202658,-4.671720911967113,-5.3721246299335235,-4.149815728463893,-4.551763167722498,-4.278659146290856,-4.369123228275559,P_E009_OMXSPI_L1,0.8305843129790057,False
N_P_E009_OMXSPI_L1_3,0,OMXSPI,E009,train,train,2010-04-23,2007-01-15,1,-4.67380843335396,-5.014225278138182,-5.292731399650525,0.09022879172851193,0.022481001159803782,0.46389539508342625,-4.419049532423194,-5.599887365899308,-5.501088051021249,-5.112021960627584,-5.236178219818493,-5.310678946447017,-5.26259147570592,-5.721402002132724,-5.259749264682152,-5.249214438279633,-5.7541474386591185,P_E009_OMXSPI_L1,0.8337981988379882,False
N_P_E011_OMXSPI_L1_1,0,OMXSPI,E011,train,train,2011-08-01,2011-02-28,1,-4.635938745061882,-4.709684711052604,-4.92990546074534,0.03742861771102926,0.015175918881727148,0.42736049039078167,-4.117173151947975,-5.056808950621961,-5.441039809708176,-5.299760864776963,-5.134618074833482,-4.5401734676074526,-5.341274562366979,-5.117860308596797,-5.026692390666971,-6.339372803782625,-5.154573463579706,P_E011_OMXSPI_L1,0.6603759726625374,False
N_P_E011_OMXSPI_L1_2,0,OMXSPI,E011,train,train,2011-08-01,2011-02-25,1,-4.8700621854226185,-4.756250410459918,-4.964227106317798,0.04712133412298202,0.016140999099919326,0.4300646563377353,-4.117173151947975,-4.635938745061882,-5.056808950621961,-5.441039809708176,-5.299760864776963,-5.134618074833482,-4.5401734676074526,-5.341274562366979,-5.117860308596797,-5.026692390666971,-6.339372803782625,P_E011_OMXSPI_L1,0.6613928811334746,False
N_P_E011_OMXSPI_L1_3,0,OMXSPI,E011,train,train,2011-08-01,2015-01-28,1,-4.875496445479947,-4.888538700454619,-5.0249828569947805,0.09764759642016772,0.029613405101483366,0.4213009946133204,-4.244655008634925,-4.9259807962501165,-5.837755098567566,-5.537681677426693,-5.466093974615383,-5.004040803236915,-5.100759928205609,-5.0118827690564025,-5.724338647856153,-4.90672383367584,-5.336697982038544,P_E011_OMXSPI_L1,0.7448915514580183,False
N_P_E018_OMXSPI_L1_1,0,OMXSPI,E018,test,test,2020-02-24,2016-08-01,1,-4.859046996774443,-5.481014724693425,-5.2126296128623695,0.10948243844085076,-0.04228705082700512,0.4028122149870605,-4.557692768082666,-4.739276102752433,-5.121913157427661,-5.448258214383014,-5.137922218760117,-6.0868254093551455,-4.5433067359664365,-6.4848719755323145,-5.2094229628064515,-5.94397661672741,-5.599050524072476,P_E018_OMXSPI_L1,0.5609389302652895,False
N_P_E018_OMXSPI_L1_2,0,OMXSPI,E018,test,test,2020-02-24,2021-07-30,1,-5.124503811138453,-5.644289731493234,-5.218360631672149,0.06944348700030854,-0.0351468406997673,0.397023643593997,-4.566666285520693,-5.820588178759967,-5.7309800271481945,-5.588951201951166,-5.664981782246362,-5.224468996696138,-5.43811484226231,-5.829223423670955,-5.530873284190214,-5.859364491370693,-6.5157396670643415,P_E018_OMXSPI_L1,0.7201108720187765,False
N_P_E018_OMXSPI_L1_3,0,OMXSPI,E018,test,test,2020-02-24,2016-06-01,1,-5.155428762264078,-5.5564811427576215,-5.217017605492687,0.04755392186741252,-0.03139092252177412,0.368149911682475,-4.56050283777596,-5.808949531743451,-4.473036394367589,-5.631076948549706,-5.988278123875995,-4.997049004705007,-4.3813711900766465,-4.527879532846576,-4.834052542559458,-4.898721258264464,-4.815480085061393,P_E018_OMXSPI_L1,0.8301486509335194,False
N_P_E025_OMXSPI_L1_1,0,OMXSPI,E025,test,test,2022-02-15,2016-02-29,1,-4.510130577666261,-4.717617378848106,-4.536770044666821,-0.023436605968229437,-0.03184534127608962,0.40523049972245456,-3.4912206957696963,-4.396644239284452,-4.426671708434781,-5.688029835999051,-4.900484749695925,-5.172374418560128,-5.271033630528991,-5.131806455552799,-4.2149131742383075,-5.169947386424124,-5.171667525171306,P_E025_OMXSPI_L1,0.9890424777985175,False
N_P_E025_OMXSPI_L1_2,0,OMXSPI,E025,test,test,2022-02-15,2016-03-01,1,-4.396644239284452,-4.6059395478149385,-4.5302910052155045,-0.030466782736154142,-0.029677043798088373,0.40644206456574045,-3.4912206957696963,-4.426671708434781,-5.688029835999051,-4.900484749695925,-5.172374418560128,-5.271033630528991,-5.131806455552799,-4.2149131742383075,-5.169947386424124,-5.171667525171306,-5.583364569196082,P_E025_OMXSPI_L1,0.99701192141404,False
N_P_E025_OMXSPI_L1_3,0,OMXSPI,E025,test,test,2022-02-15,2022-05-25,1,-4.306358839892041,-4.580699644746712,-4.431052127976465,-0.0067764600396810456,-0.022676176580422768,0.4007859118662132,-3.1479910296436056,-4.274922636725074,-5.011119369962522,-4.7178483446496084,-4.725721064349603,-4.73831287065544,-4.755921646170523,-4.707121714451398,-5.007924082192141,-4.533534942708634,-4.261353312204232,P_E025_OMXSPI_L1,1.6992510949686395,False
N_P_E003_OMXSPI_L5_1,0,OMXSPI,E003,train,train,2008-01-04,2012-06-19,5,-4.481824126146034,-4.643926616680053,-4.596208883765184,-0.050035970653104646,-0.013164891116660901,0.35562313300479764,-3.8818515626756906,-4.599269685580914,-5.243505033137581,-4.631212244685419,-4.925301292027659,-4.981322687296812,-4.309868372288979,-4.397448555115298,-5.091878026845564,-4.865040537511167,-5.017319586673248,P_E003_OMXSPI_L5,0.5320323026052778,False
N_P_E003_OMXSPI_L5_2,0,OMXSPI,E003,train,train,2008-01-04,2012-06-25,5,-4.631212244685419,-4.68170526982063,-4.6385086808589495,-0.11186748772559908,-0.01882081139471931,0.37965054319049285,-3.8818515626756906,-4.925301292027659,-4.981322687296812,-4.309868372288979,-4.397448555115298,-5.091878026845564,-4.865040537511167,-5.017319586673248,-4.597118805737849,-5.091833630068925,-5.580197050470551,P_E003_OMXSPI_L5,0.6129811890365621,False
N_P_E003_OMXSPI_L5_3,0,OMXSPI,E003,train,train,2008-01-04,2008-04-23,5,-4.6188144134554,-4.613083844418424,-4.60383528129591,-0.10726930355143491,0.00040218426156785194,0.38007242063361657,-3.8573856464049885,-4.3814543102372525,-3.976836193391871,-4.972129405083208,-4.549541434541805,-5.657900790554635,-4.135197626225194,-5.3083803350390735,-4.769196334284451,-4.749552666032036,-5.150554680859571,P_E003_OMXSPI_L5,0.6230783099392155,True
N_P_E006_OMXSPI_L5_1,0,OMXSPI,E006,train,train,2008-08-28,2012-04-24,5,-4.774258940964877,-4.598832393728588,-4.58678152638638,0.08469332581598908,0.011024447041051282,0.39458308237782,-3.7869476560133943,-5.244284089391215,-4.534758614046012,-4.399007999743147,-5.757679110919162,-4.289841553737551,-4.944224728102284,-4.300178095576853,-4.556500028766652,-4.809249326800174,-4.297317129490509,P_E006_OMXSPI_L5,0.6664245923568097,False
N_P_E006_OMXSPI_L5_2,0,OMXSPI,E006,train,train,2008-08-28,2012-06-20,5,-4.599269685580914,-4.725383774715089,-4.603309717394771,0.09447823194901789,-0.011014576792001764,0.3541171854474131,-3.8818515626756906,-5.243505033137581,-4.631212244685419,-4.925301292027659,-4.981322687296812,-4.309868372288979,-4.397448555115298,-5.091878026845564,-4.865040537511167,-5.017319586673248,-4.597118805737849,P_E006_OMXSPI_L5,0.6734218507970267,False
N_P_E006_OMXSPI_L5_3,0,OMXSPI,E006,train,train,2008-08-28,2008-04-28,5,-4.972129405083208,-4.630473224441839,-4.557031716446546,0.11039830099800328,-0.0018597138247262793,0.35898450903988777,-3.8573856464049885,-4.549541434541805,-5.657900790554635,-4.135197626225194,-5.3083803350390735,-4.769196334284451,-4.749552666032036,-5.150554680859571,-4.549701769614603,-5.460156237978722,-4.888183999953049,P_E006_OMXSPI_L5,0.7068976912003941,False
N_P_E007_OMXSPI_L5_1,0,OMXSPI,E007,train,train,2009-01-08,2011-12-28,5,-4.834372031719237,-4.957136937333946,-4.534211706196053,-0.07517326479792279,-0.030535301167973265,0.49305382937297615,-3.3038812244258535,-5.2320439716811515,-4.978378943240457,-4.284842559339077,-4.5953985829770145,-5.0083876404591345,-5.74328388649838,-5.496174915239465,-5.038201905631316,-5.287554041685707,-4.855143277841428,P_E007_OMXSPI_L5,2.08186812364984,False
N_P_E007_OMXSPI_L5_2,0,OMXSPI,E007,train,train,2009-01-08,2007-03-26,5,-5.032948176417969,-5.051864617996098,-4.552263506790086,-0.09209433389720112,-0.06102860232287076,0.5350177911211893,-3.5294779802315,-5.280050625616205,-4.854572980334225,-5.027185107228778,-5.506468691541124,-4.757035022486777,-4.681087152160984,-5.098927851066226,-5.958433279200682,-4.837204212211411,-4.968974667940817,P_E007_OMXSPI_L5,2.115324194909615,True
N_P_E007_OMXSPI_L5_3,0,OMXSPI,E007,train,train,2009-01-08,2008-04-09,5,-4.837494933529091,-4.767298971180784,-4.436014581969246,0.02673353275353996,-0.043877806353733284,0.4976789362041686,-3.7417878094463717,-4.182405758403688,-4.1646060677019525,-4.748266619778775,-4.934176468345641,-4.377598323224024,-4.480662810293747,-4.406741970850421,-4.356068227451088,-5.203131800041461,-4.6188144134554,P_E007_OMXSPI_L5,2.3565653347946593,True
N_P_E009_OMXSPI_L5_1,0,OMXSPI,E009,train,train,2010-04-23,2013-02-22,5,-4.931232863887611,-5.433618534422521,-5.376152466022325,0.2675170738317778,0.004500995554494276,0.37720943307925214,-4.744213456097355,-5.060930521149035,-5.270938997148721,-4.812836258749948,-5.628202282110771,-5.028467336267651,-5.189222416576606,-5.433272182678642,-5.341425735584166,-5.907800300501909,-5.683393370953803,P_E009_OMXSPI_L5,0.5755668210212175,False
N_P_E009_OMXSPI_L5_2,0,OMXSPI,E009,train,train,2010-04-23,2014-12-04,5,-4.837101688103277,-5.359946990734326,-5.383146033493945,0.24146554797739955,0.008645456743613321,0.37564294035850787,-4.7538011758347265,-6.212680214055865,-6.1924866582232365,-5.043035137334176,-5.4765839300338355,-5.187844715255037,-4.750057926795453,-4.543474462653328,-4.528877448559829,-5.545330846128551,-4.701191674050947,P_E009_OMXSPI_L5,0.6617410084711749,False
N_P_E009_OMXSPI_L5_3,0,OMXSPI,E009,train,train,2010-04-23,2015-08-11,5,-4.764496965452529,-5.30564890048531,-5.235005848708633,0.2711955917580895,-0.011972774663596341,0.39520054469310345,-4.553642328390987,-4.54299957993417,-5.500927334954885,-5.319555342606786,-4.730815768481076,-5.495884987624593,-4.733875214636876,-4.792325995525901,-4.300253398392045,-3.6768881991526676,-4.02638058452013,P_E009_OMXSPI_L5,0.6697580164531652,False
N_P_E011_OMXSPI_L5_1,0,OMXSPI,E011,train,train,2011-08-01,2010-08-26,5,-5.436122467782245,-4.628460590826039,-4.810037490350251,-0.15410581745058002,0.013569262341004959,0.43625178043077706,-4.164151100184995,-4.5423970048533615,-4.382096760244701,-4.704686489466646,-3.85584046830897,-5.43393975374625,-4.8029303030759145,-5.927054361704271,-5.451101445750372,-4.583378474128201,-4.941343494805124,P_E011_OMXSPI_L5,0.563340922084914,False
N_P_E011_OMXSPI_L5_2,0,OMXSPI,E011,train,train,2011-08-01,2007-05-14,5,-5.420725711830157,-4.61289668654891,-4.957745152850979,-0.21690059401459105,0.0163594258826875,0.4043390256878967,-4.093771356508751,-5.216100442646398,-5.678578074019023,-5.05787426092264,-5.142622323615832,-5.121374118468791,-4.643757963857209,-4.85185931801239,-5.801641414079156,-5.589935994280999,-5.5321275221583965,P_E011_OMXSPI_L5,0.5701704450648126,False
N_P_E011_OMXSPI_L5_3,0,OMXSPI,E011,train,train,2011-08-01,2007-05-15,5,-5.216100442646398,-4.837362503776439,-4.960527668654854,-0.18180374622204076,0.009468031180289932,0.4059954762323708,-4.093771356508751,-5.678578074019023,-5.05787426092264,-5.142622323615832,-5.121374118468791,-4.643757963857209,-4.85185931801239,-5.801641414079156,-5.589935994280999,-5.5321275221583965,-5.023544050245226,P_E011_OMXSPI_L5,0.6540556338638327,False
N_P_E018_OMXSPI_L5_1,0,OMXSPI,E018,test,test,2020-02-24,2016-05-30,5,-5.87465003648992,-5.4863393341059075,-5.171123377427874,-0.22460606208831882,-0.030646497236569,0.3707176636872988,-4.56050283777596,-5.71406849554528,-5.155428762264078,-5.808949531743451,-4.473036394367589,-5.631076948549706,-5.988278123875995,-4.997049004705007,-4.3813711900766465,-4.527879532846576,-4.834052542559458,P_E018_OMXSPI_L5,0.5093175280581248,False
N_P_E018_OMXSPI_L5_2,0,OMXSPI,E018,test,test,2020-02-24,2018-07-18,5,-5.846464869061151,-5.551239288594417,-5.2939600818131565,-0.12474480161481885,-0.033181081793221726,0.3715767591840318,-4.461386401948568,-5.610530892844131,-5.054799603704315,-5.793340097214101,-4.938269542733083,-5.582573333433606,-6.054511106958866,-5.903424289358905,-6.058713934640567,-6.249950688271607,-5.905803435967282,P_E018_OMXSPI_L5,0.6678227000855091,False
N_P_E018_OMXSPI_L5_3,0,OMXSPI,E018,test,test,2020-02-24,2021-07-29,5,-6.101160407453531,-5.65794483488436,-5.232465786882974,-0.17679436978595425,-0.03393955787362739,0.398522016189668,-4.566666285520693,-5.124503811138453,-5.820588178759967,-5.7309800271481945,-5.588951201951166,-5.664981782246362,-5.224468996696138,-5.43811484226231,-5.829223423670955,-5.530873284190214,-5.859364491370693,P_E018_OMXSPI_L5,0.6888149769388402,False
N_P_E025_OMXSPI_L5_1,0,OMXSPI,E025,test,test,2022-02-15,2016-03-02,5,-4.426671708434781,-4.669879871983693,-4.541105787596939,0.1550776232070561,-0.023145479533854593,0.40031304078121044,-3.4912206957696963,-5.688029835999051,-4.900484749695925,-5.172374418560128,-5.271033630528991,-5.131806455552799,-4.2149131742383075,-5.169947386424124,-5.171667525171306,-5.583364569196082,-4.806236799036131,P_E025_OMXSPI_L5,1.4175561938194257,False
N_P_E025_OMXSPI_L5_2,0,OMXSPI,E025,test,test,2022-02-15,2016-02-25,5,-4.784811053691606,-4.758464730756247,-4.522749026957545,0.11429291189285452,-0.015869559142399268,0.38081514158291746,-3.4912206957696963,-5.231141780841366,-4.510130577666261,-4.396644239284452,-4.426671708434781,-5.688029835999051,-4.900484749695925,-5.172374418560128,-5.271033630528991,-5.131806455552799,-4.2149131742383075,P_E025_OMXSPI_L5,1.5175096073265324,False
N_P_E025_OMXSPI_L5_3,0,OMXSPI,E025,test,test,2022-02-15,2020-06-10,5,-4.609585587413453,-4.84115200383587,-4.796116209208379,0.19877882178803563,-0.023551967612000874,0.4033413384943402,-3.93165765426969,-4.09487002956804,-4.051741073944361,-3.9696928937285327,-4.701315994734457,-5.042756255539457,-5.104871374234378,-5.0730236307433065,-5.127448499710338,-4.372629412903761,-4.502016838683415,P_E025_OMXSPI_L5,1.5199146246398283,False
N_P_E003_OMXSPI_L10_1,0,OMXSPI,E003,train,train,2008-01-04,2007-09-10,10,-4.447950295709703,-4.465328695143508,-4.498517140915126,0.13898572883406285,-0.020411860759710732,0.44598123710182563,-3.658653115455495,-4.368987207454979,-4.885529067165775,-4.480100695942646,-4.552798669084992,-4.449322384613262,-4.554616202696975,-3.953879763510959,-4.5756328727939675,-5.201721115706728,-5.1343135725536655,P_E003_OMXSPI_L10,0.4900397592771817,False
N_P_E003_OMXSPI_L10_2,0,OMXSPI,E003,train,train,2008-01-04,2009-06-04,10,-4.491037555542714,-4.3612936726403015,-4.262115680948351,0.07525969003976776,-0.029626566925428272,0.4003022967529042,-3.7165153811994047,-4.631461411911257,-4.425124814271962,-4.631702663813002,-4.072894632613979,-4.274336897702687,-4.94219774201657,-4.438018584120605,-4.452666799235492,-4.134832724332376,-4.632111200162022,P_E003_OMXSPI_L10,0.8680768908476295,False
N_P_E003_OMXSPI_L10_3,0,OMXSPI,E003,train,train,2008-01-04,2008-04-03,10,-4.671663524605046,-4.62975013276917,-4.372315354769955,0.14442263108376743,-0.016841128023915655,0.4656679711269838,-3.7417878094463717,-5.059167738333552,-4.807999066486171,-4.460169592950059,-4.837494933529091,-4.182405758403688,-4.1646060677019525,-4.748266619778775,-4.934176468345641,-4.377598323224024,-4.480662810293747,P_E003_OMXSPI_L10,0.8906529649380367,False
N_P_E006_OMXSPI_L10_1,0,OMXSPI,E006,train,train,2008-08-28,2007-08-31,10,-4.977591018825593,-4.601359752447905,-4.353282714053531,-0.03216068714002195,-0.02756081793793398,0.3943556281733642,-3.658653115455495,-5.532096185583838,-5.001106180554711,-4.274413760253716,-4.6123049975963095,-3.9908682416031005,-4.447950295709703,-4.368987207454979,-4.885529067165775,-4.480100695942646,-4.552798669084992,P_E006_OMXSPI_L10,0.6477186833685479,False
N_P_E006_OMXSPI_L10_2,0,OMXSPI,E006,train,train,2008-08-28,2009-07-20,10,-4.983337836210438,-4.696891665397202,-4.6123936155078935,-0.05770259475795965,-0.01921758113696484,0.40564038189285834,-3.895742357768185,-4.910096473137337,-4.825421634061519,-4.153351873766111,-4.847807444409366,-4.05453439195711,-4.754257029420362,-5.340703190153076,-4.22078285129712,-4.932677657407817,-4.403059365236064,P_E006_OMXSPI_L10,0.8398339144438927,False
N_P_E006_OMXSPI_L10_3,0,OMXSPI,E006,train,train,2008-08-28,2009-07-09,10,-4.702298282561436,-4.85531613671721,-4.512321150926226,0.02930145040418029,-0.021950045548766287,0.36389258054125867,-3.8277988607087687,-5.02735404855623,-4.191599724369619,-4.89241989096059,-3.9573333363353105,-5.298843870064465,-4.352523393415207,-4.983337836210438,-4.910096473137337,-4.825421634061519,-4.153351873766111,P_E006_OMXSPI_L10,0.8417644727543047,False
N_P_E007_OMXSPI_L10_1,0,OMXSPI,E007,train,train,2009-01-08,2009-04-06,10,-3.9910976317290845,-3.806764817004364,-3.9851697976561935,-0.0024709201814418005,-0.0009964270394515098,0.3564790816927153,-3.307090739075493,-4.236649529182451,-4.126503258807897,-4.68808575537849,-3.638070903322985,-4.528817520240327,-4.126944162572331,-3.935274661268081,-3.40312691888999,-3.874290681857718,-3.7307005670498175,P_E007_OMXSPI_L10,1.6600076758125162,False
N_P_E007_OMXSPI_L10_2,0,OMXSPI,E007,train,train,2009-01-08,2009-04-03,10,-3.878699965944332,-3.770915852411389,-3.985457044104747,0.05384652258794309,-0.0007360759015822428,0.3564864241878822,-3.307090739075493,-3.9910976317290845,-4.236649529182451,-4.126503258807897,-4.68808575537849,-3.638070903322985,-4.528817520240327,-4.126944162572331,-3.935274661268081,-3.40312691888999,-3.874290681857718,P_E007_OMXSPI_L10,1.7721538408360642,False
N_P_E007_OMXSPI_L10_3,0,OMXSPI,E007,train,train,2009-01-08,2009-05-04,10,-4.0995902327135685,-4.188767133816131,-4.037145125731965,-0.05550008089237721,-0.011391605751221447,0.3505214274914663,-3.40312691888999,-4.689620419331627,-4.066244279654233,-3.9203820754512373,-4.167893004425499,-3.877755942725104,-4.015381121215048,-3.7165153811994047,-4.018500237836699,-4.42939495955975,-3.857027423868402,P_E007_OMXSPI_L10,1.7771058954524013,False
N_P_E009_OMXSPI_L10_1,0,OMXSPI,E009,train,train,2010-04-23,2012-10-17,10,-5.562822757890652,-5.363878040492603,-5.2852654010485,-0.08045526352338844,0.004081243601370593,0.30406940006935884,-4.709837023644521,-5.328711780966484,-4.821066893220204,-4.999439872942495,-4.347500428261654,-4.548072119444132,-4.8429434233001585,-4.948101161251327,-5.49795245886907,-5.594941560678552,-5.01574775299259,P_E009_OMXSPI_L10,0.5692759211199641,False
N_P_E009_OMXSPI_L10_2,0,OMXSPI,E009,train,train,2010-04-23,2007-02-23,10,-5.378103211564245,-5.242617784286693,-5.279797055712686,-0.08984753470877417,0.005203315935328042,0.3546860136851295,-4.642348514447333,-5.061618283034907,-3.5294779802315,-4.105429706333576,-3.773422637114592,-4.459104355488478,-3.8242357003016565,-5.058241295371967,-4.623753434393527,-4.4716647428982945,-4.590630667844605,P_E009_OMXSPI_L10,0.5832502113552668,False
N_P_E009_OMXSPI_L10_3,0,OMXSPI,E009,train,train,2010-04-23,2007-02-19,10,-5.30423011642408,-5.353556911258684,-5.309001974502237,0.00041767347171009424,0.007864363682391327,0.3438624641897123,-4.642348514447333,-4.79927631576677,-5.181473805104192,-5.550005472574178,-5.378103211564245,-5.061618283034907,-3.5294779802315,-4.105429706333576,-3.773422637114592,-4.459104355488478,-3.8242357003016565,P_E009_OMXSPI_L10,0.642136229960279,False
N_P_E011_OMXSPI_L10_1,0,OMXSPI,E011,train,train,2011-08-01,2008-05-27,10,-4.417629599633226,-4.8350979762498385,-4.860386619427169,-0.015085620183930327,0.006851423923502302,0.4555317446122332,-4.135197626225194,-4.562053408629166,-4.974148828377783,-5.55125186114549,-4.907912582190954,-5.653881683066049,-4.385179445459685,-5.101728686584056,-4.172266056758428,-4.751297657661509,-4.1569292494711565,P_E011_OMXSPI_L10,0.8689546553613499,False
N_P_E011_OMXSPI_L10_2,0,OMXSPI,E011,train,train,2011-08-01,2008-05-28,10,-4.562053408629166,-4.735812413360346,-4.861012218131538,-0.02749168070783163,0.01602140880151323,0.4550907593034073,-4.135197626225194,-4.974148828377783,-5.55125186114549,-4.907912582190954,-5.653881683066049,-4.385179445459685,-5.101728686584056,-4.172266056758428,-4.751297657661509,-4.1569292494711565,-4.789281800890167,P_E011_OMXSPI_L10,0.9830617378474014,False
N_P_E011_OMXSPI_L10_3,0,OMXSPI,E011,train,train,2011-08-01,2011-02-17,10,-4.392908921697608,-4.924474918930875,-5.054084209728737,-0.006644178094228735,0.00322991881060873,0.47446514211561397,-4.117173151947975,-5.085143469697788,-4.868767242098452,-4.9379064379626145,-4.640412976731447,-4.464103210084458,-4.8700621854226185,-4.635938745061882,-5.056808950621961,-5.441039809708176,-5.299760864776963,P_E011_OMXSPI_L10,0.9832700533925592,False
N_P_E018_OMXSPI_L10_1,0,OMXSPI,E018,test,test,2020-02-24,2021-09-23,10,-5.21878529546441,-4.970947007954509,-5.174367315861525,-0.2230314505837614,0.021953183694454988,0.32959395485267573,-4.349959205771905,-4.910752900554356,-4.5730702074776435,-4.275793731044142,-4.96174112347057,-4.7673819311384085,-4.43871194759162,-4.974152949176978,-4.706279736831829,-4.646769585495294,-5.014873184154555,P_E018_OMXSPI_L10,0.9889123056919075,False
N_P_E018_OMXSPI_L10_2,0,OMXSPI,E018,test,test,2020-02-24,2018-12-20,10,-5.270784179325893,-5.124355177175769,-5.073792924898146,-0.17078065486125227,0.012699613504851394,0.350528012642332,-4.374458310068396,-4.896569057838152,-4.08525266964411,-4.680653003322397,-4.321520622871554,-5.0392341934167355,-4.247796527853486,-5.566282127150337,-4.72956467701087,-5.183606310981458,-5.175618748954024,P_E018_OMXSPI_L10,1.092148670921042,False
N_P_E018_OMXSPI_L10_3,0,OMXSPI,E018,test,test,2020-02-24,2018-07-03,10,-5.612675216490778,-5.079564022138338,-5.216049295113351,-0.2933589595298997,0.011555124391482608,0.3823281909186775,-4.461386401948568,-5.2094086533450135,-5.328733310812289,-5.200948167868553,-5.339314996802795,-5.509235688524273,-5.3431735683150015,-4.954168482290154,-5.877747941575947,-5.737211965862698,-5.340603184182133,P_E018_OMXSPI_L10,1.1305172215232868,False
N_P_E025_OMXSPI_L10_1,0,OMXSPI,E025,test,test,2022-02-15,2020-11-12,10,-5.193748597344219,-4.777157616530918,-4.808396906960764,-0.15249892993548705,0.014587811169037573,0.45402707075581,-3.863519597216299,-5.196875271359601,-5.1045379950623815,-5.674773405218477,-5.3326044963702826,-5.513674094889306,-5.074058002947195,-5.30754852674652,-5.582327265308111,-4.981004990332896,-5.832990999972872,P_E025_OMXSPI_L10,1.2297043663504494,False
N_P_E025_OMXSPI_L10_2,0,OMXSPI,E025,test,test,2022-02-15,2020-11-13,10,-5.196875271359601,-4.866391790792841,-4.816454996867705,-0.22850649595694342,0.005448911308106613,0.4596689312431234,-3.863519597216299,-5.1045379950623815,-5.674773405218477,-5.3326044963702826,-5.513674094889306,-5.074058002947195,-5.30754852674652,-5.582327265308111,-4.981004990332896,-5.832990999972872,-5.355713378832792,P_E025_OMXSPI_L10,1.305100164861188,False
N_P_E025_OMXSPI_L10_3,0,OMXSPI,E025,test,test,2022-02-15,2016-07-01,10,-5.063610996145486,-4.606612995488212,-4.9225472300687505,-0.20223807571195573,0.03329319999334705,0.492132486415593,-3.8743771964616815,-4.815307892310543,-4.677347113727908,-4.563995654652402,-4.788401709475208,-4.557692768082666,-4.8518145809229924,-5.375743880924578,-5.38431952976014,-5.579017688370073,-5.370866388920892,P_E025_OMXSPI_L10,1.5382511530719272,False
N_P_E003_N225_L1_1,0,N225,E003,train,train,2008-01-09,2010-10-14,1,-4.768581526496472,-4.892391149853626,-4.8387041977210306,0.16422768665230705,0.0027523335634960858,0.4710091271049865,-3.703481646732588,-5.288430423779882,-5.170645823163413,-5.1666546479929,-5.053844095521951,-4.635038338167864,-5.478612675345534,-5.412458841452609,-5.105746088530857,-4.821154116924912,-5.481941095675354,P_E003_N225_L1,0.42702264561840203,False
N_P_E003_N225_L1_2,0,N225,E003,train,train,2008-01-09,2010-10-13,1,-4.918398752624239,-4.90955666764876,-4.860530810948087,0.11948839276886357,0.006879556253194484,0.4776561821548002,-3.703481646732588,-4.768581526496472,-5.288430423779882,-5.170645823163413,-5.1666546479929,-5.053844095521951,-4.635038338167864,-5.478612675345534,-5.412458841452609,-5.105746088530857,-4.821154116924912,P_E003_N225_L1,0.6138553247450359,False
N_P_E003_N225_L1_3,0,N225,E003,train,train,2008-01-09,2009-12-14,1,-4.9647478485413385,-4.981358218446561,-4.791500248898594,0.21644325994225583,0.00040157679686986036,0.46100248663177407,-3.8325344376066766,-5.372570378027752,-5.082134582002544,-5.17352218635628,-4.866521445953628,-6.273621208973678,-4.788901816429813,-4.790651032889386,-5.517085403603961,-4.8392715839919545,-5.331316476665773,P_E003_N225_L1,0.7740910545942333,False
N_P_E006_N225_L1_1,0,N225,E006,train,train,2008-09-05,2009-09-15,1,-5.0508252785921375,-4.816249823619755,-4.829841187835752,-0.0026894489975306853,-0.020866839247927375,0.4161040216046626,-3.939961321263247,-4.7591928940512265,-5.117554787193785,-5.082152313119265,-4.573284818222358,-4.633839667020289,-4.530310281221501,-5.539665918312412,-5.421478875002535,-5.002405998425086,-4.771112274771539,P_E006_N225_L1,0.3584350762374493,False
N_P_E006_N225_L1_2,0,N225,E006,train,train,2008-09-05,2009-09-16,1,-4.7591928940512265,-4.807702230965478,-4.824663843737026,0.013017626805317853,-0.020377029300621855,0.41631727182569067,-3.939961321263247,-5.117554787193785,-5.082152313119265,-4.573284818222358,-4.633839667020289,-4.530310281221501,-5.539665918312412,-5.421478875002535,-5.002405998425086,-4.771112274771539,-5.281077711246605,P_E006_N225_L1,0.5202936168234722,False
N_P_E006_N225_L1_3,0,N225,E006,train,train,2008-09-05,2014-03-10,1,-4.955583507982014,-4.9321080330101115,-4.763965658623429,0.020893105566220968,-0.013269581255180121,0.439004714316528,-4.012434979792264,-5.257991099432823,-4.86332657159812,-5.2533877443422075,-4.529304920125665,-5.027043555599704,-5.195147322375342,-4.2012178512492655,-4.251641743909956,-4.6599576468879365,-4.694068474615928,P_E006_N225_L1,0.5387898239799678,False
N_P_E013_N225_L1_1,0,N225,E013,train,train,2013-05-16,2012-06-14,1,-5.299128929942826,-5.027215796175089,-5.102904446536836,-0.20535370438478803,-0.004844433500251735,0.41692364443414126,-4.341076801395288,-5.285360260329697,-5.576836214143716,-5.16855497846321,-5.504893003973643,-5.373072695562078,-4.9996691678720895,-4.876953258925739,-5.041011519786355,-5.09105113153979,-5.269361335200762,P_E013_N225_L1,0.5698681366282154,False
N_P_E013_N225_L1_2,0,N225,E013,train,train,2013-05-16,2010-03-03,1,-5.2723924367253305,-5.099404151939961,-5.089901584619638,-0.1434702478695826,-0.0005762151231405669,0.3919719686473709,-4.302082768609497,-4.8792502128478015,-4.948902613645626,-5.487623320013821,-5.854297508385792,-6.05340428857667,-5.4491138696098815,-5.432325455491825,-5.189503262217777,-5.692546742585559,-5.16941205987031,P_E013_N225_L1,0.6443461511710726,False
N_P_E013_N225_L1_3,0,N225,E013,train,train,2013-05-16,2011-10-12,1,-5.284781702626518,-5.076887897554315,-5.011731805609704,-0.16423335457614352,0.010384844751761334,0.41516731713339183,-4.248157265780853,-5.779789762196959,-5.595618200361175,-5.592397829314372,-5.745175649285697,-5.134522750766058,-5.4640517752242,-5.702266004879054,-5.18286337190242,-4.84900036392515,-4.531923179594756,P_E013_N225_L1,0.7539632055002947,False
N_P_E014_N225_L1_1,0,N225,E014,train,train,2015-08-24,2012-09-28,1,-4.593074023994342,-5.070541519221838,-5.187202204976444,0.21182100286547328,0.0157628805009561,0.4103866792246894,-4.593074023994342,-5.339246964118944,-5.36541846835329,-5.2424960338124125,-4.743641779463106,-5.287273978708484,-5.273393091773152,-5.159711947340589,-5.034517260032972,-4.920621211757239,-4.8900357788575395,P_E014_N225_L1,0.6527189089333743,False
N_P_E014_N225_L1_2,0,N225,E014,train,train,2015-08-24,2014-07-01,1,-4.649424332728225,-5.2362662822304245,-5.243286305028915,0.28177223524862666,0.015649490230075253,0.45941272745853245,-4.451964770014935,-5.655302035249704,-5.440988202382078,-5.902819286623168,-5.5655366996016955,-5.041367996124352,-5.3768355840658435,-5.43092565569096,-5.505766316735839,-5.162462351192483,-5.5930060505431705,P_E014_N225_L1,0.6575693448462552,False
N_P_E014_N225_L1_3,0,N225,E014,train,train,2015-08-24,2013-12-16,1,-4.574801741033934,-5.037138923928973,-5.059128621768524,0.3103006538863941,0.009179044534761207,0.4071852386801816,-4.470867343043342,-5.844395532849159,-4.384742864963044,-5.648241405199831,-5.433013285909596,-4.989863163460205,-5.129532268286525,-5.5565007760778675,-5.028971845592475,-5.282126449766903,-4.4887461137097695,P_E014_N225_L1,0.733373681979214,False
N_P_E015_N225_L1_1,0,N225,E015,test,test,2016-01-04,2021-10-19,1,-5.507105016715857,-5.114454927946117,-4.927269708700647,-0.18024049419595808,0.014848831771074083,0.5129401202623346,-3.9206182993744476,-5.210664530421701,-4.506635180872872,-4.683479375032235,-5.491141490813754,-5.199340825258406,-5.19049807629074,-5.469296688540434,-4.511311926019432,-4.811446958945866,-5.844425955156886,P_E015_N225_L1,1.0433722351415513,False
N_P_E015_N225_L1_2,0,N225,E015,test,test,2016-01-04,2021-12-13,1,-5.476641408983395,-5.104179342051524,-4.980942803838375,-0.22966146397491957,0.017661751781000067,0.5626689081384606,-3.957418818942297,-4.872030340821726,-5.6453681328495335,-5.119804793646526,-4.778562730260722,-4.448900450800471,-5.035466884694916,-5.472215197334972,-5.711224978212031,-6.207888376227529,-5.7889047047157485,P_E015_N225_L1,1.0908849489087786,False
N_P_E015_N225_L1_3,0,N225,E015,test,test,2016-01-04,2021-05-25,1,-5.87583457611877,-5.160083176636552,-4.875485955520952,-0.20641051578553687,0.004920990975871521,0.4936375304517363,-3.9140547055795922,-5.019361756410792,-5.343221093204997,-5.101439475066972,-4.908642637829162,-4.639145645213039,-4.6958909404924265,-5.1579029345820135,-5.357709733891915,-5.197075390780576,-5.292370416571478,P_E015_N225_L1,1.1009146553044198,False
N_P_E018_N225_L1_1,0,N225,E018,test,test,2020-02-25,2021-04-23,1,-5.202911049083385,-5.006104088789622,-5.218848442843305,0.008797080165952195,0.011935972282264649,0.3489922346660105,-4.5195617128428225,-4.944017047626184,-5.505192689058045,-5.21005070746518,-5.124835624708801,-4.652391392529847,-5.43777444594331,-4.975763604371051,-4.156780375229926,-3.9140547055795922,-4.380363932416972,P_E018_N225_L1,0.2075363252455778,False
N_P_E018_N225_L1_2,0,N225,E018,test,test,2020-02-25,2021-08-03,1,-5.288808226222552,-5.12115638910333,-5.205635844363692,0.01538813169493394,0.016381367213784456,0.41119005136750764,-4.375295804665295,-5.73959530177776,-5.366612106958626,-5.551633672990488,-4.98017692209769,-5.606327186380976,-5.143673681445126,-5.957134534665025,-4.73060648402972,-4.948342649762444,-4.9520459918551625,P_E018_N225_L1,0.39769095008830974,False
N_P_E018_N225_L1_3,0,N225,E018,test,test,2020-02-25,2021-09-02,1,-5.405578588560936,-5.122741429121814,-5.227337812906466,0.020156615353952474,0.00827953286421675,0.3841345866343861,-4.423444813133414,-4.485863030269195,-5.342464995341548,-5.470793807518456,-4.6995816413662235,-5.584439547077177,-5.064752506889448,-5.443903920200873,-5.167060607133855,-5.413045802871271,-4.792513222567673,P_E018_N225_L1,0.46312072727343545,False
N_P_E003_N225_L5_1,0,N225,E003,train,train,2008-01-09,2009-08-13,5,-5.564099600821219,-5.222089542879078,-5.043344432274255,-0.1862473977265851,-0.02030959244777451,0.3778548162437362,-4.507943195962868,-5.266758871339613,-4.227849234877806,-4.775672235599332,-4.862739776025739,-4.4369155508411735,-4.294692631204315,-4.458670751665671,-5.199941283104401,-4.8208154426690015,-4.603326736624684,P_E003_N225_L5,0.5805151492264603,False
N_P_E003_N225_L5_2,0,N225,E003,train,train,2008-01-09,2009-06-05,5,-5.672118506832511,-5.225420685264959,-4.924393710517068,-0.2585141961177811,-0.031729769100136924,0.3850130053890968,-4.377821752561605,-5.122696546340006,-5.094646598887277,-4.530210258193947,-5.572192682941274,-4.944922953999567,-5.153701539449879,-4.465067148995835,-4.757379704354207,-4.835124286923247,-4.917481904620936,P_E003_N225_L5,0.6562152263651871,False
N_P_E003_N225_L5_3,0,N225,E003,train,train,2008-01-09,2013-11-27,5,-5.5687206332474,-5.094948031834467,-4.997240207739404,-0.23785858083304595,-0.01419001490626307,0.41095794613251674,-4.349068243687266,-5.354116681904489,-4.768813562502548,-5.3514751791957655,-5.288390189406763,-4.620833442758112,-4.470867343043342,-4.770389774178545,-5.530881166899161,-5.889372553538842,-4.985246681463048,P_E003_N225_L5,0.7167621028785849,False
N_P_E006_N225_L5_1,0,N225,E006,train,train,2008-09-05,2010-10-27,5,-4.821154116924912,-5.090602012084355,-4.933199315657176,6.350293005744838e-05,-0.02582539005675148,0.38028443134645895,-4.1096665255705895,-5.481941095675354,-4.506280781185815,-4.677460314945497,-5.941808194638778,-5.201902009893112,-4.570491260992372,-5.739504678147861,-5.439569808744323,-5.139949885528998,-5.899062179097888,P_E006_N225_L5,0.44358617225641167,False
N_P_E006_N225_L5_2,0,N225,E006,train,train,2008-09-05,2011-04-20,5,-4.93175293826227,-5.136264225743578,-4.896691013744642,-0.01011585145246859,-0.019330899796735763,0.3618793486771566,-4.070042641320475,-5.30634684393765,-4.937779621349589,-5.190109669819201,-5.234561383407397,-5.182479891619786,-4.793103753383619,-5.065661363370812,-5.092536930614318,-4.963388560310415,-5.146551748687166,P_E006_N225_L5,0.535314148279332,False
N_P_E006_N225_L5_3,0,N225,E006,train,train,2008-09-05,2013-11-21,5,-4.803616760322418,-4.996856803402809,-4.891466327282497,-0.01957334396391916,-0.0176609122000195,0.4022119050775452,-4.2063153947143315,-4.549184630358488,-5.1556554424050445,-5.397562692838982,-5.5687206332474,-5.354116681904489,-4.768813562502548,-5.3514751791957655,-5.288390189406763,-4.620833442758112,-4.470867343043342,P_E006_N225_L5,0.7140294103891913,False
N_P_E013_N225_L5_1,0,N225,E013,train,train,2013-05-16,2009-08-18,5,-4.775672235599332,-5.015379695328593,-5.017637073790394,0.22699429627547404,-0.0022955767180831504,0.38533226443209667,-4.227849234877806,-4.862739776025739,-4.4369155508411735,-4.294692631204315,-4.458670751665671,-5.199941283104401,-4.8208154426690015,-4.603326736624684,-5.284042034610944,-3.939961321263247,-4.837584959988543,P_E013_N225_L5,0.5815535124846417,False
N_P_E013_N225_L5_2,0,N225,E013,train,train,2013-05-16,2011-09-27,5,-4.688480568929552,-5.003168928852262,-5.086925607912649,0.3000436635149815,0.010007135249375137,0.40714277203256904,-4.269734166833894,-5.328908765283717,-4.248157265780853,-4.952818837119807,-4.756854773493331,-4.833443243817868,-4.485744758670198,-5.1520388224480405,-5.265575723729983,-5.196298480296833,-5.284781702626518,P_E013_N225_L5,0.6107205202985952,False
N_P_E013_N225_L5_3,0,N225,E013,train,train,2013-05-16,2009-06-17,5,-4.757379704354207,-4.978652805948153,-4.994358204647752,0.21094817621778644,-0.006340073477914586,0.38883790243886956,-4.377821752561605,-4.835124286923247,-4.917481904620936,-4.884244173636144,-4.379085817518268,-5.175548968195189,-4.164447594877304,-5.108821587310759,-4.431194750942155,-5.0576823415985634,-4.360765467894136,P_E013_N225_L5,0.7154321171108826,False
N_P_E014_N225_L5_1,0,N225,E014,train,train,2015-08-24,2012-12-28,5,-5.686055093772081,-5.066541199639635,-5.253143623618696,-0.3010652123123311,0.019669870173152967,0.4427372663333215,-4.201123279217861,-4.902177715438553,-4.74786723622774,-4.839882147979932,-4.366820437355558,-5.586722784264398,-5.384969653818195,-5.194934626955637,-4.416599511740488,-4.207151874896128,-4.964109704791827,P_E014_N225_L5,1.249061033583271,False
N_P_E014_N225_L5_2,0,N225,E014,train,train,2015-08-24,2011-11-07,5,-5.942436076241283,-5.1341594555245305,-5.22579016682998,-0.31149769215707773,0.02401374185909598,0.4432302859463951,-4.323845382268206,-4.729529707301733,-5.150163459950488,-4.9630578755457355,-5.169787719585626,-5.480007283920205,-5.527026073727542,-4.874007688521666,-5.033900250147865,-5.874719873157677,-6.085705259364749,P_E014_N225_L5,1.2808714360546365,False
N_P_E014_N225_L5_3,0,N225,E014,train,train,2015-08-24,2015-03-17,5,-5.716143829559046,-5.13781988693585,-5.3412384913432875,-0.2475745025885918,0.03591055720588289,0.42450271728211475,-4.4986030128130094,-5.271766912674717,-4.885612431126089,-5.384925433539919,-5.130137573843686,-5.57607490130778,-4.9441360342199205,-4.96758765791045,-4.185292029938907,-4.871862755183041,-4.39113622359513,P_E014_N225_L5,1.2883325163722479,False
N_P_E015_N225_L5_1,0,N225,E015,test,test,2016-01-04,2018-02-19,5,-4.8235806711170195,-4.612193023789556,-4.8266932713635216,-0.11391898211398112,0.059328241777638006,0.5547417644120483,-3.404666426175698,-5.057751102043753,-4.824860899424679,-5.3448706034418105,-5.414469671022238,-5.290824425805447,-5.351270204509506,-4.775682671188683,-4.953487374455031,-4.8484437741940525,-5.039097300762235,P_E015_N225_L5,0.9447033706911397,False
N_P_E015_N225_L5_2,0,N225,E015,test,test,2016-01-04,2018-02-15,5,-4.8843943839664945,-4.572788848395112,-4.871254512412152,-0.027031527052945818,0.0635851829038599,0.5845811677410909,-3.404666426175698,-4.590185264236366,-4.8235806711170195,-5.057751102043753,-4.824860899424679,-5.3448706034418105,-5.414469671022238,-5.290824425805447,-5.351270204509506,-4.775682671188683,-4.953487374455031,P_E015_N225_L5,0.9836954555307436,False
N_P_E015_N225_L5_3,0,N225,E015,test,test,2016-01-04,2018-02-16,5,-4.590185264236366,-4.548989650652873,-4.8688611615049755,-0.07142853158693137,0.0712825983519936,0.5856831266262811,-3.404666426175698,-4.8235806711170195,-5.057751102043753,-4.824860899424679,-5.3448706034418105,-5.414469671022238,-5.290824425805447,-5.351270204509506,-4.775682671188683,-4.953487374455031,-4.8484437741940525,P_E015_N225_L5,1.0074862462459242,False
N_P_E018_N225_L5_1,0,N225,E018,test,test,2020-02-25,2019-03-22,5,-5.34860545121126,-5.552982534946971,-5.4711465433653474,0.03142021926314198,0.02108393759476421,0.4232448535954122,-4.567182584064613,-4.569816959850802,-4.818905043749814,-5.492993214908756,-5.0855963153658195,-5.702794784030648,-5.133530433682627,-4.95349310690331,-5.0405720444102275,-5.670207579616505,-5.818228904410321,P_E018_N225_L5,0.4685427335786814,False
N_P_E018_N225_L5_2,0,N225,E018,test,test,2020-02-25,2018-01-26,5,-5.256587277087129,-5.448835312861489,-5.465682853322848,0.09462568285359156,0.017362799639402158,0.4405409227833916,-4.476118704297589,-5.249418071071888,-4.716737656597909,-4.919470609728014,-4.927648989511154,-5.06039789786398,-4.814042297422735,-3.404666426175698,-3.919596737262661,-4.70918125294756,-4.507563805433605,P_E018_N225_L5,0.47298798727070096,False
N_P_E018_N225_L5_3,0,N225,E018,test,test,2020-02-25,2017-01-25,5,-5.383493958091117,-5.421680898683817,-5.355296332954753,0.005871123530515385,0.022549950863470482,0.471583166109296,-4.628283473333196,-5.226759148503627,-5.971851122425736,-5.8243297165016,-5.303217082075297,-4.884951329543941,-4.646579891009478,-4.919543752501398,-5.189969465398076,-5.2486437810515705,-5.463670833181516,P_E018_N225_L5,0.5033361560307877,False
N_P_E003_N225_L10_1,0,N225,E003,train,train,2008-01-09,2008-04-30,10,-4.700998868095339,-4.606323400853188,-4.724162449702868,-0.006141177360900617,-0.019277077537815355,0.40330812516800785,-4.117198305673586,-4.982921222511733,-5.20013641671036,-4.839820022843882,-5.391782537823568,-4.316501179853849,-4.500283237633074,-4.555646152129978,-4.557275435314972,-4.85030689151071,-4.791104355067224,P_E003_N225_L10,0.7407310613196991,False
N_P_E003_N225_L10_2,0,N225,E003,train,train,2008-01-09,2008-04-11,10,-4.330076601991605,-4.5279431593697,-4.510086521988354,0.020883189409867536,-0.011337204024009841,0.38944018983558926,-3.804456410273605,-4.368949547084354,-4.804250707510907,-5.291625081922674,-4.804390759006811,-4.929950212339751,-5.432413638562171,-5.535837449220263,-4.4354115850265385,-4.965749011208285,-4.433471321256087,P_E003_N225_L10,0.9906409223601278,False
N_P_E003_N225_L10_3,0,N225,E003,train,train,2008-01-09,2013-08-28,10,-4.684439247602602,-4.804869868329442,-4.548703445284332,-0.023575864562115877,-0.026438501306179356,0.3311411792078139,-3.8795329415460786,-5.425711503663333,-4.383476675569751,-4.693460744690765,-4.609851639208809,-4.690564624319532,-4.896935933071953,-4.476043917597205,-5.173596681009585,-5.105790530793362,-5.158639666898814,P_E003_N225_L10,1.0082916997317495,False
N_P_E006_N225_L10_1,0,N225,E006,train,train,2008-09-05,2013-02-04,10,-5.32902116966339,-4.909865396589675,-4.7856604681977,-0.2308992921437284,-0.001025669115984941,0.39671370009160883,-4.207151874896128,-5.005663976373121,-4.263273035983281,-4.8301791055469785,-4.7363617651533545,-5.0875476041829595,-4.713155818786746,-5.114611512900414,-4.549489369526217,-4.931963956866347,-5.5129162958053,P_E006_N225_L10,0.6508655459916551,False
N_P_E006_N225_L10_2,0,N225,E006,train,train,2008-09-05,2010-10-18,10,-5.170645823163413,-4.851144610326919,-4.906587772723465,-0.2491990266341293,0.0005157937801940787,0.3862070390614776,-4.1096665255705895,-5.1666546479929,-5.053844095521951,-4.635038338167864,-5.478612675345534,-5.412458841452609,-5.105746088530857,-4.821154116924912,-5.481941095675354,-4.506280781185815,-4.677460314945497,P_E006_N225_L10,0.707459622466212,False
N_P_E006_N225_L10_3,0,N225,E006,train,train,2008-09-05,2010-06-01,10,-5.203446823117433,-4.7971216030931885,-4.760656177973761,-0.1909611858342281,0.0007432007752501688,0.37245161896846474,-4.161988971276589,-4.371350785008,-4.620390590550727,-5.164913664345874,-4.324613277908703,-4.640706062934771,-4.964289298286979,-4.999151612557109,-5.179451323824719,-5.576469671544886,-5.260989704970803,P_E006_N225_L10,0.7173500143063251,False
N_P_E013_N225_L10_1,0,N225,E013,train,train,2013-05-16,2014-12-01,10,-5.1199986293769015,-5.404473982294459,-4.906904459153957,0.11537465227071615,-0.052915825749069605,0.5581665257793597,-3.6262266241763212,-4.931328761466031,-5.073704955878334,-5.699402406318649,-5.205807758851651,-5.223282065026882,-5.520731500026269,-4.422880758634562,-4.754861210644071,-4.8454566173406635,-4.8608396727324354,P_E013_N225_L10,0.8737988178565338,False
N_P_E013_N225_L10_2,0,N225,E013,train,train,2013-05-16,2009-12-25,10,-5.517085403603961,-5.247356181570093,-4.921325654093442,0.018184226078362176,-0.05144902097646466,0.5704155116423474,-3.8325344376066766,-4.8392715839919545,-5.331316476665773,-4.69918338173498,-5.3249150764037285,-4.881301895915475,-5.11233943116107,-4.865987712280569,-4.858576938888643,-4.846587744693714,-4.878788225226327,P_E013_N225_L10,1.0178299846558416,False
N_P_E013_N225_L10_3,0,N225,E013,train,train,2013-05-16,2009-12-24,10,-4.790651032889386,-5.178643538120557,-4.8841063554815545,0.08433619364575991,-0.04416551984270291,0.5535320945235023,-3.8325344376066766,-5.517085403603961,-4.8392715839919545,-5.331316476665773,-4.69918338173498,-5.3249150764037285,-4.881301895915475,-5.11233943116107,-4.865987712280569,-4.858576938888643,-4.846587744693714,P_E013_N225_L10,1.3939393605462882,False
N_P_E014_N225_L10_1,0,N225,E014,train,train,2015-08-24,2012-01-19,10,-5.292939495305626,-5.274940696325262,-5.579987381101958,0.15982395896714593,0.03075887772063922,0.4650921859856737,-4.551579868504523,-5.396934572880161,-5.662451733181547,-5.556375004923191,-5.040177756913187,-5.510897272440877,-5.278662912598479,-5.5280311571163825,-5.498306511168984,-5.677368072201096,-5.816950388838122,P_E014_N225_L10,0.6641380172104153,False
N_P_E014_N225_L10_2,0,N225,E014,train,train,2015-08-24,2011-01-25,10,-4.932375278856783,-5.218207692590363,-5.516935786996564,0.17406968320088698,0.036053642857713064,0.5161931874463221,-4.410864550372014,-5.943443165776396,-5.515796842467019,-4.683825462766402,-5.299139846960175,-5.739342686059697,-4.890490462775474,-6.1925828588205345,-5.956792312942455,-5.285221959510941,-6.582911299938595,P_E014_N225_L10,0.8332893697184082,False
N_P_E014_N225_L10_3,0,N225,E014,train,train,2015-08-24,2011-03-01,10,-5.2997994472123775,-5.109433271882393,-5.519887395171258,0.02852457572851559,0.036970921797957156,0.48903394453062876,-4.579415329532216,-4.921402499651203,-5.457037546977529,-5.088848143038097,-4.7655341032158915,-5.678049241212803,-5.225842095245455,-4.803490857981071,-4.7391854705381595,-3.9910519060482774,-2.3022616482960916,P_E014_N225_L10,0.8500414282765669,False
N_P_E015_N225_L10_1,0,N225,E015,test,test,2016-01-04,2018-08-15,10,-4.921378878352709,-4.966515117073027,-5.300164515884089,0.11190515044113586,0.026988619613072837,0.4014900384487836,-4.710889930169875,-4.601172554908458,-5.948732456980608,-5.594554251557952,-4.980712353620134,-5.094503246834908,-6.083204101973338,-5.52293697861964,-5.494918213855293,-5.284975414967065,-5.549890463296162,P_E015_N225_L10,0.6951615467688855,False
N_P_E015_N225_L10_2,0,N225,E015,test,test,2016-01-04,2019-05-14,10,-4.6710773711700035,-5.050108579944167,-5.34774372588082,0.1511312581756341,0.04688482752396722,0.42955505182913106,-4.4669296911830685,-5.05676443323963,-5.158716339409147,-5.183666997039358,-5.4857735623796025,-5.408575368656051,-5.553966887822553,-5.55005105301302,-5.188967494790178,-5.694448368423987,-5.682342428995531,P_E015_N225_L10,0.7903678501225563,False
N_P_E015_N225_L10_3,0,N225,E015,test,test,2016-01-04,2021-08-02,10,-4.905060544636074,-5.181721252931906,-5.226068628346645,0.1597789140831226,0.024720730512939874,0.4254468321223041,-4.375295804665295,-5.288808226222552,-5.73959530177776,-5.366612106958626,-5.551633672990488,-4.98017692209769,-5.606327186380976,-5.143673681445126,-5.957134534665025,-4.73060648402972,-4.948342649762444,P_E015_N225_L10,0.8123261985582836,False
N_P_E018_N225_L10_1,0,N225,E018,test,test,2020-02-25,2020-11-17,10,-5.347272243399934,-5.134461677183286,-5.200764400541141,-0.044112360651550414,0.049507463856609146,0.4831661829884141,-4.536733637570548,-5.248774090860507,-5.488754787933837,-5.790108179055038,-4.791840475054375,-4.589152467363853,-4.972424330563341,-5.161735194511043,-4.639300487544044,-5.249285756397611,-5.434718019501399,P_E018_N225_L10,0.89649487841927,False
N_P_E018_N225_L10_2,0,N225,E018,test,test,2020-02-25,2016-09-28,10,-5.344246761931339,-4.907906919383007,-5.317367062568647,-0.07472488662255956,0.05318348935069941,0.5003859197926618,-4.178009079985386,-5.082085787513304,-5.7208801447466975,-5.649149084567105,-5.537774479046777,-5.4832347480525,-5.833813194619232,-5.926029221819994,-5.285798094266819,-5.525029250889631,-4.784854404980196,P_E018_N225_L10,1.023921430944735,False
N_P_E018_N225_L10_3,0,N225,E018,test,test,2020-02-25,2020-11-16,10,-5.004820406276958,-4.972353956017409,-5.2075675876184375,-0.09981479870910345,0.05585748250602619,0.48628549836565715,-4.536733637570548,-5.347272243399934,-5.248774090860507,-5.488754787933837,-5.790108179055038,-4.791840475054375,-4.589152467363853,-4.972424330563341,-5.161735194511043,-4.639300487544044,-5.249285756397611,P_E018_N225_L10,1.0479969468324304,False
N_P_E004_KS11_L1_1,0,KS11,E004,train,train,2008-07-01,2011-03-04,1,-4.900617501176367,-4.914876982281426,-4.788764378304927,0.024663737507368163,-0.0052089432202046355,0.2765315625614692,-4.2546947733150935,-4.799772352740826,-4.62470553684342,-4.887572515243788,-4.7943674928950575,-5.028129753229107,-4.342125041664052,-3.435181947138124,-4.564987359822188,-4.343634906680036,-4.781823413019201,P_E004_KS11_L1,0.593384380490171,False
N_P_E004_KS11_L1_2,0,KS11,E004,train,train,2008-07-01,2011-03-02,1,-5.108373829682744,-4.930760210033194,-4.815123594225235,-0.06679124533599004,0.0028297365540751766,0.28928673526713616,-4.2546947733150935,-4.706486022882939,-4.900617501176367,-4.799772352740826,-4.62470553684342,-4.887572515243788,-4.7943674928950575,-5.028129753229107,-4.342125041664052,-3.435181947138124,-4.564987359822188,P_E004_KS11_L1,0.6562819392863406,True
N_P_E004_KS11_L1_3,0,KS11,E004,train,train,2008-07-01,2013-07-10,1,-5.132115688364988,-4.990804837909148,-4.918249227911831,-0.015246537854741442,-0.0008563583251306538,0.3169903680495027,-4.385961516736539,-4.4197147255068865,-5.714542672432583,-4.650494932783236,-5.314015914931072,-4.40502770127208,-5.392440270755541,-5.050100191612753,-4.995034913635769,-5.134697210683064,-5.478830251094902,P_E004_KS11_L1,0.741440274814655,False
N_P_E008_KS11_L1_1,0,KS11,E008,train,train,2009-05-22,2011-12-06,1,-4.706271536256052,-5.103364348885445,-4.738504681593369,0.0695048708618071,-0.03270596030914031,0.394582357742255,-3.986138205871835,-5.233109219542174,-4.76180077483894,-4.9634360180304,-5.4920314113367255,-5.233483913144239,-5.480098288402497,-4.871812071760905,-5.065729471705852,-3.6316703890549697,-5.13757890409798,P_E008_KS11_L1,0.9677509952178779,False
N_P_E008_KS11_L1_2,0,KS11,E008,train,train,2009-05-22,2008-03-03,1,-5.01037719659591,-5.008828056153279,-4.798434907803076,-0.04996814301772183,-0.039186249221694655,0.44054809475680295,-3.8060789532283628,-4.8663621007759055,-4.973302095208606,-4.691454912967452,-4.480552120124398,-4.537063629254066,-4.180766776266626,-4.5491453916233215,-4.036075050109174,-3.795027033173035,-3.9323578808038735,P_E008_KS11_L1,1.029291222858092,True
N_P_E008_KS11_L1_3,0,KS11,E008,train,train,2009-05-22,2010-06-11,1,-4.9899864409843175,-4.921876886746412,-4.690677928518279,-0.05292694862992957,-0.02768752852204878,0.39321124742664626,-3.8929030314688866,-5.153706046756585,-5.439668932262271,-5.199409697305594,-5.629629468865992,-5.607773146373637,-5.093145440346818,-5.617737582100261,-5.624877231904643,-5.0675471150495195,-5.28128209164254,P_E008_KS11_L1,1.1026940400743213,False
N_P_E011_KS11_L1_1,0,KS11,E011,train,train,2011-08-02,2013-09-26,1,-5.324147567710859,-5.224487204535684,-5.295934522155358,0.00374384402264301,-0.001864845772472949,0.22608687518902654,-4.876151556868072,-6.026291783055478,-5.695677544048686,-5.053011235915135,-5.489076271337163,-5.162861591940491,-5.659053945636685,-5.03546941676545,-5.5998571697531965,-5.383320210064548,-6.1566224867167465,P_E011_KS11_L1,0.628224017504029,False
N_P_E011_KS11_L1_2,0,KS11,E011,train,train,2011-08-02,2014-10-21,1,-5.535670543426985,-5.174848609565722,-5.25360735116803,-0.10814730220223798,0.007542980066363456,0.2377702074751211,-4.770020577634744,-5.527591734010474,-5.066266355145572,-4.821566548522444,-5.775781423097668,-5.597952826041227,-4.685821293607166,-5.361846734960743,-5.316899329833833,-5.506769222817002,-4.741992052046199,P_E011_KS11_L1,0.6855293294917635,False
N_P_E011_KS11_L1_3,0,KS11,E011,train,train,2011-08-02,2013-03-25,1,-5.4873777748945,-5.340277103688601,-5.308803191105935,-0.09387333771311486,0.004628234142094686,0.24066225275260392,-4.933232250632037,-5.4191352321911745,-4.974811023574389,-5.817483360877753,-5.890451174437159,-5.364048193790608,-4.754264095034325,-5.087295546209238,-4.816936912353626,-4.512701034067638,-5.3480171907603555,P_E011_KS11_L1,0.7481857974814304,False
N_P_E018_KS11_L1_1,0,KS11,E018,test,test,2020-02-28,2018-11-13,1,-4.448069456734311,-4.822680481072844,-4.675845373198711,0.0036317989113486032,-0.005715009526705804,0.34938229556038664,-4.073977767131112,-5.486760742865327,-4.749759320746505,-5.349516971475988,-5.067803989386127,-5.451675389498324,-4.819580237152202,-5.403047731730305,-4.810858349631629,-4.976915384320159,-5.028465366903105,P_E018_KS11_L1,1.3262437037098678,False
N_P_E018_KS11_L1_2,0,KS11,E018,test,test,2020-02-28,2019-06-03,1,-4.411868408391232,-4.8894894805954925,-4.877373550424753,0.1301076788348703,-0.012042886291635376,0.3147130455336308,-4.032676455614866,-5.7267347966157125,-5.11413779859667,-5.001252824965928,-4.969770140656577,-5.167525646683547,-5.4923433262585215,-4.8956178221874485,-5.413251262271845,-5.363778853046672,-5.5396264255328855,P_E018_KS11_L1,1.4018318395865057,False
N_P_E018_KS11_L1_3,0,KS11,E018,test,test,2020-02-28,2016-01-19,1,-4.906453714064718,-4.833496334268215,-4.94008434047934,0.0898337230691232,0.014921589174811121,0.2845942553199852,-4.251702488489322,-4.024143786380456,-4.942162451669382,-5.053082465255932,-5.138572882293368,-4.993833169689868,-5.130337771976515,-4.661776871098593,-4.898808875890478,-5.484944353652788,-5.430139064165163,P_E018_KS11_L1,1.5776259809513122,False
N_P_E020_KS11_L1_1,0,KS11,E020,test,test,2020-05-28,2016-01-29,1,-4.898808875890478,-4.964665914189764,-4.850373749631435,0.08115843113970532,-0.005405071330608594,0.32681242817145006,-4.024143786380456,-5.484944353652788,-5.430139064165163,-5.571146425408105,-5.072016914646684,-5.629911239913723,-5.105111799025128,-4.358638189170006,-5.201732768918351,-4.869254188501676,-5.26017713480603,P_E020_KS11_L1,0.8620777027265653,True
N_P_E020_KS11_L1_2,0,KS11,E020,test,test,2020-05-28,2022-03-16,1,-4.9934385716389,-5.120993927031558,-4.926305128076447,0.07094719481544913,-0.018767920844687244,0.3261196221762348,-4.354120683897807,-5.442566615578505,-5.442466575029801,-4.881278488110855,-5.169624605855009,-5.357251742730369,-5.217825643889424,-5.499925990666517,-5.027403155382643,-5.384332650941885,-5.405035235399276,P_E020_KS11_L1,1.0026118994168731,True
N_P_E020_KS11_L1_3,0,KS11,E020,test,test,2020-05-28,2022-03-07,1,-4.811297637895856,-4.99046775073693,-4.904077026727741,0.010025622923729818,-0.001890014836178718,0.3440248663011972,-4.354120683897807,-4.660719601380917,-5.312546582199973,-5.163561587066356,-5.043117234218557,-5.092305660034004,-4.9934385716389,-5.442566615578505,-5.442466575029801,-4.881278488110855,-5.169624605855009,P_E020_KS11_L1,1.0331586463031412,True
N_P_E021_KS11_L1_1,0,KS11,E021,test,test,2020-12-23,2021-10-25,1,-4.78047435180649,-5.214307415797678,-4.98533014116561,0.10466194510643363,-0.01691000310725954,0.36746972025273694,-4.055032438734545,-5.479637524899374,-5.125659191438191,-5.309891997649257,-4.344638245289879,-5.806980347963934,-4.864855921480938,-4.5659974296860115,-5.003271151355847,-4.605739179836689,-4.880824922620773,P_E021_KS11_L1,0.88651258085144,False
N_P_E021_KS11_L1_2,0,KS11,E021,test,test,2020-12-23,2022-03-08,1,-4.660719601380917,-4.984391580138381,-4.888838369595372,0.16578544170391388,0.00061679795951905,0.3478895527056882,-4.354120683897807,-5.312546582199973,-5.163561587066356,-5.043117234218557,-5.092305660034004,-4.9934385716389,-5.442566615578505,-5.442466575029801,-4.881278488110855,-5.169624605855009,-5.357251742730369,P_E021_KS11_L1,0.9476738191794888,False
N_P_E021_KS11_L1_3,0,KS11,E021,test,test,2020-12-23,2022-06-07,1,-4.719112793677802,-5.201244707878011,-5.034929590144945,0.09792693659680947,-0.024917619284140165,0.3832391991294398,-4.457772890837538,-5.519283873571946,-5.322465103983538,-5.422969227006446,-4.520313254632983,-4.502141750478757,-4.234133404400688,-4.352523533834604,-4.497162862295189,-3.9468572419895196,-4.660560666299782,P_E021_KS11_L1,0.9740510785272278,False
N_P_E004_KS11_L5_1,0,KS11,E004,train,train,2008-07-01,2011-03-02,5,-5.108373829682744,-4.930760210033194,-4.815123594225235,-0.06679124533599004,0.0028297365540751766,0.28928673526713616,-4.2546947733150935,-4.706486022882939,-4.900617501176367,-4.799772352740826,-4.62470553684342,-4.887572515243788,-4.7943674928950575,-5.028129753229107,-4.342125041664052,-3.435181947138124,-4.564987359822188,P_E004_KS11_L5,0.7751149245014468,True
N_P_E004_KS11_L5_2,0,KS11,E004,train,train,2008-07-01,2009-11-17,5,-5.068675449510437,-4.73912273893277,-4.802284246521642,-0.05377281989136926,8.83430196083624e-05,0.3226899712674218,-4.024536474202957,-5.012465645083236,-5.078596395026556,-5.3671004703892065,-4.973267925885827,-4.6394754152599464,-5.130725824619226,-4.816776363034154,-3.7282590666495734,-4.9234027683599635,-4.504898606851761,P_E004_KS11_L5,0.7788055849303168,False
N_P_E004_KS11_L5_3,0,KS11,E004,train,train,2008-07-01,2009-11-18,5,-5.012465645083236,-4.76554374509623,-4.803951091601391,-0.15081276372141175,-0.005706529919466537,0.32373593936695977,-4.024536474202957,-5.078596395026556,-5.3671004703892065,-4.973267925885827,-4.6394754152599464,-5.130725824619226,-4.816776363034154,-3.7282590666495734,-4.9234027683599635,-4.504898606851761,-5.039629794664353,P_E004_KS11_L5,0.8775473997484139,False
N_P_E008_KS11_L5_1,0,KS11,E008,train,train,2009-05-22,2008-03-03,5,-5.01037719659591,-5.008828056153279,-4.798434907803076,-0.04996814301772183,-0.039186249221694655,0.44054809475680295,-3.8060789532283628,-4.8663621007759055,-4.973302095208606,-4.691454912967452,-4.480552120124398,-4.537063629254066,-4.180766776266626,-4.5491453916233215,-4.036075050109174,-3.795027033173035,-3.9323578808038735,P_E008_KS11_L5,1.11532522380507,True
N_P_E008_KS11_L5_2,0,KS11,E008,train,train,2009-05-22,2011-12-07,5,-5.233109219542174,-5.136649362124234,-4.770398009001359,0.054559955391625906,-0.037509707682521085,0.40794578216345373,-3.986138205871835,-4.76180077483894,-4.9634360180304,-5.4920314113367255,-5.233483913144239,-5.480098288402497,-4.871812071760905,-5.065729471705852,-3.6316703890549697,-5.13757890409798,-5.062138229044183,P_E008_KS11_L5,1.1757962892751503,False
N_P_E008_KS11_L5_3,0,KS11,E008,train,train,2009-05-22,2010-06-16,5,-5.199409697305594,-5.155861675336597,-4.7538537989941,-0.08554273671407032,-0.05844559438186276,0.4404041163996527,-3.8929030314688866,-5.629629468865992,-5.607773146373637,-5.093145440346818,-5.617737582100261,-5.624877231904643,-5.0675471150495195,-5.28128209164254,-5.766760020187942,-4.363620075616527,-4.75950147978286,P_E008_KS11_L5,1.2232251031471941,False
N_P_E011_KS11_L5_1,0,KS11,E011,train,train,2011-08-02,2010-12-29,5,-5.357672852738196,-5.395233554619064,-5.429987841013901,0.016992025761402584,0.004563558279292819,0.2583912553794332,-4.792206682516027,-5.7084853445218835,-5.41630585645165,-5.374790233817327,-5.826640785860511,-4.731292093073711,-5.284287624567797,-5.187335876255753,-4.791953352734771,-5.670021772767458,-4.91769045814323,P_E011_KS11_L5,0.5486187748849182,False
N_P_E011_KS11_L5_2,0,KS11,E011,train,train,2011-08-02,2013-03-27,5,-4.974811023574389,-5.3235963331501255,-5.280567599146932,0.034867512192970816,0.0023463702567842375,0.24602813275261318,-4.933232250632037,-5.817483360877753,-5.890451174437159,-5.364048193790608,-4.754264095034325,-5.087295546209238,-4.816936912353626,-4.512701034067638,-5.3480171907603555,-4.579268534554578,-5.318363894764562,P_E011_KS11_L5,0.595616921223209,False
N_P_E011_KS11_L5_3,0,KS11,E011,train,train,2011-08-02,2013-08-14,5,-5.284630831656108,-5.249435263344925,-5.326886749682824,0.04261554261312934,0.0032056113111934986,0.25419059172345754,-4.958148600768165,-4.813306194802974,-5.879798465356247,-4.437850871971539,-4.609960138586962,-5.037284399403253,-4.974456535725669,-5.426821624569305,-5.333069410944089,-4.876151556868072,-4.91231137000388,P_E011_KS11_L5,0.6216387941440338,False
N_P_E018_KS11_L5_1,0,KS11,E018,test,test,2020-02-28,2016-01-29,5,-4.898808875890478,-4.964665914189764,-4.850373749631435,0.08115843113970532,-0.005405071330608594,0.32681242817145006,-4.024143786380456,-5.484944353652788,-5.430139064165163,-5.571146425408105,-5.072016914646684,-5.629911239913723,-5.105111799025128,-4.358638189170006,-5.201732768918351,-4.869254188501676,-5.26017713480603,P_E018_KS11_L5,0.8873433763189341,True
N_P_E018_KS11_L5_2,0,KS11,E018,test,test,2020-02-28,2022-03-16,5,-4.9934385716389,-5.120993927031558,-4.926305128076447,0.07094719481544913,-0.018767920844687244,0.3261196221762348,-4.354120683897807,-5.442566615578505,-5.442466575029801,-4.881278488110855,-5.169624605855009,-5.357251742730369,-5.217825643889424,-5.499925990666517,-5.027403155382643,-5.384332650941885,-5.405035235399276,P_E018_KS11_L5,1.117863856147421,True
N_P_E018_KS11_L5_3,0,KS11,E018,test,test,2020-02-28,2022-03-07,5,-4.811297637895856,-4.99046775073693,-4.904077026727741,0.010025622923729818,-0.001890014836178718,0.3440248663011972,-4.354120683897807,-4.660719601380917,-5.312546582199973,-5.163561587066356,-5.043117234218557,-5.092305660034004,-4.9934385716389,-5.442566615578505,-5.442466575029801,-4.881278488110855,-5.169624605855009,P_E018_KS11_L5,1.140182370465366,True
N_P_E020_KS11_L5_1,0,KS11,E020,test,test,2020-05-28,2021-04-02,5,-5.558044639644729,-5.244743725240902,-4.928271861747793,-0.1320246451626731,-0.04379390827477099,0.38788640970254473,-4.23994058257253,-5.321334566061058,-5.186251677418374,-5.522680430856039,-5.393616841048797,-5.13454989535834,-5.597888733936241,-4.975672148290217,-5.307257835929348,-5.339919121899166,-5.530810673701453,P_E020_KS11_L5,0.9453193265577353,False
N_P_E020_KS11_L5_2,0,KS11,E020,test,test,2020-05-28,2020-09-08,5,-5.512219639924271,-5.089698963440847,-4.682649286230257,-0.0904180605490864,-0.0408708537458774,0.4369308451570869,-3.799474616601631,-5.302173873524663,-5.395101517623887,-5.1276136286866745,-5.395572292161935,-5.273258884688549,-5.284928891393422,-4.654272959913202,-5.228927333722681,-4.427629023428028,-4.101561167754009,P_E020_KS11_L5,1.1976791406241296,False
N_P_E020_KS11_L5_3,0,KS11,E020,test,test,2020-05-28,2020-09-10,5,-5.395101517623887,-5.179354137859188,-4.746155969914184,-0.17787688834910118,-0.060111899295988896,0.48248486222945575,-3.799474616601631,-5.1276136286866745,-5.395572292161935,-5.273258884688549,-5.284928891393422,-4.654272959913202,-5.228927333722681,-4.427629023428028,-4.101561167754009,-4.054562009491017,-4.535718324626359,P_E020_KS11_L5,1.3237846992074023,False
N_P_E021_KS11_L5_1,0,KS11,E021,test,test,2020-12-23,2021-09-03,5,-5.513144359453337,-5.0485092382749475,-4.931816340195917,-0.16116032477046738,-0.00018617762227753835,0.371837655164439,-4.253051418649521,-5.611344552015495,-5.3605638307275125,-5.155027604461674,-4.707785416823671,-5.216755236014211,-5.151585488965547,-5.269834606954019,-5.338248310346713,-4.849830376233655,-5.169365122516385,P_E021_KS11_L5,0.45582840773568295,False
N_P_E021_KS11_L5_2,0,KS11,E021,test,test,2020-12-23,2021-05-25,5,-5.357590737649348,-5.053613829845199,-4.9159995269421985,-0.12980134403090882,0.006069328803270307,0.3462199247767881,-4.258360213714184,-5.407837798527936,-5.117943009373144,-5.287397491875912,-5.38291139535804,-5.059763093003382,-5.37200987106883,-5.081005460132419,-5.275961122218379,-5.161646690696122,-5.5013788419850735,P_E021_KS11_L5,0.8130321350643349,False
N_P_E021_KS11_L5_3,0,KS11,E021,test,test,2020-12-23,2021-05-26,5,-5.407837798527936,-5.164612846419471,-4.920551488772941,-0.1404148035108693,-0.007285338034712959,0.3523116967573735,-4.258360213714184,-5.117943009373144,-5.287397491875912,-5.38291139535804,-5.059763093003382,-5.37200987106883,-5.081005460132419,-5.275961122218379,-5.161646690696122,-5.5013788419850735,-5.1790563405786205,P_E021_KS11_L5,0.9300072710544458,False
N_P_E004_KS11_L10_1,0,KS11,E004,train,train,2008-07-01,2007-07-05,10,-4.680416698538607,-4.769225462070331,-4.767946711536181,-0.00993255425081814,0.006415946425539484,0.32929746449972463,-4.245846900861623,-4.8444639804074,-4.82752907919535,-5.371123429092128,-4.68961171396604,-4.85951096531619,-5.023692464482838,-4.411230314281788,-4.812257000734597,-4.720916145022528,-4.310597749841028,P_E004_KS11_L10,0.46168482017116086,False
N_P_E004_KS11_L10_2,0,KS11,E004,train,train,2008-07-01,2007-07-06,10,-4.8444639804074,-4.772438452315276,-4.7663965513027255,-0.04273232805193452,0.0036251508970429882,0.32883732681766636,-4.245846900861623,-4.82752907919535,-5.371123429092128,-4.68961171396604,-4.85951096531619,-5.023692464482838,-4.411230314281788,-4.812257000734597,-4.720916145022528,-4.310597749841028,-4.865829021317665,P_E004_KS11_L10,0.599249748479634,False
N_P_E004_KS11_L10_3,0,KS11,E004,train,train,2008-07-01,2007-07-02,10,-4.4310505650495,-4.7487690397784,-4.722796004346984,-0.013248014622668523,0.0030194767646673287,0.3328981792255835,-4.245846900861623,-5.079920248735066,-4.826340768845809,-4.680416698538607,-4.8444639804074,-4.82752907919535,-5.371123429092128,-4.68961171396604,-4.85951096531619,-5.023692464482838,-4.411230314281788,P_E004_KS11_L10,0.6560177424373961,False
N_P_E008_KS11_L10_1,0,KS11,E008,train,train,2009-05-22,2009-01-30,10,-4.603986872622973,-4.463363899357441,-4.293321916291633,-0.023287659922881638,-0.011487088648860487,0.28769051459633094,-3.8733058009608476,-4.024383717073126,-3.966635035653956,-4.621746270632634,-4.2313756210549975,-4.625313556789526,-4.2863469147652555,-4.092983789292913,-4.148115547909613,-4.369214078155341,-4.277834339495785,P_E008_KS11_L10,0.9887922518959745,False
N_P_E008_KS11_L10_2,0,KS11,E008,train,train,2009-05-22,2008-01-10,10,-4.616530598627401,-4.520624822562361,-4.499769198477178,-0.015885314443143263,-0.009908638109914212,0.3170095108220064,-3.9185198682706845,-3.751210915424784,-4.390995996363536,-3.91135800460768,-4.427082160160705,-4.135413165901487,-3.9837306110410498,-4.016317685078381,-3.8369576362080484,-3.904708628211771,-4.641564809409646,P_E008_KS11_L10,1.0099902998428056,False
N_P_E008_KS11_L10_3,0,KS11,E008,train,train,2009-05-22,2009-01-08,10,-4.457984305634137,-4.30869297894815,-4.136222352089041,-0.057025713580450006,-0.024377062340238804,0.31394306978502406,-3.388090311849049,-3.8733058009608476,-4.281637044852276,-4.028897904649571,-4.085023963922343,-3.9189985081460397,-4.271437774441097,-4.63635611626328,-4.472229442447413,-4.027990600196268,-4.502528040754096,P_E008_KS11_L10,1.1735070517870012,False
N_P_E011_KS11_L10_1,0,KS11,E011,train,train,2011-08-02,2013-01-28,10,-5.504608637652062,-5.05946150861532,-5.1026666376776815,-0.03517911395445451,0.005502136442835924,0.3044666525643,-4.592012654340568,-5.442371876917794,-5.279457141199145,-5.65796667080595,-4.905550778113796,-5.299919481998031,-5.353878995929133,-5.883076673066235,-5.3344077050189105,-4.821761495578993,-5.376672231674099,P_E011_KS11_L10,0.4623178264394,False
N_P_E011_KS11_L10_2,0,KS11,E011,train,train,2011-08-02,2015-12-23,10,-5.212949691219513,-5.094676357318536,-5.1942403399808414,-0.03283592430836185,0.0006283946023470719,0.3000042583484446,-4.550390407309009,-5.148769886993164,-4.798886819000363,-4.981973429531291,-5.328320301730641,-4.501742147706923,-4.8282736682029785,-4.951766258564138,-4.841082633253057,-4.521088861038064,-5.36896156198438,P_E011_KS11_L10,0.4839209267425982,False
N_P_E011_KS11_L10_3,0,KS11,E011,train,train,2011-08-02,2015-12-24,10,-5.148769886993164,-5.10554990819008,-5.190887399300562,-0.04357236283835822,0.0009371036503093275,0.3001249920382675,-4.550390407309009,-4.798886819000363,-4.981973429531291,-5.328320301730641,-4.501742147706923,-4.8282736682029785,-4.951766258564138,-4.841082633253057,-4.521088861038064,-5.36896156198438,-4.984359916283495,P_E011_KS11_L10,0.5403744117427814,False
N_P_E018_KS11_L10_1,0,KS11,E018,test,test,2020-02-28,2018-07-09,10,-4.933135170630232,-4.8656109330668995,-4.885679507285879,0.012416689092733238,0.011860815934373294,0.31382569708589747,-4.223891724361435,-5.63198526323716,-5.048695779630459,-5.20898628349393,-5.2204588104066465,-5.361229627087635,-5.487841798580355,-4.777191033774549,-5.190112290451084,-5.073180627737265,-5.01405408476219,P_E018_KS11_L10,0.7202960025231565,False
N_P_E018_KS11_L10_2,0,KS11,E018,test,test,2020-02-28,2022-03-07,10,-4.811297637895856,-4.99046775073693,-4.904077026727741,0.010025622923729818,-0.001890014836178718,0.3440248663011972,-4.354120683897807,-4.660719601380917,-5.312546582199973,-5.163561587066356,-5.043117234218557,-5.092305660034004,-4.9934385716389,-5.442566615578505,-5.442466575029801,-4.881278488110855,-5.169624605855009,P_E018_KS11_L10,0.7559672562056505,True
N_P_E018_KS11_L10_3,0,KS11,E018,test,test,2020-02-28,2022-05-26,10,-4.695172506560991,-4.928578843178835,-5.005754251487136,0.053060080995086946,0.011019367900690396,0.3270750089198623,-4.457772890837538,-5.805972033242006,-5.476259254774343,-4.947230003368798,-5.381367927975334,-5.48225355959378,-4.719112793677802,-5.519283873571946,-5.322465103983538,-5.422969227006446,-4.520313254632983,P_E018_KS11_L10,0.8943665378458,False
N_P_E020_KS11_L10_1,0,KS11,E020,test,test,2020-05-28,2020-09-07,10,-5.060943291164818,-4.999999457177358,-4.635164521001725,0.0311427714291367,-0.029488445203833896,0.391246972684637,-3.799474616601631,-5.512219639924271,-5.302173873524663,-5.395101517623887,-5.1276136286866745,-5.395572292161935,-5.273258884688549,-5.284928891393422,-4.654272959913202,-5.228927333722681,-4.427629023428028,P_E020_KS11_L10,1.2663832584951833,False
N_P_E020_KS11_L10_2,0,KS11,E020,test,test,2020-05-28,2016-01-29,10,-4.898808875890478,-4.964665914189764,-4.850373749631435,0.08115843113970532,-0.005405071330608594,0.32681242817145006,-4.024143786380456,-5.484944353652788,-5.430139064165163,-5.571146425408105,-5.072016914646684,-5.629911239913723,-5.105111799025128,-4.358638189170006,-5.201732768918351,-4.869254188501676,-5.26017713480603,P_E020_KS11_L10,1.29356754006897,True
N_P_E020_KS11_L10_3,0,KS11,E020,test,test,2020-05-28,2018-11-15,10,-4.749759320746505,-4.988524875994264,-4.679509907282249,0.0459760956473211,-0.030497556705075653,0.37341448586704795,-4.073977767131112,-5.349516971475988,-5.067803989386127,-5.451675389498324,-4.819580237152202,-5.403047731730305,-4.810858349631629,-4.976915384320159,-5.028465366903105,-5.497931120187886,-4.843903224169425,P_E020_KS11_L10,1.339664526910107,False
N_P_E021_KS11_L10_1,0,KS11,E021,test,test,2020-12-23,2021-08-31,10,-4.327167904640019,-4.85393143241776,-4.924401371719773,0.10826535215745829,0.029088012282898645,0.37965399104398245,-4.253051418649521,-5.20232422925774,-5.104100609828433,-5.513144359453337,-5.611344552015495,-5.3605638307275125,-5.155027604461674,-4.707785416823671,-5.216755236014211,-5.151585488965547,-5.269834606954019,P_E021_KS11_L10,0.8976277719865486,False
N_P_E021_KS11_L10_2,0,KS11,E021,test,test,2020-12-23,2018-10-23,10,-4.178811648574624,-4.743219313326961,-4.938284926441293,0.1931783539368466,0.03708255041464213,0.4184211917208672,-4.143451015452429,-4.7865455107029575,-4.661915415594476,-4.073977767131112,-4.169520555951039,-4.355807118291107,-4.947398768636789,-4.702810692915561,-4.20025749573861,-4.8177707776845455,-4.971404389328995,P_E021_KS11_L10,0.9917733076088447,False
N_P_E021_KS11_L10_3,0,KS11,E021,test,test,2020-12-23,2018-10-19,10,-4.4601125609597965,-5.006246769222389,-5.002855359949532,0.16601943459046312,0.030586037534303695,0.3849061831802083,-4.143451015452429,-4.91394297515931,-4.178811648574624,-4.7865455107029575,-4.661915415594476,-4.073977767131112,-4.169520555951039,-4.355807118291107,-4.947398768636789,-4.702810692915561,-4.20025749573861,P_E021_KS11_L10,1.0617017425450819,False
N_P_E002_HSI_L1_1,0,HSI,E002,train,train,2007-10-03,2007-02-06,1,-4.828742385941513,-4.731524000447387,-4.893521071519032,-0.15423500957752706,0.00997614007307618,0.2935671726699217,-4.213385702671495,-5.497635855490066,-4.342913465149944,-5.268911775473434,-5.1058554169814485,-4.44608405953865,-5.444755830406293,-5.291608114909636,-5.570352195754969,-5.523598806160927,-5.959538414415299,P_E002_HSI_L1,0.8302964516210811,False
N_P_E002_HSI_L1_2,0,HSI,E002,train,train,2007-10-03,2010-01-28,1,-4.839659252385081,-4.562972662627547,-4.722598921491351,-0.04174585714275902,0.018815409114379813,0.28092598417843095,-4.187109328913396,-4.399981227764792,-4.403818141610245,-4.565515146461892,-4.297916350412135,-4.963172486878666,-5.281963753906118,-4.868808545455685,-4.448647740728495,-4.717396042163311,-5.051628966773055,P_E002_HSI_L1,0.9092569842628744,False
N_P_E002_HSI_L1_3,0,HSI,E002,train,train,2007-10-03,2007-02-05,1,-4.972775374231958,-4.710659904894028,-4.875864081715191,-0.126489912383824,0.0029830546982185418,0.3079367848612749,-4.213385702671495,-4.828742385941513,-5.497635855490066,-4.342913465149944,-5.268911775473434,-5.1058554169814485,-4.44608405953865,-5.444755830406293,-5.291608114909636,-5.570352195754969,-5.523598806160927,P_E002_HSI_L1,0.9496877594779676,False
N_P_E003_HSI_L1_1,0,HSI,E003,train,train,2008-01-08,2015-05-07,1,-4.743921156743076,-4.686099255843454,-4.645085314338106,0.08938747573620358,-0.02872638686341192,0.4041145948203531,-3.643301254841008,-5.077904635978275,-5.197963852090669,-5.037295497093435,-4.916127790499707,-5.40261495527198,-4.3170317495741894,-4.8585835826539725,-5.157717608316203,-5.171268967013476,-5.345544168323621,P_E003_HSI_L1,0.8597435791389321,True
N_P_E003_HSI_L1_2,0,HSI,E003,train,train,2008-01-08,2009-05-26,1,-4.534324226409723,-4.417576535031969,-4.298404991389115,0.11458818309776155,-0.02370534878056121,0.4237870128528643,-3.6423223189489344,-3.8337743272947793,-4.333207857071707,-4.16913910132178,-3.9179485901772493,-4.2188949786386925,-4.30048124175004,-4.584311850432354,-4.340202932379554,-3.673066724872144,-4.060584184908556,P_E003_HSI_L1,0.973456041428595,False
N_P_E003_HSI_L1_3,0,HSI,E003,train,train,2008-01-08,2009-09-11,1,-4.682166547771188,-4.718620463611243,-4.683625173889049,0.016557874484656326,-0.011507226998322448,0.3840323086158411,-3.911206226949879,-5.049968812533169,-5.0240505227393255,-4.355171927945478,-4.817674172521988,-4.970561559966106,-4.879259924506345,-5.131528051638025,-5.1071038457181555,-4.393408337296738,-4.756801721018212,P_E003_HSI_L1,1.0173087229277233,True
N_P_E005_HSI_L1_1,0,HSI,E005,train,train,2008-08-01,2013-07-18,1,-5.425979687888234,-5.184614479903438,-4.761255575499651,-0.10537079113967589,-0.04657651139604143,0.42352621304991694,-4.060181345940494,-5.008309126114521,-5.109383812606701,-4.394614757339612,-5.283665985301665,-5.836868300674063,-5.2066740170049135,-5.1854573079732065,-5.240771669696193,-5.128428102415742,-5.382385784317969,P_E005_HSI_L1,0.41539920847271483,False
N_P_E005_HSI_L1_2,0,HSI,E005,train,train,2008-08-01,2007-03-26,1,-5.292281540368338,-5.315441178479764,-4.935310375809818,-0.061513373954623814,-0.046115871010994645,0.44464018485969226,-4.132576058213918,-5.731258573937982,-4.794000012993434,-4.477200354779502,-5.239893082721676,-4.6879639044840165,-5.648126838895042,-5.711672878837948,-5.302914788836655,-5.024054855505243,-5.523989127435698,P_E005_HSI_L1,0.8659281747336305,False
N_P_E005_HSI_L1_3,0,HSI,E005,train,train,2008-08-01,2013-09-09,1,-5.393186301901254,-5.326989693991607,-4.997218306837237,-0.08648637269493106,-0.041511498008470295,0.42337021724524043,-4.16388122282174,-5.566344157873803,-4.946909512588976,-5.616079263529283,-5.435705123055986,-6.01611422244704,-5.7817928282347895,-5.661024602042392,-6.128850752829437,-5.402180247234258,-5.159101608958624,P_E005_HSI_L1,0.9798269568267107,False
N_P_E012_HSI_L1_1,0,HSI,E012,train,train,2011-09-22,2009-09-16,1,-4.355171927945478,-4.774490566447347,-4.766532311644687,0.04699622116360516,0.006453971517320836,0.35855970477366933,-3.911206226949879,-4.817674172521988,-4.970561559966106,-4.879259924506345,-5.131528051638025,-5.1071038457181555,-4.393408337296738,-4.756801721018212,-4.760976858874623,-5.1761799821232275,-4.763925399945232,P_E012_HSI_L1,0.8671588901137751,True
N_P_E012_HSI_L1_2,0,HSI,E012,train,train,2011-09-22,2009-09-17,1,-4.817674172521988,-4.78580639670223,-4.765642780464679,0.042378163508609,0.004634965855144188,0.3584017264602152,-3.911206226949879,-4.970561559966106,-4.879259924506345,-5.131528051638025,-5.1071038457181555,-4.393408337296738,-4.756801721018212,-4.760976858874623,-5.1761799821232275,-4.763925399945232,-5.440367015799134,P_E012_HSI_L1,0.9429295548855194,False
N_P_E012_HSI_L1_3,0,HSI,E012,train,train,2011-09-22,2010-06-01,1,-4.559366163756761,-4.781049458959769,-4.713559735632697,-0.004430700489461098,-0.00203736447080767,0.3350759169034997,-4.005443145366345,-4.739478372436093,-5.654331783062345,-5.1912055055390685,-5.194653963283132,-5.207931436057063,-4.380308647526922,-5.039943921689929,-5.325162765969032,-6.053310744272635,-5.273419417386072,P_E012_HSI_L1,0.9881797302011477,False
N_P_E014_HSI_L1_1,0,HSI,E014,train,train,2015-08-18,2011-03-21,1,-5.276467347377211,-4.892019507911452,-4.925048429987987,-0.3064897008826941,-0.003933348033667703,0.46871115314366424,-3.9038003566846995,-4.890346062290277,-5.553290423909031,-5.172648306077493,-5.66835973864768,-4.723168977733328,-5.362566734339421,-4.7481212801692285,-5.648368111918609,-4.784448844397976,-5.024972286697298,P_E014_HSI_L1,0.8445184844649969,False
N_P_E014_HSI_L1_2,0,HSI,E014,train,train,2015-08-18,2012-01-13,1,-5.3009908269781105,-4.866790368180071,-5.070951263572054,-0.2742245861442914,-0.005357208328512542,0.46940766019367036,-3.974905865424105,-5.921035188504307,-4.23691264598502,-5.386717199548498,-5.21249218715987,-4.960967305734659,-5.408983457740952,-5.105938461922828,-4.5080756618865765,-4.92250128690174,-4.854623401324977,P_E014_HSI_L1,0.8847968605429901,False
N_P_E014_HSI_L1_3,0,HSI,E014,train,train,2015-08-18,2012-01-12,1,-5.021532929590374,-4.749515455764184,-5.066233202268295,-0.17439926916115822,0.00021325726608439148,0.46744392773560706,-3.974905865424105,-5.3009908269781105,-5.921035188504307,-4.23691264598502,-5.386717199548498,-5.21249218715987,-4.960967305734659,-5.408983457740952,-5.105938461922828,-4.5080756618865765,-4.92250128690174,P_E014_HSI_L1,0.8909369811397173,False
N_P_E019_HSI_L1_1,0,HSI,E019,test,test,2020-03-10,2019-11-19,1,-4.517209951332305,-4.884135529736234,-5.045593356386843,0.06717428525865075,0.024250737437883876,0.2805247091932326,-4.442348882170844,-5.647691772246847,-5.052390825736745,-5.387395866767751,-5.147081812782893,-4.966860218873625,-6.033229451180686,-5.278846533120678,-4.710384997584321,-5.918412844297948,-4.7958963001688035,P_E019_HSI_L1,1.1454465094246278,False
N_P_E019_HSI_L1_2,0,HSI,E019,test,test,2020-03-10,2016-06-20,1,-4.863769677920597,-4.870229211187421,-5.0258558720325475,0.005822398284605329,0.010235605171119114,0.2893511833888048,-4.458339467666405,-5.336586757310208,-4.6590193542004865,-5.547539095436699,-3.206625774944281,-4.53554718621614,-4.720484720433288,-4.95147255306497,-5.085726635793301,-4.67731326550022,-5.11311454654247,P_E019_HSI_L1,1.4865318476112792,True
N_P_E019_HSI_L1_3,0,HSI,E019,test,test,2020-03-10,2021-06-08,1,-4.946753820426773,-4.93441641408976,-5.062025586828234,0.022695299134250228,0.009587137638392177,0.2847726294997046,-4.625946518807219,-5.630247804442685,-5.1103315632363655,-5.380251735788075,-4.574089107125838,-5.26720250152606,-4.927305481660148,-5.074214005320481,-5.148051776724872,-5.132981327759284,-4.584148661930698,P_E019_HSI_L1,1.5827626230014729,False
N_P_E022_HSI_L1_1,0,HSI,E022,test,test,2021-02-17,2018-04-25,1,-5.259013780198919,-5.034044415838853,-4.749461097435693,-0.07145382398328332,-0.0211043910547924,0.34300218372272073,-4.118726253800292,-4.440494582935529,-5.066212259249433,-4.929477969819432,-5.30465418652042,-5.080427104554928,-4.643886403307239,-4.96990085815749,-5.058529765652082,-5.430672260112148,-5.914646898207621,P_E022_HSI_L1,0.519094064046845,False
N_P_E022_HSI_L1_2,0,HSI,E022,test,test,2021-02-17,2018-05-02,1,-5.30465418652042,-4.9999705557447465,-4.786182651833459,-0.05802641995269073,-0.032207270843863274,0.3422689307085622,-4.118726253800292,-5.080427104554928,-4.643886403307239,-4.96990085815749,-5.058529765652082,-5.430672260112148,-5.914646898207621,-5.355558757487244,-5.7380476053145895,-4.820258166975243,-4.862500719400127,P_E022_HSI_L1,0.5880021230272661,False
N_P_E022_HSI_L1_3,0,HSI,E022,test,test,2021-02-17,2018-12-03,1,-5.186587057253392,-4.914052177843671,-4.799679701258994,-0.03755115854725125,-0.02223143093817568,0.3519562141709762,-4.1021128667278335,-5.098581667643986,-5.576210549480281,-4.783356444197179,-5.266618615813034,-5.049674107552236,-5.192128435957006,-5.262829011628699,-5.104983540956948,-5.621502754730711,-5.4644229978337595,P_E022_HSI_L1,0.6383224409169265,True
N_P_E023_HSI_L1_1,0,HSI,E023,test,test,2021-09-14,2020-08-21,1,-4.957868904585973,-4.866718392943602,-4.685597671733326,0.0013525679970840486,-0.011134586709764879,0.3369437715252074,-4.009033410463411,-5.231462017850507,-5.061750288115922,-5.161957625988138,-5.002866940995995,-4.459508950757148,-4.149373314840202,-5.085861938342363,-4.90758643110008,-4.747819405642368,-4.83765180999896,P_E023_HSI_L1,0.9333899767596342,False
N_P_E023_HSI_L1_2,0,HSI,E023,test,test,2021-09-14,2018-11-30,1,-5.038094673562242,-4.824575703126664,-4.774550380890053,0.00923980644060141,-0.017774925299395204,0.34063756345852747,-4.1021128667278335,-5.186587057253392,-5.098581667643986,-5.576210549480281,-4.783356444197179,-5.266618615813034,-5.049674107552236,-5.192128435957006,-5.262829011628699,-5.104983540956948,-5.621502754730711,P_E023_HSI_L1,0.9825083817228345,True
N_P_E023_HSI_L1_3,0,HSI,E023,test,test,2021-09-14,2018-04-30,1,-4.929477969819432,-4.946410238641356,-4.75837786687138,0.04075507833175508,-0.024558366255977168,0.31978225501123175,-4.118726253800292,-5.30465418652042,-5.080427104554928,-4.643886403307239,-4.96990085815749,-5.058529765652082,-5.430672260112148,-5.914646898207621,-5.355558757487244,-5.7380476053145895,-4.820258166975243,P_E023_HSI_L1,1.0134103805428925,False
N_P_E026_HSI_L1_1,0,HSI,E026,test,test,2022-03-07,2017-12-19,1,-5.520544197642792,-5.028945657086463,-4.9775219967886795,-0.21450965915591197,0.0015640665294435407,0.3498634804497664,-4.184109844860708,-5.673850176348062,-5.13646532726633,-5.701115231605967,-5.627692236354373,-5.454269919548035,-5.814698029712053,-4.639535825437288,-5.248986594685283,-5.375260789780347,-5.236769447940012,P_E026_HSI_L1,0.9521298531835675,False
N_P_E026_HSI_L1_2,0,HSI,E026,test,test,2022-03-07,2020-09-14,1,-5.352497025433375,-4.915330695223121,-4.875587033870015,-0.17565273079859045,0.006276360105532566,0.30546695122991435,-4.149373314840202,-5.301342631296933,-5.354660910367704,-4.4780790089211,-5.283540636254192,-4.184544295869608,-5.136423897152406,-5.121730591551946,-4.670554332486491,-4.650267813451619,-4.958626197520162,P_E026_HSI_L1,1.1738156662224652,False
N_P_E026_HSI_L1_3,0,HSI,E026,test,test,2022-03-07,2016-05-19,1,-5.408089287077465,-4.966583790942503,-4.956262128939072,-0.18535813907562776,0.005778303470760717,0.34698463042228,-4.480865936815893,-4.626478048881874,-5.085855698297992,-5.34352701604012,-5.019966328664681,-5.387668048295787,-4.63887639507355,-4.740666999330495,-4.573583368851086,-5.231654241502599,-5.165559685898386,P_E026_HSI_L1,1.181462148942747,False
N_P_E002_HSI_L5_1,0,HSI,E002,train,train,2007-10-03,2007-01-31,5,-4.213385702671495,-4.784303472758822,-4.8147897956060515,0.1325416292076751,-0.013647952262934797,0.36219589550580794,-4.179074087035671,-4.661138644996722,-4.981577894395248,-4.972775374231958,-4.828742385941513,-5.497635855490066,-4.342913465149944,-5.268911775473434,-5.1058554169814485,-4.44608405953865,-5.444755830406293,P_E002_HSI_L5,0.5494290557751291,False
N_P_E002_HSI_L5_2,0,HSI,E002,train,train,2007-10-03,2013-07-10,5,-4.4347399991580385,-4.905408226101488,-4.667918524927368,0.16283122048140583,-0.002076911639489243,0.3602185917378273,-4.060181345940494,-4.691098434659703,-4.84654959404475,-5.2496782128829915,-5.256338968108433,-5.144525936592781,-5.425979687888234,-5.008309126114521,-5.109383812606701,-4.394614757339612,-5.283665985301665,P_E002_HSI_L5,0.7492208472921313,False
N_P_E002_HSI_L5_3,0,HSI,E002,train,train,2007-10-03,2015-05-15,5,-4.3170317495741894,-4.974206768905996,-4.809530197766793,0.13965447468544104,-0.018041386176457497,0.3628018062032115,-4.028555139039776,-4.8585835826539725,-5.157717608316203,-5.171268967013476,-5.345544168323621,-4.903494857448911,-5.103493546101809,-5.3043766850087435,-3.914539327571221,-4.875978940205932,-4.4697545231064675,P_E002_HSI_L5,0.7889867834423653,False
N_P_E003_HSI_L5_1,0,HSI,E003,train,train,2008-01-08,2009-09-11,5,-4.682166547771188,-4.718620463611243,-4.683625173889049,0.016557874484656326,-0.011507226998322448,0.3840323086158411,-3.911206226949879,-5.049968812533169,-5.0240505227393255,-4.355171927945478,-4.817674172521988,-4.970561559966106,-4.879259924506345,-5.131528051638025,-5.1071038457181555,-4.393408337296738,-4.756801721018212,P_E003_HSI_L5,0.752257175952361,True
N_P_E003_HSI_L5_2,0,HSI,E003,train,train,2008-01-08,2009-12-23,5,-4.695546027508104,-4.871765410295976,-4.744753433487978,-0.06436045630286163,-0.00835689137243409,0.38723361003219237,-3.952354880547965,-5.026200646419423,-4.909853331258032,-5.11008552825435,-4.778425794802636,-4.796733212309274,-4.6861989599269,-4.77928285982406,-5.055676119649499,-4.5888383117726095,-5.055016569909301,P_E003_HSI_L5,1.0789578995966487,False
N_P_E003_HSI_L5_3,0,HSI,E003,train,train,2008-01-08,2009-05-19,5,-4.919902375469712,-4.538268696606019,-4.256894396266674,0.016986850263109653,-0.016848328366614772,0.39954935070853037,-3.6423223189489344,-4.763103038945171,-4.776489893417276,-3.925799828877128,-4.088165687510551,-4.534324226409723,-3.8337743272947793,-4.333207857071707,-4.16913910132178,-3.9179485901772493,-4.2188949786386925,P_E003_HSI_L5,1.0949240379496121,False
N_P_E005_HSI_L5_1,0,HSI,E005,train,train,2008-08-01,2009-09-01,5,-4.978720190394152,-4.931647231601665,-4.631487753837788,0.06966691516169499,-0.030871006094498925,0.36894015132201496,-4.1070293729168075,-5.167509119972277,-4.706141565302545,-3.911206226949879,-5.040770172301341,-4.209466517033834,-4.899604059702277,-4.761095021247574,-4.682166547771188,-5.049968812533169,-5.0240505227393255,P_E005_HSI_L5,0.5362192503157893,False
N_P_E005_HSI_L5_2,0,HSI,E005,train,train,2008-08-01,2015-05-18,5,-4.8585835826539725,-4.906330715018657,-4.811264015096912,0.09565198698044401,-0.018969154685357946,0.3629569551098967,-4.028555139039776,-5.157717608316203,-5.171268967013476,-5.345544168323621,-4.903494857448911,-5.103493546101809,-5.3043766850087435,-3.914539327571221,-4.875978940205932,-4.4697545231064675,-5.190651043545006,P_E005_HSI_L5,0.673881169814818,False
N_P_E005_HSI_L5_3,0,HSI,E005,train,train,2008-08-01,2009-08-31,5,-4.938899172265551,-4.86017713236259,-4.600337889496764,0.021733295318864594,-0.0293278865361039,0.36435158530476075,-4.1070293729168075,-4.978720190394152,-5.167509119972277,-4.706141565302545,-3.911206226949879,-5.040770172301341,-4.209466517033834,-4.899604059702277,-4.761095021247574,-4.682166547771188,-5.049968812533169,P_E005_HSI_L5,0.7626683056204153,False
N_P_E012_HSI_L5_1,0,HSI,E012,train,train,2011-09-22,2009-03-02,5,-4.30492779633262,-4.39000685239712,-4.367190418791712,0.0717373685088559,-0.001528152562577627,0.31077273011401835,-3.8409832238217714,-4.065958137275586,-3.616900754511303,-4.146146092458052,-4.490840519176926,-3.502841693453224,-4.553250030828932,-4.128472942585001,-4.638644905378128,-4.533376878214581,-4.077120525953772,P_E012_HSI_L5,1.076219613706149,False
N_P_E012_HSI_L5_2,0,HSI,E012,train,train,2011-09-22,2009-09-16,5,-4.355171927945478,-4.774490566447347,-4.766532311644687,0.04699622116360516,0.006453971517320836,0.35855970477366933,-3.911206226949879,-4.817674172521988,-4.970561559966106,-4.879259924506345,-5.131528051638025,-5.1071038457181555,-4.393408337296738,-4.756801721018212,-4.760976858874623,-5.1761799821232275,-4.763925399945232,P_E012_HSI_L5,1.0886737205091688,True
N_P_E012_HSI_L5_3,0,HSI,E012,train,train,2011-09-22,2009-12-17,5,-4.380665026209994,-4.505043726187958,-4.712313994315511,0.000691734729660115,0.014095966959304972,0.37723578537280655,-3.952354880547965,-5.154000813459354,-4.960771810410674,-5.167843373891752,-4.695546027508104,-5.026200646419423,-4.909853331258032,-5.11008552825435,-4.778425794802636,-4.796733212309274,-4.6861989599269,P_E012_HSI_L5,1.1288082372808466,False
N_P_E014_HSI_L5_1,0,HSI,E014,train,train,2015-08-18,2012-06-29,5,-4.121950905301442,-4.791616255571741,-5.037779229196942,0.25111430153985764,0.009449762572418134,0.3919218725209261,-4.121950905301442,-5.434825727021265,-5.340544949655561,-4.763209779967012,-5.40109765267051,-4.635844436010101,-5.25665341534299,-5.045223116760701,-4.489456176154208,-5.515900719362258,-5.054143238270833,P_E014_HSI_L5,1.070413882562358,False
N_P_E014_HSI_L5_2,0,HSI,E014,train,train,2015-08-18,2011-02-25,5,-4.578238769576609,-5.032846943327111,-4.914361742955015,0.3212969861044834,0.006254662206431484,0.41340304906495845,-4.314497613677164,-4.296091650010035,-5.101009040685576,-5.036047055738703,-4.952638174644846,-5.595672949368099,-5.063415994006129,-4.393887035268828,-5.620074991548909,-5.192543167310599,-4.478994422075036,P_E014_HSI_L5,1.0851567592122646,False
N_P_E014_HSI_L5_3,0,HSI,E014,train,train,2015-08-18,2015-11-27,5,-4.29894478223376,-4.9883335591600835,-5.072058606219326,0.2591112131538553,0.008297719214297634,0.45486879401903496,-4.150193105542771,-4.848390153688805,-4.711725205601599,-5.257620957128901,-5.463053831543155,-5.618566248007343,-5.499265070430096,-4.824735744552609,-5.741103772357087,-5.141445401466774,-4.8174205204144185,P_E014_HSI_L5,1.175316944336803,False
N_P_E019_HSI_L5_1,0,HSI,E019,test,test,2020-03-10,2016-06-20,5,-4.863769677920597,-4.870229211187421,-5.0258558720325475,0.005822398284605329,0.010235605171119114,0.2893511833888048,-4.458339467666405,-5.336586757310208,-4.6590193542004865,-5.547539095436699,-3.206625774944281,-4.53554718621614,-4.720484720433288,-4.95147255306497,-5.085726635793301,-4.67731326550022,-5.11311454654247,P_E019_HSI_L5,0.8896947858088535,True
N_P_E019_HSI_L5_2,0,HSI,E019,test,test,2020-03-10,2019-02-28,5,-4.928595037509801,-5.045791336047982,-5.090743091548838,0.001318686621243379,0.006261863974645588,0.2775941303415686,-4.579117850172416,-5.496084077477996,-4.60882397436595,-5.10754270521293,-5.568777317254443,-5.323160526025264,-4.955725010686642,-5.1592752837902465,-5.4466026565961,-5.32333377402713,-5.314005775195129,P_E019_HSI_L5,1.0002951733187022,False
N_P_E019_HSI_L5_3,0,HSI,E019,test,test,2020-03-10,2019-02-27,5,-5.034709351641606,-5.018490653582543,-5.0915056453147844,-0.08458014511328638,0.0016031032750203832,0.2771458502557118,-4.579117850172416,-4.928595037509801,-5.496084077477996,-4.60882397436595,-5.10754270521293,-5.568777317254443,-5.323160526025264,-4.955725010686642,-5.1592752837902465,-5.4466026565961,-5.32333377402713,P_E019_HSI_L5,1.0242574582488995,False
N_P_E022_HSI_L5_1,0,HSI,E022,test,test,2021-02-17,2020-10-05,5,-4.690161169691036,-4.716895406227581,-4.854187894303108,0.03229909852223913,0.006531135918613779,0.3291627542734618,-4.184544295869608,-5.500109636714759,-4.77429501816414,-5.115161516519221,-4.953247612417909,-4.3876761128309205,-5.2465103416148295,-4.88628579848486,-4.454699587194067,-5.038689656982731,-4.939934158227538,P_E022_HSI_L5,0.8636449279934487,False
N_P_E022_HSI_L5_2,0,HSI,E022,test,test,2021-02-17,2018-04-17,5,-4.684734340443131,-4.768061310299914,-4.7047888630378205,0.1308324720210627,0.014004371115467186,0.34697309157393674,-4.118726253800292,-4.596537372974339,-5.100753892099074,-4.638834137370323,-5.134767668522485,-5.0368526010034635,-5.259013780198919,-4.440494582935529,-5.066212259249433,-4.929477969819432,-5.30465418652042,P_E022_HSI_L5,0.8796812865321134,False
N_P_E022_HSI_L5_3,0,HSI,E022,test,test,2021-02-17,2020-08-14,5,-4.821866792541396,-4.722287252795399,-4.612734590007199,0.0348344072018733,0.00045660981942985965,0.3399024332965471,-4.009033410463411,-4.5984427519743045,-5.289273107666631,-4.931112078018652,-4.55689512247245,-4.957868904585973,-5.231462017850507,-5.061750288115922,-5.161957625988138,-5.002866940995995,-4.459508950757148,P_E022_HSI_L5,0.887058000324798,False
N_P_E023_HSI_L5_1,0,HSI,E023,test,test,2021-09-14,2020-08-19,5,-4.931112078018652,-4.888928900238966,-4.669088221662234,-0.07217309291748504,-0.01071073638096358,0.3359501692440634,-4.009033410463411,-4.55689512247245,-4.957868904585973,-5.231462017850507,-5.061750288115922,-5.161957625988138,-5.002866940995995,-4.459508950757148,-4.149373314840202,-5.085861938342363,-4.90758643110008,P_E023_HSI_L5,0.5330339947063709,False
N_P_E023_HSI_L5_2,0,HSI,E023,test,test,2021-09-14,2018-04-24,5,-5.0368526010034635,-4.901549134393937,-4.729342635173201,-0.09146442324816667,-0.011527630415106672,0.32274389105249435,-4.118726253800292,-5.259013780198919,-4.440494582935529,-5.066212259249433,-4.929477969819432,-5.30465418652042,-5.080427104554928,-4.643886403307239,-4.96990085815749,-5.058529765652082,-5.430672260112148,P_E023_HSI_L5,0.7111184571692849,False
N_P_E023_HSI_L5_3,0,HSI,E023,test,test,2021-09-14,2018-04-19,5,-5.100753892099074,-4.732943009226936,-4.675379808484281,-0.05779853210315606,-0.005203611197376909,0.31444905366656806,-4.118726253800292,-4.638834137370323,-5.134767668522485,-5.0368526010034635,-5.259013780198919,-4.440494582935529,-5.066212259249433,-4.929477969819432,-5.30465418652042,-5.080427104554928,-4.643886403307239,P_E023_HSI_L5,0.7224083309571041,False
N_P_E026_HSI_L5_1,0,HSI,E026,test,test,2022-03-07,2020-09-30,5,-4.555848499818936,-4.712974038786672,-4.857070806100674,0.015010612813056995,0.0024216904288336264,0.3279006205834556,-4.184544295869608,-4.690161169691036,-5.500109636714759,-4.77429501816414,-5.115161516519221,-4.953247612417909,-4.3876761128309205,-5.2465103416148295,-4.88628579848486,-4.454699587194067,-5.038689656982731,P_E026_HSI_L5,0.6473703258252179,False
N_P_E026_HSI_L5_2,0,HSI,E026,test,test,2022-03-07,2016-03-01,5,-4.633828850619444,-4.606647784451309,-4.856136675796093,-0.0013470779420080023,-0.0006122387535974166,0.374681972156423,-4.021897126418273,-4.795547899340401,-4.7389021202539015,-5.010855876546336,-4.959907237457624,-4.954877876764907,-5.177901806945218,-4.852722855426001,-4.462176534821009,-5.22387090103027,-5.710554174674553,P_E026_HSI_L5,0.7571896167108383,False
N_P_E026_HSI_L5_3,0,HSI,E026,test,test,2022-03-07,2020-06-19,5,-4.526835762606883,-4.704725977062432,-4.696306731740521,-0.012007602663711956,0.0011143953830253168,0.3686849131417708,-4.047591164530975,-5.145375925286558,-4.035465136229913,-4.928335083754271,-5.234097947528324,-4.439968037119976,-4.824184641553277,-4.301171692995937,-5.047110595487866,-3.861628048461723,-3.919411994866134,P_E026_HSI_L5,0.7616431596224172,False
N_P_E002_HSI_L10_1,0,HSI,E002,train,train,2007-10-03,2015-05-07,10,-4.743921156743076,-4.686099255843454,-4.645085314338106,0.08938747573620358,-0.02872638686341192,0.4041145948203531,-3.643301254841008,-5.077904635978275,-5.197963852090669,-5.037295497093435,-4.916127790499707,-5.40261495527198,-4.3170317495741894,-4.8585835826539725,-5.157717608316203,-5.171268967013476,-5.345544168323621,P_E002_HSI_L10,0.8655310582767828,True
N_P_E002_HSI_L10_2,0,HSI,E002,train,train,2007-10-03,2009-09-11,10,-4.682166547771188,-4.718620463611243,-4.683625173889049,0.016557874484656326,-0.011507226998322448,0.3840323086158411,-3.911206226949879,-5.049968812533169,-5.0240505227393255,-4.355171927945478,-4.817674172521988,-4.970561559966106,-4.879259924506345,-5.131528051638025,-5.1071038457181555,-4.393408337296738,-4.756801721018212,P_E002_HSI_L10,1.0521683210927484,True
N_P_E002_HSI_L10_3,0,HSI,E002,train,train,2007-10-03,2008-04-22,10,-4.309546783329437,-4.7805989593278655,-4.574480616963748,0.006943180675069895,-0.03360212843707132,0.34406068624609304,-3.782270345013822,-4.551786869675056,-5.112011406417229,-4.633348283399644,-5.652326616817034,-4.665236710703023,-4.858126594866477,-5.386552845709762,-5.091598364869826,-5.192696312693046,-3.8628140490219285,P_E002_HSI_L10,1.189413060195451,False
N_P_E003_HSI_L10_1,0,HSI,E003,train,train,2008-01-08,2009-12-18,10,-5.154000813459354,-4.604250939627443,-4.710422335345621,-0.1749759887468115,0.0002147868592240313,0.37479160295610914,-3.952354880547965,-4.960771810410674,-5.167843373891752,-4.695546027508104,-5.026200646419423,-4.909853331258032,-5.11008552825435,-4.778425794802636,-4.796733212309274,-4.6861989599269,-4.77928285982406,P_E003_HSI_L10,1.1469873181081522,False
N_P_E003_HSI_L10_2,0,HSI,E003,train,train,2008-01-08,2010-05-31,10,-5.130939058499532,-4.76940635154888,-4.7719780365847075,-0.12691545550185526,0.010016178000415512,0.4019529737447453,-4.005443145366345,-4.559366163756761,-4.739478372436093,-5.654331783062345,-5.1912055055390685,-5.194653963283132,-5.207931436057063,-4.380308647526922,-5.039943921689929,-5.325162765969032,-6.053310744272635,P_E003_HSI_L10,1.454859079727399,False
N_P_E003_HSI_L10_3,0,HSI,E003,train,train,2008-01-08,2009-06-05,10,-4.584311850432354,-4.238155152464023,-4.324114644011504,-0.12128781497939428,0.005879189229418166,0.3933924178324579,-3.6423223189489344,-4.340202932379554,-3.673066724872144,-4.060584184908556,-4.584216738336447,-4.238774016688444,-4.258106619872317,-4.192025190830892,-4.266951139691578,-4.274599988917447,-4.75948687931808,P_E003_HSI_L10,1.553000423908649,False
N_P_E005_HSI_L10_1,0,HSI,E005,train,train,2008-08-01,2010-02-08,10,-4.868808545455685,-4.7954752566228995,-4.6718100769075175,-0.15906342014815752,0.002168082754367168,0.323525505157423,-4.187109328913396,-4.448647740728495,-4.717396042163311,-5.051628966773055,-5.055050607722584,-5.081214748555297,-5.198776261376049,-4.458472877877188,-5.6960405191697205,-4.05097599674829,-4.9863340345358065,P_E005_HSI_L10,1.0254431242396207,False
N_P_E005_HSI_L10_2,0,HSI,E005,train,train,2008-08-01,2010-06-02,10,-4.739478372436093,-4.708953009871777,-4.707353011515381,-0.09178983085961022,-0.004776890486904327,0.33329510397714,-4.005443145366345,-5.654331783062345,-5.1912055055390685,-5.194653963283132,-5.207931436057063,-4.380308647526922,-5.039943921689929,-5.325162765969032,-6.053310744272635,-5.273419417386072,-5.60638932210528,P_E005_HSI_L10,1.0371523716501942,False
N_P_E005_HSI_L10_3,0,HSI,E005,train,train,2008-08-01,2009-09-10,10,-4.761095021247574,-4.564428399446981,-4.672963836113496,-0.1558611475996331,-0.014597191960295734,0.3870230423024034,-3.911206226949879,-4.682166547771188,-5.049968812533169,-5.0240505227393255,-4.355171927945478,-4.817674172521988,-4.970561559966106,-4.879259924506345,-5.131528051638025,-5.1071038457181555,-4.393408337296738,P_E005_HSI_L10,1.0838831227740253,False
N_P_E012_HSI_L10_1,0,HSI,E012,train,train,2011-09-22,2009-08-20,10,-4.835464796122121,-4.4150906192975,-4.472027471456275,-0.04801232832591292,-0.008726602526809112,0.3402461021010581,-3.7945898621064877,-4.34522469818943,-5.063200392876178,-4.621369694198781,-5.273550729843515,-5.045907244983781,-4.421158820521324,-4.938899172265551,-4.978720190394152,-5.167509119972277,-4.706141565302545,P_E012_HSI_L10,0.6385762482585131,False
N_P_E012_HSI_L10_2,0,HSI,E012,train,train,2011-09-22,2013-07-12,10,-4.84654959404475,-4.693345525138701,-4.688447810263932,-0.05635515504929926,-0.0016820990228813527,0.35750926984023834,-4.060181345940494,-5.2496782128829915,-5.256338968108433,-5.144525936592781,-5.425979687888234,-5.008309126114521,-5.109383812606701,-4.394614757339612,-5.283665985301665,-5.836868300674063,-5.2066740170049135,P_E012_HSI_L10,0.7772787289711791,False
N_P_E012_HSI_L10_3,0,HSI,E012,train,train,2011-09-22,2009-08-25,10,-4.621369694198781,-4.602753525625603,-4.502310970744295,-0.11734588916685978,-0.01778663277469051,0.3518952651109931,-3.7945898621064877,-5.273550729843515,-5.045907244983781,-4.421158820521324,-4.938899172265551,-4.978720190394152,-5.167509119972277,-4.706141565302545,-3.911206226949879,-5.040770172301341,-4.209466517033834,P_E012_HSI_L10,0.9524552193911632,False
N_P_E014_HSI_L10_1,0,HSI,E014,train,train,2015-08-18,2015-05-04,10,-4.967711542119596,-5.037501919583567,-4.7420688489272464,0.00010184064370316393,-0.015063512763330615,0.4902672115434578,-3.643301254841008,-4.171162852026588,-4.5604653093091425,-4.743921156743076,-5.077904635978275,-5.197963852090669,-5.037295497093435,-4.916127790499707,-5.40261495527198,-4.3170317495741894,-4.8585835826539725,P_E014_HSI_L10,2.9170825617807132,False
N_P_E014_HSI_L10_2,0,HSI,E014,train,train,2015-08-18,2010-06-18,10,-5.248107138344367,-5.501277877615477,-5.0144431228715565,0.06010326774166803,-0.05327297681688863,0.5048528277561647,-4.005443145366345,-4.5452295349690734,-5.376674943392243,-5.271269813772868,-5.200590132573223,-5.319100551499246,-5.285967647839391,-4.1313365269191396,-5.269374080873864,-4.5297997662440865,-5.619111759109909,P_E014_HSI_L10,3.1597977830101933,False
N_P_E014_HSI_L10_3,0,HSI,E014,train,train,2015-08-18,2008-12-05,10,-4.654325293047027,-4.380182434815208,-3.9405460805535264,-0.10730660829335459,-0.04437043502808612,0.5075264601204426,-2.8193055290003826,-3.494677413253827,-3.9330226216035036,-3.6924929478707673,-4.067950801217483,-3.303441643453964,-4.199900709204281,-4.141624473483844,-4.214830629685508,-4.643802268595659,-4.078666674945997,P_E014_HSI_L10,3.2655195024656014,False
N_P_E019_HSI_L10_1,0,HSI,E019,test,test,2020-03-10,2018-12-07,10,-5.266618615813034,-5.182270866877575,-4.909780197302209,0.015516210632751949,-0.02845725053932424,0.3753451877621985,-4.1021128667278335,-5.049674107552236,-5.192128435957006,-5.262829011628699,-5.104983540956948,-5.621502754730711,-5.4644229978337595,-4.587781050268352,-5.715026457901484,-4.568276082148997,-4.46043712508235,P_E019_HSI_L10,0.7042967158883038,False
N_P_E019_HSI_L10_2,0,HSI,E019,test,test,2020-03-10,2019-09-03,10,-5.188879585221229,-5.061526176146261,-4.91674896356498,-0.07283397406336296,-0.019323335541091228,0.37480923057991145,-4.165115426269809,-3.7953571882841968,-4.666783479167984,-5.273763381694878,-5.41330574932303,-5.239169725974655,-4.593125820362194,-4.960063446008897,-5.045161062255508,-5.25064522148851,-5.155998755574215,P_E019_HSI_L10,0.84348830785809,False
N_P_E019_HSI_L10_3,0,HSI,E019,test,test,2020-03-10,2019-01-28,10,-4.943846112828753,-5.01423744452044,-4.899980077474082,0.004142905251658118,-0.026706682655808663,0.3711170377077293,-4.008574840275582,-5.2198721630316545,-5.122214825212859,-5.278273139744184,-4.7816141730435975,-5.686390571220285,-4.579117850172416,-5.059367120415292,-5.2891665194143105,-4.840839320430294,-5.457542033403004,P_E019_HSI_L10,0.8653230093797065,False
N_P_E022_HSI_L10_1,0,HSI,E022,test,test,2021-02-17,2018-10-24,10,-4.524102850600048,-4.354680742424815,-4.664839945136768,0.027445373932956395,0.026859228671109184,0.33105666936252176,-4.112042055166626,-4.798532000550283,-4.470058313280075,-4.738457624671853,-4.638208938187037,-4.996798196580591,-4.809641475152617,-4.3260716862533455,-4.684000649874563,-4.866906762263852,-4.270639530400602,P_E022_HSI_L10,0.4739116324497399,False
N_P_E022_HSI_L10_2,0,HSI,E022,test,test,2021-02-17,2018-10-23,10,-4.112042055166626,-4.361156455182281,-4.67252670366102,0.11863214077803827,0.024822750819791316,0.3293975476314163,-4.112042055166626,-4.524102850600048,-4.798532000550283,-4.470058313280075,-4.738457624671853,-4.638208938187037,-4.996798196580591,-4.809641475152617,-4.3260716862533455,-4.684000649874563,-4.866906762263852,P_E022_HSI_L10,0.8893011464962937,False
N_P_E022_HSI_L10_3,0,HSI,E022,test,test,2021-02-17,2018-10-19,10,-4.171197476787566,-4.543798922809975,-4.737720656813481,0.07361879250958657,0.01504954592707868,0.2968652675119257,-4.171197476787566,-4.334309320115474,-4.112042055166626,-4.524102850600048,-4.798532000550283,-4.470058313280075,-4.738457624671853,-4.638208938187037,-4.996798196580591,-4.809641475152617,-4.3260716862533455,P_E022_HSI_L10,1.1078550040986503,False
N_P_E023_HSI_L10_1,0,HSI,E023,test,test,2021-09-14,2020-08-07,10,-4.009033410463411,-4.450364122931996,-4.578018218866918,0.1310229711575023,0.008049224126223135,0.35090938037901853,-4.009033410463411,-5.038951308261766,-4.718124811571842,-4.228543580608147,-4.803949770993847,-4.821866792541396,-4.5984427519743045,-5.289273107666631,-4.931112078018652,-4.55689512247245,-4.957868904585973,P_E023_HSI_L10,0.8299862354688873,False
N_P_E023_HSI_L10_2,0,HSI,E023,test,test,2021-09-14,2018-11-07,10,-4.270639530400602,-4.591452020788996,-4.607716066432884,0.05371688134935227,0.003706091343052512,0.2802909530402282,-4.112042055166626,-4.8298279603657415,-4.555383103239995,-5.09851937447721,-4.1021128667278335,-4.711478171561524,-4.425692778106037,-4.82653528482807,-5.160684999861276,-4.7988385389750645,-4.443788896136661,P_E023_HSI_L10,0.8950748454299958,False
N_P_E023_HSI_L10_3,0,HSI,E023,test,test,2021-09-14,2020-08-04,10,-4.368965793161811,-4.613180040611475,-4.600484098284869,0.12435506266060144,-0.001775221760117376,0.3174475043507125,-4.071430618115592,-4.9370104419460885,-4.304763732945761,-4.009033410463411,-5.038951308261766,-4.718124811571842,-4.228543580608147,-4.803949770993847,-4.821866792541396,-4.5984427519743045,-5.289273107666631,P_E023_HSI_L10,1.0148942996552586,False
N_P_E026_HSI_L10_1,0,HSI,E026,test,test,2022-03-07,2020-08-24,10,-5.231462017850507,-4.993322246118842,-4.720814658668006,0.008886535306492286,-0.01643040575647276,0.3557896857442261,-4.009033410463411,-5.061750288115922,-5.161957625988138,-5.002866940995995,-4.459508950757148,-4.149373314840202,-5.085861938342363,-4.90758643110008,-4.747819405642368,-4.83765180999896,-4.554099264909307,P_E026_HSI_L10,0.572174971993161,False
N_P_E026_HSI_L10_2,0,HSI,E026,test,test,2022-03-07,2018-12-03,10,-5.186587057253392,-4.914052177843671,-4.799679701258994,-0.03755115854725125,-0.02223143093817568,0.3519562141709762,-4.1021128667278335,-5.098581667643986,-5.576210549480281,-4.783356444197179,-5.266618615813034,-5.049674107552236,-5.192128435957006,-5.262829011628699,-5.104983540956948,-5.621502754730711,-5.4644229978337595,P_E026_HSI_L10,0.5770442670992458,True
N_P_E026_HSI_L10_3,0,HSI,E026,test,test,2022-03-07,2018-11-30,10,-5.038094673562242,-4.824575703126664,-4.774550380890053,0.00923980644060141,-0.017774925299395204,0.34063756345852747,-4.1021128667278335,-5.186587057253392,-5.098581667643986,-5.576210549480281,-4.783356444197179,-5.266618615813034,-5.049674107552236,-5.192128435957006,-5.262829011628699,-5.104983540956948,-5.621502754730711,P_E026_HSI_L10,0.5850405768659229,True
