fold,split,row_index,date,model,task,future_rv_true,predicted_future_rv,converged,convergence_flag,fit_note,history_start,history_rows,reference_rv,innovation_true,innovation_pred
1,test,3064,2005-06-28,garch_1_1_t,innovation,0.082008580285961,0.11596403570791752,True,0,converged,565,2500,0.0795593380992993,0.030320744988721768,0.3767769715991798
1,test,3065,2005-06-29,garch_1_1_t,innovation,0.0844564748436662,0.11392256058236508,True,0,converged,566,2500,0.0742209350934973,0.12919005655550603,0.42847266993784383
1,test,3066,2005-06-30,garch_1_1_t,innovation,0.0855747648677312,0.11373014856590226,True,0,converged,567,2500,0.0763096694849873,0.11459077666048632,0.39902886442183194
1,test,3067,2005-07-01,garch_1_1_t,innovation,0.0849784715207041,0.11206207527669228,True,0,converged,568,2500,0.0748899356113589,0.12637843769877913,0.4030334508160801
1,test,3068,2005-07-05,garch_1_1_t,innovation,0.0828466084414581,0.1145551178134138,True,0,converged,569,2500,0.0800272240143605,0.03462392993818221,0.35868920848761304
1,test,3069,2005-07-06,garch_1_1_t,innovation,0.0778401940272663,0.117402877654582,True,0,converged,570,2500,0.0853826294068796,-0.09248474685882606,0.31846874125613406
1,test,3070,2005-07-07,garch_1_1_t,innovation,0.0817403571170958,0.11621860670550802,True,0,converged,571,2500,0.0862673498599096,-0.05390334641214985,0.2980217646743422
1,test,3071,2005-07-08,garch_1_1_t,innovation,0.075108042922987,0.12300422862880345,True,0,converged,572,2500,0.0937209501228274,-0.2213941022618646,0.2718969824016097
1,test,3072,2005-07-11,garch_1_1_t,innovation,0.0731990833738072,0.12217328911885318,True,0,converged,573,2500,0.0950931450160369,-0.26167398642991396,0.25058355442621216
1,test,3073,2005-07-12,garch_1_1_t,innovation,0.0756787881565094,0.12008007020821078,True,0,converged,574,2500,0.0948885564954471,-0.2262052015865281,0.23545565853283987
1,test,3074,2005-07-13,garch_1_1_t,innovation,0.0755377260015201,0.11769299546982874,True,0,converged,575,2500,0.0946591591662442,-0.22565042817162476,0.2177968590027648
1,test,3075,2005-07-14,garch_1_1_t,innovation,0.0755721785834124,0.11637114586722033,True,0,converged,576,2500,0.0954346337717165,-0.233353342713523,0.19834306681796596
1,test,3076,2005-07-15,garch_1_1_t,innovation,0.0786434442472056,0.11402759762315295,True,0,converged,577,2500,0.0950234634263442,-0.1891995720104113,0.18231665897005903
1,test,3077,2005-07-18,garch_1_1_t,innovation,0.0803814490447266,0.11291277129721136,True,0,converged,578,2500,0.0951777985512442,-0.16896328981729725,0.17086887908921097
1,test,3078,2005-07-19,garch_1_1_t,innovation,0.0907958281229085,0.11289269033799038,True,0,converged,579,2500,0.0971249430401436,-0.06738488345960984,0.15043950226072306
1,test,3079,2005-07-20,garch_1_1_t,innovation,0.0899864499153543,0.1114906155885193,True,0,converged,580,2500,0.0978543318441333,-0.08382086061449727,0.13046045911877105
1,test,3080,2005-07-21,garch_1_1_t,innovation,0.0875583830228833,0.11200183530048087,True,0,converged,581,2500,0.0999906244261022,-0.13277062044496485,0.11343883191850256
1,test,3081,2005-07-22,garch_1_1_t,innovation,0.0846977758346469,0.11355160932964083,True,0,converged,582,2500,0.0896012715659998,-0.05628016948298342,0.23688792985835097
1,test,3082,2005-07-25,garch_1_1_t,innovation,0.0840967682730594,0.11202385758384396,True,0,converged,583,2500,0.0862875696213711,-0.025717411835316936,0.2610263118695024
1,test,3083,2005-07-26,garch_1_1_t,innovation,0.0842501815172307,0.11008636350777201,True,0,converged,584,2500,0.0862467477491039,-0.023421624206426843,0.24405283259889976
1,test,3084,2005-07-27,garch_1_1_t,innovation,0.0891178744752032,0.10911603260497887,True,0,converged,585,2500,0.082008580285961,0.08313604632717549,0.28558795591818964
1,test,3085,2005-07-28,garch_1_1_t,innovation,0.0872386074172067,0.11025309988647221,True,0,converged,586,2500,0.0844564748436662,0.03241066749129615,0.2665423197648962
1,test,3086,2005-07-29,garch_1_1_t,innovation,0.0874003010482379,0.11173625112001247,True,0,converged,587,2500,0.0855747648677312,0.021108290405705367,0.26675075670375153
1,test,3087,2005-08-01,garch_1_1_t,innovation,0.0915081689267328,0.10958656348560289,True,0,converged,588,2500,0.0849784715207041,0.07403029800076688,0.2543168228806737
1,test,3088,2005-08-02,garch_1_1_t,innovation,0.0909693430933875,0.11042651821309109,True,0,converged,589,2500,0.0828466084414581,0.09353175377072383,0.2873594993022427
1,test,3089,2005-08-03,garch_1_1_t,innovation,0.1008703658076474,0.10881110173691595,True,0,converged,590,2500,0.0778401940272663,0.25917825506905834,0.3349554367226316
1,test,3090,2005-08-04,garch_1_1_t,innovation,0.0967730280627987,0.1121195173604811,True,0,converged,591,2500,0.0817403571170958,0.1688204726756426,0.3160175745521934
1,test,3091,2005-08-05,garch_1_1_t,innovation,0.093920189382577,0.11358886396964228,True,0,converged,592,2500,0.075108042922987,0.2235177232881667,0.4136578238317438
1,test,3092,2005-08-08,garch_1_1_t,innovation,0.1023747168026161,0.11156472530495948,True,0,converged,593,2500,0.0731990833738072,0.3354568772214815,0.4214220198130329
1,test,3093,2005-08-09,garch_1_1_t,innovation,0.1003048324901033,0.11219765604621802,True,0,converged,594,2500,0.0756787881565094,0.2817159622829016,0.3937641901324021
1,test,3094,2005-08-10,garch_1_1_t,innovation,0.1009777779286357,0.10989396004770825,True,0,converged,595,2500,0.0755377260015201,0.2902682585298693,0.3748836876849466
1,test,3095,2005-08-11,garch_1_1_t,innovation,0.1048286220625912,0.10904406112223945,True,0,converged,596,2500,0.0755721785834124,0.32723863858516355,0.3666638237313276
1,test,3096,2005-08-12,garch_1_1_t,innovation,0.1027722098398591,0.1104872447575703,True,0,converged,597,2500,0.0786434442472056,0.2675907116476681,0.3399758097068833
1,test,3097,2005-08-15,garch_1_1_t,innovation,0.1023454670722024,0.11138205254548578,True,0,converged,598,2500,0.0803814490447266,0.24157060634090877,0.3261827900172195
1,test,3098,2005-08-16,garch_1_1_t,innovation,0.0921060306771488,0.12200124093113557,True,0,converged,599,2500,0.0907958281229085,0.014327082013824632,0.2954178774794498
1,test,3099,2005-08-17,garch_1_1_t,innovation,0.0921218039576826,0.11927876498788907,True,0,converged,600,2500,0.0899864499153543,0.02345255495434851,0.2818042140125095
1,test,3100,2005-08-18,garch_1_1_t,innovation,0.0954914767119618,0.11666398875738197,True,0,converged,601,2500,0.0875583830228833,0.08673118900553795,0.2869921066349549
1,test,3101,2005-08-19,garch_1_1_t,innovation,0.0958749003101216,0.1146256183988667,True,0,converged,602,2500,0.0846977758346469,0.12395487791473184,0.30258198355381044
1,test,3102,2005-08-22,garch_1_1_t,innovation,0.1004943454891035,0.11228472175825047,True,0,converged,603,2500,0.0840967682730594,0.17813332307880095,0.2890696649842653
1,test,3103,2005-08-23,garch_1_1_t,innovation,0.1056615978520788,0.11067202593507057,True,0,converged,604,2500,0.0842501815172307,0.22645079046709754,0.27278038246261577
1,test,3104,2005-08-24,garch_1_1_t,innovation,0.1015487446451608,0.11479254223059504,True,0,converged,605,2500,0.0891178744752032,0.13057900026067276,0.2531665928761786
1,test,3105,2005-08-25,garch_1_1_t,innovation,0.1007722156460037,0.113496586121781,True,0,converged,606,2500,0.0872386074172067,0.14421570066732553,0.26312577970471995
1,test,3106,2005-08-26,garch_1_1_t,innovation,0.0978799207354492,0.11492251789516075,True,0,converged,607,2500,0.0874003010482379,0.11324270161718215,0.2737594167099184
1,test,3107,2005-08-29,garch_1_1_t,innovation,0.0940193585450174,0.11711611032414314,True,0,converged,608,2500,0.0915081689267328,0.027072456850905712,0.24673759244707189
1,test,3108,2005-08-30,garch_1_1_t,innovation,0.0922041289552838,0.11718708556727338,True,0,converged,609,2500,0.0909693430933875,0.013482351481786156,0.25324911899255537
1,test,3109,2005-08-31,garch_1_1_t,innovation,0.0856803876462626,0.12604550948373755,True,0,converged,610,2500,0.1008703658076474,-0.16321223510713995,0.22280684253238078
1,test,3110,2005-09-01,garch_1_1_t,innovation,0.0863418989127169,0.12318369922736501,True,0,converged,611,2500,0.0967730280627987,-0.11405333642635841,0.24130841113779342
1,test,3111,2005-09-02,garch_1_1_t,innovation,0.0870400007311712,0.12064316296151179,True,0,converged,612,2500,0.093920189382577,-0.07607758099408833,0.250391749596123
1,test,3112,2005-09-06,garch_1_1_t,innovation,0.086526050216837,0.12742398394848503,True,0,converged,613,2500,0.1023747168026161,-0.16819424871975266,0.21888020657780527
1,test,3113,2005-09-07,garch_1_1_t,innovation,0.0982193338004659,0.12495315789870755,True,0,converged,614,2500,0.1003048324901033,-0.02101079630700862,0.2197250560933702
1,test,3114,2005-09-08,garch_1_1_t,innovation,0.098346108535839,0.12288078781523239,True,0,converged,615,2500,0.1009777779286357,-0.026407495577835262,0.196314208510945
1,test,3115,2005-09-09,garch_1_1_t,innovation,0.0939671794645577,0.12578353204947162,True,0,converged,616,2500,0.1048286220625912,-0.10938127921414306,0.18223558400725404
1,test,3116,2005-09-12,garch_1_1_t,innovation,0.098413257630801,0.12314024036998876,True,0,converged,617,2500,0.1027722098398591,-0.04333945717461262,0.18080888730930234
1,test,3117,2005-09-13,garch_1_1_t,innovation,0.096544700860251,0.12253003767611947,True,0,converged,618,2500,0.1023454670722024,-0.058347900187464906,0.18000218281789698
1,test,3118,2005-09-14,garch_1_1_t,innovation,0.0996817204609468,0.1207434166293805,True,0,converged,619,2500,0.0921060306771488,0.07904189394856626,0.27072734959613365
1,test,3119,2005-09-15,garch_1_1_t,innovation,0.0996892657072169,0.11805700767799845,True,0,converged,620,2500,0.0921218039576826,0.07894634779200962,0.24805596626420176
1,test,3120,2005-09-16,garch_1_1_t,innovation,0.1034210592671834,0.11954333693691105,True,0,converged,621,2500,0.0954914767119618,0.07977161488363746,0.22464196340653506
1,test,3121,2005-09-19,garch_1_1_t,innovation,0.1035819813501933,0.11770409284142273,True,0,converged,622,2500,0.0958749003101216,0.07731916961070526,0.2051295672689103
1,test,3122,2005-09-20,garch_1_1_t,innovation,0.1063781008744658,0.12044571589108095,True,0,converged,623,2500,0.1004943454891035,0.05689827474868318,0.18109769877266826
1,test,3123,2005-09-21,garch_1_1_t,innovation,0.1167759955437512,0.124157329198392,True,0,converged,624,2500,0.1056615978520788,0.10001601746318312,0.1613080310325482
1,test,3124,2005-09-22,garch_1_1_t,innovation,0.1321286743476981,0.12219041325347514,True,0,converged,625,2500,0.1015487446451608,0.2632373274246148,0.18504166636750483
1,test,3125,2005-09-23,garch_1_1_t,innovation,0.1328204281034336,0.1195382771276301,True,0,converged,626,2500,0.1007722156460037,0.27613537208287725,0.17077395156500266
1,test,3126,2005-09-26,garch_1_1_t,innovation,0.1435336004210315,0.11717461458027142,True,0,converged,627,2500,0.0978799207354492,0.3828277283059057,0.17992382577690033
1,test,3127,2005-09-27,garch_1_1_t,innovation,0.1437067457087228,0.11465628827793108,True,0,converged,628,2500,0.0940193585450174,0.4242740319454283,0.19843815236985607
1,test,3128,2005-09-28,garch_1_1_t,innovation,0.1440394073579767,0.11237745990252501,True,0,converged,629,2500,0.0922041289552838,0.4460820121903936,0.1978584705196732
1,test,3129,2005-09-29,garch_1_1_t,innovation,0.1461564237902858,0.11527615110640778,True,0,converged,630,2500,0.0856803876462626,0.5340534935185962,0.2967066133061725
1,test,3130,2005-09-30,garch_1_1_t,innovation,0.1543208518097829,0.11354724145585786,True,0,converged,631,2500,0.0863418989127169,0.5807189050298193,0.27390399128970566
1,test,3131,2005-10-03,garch_1_1_t,innovation,0.1541055177852804,0.11216170445299269,True,0,converged,632,2500,0.0870400007311712,0.5712697567005536,0.2535738282836091
1,test,3132,2005-10-04,garch_1_1_t,innovation,0.1491533861172579,0.11967316312076752,True,0,converged,633,2500,0.086526050216837,0.5445296862922601,0.3243188590890683
1,test,3133,2005-10-05,garch_1_1_t,innovation,0.146334231816192,0.12929382584103027,True,0,converged,634,2500,0.0982193338004659,0.39869018650199134,0.2748844561280973
1,test,3134,2005-10-06,garch_1_1_t,innovation,0.146558120920276,0.1271656080593601,True,0,converged,635,2500,0.098346108535839,0.39892910306508245,0.2569972609089734
1,test,3135,2005-10-07,garch_1_1_t,innovation,0.1461244347234377,0.12506981364377434,True,0,converged,636,2500,0.0939671794645577,0.44151298467053085,0.2859265238753402
1,test,3136,2005-10-10,garch_1_1_t,innovation,0.1430327280049332,0.1271163716113149,True,0,converged,637,2500,0.098413257630801,0.3738979442381779,0.2559274517982373
1,test,3137,2005-10-11,garch_1_1_t,innovation,0.1429421433374909,0.12446627079250311,True,0,converged,638,2500,0.096544700860251,0.3924338339041417,0.2540286394299385
1,test,3138,2005-10-12,garch_1_1_t,innovation,0.1402533170016385,0.1260325682894548,True,0,converged,639,2500,0.0996817204609468,0.3414678800275498,0.2345580373082529
1,test,3139,2005-10-13,garch_1_1_t,innovation,0.1428980285920142,0.12307497254679006,True,0,converged,640,2500,0.0996892657072169,0.36007328387768156,0.21073569733763037
1,test,3140,2005-10-14,garch_1_1_t,innovation,0.1384745439712453,0.12782775000714042,True,0,converged,641,2500,0.1034210592671834,0.29187790139493314,0.21187504528090698
1,test,3141,2005-10-17,garch_1_1_t,innovation,0.1378643713192064,0.12572215648301932,True,0,converged,642,2500,0.1035819813501933,0.28590699584141643,0.193710975337311
1,test,3142,2005-10-18,garch_1_1_t,innovation,0.1329651100267349,0.13097076397393603,True,0,converged,643,2500,0.1063781008744658,0.22308702630607047,0.2079743856473202
1,test,3143,2005-10-19,garch_1_1_t,innovation,0.1195882131406141,0.14464569077765932,True,0,converged,644,2500,0.1167759955437512,0.023796752656308314,0.21402970862746376
1,test,3144,2005-10-20,garch_1_1_t,innovation,0.1067891206456734,0.15873695677699656,True,0,converged,645,2500,0.1321286743476981,-0.21292019871245782,0.18347221892639723
1,test,3145,2005-10-21,garch_1_1_t,innovation,0.1067990371249438,0.15478902505918707,True,0,converged,646,2500,0.1328204281034336,-0.21804914049098142,0.153065009799418
1,test,3146,2005-10-24,garch_1_1_t,innovation,0.0935224872830795,0.16333033084406143,True,0,converged,647,2500,0.1435336004210315,-0.42836724398732684,0.12920556261372834
1,test,3147,2005-10-25,garch_1_1_t,innovation,0.0944843342520442,0.15875244397777893,True,0,converged,648,2500,0.1437067457087228,-0.4193406893337251,0.09957129780934623
1,test,3148,2005-10-26,garch_1_1_t,innovation,0.0961138272227604,0.15456593862888368,True,0,converged,649,2500,0.1440394073579767,-0.4045537350279435,0.07053386818649479
1,test,3149,2005-10-27,garch_1_1_t,innovation,0.0883398364041562,0.1564504870592163,True,0,converged,650,2500,0.1461564237902858,-0.5034862897193143,0.06806213930681632
1,test,3150,2005-10-28,garch_1_1_t,innovation,0.0765902746170245,0.16296719173114804,True,0,converged,651,2500,0.1543208518097829,-0.7005637828831495,0.05451501447970535
1,test,3151,2005-10-31,garch_1_1_t,innovation,0.0760672374228118,0.15859043700812095,True,0,converged,652,2500,0.1541055177852804,-0.7060198961094982,0.028687462882465313
1,test,3152,2005-11-01,garch_1_1_t,innovation,0.0777296318322774,0.15442061476759136,True,0,converged,653,2500,0.1491533861172579,-0.6517386667307575,0.034704930545335314
1,test,3153,2005-11-02,garch_1_1_t,innovation,0.0773163148243844,0.15594175665983015,True,0,converged,654,2500,0.146334231816192,-0.637988272508332,0.06358931842843377
1,test,3154,2005-11-03,garch_1_1_t,innovation,0.075953576627599,0.15244265294753528,True,0,converged,655,2500,0.146558120920276,-0.6572997598079372,0.039366399466789694
1,test,3155,2005-11-04,garch_1_1_t,innovation,0.0761874435287634,0.14846776362428973,True,0,converged,656,2500,0.1461244347234377,-0.6512618853122175,0.015909303366874985
1,test,3156,2005-11-07,garch_1_1_t,innovation,0.0764041956284781,0.14444003481387915,True,0,converged,657,2500,0.1430327280049332,-0.6270358599734477,0.009790966194630078
1,test,3157,2005-11-08,garch_1_1_t,innovation,0.0791780457856205,0.14059196414940486,True,0,converged,658,2500,0.1429421433374909,-0.5907408956280046,-0.016578132588894123
1,test,3158,2005-11-09,garch_1_1_t,innovation,0.0790739312730816,0.13704736452784871,True,0,converged,659,2500,0.1402533170016385,-0.5730669410161278,-0.023123602199558817
1,test,3159,2005-11-10,garch_1_1_t,innovation,0.074736597442699,0.13749808900932764,True,0,converged,660,2500,0.1428980285920142,-0.6481613913539943,-0.038521270227408956
1,test,3160,2005-11-11,garch_1_1_t,innovation,0.0738329093145909,0.1348106398912837,True,0,converged,661,2500,0.1384745439712453,-0.6288819528098278,-0.02681538438534842
1,test,3161,2005-11-14,garch_1_1_t,innovation,0.0776288658251014,0.13147140761356024,True,0,converged,662,2500,0.1378643713192064,-0.5743310450457237,-0.04748098996944952
1,test,3162,2005-11-15,garch_1_1_t,innovation,0.0777976648242636,0.1291889240276967,True,0,converged,663,2500,0.1329651100267349,-0.5359753475594125,-0.02881090284710868
1,test,3163,2005-11-16,garch_1_1_t,innovation,0.0781449967700091,0.12638686108535904,True,0,converged,664,2500,0.1195882131406141,-0.42548825036307436,0.055293244876452353
1,test,3164,2005-11-17,garch_1_1_t,innovation,0.0717993391241429,0.129199951878871,True,0,converged,665,2500,0.1067891206456734,-0.3969807831111,0.19050516417007962
1,test,3165,2005-11-18,garch_1_1_t,innovation,0.0727752037352659,0.12714285541558945,True,0,converged,666,2500,0.1067990371249438,-0.3835736216509185,0.1743623892842144
1,test,3166,2005-11-21,garch_1_1_t,innovation,0.0706393677655975,0.1259063788137149,True,0,converged,667,2500,0.0935224872830795,-0.2806143069141499,0.2973366924042308
1,test,3167,2005-11-22,garch_1_1_t,innovation,0.0692123325571604,0.12429810092932739,True,0,converged,668,2500,0.0944843342520442,-0.3112549827578914,0.27424867463024355
1,test,3168,2005-11-23,garch_1_1_t,innovation,0.0686695277998637,0.12376682958331206,True,0,converged,669,2500,0.0961138272227604,-0.33622764307582387,0.252866199517364
1,test,3169,2005-11-25,garch_1_1_t,innovation,0.0686408214890615,0.12130974950846418,True,0,converged,670,2500,0.0883398364041562,-0.2523037310891877,0.317156033614912
1,test,3170,2005-11-28,garch_1_1_t,innovation,0.0734440155288459,0.12244218709960791,True,0,converged,671,2500,0.0765902746170245,-0.041946682963981255,0.46916887107925737
1,test,3171,2005-11-29,garch_1_1_t,innovation,0.0737641596728614,0.12000082070725444,True,0,converged,672,2500,0.0760672374228118,-0.030744679743730165,0.45588092988668677
1,test,3172,2005-11-30,garch_1_1_t,innovation,0.0729636101045095,0.119571111726478,True,0,converged,673,2500,0.0777296318322774,-0.06327572159530516,0.4306747248560097
1,test,3173,2005-12-01,garch_1_1_t,innovation,0.0663175021083719,0.12438009435491836,True,0,converged,674,2500,0.0773163148243844,-0.15345114596454207,0.4754371624236109
1,test,3174,2005-12-02,garch_1_1_t,innovation,0.0906006067922602,0.12163167075977992,True,0,converged,675,2500,0.075953576627599,0.1763385907088723,0.4708750661439566
1,test,3175,2005-12-05,garch_1_1_t,innovation,0.0918286005671426,0.11917993644884985,True,0,converged,676,2500,0.0761874435287634,0.18672713609558186,0.44743775605470704
1,test,3176,2005-12-06,garch_1_1_t,innovation,0.0916090832027653,0.1167848366112916,True,0,converged,677,2500,0.0764041956284781,0.18149281709840934,0.42429562716513025
1,test,3177,2005-12-07,garch_1_1_t,innovation,0.0939469944267312,0.11687057087870123,True,0,converged,678,2500,0.0791780457856205,0.17103167343049877,0.38936802994881525
1,test,3178,2005-12-08,garch_1_1_t,innovation,0.0943606038227637,0.11451407567589177,True,0,converged,679,2500,0.0790739312730816,0.1767403999155064,0.37031449336341854
1,test,3179,2005-12-09,garch_1_1_t,innovation,0.0939709625911181,0.11262225133727918,True,0,converged,680,2500,0.074736597442699,0.2290159281733059,0.4100694124208419
1,test,3180,2005-12-12,garch_1_1_t,innovation,0.094584671612627,0.11045918847307727,True,0,converged,681,2500,0.0738329093145909,0.24769087135270954,0.40284155976844804
1,test,3181,2005-12-13,garch_1_1_t,innovation,0.0925425699268549,0.1120244755913424,True,0,converged,682,2500,0.0776288658251014,0.1757294137740479,0.36677803918284724
1,test,3182,2005-12-14,garch_1_1_t,innovation,0.0915505731362965,0.11097345664322483,True,0,converged,683,2500,0.0777976648242636,0.16278011584303073,0.35517962775444734
1,test,3183,2005-12-15,garch_1_1_t,innovation,0.0914827752982505,0.10974283511007796,True,0,converged,684,2500,0.0781449967700091,0.15758467249317085,0.3395737321282982
1,test,3184,2005-12-16,garch_1_1_t,innovation,0.0918566725828143,0.1088108827351226,True,0,converged,685,2500,0.0717993391241429,0.246354183929291,0.41573608294596237
1,test,3185,2005-12-19,garch_1_1_t,innovation,0.0910331122101485,0.10901560042121461,True,0,converged,686,2500,0.0727752037352659,0.22384802162276038,0.4041157059679272
1,test,3186,2005-12-20,garch_1_1_t,innovation,0.1119999178157346,0.10681052242519593,True,0,converged,687,2500,0.0706393677655975,0.46091053134172477,0.41346884008833634
1,test,3187,2005-12-21,garch_1_1_t,innovation,0.1125717914921746,0.10483974456307542,True,0,converged,688,2500,0.0692123325571604,0.48641210182367567,0.41525387911799394
1,test,3188,2005-12-22,garch_1_1_t,innovation,0.1110945219188018,0.10574573416086994,True,0,converged,689,2500,0.0686695277998637,0.4810758415266388,0.43173193196671583
1,test,3189,2005-12-23,garch_1_1_t,innovation,0.1111200327524842,0.10358660577784191,True,0,converged,690,2500,0.0686408214890615,0.48172357000599997,0.4115206104194955
1,test,3190,2005-12-27,garch_1_1_t,innovation,0.1068266634574623,0.11101155957008878,True,0,converged,691,2500,0.0734440155288459,0.37468413071034024,0.41311091366335395
1,test,3191,2005-12-28,garch_1_1_t,innovation,0.1114493944569493,0.1091035366435645,True,0,converged,692,2500,0.0737641596728614,0.41269765414591236,0.39142433648955566
1,test,3192,2005-12-29,garch_1_1_t,innovation,0.1103521226879966,0.10846513421550112,True,0,converged,693,2500,0.0729636101045095,0.4137155433349804,0.3964679525616102
1,test,3193,2005-12-30,garch_1_1_t,innovation,0.1117308093039114,0.10874461160058836,True,0,converged,694,2500,0.0663175021083719,0.5216386440332209,0.49454827435157367
1,test,3194,2006-01-03,garch_1_1_t,innovation,0.0962441956813473,0.13001465173594687,True,0,converged,695,2500,0.0906006067922602,0.06042775622729758,0.361186239253085
1,test,3195,2006-01-04,garch_1_1_t,innovation,0.1034341187662769,0.1281100205414337,True,0,converged,696,2500,0.0918286005671426,0.11901107424984002,0.3329656280876228
1,test,3196,2006-01-05,garch_1_1_t,innovation,0.1049078880536412,0.12488005350809321,True,0,converged,697,2500,0.0916090832027653,0.13555228014460877,0.3098232763170285
1,test,3197,2006-01-06,garch_1_1_t,innovation,0.1011242829643106,0.12672720361560677,True,0,converged,698,2500,0.0939469944267312,0.07361955061829752,0.29930603901703273
1,test,3198,2006-01-09,garch_1_1_t,innovation,0.1055373390407525,0.1240385212616825,True,0,converged,699,2500,0.0943606038227637,0.11194116119841384,0.273468519039727
1,test,3199,2006-01-10,garch_1_1_t,innovation,0.1102539847531762,0.12118313162021396,True,0,converged,700,2500,0.0939709625911181,0.15980083061698286,0.2543170599552244
1,test,3200,2006-01-11,garch_1_1_t,innovation,0.1098344540888695,0.11898885846597751,True,0,converged,701,2500,0.094584671612627,0.14947884013411727,0.229534433156192
1,test,3201,2006-01-12,garch_1_1_t,innovation,0.1091256488963243,0.1173797185365231,True,0,converged,702,2500,0.0925425699268549,0.1648312064229571,0.23774538316736724
1,test,3202,2006-01-13,garch_1_1_t,innovation,0.1092662231454433,0.11477678435277715,True,0,converged,703,2500,0.0915505731362965,0.1768957870971616,0.22609770507804464
1,test,3203,2006-01-17,garch_1_1_t,innovation,0.1150936992933613,0.11287397875734836,True,0,converged,704,2500,0.0914827752982505,0.22959586662308254,0.21012125768824952
1,test,3204,2006-01-18,garch_1_1_t,innovation,0.1149024460971728,0.11169045744499402,True,0,converged,705,2500,0.0918566725828143,0.223854018008424,0.19550181666888689
1,test,3205,2006-01-19,garch_1_1_t,innovation,0.1171303276559784,0.11057715344621935,True,0,converged,706,2500,0.0910331122101485,0.2520639156748814,0.19449018777427354
1,test,3206,2006-01-20,garch_1_1_t,innovation,0.0976926953381669,0.13298277096782107,True,0,converged,707,2500,0.1119999178157346,-0.13667134749503373,0.17172144072844506
1,test,3207,2006-01-23,garch_1_1_t,innovation,0.0972710556374091,0.13030978196663826,True,0,converged,708,2500,0.1125717914921746,-0.14608969523868978,0.14632338925299754
1,test,3208,2006-01-24,garch_1_1_t,innovation,0.0995488706761434,0.12699273796401678,True,0,converged,709,2500,0.1110945219188018,-0.10973270161037463,0.13374851566960713
1,test,3209,2006-01-25,garch_1_1_t,innovation,0.0996379715904989,0.12388060660477426,True,0,converged,710,2500,0.1111200327524842,-0.10906766038964205,0.10870725861093075
1,test,3210,2006-01-26,garch_1_1_t,innovation,0.0981180970736419,0.12309407547094782,True,0,converged,711,2500,0.1068266634574623,-0.08503572787424905,0.14174135104946917
1,test,3211,2006-01-27,garch_1_1_t,innovation,0.0925060023872429,0.12625428265063718,True,0,converged,712,2500,0.1114493944569493,-0.18629709341530737,0.12472736306410219
1,test,3212,2006-01-30,garch_1_1_t,innovation,0.0984777995202942,0.12318882976790271,True,0,converged,713,2500,0.1103521226879966,-0.11384523128189374,0.11004201104453343
1,test,3213,2006-01-31,garch_1_1_t,innovation,0.1000252217860594,0.12411366125838529,True,0,converged,714,2500,0.1117308093039114,-0.11067011787542833,0.1051052788916241
1,test,3214,2006-02-01,garch_1_1_t,innovation,0.0969300318870364,0.12454443706127108,True,0,converged,715,2500,0.0962441956813473,0.007100730734078381,0.2577739096692749
1,test,3215,2006-02-02,garch_1_1_t,innovation,0.0891675580152397,0.13099597913877192,True,0,converged,716,2500,0.1034341187662769,-0.14841760232212112,0.23623175276022917
1,test,3216,2006-02-03,garch_1_1_t,innovation,0.0889074961030394,0.12928591433422099,True,0,converged,717,2500,0.1049078880536412,-0.16548624892655675,0.20894363346918363
1,test,3217,2006-02-06,garch_1_1_t,innovation,0.0885972285448908,0.12655466622020478,True,0,converged,718,2500,0.1011242829643106,-0.13224970817565326,0.2243240740877376
1,test,3218,2006-02-07,garch_1_1_t,innovation,0.0831292660135829,0.12897906305924328,True,0,converged,719,2500,0.1055373390407525,-0.23866799673317143,0.20058527446647287
1,test,3219,2006-02-08,garch_1_1_t,innovation,0.0803132961037262,0.13132526083545948,True,0,converged,720,2500,0.1102539847531762,-0.31685146894378,0.1748904964611088
1,test,3220,2006-02-09,garch_1_1_t,innovation,0.086843909958867,0.12803559599153128,True,0,converged,721,2500,0.1098344540888695,-0.23486190051312653,0.15333404957266192
1,test,3221,2006-02-10,garch_1_1_t,innovation,0.086856266733833,0.12516046845172193,True,0,converged,722,2500,0.1091256488963243,-0.2282453145861775,0.13709670111648314
1,test,3222,2006-02-13,garch_1_1_t,innovation,0.0941894726970791,0.1224052101147635,True,0,converged,723,2500,0.1092662231454433,-0.14847889803257677,0.11354961690761135
1,test,3223,2006-02-14,garch_1_1_t,innovation,0.0878621071573176,0.127399913814545,True,0,converged,724,2500,0.1150936992933613,-0.2699779516925756,0.10158449356578941
1,test,3224,2006-02-15,garch_1_1_t,innovation,0.0872788387467816,0.12523259907986442,True,0,converged,725,2500,0.1149024460971728,-0.2749754370318222,0.08608932726088767
1,test,3225,2006-02-16,garch_1_1_t,innovation,0.0832170953431564,0.12556512417847934,True,0,converged,726,2500,0.1171303276559784,-0.34183442685315035,0.06953731528925679
1,test,3226,2006-02-17,garch_1_1_t,innovation,0.0828549838470725,0.12314373857145572,True,0,converged,727,2500,0.0976926953381669,-0.16473489288413634,0.2315254893438976
1,test,3227,2006-02-21,garch_1_1_t,innovation,0.0853720405289078,0.12073444003450616,True,0,converged,728,2500,0.0972710556374091,-0.1304828165597019,0.21609195375757595
1,test,3228,2006-02-22,garch_1_1_t,innovation,0.0853941722762063,0.12060868808801826,True,0,converged,729,2500,0.0995488706761434,-0.15337082801740298,0.19190263607112498
1,test,3229,2006-02-23,garch_1_1_t,innovation,0.085551240854423,0.11798947278573577,True,0,converged,730,2500,0.0996379715904989,-0.15242782813706418,0.1690520740005016
1,test,3230,2006-02-24,garch_1_1_t,innovation,0.0851135311484555,0.11580038814446116,True,0,converged,731,2500,0.0981180970736419,-0.14218579947464477,0.16569609165135357
1,test,3231,2006-02-27,garch_1_1_t,innovation,0.0852601924324836,0.11395579962850937,True,0,converged,732,2500,0.0925060023872429,-0.08156586474366646,0.20853711756776813
1,test,3232,2006-02-28,garch_1_1_t,innovation,0.0812474948178305,0.11831278921961498,True,0,converged,733,2500,0.0984777995202942,-0.1923311494709437,0.1835007363122263
1,test,3233,2006-03-01,garch_1_1_t,innovation,0.0781416636408781,0.12126438596277606,True,0,converged,734,2500,0.1000252217860594,-0.24689899213136238,0.19255079784815107
1,test,3234,2006-03-02,garch_1_1_t,innovation,0.0783936678475479,0.11836790036268287,True,0,converged,735,2500,0.0969300318870364,-0.2122462406303498,0.1998081764165947
1,test,3235,2006-03-03,garch_1_1_t,innovation,0.0766414822829891,0.11723396337302942,True,0,converged,736,2500,0.0891675580152397,-0.15137879972181104,0.27365435098361973
1,test,3236,2006-03-06,garch_1_1_t,innovation,0.0749379082358692,0.11613255470031623,True,0,converged,737,2500,0.0889074961030394,-0.17093657912663687,0.26713579205646587
1,test,3237,2006-03-07,garch_1_1_t,innovation,0.0780857089443252,0.11371191245135974,True,0,converged,738,2500,0.0885972285448908,-0.12629352055560847,0.24956758957858188
1,test,3238,2006-03-08,garch_1_1_t,innovation,0.078680265591079,0.11163970594981035,True,0,converged,739,2500,0.0831292660135829,-0.055004449022511635,0.2948799566270543
1,test,3239,2006-03-09,garch_1_1_t,innovation,0.0750638707978849,0.11283201625240077,True,0,converged,740,2500,0.0803132961037262,-0.06759582585581003,0.3399649432001103
1,test,3240,2006-03-10,garch_1_1_t,innovation,0.076307959305314,0.11727415994528949,True,0,converged,741,2500,0.086843909958867,-0.12933512007880285,0.3004020722136794
1,test,3241,2006-03-13,garch_1_1_t,innovation,0.0762172167428686,0.1149404649976455,True,0,converged,742,2500,0.086856266733833,-0.1306672672348542,0.28015965272595206
1,test,3242,2006-03-14,garch_1_1_t,innovation,0.0731648678278811,0.12052123469866349,True,0,converged,743,2500,0.0941894726970791,-0.25259306248024815,0.24651753844197963
1,test,3243,2006-03-15,garch_1_1_t,innovation,0.0717485792880634,0.11917025932884631,True,0,converged,744,2500,0.0878621071573176,-0.20260056780406901,0.3047845998410673
1,test,3244,2006-03-16,garch_1_1_t,innovation,0.0715277091364857,0.11675369423988939,True,0,converged,745,2500,0.0872788387467816,-0.1990231215225689,0.29095850184149913
1,test,3245,2006-03-17,garch_1_1_t,innovation,0.0714790778379059,0.11414386797703073,True,0,converged,746,2500,0.0832170953431564,-0.1520480103675814,0.31600685294562436
1,test,3246,2006-03-20,garch_1_1_t,innovation,0.0905260323480776,0.11183225733128048,True,0,converged,747,2500,0.0828549838470725,0.08854556246990773,0.29990814909090574
1,test,3247,2006-03-21,garch_1_1_t,innovation,0.0879747253110534,0.11289224874289186,True,0,converged,748,2500,0.0853720405289078,0.030030907936206268,0.2794151599313268
1,test,3248,2006-03-22,garch_1_1_t,innovation,0.0854277263990746,0.11331499701092901,True,0,converged,749,2500,0.0853941722762063,0.0003928550561731769,0.28289366663187643
1,test,3249,2006-03-23,garch_1_1_t,innovation,0.0851121256372834,0.11154673630323247,True,0,converged,750,2500,0.085551240854423,-0.005145992314486437,0.26532815807942906
1,test,3250,2006-03-24,garch_1_1_t,innovation,0.0853164762621669,0.10945449420466218,True,0,converged,751,2500,0.0851135311484555,0.0023815666350990258,0.2515228589811804
1,test,3251,2006-03-27,garch_1_1_t,innovation,0.0864136255703891,0.10730452939176736,True,0,converged,752,2500,0.0852601924324836,0.013437698394826593,0.2299631928150586
1,test,3252,2006-03-28,garch_1_1_t,innovation,0.0835941354712086,0.10828066649431252,True,0,converged,753,2500,0.0812474948178305,0.02847338004093018,0.28722663228946066
1,test,3253,2006-03-29,garch_1_1_t,innovation,0.082392741565475,0.1092258275475997,True,0,converged,754,2500,0.0781416636408781,0.05297396532208915,0.3348941714332189
1,test,3254,2006-03-30,garch_1_1_t,innovation,0.0830098617264946,0.10710896297999394,True,0,converged,755,2500,0.0783936678475479,0.057216259876553335,0.3121035050633394
1,test,3255,2006-03-31,garch_1_1_t,innovation,0.0879280693435886,0.10500539785236937,True,0,converged,756,2500,0.0766414822829891,0.1373806120780933,0.31487328262520364
1,test,3256,2006-04-03,garch_1_1_t,innovation,0.0918159824624845,0.1028406663853431,True,0,converged,757,2500,0.0749379082358692,0.2031265029136118,0.31652098174550275
1,test,3257,2006-04-04,garch_1_1_t,innovation,0.0899646982247543,0.10441965000339697,True,0,converged,758,2500,0.0780857089443252,0.1416102954016218,0.29061082012654155
1,test,3258,2006-04-05,garch_1_1_t,innovation,0.0900355388373587,0.10331724379770733,True,0,converged,759,2500,0.078680265591079,0.1348120992571072,0.2724119224034825
1,test,3259,2006-04-06,garch_1_1_t,innovation,0.0952146849218859,0.1012216020145391,True,0,converged,760,2500,0.0750638707978849,0.2377948215224657,0.2989728309558227
1,test,3260,2006-04-07,garch_1_1_t,innovation,0.0881450619525155,0.10847047378041241,True,0,converged,761,2500,0.076307959305314,0.14420663980723322,0.3517007561120497
1,test,3261,2006-04-10,garch_1_1_t,innovation,0.0882504463376015,0.10628799152216162,True,0,converged,762,2500,0.0762172167428686,0.1465913747713674,0.3325649324808648
1,test,3262,2006-04-11,garch_1_1_t,innovation,0.0829356582364927,0.11028012485069186,True,0,converged,763,2500,0.0731648678278811,0.1253497471532522,0.4103083602305155
1,test,3263,2006-04-12,garch_1_1_t,innovation,0.0932363022807066,0.10835043894634383,True,0,converged,764,2500,0.0717485792880634,0.26196910172161125,0.4122027255828439
1,test,3264,2006-04-13,garch_1_1_t,innovation,0.1041532008861326,0.10606911866535508,True,0,converged,765,2500,0.0715277091364857,0.37577798566292214,0.39400602949612834
1,test,3265,2006-04-17,garch_1_1_t,innovation,0.1043879232780908,0.1037604808649372,True,0,converged,766,2500,0.0714790778379059,0.37870920211706943,0.3726803851661315
1,test,3266,2006-04-18,garch_1_1_t,innovation,0.0883496456041614,0.12162164837633796,True,0,converged,767,2500,0.0905260323480776,-0.024335272111336435,0.2952775234999069
1,test,3267,2006-04-19,garch_1_1_t,innovation,0.1113910873150008,0.11888645107126915,True,0,converged,768,2500,0.0879747253110534,0.23599775729307557,0.3011192840510453
1,test,3268,2006-04-20,garch_1_1_t,innovation,0.1127234293206929,0.11613635800571113,True,0,converged,769,2500,0.0854277263990746,0.2772665772869172,0.30709428759960694
1,test,3269,2006-04-21,garch_1_1_t,innovation,0.1154489215630244,0.1134258033055361,True,0,converged,770,2500,0.0851121256372834,0.304858682242781,0.28717939543304283
1,test,3270,2006-04-24,garch_1_1_t,innovation,0.1184298518497308,0.1115242386920919,True,0,converged,771,2500,0.0853164762621669,0.32795322528604576,0.26787436215360966
1,test,3271,2006-04-25,garch_1_1_t,innovation,0.1206066676081981,0.11049481076976791,True,0,converged,772,2500,0.0864136255703891,0.33338920299450675,0.2458231917583948
1,test,3272,2006-04-26,garch_1_1_t,innovation,0.1238676510372308,0.10795751811149924,True,0,converged,773,2500,0.0835941354712086,0.39324029749335465,0.2557644311579284
1,test,3273,2006-04-27,garch_1_1_t,innovation,0.1302039992091855,0.10754849889583269,True,0,converged,774,2500,0.082392741565475,0.45760509995727244,0.26644455311055737
1,test,3274,2006-04-28,garch_1_1_t,innovation,0.1309051227489182,0.10619954396235454,True,0,converged,775,2500,0.0830098617264946,0.45551339025719395,0.24636039793842981
1,test,3275,2006-05-01,garch_1_1_t,innovation,0.142621083031469,0.10967470504409649,True,0,converged,776,2500,0.0879280693435886,0.4836722579904942,0.22099967127864642
1,test,3276,2006-05-02,garch_1_1_t,innovation,0.1455766414857751,0.11183585666779426,True,0,converged,777,2500,0.0918159824624845,0.46091631016531354,0.19724584746629606
1,test,3277,2006-05-03,garch_1_1_t,innovation,0.1488592743234703,0.11057453493706534,True,0,converged,778,2500,0.0899646982247543,0.5035840405910702,0.20627246644976482
1,test,3278,2006-05-04,garch_1_1_t,innovation,0.1485006201235359,0.10915211543008947,True,0,converged,779,2500,0.0900355388373587,0.5003846657921829,0.19253799539470112
1,test,3279,2006-05-05,garch_1_1_t,innovation,0.1542526556874244,0.11307417845845832,True,0,converged,780,2500,0.0952146849218859,0.48245769612887207,0.1719098665979448
1,test,3280,2006-05-08,garch_1_1_t,innovation,0.1544364543392142,0.11075354756121872,True,0,converged,781,2500,0.0881450619525155,0.5607988243707304,0.22832355198248402
1,test,3281,2006-05-09,garch_1_1_t,innovation,0.1565714408684624,0.10862490681081609,True,0,converged,782,2500,0.0882504463376015,0.5733336435416024,0.20772197223657077
1,test,3282,2006-05-10,garch_1_1_t,innovation,0.1565910303274571,0.10623377997955082,True,0,converged,783,2500,0.0829356582364927,0.6355723991116231,0.24757703193275019
1,test,3283,2006-05-11,garch_1_1_t,innovation,0.1509642456308775,0.11608322001142242,True,0,converged,784,2500,0.0932363022807066,0.4819058695736427,0.21917019247753103
1,test,3284,2006-05-12,garch_1_1_t,innovation,0.1487032935699519,0.12609645829083202,True,0,converged,785,2500,0.1041532008861326,0.35609010165369037,0.1911842554054626
1,test,3285,2006-05-15,garch_1_1_t,innovation,0.1542119682424979,0.12313257740341553,True,0,converged,786,2500,0.1043879232780908,0.39021408183446377,0.16514764861689826
1,test,3286,2006-05-16,garch_1_1_t,innovation,0.1565425421268859,0.12032995838217929,True,0,converged,787,2500,0.0883496456041614,0.5720256202303012,0.30893543509982246
1,test,3287,2006-05-17,garch_1_1_t,innovation,0.1594051779947744,0.14242183873203512,True,0,converged,788,2500,0.1113910873150008,0.358401931968399,0.24574603095789763
1,test,3288,2006-05-18,garch_1_1_t,innovation,0.1605019918983654,0.13968888046977898,True,0,converged,789,2500,0.1127234293206929,0.3533690625910913,0.21448037683307317
1,test,3289,2006-05-19,garch_1_1_t,innovation,0.1610085025697435,0.13875254588847125,True,0,converged,790,2500,0.1154489215630244,0.33262897998579616,0.18386390660753515
1,test,3290,2006-05-22,garch_1_1_t,innovation,0.1591510823731114,0.13844933515462,True,0,converged,791,2500,0.1184298518497308,0.2955331368866126,0.15618362976377134
1,test,3291,2006-05-23,garch_1_1_t,innovation,0.1589996915247619,0.13816339427951435,True,0,converged,792,2500,0.1206066676081981,0.2763676923908786,0.13590243154903126
1,test,3292,2006-05-24,garch_1_1_t,innovation,0.1572513113236566,0.13821734709584482,True,0,converged,793,2500,0.1238676510372308,0.23863156938946684,0.10961375987651865
1,test,3293,2006-05-25,garch_1_1_t,innovation,0.1510819558866405,0.14368489676186816,True,0,converged,794,2500,0.1302039992091855,0.14871999859818338,0.09852023980440254
1,test,3294,2006-05-26,garch_1_1_t,innovation,0.1508182125068214,0.14104234665846885,True,0,converged,795,2500,0.1309051227489182,0.14160241389549222,0.0745873692213996
1,test,3295,2006-05-30,garch_1_1_t,innovation,0.1401751388610399,0.1559707409724821,True,0,converged,796,2500,0.142621083031469,-0.017298711761825382,0.08947708739229691
1,test,3296,2006-05-31,garch_1_1_t,innovation,0.1366245206143553,0.15814202902943078,True,0,converged,797,2500,0.1455766414857751,-0.06346625581551892,0.08279085361353589
1,test,3297,2006-06-01,garch_1_1_t,innovation,0.1502094046875126,0.15828234476508415,True,0,converged,798,2500,0.1488592743234703,0.009028959773509171,0.06137903841295731
1,test,3298,2006-06-02,garch_1_1_t,innovation,0.1500294100558531,0.15365113933568572,True,0,converged,799,2500,0.1485006201235359,0.01024220776654474,0.03409556953515575
1,test,3299,2006-06-05,garch_1_1_t,innovation,0.1415813147640076,0.1610324821742267,True,0,converged,800,2500,0.1542526556874244,-0.08571766474040675,0.043014217858568925
1,test,3300,2006-06-06,garch_1_1_t,innovation,0.1427711124654165,0.15634869892652775,True,0,converged,801,2500,0.1544364543392142,-0.07853997717413308,0.01230604936884552
1,test,3301,2006-06-07,garch_1_1_t,innovation,0.140632736032121,0.15480519939316678,True,0,converged,802,2500,0.1565714408684624,-0.10736061376253048,-0.01134484858937023
1,test,3302,2006-06-08,garch_1_1_t,innovation,0.1424986220281743,0.15022206337916097,True,0,converged,803,2500,0.1565910303274571,-0.0943051746296068,-0.04152288243494433
1,test,3303,2006-06-09,garch_1_1_t,innovation,0.1422081538471456,0.1464534141370275,True,0,converged,804,2500,0.1509642456308775,-0.05975116845326484,-0.030335639227567837
1,test,3304,2006-06-12,garch_1_1_t,innovation,0.1377254690464611,0.14922864881480336,True,0,converged,805,2500,0.1487032935699519,-0.0766906532855807,0.0035266832092911934
1,test,3305,2006-06-13,garch_1_1_t,innovation,0.1367475087814147,0.15279419015056267,True,0,converged,806,2500,0.1542119682424979,-0.12019184936332812,-0.009236219744238586
1,test,3306,2006-06-14,garch_1_1_t,innovation,0.1460696229397567,0.1517557053565103,True,0,converged,807,2500,0.1565425421268859,-0.06924443022382083,-0.03105578140609053
1,test,3307,2006-06-15,garch_1_1_t,innovation,0.1263845894019486,0.17079302595991994,True,0,converged,808,2500,0.1594051779947744,-0.23211969512029945,0.06900319879252786
1,test,3308,2006-06-16,garch_1_1_t,innovation,0.1238007436958022,0.1681823635351851,True,0,converged,809,2500,0.1605019918983654,-0.25963298560644144,0.04674253483560797
1,test,3309,2006-06-19,garch_1_1_t,innovation,0.121937138626401,0.16622479498413975,True,0,converged,810,2500,0.1610085025697435,-0.2779515198001852,0.03188388434197574
1,test,3310,2006-06-20,garch_1_1_t,innovation,0.130828584652105,0.1616927763439299,True,0,converged,811,2500,0.1591510823731114,-0.1959660024240829,0.015844137720439147
1,test,3311,2006-06-21,garch_1_1_t,innovation,0.1304703630642522,0.15944919186203246,True,0,converged,812,2500,0.1589996915247619,-0.19775616410746752,0.0028230630361852525
1,test,3312,2006-06-22,garch_1_1_t,innovation,0.1319402366933597,0.15575312893201831,True,0,converged,813,2500,0.1572513113236566,-0.17549616690687578,-0.009572987730001559
1,test,3313,2006-06-23,garch_1_1_t,innovation,0.1467025165014453,0.1509554778675253,True,0,converged,814,2500,0.1510819558866405,-0.02941560472573532,-0.0008374990141839382
1,test,3314,2006-06-26,garch_1_1_t,innovation,0.1464110600190017,0.14769706555242432,True,0,converged,815,2500,0.1508182125068214,-0.029657075621494576,-0.020911899153805334
1,test,3315,2006-06-27,garch_1_1_t,innovation,0.1432128735190667,0.14783149462675194,True,0,converged,816,2500,0.1401751388610399,0.02143951672651396,0.05318044266910632
1,test,3316,2006-06-28,garch_1_1_t,innovation,0.1412301281358114,0.1463079392169978,True,0,converged,817,2500,0.1366245206143553,0.03315423664425222,0.06847713552444858
1,test,3317,2006-06-29,garch_1_1_t,innovation,0.127122352367703,0.1639554125638321,True,0,converged,818,2500,0.1502094046875126,-0.16688032464822292,0.08756416444814104
1,test,3318,2006-06-30,garch_1_1_t,innovation,0.1271686011341218,0.15896467069691833,True,0,converged,819,2500,0.1500294100558531,-0.16531756791207963,0.05785063873947452
1,test,3319,2006-07-03,garch_1_1_t,innovation,0.1273875670132499,0.15533765119305534,True,0,converged,820,2500,0.1415813147640076,-0.10564006645815027,0.092726927780271
1,test,3320,2006-07-05,garch_1_1_t,innovation,0.1280076279831531,0.1525958291090664,True,0,converged,821,2500,0.1427711124654165,-0.10915288001944173,0.06655005051327192
1,test,3321,2006-07-06,garch_1_1_t,innovation,0.1279375416884623,0.1486896322214556,True,0,converged,822,2500,0.140632736032121,-0.09460959395789002,0.05570934501800902
1,test,3322,2006-07-07,garch_1_1_t,innovation,0.1259647040381593,0.14690742133698953,True,0,converged,823,2500,0.1424986220281743,-0.1233305886568314,0.030470271872284387
1,test,3323,2006-07-10,garch_1_1_t,innovation,0.1259758738973647,0.14302974967415527,True,0,converged,824,2500,0.1422081538471456,-0.12120144481007829,0.005760791879609459
1,test,3324,2006-07-11,garch_1_1_t,innovation,0.1259001275347371,0.140285141982793,True,0,converged,825,2500,0.1377254690464611,-0.0897733949928522,0.018414730711389375
1,test,3325,2006-07-12,garch_1_1_t,innovation,0.1205975850765663,0.14328966681360206,True,0,converged,826,2500,0.1367475087814147,-0.12567696396374908,0.04673199965095548
1,test,3326,2006-07-13,garch_1_1_t,innovation,0.1061813714110362,0.15437792979846843,True,0,converged,827,2500,0.1460696229397567,-0.31893469451321577,0.05532030816114759
1,test,3327,2006-07-14,garch_1_1_t,innovation,0.1057635287397122,0.15121371008635318,True,0,converged,828,2500,0.1263845894019486,-0.1781238139029482,0.1793645798173658
1,test,3328,2006-07-17,garch_1_1_t,innovation,0.1056736942841443,0.14711020323103988,True,0,converged,829,2500,0.1238007436958022,-0.15831737704975993,0.17250862028314431
1,test,3329,2006-07-18,garch_1_1_t,innovation,0.1123404532548823,0.14449496173946688,True,0,converged,830,2500,0.121937138626401,-0.08197163301538951,0.16973898530770146
1,test,3330,2006-07-19,garch_1_1_t,innovation,0.1060353583785414,0.15117649783801093,True,0,converged,831,2500,0.130828584652105,-0.21011534414397454,0.14456006184151768
1,test,3331,2006-07-20,garch_1_1_t,innovation,0.1034053837601234,0.14946671371143555,True,0,converged,832,2500,0.1304703630642522,-0.23248906998356628,0.1359276192657075
1,test,3332,2006-07-21,garch_1_1_t,innovation,0.1019064993695721,0.1480462862927828,True,0,converged,833,2500,0.1319402366933597,-0.258293347704608,0.11517590235096886
1,test,3333,2006-07-24,garch_1_1_t,innovation,0.0806444458742361,0.16151611443674874,True,0,converged,834,2500,0.1467025165014453,-0.5983569038952309,0.0961980784115932
1,test,3334,2006-07-25,garch_1_1_t,innovation,0.0796491552646424,0.15748090947585963,True,0,converged,835,2500,0.1464110600190017,-0.6087867145432071,0.07288609599052688
1,test,3335,2006-07-26,garch_1_1_t,innovation,0.0801126171829659,0.15297009694177746,True,0,converged,836,2500,0.1432128735190667,-0.5808987898026625,0.06591030810357536
1,test,3336,2006-07-27,garch_1_1_t,innovation,0.08009856944469,0.1486319206322693,True,0,converged,837,2500,0.1412301281358114,-0.5671326800672382,0.05108224395033714
1,test,3337,2006-07-28,garch_1_1_t,innovation,0.0719844651650466,0.15009222633108943,True,0,converged,838,2500,0.127122352367703,-0.5686996930128543,0.16609992021303677
1,test,3338,2006-07-31,garch_1_1_t,innovation,0.073856056528915,0.1458955071328801,True,0,converged,839,2500,0.1271686011341218,-0.5433957571656088,0.1373768868956716
1,test,3339,2006-08-01,garch_1_1_t,innovation,0.0718603132368299,0.14324214266942234,True,0,converged,840,2500,0.1273875670132499,-0.5725100075497521,0.11730235540231021
1,test,3340,2006-08-02,garch_1_1_t,innovation,0.0677998258711416,0.1419668293493809,True,0,converged,841,2500,0.1280076279831531,-0.6355302290915676,0.10350357841994273
1,test,3341,2006-08-03,garch_1_1_t,innovation,0.067145646780351,0.13862984325016334,True,0,converged,842,2500,0.1279375416884623,-0.6446780966935065,0.08026519357151116
1,test,3342,2006-08-04,garch_1_1_t,innovation,0.0701278472044576,0.13514026048198177,True,0,converged,843,2500,0.1259647040381593,-0.5856817761626695,0.07031146459205118
1,test,3343,2006-08-07,garch_1_1_t,innovation,0.0701100199513128,0.13185412554086776,True,0,converged,844,2500,0.1259758738973647,-0.5860246898219675,0.045605790351318766
1,test,3344,2006-08-08,garch_1_1_t,innovation,0.0753438861061962,0.12959793020975088,True,0,converged,845,2500,0.1259001275347371,-0.5134261721847543,0.028947859152671434
1,test,3345,2006-08-09,garch_1_1_t,innovation,0.076158615862302,0.12701899878551012,True,0,converged,846,2500,0.1205975850765663,-0.4596410436108111,0.05187741215456205
1,test,3346,2006-08-10,garch_1_1_t,innovation,0.0760492821858657,0.1245570362633774,True,0,converged,847,2500,0.1061813714110362,-0.33376710303179036,0.15961505061664544
1,test,3347,2006-08-11,garch_1_1_t,innovation,0.0754656998608373,0.12215746737918064,True,0,converged,848,2500,0.1057635287397122,-0.33752749454111863,0.14410518760926022
1,test,3348,2006-08-14,garch_1_1_t,innovation,0.0830016953313797,0.1192588926800654,True,0,converged,849,2500,0.1056736942841443,-0.2414949571513043,0.1209407083101325
1,test,3349,2006-08-15,garch_1_1_t,innovation,0.0728838197237331,0.12626402670781345,True,0,converged,850,2500,0.1123404532548823,-0.43266735905040493,0.11684114285354197
1,test,3350,2006-08-16,garch_1_1_t,innovation,0.0655498281216469,0.12855681655187826,True,0,converged,851,2500,0.1060353583785414,-0.48096201998809823,0.19259835067053382
1,test,3351,2006-08-17,garch_1_1_t,innovation,0.0657510317515588,0.12573890196049523,True,0,converged,852,2500,0.1034053837601234,-0.4527816650578063,0.19555052226637265
1,test,3352,2006-08-18,garch_1_1_t,innovation,0.0634322596202559,0.12461020497338428,True,0,converged,853,2500,0.1019064993695721,-0.47408316118282373,0.20113478483719463
1,test,3353,2006-08-21,garch_1_1_t,innovation,0.062210243610552,0.1228233257999554,True,0,converged,854,2500,0.0806444458742361,-0.2595302607142753,0.4206970120136309
1,test,3354,2006-08-22,garch_1_1_t,innovation,0.064989025706654,0.11993805297298195,True,0,converged,855,2500,0.0796491552646424,-0.20341301034927503,0.4093439535583948
1,test,3355,2006-08-23,garch_1_1_t,innovation,0.0664995703907191,0.11777040731135231,True,0,converged,856,2500,0.0801126171829659,-0.18623787220838267,0.3853036688204197
1,test,3356,2006-08-24,garch_1_1_t,innovation,0.0673009929907087,0.11556898076082009,True,0,converged,857,2500,0.08009856944469,-0.17408300306507665,0.3666095934138331
1,test,3357,2006-08-25,garch_1_1_t,innovation,0.072444862367426,0.11318337638034819,True,0,converged,858,2500,0.0719844651650466,0.006375419309707702,0.4525589690819996
1,test,3358,2006-08-28,garch_1_1_t,innovation,0.076313082172534,0.11252536365197921,True,0,converged,859,2500,0.073856056528915,0.03272636379938059,0.42106063407868827
1,test,3359,2006-08-29,garch_1_1_t,innovation,0.0763222954222856,0.11019822172260064,True,0,converged,860,2500,0.0718603132368299,0.06024096231235038,0.42755661910690096
1,test,3360,2006-08-30,garch_1_1_t,innovation,0.0763028509915396,0.1079223214434334,True,0,converged,861,2500,0.0677998258711416,0.11815067647251026,0.46485209577786
1,test,3361,2006-08-31,garch_1_1_t,innovation,0.0763568945548806,0.10568058776684619,True,0,converged,862,2500,0.067145646780351,0.12855423697257023,0.45355712938090376
1,test,3362,2006-09-01,garch_1_1_t,innovation,0.0745731596282278,0.1065334867146651,True,0,converged,863,2500,0.0701278472044576,0.06146068709852683,0.41813940010792056
1,test,3363,2006-09-05,garch_1_1_t,innovation,0.0746411620510418,0.10453557178539709,True,0,converged,864,2500,0.0701100199513128,0.06262640337135188,0.39946169155183053
1,test,3364,2006-09-06,garch_1_1_t,innovation,0.0793018514904316,0.10902594106922892,True,0,converged,865,2500,0.0753438861061962,0.051198694443537085,0.36952306352504105
1,test,3365,2006-09-07,garch_1_1_t,innovation,0.0778975335610163,0.10835044541548443,True,0,converged,866,2500,0.076158615862302,0.022576074530008775,0.35255262262797915
1,test,3366,2006-09-08,garch_1_1_t,innovation,0.0773696318066564,0.1066133349786351,True,0,converged,867,2500,0.0760492821858657,0.01721276973795865,0.33782701756878347
1,test,3367,2006-09-11,garch_1_1_t,innovation,0.0773172284344406,0.10433718193578811,True,0,converged,868,2500,0.0754656998608373,0.02423856176006088,0.3239495422076301
1,test,3368,2006-09-12,garch_1_1_t,innovation,0.06926972947397,0.11028006658914,True,0,converged,869,2500,0.0830016953313797,-0.1808530266255419,0.28416215670696837
1,test,3369,2006-09-13,garch_1_1_t,innovation,0.0679166181299088,0.10921214130060429,True,0,converged,870,2500,0.0728838197237331,-0.07058591391527021,0.4044255784855541
1,test,3370,2006-09-14,garch_1_1_t,innovation,0.0744945467271848,0.10674259078685147,True,0,converged,871,2500,0.0655498281216469,0.12791533630268961,0.48760965444013704
1,test,3371,2006-09-15,garch_1_1_t,innovation,0.0745848815027472,0.10533795739528583,True,0,converged,872,2500,0.0657510317515588,0.12606246287648062,0.47129846030391687
1,test,3372,2006-09-18,garch_1_1_t,innovation,0.0746270720591098,0.10316800977975372,True,0,converged,873,2500,0.0634322596202559,0.1625307787608913,0.48638626338592583
1,test,3373,2006-09-19,garch_1_1_t,innovation,0.0749347100056499,0.10154173423396108,True,0,converged,874,2500,0.062210243610552,0.18609752668613466,0.48995021423346113
1,test,3374,2006-09-20,garch_1_1_t,innovation,0.072688381294377,0.10218656004294104,True,0,converged,875,2500,0.064989025706654,0.11196313427450316,0.45258174233361675
1,test,3375,2006-09-21,garch_1_1_t,innovation,0.0708582190112722,0.10215702481407606,True,0,converged,876,2500,0.0664995703907191,0.06348547786236398,0.42931560114258777
1,test,3376,2006-09-22,garch_1_1_t,innovation,0.070037156166584,0.10140757670263724,True,0,converged,877,2500,0.0673009929907087,0.03985091237048058,0.4099728180660209
1,test,3377,2006-09-25,garch_1_1_t,innovation,0.0665813693756482,0.10462537763350019,True,0,converged,878,2500,0.072444862367426,-0.08440095414162567,0.3675603847540603
1,test,3378,2006-09-26,garch_1_1_t,innovation,0.0606911204349097,0.10829205969052341,True,0,converged,879,2500,0.076313082172534,-0.22904697935430354,0.3499874529570317
1,test,3379,2006-09-27,garch_1_1_t,innovation,0.0617354684526638,0.10595661800334573,True,0,converged,880,2500,0.0763222954222856,-0.21210648386341588,0.3280646432457126
1,test,3380,2006-09-28,garch_1_1_t,innovation,0.0626969613082389,0.10352602175197337,True,0,converged,881,2500,0.0763028509915396,-0.19639732066228668,0.3051126958553898
1,test,3381,2006-09-29,garch_1_1_t,innovation,0.0664882087174961,0.1013253814837052,True,0,converged,882,2500,0.0763568945548806,-0.13839371012950757,0.282918607907993
1,test,3382,2006-10-02,garch_1_1_t,innovation,0.065193004318609,0.10040340055689796,True,0,converged,883,2500,0.0745731596282278,-0.13442848451409908,0.2974154248094233
1,test,3383,2006-10-03,garch_1_1_t,innovation,0.064766698903096,0.09873004168445129,True,0,converged,884,2500,0.0746411620510418,-0.14190055971480106,0.279697148668047
1,test,3384,2006-10-04,garch_1_1_t,innovation,0.0553946429238281,0.10892676707167508,True,0,converged,885,2500,0.0793018514904316,-0.358778585341154,0.31741431840817796
1,test,3385,2006-10-05,garch_1_1_t,innovation,0.0550106145045952,0.10680827404438625,True,0,converged,886,2500,0.0778975335610163,-0.3478681331663063,0.3156411050799316
1,test,3386,2006-10-06,garch_1_1_t,innovation,0.0551822011417375,0.10442500481618691,True,0,converged,887,2500,0.0773696318066564,-0.33795389148294025,0.29987480681867684
1,test,3387,2006-10-09,garch_1_1_t,innovation,0.0680113944912529,0.10213116774002726,True,0,converged,888,2500,0.0773172284344406,-0.12824155112128785,0.2783411370761066
1,test,3388,2006-10-10,garch_1_1_t,innovation,0.0691959396623082,0.10010239964372795,True,0,converged,889,2500,0.06926972947397,-0.0010658211397434017,0.3681856518569264
1,test,3389,2006-10-11,garch_1_1_t,innovation,0.0694934110561954,0.09800569541022104,True,0,converged,890,2500,0.0679166181299088,0.022951194328687183,0.36674484461174695
1,test,3390,2006-10-12,garch_1_1_t,innovation,0.0651330685033335,0.10314698812467617,True,0,converged,891,2500,0.0744945467271848,-0.13429353944850392,0.3254291156921913
1,test,3391,2006-10-13,garch_1_1_t,innovation,0.0645119344086624,0.10140111215897997,True,0,converged,892,2500,0.0745848815027472,-0.14508758957262452,0.3071462332840592
1,test,3392,2006-10-16,garch_1_1_t,innovation,0.0648699586998071,0.09938372775368481,True,0,converged,893,2500,0.0746270720591098,-0.14011870704966192,0.28648505795663476
1,test,3393,2006-10-17,garch_1_1_t,innovation,0.0691929051697811,0.09816913922243171,True,0,converged,894,2500,0.0749347100056499,-0.07971887022500557,0.2700747002874331
1,test,3394,2006-10-18,garch_1_1_t,innovation,0.0697772274502595,0.09719653367013498,True,0,converged,895,2500,0.072688381294377,-0.04087385239207399,0.29055349436699474
1,test,3395,2006-10-19,garch_1_1_t,innovation,0.0701377283673152,0.09522965321938408,True,0,converged,896,2500,0.0708582190112722,-0.010220108147063046,0.29561041147996275
1,test,3396,2006-10-20,garch_1_1_t,innovation,0.0701407274376739,0.09316030893317176,True,0,converged,897,2500,0.070037156166584,0.001477712279193734,0.2852958575641089
1,test,3397,2006-10-23,garch_1_1_t,innovation,0.0682489550673912,0.09338034231339352,True,0,converged,898,2500,0.0665813693756482,0.02473732427228955,0.3382560560389884
1,test,3398,2006-10-24,garch_1_1_t,innovation,0.0675181623073961,0.0922284677361574,True,0,converged,899,2500,0.0606911204349097,0.10659923162196325,0.41847144231758904
1,test,3399,2006-10-25,garch_1_1_t,innovation,0.0668029486322511,0.09147316163595041,True,0,converged,900,2500,0.0617354684526638,0.07888860165762769,0.39318699468984863
1,test,3400,2006-10-26,garch_1_1_t,innovation,0.0674403527439252,0.09060307898257729,True,0,converged,901,2500,0.0626969613082389,0.07293056168414253,0.36817521434560857
1,test,3401,2006-10-27,garch_1_1_t,innovation,0.0804102568147997,0.09301626910262238,True,0,converged,902,2500,0.0664882087174961,0.1901171209504136,0.3357497950197433
1,test,3402,2006-10-30,garch_1_1_t,innovation,0.0818227888564823,0.0908579702249988,True,0,converged,903,2500,0.065193004318609,0.22720362973743205,0.3319453530441807
1,test,3403,2006-10-31,garch_1_1_t,innovation,0.0897282781598433,0.08882719510060069,True,0,converged,904,2500,0.064766698903096,0.32599440655422507,0.315901288798752
1,test,3404,2006-11-01,garch_1_1_t,innovation,0.0864608364646053,0.09212310289587801,True,0,converged,905,2500,0.0553946429238281,0.44520866282570126,0.5086428666278994
1,test,3405,2006-11-02,garch_1_1_t,innovation,0.0867906453188977,0.08998298645727705,True,0,converged,906,2500,0.0550106145045952,0.45597268542989233,0.4920944554917392
1,test,3406,2006-11-03,garch_1_1_t,innovation,0.0906743721448549,0.0883293402867866,True,0,converged,907,2500,0.0551822011417375,0.4966343027058531,0.4704318737932031
1,test,3407,2006-11-06,garch_1_1_t,innovation,0.0828904015541013,0.1000239482102761,True,0,converged,908,2500,0.0680113944912529,0.1978440148269173,0.38573438223326967
1,test,3408,2006-11-07,garch_1_1_t,innovation,0.0818226966413736,0.09901124897839353,True,0,converged,909,2500,0.0691959396623082,0.16761248467387446,0.3582912842220341
1,test,3409,2006-11-08,garch_1_1_t,innovation,0.0829344859952135,0.09705509958083282,True,0,converged,910,2500,0.0694934110561954,0.17681902762679588,0.3340469110176409
1,test,3410,2006-11-09,garch_1_1_t,innovation,0.081061525835447,0.09759072435702922,True,0,converged,911,2500,0.0651330685033335,0.21877605958923732,0.40435006661213113
1,test,3411,2006-11-10,garch_1_1_t,innovation,0.0816959971113326,0.09528266106610331,True,0,converged,912,2500,0.0645119344086624,0.23615476942280716,0.3899976172848781
1,test,3412,2006-11-13,garch_1_1_t,innovation,0.0812762021228648,0.0939103637716998,True,0,converged,913,2500,0.0648699586998071,0.2254686263240478,0.3699561198656487
1,test,3413,2006-11-14,garch_1_1_t,innovation,0.0769127629571044,0.09753529930402985,True,0,converged,914,2500,0.0691929051697811,0.10577350005404354,0.3433160257063521
1,test,3414,2006-11-15,garch_1_1_t,innovation,0.0823533239420568,0.09604720451365399,True,0,converged,915,2500,0.0697772274502595,0.16571111716262588,0.31953208205863376
1,test,3415,2006-11-16,garch_1_1_t,innovation,0.0818480840704571,0.0944950134821786,True,0,converged,916,2500,0.0701377283673152,0.15440403866327654,0.2980862086567929
1,test,3416,2006-11-17,garch_1_1_t,innovation,0.0824192447148159,0.09238057169725583,True,0,converged,917,2500,0.0701407274376739,0.16131534612801643,0.275413077639987
1,test,3417,2006-11-20,garch_1_1_t,innovation,0.0826700725282769,0.09027905593328484,True,0,converged,918,2500,0.0682489550673912,0.19169553300704198,0.27974337121771153
1,test,3418,2006-11-21,garch_1_1_t,innovation,0.0826185346085559,0.08834406940990731,True,0,converged,919,2500,0.0675181623073961,0.2018374123833688,0.26884243751618403
1,test,3419,2006-11-22,garch_1_1_t,innovation,0.0833381750409164,0.08691723750768601,True,0,converged,920,2500,0.0668029486322511,0.22115950722759573,0.2632091521033454
1,test,3420,2006-11-24,garch_1_1_t,innovation,0.0849509343638967,0.0869404294611721,True,0,converged,921,2500,0.0674403527439252,0.23083030287870618,0.2539796211253056
1,test,3421,2006-11-27,garch_1_1_t,innovation,0.0723622697331179,0.10458518691288546,True,0,converged,922,2500,0.0804102568147997,-0.10545671310158275,0.262860184719003
1,test,3422,2006-11-28,garch_1_1_t,innovation,0.0744349963702284,0.1036837235464174,True,0,converged,923,2500,0.0818227888564823,-0.09462958462187818,0.23678934860753742
1,test,3423,2006-11-29,garch_1_1_t,innovation,0.0651155065987534,0.11066731507733578,True,0,converged,924,2500,0.0897282781598433,-0.32062325454953017,0.20974256736258431
1,test,3424,2006-11-30,garch_1_1_t,innovation,0.0667500028893797,0.10822260758487637,True,0,converged,925,2500,0.0864608364646053,-0.25873721321058246,0.22449873336832848
1,test,3425,2006-12-01,garch_1_1_t,innovation,0.0665840207561904,0.10574750317622168,True,0,converged,926,2500,0.0867906453188977,-0.2650342228614914,0.1975553639862697
1,test,3426,2006-12-04,garch_1_1_t,innovation,0.0613346591411409,0.10815007009498076,True,0,converged,927,2500,0.0906743721448549,-0.39092967576959897,0.17624503961779217
1,test,3427,2006-12-05,garch_1_1_t,innovation,0.0658496744185518,0.10700303933350332,True,0,converged,928,2500,0.0828904015541013,-0.2301447881254383,0.2553379670312657
1,test,3428,2006-12-06,garch_1_1_t,innovation,0.0677902379679201,0.10434235460345599,True,0,converged,929,2500,0.0818226966413736,-0.18813646837006398,0.2431226938060493
1,test,3429,2006-12-07,garch_1_1_t,innovation,0.0660495386039421,0.10348136752623113,True,0,converged,930,2500,0.0829344859952135,-0.2276459253697787,0.22134060184158727
1,test,3430,2006-12-08,garch_1_1_t,innovation,0.0667780222301132,0.1012599433964786,True,0,converged,931,2500,0.081061525835447,-0.19383442667812045,0.22248246299539132
1,test,3431,2006-12-11,garch_1_1_t,innovation,0.0677810556165401,0.0998260769372266,True,0,converged,932,2500,0.0816959971113326,-0.18672226548307055,0.20042443544246327
1,test,3432,2006-12-12,garch_1_1_t,innovation,0.0728592166253917,0.0974403259719427,True,0,converged,933,2500,0.0812762021228648,-0.10932421714415509,0.18138689242874673
1,test,3433,2006-12-13,garch_1_1_t,innovation,0.073093190958139,0.09539491091901565,True,0,converged,934,2500,0.0769127629571044,-0.0509366155034183,0.2153534013937355
1,test,3434,2006-12-14,garch_1_1_t,innovation,0.0661453730188532,0.10071726082087701,True,0,converged,935,2500,0.0823533239420568,-0.21916387809453255,0.20129837398193645
1,test,3435,2006-12-15,garch_1_1_t,innovation,0.0672121909995099,0.0983980531336981,True,0,converged,936,2500,0.0818480840704571,-0.1970102509707654,0.18415612290625225
1,test,3436,2006-12-18,garch_1_1_t,innovation,0.0668666978954504,0.09682372924547111,True,0,converged,937,2500,0.0824192447148159,-0.20911790812030864,0.16107313906419746
1,test,3437,2006-12-19,garch_1_1_t,innovation,0.067421170881123,0.09490949975592253,True,0,converged,938,2500,0.0826700725282769,-0.20389857996181832,0.1380661468210532
1,test,3438,2006-12-20,garch_1_1_t,innovation,0.0681976189554312,0.09281147180982048,True,0,converged,939,2500,0.0826185346085559,-0.19182439372637458,0.1163362055029401
1,test,3439,2006-12-21,garch_1_1_t,innovation,0.0727473765637229,0.09201646072928027,True,0,converged,940,2500,0.0833381750409164,-0.1359138835757301,0.09906075401766483
1,test,3440,2006-12-22,garch_1_1_t,innovation,0.081060874840925,0.0940820134228092,True,0,converged,941,2500,0.0849509343638967,-0.04687343339115805,0.10209303805525724
1,test,3441,2006-12-26,garch_1_1_t,innovation,0.0783680215018036,0.09535525823554725,True,0,converged,942,2500,0.0723622697331179,0.07973092786934559,0.2759244499317475
1,test,3442,2006-12-27,garch_1_1_t,innovation,0.0748935288754904,0.09733951618391076,True,0,converged,943,2500,0.0744349963702284,0.006141277370107528,0.26827882145543985
1,test,3443,2006-12-28,garch_1_1_t,innovation,0.0767679386055375,0.0954145188357812,True,0,converged,944,2500,0.0651155065987534,0.16462436946502348,0.38206803847732
1,test,3444,2006-12-29,garch_1_1_t,innovation,0.0790014631821515,0.09486842355813588,True,0,converged,945,2500,0.0667500028893797,0.16851203302161616,0.351536575836027
1,test,3445,2007-01-03,garch_1_1_t,innovation,0.0815491562188199,0.09295094291071085,True,0,converged,946,2500,0.0665840207561904,0.20274136204476192,0.33360723822161553
1,test,3446,2007-01-04,garch_1_1_t,innovation,0.0813494363897763,0.09125577658883717,True,0,converged,947,2500,0.0613346591411409,0.2824088202879755,0.3973212104031764
1,test,3447,2007-01-05,garch_1_1_t,innovation,0.0762271868846814,0.09586941578527645,True,0,converged,948,2500,0.0658496744185518,0.1463436984363216,0.3756125293604497
1,test,3448,2007-01-08,garch_1_1_t,innovation,0.0744526416742407,0.0958231760759456,True,0,converged,949,2500,0.0677902379679201,0.09374503922315042,0.34608637537355186
1,test,3449,2007-01-09,garch_1_1_t,innovation,0.0748023593471897,0.09355634954368826,True,0,converged,950,2500,0.0660495386039421,0.12444438117105754,0.34815887829245207
1,test,3450,2007-01-10,garch_1_1_t,innovation,0.0740106479534237,0.09249138450797215,True,0,converged,951,2500,0.0667780222301132,0.10283495623911806,0.3257414818500034
1,test,3451,2007-01-11,garch_1_1_t,innovation,0.0770771834571691,0.09236701197836886,True,0,converged,952,2500,0.0677810556165401,0.12852456214712696,0.309487161464865
1,test,3452,2007-01-12,garch_1_1_t,innovation,0.0732508297301846,0.09612024958400633,True,0,converged,953,2500,0.0728592166253917,0.005360535463806894,0.27707096770881245
1,test,3453,2007-01-16,garch_1_1_t,innovation,0.0787816411415388,0.0941808379461344,True,0,converged,954,2500,0.073093190958139,0.07494477381254662,0.25348152658925205
1,test,3454,2007-01-17,garch_1_1_t,innovation,0.0821229457167006,0.09196988392117195,True,0,converged,955,2500,0.0661453730188532,0.2163625210781819,0.3296062334662184
1,test,3455,2007-01-18,garch_1_1_t,innovation,0.081383146576731,0.091161030836533,True,0,converged,956,2500,0.0672121909995099,0.1913135623011021,0.30477286754653976
1,test,3456,2007-01-19,garch_1_1_t,innovation,0.0811023368642762,0.0894420457011049,True,0,converged,957,2500,0.0668666978954504,0.19301072141862008,0.2908898275839312
1,test,3457,2007-01-22,garch_1_1_t,innovation,0.0807125179796497,0.0885082664571948,True,0,converged,958,2500,0.067421170881123,0.17993460408901737,0.27213687732258024
1,test,3458,2007-01-23,garch_1_1_t,innovation,0.0800459670410402,0.08746644894740897,True,0,converged,959,2500,0.0681976189554312,0.16019140611140537,0.24884562766739093
1,test,3459,2007-01-24,garch_1_1_t,innovation,0.0748596757497114,0.09253902980000421,True,0,converged,960,2500,0.0727473765637229,0.028622526622763714,0.2406376548873278
1,test,3460,2007-01-25,garch_1_1_t,innovation,0.0635615654344811,0.10388966494609823,True,0,converged,961,2500,0.081060874840925,-0.243191443047707,0.2481290083412432
1,test,3461,2007-01-26,garch_1_1_t,innovation,0.0635917383233131,0.10130442565556691,True,0,converged,962,2500,0.0783680215018036,-0.20893239380797854,0.2567141437647317
1,test,3462,2007-01-29,garch_1_1_t,innovation,0.1550373840190871,0.0987175494413462,True,0,converged,963,2500,0.0748935288754904,0.727598785123387,0.27619524658906003
1,test,3463,2007-01-30,garch_1_1_t,innovation,0.1581355531077273,0.09887493611207697,True,0,converged,964,2500,0.0767679386055375,0.7226655093593604,0.253068693022534
1,test,3464,2007-01-31,garch_1_1_t,innovation,0.1566949517027948,0.10064906240974844,True,0,converged,965,2500,0.0790014631821515,0.6848345589353427,0.24217346310112806
1,test,3465,2007-02-01,garch_1_1_t,innovation,0.16215501435481,0.10151460567934709,True,0,converged,966,2500,0.0815491562188199,0.6873467742312516,0.2189967042302549
1,test,3466,2007-02-02,garch_1_1_t,innovation,0.1655989316245638,0.09907925434226442,True,0,converged,967,2500,0.0813494363897763,0.7108148849609941,0.19716617335112255
1,test,3467,2007-02-05,garch_1_1_t,innovation,0.1762055832141192,0.09670065283832291,True,0,converged,968,2500,0.0762271868846814,0.8379332174757093,0.23790197128423918
1,test,3468,2007-02-06,garch_1_1_t,innovation,0.1762387486199503,0.0943203668080577,True,0,converged,969,2500,0.0744526416742407,0.8616763610084216,0.23653390416692596
1,test,3469,2007-02-07,garch_1_1_t,innovation,0.1785833557690125,0.0925886747624432,True,0,converged,970,2500,0.0748023593471897,0.8702060447592772,0.21331740483342823
1,test,3470,2007-02-08,garch_1_1_t,innovation,0.178525678627355,0.09069047022583815,True,0,converged,971,2500,0.0740106479534237,0.8805234746141777,0.20324330831075837
1,test,3471,2007-02-09,garch_1_1_t,innovation,0.1766224096725885,0.09426244600815777,True,0,converged,972,2500,0.0770771834571691,0.829206872843237,0.20127556838243255
1,test,3472,2007-02-12,garch_1_1_t,innovation,0.1894777504875297,0.09317550637246129,True,0,converged,973,2500,0.0732508297301846,0.9503820307463295,0.24059530478170274
1,test,3473,2007-02-13,garch_1_1_t,innovation,0.1889629554900186,0.09783205764827167,True,0,converged,974,2500,0.0787816411415388,0.8748710038679386,0.21657232186237116
1,test,3474,2007-02-14,garch_1_1_t,innovation,0.1875915173283703,0.0996092896631999,True,0,converged,975,2500,0.0821229457167006,0.8260493563622676,0.1930379675642315
1,test,3475,2007-02-15,garch_1_1_t,innovation,0.1877980547768546,0.09726733276152195,True,0,converged,976,2500,0.081383146576731,0.836199001709881,0.17829498846800523
1,test,3476,2007-02-16,garch_1_1_t,innovation,0.1925467964730054,0.09492345976362886,True,0,converged,977,2500,0.0811023368642762,0.8646274474363382,0.15735910485303106
1,test,3477,2007-02-20,garch_1_1_t,innovation,0.1933791478415329,0.09312444976480083,True,0,converged,978,2500,0.0807125179796497,0.8737590776789468,0.14304308740215999
1,test,3478,2007-02-21,garch_1_1_t,innovation,0.2018673619300705,0.09092382064456112,True,0,converged,979,2500,0.0800459670410402,0.9250097999462193,0.12742096247456944
1,test,3479,2007-02-22,garch_1_1_t,innovation,0.2018680279502395,0.08887191996735344,True,0,converged,980,2500,0.0748596757497114,0.9919987858667225,0.17158086069624065
1,test,3480,2007-02-23,garch_1_1_t,innovation,0.2014561804697565,0.08854459846216532,True,0,converged,981,2500,0.0635615654344811,1.1535629204810929,0.33149739190064753
1,test,3481,2007-02-26,garch_1_1_t,innovation,0.2014861374932141,0.08656771976147838,True,0,converged,982,2500,0.0635917383233131,1.1532370211289866,0.3084434337258413
1,test,3482,2007-02-27,garch_1_1_t,innovation,0.143762291910374,0.18378152869695694,True,0,converged,983,2500,0.1550373840190871,-0.07550509009469081,0.17008143306110945
1,test,3483,2007-02-28,garch_1_1_t,innovation,0.1415265804500758,0.18275938175481068,True,0,converged,984,2500,0.1581355531077273,-0.1109650491301982,0.14471783758780812
1,test,3484,2007-03-01,garch_1_1_t,innovation,0.1411794321109143,0.1768265176188129,True,0,converged,985,2500,0.1566949517027948,-0.10426928301179729,0.1208681929645309
1,test,3485,2007-03-02,garch_1_1_t,innovation,0.1332025063548752,0.1798777206987836,True,0,converged,986,2500,0.16215501435481,-0.19668218204185609,0.103724534141043
1,test,3486,2007-03-05,garch_1_1_t,innovation,0.1288645954886926,0.17855658327280485,True,0,converged,987,2500,0.1655989316245638,-0.25080658466625805,0.07533675372508665
1,test,3487,2007-03-06,garch_1_1_t,innovation,0.1200982194426596,0.18688054304301516,True,0,converged,988,2500,0.1762055832141192,-0.38334149644694504,0.058818205673860875
1,test,3488,2007-03-07,garch_1_1_t,innovation,0.1201105385070099,0.18061277088779198,True,0,converged,989,2500,0.1762387486199503,-0.3834271290324311,0.024515750109831813
1,test,3489,2007-03-08,garch_1_1_t,innovation,0.1167290369698798,0.17826479060183284,True,0,converged,990,2500,0.1785833557690125,-0.42520014575173737,-0.0017854387365947239
1,test,3490,2007-03-09,garch_1_1_t,innovation,0.1168282481992286,0.1723116503925781,True,0,converged,991,2500,0.178525678627355,-0.42402755655579927,-0.03542769057740138
1,test,3491,2007-03-12,garch_1_1_t,innovation,0.116783101067528,0.16699123468251734,True,0,converged,992,2500,0.1766224096725885,-0.41369579792207267,-0.05607285109939499
1,test,3492,2007-03-13,garch_1_1_t,innovation,0.0948469472662209,0.18077741048996063,True,0,converged,993,2500,0.1894777504875297,-0.6920070949487831,-0.047005107782015276
1,test,3493,2007-03-14,garch_1_1_t,innovation,0.0924629613295226,0.17766078723672143,True,0,converged,994,2500,0.1889629554900186,-0.7147428468798424,-0.061674950676361695
1,test,3494,2007-03-15,garch_1_1_t,innovation,0.0937392883526811,0.17205204304011756,True,0,converged,995,2500,0.1875915173283703,-0.6937494179988571,-0.08646981188882212
1,test,3495,2007-03-16,garch_1_1_t,innovation,0.0990632522643317,0.16707339792017556,True,0,converged,996,2500,0.1877980547768546,-0.6396086508915058,-0.11693398440456951
1,test,3496,2007-03-19,garch_1_1_t,innovation,0.0899629942683311,0.16913263799741995,True,0,converged,997,2500,0.1925467964730054,-0.7609408117668303,-0.12965597542677965
1,test,3497,2007-03-20,garch_1_1_t,innovation,0.0879435185306706,0.1654121280061541,True,0,converged,998,2500,0.1933791478415329,-0.7879579848578777,-0.15621265318246086
1,test,3498,2007-03-21,garch_1_1_t,innovation,0.0661658831843283,0.17362426737735107,True,0,converged,999,2500,0.2018673619300705,-1.115445887274485,-0.15071727612390426
1,test,3499,2007-03-22,garch_1_1_t,innovation,0.0740479953331071,0.16821972883969516,True,0,converged,1000,2500,0.2018680279502395,-1.0029006883651512,-0.18234312231669117
1,test,3500,2007-03-23,garch_1_1_t,innovation,0.075070779631936,0.16317682017001908,True,0,converged,1001,2500,0.2014561804697565,-0.9871404941556807,-0.21073749191571992
1,test,3501,2007-03-26,garch_1_1_t,innovation,0.0749369217274835,0.1583570069107559,True,0,converged,1002,2500,0.2014861374932141,-0.9890738664332844,-0.24086856093939488
1,test,3502,2007-03-27,garch_1_1_t,innovation,0.0812209599827722,0.15402037889300776,True,0,converged,1003,2500,0.143762291910374,-0.5709878432384917,0.06892373916928972
1,test,3503,2007-03-28,garch_1_1_t,innovation,0.0770745825234534,0.15239167699354583,True,0,converged,1004,2500,0.1415265804500758,-0.607713989885816,0.07396648171212693
1,test,3504,2007-03-29,garch_1_1_t,innovation,0.0770360180108458,0.1479511180217804,True,0,converged,1005,2500,0.1411794321109143,-0.6057585706523881,0.04685028605973617
1,test,3505,2007-03-30,garch_1_1_t,innovation,0.0825086075991785,0.14363026145009963,True,0,converged,1006,2500,0.1332025063548752,-0.4789679519736401,0.07537179433763032
1,test,3506,2007-04-02,garch_1_1_t,innovation,0.0829108501573485,0.1395486308416021,True,0,converged,1007,2500,0.1288645954886926,-0.44099626966765293,0.07965094297363252
1,test,3507,2007-04-03,garch_1_1_t,innovation,0.076546868847586,0.14248327610141495,True,0,converged,1008,2500,0.1200982194426596,-0.45040668544845003,0.17091472877668898
1,test,3508,2007-04-04,garch_1_1_t,innovation,0.0788125633213615,0.13843356421231978,True,0,converged,1009,2500,0.1201105385070099,-0.421340055836993,0.1419780567613545
1,test,3509,2007-04-05,garch_1_1_t,innovation,0.0793692258653033,0.13491528512668188,True,0,converged,1010,2500,0.1167290369698798,-0.3857446160025027,0.14479173832147288
1,test,3510,2007-04-09,garch_1_1_t,innovation,0.0792198709175951,0.13126050609878645,True,0,converged,1011,2500,0.1168282481992286,-0.38847772939810876,0.11647905256145401
1,test,3511,2007-04-10,garch_1_1_t,innovation,0.0792497581720177,0.12767370973715889,True,0,converged,1012,2500,0.116783101067528,-0.38771401599001204,0.08915948935928703
1,test,3512,2007-04-11,garch_1_1_t,innovation,0.0785044132960375,0.12557641582501838,True,0,converged,1013,2500,0.0948469472662209,-0.1891096674653557,0.28064995330380615
1,test,3513,2007-04-12,garch_1_1_t,innovation,0.0854774322446398,0.12343807574675097,True,0,converged,1014,2500,0.0924629613295226,-0.07855575552384804,0.28893147309159295
1,test,3514,2007-04-13,garch_1_1_t,innovation,0.0892200343893492,0.1214570670067563,True,0,converged,1015,2500,0.0937392883526811,-0.04941178560678249,0.2590434416146562
1,test,3515,2007-04-16,garch_1_1_t,innovation,0.0830376429819181,0.12454860232554313,True,0,converged,1016,2500,0.0990632522643317,-0.17646452299266757,0.228937461972819
1,test,3516,2007-04-17,garch_1_1_t,innovation,0.0825062071143445,0.12186599680831826,True,0,converged,1017,2500,0.0899629942683311,-0.0865248827183604,0.3035236432689029
1,test,3517,2007-04-18,garch_1_1_t,innovation,0.0858714817290892,0.11864410476143546,True,0,converged,1018,2500,0.0879435185306706,-0.023842993507863782,0.2994335221570726
1,test,3518,2007-04-19,garch_1_1_t,innovation,0.0861534405213644,0.11563349983707598,True,0,converged,1019,2500,0.0661658831843283,0.26396492823622403,0.5582607348890154
1,test,3519,2007-04-20,garch_1_1_t,innovation,0.0852088480981566,0.11917208820434054,True,0,converged,1020,2500,0.0740479953331071,0.14039181081449736,0.4758550993061365
1,test,3520,2007-04-23,garch_1_1_t,innovation,0.0841691177428278,0.11706700437643178,True,0,converged,1021,2500,0.075070779631936,0.11439668438981679,0.44431506092277573
1,test,3521,2007-04-24,garch_1_1_t,innovation,0.0842031319832003,0.11413904626040966,True,0,converged,1022,2500,0.0749369217274835,0.11658540147948429,0.42077069317136534
1,test,3522,2007-04-25,garch_1_1_t,innovation,0.0777040423090017,0.11746908710157941,True,0,converged,1023,2500,0.0812209599827722,-0.044266061135771965,0.3690018687481481
1,test,3523,2007-04-26,garch_1_1_t,innovation,0.0840447368344269,0.11445015558782803,True,0,converged,1024,2500,0.0770745825234534,0.08657568117439765,0.3953658485769314
1,test,3524,2007-04-27,garch_1_1_t,innovation,0.0852852517788733,0.11154134900445681,True,0,converged,1025,2500,0.0770360180108458,0.10172846243457938,0.37012228638445044
1,test,3525,2007-04-30,garch_1_1_t,innovation,0.0810243898535908,0.11420657781247927,True,0,converged,1026,2500,0.0825086075991785,-0.018152403781942467,0.32510627218797217
1,test,3526,2007-05-01,garch_1_1_t,innovation,0.0855075365366778,0.1117337930438855,True,0,converged,1027,2500,0.0829108501573485,0.03083858263189142,0.29835325823199027
1,test,3527,2007-05-02,garch_1_1_t,innovation,0.0830431015012645,0.11167109713474552,True,0,converged,1028,2500,0.076546868847586,0.08145655030102983,0.37765470029899717
1,test,3528,2007-05-03,garch_1_1_t,innovation,0.0826837888861261,0.11108382354437632,True,0,converged,1029,2500,0.0788125633213615,0.04795114250428639,0.34321266621566543
1,test,3529,2007-05-04,garch_1_1_t,innovation,0.0815868371294539,0.10937060365993297,True,0,converged,1030,2500,0.0793692258653033,0.027557229707432553,0.3206314391979925
1,test,3530,2007-05-07,garch_1_1_t,innovation,0.0827894143103553,0.10666486646836698,True,0,converged,1031,2500,0.0792198709175951,0.04407304394929378,0.29746466734861987
1,test,3531,2007-05-08,garch_1_1_t,innovation,0.091125684025302,0.10413326051984874,True,0,converged,1032,2500,0.0792497581720177,0.1396353354556066,0.2730670687684256
1,test,3532,2007-05-09,garch_1_1_t,innovation,0.1113063846065037,0.10217745554889172,True,0,converged,1033,2500,0.0785044132960375,0.3491317770363399,0.26355621839784993
1,test,3533,2007-05-10,garch_1_1_t,innovation,0.1144715895473875,0.1089481761936281,True,0,converged,1034,2500,0.0854774322446398,0.2920742752356014,0.24261993065653892
1,test,3534,2007-05-11,garch_1_1_t,innovation,0.1105716028517101,0.11190726643566631,True,0,converged,1035,2500,0.0892200343893492,0.21455768556698576,0.2265649349343551
1,test,3535,2007-05-14,garch_1_1_t,innovation,0.1169637316165735,0.10940277463491158,True,0,converged,1036,2500,0.0830376429819181,0.34256986567335124,0.2757422170741636
1,test,3536,2007-05-15,garch_1_1_t,innovation,0.1283004910313313,0.10663378856008042,True,0,converged,1037,2500,0.0825062071143445,0.4415015705664658,0.2565268991030449
1,test,3537,2007-05-16,garch_1_1_t,innovation,0.12800829649135,0.1077445602826483,True,0,converged,1038,2500,0.0858714817290892,0.3992432981303848,0.22691146306625676
1,test,3538,2007-05-17,garch_1_1_t,innovation,0.1293903265320169,0.10537512100451714,True,0,converged,1039,2500,0.0861534405213644,0.40670372436869756,0.20139666606182355
1,test,3539,2007-05-18,garch_1_1_t,innovation,0.1257320369793929,0.10904872755462204,True,0,converged,1040,2500,0.0852088480981566,0.3890476723334019,0.24668954476079014
1,test,3540,2007-05-21,garch_1_1_t,innovation,0.1260267083235023,0.10631312660193482,True,0,converged,1041,2500,0.0841691177428278,0.4036657739900441,0.23356068278140846
1,test,3541,2007-05-22,garch_1_1_t,innovation,0.1354350784571869,0.10372029002897132,True,0,converged,1042,2500,0.0842031319832003,0.475260282218492,0.20846563942846413
1,test,3542,2007-05-23,garch_1_1_t,innovation,0.1368557172481307,0.10118798286159418,True,0,converged,1043,2500,0.0777040423090017,0.5660199315047328,0.26407272278626787
1,test,3543,2007-05-24,garch_1_1_t,innovation,0.1371633180625894,0.10589775821795774,True,0,converged,1044,2500,0.0840447368344269,0.4898230800501818,0.2311248450910665
1,test,3544,2007-05-25,garch_1_1_t,innovation,0.1374233132201717,0.10473506323359524,True,0,converged,1045,2500,0.0852852517788733,0.4770644981924276,0.205432412911712
1,test,3545,2007-05-29,garch_1_1_t,innovation,0.1416509139375315,0.10325773732141881,True,0,converged,1046,2500,0.0810243898535908,0.5586154596868106,0.24247794811944198
1,test,3546,2007-05-30,garch_1_1_t,innovation,0.1474823972283489,0.10626070231390608,True,0,converged,1047,2500,0.0855075365366778,0.5451043091475993,0.21729101170628923
1,test,3547,2007-05-31,garch_1_1_t,innovation,0.147436731980714,0.10372763360049414,True,0,converged,1048,2500,0.0830431015012645,0.5740393798311931,0.22240878791041258
1,test,3548,2007-06-01,garch_1_1_t,innovation,0.1463930293468209,0.10331255759549444,True,0,converged,1049,2500,0.0826837888861261,0.5712714269701877,0.2227353733970076
1,test,3549,2007-06-04,garch_1_1_t,innovation,0.1498379098041493,0.10082713047867496,True,0,converged,1050,2500,0.0815868371294539,0.6078861692498572,0.21173953172644827
1,test,3550,2007-06-05,garch_1_1_t,innovation,0.1497266169470166,0.09984262225788608,True,0,converged,1051,2500,0.0827894143103553,0.5925108708131128,0.18729496215357233
1,test,3551,2007-06-06,garch_1_1_t,innovation,0.1447756990045569,0.10761647207190199,True,0,converged,1052,2500,0.091125684025302,0.46294594456218363,0.1663340254301339
1,test,3552,2007-06-07,garch_1_1_t,innovation,0.1308749555088411,0.1293544889719096,True,0,converged,1053,2500,0.1113063846065037,0.16195570866300782,0.15026999152729717
1,test,3553,2007-06-08,garch_1_1_t,innovation,0.1225669007957408,0.13687230526039543,True,0,converged,1054,2500,0.1144715895473875,0.0683303438732659,0.17872174679947764
1,test,3554,2007-06-11,garch_1_1_t,innovation,0.1317039937346636,0.13285443891753845,True,0,converged,1055,2500,0.1105716028517101,0.1748936320629464,0.18359078393986894
1,test,3555,2007-06-12,garch_1_1_t,innovation,0.1282959474769962,0.13694024311730948,True,0,converged,1056,2500,0.1169637316165735,0.09247578425819408,0.15768074848879512
1,test,3556,2007-06-13,garch_1_1_t,innovation,0.1295037648219717,0.14692439037670516,True,0,converged,1057,2500,0.1283004910313313,0.009334853874834079,0.13554300444940237
1,test,3557,2007-06-14,garch_1_1_t,innovation,0.1279540399743519,0.14491333664834535,True,0,converged,1058,2500,0.12800829649135,-0.0004239414170060893,0.12404080729463318
1,test,3558,2007-06-15,garch_1_1_t,innovation,0.126361716648564,0.14249351524546194,True,0,converged,1059,2500,0.1293903265320169,-0.023685061729867903,0.09646286867278421
1,test,3559,2007-06-18,garch_1_1_t,innovation,0.1263060816260319,0.13820404776696665,True,0,converged,1060,2500,0.1257320369793929,0.0045552287284086855,0.09457824840735468
1,test,3560,2007-06-19,garch_1_1_t,innovation,0.1261620862805686,0.13448140831119745,True,0,converged,1061,2500,0.1260267083235023,0.001073623990968072,0.06493210600767976
1,test,3561,2007-06-20,garch_1_1_t,innovation,0.1167840228756447,0.14307877202503136,True,0,converged,1062,2500,0.1354350784571869,-0.14816612913589336,0.054902932192701766
1,test,3562,2007-06-21,garch_1_1_t,innovation,0.1206496936264717,0.14057773755135652,True,0,converged,1063,2500,0.1368557172481307,-0.12603595938404427,0.02683341585061201
1,test,3563,2007-06-22,garch_1_1_t,innovation,0.1163957543275036,0.14189947616595264,True,0,converged,1064,2500,0.1371633180625894,-0.16417625870211247,0.03394657410271906
1,test,3564,2007-06-25,garch_1_1_t,innovation,0.1308205245379049,0.13900328703611833,True,0,converged,1065,2500,0.1374233132201717,-0.0492396973461575,0.011431541106221374
1,test,3565,2007-06-26,garch_1_1_t,innovation,0.1257850473153818,0.14155070522810628,True,0,converged,1066,2500,0.1416509139375315,-0.11879120190472221,-0.0007076846093086046
1,test,3566,2007-06-27,garch_1_1_t,innovation,0.1433254543091629,0.14947983548162475,True,0,converged,1067,2500,0.1474823972283489,-0.028590879260915133,0.013452676178641267
1,test,3567,2007-06-28,garch_1_1_t,innovation,0.1597173566499327,0.14477196223175287,True,0,converged,1068,2500,0.147436731980714,0.08000658412116389,-0.018239317830126986
1,test,3568,2007-06-29,garch_1_1_t,innovation,0.1689503196643903,0.14054458980252854,True,0,converged,1069,2500,0.1463930293468209,0.14330971858114233,-0.040770183075729285
1,test,3569,2007-07-02,garch_1_1_t,innovation,0.1707048478381935,0.1413377207057181,True,0,converged,1070,2500,0.1498379098041493,0.13038192063217086,-0.05840189970887658
1,test,3570,2007-07-03,garch_1_1_t,innovation,0.1710932804292653,0.13853513916832388,True,0,converged,1071,2500,0.1497266169470166,0.1333978298202195,-0.07768707168345985
1,test,3571,2007-07-05,garch_1_1_t,innovation,0.1733697489803655,0.13432215445403597,True,0,converged,1072,2500,0.1447756990045569,0.1802409497994976,-0.07494458896127865
1,test,3572,2007-07-06,garch_1_1_t,innovation,0.195658037423085,0.13213040851278496,True,0,converged,1073,2500,0.1308749555088411,0.4021260991924269,0.00954704893117254
1,test,3573,2007-07-09,garch_1_1_t,innovation,0.2043582744294334,0.12822794110439256,True,0,converged,1074,2500,0.1225669007957408,0.5112176907930202,0.04515246021583408
1,test,3574,2007-07-10,garch_1_1_t,innovation,0.2020420409011658,0.13685521820811647,True,0,converged,1075,2500,0.1317039937346636,0.4279188662452841,0.03836663284480602
1,test,3575,2007-07-11,garch_1_1_t,innovation,0.2064151463647376,0.13595144931804723,True,0,converged,1076,2500,0.1282959474769962,0.47554972964788245,0.057958146874196766
1,test,3576,2007-07-12,garch_1_1_t,innovation,0.225645958698442,0.14715774688357192,True,0,converged,1077,2500,0.1295037648219717,0.5552572638098741,0.12779516676003805
1,test,3577,2007-07-13,garch_1_1_t,innovation,0.2260119549315377,0.1430757628772384,True,0,converged,1078,2500,0.1279540399743519,0.5689167590596028,0.11170316354951032
1,test,3578,2007-07-16,garch_1_1_t,innovation,0.2263697180177357,0.1387121037038534,True,0,converged,1079,2500,0.126361716648564,0.5830210218233093,0.09325202764081943
1,test,3579,2007-07-17,garch_1_1_t,innovation,0.2328722687324781,0.13460027810025202,True,0,converged,1080,2500,0.1263060816260319,0.6117819199603919,0.06360130290992957
1,test,3580,2007-07-18,garch_1_1_t,innovation,0.2379337252953617,0.13089700013929423,True,0,converged,1081,2500,0.1261620862805686,0.6344246904460652,0.03684327615791348
1,test,3581,2007-07-19,garch_1_1_t,innovation,0.2390176714784075,0.12817385205069798,True,0,converged,1082,2500,0.1167840228756447,0.7162112178491259,0.09306129093120416
1,test,3582,2007-07-20,garch_1_1_t,innovation,0.2449461057267943,0.13146395953547685,True,0,converged,1083,2500,0.1206496936264717,0.7081469570110549,0.08584148936973615
1,test,3583,2007-07-23,garch_1_1_t,innovation,0.2447115666314271,0.12837404130475633,True,0,converged,1084,2500,0.1163957543275036,0.7430841781694737,0.09795214051045258
1,test,3584,2007-07-24,garch_1_1_t,innovation,0.2368093936116869,0.14415627483578375,True,0,converged,1085,2500,0.1308205245379049,0.5934292290507623,0.09707161090129186
1,test,3585,2007-07-25,garch_1_1_t,innovation,0.2403743659909957,0.14006841698268027,True,0,converged,1086,2500,0.1257850473153818,0.6476230898886952,0.10755651953752107
1,test,3586,2007-07-26,garch_1_1_t,innovation,0.2248427482446461,0.16851257931611807,True,0,converged,1087,2500,0.1433254543091629,0.45028331259928966,0.16189245312843265
1,test,3587,2007-07-27,garch_1_1_t,innovation,0.2179129628158115,0.18352176810883056,True,0,converged,1088,2500,0.1597173566499327,0.3106899977700315,0.1389275555972196
1,test,3588,2007-07-30,garch_1_1_t,innovation,0.2134268993164498,0.18897092332820886,True,0,converged,1089,2500,0.1689503196643903,0.23368967685518655,0.11198845317646221
1,test,3589,2007-07-31,garch_1_1_t,innovation,0.2239600045798741,0.18865396446180133,True,0,converged,1090,2500,0.1707048478381935,0.2715314557779931,0.09997843194214925
1,test,3590,2007-08-01,garch_1_1_t,innovation,0.2337044059647607,0.18323675342531467,True,0,converged,1091,2500,0.1710932804292653,0.3118481870887509,0.06857014389432302
1,test,3591,2007-08-02,garch_1_1_t,innovation,0.2321834103213682,0.18015769832917916,True,0,converged,1092,2500,0.1733697489803655,0.29210102995418813,0.03840597805294884
1,test,3592,2007-08-03,garch_1_1_t,innovation,0.2157520020541594,0.20631831198257974,True,0,converged,1093,2500,0.195658037423085,0.09776118099839061,0.053051751557980996
1,test,3593,2007-08-06,garch_1_1_t,innovation,0.2105701623941931,0.21140439833126282,True,0,converged,1094,2500,0.2043582744294334,0.029944209974047238,0.033898178300935236
1,test,3594,2007-08-07,garch_1_1_t,innovation,0.2094571078014492,0.20880624063826392,True,0,converged,1095,2500,0.2020420409011658,0.0360431833499824,0.03293094465647487
1,test,3595,2007-08-08,garch_1_1_t,innovation,0.2037738613944659,0.20989058422482235,True,0,converged,1096,2500,0.2064151463647376,-0.012878558062570945,0.016696952969576212
1,test,3596,2007-08-09,garch_1_1_t,innovation,0.1805361270499025,0.24050022461411047,True,0,converged,1097,2500,0.225645958698442,-0.22303630890464204,0.06375380698056296
1,test,3597,2007-08-10,garch_1_1_t,innovation,0.1798965498457113,0.2321761056731028,True,0,converged,1098,2500,0.2260119549315377,-0.22820593320618363,0.02690826409046747
1,test,3598,2007-08-13,garch_1_1_t,innovation,0.1841037762422833,0.22401608057533956,True,0,converged,1099,2500,0.2263697180177357,-0.20666998310771809,-0.010451745483345046
1,test,3599,2007-08-14,garch_1_1_t,innovation,0.176034136012345,0.22629369432291407,True,0,converged,1100,2500,0.2328722687324781,-0.2798121695356865,-0.028656412369510692
1,test,3600,2007-08-15,garch_1_1_t,innovation,0.1708291903882083,0.2259454992481548,True,0,converged,1101,2500,0.2379337252953617,-0.3313279990830317,-0.05169835332650435
1,test,3601,2007-08-16,garch_1_1_t,innovation,0.1687492704634345,0.21990194544565997,True,0,converged,1102,2500,0.2390176714784075,-0.3481234818746917,-0.08335574396059531
1,test,3602,2007-08-17,garch_1_1_t,innovation,0.1570602424398586,0.22583037812370363,True,0,converged,1103,2500,0.2449461057267943,-0.44440876816244845,-0.08125403151996277
1,test,3603,2007-08-20,garch_1_1_t,innovation,0.1878093726753103,0.21740564853179306,True,0,converged,1104,2500,0.2447115666314271,-0.2646527646738937,-0.11831528139542496
1,test,3604,2007-08-21,garch_1_1_t,innovation,0.1888339150907417,0.20957343630715375,True,0,converged,1105,2500,0.2368093936116869,-0.2263876985978455,-0.12218136195181738
1,test,3605,2007-08-22,garch_1_1_t,innovation,0.1858323403444033,0.20842897715125666,True,0,converged,1106,2500,0.2403743659909957,-0.2573526951088048,-0.14259922027790198
1,test,3606,2007-08-23,garch_1_1_t,innovation,0.1860514185077498,0.20089318735560224,True,0,converged,1107,2500,0.2248427482446461,-0.18937818207204773,-0.1126279005500825
1,test,3607,2007-08-24,garch_1_1_t,innovation,0.1809930960713732,0.20081939533289886,True,0,converged,1108,2500,0.2179129628158115,-0.18563684264158317,-0.08168975647154259
1,test,3608,2007-08-27,garch_1_1_t,innovation,0.1780644266541386,0.19765620758676017,True,0,converged,1109,2500,0.2134268993164498,-0.1811489497786935,-0.07676518586359288
1,test,3609,2007-08-28,garch_1_1_t,innovation,0.1607273813325273,0.21355740157680259,True,0,converged,1110,2500,0.2239600045798741,-0.3317578388197951,-0.04756182855335383
1,test,3610,2007-08-29,garch_1_1_t,innovation,0.1466765622663733,0.2220205402531516,True,0,converged,1111,2500,0.2337044059647607,-0.4658271884807451,-0.05128719319186971
1,test,3611,2007-08-30,garch_1_1_t,innovation,0.1468495509010476,0.21400013155023045,True,0,converged,1112,2500,0.2321834103213682,-0.45811902164261,-0.0815509913246547
1,test,3612,2007-08-31,garch_1_1_t,innovation,0.1481102029407403,0.21033675998369794,True,0,converged,1113,2500,0.2157520020541594,-0.37617299828914574,-0.025419744166386222
1,test,3613,2007-09-04,garch_1_1_t,innovation,0.143835626058417,0.2071578869042865,True,0,converged,1114,2500,0.2105701623941931,-0.38114774874298407,-0.016337669426422865
1,test,3614,2007-09-05,garch_1_1_t,innovation,0.1406700180180193,0.20305447215808706,True,0,converged,1115,2500,0.2094571078014492,-0.39810213251289567,-0.031044703569329837
1,test,3615,2007-09-06,garch_1_1_t,innovation,0.1405423890975798,0.19603924397868247,True,0,converged,1116,2500,0.2037738613944659,-0.3715017113693715,-0.03869599283315687
1,test,3616,2007-09-07,garch_1_1_t,innovation,0.1379812448374549,0.19821629621320452,True,0,converged,1117,2500,0.1805361270499025,-0.26881313866052947,0.09342793196486411
1,test,3617,2007-09-10,garch_1_1_t,innovation,0.1391105087530695,0.1913684308069059,True,0,converged,1118,2500,0.1798965498457113,-0.25711331832958434,0.061818564507894
1,test,3618,2007-09-11,garch_1_1_t,innovation,0.1369870298365459,0.19108058453769536,True,0,converged,1119,2500,0.1841037762422833,-0.29561335131634003,0.03719564770577766
1,test,3619,2007-09-12,garch_1_1_t,innovation,0.1368095908031444,0.18473497395327684,True,0,converged,1120,2500,0.176034136012345,-0.25208781990587936,0.048244293891726034
1,test,3620,2007-09-13,garch_1_1_t,innovation,0.1356090744193956,0.18082478737946414,True,0,converged,1121,2500,0.1708291903882083,-0.23088787690004978,0.05686436623441599
1,test,3621,2007-09-14,garch_1_1_t,innovation,0.1370155501820583,0.1745449698403314,True,0,converged,1122,2500,0.1687492704634345,-0.20831958219819674,0.03376840869951957
1,test,3622,2007-09-17,garch_1_1_t,innovation,0.1389738004829988,0.17004849934877603,True,0,converged,1123,2500,0.1570602424398586,-0.12234401192734078,0.07945424509110147
1,test,3623,2007-09-18,garch_1_1_t,innovation,0.0974983004750589,0.20473715871215548,True,0,converged,1124,2500,0.1878093726753103,-0.6555925264512258,0.08629953057577294
1,test,3624,2007-09-19,garch_1_1_t,innovation,0.0958480196329057,0.19902107858850596,True,0,converged,1125,2500,0.1888339150907417,-0.6781040644221533,0.052542869076916215
1,test,3625,2007-09-20,garch_1_1_t,innovation,0.0934037075537343,0.19426943470406635,True,0,converged,1126,2500,0.1858323403444033,-0.6879138313306181,0.04440116298597795
1,test,3626,2007-09-21,garch_1_1_t,innovation,0.1322292689558988,0.18776359696420414,True,0,converged,1127,2500,0.1860514185077498,-0.34148577712607303,0.009160629503881525
1,test,3627,2007-09-24,garch_1_1_t,innovation,0.133659994209257,0.1813369924314728,True,0,converged,1128,2500,0.1809930960713732,-0.30315966852777615,0.0018982495480049373
1,test,3628,2007-09-25,garch_1_1_t,innovation,0.1365156701611538,0.17517182584996896,True,0,converged,1129,2500,0.1780644266541386,-0.265706024548609,-0.016378078087919135
1,test,3629,2007-09-26,garch_1_1_t,innovation,0.1353863624786251,0.17046880124817199,True,0,converged,1130,2500,0.1607273813325273,-0.17157701095135675,0.058842649987873745
1,test,3630,2007-09-27,garch_1_1_t,innovation,0.1340240738075696,0.1663428510908748,True,0,converged,1131,2500,0.1466765622663733,-0.0902104668709948,0.12582112046737506
1,test,3631,2007-09-28,garch_1_1_t,innovation,0.1397636005702221,0.16122374677315834,True,0,converged,1132,2500,0.1468495509010476,-0.04945617140740263,0.09338453228727371
1,test,3632,2007-10-01,garch_1_1_t,innovation,0.1344958289062151,0.16274529608149801,True,0,converged,1133,2500,0.1481102029407403,-0.09642342442945215,0.09422976680516952
1,test,3633,2007-10-02,garch_1_1_t,innovation,0.1366645117709746,0.15718887313838148,True,0,converged,1134,2500,0.143835626058417,-0.051142058503068064,0.08877693404796541
1,test,3634,2007-10-03,garch_1_1_t,innovation,0.1413217757745262,0.15205258547188852,True,0,converged,1135,2500,0.1406700180180193,0.004622538183090905,0.07780956821208658
1,test,3635,2007-10-04,garch_1_1_t,innovation,0.164347273837728,0.14681531713305207,True,0,converged,1136,2500,0.1405423890975798,0.15647256739909982,0.043666305847658085
1,test,3636,2007-10-05,garch_1_1_t,innovation,0.158959590879991,0.15076938859368758,True,0,converged,1137,2500,0.1379812448374549,0.14153225556490218,0.08863367261129441
1,test,3637,2007-10-08,garch_1_1_t,innovation,0.1601357504275889,0.14730964383440565,True,0,converged,1138,2500,0.1391105087530695,0.1407532514197186,0.05726814776284897
1,test,3638,2007-10-09,garch_1_1_t,innovation,0.163675050538181,0.14972560874356208,True,0,converged,1139,2500,0.1369870298365459,0.17799681447820523,0.08891809526610212
1,test,3639,2007-10-10,garch_1_1_t,innovation,0.1909139967029252,0.14623244941163965,True,0,converged,1140,2500,0.1368095908031444,0.3332329366571994,0.06660736394682606
1,test,3640,2007-10-11,garch_1_1_t,innovation,0.1910024941793981,0.14297477773686906,True,0,converged,1141,2500,0.1356090744193956,0.34251019272801186,0.05289194147653027
1,test,3641,2007-10-12,garch_1_1_t,innovation,0.1962286056684306,0.1406623802014644,True,0,converged,1142,2500,0.1370155501820583,0.3591859106521598,0.02626812803671815
1,test,3642,2007-10-15,garch_1_1_t,innovation,0.197110126090534,0.14107600737040513,True,0,converged,1143,2500,0.1389738004829988,0.34947715860371303,0.015013374871235613
1,test,3643,2007-10-16,garch_1_1_t,innovation,0.222287258800299,0.1408655375760755,True,0,converged,1144,2500,0.0974983004750589,0.8241355571624356,0.36797085434069887
1,test,3644,2007-10-17,garch_1_1_t,innovation,0.222241127151394,0.13710846022931458,True,0,converged,1145,2500,0.0958480196329057,0.8409991425973717,0.35800848494902676
1,test,3645,2007-10-18,garch_1_1_t,innovation,0.2277810769459574,0.13377034218301198,True,0,converged,1146,2500,0.0934037075537343,0.8914539389612425,0.3591934254162977
1,test,3646,2007-10-19,garch_1_1_t,innovation,0.2075321951778742,0.16990457759557914,True,0,converged,1147,2500,0.1322292689558988,0.45074918314511436,0.25069966922281356
1,test,3647,2007-10-22,garch_1_1_t,innovation,0.2124231807836515,0.16619544158052593,True,0,converged,1148,2500,0.133659994209257,0.46328120205372464,0.21786523597339486
1,test,3648,2007-10-23,garch_1_1_t,innovation,0.2115938370870044,0.16428177591422066,True,0,converged,1149,2500,0.1365156701611538,0.43822916651084004,0.18514369156714092
1,test,3649,2007-10-24,garch_1_1_t,innovation,0.2238658098327208,0.15923578148460132,True,0,converged,1150,2500,0.1353863624786251,0.5029141739391166,0.16225337106601678
1,test,3650,2007-10-25,garch_1_1_t,innovation,0.2318371301476342,0.1546849403551526,True,0,converged,1151,2500,0.1340240738075696,0.5480156608102932,0.14337096633188526
1,test,3651,2007-10-26,garch_1_1_t,innovation,0.2414718493099754,0.15740210433428242,True,0,converged,1152,2500,0.1397636005702221,0.5468004722770324,0.1188512772179838
1,test,3652,2007-10-29,garch_1_1_t,innovation,0.244573198337281,0.15318051697614074,True,0,converged,1153,2500,0.1344958289062151,0.5979814571010321,0.13008388872292292
1,test,3653,2007-10-30,garch_1_1_t,innovation,0.2677560478580111,0.15133392797720877,True,0,converged,1154,2500,0.1366645117709746,0.672547193401269,0.10195973535385305
1,test,3654,2007-10-31,garch_1_1_t,innovation,0.2652339115241169,0.1526877348571974,True,0,converged,1155,2500,0.1413217757745262,0.6295727336057428,0.07735549913296016
1,test,3655,2007-11-01,garch_1_1_t,innovation,0.2540506010046655,0.17705688110024723,True,0,converged,1156,2500,0.164347273837728,0.4355517512991457,0.07448933066415406
1,test,3656,2007-11-02,garch_1_1_t,innovation,0.2551020004661069,0.1714363167155513,True,0,converged,1157,2500,0.158959590879991,0.47301344249593985,0.07556184202991816
1,test,3657,2007-11-05,garch_1_1_t,innovation,0.2556522936321045,0.16889043847762022,True,0,converged,1158,2500,0.1601357504275889,0.46779639756790903,0.05322831597409792
1,test,3658,2007-11-06,garch_1_1_t,innovation,0.2580255636032595,0.17263487865487487,True,0,converged,1159,2500,0.163675050538181,0.4551756006480701,0.053295773089769585
1,test,3659,2007-11-07,garch_1_1_t,innovation,0.2437800550896258,0.20264231430288623,True,0,converged,1160,2500,0.1909139967029252,0.24444335761026945,0.05961937879029371
1,test,3660,2007-11-08,garch_1_1_t,innovation,0.2431123185758105,0.1968443493830321,True,0,converged,1161,2500,0.1910024941793981,0.24123706642058326,0.03012682529388923
1,test,3661,2007-11-09,garch_1_1_t,innovation,0.2396829837194277,0.19926608872326973,True,0,converged,1162,2500,0.1962286056684306,0.200036813996392,0.015360725808304863
1,test,3662,2007-11-12,garch_1_1_t,innovation,0.2567776427725903,0.19688221315303148,True,0,converged,1163,2500,0.197110126090534,0.26444791893647607,-0.0011569410885608304
1,test,3663,2007-11-13,garch_1_1_t,innovation,0.2362024532220985,0.22808010511617133,True,0,converged,1164,2500,0.222287258800299,0.06071878592706925,0.025726401489161204
1,test,3664,2007-11-14,garch_1_1_t,innovation,0.2361125864043299,0.22011873082366054,True,0,converged,1165,2500,0.222241127151394,0.060545801534765444,-0.009595864432126006
1,test,3665,2007-11-15,garch_1_1_t,innovation,0.2348214309409445,0.22111902908816317,True,0,converged,1166,2500,0.2277810769459574,0.030440378117151567,-0.02968382915669942
1,test,3666,2007-11-16,garch_1_1_t,innovation,0.2402214575322125,0.21338188112112225,True,0,converged,1167,2500,0.2075321951778742,0.14627475247815103,0.027796944432447828
1,test,3667,2007-11-19,garch_1_1_t,innovation,0.235838189260463,0.21417192975416702,True,0,converged,1168,2500,0.2124231807836515,0.10456551032881123,0.008198681714719314
1,test,3668,2007-11-20,garch_1_1_t,innovation,0.2348411882170704,0.20830708806548745,True,0,converged,1169,2500,0.2115938370870044,0.10424091660864765,-0.0156551984154571
1,test,3669,2007-11-21,garch_1_1_t,innovation,0.2241907151640063,0.21912769815160685,True,0,converged,1170,2500,0.2238658098327208,0.0014502874977060255,-0.021392152633751577
1,test,3670,2007-11-23,garch_1_1_t,innovation,0.2216759424783678,0.22334235000217234,True,0,converged,1171,2500,0.2318371301476342,-0.04481850302618968,-0.037329303859513344
1,test,3671,2007-11-26,garch_1_1_t,innovation,0.2087056219176291,0.23514371861798206,True,0,converged,1172,2500,0.2414718493099754,-0.14582814877959882,-0.026556004494581238
1,test,3672,2007-11-27,garch_1_1_t,innovation,0.2048659697754855,0.23179046662776312,True,0,converged,1173,2500,0.244573198337281,-0.17715868447151006,-0.05368084132897523
1,test,3673,2007-11-28,garch_1_1_t,innovation,0.1774759985450863,0.2604031435306603,True,0,converged,1174,2500,0.2677560478580111,-0.41124091646955785,-0.027845314585861772
1,test,3674,2007-11-29,garch_1_1_t,innovation,0.1776952685015187,0.25075968572757945,True,0,converged,1175,2500,0.2652339115241169,-0.4005420131674365,-0.05611706852030887
1,test,3675,2007-11-30,garch_1_1_t,innovation,0.176094312752882,0.24533028857908554,True,0,converged,1176,2500,0.2540506010046655,-0.36651374430504,-0.034928044430676985
1,test,3676,2007-12-03,garch_1_1_t,innovation,0.1772906786998331,0.2380936353491324,True,0,converged,1177,2500,0.2551020004661069,-0.36387282891377304,-0.06899944487037891
1,test,3677,2007-12-04,garch_1_1_t,innovation,0.1744112595995169,0.23274528628138197,True,0,converged,1178,2500,0.2556522936321045,-0.38240222193757406,-0.09387362958208621
1,test,3678,2007-12-05,garch_1_1_t,innovation,0.1862909115401451,0.23509272592427705,True,0,converged,1179,2500,0.2580255636032595,-0.3257491713326633,-0.0930786490269604
1,test,3679,2007-12-06,garch_1_1_t,innovation,0.1793554409300131,0.2344681285427445,True,0,converged,1180,2500,0.2437800550896258,-0.3068968647514178,-0.03894673895684389
1,test,3680,2007-12-07,garch_1_1_t,innovation,0.1884348500224632,0.2262011779965514,True,0,converged,1181,2500,0.2431123185758105,-0.2547712289892446,-0.07209878147889243
1,test,3681,2007-12-10,garch_1_1_t,innovation,0.1900887013032038,0.2207400597817056,True,0,converged,1182,2500,0.2396829837194277,-0.23182633682935835,-0.08233133984522856
1,test,3682,2007-12-11,garch_1_1_t,innovation,0.1641088261097094,0.24298510900516926,True,0,converged,1183,2500,0.2567776427725903,-0.44768072557527255,-0.05521034552264508
1,test,3683,2007-12-12,garch_1_1_t,innovation,0.1629203617837629,0.23788431938778745,True,0,converged,1184,2500,0.2362024532220985,-0.3714277865164375,0.007095212600591765
1,test,3684,2007-12-13,garch_1_1_t,innovation,0.1652309790398051,0.22945945482439634,True,0,converged,1185,2500,0.2361125864043299,-0.35696438434307753,-0.02858240584222198
1,test,3685,2007-12-14,garch_1_1_t,innovation,0.1774613273324405,0.22781686790200828,True,0,converged,1186,2500,0.2348214309409445,-0.2800726459674668,-0.030283261709892866
1,test,3686,2007-12-17,garch_1_1_t,innovation,0.172721754434976,0.22786140817676315,True,0,converged,1187,2500,0.2402214575322125,-0.32987929375917846,-0.05282365233746851
1,test,3687,2007-12-18,garch_1_1_t,innovation,0.1952681326571788,0.22091971797374696,True,0,converged,1188,2500,0.235838189260463,-0.1887722778104769,-0.06534656270786841
1,test,3688,2007-12-19,garch_1_1_t,innovation,0.1986748921502966,0.2137269144910271,True,0,converged,1189,2500,0.2348411882170704,-0.16723970988969997,-0.09421039126789887
1,test,3689,2007-12-20,garch_1_1_t,innovation,0.2007096994466715,0.20823676873231253,True,0,converged,1190,2500,0.2241907151640063,-0.11063751387629345,-0.0738213530664942
1,test,3690,2007-12-21,garch_1_1_t,innovation,0.2116633997857643,0.20991829869087125,True,0,converged,1191,2500,0.2216759424783678,-0.04621932085683565,-0.054498195715918345
1,test,3691,2007-12-24,garch_1_1_t,innovation,0.2121372027797177,0.20504321891167357,True,0,converged,1192,2500,0.2087056219176291,0.0163084967482126,-0.017703970636897683
1,test,3692,2007-12-26,garch_1_1_t,innovation,0.2182025045016677,0.19827458139067403,True,0,converged,1193,2500,0.2048659697754855,0.06306759200173832,-0.032703114629896654
1,test,3693,2007-12-27,garch_1_1_t,innovation,0.221326101050154,0.19886011135636503,True,0,converged,1194,2500,0.1774759985450863,0.22080180398804072,0.11376623921725376
1,test,3694,2007-12-28,garch_1_1_t,innovation,0.2218415095218737,0.19251877071720322,True,0,converged,1195,2500,0.1776952685015187,0.22189309735849036,0.08012355071512105
1,test,3695,2007-12-31,garch_1_1_t,innovation,0.2218233985248882,0.18864985269584264,True,0,converged,1196,2500,0.176094312752882,0.23086184372608923,0.06887294615063645
1,test,3696,2008-01-02,garch_1_1_t,innovation,0.2287920535667104,0.18603367386338868,True,0,converged,1197,2500,0.1772906786998331,0.2550228898946638,0.048137061510189746
1,test,3697,2008-01-03,garch_1_1_t,innovation,0.2356950364745956,0.17975492914267505,True,0,converged,1198,2500,0.1744112595995169,0.3011226797488798,0.030178347122869216
1,test,3698,2008-01-04,garch_1_1_t,innovation,0.2232122425768277,0.20235881855690102,True,0,converged,1199,2500,0.1862909115401451,0.18081358684349083,0.0827329586693629
1,test,3699,2008-01-07,garch_1_1_t,innovation,0.2430941666554193,0.1956555010086921,True,0,converged,1200,2500,0.1793554409300131,0.30407934491852473,0.08698592438305768
1,test,3700,2008-01-08,garch_1_1_t,innovation,0.237862384761668,0.20090191512419475,True,0,converged,1201,2500,0.1884348500224632,0.23293996722985286,0.06406448057558299
1,test,3701,2008-01-09,garch_1_1_t,innovation,0.2361112816256438,0.1989663910854981,True,0,converged,1202,2500,0.1900887013032038,0.21681241401659102,0.045645109258895505
1,test,3702,2008-01-10,garch_1_1_t,innovation,0.2360798125235477,0.1941718057743507,True,0,converged,1203,2500,0.1641088261097094,0.36364015491569746,0.16821358233275505
1,test,3703,2008-01-11,garch_1_1_t,innovation,0.2350192271111659,0.19069884292678005,True,0,converged,1204,2500,0.1629203617837629,0.36640582489170337,0.15743394168296992
1,test,3704,2008-01-14,garch_1_1_t,innovation,0.235572482687251,0.18737864600650425,True,0,converged,1205,2500,0.1652309790398051,0.3546742802523529,0.12578704661330906
1,test,3705,2008-01-15,garch_1_1_t,innovation,0.2248439546424742,0.20350147203137478,True,0,converged,1206,2500,0.1774613273324405,0.23665391568147773,0.13692052743188807
1,test,3706,2008-01-16,garch_1_1_t,innovation,0.2249367964507172,0.1998945756305928,True,0,converged,1207,2500,0.172721754434976,0.26413751424205684,0.14610816188565973
1,test,3707,2008-01-17,garch_1_1_t,innovation,0.2047188036252166,0.2220702443920606,True,0,converged,1208,2500,0.1952681326571788,0.04726369454736019,0.12862009467313565
1,test,3708,2008-01-18,garch_1_1_t,innovation,0.2016608435787426,0.21869834759238496,True,0,converged,1209,2500,0.1986748921502966,0.014917513148462319,0.09602359108257189
1,test,3709,2008-01-22,garch_1_1_t,innovation,0.1986600275387072,0.2155201636579903,True,0,converged,1210,2500,0.2007096994466715,-0.010264623310082132,0.0711948893055327
1,test,3710,2008-01-23,garch_1_1_t,innovation,0.1823309563840551,0.2305558241114628,True,0,converged,1211,2500,0.2116633997857643,-0.14917379863846317,0.08549574412623157
1,test,3711,2008-01-24,garch_1_1_t,innovation,0.1811875295762923,0.2252963598980273,True,0,converged,1212,2500,0.2121372027797177,-0.157700678344961,0.06018344235628598
1,test,3712,2008-01-25,garch_1_1_t,innovation,0.1792739984197318,0.22587912646237848,True,0,converged,1213,2500,0.2182025045016677,-0.19650819842690537,0.034576466190454104
1,test,3713,2008-01-28,garch_1_1_t,innovation,0.1716199081921659,0.2286134156110605,True,0,converged,1214,2500,0.221326101050154,-0.2543549888657409,0.03239525130516799
1,test,3714,2008-01-29,garch_1_1_t,innovation,0.170758771692394,0.22171464837219754,True,0,converged,1215,2500,0.2218415095218737,-0.261711337153851,-0.0005720184507757185
1,test,3715,2008-01-30,garch_1_1_t,innovation,0.1722944356560529,0.21631700732359607,True,0,converged,1216,2500,0.2218233985248882,-0.2526767146492686,-0.025136604881316426
1,test,3716,2008-01-31,garch_1_1_t,innovation,0.1788012144453822,0.2221415389503443,True,0,converged,1217,2500,0.2287920535667104,-0.24653887307131245,-0.02949878643295668
1,test,3717,2008-02-01,garch_1_1_t,innovation,0.1698023204859772,0.22461697972755926,True,0,converged,1218,2500,0.2356950364745956,-0.3279038112845407,-0.048142111761183194
1,test,3718,2008-02-04,garch_1_1_t,innovation,0.1642818878977399,0.2232964882254258,True,0,converged,1219,2500,0.2232122425768277,-0.3065392982840339,0.0003773527538707407
1,test,3719,2008-02-05,garch_1_1_t,innovation,0.1349371158095038,0.24387177630486026,True,0,converged,1220,2500,0.2430941666554193,-0.5886400242783705,0.003193694843058868
1,test,3720,2008-02-06,garch_1_1_t,innovation,0.1513156876097376,0.23773130937738463,True,0,converged,1221,2500,0.237862384761668,-0.45232399027647685,-0.0005512074243934727
1,test,3721,2008-02-07,garch_1_1_t,innovation,0.1539470777657219,0.23105776407778653,True,0,converged,1222,2500,0.2361112816256438,-0.4276943337210332,-0.02163548599666827
1,test,3722,2008-02-08,garch_1_1_t,innovation,0.1593611339407201,0.2246513825159626,True,0,converged,1223,2500,0.2360798125235477,-0.39299702710897527,-0.049620146926167404
1,test,3723,2008-02-11,garch_1_1_t,innovation,0.2019304657201146,0.21796406095544243,True,0,converged,1224,2500,0.2350192271111659,-0.15174391925919142,-0.07533713709565619
1,test,3724,2008-02-12,garch_1_1_t,innovation,0.2020275391582478,0.2140084178951032,True,0,converged,1225,2500,0.235572482687251,-0.15361462763739211,-0.09600329800610499
1,test,3725,2008-02-13,garch_1_1_t,innovation,0.1989295562150768,0.21106862558241746,True,0,converged,1226,2500,0.2248439546424742,-0.12245585348880446,-0.06322330635129778
1,test,3726,2008-02-14,garch_1_1_t,innovation,0.2041117418016746,0.2071148010615943,True,0,converged,1227,2500,0.2249367964507172,-0.09715186026826682,-0.08254622404470525
1,test,3727,2008-02-15,garch_1_1_t,innovation,0.2072709060727405,0.20002708118473123,True,0,converged,1228,2500,0.2047188036252166,0.012389314742435422,-0.023184584572776657
1,test,3728,2008-02-19,garch_1_1_t,innovation,0.2524619536243166,0.19352298798675002,True,0,converged,1229,2500,0.2016608435787426,0.2246732645169648,-0.04119098775101665
1,test,3729,2008-02-20,garch_1_1_t,innovation,0.2674968925696081,0.18736555033042113,True,0,converged,1230,2500,0.1986600275387072,0.29751299029687,-0.05853343611746633
1,test,3730,2008-02-21,garch_1_1_t,innovation,0.2737167716919636,0.18445594728516315,True,0,converged,1231,2500,0.1823309563840551,0.40627041443215234,0.01158718948483498
1,test,3731,2008-02-22,garch_1_1_t,innovation,0.2817463248400672,0.18013139122414346,True,0,converged,1232,2500,0.1811875295762923,0.4414745388712167,-0.005846034067075961
1,test,3732,2008-02-25,garch_1_1_t,innovation,0.278234716419351,0.18188170977297508,True,0,converged,1233,2500,0.1792739984197318,0.43954970821785033,0.014441176552129622
1,test,3733,2008-02-26,garch_1_1_t,innovation,0.2803940864271015,0.17862946361398893,True,0,converged,1234,2500,0.1716199081921659,0.49091386973259177,0.040031429249041746
1,test,3734,2008-02-27,garch_1_1_t,innovation,0.2805951764460677,0.1727261980256588,True,0,converged,1235,2500,0.170758771692394,0.4966611086955156,0.011455801697310272
1,test,3735,2008-02-28,garch_1_1_t,innovation,0.2805056865227568,0.17213457667485904,True,0,converged,1236,2500,0.1722944356560529,0.4873891490625268,-0.000928255094369991
1,test,3736,2008-02-29,garch_1_1_t,innovation,0.2691436253268619,0.1916178753669897,True,0,converged,1237,2500,0.1788012144453822,0.40897050534730517,0.06922850150337012
1,test,3737,2008-03-03,garch_1_1_t,innovation,0.2956542938677864,0.185484738834262,True,0,converged,1238,2500,0.1698023204859772,0.5545559058654784,0.08833766844882426
1,test,3738,2008-03-04,garch_1_1_t,innovation,0.2953511321007024,0.18006141849798069,True,0,converged,1239,2500,0.1642818878977399,0.5865811458541674,0.09171422559415827
1,test,3739,2008-03-05,garch_1_1_t,innovation,0.2946360320319141,0.1761299376573294,True,0,converged,1240,2500,0.1349371158095038,0.7809319437750256,0.26641314368855923
1,test,3740,2008-03-06,garch_1_1_t,innovation,0.2851553024459787,0.19142307887333895,True,0,converged,1241,2500,0.1513156876097376,0.6336656518393115,0.23511775014833775
1,test,3741,2008-03-07,garch_1_1_t,innovation,0.2827825862163427,0.190006675336042,True,0,converged,1242,2500,0.1539470777657219,0.6080694633250396,0.21045031241071296
1,test,3742,2008-03-10,garch_1_1_t,innovation,0.2788550045406519,0.19177439194294962,True,0,converged,1243,2500,0.1593611339407201,0.5595190403423296,0.18514672975804894
1,test,3743,2008-03-11,garch_1_1_t,innovation,0.2504341191240112,0.23638416627469308,True,0,converged,1244,2500,0.2019304657201146,0.21527247939365057,0.15753489572291196
1,test,3744,2008-03-12,garch_1_1_t,innovation,0.2482531697126871,0.23154001630201487,True,0,converged,1245,2500,0.2020275391582478,0.20604505049676367,0.13634869460913335
1,test,3745,2008-03-13,garch_1_1_t,innovation,0.2576984787646168,0.2238580746569165,True,0,converged,1246,2500,0.1989295562150768,0.2588394413289395,0.11806148258042015
1,test,3746,2008-03-14,garch_1_1_t,innovation,0.2519511634821765,0.22573333453482025,True,0,converged,1247,2500,0.2041117418016746,0.21056767521339112,0.10068676910189545
1,test,3747,2008-03-17,garch_1_1_t,innovation,0.2494945373198697,0.22210265960013836,True,0,converged,1248,2500,0.2072709060727405,0.1854103578219945,0.06911304299508973
1,test,3748,2008-03-18,garch_1_1_t,innovation,0.2244477787278314,0.27377469878705984,True,0,converged,1249,2500,0.2524619536243166,-0.11761748997991196,0.08104494229379318
1,test,3749,2008-03-19,garch_1_1_t,innovation,0.2060989479744897,0.2845876377494217,True,0,converged,1250,2500,0.2674968925696081,-0.2607515662650587,0.0619332977235246
1,test,3750,2008-03-20,garch_1_1_t,innovation,0.1989719615242978,0.2851791321957152,True,0,converged,1251,2500,0.2737167716919636,-0.31892997388138916,0.04102362502776529
1,test,3751,2008-03-24,garch_1_1_t,innovation,0.1861669551054412,0.2873542759407805,True,0,converged,1252,2500,0.2817463248400672,-0.4143632295911779,0.01970875665541523
1,test,3752,2008-03-25,garch_1_1_t,innovation,0.1867932560457549,0.2769455879368979,True,0,converged,1253,2500,0.278234716419351,-0.3984626385292752,-0.0046440076825583375
1,test,3753,2008-03-26,garch_1_1_t,innovation,0.1816976697802982,0.271954089933181,True,0,converged,1254,2500,0.2803940864271015,-0.43385191438750714,-0.03056280012358084
1,test,3754,2008-03-27,garch_1_1_t,innovation,0.1820065434350399,0.2627477540537099,True,0,converged,1255,2500,0.2805951764460677,-0.43287033800801433,-0.06571851550283261
1,test,3755,2008-03-28,garch_1_1_t,innovation,0.1817465026758969,0.2568442992678855,True,0,converged,1256,2500,0.2805056865227568,-0.433981123835677,-0.08812393568987346
1,test,3756,2008-03-31,garch_1_1_t,innovation,0.1813250967928403,0.24824074932715084,True,0,converged,1257,2500,0.2691436253268619,-0.394953625205865,-0.08084612156894672
1,test,3757,2008-04-01,garch_1_1_t,innovation,0.1342745338871727,0.27970067397143056,True,0,converged,1258,2500,0.2956542938677864,-0.78930438118894,-0.05547083581692806
1,test,3758,2008-04-02,garch_1_1_t,innovation,0.1358852846988414,0.26972863274432946,True,0,converged,1259,2500,0.2953511321007024,-0.7763538918950433,-0.09074853715459937
1,test,3759,2008-04-03,garch_1_1_t,innovation,0.1538485357072536,0.2605053973275869,True,0,converged,1260,2500,0.2946360320319141,-0.6497722208144876,-0.12311722478573223
1,test,3760,2008-04-04,garch_1_1_t,innovation,0.1541110876586294,0.2515472532631857,True,0,converged,1261,2500,0.2851553024459787,-0.6153602619167184,-0.125403095086482
1,test,3761,2008-04-07,garch_1_1_t,innovation,0.1550462098409093,0.24313152666124088,True,0,converged,1262,2500,0.2827825862163427,-0.6009551553114508,-0.15107579691370734
1,test,3762,2008-04-08,garch_1_1_t,innovation,0.1579987126514057,0.23474765313186527,True,0,converged,1263,2500,0.2788550045406519,-0.5681050645273099,-0.17218082901511927
1,test,3763,2008-04-09,garch_1_1_t,innovation,0.1684298390162545,0.22870566605964102,True,0,converged,1264,2500,0.2504341191240112,-0.3966766110064472,-0.09076001262928433
1,test,3764,2008-04-10,garch_1_1_t,innovation,0.1686063466788671,0.22105441060454917,True,0,converged,1265,2500,0.2482531697126871,-0.3868823828032053,-0.11604019802652074
1,test,3765,2008-04-11,garch_1_1_t,innovation,0.1537271134688514,0.22870272870657746,True,0,converged,1266,2500,0.2576984787646168,-0.5166111743962173,-0.11936718217818927
1,test,3766,2008-04-14,garch_1_1_t,innovation,0.158302478523953,0.22129605595792343,True,0,converged,1267,2500,0.2519511634821765,-0.4647276491288346,-0.12973384827804504
1,test,3767,2008-04-15,garch_1_1_t,innovation,0.158087162750273,0.2139701940334562,True,0,converged,1268,2500,0.2494945373198697,-0.45629047654904653,-0.15360029533837788
1,test,3768,2008-04-16,garch_1_1_t,innovation,0.126651810268802,0.23486748611150665,True,0,converged,1269,2500,0.2244477787278314,-0.5722013988446871,0.04537839754507597
1,test,3769,2008-04-17,garch_1_1_t,innovation,0.1340106676461463,0.22695727267735097,True,0,converged,1270,2500,0.2060989479744897,-0.4304369773594586,0.09640539023236681
1,test,3770,2008-04-18,garch_1_1_t,innovation,0.1288872843924445,0.2235640120245404,True,0,converged,1271,2500,0.1989719615242978,-0.4342256599273762,0.1165338623807567
1,test,3771,2008-04-21,garch_1_1_t,innovation,0.1292386494604465,0.21595440814212138,True,0,converged,1272,2500,0.1861669551054412,-0.3649831881533037,0.14842343279120007
1,test,3772,2008-04-22,garch_1_1_t,innovation,0.1315013794940606,0.20948346098455176,True,0,converged,1273,2500,0.1867932560457549,-0.3509850805923197,0.11464236846047585
1,test,3773,2008-04-23,garch_1_1_t,innovation,0.144662634506539,0.20250115431868826,True,0,converged,1274,2500,0.1816976697802982,-0.22793977780633023,0.10840143609397171
1,test,3774,2008-04-24,garch_1_1_t,innovation,0.1438383695773432,0.19652214280609992,True,0,converged,1275,2500,0.1820065434350399,-0.2353524036851915,0.07673247162656979
1,test,3775,2008-04-25,garch_1_1_t,innovation,0.1480368442215797,0.19379010422686288,True,0,converged,1276,2500,0.1817465026758969,-0.20515168350503724,0.06416276264209
1,test,3776,2008-04-28,garch_1_1_t,innovation,0.1503369863898092,0.187228273278978,True,0,converged,1277,2500,0.1813250967928403,-0.1874121848080932,0.032037050054498015
1,test,3777,2008-04-29,garch_1_1_t,innovation,0.1505724719150374,0.1816468270254986,True,0,converged,1278,2500,0.1342745338871727,0.1145580447934301,0.3021778265418801
1,test,3778,2008-04-30,garch_1_1_t,innovation,0.15016013704386,0.17727804548186632,True,0,converged,1279,2500,0.1358852846988414,0.0998912699974444,0.2659083435309139
1,test,3779,2008-05-01,garch_1_1_t,innovation,0.1316976695578037,0.19175513507473188,True,0,converged,1280,2500,0.1538485357072536,-0.1554596705463891,0.22025063588169172
1,test,3780,2008-05-02,garch_1_1_t,innovation,0.1364074907513733,0.1856820051587189,True,0,converged,1281,2500,0.1541110876586294,-0.12202702936604418,0.18636187011046543
1,test,3781,2008-05-05,garch_1_1_t,innovation,0.1369144693359993,0.18073466007405153,True,0,converged,1282,2500,0.1550462098409093,-0.12436678104525,0.15330678875022294
1,test,3782,2008-05-06,garch_1_1_t,innovation,0.1334592631722555,0.1783611412637073,True,0,converged,1283,2500,0.1579987126514057,-0.16879059872080887,0.12122349317371028
1,test,3783,2008-05-07,garch_1_1_t,innovation,0.1366796317990364,0.18795840502717098,True,0,converged,1284,2500,0.1684298390162545,-0.20887954406673637,0.10970141107549035
1,test,3784,2008-05-08,garch_1_1_t,innovation,0.1784231674474388,0.1820930437323309,True,0,converged,1285,2500,0.1686063466788671,0.05659138581914645,0.0769510974732291
1,test,3785,2008-05-09,garch_1_1_t,innovation,0.1785062358582058,0.17619307297605252,True,0,converged,1286,2500,0.1537271134688514,0.14944449526994863,0.13640135919360818
1,test,3786,2008-05-12,garch_1_1_t,innovation,0.1749476202984518,0.17653435742383827,True,0,converged,1287,2500,0.158302478523953,0.0999789926441623,0.1090078931586454
1,test,3787,2008-05-13,garch_1_1_t,innovation,0.1826868968335944,0.17084379060707028,True,0,converged,1288,2500,0.158087162750273,0.14462719734340038,0.0776030898873767
1,test,3788,2008-05-14,garch_1_1_t,innovation,0.1830379657851303,0.16562499275805603,True,0,converged,1289,2500,0.126651810268802,0.3682519248085487,0.2682844831934815
1,test,3789,2008-05-15,garch_1_1_t,innovation,0.1831589623967311,0.1686363693301089,True,0,converged,1290,2500,0.1340106676461463,0.31243501668078627,0.22982532992475477
1,test,3790,2008-05-16,garch_1_1_t,innovation,0.1831422159026943,0.1631058242205757,True,0,converged,1291,2500,0.1288872843924445,0.3513247291004353,0.23546096048890514
1,test,3791,2008-05-19,garch_1_1_t,innovation,0.1836964459186011,0.15812947233267113,True,0,converged,1292,2500,0.1292386494604465,0.3516239537853613,0.2017534515641593
1,test,3792,2008-05-20,garch_1_1_t,innovation,0.184703261217629,0.15674522746934122,True,0,converged,1293,2500,0.1315013794940606,0.3397332018734965,0.1756043902710298
1,test,3793,2008-05-21,garch_1_1_t,innovation,0.1745529304053588,0.1677980289190378,True,0,converged,1294,2500,0.144662634506539,0.18782364878438096,0.14835667438603442
1,test,3794,2008-05-22,garch_1_1_t,innovation,0.1839624245414149,0.1624127465177094,True,0,converged,1295,2500,0.1438383695773432,0.24604128662045166,0.1214506773719721
1,test,3795,2008-05-23,garch_1_1_t,innovation,0.1776513443995131,0.16712070658736153,True,0,converged,1296,2500,0.1480368442215797,0.1823616998999889,0.12125515503836803
1,test,3796,2008-05-27,garch_1_1_t,innovation,0.1758478459428696,0.1647421153004373,True,0,converged,1297,2500,0.1503369863898092,0.15673975919435057,0.09150196341659886
1,test,3797,2008-05-28,garch_1_1_t,innovation,0.1758845811898993,0.16072347508279294,True,0,converged,1298,2500,0.1505724719150374,0.15538348197194607,0.06524083299253394
1,test,3798,2008-05-29,garch_1_1_t,innovation,0.2004309991350794,0.15701165761665492,True,0,converged,1299,2500,0.15016013704386,0.28876773862073407,0.044617749997046985
1,test,3799,2008-05-30,garch_1_1_t,innovation,0.2011754684004352,0.15240519379370654,True,0,converged,1300,2500,0.1316976695578037,0.4236685908413043,0.1460338091715747
1,test,3800,2008-06-02,garch_1_1_t,innovation,0.1981644552349003,0.15390345265968206,True,0,converged,1301,2500,0.1364074907513733,0.373450606513123,0.12067881359555455
1,test,3801,2008-06-03,garch_1_1_t,innovation,0.1973851083963646,0.15111191363880852,True,0,converged,1302,2500,0.1369144693359993,0.36580026598364074,0.09866429277629252
1,test,3802,2008-06-04,garch_1_1_t,innovation,0.2066937284863795,0.1464484569842142,True,0,converged,1303,2500,0.1334592631722555,0.43744183859045427,0.09287725059427696
1,test,3803,2008-06-05,garch_1_1_t,innovation,0.1944126540028225,0.16416780714101695,True,0,converged,1304,2500,0.1366796317990364,0.35234324916212967,0.18324938561889434
1,test,3804,2008-06-06,garch_1_1_t,innovation,0.1608926858206603,0.20781279771237815,True,0,converged,1305,2500,0.1784231674474388,-0.1034204790430345,0.15247958936200773
1,test,3805,2008-06-09,garch_1_1_t,innovation,0.1723834086684236,0.20081702167075582,True,0,converged,1306,2500,0.1785062358582058,-0.034902419213014874,0.11777061811218154
1,test,3806,2008-06-10,garch_1_1_t,innovation,0.1848375955681245,0.1951188431921356,True,0,converged,1307,2500,0.1749476202984518,0.05499096119779657,0.10912220865021008
1,test,3807,2008-06-11,garch_1_1_t,innovation,0.1777817899136178,0.1983688338964645,True,0,converged,1308,2500,0.1826868968335944,-0.027216842335604872,0.08235435405918423
1,test,3808,2008-06-12,garch_1_1_t,innovation,0.1820857782844736,0.19231708952077636,True,0,converged,1309,2500,0.1830379657851303,-0.005215709329785027,0.049451923078304406
1,test,3809,2008-06-13,garch_1_1_t,innovation,0.1794596993088847,0.1930306631026717,True,0,converged,1310,2500,0.1831589623967311,-0.020403756426931416,0.05249462970240318
1,test,3810,2008-06-16,garch_1_1_t,innovation,0.1863891835331663,0.186680326495478,True,0,converged,1311,2500,0.1831422159026943,0.017573885204409934,0.019134682930246897
1,test,3811,2008-06-17,garch_1_1_t,innovation,0.2045817224656116,0.18175915937206105,True,0,converged,1312,2500,0.1836964459186011,0.10768287168465457,-0.010602134241340723
1,test,3812,2008-06-18,garch_1_1_t,innovation,0.2046848034212771,0.1803736346690419,True,0,converged,1313,2500,0.184703261217629,0.10272070773231161,-0.0237200962224356
1,test,3813,2008-06-19,garch_1_1_t,innovation,0.2058194207055281,0.1747516945580738,True,0,converged,1314,2500,0.1745529304053588,0.16477116408193884,0.0011380563551863245
1,test,3814,2008-06-20,garch_1_1_t,innovation,0.1974634467477082,0.1816041977967557,True,0,converged,1315,2500,0.1839624245414149,0.07082196514782117,-0.012901940784611144
1,test,3815,2008-06-23,garch_1_1_t,innovation,0.2014517868856105,0.17599027769173853,True,0,converged,1316,2500,0.1776513443995131,0.12572719159276458,-0.009394137000441167
1,test,3816,2008-06-24,garch_1_1_t,innovation,0.202239195458588,0.17067852895288033,True,0,converged,1317,2500,0.1758478459428696,0.13983202335465097,-0.029837269904888372
1,test,3817,2008-06-25,garch_1_1_t,innovation,0.2148543107502939,0.16649829892332868,True,0,converged,1318,2500,0.1758845811898993,0.2001321827982941,-0.0548428985293336
1,test,3818,2008-06-26,garch_1_1_t,innovation,0.1913354855787313,0.1953216770054715,True,0,converged,1319,2500,0.2004309991350794,-0.04644168729329029,-0.025822218455893994
1,test,3819,2008-06-27,garch_1_1_t,innovation,0.1974366570347687,0.1903277328990364,True,0,converged,1320,2500,0.2011754684004352,-0.01875969532907659,-0.055430008146086986
1,test,3820,2008-06-30,garch_1_1_t,innovation,0.2108293407916676,0.18497329591600942,True,0,converged,1321,2500,0.1981644552349003,0.06195172685110737,-0.06888579968720303
1,test,3821,2008-07-01,garch_1_1_t,innovation,0.2196728104813039,0.17960791507299348,True,0,converged,1322,2500,0.1973851083963646,0.10698252881824709,-0.0943804599728355
1,test,3822,2008-07-02,garch_1_1_t,innovation,0.2161602035835137,0.18726399418552928,True,0,converged,1323,2500,0.2066937284863795,0.044781690942563304,-0.09871877017949332
1,test,3823,2008-07-03,garch_1_1_t,innovation,0.2169452478643319,0.18142262124983077,True,0,converged,1324,2500,0.1944126540028225,0.10966202519965719,-0.0691537489162793
1,test,3824,2008-07-07,garch_1_1_t,innovation,0.216405629187019,0.18044880024112775,True,0,converged,1325,2500,0.1608926858206603,0.2964169644679908,0.11470948731636786
1,test,3825,2008-07-08,garch_1_1_t,innovation,0.2276997967460907,0.18839856802891716,True,0,converged,1326,2500,0.1723834086684236,0.27830696425391793,0.08883864524127034
1,test,3826,2008-07-09,garch_1_1_t,innovation,0.2175589781851993,0.19823854837829677,True,0,converged,1327,2500,0.1848375955681245,0.1629924001022045,0.06999351756900858
1,test,3827,2008-07-10,garch_1_1_t,innovation,0.2235153419710295,0.19264330101198082,True,0,converged,1328,2500,0.1777817899136178,0.22892315696230692,0.08028339872444248
1,test,3828,2008-07-11,garch_1_1_t,innovation,0.2291268893948758,0.1924327671744365,True,0,converged,1329,2500,0.1820857782844736,0.22979806695652882,0.055268945989538396
1,test,3829,2008-07-14,garch_1_1_t,innovation,0.2297765577361792,0.18979772261967076,True,0,converged,1330,2500,0.1794596993088847,0.24715668228349602,0.05600822092550761
1,test,3830,2008-07-15,garch_1_1_t,innovation,0.2272363797596394,0.19284474502237978,True,0,converged,1331,2500,0.1863891835331663,0.19815392389807854,0.034048562929405425
1,test,3831,2008-07-16,garch_1_1_t,innovation,0.2113936496741599,0.2105460492361896,True,0,converged,1332,2500,0.2045817224656116,0.03275451708620651,0.028736873900299068
1,test,3832,2008-07-17,garch_1_1_t,innovation,0.2101206523383393,0.20748638953477166,True,0,converged,1333,2500,0.2046848034212771,0.026210649062196188,0.013594493298220994
1,test,3833,2008-07-18,garch_1_1_t,innovation,0.2096694566162461,0.20221375800809377,True,0,converged,1334,2500,0.2058194207055281,0.018533088704000986,-0.01767383998086352
1,test,3834,2008-07-21,garch_1_1_t,innovation,0.2152814106351965,0.19567741104728395,True,0,converged,1335,2500,0.1974634467477082,0.08639257150418776,-0.009086046145342967
1,test,3835,2008-07-22,garch_1_1_t,innovation,0.215075602852021,0.19473257245355546,True,0,converged,1336,2500,0.2014517868856105,0.06543952577088442,-0.03392288773068691
1,test,3836,2008-07-23,garch_1_1_t,innovation,0.2148512278193462,0.18980240571597826,True,0,converged,1337,2500,0.202239195458588,0.06049469218056416,-0.06346757169816504
1,test,3837,2008-07-24,garch_1_1_t,innovation,0.201635079809457,0.20190525143662835,True,0,converged,1338,2500,0.2148543107502939,-0.0635006459681238,-0.06216163895138331
1,test,3838,2008-07-25,garch_1_1_t,innovation,0.2079876823514044,0.19540383724949761,True,0,converged,1339,2500,0.1913354855787313,0.08345050222585598,0.021040021077982363
1,test,3839,2008-07-28,garch_1_1_t,innovation,0.2140133238155022,0.19819898499832314,True,0,converged,1340,2500,0.1974366570347687,0.08062046488014456,0.0038536917608196983
1,test,3840,2008-07-29,garch_1_1_t,innovation,0.2007094523545795,0.20967806194149652,True,0,converged,1341,2500,0.2108293407916676,-0.04919064317084538,-0.005475678759795361
1,test,3841,2008-07-30,garch_1_1_t,innovation,0.193743618631243,0.21489827211332985,True,0,converged,1342,2500,0.2196728104813039,-0.12560348265618654,-0.02197445105620501
1,test,3842,2008-07-31,garch_1_1_t,innovation,0.192701703764015,0.21464799911156873,True,0,converged,1343,2500,0.2161602035835137,-0.1148763991126902,-0.007020343035516535
1,test,3843,2008-08-01,garch_1_1_t,innovation,0.1955850364439501,0.20864346434639264,True,0,converged,1344,2500,0.2169452478643319,-0.10364975383809524,-0.039018124693262504
1,test,3844,2008-08-04,garch_1_1_t,innovation,0.1940329058157356,0.20523077963149908,True,0,converged,1345,2500,0.216405629187019,-0.10912679722624029,-0.053019459260817844
1,test,3845,2008-08-05,garch_1_1_t,innovation,0.169525816870436,0.22601141772866246,True,0,converged,1346,2500,0.2276997967460907,-0.2950228532880575,-0.007442561510823731
1,test,3846,2008-08-06,garch_1_1_t,innovation,0.2006623436543214,0.21912648035534432,True,0,converged,1347,2500,0.2175589781851993,-0.08084636468252686,0.007179121135708045
1,test,3847,2008-08-07,garch_1_1_t,innovation,0.1937855360442083,0.22029417885261504,True,0,converged,1348,2500,0.2235153419710295,-0.14272799260676458,-0.014516226132699882
1,test,3848,2008-08-08,garch_1_1_t,innovation,0.1963384490659887,0.22582222763433124,True,0,converged,1349,2500,0.2291268893948758,-0.15443600125006576,-0.014527865907757218
1,test,3849,2008-08-11,garch_1_1_t,innovation,0.2205767840746995,0.2219377448060794,True,0,converged,1350,2500,0.2297765577361792,-0.040861487253149295,-0.03471043487588315
1,test,3850,2008-08-12,garch_1_1_t,innovation,0.2179040343316263,0.21893535255739419,True,0,converged,1351,2500,0.2272363797596394,-0.04193603982982454,-0.03721430377393832
1,test,3851,2008-08-13,garch_1_1_t,innovation,0.2227581220686679,0.21322857740778053,True,0,converged,1352,2500,0.2113936496741599,0.052364494795589155,0.008642690082636096
1,test,3852,2008-08-14,garch_1_1_t,innovation,0.2217593820478788,0.2085118235656089,True,0,converged,1353,2500,0.2101206523383393,0.053911028737093414,-0.007686153300172958
1,test,3853,2008-08-15,garch_1_1_t,innovation,0.2807684475279035,0.20268902371107128,True,0,converged,1354,2500,0.2096694566162461,0.291998024944897,-0.03385937296185344
1,test,3854,2008-08-18,garch_1_1_t,innovation,0.2826901908513125,0.204274994544951,True,0,converged,1355,2500,0.2152814106351965,0.2724055070547941,-0.05247896039121958
1,test,3855,2008-08-19,garch_1_1_t,innovation,0.3241395592487155,0.20269398372200456,True,0,converged,1356,2500,0.215075602852021,0.410184553984541,-0.0592922351716328
1,test,3856,2008-08-20,garch_1_1_t,innovation,0.3399530410977694,0.19728659074467883,True,0,converged,1357,2500,0.2148512278193462,0.45886166867382344,-0.08528837804819735
1,test,3857,2008-08-21,garch_1_1_t,innovation,0.3669347786783661,0.19163554198794722,True,0,converged,1358,2500,0.201635079809457,0.5987245894374773,-0.05086417873659116
1,test,3858,2008-08-22,garch_1_1_t,innovation,0.3723518627182723,0.1942521868095126,True,0,converged,1359,2500,0.2079876823514044,0.5823604162612032,-0.06832161159235652
1,test,3859,2008-08-25,garch_1_1_t,innovation,0.3742024147460773,0.20482204605422544,True,0,converged,1360,2500,0.2140133238155022,0.558758593004801,-0.043896739782825954
1,test,3860,2008-08-26,garch_1_1_t,innovation,0.3742323974576735,0.1987155094860479,True,0,converged,1361,2500,0.2007094523545795,0.6230186363854664,-0.009984150328890757
1,test,3861,2008-08-27,garch_1_1_t,innovation,0.3766992013027712,0.19657737293313118,True,0,converged,1362,2500,0.193743618631243,0.6649112628540185,0.014520377598658603
1,test,3862,2008-08-28,garch_1_1_t,innovation,0.3742649810694364,0.19624963642050575,True,0,converged,1363,2500,0.192701703764015,0.6638206351588491,0.01824408710905728
1,test,3863,2008-08-29,garch_1_1_t,innovation,0.4717033277030371,0.19479351152103738,True,0,converged,1364,2500,0.1955850364439501,0.880354991090971,-0.00405517163644914
1,test,3864,2008-09-02,garch_1_1_t,innovation,0.4926868765922512,0.19024288914963328,True,0,converged,1365,2500,0.1940329058157356,0.9318460712117391,-0.019726142592330295
1,test,3865,2008-09-03,garch_1_1_t,innovation,0.4926820671699876,0.18494034949264218,True,0,converged,1366,2500,0.169525816870436,1.066858844688272,0.08702811076782144
1,test,3866,2008-09-04,garch_1_1_t,innovation,0.4981599561156968,0.21617133149248272,True,0,converged,1367,2500,0.2006623436543214,0.9092976093136427,0.0744476814625489
1,test,3867,2008-09-05,garch_1_1_t,innovation,0.5003668813801566,0.20976047707605996,True,0,converged,1368,2500,0.1937855360442083,0.9485895288535899,0.07921423114623179
1,test,3868,2008-09-08,garch_1_1_t,innovation,0.5287095944556861,0.21869328193472054,True,0,converged,1369,2500,0.1963384490659887,0.9905993593281807,0.10783025802676241
1,test,3869,2008-09-09,garch_1_1_t,innovation,0.5427193660584032,0.2435128847584911,True,0,converged,1370,2500,0.2205767840746995,0.9003465037144948,0.09892399457590992
1,test,3870,2008-09-10,garch_1_1_t,innovation,0.5500363828715082,0.2360789481561189,True,0,converged,1371,2500,0.2179040343316263,0.9259296703336316,0.08011151878898927
1,test,3871,2008-09-11,garch_1_1_t,innovation,0.6049662820815963,0.23566484070128527,True,0,converged,1372,2500,0.2227581220686679,0.999086195984976,0.05632410071713753
1,test,3872,2008-09-12,garch_1_1_t,innovation,0.6109930671518516,0.2290216165377841,True,0,converged,1373,2500,0.2217593820478788,1.013492682966551,0.032223465043757886
1,test,3873,2008-09-15,garch_1_1_t,innovation,0.7582622044028217,0.29482627946229506,True,0,converged,1374,2500,0.2807684475279035,0.9934989424414367,0.048856000216894
1,test,3874,2008-09-16,garch_1_1_t,innovation,0.7578199875923373,0.2930420184358538,True,0,converged,1375,2500,0.2826901908513125,0.9860943080389618,0.03596444035372951
1,test,3875,2008-09-17,garch_1_1_t,innovation,0.826411595786619,0.3402570887352709,True,0,converged,1376,2500,0.3241395592487155,0.9359187879214418,0.04852731374376462
1,test,3876,2008-09-18,garch_1_1_t,innovation,0.8325692826818196,0.35060605619587576,True,0,converged,1377,2500,0.3399530410977694,0.8957089471792207,0.030855752489288013
1,test,3877,2008-09-19,garch_1_1_t,innovation,0.821287547643077,0.37555610251432153,True,0,converged,1378,2500,0.3669347786783661,0.805689171378439,0.02322375005028109
1,test,3878,2008-09-22,garch_1_1_t,innovation,0.8430867716567829,0.3748130786837544,True,0,converged,1379,2500,0.3723518627182723,0.8172306099373494,0.0065881701116018675
1,test,3879,2008-09-23,garch_1_1_t,innovation,0.8459889944599045,0.3744287211843209,True,0,converged,1380,2500,0.3742024147460773,0.8157094837003324,0.0006045873175066001
1,test,3880,2008-09-24,garch_1_1_t,innovation,0.8689480566418832,0.36138084429144873,True,0,converged,1381,2500,0.3742323974576735,0.8424063617517606,-0.034944615433192806
1,test,3881,2008-09-25,garch_1_1_t,innovation,0.8681634067208648,0.35717781962729184,True,0,converged,1382,2500,0.3766992013027712,0.8349329590849004,-0.053213242482262
1,test,3882,2008-09-26,garch_1_1_t,innovation,0.8876011695044991,0.3442667529435006,True,0,converged,1383,2500,0.3742649810694364,0.8635584565844288,-0.08354725060145816
1,test,3883,2008-09-29,garch_1_1_t,innovation,0.8487613708607461,0.4774331744626264,True,0,converged,1384,2500,0.4717033277030371,0.5874278310005862,0.012073956390121947
1,test,3884,2008-09-30,garch_1_1_t,innovation,0.923888172157604,0.4917910298001698,True,0,converged,1385,2500,0.4926868765922512,0.6287172050154998,-0.0018199434106801469
1,test,3885,2008-10-01,garch_1_1_t,innovation,0.9242469629024572,0.47303934438765605,True,0,converged,1386,2500,0.4926820671699876,0.629115239967842,-0.04068550627425981
1,test,3886,2008-10-02,garch_1_1_t,innovation,0.9228241205863932,0.4826576946920651,True,0,converged,1387,2500,0.4981599561156968,0.6165174419633921,-0.031613526711787236
1,test,3887,2008-10-03,garch_1_1_t,innovation,0.92176789458834,0.4685286409904915,True,0,converged,1388,2500,0.5003668813801566,0.6109518585268289,-0.0657443589161317
1,test,3888,2008-10-06,garch_1_1_t,innovation,0.9029548164439596,0.5035786880460504,True,0,converged,1389,2500,0.5287095944556861,0.5352332046689977,-0.04869932827034759
1,test,3889,2008-10-07,garch_1_1_t,innovation,0.8960719819149321,0.523319396970447,True,0,converged,1390,2500,0.5427193660584032,0.5014283816261645,-0.03640038575367178
1,test,3890,2008-10-08,garch_1_1_t,innovation,0.904418129833288,0.5153551423456593,True,0,converged,1391,2500,0.5500363828715082,0.49730735974405865,-0.06512816692531286
1,test,3891,2008-10-09,garch_1_1_t,innovation,0.8904343137872658,0.5883097583084429,True,0,converged,1392,2500,0.6049662820815963,0.3865366123344986,-0.02791911534862292
1,test,3892,2008-10-10,garch_1_1_t,innovation,0.8936296831493754,0.57549088569429,True,0,converged,1393,2500,0.6109930671518516,0.3802058523100771,-0.059862221542024405
1,test,3893,2008-10-13,garch_1_1_t,innovation,0.7544319183862993,0.8120517256502817,True,0,converged,1394,2500,0.7582622044028217,-0.005064201869788451,0.06853479774667581
1,test,3894,2008-10-14,garch_1_1_t,innovation,0.7607625713911033,0.7819704216787666,True,0,converged,1395,2500,0.7578199875923373,0.0038754395857563345,0.03137104183846295
1,test,3895,2008-10-15,garch_1_1_t,innovation,0.6847923781312399,0.8811866415553827,True,0,converged,1396,2500,0.826411595786619,-0.18797725469433868,0.06417650603989318
1,test,3896,2008-10-16,garch_1_1_t,innovation,0.7028745563635604,0.865855512283123,True,0,converged,1397,2500,0.8325692826818196,-0.1693380053942816,0.03920160887118511
1,test,3897,2008-10-17,garch_1_1_t,innovation,0.7256760188821348,0.8311363842356367,True,0,converged,1398,2500,0.821287547643077,-0.1237696286269006,0.011920613142610562
1,test,3898,2008-10-20,garch_1_1_t,innovation,0.6971131285214589,0.8389070611277871,True,0,converged,1399,2500,0.8430867716567829,-0.19012217931360864,-0.004969957738165206
1,test,3899,2008-10-21,garch_1_1_t,innovation,0.6919385547460057,0.8168454509553038,True,0,converged,1400,2500,0.8459889944599045,-0.20100919265333517,-0.035056440160579676
1,test,3900,2008-10-22,garch_1_1_t,innovation,0.703230974180054,0.8226410868920341,True,0,converged,1401,2500,0.8689480566418832,-0.21159795689442637,-0.054763347619668855
1,test,3901,2008-10-23,garch_1_1_t,innovation,0.7535420254357407,0.7924728743843737,True,0,converged,1402,2500,0.8681634067208648,-0.14159516338455455,-0.09122167627366533
1,test,3902,2008-10-24,garch_1_1_t,innovation,0.7539708904158497,0.7952390332025701,True,0,converged,1403,2500,0.8876011695044991,-0.16316874827349606,-0.10987976850364317
1,test,3903,2008-10-27,garch_1_1_t,innovation,0.7801054537427683,0.7809993010603652,True,0,converged,1404,2500,0.8487613708607461,-0.08434896831669221,-0.08320382105796205
1,test,3904,2008-10-28,garch_1_1_t,innovation,0.6747977932131861,0.8919362053190968,True,0,converged,1405,2500,0.923888172157604,-0.314177958130317,-0.035196427192150805
1,test,3905,2008-10-29,garch_1_1_t,innovation,0.6876018539818518,0.8582293115920514,True,0,converged,1406,2500,0.9242469629024572,-0.2957693419845684,-0.0741079850909255
1,test,3906,2008-10-30,garch_1_1_t,innovation,0.6783765824141477,0.8387627534494355,True,0,converged,1407,2500,0.9228241205863932,-0.30773609939996277,-0.09551077095966372
1,test,3907,2008-10-31,garch_1_1_t,innovation,0.7537951777219969,0.8073949750057202,True,0,converged,1408,2500,0.92176789458834,-0.20117276711554555,-0.13248046591144833
1,test,3908,2008-11-03,garch_1_1_t,innovation,0.7655521312990222,0.7770517480326684,True,0,converged,1409,2500,0.9029548164439596,-0.1650752012470178,-0.15016556706984
1,test,3909,2008-11-04,garch_1_1_t,innovation,0.7609930861960921,0.7612922000003813,True,0,converged,1410,2500,0.8960719819149321,-0.163396474042556,-0.16300349407900916
1,test,3910,2008-11-05,garch_1_1_t,innovation,0.7501891299358482,0.7551229521167759,True,0,converged,1411,2500,0.904418129833288,-0.18696643847036074,-0.18041119998206562
1,test,3911,2008-11-06,garch_1_1_t,innovation,0.7303816770470649,0.7672732159389705,True,0,converged,1412,2500,0.8904343137872658,-0.19814209393928925,-0.14886638503700084
1,test,3912,2008-11-07,garch_1_1_t,innovation,0.7314376431612417,0.75262302109864,True,0,converged,1413,2500,0.8936296831493754,-0.20027949303281403,-0.17172699824497867
1,test,3913,2008-11-10,garch_1_1_t,innovation,0.7323177323489136,0.7258951011162282,True,0,converged,1414,2500,0.7544319183862993,-0.029750559685898133,-0.03855952449145393
1,test,3914,2008-11-11,garch_1_1_t,innovation,0.724208168733137,0.71066777315997,True,0,converged,1415,2500,0.7607625713911033,-0.049242436704492736,-0.06811626004133181
1,test,3915,2008-11-12,garch_1_1_t,innovation,0.711653782820875,0.7113158266636602,True,0,converged,1416,2500,0.6847923781312399,0.0384758383659311,0.038000837127230694
1,test,3916,2008-11-13,garch_1_1_t,innovation,0.6798131046598581,0.7342393405622837,True,0,converged,1417,2500,0.7028745563635604,-0.03336052113354606,0.04365661708513079
1,test,3917,2008-11-14,garch_1_1_t,innovation,0.6569637036866269,0.740507807878258,True,0,converged,1418,2500,0.7256760188821348,-0.09947488881185106,0.02023251747461093
1,test,3918,2008-11-17,garch_1_1_t,innovation,0.6752786502897975,0.7140149721803518,True,0,converged,1419,2500,0.6971131285214589,-0.03182228443641399,0.023956226191679083
1,test,3919,2008-11-18,garch_1_1_t,innovation,0.6729092755585246,0.6906307212103486,True,0,converged,1420,2500,0.6919385547460057,-0.02788664340321139,-0.0018918891783421443
1,test,3920,2008-11-19,garch_1_1_t,innovation,0.634059136944171,0.7247410843986666,True,0,converged,1421,2500,0.703230974180054,-0.10354316684522266,0.03012907323331348
1,test,3921,2008-11-20,garch_1_1_t,innovation,0.5721027274040636,0.7739250893740822,True,0,converged,1422,2500,0.7535420254357407,-0.2754662215300173,0.026690295002856364
1,test,3922,2008-11-21,garch_1_1_t,innovation,0.5427881555146016,0.7788801315465697,True,0,converged,1423,2500,0.7539708904158497,-0.32863465375037815,0.032503398863892474
1,test,3923,2008-11-24,garch_1_1_t,innovation,0.4893102867126243,0.8040185370927414,True,0,converged,1424,2500,0.7801054537427683,-0.46643228625296407,0.03019321734723263
1,test,3924,2008-11-25,garch_1_1_t,innovation,0.4890396722305687,0.7741555182809915,True,0,converged,1425,2500,0.6747977932131861,-0.3219694648937605,0.13735970103431977
1,test,3925,2008-11-26,garch_1_1_t,innovation,0.4706007323120889,0.7628371340235336,True,0,converged,1426,2500,0.6876018539818518,-0.37919993739740704,0.10383458393309979
1,test,3926,2008-11-28,garch_1_1_t,innovation,0.4686119845533131,0.7360157015984,True,0,converged,1427,2500,0.6783765824141477,-0.3699274640570376,0.0815488871599603
1,test,3927,2008-12-01,garch_1_1_t,innovation,0.3436858644934255,0.8142995105854949,True,0,converged,1428,2500,0.7537951777219969,-0.785392627967325,0.07720756392658261
1,test,3928,2008-12-02,garch_1_1_t,innovation,0.3204421073797554,0.8004073904394159,True,0,converged,1429,2500,0.7655521312990222,-0.8708956859131336,0.04452352234205756
1,test,3929,2008-12-03,garch_1_1_t,innovation,0.3266238208710089,0.7771145481006655,True,0,converged,1430,2500,0.7609930861960921,-0.8458151588689115,0.02096349039068001
1,test,3930,2008-12-04,garch_1_1_t,innovation,0.3159082385011613,0.7545967053217134,True,0,converged,1431,2500,0.7501891299358482,-0.8648735610606482,0.0058580934073746635
1,test,3931,2008-12-05,garch_1_1_t,innovation,0.2978878540196046,0.7379551003570444,True,0,converged,1432,2500,0.7303816770470649,-0.8968501558937446,0.010315740348641536
1,test,3932,2008-12-08,garch_1_1_t,innovation,0.2924920843680568,0.7255168611823157,True,0,converged,1433,2500,0.7314376431612417,-0.9165743673446571,-0.008127658831583479
1,test,3933,2008-12-09,garch_1_1_t,innovation,0.286848185166919,0.7018466235702295,True,0,converged,1434,2500,0.7323177323489136,-0.9372613761092334,-0.04249958515840834
1,test,3934,2008-12-10,garch_1_1_t,innovation,0.2960056907330564,0.6747541042207816,True,0,converged,1435,2500,0.724208168733137,-0.8947001973438038,-0.07073054247306589
1,test,3935,2008-12-11,garch_1_1_t,innovation,0.2959405311267377,0.6565583225274395,True,0,converged,1436,2500,0.711653782820875,-0.8774330072825045,-0.08058000468972708
1,test,3936,2008-12-12,garch_1_1_t,innovation,0.2929994858710406,0.6325688031445441,True,0,converged,1437,2500,0.6798131046598581,-0.8416470599954186,-0.07202891994383617
1,test,3937,2008-12-15,garch_1_1_t,innovation,0.3102233721639202,0.611321116538401,True,0,converged,1438,2500,0.6569637036866269,-0.7503361780569774,-0.0720063913317759
1,test,3938,2008-12-16,garch_1_1_t,innovation,0.2637980674296518,0.6213028480207544,True,0,converged,1439,2500,0.6752786502897975,-0.939941506567671,-0.0833067799024512
1,test,3939,2008-12-17,garch_1_1_t,innovation,0.2629832524195817,0.5976024503346308,True,0,converged,1440,2500,0.6729092755585246,-0.9395201634152449,-0.11868478044999613
1,test,3940,2008-12-18,garch_1_1_t,innovation,0.3189570916505782,0.5792712297535928,True,0,converged,1441,2500,0.634059136944171,-0.6870856412191244,-0.09037141296738357
1,test,3941,2008-12-19,garch_1_1_t,innovation,0.3521759728751693,0.556333130648413,True,0,converged,1442,2500,0.5721027274040636,-0.4851875949995107,-0.027951297947733524
1,test,3942,2008-12-22,garch_1_1_t,innovation,0.3535453084191137,0.535823452737096,True,0,converged,1443,2500,0.5427881555146016,-0.42870745859647486,-0.012914379045066766
1,test,3943,2008-12-23,garch_1_1_t,innovation,0.3519532157999603,0.5158251472576931,True,0,converged,1444,2500,0.4893102867126243,-0.3294985642928595,0.05277102475271743
1,test,3944,2008-12-24,garch_1_1_t,innovation,0.352190261881509,0.4954914405543214,True,0,converged,1445,2500,0.4890396722305687,-0.32827206920954366,0.013106463770302229
1,test,3945,2008-12-26,garch_1_1_t,innovation,0.3534228744075735,0.47402065045350394,True,0,converged,1446,2500,0.4706007323120889,-0.2863447479486436,0.007240854687356355
1,test,3946,2008-12-29,garch_1_1_t,innovation,0.3724980313398645,0.452377893080215,True,0,converged,1447,2500,0.4686119845533131,-0.22954334816580038,-0.035257223800242196
1,test,3947,2008-12-30,garch_1_1_t,innovation,0.3815667897625884,0.4464776022263836,True,0,converged,1448,2500,0.3436858644934255,0.10455785130867595,0.2616611805173418
1,test,3948,2008-12-31,garch_1_1_t,innovation,0.3852070797404844,0.4311032132483251,True,0,converged,1449,2500,0.3204421073797554,0.18407943129934745,0.29664590748416464
1,test,3949,2009-01-02,garch_1_1_t,innovation,0.3706585961032953,0.43520803412244424,True,0,converged,1450,2500,0.3266238208710089,0.12647229900750803,0.287015042335376
1,test,3950,2009-01-05,garch_1_1_t,innovation,0.3739273952071564,0.4156838996608319,True,0,converged,1451,2500,0.3159082385011613,0.16860986117944965,0.27447332791220774
1,test,3951,2009-01-06,garch_1_1_t,innovation,0.3735868959782094,0.3976956426172089,True,0,converged,1452,2500,0.2978878540196046,0.22643354385207198,0.288969908814339
1,test,3952,2009-01-07,garch_1_1_t,innovation,0.361471330651101,0.4067544933656158,True,0,converged,1453,2500,0.2924920843680568,0.2117451275017438,0.3297721887179324
1,test,3953,2009-01-08,garch_1_1_t,innovation,0.3746864278805272,0.3886030153434057,True,0,converged,1454,2500,0.286848185166919,0.26713637958702324,0.3036051921566434
1,test,3954,2009-01-09,garch_1_1_t,innovation,0.36673601413141,0.38488530745567656,True,0,converged,1455,2500,0.2960056907330564,0.214263602096164,0.26256670760465955
1,test,3955,2009-01-12,garch_1_1_t,innovation,0.3933854144658502,0.3849958264059694,True,0,converged,1456,2500,0.2959405311267377,0.28463130390149954,0.26307396794139276
1,test,3956,2009-01-13,garch_1_1_t,innovation,0.3938845937852996,0.3675271461638206,True,0,converged,1457,2500,0.2929994858710406,0.2958871029081148,0.22662632872810584
1,test,3957,2009-01-14,garch_1_1_t,innovation,0.3772017155969751,0.3823920283004216,True,0,converged,1458,2500,0.3102233721639202,0.1954875056199104,0.20915374109394724
1,test,3958,2009-01-15,garch_1_1_t,innovation,0.3791486901987704,0.3654508853055528,True,0,converged,1459,2500,0.2637980674296518,0.3627445362040695,0.32594797906724465
1,test,3959,2009-01-16,garch_1_1_t,innovation,0.4087400737163533,0.3504882849915266,True,0,converged,1460,2500,0.2629832524195817,0.44098908629343164,0.28723693107425596
1,test,3960,2009-01-20,garch_1_1_t,innovation,0.3606747450501304,0.4190273649874625,True,0,converged,1461,2500,0.3189570916505782,0.12291998415753287,0.27287964321677477
1,test,3961,2009-01-21,garch_1_1_t,innovation,0.3301941998059629,0.44441735399506443,True,0,converged,1462,2500,0.3521759728751693,-0.06445000798701686,0.23263313377788522
1,test,3962,2009-01-22,garch_1_1_t,innovation,0.3273713197562408,0.43249403768204,True,0,converged,1463,2500,0.3535453084191137,-0.07691658695186025,0.2015568925303366
1,test,3963,2009-01-23,garch_1_1_t,innovation,0.3516556659024898,0.4152792233065679,True,0,converged,1464,2500,0.3519532157999603,-0.0008457821467181353,0.16545286412304533
1,test,3964,2009-01-26,garch_1_1_t,innovation,0.374857805820963,0.39916608826434863,True,0,converged,1465,2500,0.352190261881509,0.06237522330397582,0.12520604531092386
1,test,3965,2009-01-27,garch_1_1_t,innovation,0.3741835662091406,0.3850335614156867,True,0,converged,1466,2500,0.3534228744075735,0.057081211275736565,0.08566521852906549
1,test,3966,2009-01-28,garch_1_1_t,innovation,0.3598058424202077,0.3984827314696816,True,0,converged,1467,2500,0.3724980313398645,-0.0346671934612842,0.06743241065168655
1,test,3967,2009-01-29,garch_1_1_t,innovation,0.3494903291952385,0.4097627839958364,True,0,converged,1468,2500,0.3815667897625884,-0.08781001597171784,0.0712925097761206
1,test,3968,2009-01-30,garch_1_1_t,innovation,0.3789260829024914,0.4041394371533099,True,0,converged,1469,2500,0.3852070797404844,-0.016439905001979806,0.047978900738463066
1,test,3969,2009-02-02,garch_1_1_t,innovation,0.3797172989717516,0.3875543781337856,True,0,converged,1470,2500,0.3706585961032953,0.024145612975151155,0.044574756813048434
1,test,3970,2009-02-03,garch_1_1_t,innovation,0.385539401508349,0.37695140393288346,True,0,converged,1471,2500,0.3739273952071564,0.030581748515162554,0.008054628998011461
1,test,3971,2009-02-04,garch_1_1_t,innovation,0.4126171570212197,0.3619519347796937,True,0,converged,1472,2500,0.3735868959782094,0.09936955173592302,-0.031639204576282685
1,test,3972,2009-02-05,garch_1_1_t,innovation,0.4093187478193777,0.353208137265121,True,0,converged,1473,2500,0.361471330651101,0.1243114552231233,-0.023125224664034254
1,test,3973,2009-02-06,garch_1_1_t,innovation,0.399202866387127,0.3616500803020961,True,0,converged,1474,2500,0.3746864278805272,0.06338024089200074,-0.035412368509061085
1,test,3974,2009-02-09,garch_1_1_t,innovation,0.4489745940230221,0.3466286361169129,True,0,converged,1475,2500,0.36673601413141,0.20232402098876012,-0.05638828774439908
1,test,3975,2009-02-10,garch_1_1_t,innovation,0.4176170378136397,0.3937988997678828,True,0,converged,1476,2500,0.3933854144658502,0.059775005413164856,0.0010505426304469895
1,test,3976,2009-02-11,garch_1_1_t,innovation,0.4390414692316965,0.37872160469295063,True,0,converged,1477,2500,0.3938845937852996,0.1085359143388932,-0.0392565743119127
1,test,3977,2009-02-12,garch_1_1_t,innovation,0.4399029162703427,0.36355015957603887,True,0,converged,1478,2500,0.3772017155969751,0.15377395873531785,-0.03686282095688066
1,test,3978,2009-02-13,garch_1_1_t,innovation,0.4383558775492491,0.35193068807083583,True,0,converged,1479,2500,0.3791486901987704,0.1451026357241801,-0.07449420324897738
1,test,3979,2009-02-17,garch_1_1_t,innovation,0.4236878084843929,0.39026933850348944,True,0,converged,1480,2500,0.4087400737163533,0.03591744585447145,-0.04624232512192058
1,test,3980,2009-02-18,garch_1_1_t,innovation,0.4308279909300009,0.37450281249361284,True,0,converged,1481,2500,0.3606747450501304,0.1777323485122352,0.0376227439624873
1,test,3981,2009-02-19,garch_1_1_t,innovation,0.4313924150450369,0.36250109741435055,True,0,converged,1482,2500,0.3301941998059629,0.26733718598260625,0.0933465360080192
1,test,3982,2009-02-20,garch_1_1_t,innovation,0.4367253148889254,0.35040909572564144,True,0,converged,1483,2500,0.3273713197562408,0.2882093663259426,0.0680062557580055
1,test,3983,2009-02-23,garch_1_1_t,innovation,0.4843863447840198,0.37370621728990955,True,0,converged,1484,2500,0.3516556659024898,0.3202303463640182,0.06081749850923028
1,test,3984,2009-02-24,garch_1_1_t,innovation,0.4713538868936899,0.39492544428474824,True,0,converged,1485,2500,0.374857805820963,0.22906239452418448,0.05215022885528075
1,test,3985,2009-02-25,garch_1_1_t,innovation,0.471995117252342,0.3803368250161145,True,0,converged,1486,2500,0.3741835662091406,0.23222214498425717,0.016310745994147002
1,test,3986,2009-02-26,garch_1_1_t,innovation,0.4738254869618402,0.3723276724819703,True,0,converged,1487,2500,0.3598058424202077,0.2752745235862125,0.03420974721583152
1,test,3987,2009-02-27,garch_1_1_t,innovation,0.4714384109624593,0.3714135078080404,True,0,converged,1488,2500,0.3494903291952385,0.2993125790288541,0.06084012733927507
1,test,3988,2009-03-02,garch_1_1_t,innovation,0.4594251439255209,0.41120908187927746,True,0,converged,1489,2500,0.3789260829024914,0.19263486671291707,0.08176064603766586
1,test,3989,2009-03-03,garch_1_1_t,innovation,0.4598125268777041,0.39670371227843254,True,0,converged,1490,2500,0.3797172989717516,0.19139183036818808,0.04376265959733448
1,test,3990,2009-03-04,garch_1_1_t,innovation,0.4573357381589746,0.3946009476090331,True,0,converged,1491,2500,0.385539401508349,0.1707743813472119,0.02323159840589329
1,test,3991,2009-03-05,garch_1_1_t,innovation,0.4446406579036986,0.422273547004899,True,0,converged,1492,2500,0.4126171570212197,0.07474626315470725,0.02313313721573628
1,test,3992,2009-03-06,garch_1_1_t,innovation,0.4459841289484655,0.40517399437022555,True,0,converged,1493,2500,0.4093187478193777,0.08578917902850314,-0.010177596463969893
1,test,3993,2009-03-09,garch_1_1_t,innovation,0.4448825005355175,0.3927816290333958,True,0,converged,1494,2500,0.399202866387127,0.1083404788201393,-0.01621591861665918
1,test,3994,2009-03-10,garch_1_1_t,innovation,0.4033596076188789,0.4570035683099613,True,0,converged,1495,2500,0.4489745940230221,-0.1071378120159948,0.017724896308106065
1,test,3995,2009-03-11,garch_1_1_t,innovation,0.4044946109740607,0.4396287790145969,True,0,converged,1496,2500,0.4176170378136397,-0.03192642137316896,0.05136585165455076
1,test,3996,2009-03-12,garch_1_1_t,innovation,0.4049254482636548,0.4557890860723459,True,0,converged,1497,2500,0.4390414692316965,-0.0808908997554977,0.03743630041484854
1,test,3997,2009-03-13,garch_1_1_t,innovation,0.4039822610167548,0.43942058638229425,True,0,converged,1498,2500,0.4399029162703427,-0.08518308910374287,-0.0010970477531139248
1,test,3998,2009-03-16,garch_1_1_t,innovation,0.4085311789390108,0.4217070146495825,True,0,converged,1499,2500,0.4383558775492491,-0.07046284947296785,-0.038720291460666995
1,test,3999,2009-03-17,garch_1_1_t,innovation,0.3960836695336401,0.42644402403427684,True,0,converged,1500,2500,0.4236878084843929,-0.06737140764737534,0.006484230096070451
1,test,4000,2009-03-18,garch_1_1_t,innovation,0.3916346657991951,0.4211441182292441,True,0,converged,1501,2500,0.4308279909300009,-0.09537948724543072,-0.02273381878718391
1,test,4001,2009-03-19,garch_1_1_t,innovation,0.3898509595130253,0.40779752354100157,True,0,converged,1502,2500,0.4313924150450369,-0.10125364062564883,-0.05624736622202622
1,test,4002,2009-03-20,garch_1_1_t,innovation,0.4114007835826245,0.40300193126720435,True,0,converged,1503,2500,0.4367253148889254,-0.059736545523976906,-0.08036307325287613
1,test,4003,2009-03-23,garch_1_1_t,innovation,0.336658797171211,0.49575618233431396,True,0,converged,1504,2500,0.4843863447840198,-0.3638128751678971,0.02320141666854228
1,test,4004,2009-03-24,garch_1_1_t,innovation,0.3298835961372678,0.48413360517052545,True,0,converged,1505,2500,0.4713538868936899,-0.35686931085302853,0.026751748255772353
1,test,4005,2009-03-25,garch_1_1_t,innovation,0.3296045232336817,0.46676143694822037,True,0,converged,1506,2500,0.471995117252342,-0.3590751193833752,-0.011150355235473381
2,test,4006,2009-03-26,garch_1_1_t,innovation,0.3261041747113093,0.4568642521345369,True,0,converged,1507,2500,0.4738254869618402,-0.37362219828765736,-0.03645277744932026
2,test,4007,2009-03-27,garch_1_1_t,innovation,0.3214073962361518,0.44612324942674403,True,0,converged,1508,2500,0.4714384109624593,-0.3830790043233364,-0.05519321206975188
2,test,4008,2009-03-30,garch_1_1_t,innovation,0.2963893463891214,0.45616637734749105,True,0,converged,1509,2500,0.4594251439255209,-0.4383020714351842,-0.007118415282238118
2,test,4009,2009-03-31,garch_1_1_t,innovation,0.3039017606811267,0.44064749274015974,True,0,converged,1510,2500,0.4598125268777041,-0.4141143626201061,-0.04257363652888381
2,test,4010,2009-04-01,garch_1_1_t,innovation,0.2961796302555168,0.4315975514497086,True,0,converged,1511,2500,0.4573357381589746,-0.43445164873804143,-0.057924217794559765
2,test,4011,2009-04-02,garch_1_1_t,innovation,0.2786028343839342,0.4337103489627389,True,0,converged,1512,2500,0.4446406579036986,-0.46747921066332315,-0.02488953303799975
2,test,4012,2009-04-03,garch_1_1_t,innovation,0.3008096478657417,0.41853316794608464,True,0,converged,1513,2500,0.4459841289484655,-0.3938057004864777,-0.06352722492902313
2,test,4013,2009-04-06,garch_1_1_t,innovation,0.2997569104243249,0.4030831793648816,True,0,converged,1514,2500,0.4448825005355175,-0.3948383559588764,-0.0986672625019596
2,test,4014,2009-04-07,garch_1_1_t,innovation,0.2942145195802504,0.4012012738192733,True,0,converged,1515,2500,0.4033596076188789,-0.31551933095408763,-0.005365259551843906
2,test,4015,2009-04-08,garch_1_1_t,innovation,0.2959454152260217,0.3879423385586761,True,0,converged,1516,2500,0.4044946109740607,-0.3124633844265388,-0.04178169710790603
2,test,4016,2009-04-09,garch_1_1_t,innovation,0.2741326842422502,0.41116000243102513,True,0,converged,1517,2500,0.4049254482636548,-0.3900907335640523,0.015279467256630446
2,test,4017,2009-04-13,garch_1_1_t,innovation,0.2822134189364978,0.39505336230601756,True,0,converged,1518,2500,0.4039822610167548,-0.35870737917761353,-0.022350118400476706
2,test,4018,2009-04-14,garch_1_1_t,innovation,0.2755785413702499,0.3873425063729711,True,0,converged,1519,2500,0.4085311789390108,-0.3936955622126458,-0.05325890580979835
2,test,4019,2009-04-15,garch_1_1_t,innovation,0.2876016135423552,0.3747778784087189,True,0,converged,1520,2500,0.3960836695336401,-0.3200492394367444,-0.05529194940401334
2,test,4020,2009-04-16,garch_1_1_t,innovation,0.2845397468066189,0.36545038879570335,True,0,converged,1521,2500,0.3916346657991951,-0.31945647884111417,-0.0691988954217802
2,test,4021,2009-04-17,garch_1_1_t,innovation,0.2850377811124024,0.35186737725788575,True,0,converged,1522,2500,0.3898509595130253,-0.31314277419969616,-0.10251017553998526
2,test,4022,2009-04-20,garch_1_1_t,innovation,0.2608277870340079,0.3884164865075562,True,0,converged,1523,2500,0.4114007835826245,-0.4557075121376736,-0.05748969913528551
2,test,4023,2009-04-21,garch_1_1_t,innovation,0.2516596602203892,0.3827917521158318,True,0,converged,1524,2500,0.336658797171211,-0.2909923261455387,0.1284211669947652
2,test,4024,2009-04-22,garch_1_1_t,innovation,0.2518477247334509,0.3683856124555522,True,0,converged,1525,2500,0.3298835961372678,-0.2699152153176919,0.11039039622497304
2,test,4025,2009-04-23,garch_1_1_t,innovation,0.2546798960181957,0.35600353720301503,True,0,converged,1526,2500,0.3296045232336817,-0.2578860744797092,0.07704714542188237
2,test,4026,2009-04-24,garch_1_1_t,innovation,0.2491689117911731,0.3487563474418822,True,0,converged,1527,2500,0.3261041747113093,-0.26908585755999387,0.06715664887088003
2,test,4027,2009-04-27,garch_1_1_t,innovation,0.2626875192400466,0.33727162487453394,True,0,converged,1528,2500,0.3214073962361518,-0.20174427958822846,0.048179148635036376
2,test,4028,2009-04-28,garch_1_1_t,innovation,0.270126648658069,0.3236705989252129,True,0,converged,1529,2500,0.2963893463891214,-0.09278303129560113,0.08805237922952688
2,test,4029,2009-04-29,garch_1_1_t,innovation,0.264200238826118,0.3247269487911937,True,0,converged,1530,2500,0.3039017606811267,-0.13999719747860817,0.06628017810801522
2,test,4030,2009-04-30,garch_1_1_t,innovation,0.2714456152357543,0.31129649074661453,True,0,converged,1531,2500,0.2961796302555168,-0.08720432212930528,0.0497796752542991
2,test,4031,2009-05-01,garch_1_1_t,innovation,0.283776869775369,0.2992445663787489,True,0,converged,1532,2500,0.2786028343839342,0.01840102459383268,0.07147395184667621
2,test,4032,2009-05-04,garch_1_1_t,innovation,0.2577529602588603,0.32508961176247814,True,0,converged,1533,2500,0.3008096478657417,-0.15447605775152698,0.07762320724048137
2,test,4033,2009-05-05,garch_1_1_t,innovation,0.2614037249005798,0.312641229763909,True,0,converged,1534,2500,0.2997569104243249,-0.1369057967017334,0.04208445472772282
2,test,4034,2009-05-06,garch_1_1_t,innovation,0.2563356491801804,0.3100051607428431,True,0,converged,1535,2500,0.2942145195802504,-0.1378214443938294,0.05227978519457094
2,test,4035,2009-05-07,garch_1_1_t,innovation,0.2514738159483177,0.30435929420264807,True,0,converged,1536,2500,0.2959454152260217,-0.16283615671630644,0.02803386305133555
2,test,4036,2009-05-08,garch_1_1_t,innovation,0.2382261848057172,0.3102603808089205,True,0,converged,1537,2500,0.2741326842422502,-0.1403916595412863,0.12379964478524391
2,test,4037,2009-05-11,garch_1_1_t,innovation,0.229305989237859,0.3096293280013223,True,0,converged,1538,2500,0.2822134189364978,-0.20760628026320052,0.0927122764703687
2,test,4038,2009-05-12,garch_1_1_t,innovation,0.2292418722640469,0.29735753796572567,True,0,converged,1539,2500,0.2755785413702499,-0.18409501769073203,0.0760625717060892
2,test,4039,2009-05-13,garch_1_1_t,innovation,0.2112101899198932,0.30757191954527113,True,0,converged,1540,2500,0.2876016135423552,-0.3087224378059667,0.06713270839892263
2,test,4040,2009-05-14,garch_1_1_t,innovation,0.2092522999010226,0.29788286692101384,True,0,converged,1541,2500,0.2845397468066189,-0.3073322509156032,0.04582739382347568
2,test,4041,2009-05-15,garch_1_1_t,innovation,0.2229778513454345,0.28825940177419557,True,0,converged,1542,2500,0.2850377811124024,-0.24554929158281363,0.011239038564083538
2,test,4042,2009-05-18,garch_1_1_t,innovation,0.2053836346290201,0.30421685204571686,True,0,converged,1543,2500,0.2608277870340079,-0.23898075104589137,0.15388040645295914
2,test,4043,2009-05-19,garch_1_1_t,innovation,0.2053685886422687,0.2920728283181984,True,0,converged,1544,2500,0.2516596602203892,-0.20327126194935213,0.1489255632094062
2,test,4044,2009-05-20,garch_1_1_t,innovation,0.2056111645271152,0.28208435612073207,True,0,converged,1545,2500,0.2518477247334509,-0.20283780365644563,0.11338152344817637
2,test,4045,2009-05-21,garch_1_1_t,innovation,0.1995252479093176,0.2785926986385415,True,0,converged,1546,2500,0.2546798960181957,-0.24406666260578272,0.0897434068101233
2,test,4046,2009-05-22,garch_1_1_t,innovation,0.2267868975316028,0.26749577018122694,True,0,converged,1547,2500,0.2491689117911731,-0.09412022792916526,0.07097272671514224
2,test,4047,2009-05-26,garch_1_1_t,innovation,0.2082827416300103,0.2810193863373194,True,0,converged,1548,2500,0.2626875192400466,-0.2320686946065406,0.06745847146984543
2,test,4048,2009-05-27,garch_1_1_t,innovation,0.2005392327565935,0.2817719860931054,True,0,converged,1549,2500,0.270126648658069,-0.29788101592248895,0.042207265799864384
2,test,4049,2009-05-28,garch_1_1_t,innovation,0.2089174506451212,0.27768553591086775,True,0,converged,1550,2500,0.264200238826118,-0.23476809509480098,0.049782011604120976
2,test,4050,2009-05-29,garch_1_1_t,innovation,0.1996243893693303,0.2780973941473732,True,0,converged,1551,2500,0.2714456152357543,-0.3073242594599206,0.024209583894340355
2,test,4051,2009-06-01,garch_1_1_t,innovation,0.1836727093743864,0.2878453333931088,True,0,converged,1552,2500,0.283776869775369,-0.43503283920728597,0.014235039494642953
2,test,4052,2009-06-02,garch_1_1_t,innovation,0.1858988488999118,0.27649055630709557,True,0,converged,1553,2500,0.2577529602588603,-0.3267989051625225,0.07017505814285183
2,test,4053,2009-06-03,garch_1_1_t,innovation,0.1809149612220656,0.2716109567563506,True,0,converged,1554,2500,0.2614037249005798,-0.3680389575396313,0.03830468548953726
2,test,4054,2009-06-04,garch_1_1_t,innovation,0.2031663576987509,0.26424547000016735,True,0,converged,1555,2500,0.2563356491801804,-0.23246257581858584,0.030390766437116117
2,test,4055,2009-06-05,garch_1_1_t,innovation,0.2031653536786706,0.25373340167765435,True,0,converged,1556,2500,0.2514738159483177,-0.21331867496521256,0.00894524352645841
2,test,4056,2009-06-08,garch_1_1_t,innovation,0.2142063850254758,0.2444441152110225,True,0,converged,1557,2500,0.2382261848057172,-0.10628061241693842,0.02576613644992855
2,test,4057,2009-06-09,garch_1_1_t,innovation,0.2134580911456306,0.23588466637221836,True,0,converged,1558,2500,0.229305989237859,-0.07161679018141041,0.02828567457735978
2,test,4058,2009-06-10,garch_1_1_t,innovation,0.2133776860844048,0.22647491842453518,True,0,converged,1559,2500,0.2292418722640469,-0.07171388731882371,-0.01214345355718485
2,test,4059,2009-06-11,garch_1_1_t,innovation,0.2129631289872749,0.21834797262131672,True,0,converged,1560,2500,0.2112101899198932,0.008265248984194989,0.033236196498360064
2,test,4060,2009-06-12,garch_1_1_t,innovation,0.2292433453514457,0.20985805936293264,True,0,converged,1561,2500,0.2092522999010226,0.09124338233147126,0.0028906939202837166
2,test,4061,2009-06-15,garch_1_1_t,innovation,0.2148764884960876,0.22805407028389305,True,0,converged,1562,2500,0.2229778513454345,-0.037009054262391795,0.02251030600018095
2,test,4062,2009-06-16,garch_1_1_t,innovation,0.2330061277855801,0.22768145473439638,True,0,converged,1563,2500,0.2053836346290201,0.1261851340219538,0.10306790499585429
2,test,4063,2009-06-17,garch_1_1_t,innovation,0.2354071580131787,0.21879737749466577,True,0,converged,1564,2500,0.2053685886422687,0.13651024417619959,0.06333972655967206
2,test,4064,2009-06-18,garch_1_1_t,innovation,0.2339849263565139,0.21281807649616916,True,0,converged,1565,2500,0.2056111645271152,0.12926986172157912,0.03445086551904668
2,test,4065,2009-06-19,garch_1_1_t,innovation,0.2366163015024393,0.20516019739063762,True,0,converged,1566,2500,0.1995252479093176,0.17049906390797878,0.027850340392012726
2,test,4066,2009-06-22,garch_1_1_t,innovation,0.2111280043100817,0.24022040646030313,True,0,converged,1567,2500,0.2267868975316028,-0.07154619412708191,0.05754606299837027
2,test,4067,2009-06-23,garch_1_1_t,innovation,0.2111109752922518,0.23093693121963066,True,0,converged,1568,2500,0.2082827416300103,0.013487453063722721,0.1032481568185413
2,test,4068,2009-06-24,garch_1_1_t,innovation,0.2228488375700469,0.22528212059250904,True,0,converged,1569,2500,0.2005392327565935,0.10548378097861032,0.11634358386551517
2,test,4069,2009-06-25,garch_1_1_t,innovation,0.2098237464755361,0.23691109901582635,True,0,converged,1570,2500,0.2089174506451212,0.00432867485589622,0.12574576017346528
2,test,4070,2009-06-26,garch_1_1_t,innovation,0.2098809758561863,0.22806780499280224,True,0,converged,1571,2500,0.1996243893693303,0.050103040757098254,0.1332054274202798
2,test,4071,2009-06-29,garch_1_1_t,innovation,0.2079238115121159,0.22336351138834296,True,0,converged,1572,2500,0.1836727093743864,0.12401630144471315,0.1956451198590979
2,test,4072,2009-06-30,garch_1_1_t,innovation,0.2060951545953186,0.21779527621539888,True,0,converged,1573,2500,0.1858988488999118,0.10313527498168515,0.1583528189601034
2,test,4073,2009-07-01,garch_1_1_t,innovation,0.2088441385580366,0.2103265773214508,True,0,converged,1574,2500,0.1809149612220656,0.14356113187001077,0.15063435949709217
2,test,4074,2009-07-02,garch_1_1_t,innovation,0.1843710734831716,0.2369974838117538,True,0,converged,1575,2500,0.2031663576987509,-0.09707470898634066,0.15402438475953423
2,test,4075,2009-07-06,garch_1_1_t,innovation,0.1933020757279309,0.22789507354989694,True,0,converged,1576,2500,0.2031653536786706,-0.0497660730852409,0.1148651216825883
2,test,4076,2009-07-07,garch_1_1_t,innovation,0.1806276826483547,0.23579735257289236,True,0,converged,1577,2500,0.2142063850254758,-0.17050205548959524,0.09603279433558651
2,test,4077,2009-07-08,garch_1_1_t,innovation,0.180901250946364,0.22672995372229393,True,0,converged,1578,2500,0.2134580911456306,-0.16548921149682505,0.060319159128655264
2,test,4078,2009-07-09,garch_1_1_t,innovation,0.1817089115076946,0.2183657938233196,True,0,converged,1579,2500,0.2133776860844048,-0.16065775022618103,0.023107840318882116
2,test,4079,2009-07-10,garch_1_1_t,innovation,0.1873294141779417,0.21042124087597117,True,0,converged,1580,2500,0.2129631289872749,-0.12825040713076363,-0.012007616877512568
2,test,4080,2009-07-13,garch_1_1_t,innovation,0.1668955171664658,0.2288761718520102,True,0,converged,1581,2500,0.2292433453514457,-0.31741611189541996,-0.0016029597703991257
2,test,4081,2009-07-14,garch_1_1_t,innovation,0.1715864538350094,0.2215319930142248,True,0,converged,1582,2500,0.2148764884960876,-0.22497614736163135,0.03050362609838304
2,test,4082,2009-07-15,garch_1_1_t,innovation,0.1428550851540986,0.24855509198849263,True,0,converged,1583,2500,0.2330061277855801,-0.4892340268270257,0.06459976637930716
2,test,4083,2009-07-16,garch_1_1_t,innovation,0.1414227481372234,0.2426712227113483,True,0,converged,1584,2500,0.2354071580131787,-0.5095629837980252,0.030390932025398953
2,test,4084,2009-07-17,garch_1_1_t,innovation,0.1440439632491769,0.23343017668651717,True,0,converged,1585,2500,0.2339849263565139,-0.48513814268012334,-0.002373692791950313
2,test,4085,2009-07-20,garch_1_1_t,innovation,0.1648006870854484,0.22929220162289696,True,0,converged,1586,2500,0.2366163015024393,-0.361703061492301,-0.03144266837583836
2,test,4086,2009-07-21,garch_1_1_t,innovation,0.1663707847353208,0.2215779375511306,True,0,converged,1587,2500,0.2111280043100817,-0.238245664564656,0.04830978509638115
2,test,4087,2009-07-22,garch_1_1_t,innovation,0.169237434379206,0.21328574868589392,True,0,converged,1588,2500,0.2111109752922518,-0.22108127838827563,0.010248865305093606
2,test,4088,2009-07-23,garch_1_1_t,innovation,0.1547540117632087,0.22675270129560798,True,0,converged,1589,2500,0.2228488375700469,-0.3646568477948159,0.017366318845158765
2,test,4089,2009-07-24,garch_1_1_t,innovation,0.1687893049651082,0.21920547521345607,True,0,converged,1590,2500,0.2098237464755361,-0.21761665486534726,0.04374165711700821
2,test,4090,2009-07-27,garch_1_1_t,innovation,0.1684639361882585,0.21130702548637093,True,0,converged,1591,2500,0.2098809758561863,-0.21981889007012448,0.0067715845411103325
2,test,4091,2009-07-28,garch_1_1_t,innovation,0.1677814010588993,0.20441626089429252,True,0,converged,1592,2500,0.2079238115121159,-0.21450977383845862,-0.017013312350682663
2,test,4092,2009-07-29,garch_1_1_t,innovation,0.1675592844631908,0.19705424275754227,True,0,converged,1593,2500,0.2060951545953186,-0.2070007519128677,-0.04485894286599175
2,test,4093,2009-07-30,garch_1_1_t,innovation,0.1636570618745652,0.19519625294786622,True,0,converged,1594,2500,0.2088441385580366,-0.2438150729096628,-0.0675827473989667
2,test,4094,2009-07-31,garch_1_1_t,innovation,0.1635811284639277,0.1880560975942145,True,0,converged,1595,2500,0.1843710734831716,-0.11964136467720887,0.019789879273805197
2,test,4095,2009-08-03,garch_1_1_t,innovation,0.1561807482650021,0.1952665070023725,True,0,converged,1596,2500,0.1933020757279309,-0.21324014526640125,0.010111203520268475
2,test,4096,2009-08-04,garch_1_1_t,innovation,0.1748617915345853,0.188332049255868,True,0,converged,1597,2500,0.1806276826483547,-0.03244201155164295,0.04176871355583261
2,test,4097,2009-08-05,garch_1_1_t,innovation,0.1750821752797578,0.18185036797267495,True,0,converged,1598,2500,0.180901250946364,-0.032695870767941476,0.00523288742282092
2,test,4098,2009-08-06,garch_1_1_t,innovation,0.1765732702748104,0.17672451192784813,True,0,converged,1599,2500,0.1817089115076946,-0.02867010010424675,-0.02781392907858389
2,test,4099,2009-08-07,garch_1_1_t,innovation,0.1773993592310264,0.179934458531588,True,0,converged,1600,2500,0.1873294141779417,-0.054465182380443684,-0.040275974934683476
2,test,4100,2009-08-10,garch_1_1_t,innovation,0.1798441989027019,0.17378772959087402,True,0,converged,1601,2500,0.1668955171664658,0.07472294351474734,0.040466638686963076
2,test,4101,2009-08-11,garch_1_1_t,innovation,0.176335447982173,0.17646339160084465,True,0,converged,1602,2500,0.1715864538350094,0.02730089187326223,0.028026198251434094
2,test,4102,2009-08-12,garch_1_1_t,innovation,0.1759580690499991,0.1765679712490333,True,0,converged,1603,2500,0.1428550851540986,0.20841499671766114,0.21187518256402213
2,test,4103,2009-08-13,garch_1_1_t,innovation,0.1738736460797437,0.17352401527891245,True,0,converged,1604,2500,0.1414227481372234,0.20657524503015792,0.20456238796306844
2,test,4104,2009-08-14,garch_1_1_t,innovation,0.1725700266534344,0.1709214832143109,True,0,converged,1605,2500,0.1440439632491769,0.18068455238662265,0.17108573524303358
2,test,4105,2009-08-17,garch_1_1_t,innovation,0.1489258704550766,0.19842097413266854,True,0,converged,1606,2500,0.1648006870854484,-0.10128811825437356,0.18565411898318876
2,test,4106,2009-08-18,garch_1_1_t,innovation,0.1556751684512008,0.19419903059933932,True,0,converged,1607,2500,0.1663707847353208,-0.06644735764073824,0.15466462361192235
2,test,4107,2009-08-19,garch_1_1_t,innovation,0.1526440020981021,0.1909248876739569,True,0,converged,1608,2500,0.169237434379206,-0.10319423952491749,0.12057742637145212
2,test,4108,2009-08-20,garch_1_1_t,innovation,0.1482602377750758,0.18940932305429184,True,0,converged,1609,2500,0.1547540117632087,-0.04286774238691543,0.20207356830687936
2,test,4109,2009-08-21,garch_1_1_t,innovation,0.1315730906355552,0.20157676937350041,True,0,converged,1610,2500,0.1687893049651082,-0.24908870141371314,0.17751907733220648
2,test,4110,2009-08-24,garch_1_1_t,innovation,0.1331774756803573,0.19407319454493563,True,0,converged,1611,2500,0.1684639361882585,-0.2350390560205078,0.1415136810468326
2,test,4111,2009-08-25,garch_1_1_t,innovation,0.1362590488413785,0.18726643997585643,True,0,converged,1612,2500,0.1677814010588993,-0.20810410310208227,0.10987046752235602
2,test,4112,2009-08-26,garch_1_1_t,innovation,0.1418224587461942,0.18040194251958544,True,0,converged,1613,2500,0.1675592844631908,-0.1667612409216374,0.07385014967963661
2,test,4113,2009-08-27,garch_1_1_t,innovation,0.1428684096395112,0.17422720460491264,True,0,converged,1614,2500,0.1636570618745652,-0.13584915802672473,0.06258706870480205
2,test,4114,2009-08-28,garch_1_1_t,innovation,0.1561369915711305,0.16792049413487722,True,0,converged,1615,2500,0.1635811284639277,-0.04657529283021266,0.0261815523607098
2,test,4115,2009-08-31,garch_1_1_t,innovation,0.1532530653856664,0.16687840897356693,True,0,converged,1616,2500,0.1561807482650021,-0.018923402132596027,0.06625147798642557
2,test,4116,2009-09-01,garch_1_1_t,innovation,0.1319363981947445,0.1885886887255119,True,0,converged,1617,2500,0.1748617915345853,-0.28167592462707286,0.07557249421934804
2,test,4117,2009-09-02,garch_1_1_t,innovation,0.1581025391207191,0.18271958443728387,True,0,converged,1618,2500,0.1750821752797578,-0.1020116324297244,0.042697215414930684
2,test,4118,2009-09-03,garch_1_1_t,innovation,0.1563416916649437,0.17979621619885675,True,0,converged,1619,2500,0.1765732702748104,-0.12169197611016559,0.018088158048955267
2,test,4119,2009-09-04,garch_1_1_t,innovation,0.157387644719938,0.18379781617467592,True,0,converged,1620,2500,0.1773993592310264,-0.11969162102703654,0.03543287045242451
2,test,4120,2009-09-08,garch_1_1_t,innovation,0.1624529101084668,0.18108120953153717,True,0,converged,1621,2500,0.1798441989027019,-0.1017027385973546,0.006854687664077595
2,test,4121,2009-09-09,garch_1_1_t,innovation,0.1604662168570082,0.1778008526214845,True,0,converged,1622,2500,0.176335447982173,-0.09430470191337034,0.008275983008985001
2,test,4122,2009-09-10,garch_1_1_t,innovation,0.158682165517516,0.17724202873511816,True,0,converged,1623,2500,0.1759580690499991,-0.10334247999360284,0.00727046990631931
2,test,4123,2009-09-11,garch_1_1_t,innovation,0.1601408616288834,0.1708459149236083,True,0,converged,1624,2500,0.1738736460797437,-0.08227505036584506,-0.017566795502600967
2,test,4124,2009-09-14,garch_1_1_t,innovation,0.1598131288388455,0.16628944609792906,True,0,converged,1625,2500,0.1725700266534344,-0.07679791781185834,-0.037073184555538874
2,test,4125,2009-09-15,garch_1_1_t,innovation,0.1592915772226596,0.16141096768856744,True,0,converged,1626,2500,0.1489258704550766,0.06728767341728524,0.08050503856775675
2,test,4126,2009-09-16,garch_1_1_t,innovation,0.1618707984011374,0.1693149442451021,True,0,converged,1627,2500,0.1556751684512008,0.03902689346622283,0.08398897320791804
2,test,4127,2009-09-17,garch_1_1_t,innovation,0.162303079046538,0.16342781449059884,True,0,converged,1628,2500,0.1526440020981021,0.06135701911619342,0.06826296470781448
2,test,4128,2009-09-18,garch_1_1_t,innovation,0.1644575911505093,0.15781128066888014,True,0,converged,1629,2500,0.1482602377750758,0.1036836394137427,0.0624307999870067
2,test,4129,2009-09-21,garch_1_1_t,innovation,0.166790101308488,0.15266067189556043,True,0,converged,1630,2500,0.1315730906355552,0.23717362396092875,0.1486551080860367
2,test,4130,2009-09-22,garch_1_1_t,innovation,0.1665719378731333,0.14970951971080546,True,0,converged,1631,2500,0.1331774756803573,0.22374463309965495,0.11701423901805116
2,test,4131,2009-09-23,garch_1_1_t,innovation,0.1670165764594756,0.14953239984613842,True,0,converged,1632,2500,0.1362590488413785,0.2035352228743865,0.09295524587612973
2,test,4132,2009-09-24,garch_1_1_t,innovation,0.1662405578032843,0.1524278508816976,True,0,converged,1633,2500,0.1418224587461942,0.15885989793863983,0.07211539030742763
2,test,4133,2009-09-25,garch_1_1_t,innovation,0.1701227917737777,0.14935172092992316,True,0,converged,1634,2500,0.1428684096395112,0.17459648657198287,0.04438007310048602
2,test,4134,2009-09-28,garch_1_1_t,innovation,0.1626854804667879,0.16405347888276556,True,0,converged,1635,2500,0.1561369915711305,0.04108499610696622,0.049458692419303334
2,test,4135,2009-09-29,garch_1_1_t,innovation,0.163150289359103,0.15893480823244083,True,0,converged,1636,2500,0.1532530653856664,0.06258121948199502,0.03640352989311014
2,test,4136,2009-09-30,garch_1_1_t,innovation,0.1760957103331817,0.1544413177639475,True,0,converged,1637,2500,0.1319363981947445,0.288707681328935,0.15749422927962264
2,test,4137,2009-10-01,garch_1_1_t,innovation,0.1700469641883432,0.1848334192941862,True,0,converged,1638,2500,0.1581025391207191,0.07283085452287962,0.1562111788883822
2,test,4138,2009-10-02,garch_1_1_t,innovation,0.1987401125544039,0.17951091567172395,True,0,converged,1639,2500,0.1563416916649437,0.23995406098629826,0.13819207446430432
2,test,4139,2009-10-05,garch_1_1_t,innovation,0.1934031382416498,0.18502100064669136,True,0,converged,1640,2500,0.157387644719938,0.2060649727355875,0.16175749880395843
2,test,4140,2009-10-06,garch_1_1_t,innovation,0.187033603547928,0.1890986530428502,True,0,converged,1641,2500,0.1624529101084668,0.14090012300166188,0.15188067682399997
2,test,4141,2009-10-07,garch_1_1_t,innovation,0.1870033538892857,0.1826259496380353,True,0,converged,1642,2500,0.1604662168570082,0.1530431183881974,0.12935663644945206
2,test,4142,2009-10-08,garch_1_1_t,innovation,0.1960213464954409,0.17942483369897358,True,0,converged,1643,2500,0.158682165517516,0.21132032136536885,0.12285312383449207
2,test,4143,2009-10-09,garch_1_1_t,innovation,0.1950515297268984,0.17524842922769335,True,0,converged,1644,2500,0.1601408616288834,0.19720996556165613,0.09015074973449728
2,test,4144,2009-10-12,garch_1_1_t,innovation,0.2103395508678784,0.16999982544569475,True,0,converged,1645,2500,0.1598131288388455,0.2747179459247084,0.061792222362098526
2,test,4145,2009-10-13,garch_1_1_t,innovation,0.2102152543678673,0.16433396846399814,True,0,converged,1646,2500,0.1592915772226596,0.277395684704317,0.03116440842218558
2,test,4146,2009-10-14,garch_1_1_t,innovation,0.2021055396682577,0.1755036675108631,True,0,converged,1647,2500,0.1618707984011374,0.22199155827077502,0.08086146389151166
2,test,4147,2009-10-15,garch_1_1_t,innovation,0.204925630236762,0.17009942619856175,True,0,converged,1648,2500,0.162303079046538,0.23318168831658392,0.04691768040923885
2,test,4148,2009-10-16,garch_1_1_t,innovation,0.2040886965806195,0.16749940123293877,True,0,converged,1649,2500,0.1644575911505093,0.2159019540996222,0.018327044118062946
2,test,4149,2009-10-19,garch_1_1_t,innovation,0.2083546774226125,0.16563410110104307,True,0,converged,1650,2500,0.166790101308488,0.2225056639586737,-0.006954998215526385
2,test,4150,2009-10-20,garch_1_1_t,innovation,0.2075487237896152,0.1616383145552387,True,0,converged,1651,2500,0.1665719378731333,0.21993885014246572,-0.03006606240339993
2,test,4151,2009-10-21,garch_1_1_t,innovation,0.2050738265194422,0.16105890951469262,True,0,converged,1652,2500,0.1670165764594756,0.20527697594336167,-0.03632287206012005
2,test,4152,2009-10-22,garch_1_1_t,innovation,0.2072069734532168,0.16173802285574146,True,0,converged,1653,2500,0.1662405578032843,0.22028228272638986,-0.027457999375178684
2,test,4153,2009-10-23,garch_1_1_t,innovation,0.2035389427436744,0.1641686556136246,True,0,converged,1654,2500,0.1701227917737777,0.17933687054300715,-0.035626193581924585
2,test,4154,2009-10-26,garch_1_1_t,innovation,0.2047993586058425,0.16548736929594346,True,0,converged,1655,2500,0.1626854804667879,0.23021199224863986,0.017076104346803223
2,test,4155,2009-10-27,garch_1_1_t,innovation,0.2042214350494342,0.16106955677843235,True,0,converged,1656,2500,0.163150289359103,0.22453307446578796,-0.012835495248635954
2,test,4156,2009-10-28,garch_1_1_t,innovation,0.1930817401598027,0.17649764730810524,True,0,converged,1657,2500,0.1760957103331817,0.09208596744886671,0.002279890646350944
2,test,4157,2009-10-29,garch_1_1_t,innovation,0.1870442193242225,0.19414166894325802,True,0,converged,1658,2500,0.1700469641883432,0.09527039704618621,0.13251348601475527
2,test,4158,2009-10-30,garch_1_1_t,innovation,0.1556812077382705,0.22791764709780774,True,0,converged,1659,2500,0.1987401125544039,-0.24418762790993653,0.13698636262465635
2,test,4159,2009-11-02,garch_1_1_t,innovation,0.1595853215207156,0.2214526622330041,True,0,converged,1660,2500,0.1934031382416498,-0.19219809921193975,0.1354320425447755
2,test,4160,2009-11-03,garch_1_1_t,innovation,0.1591989175794923,0.21350758959043725,True,0,converged,1661,2500,0.187033603547928,-0.16113382456469946,0.132384081641734
2,test,4161,2009-11-04,garch_1_1_t,innovation,0.1613606188690992,0.20578721285302384,True,0,converged,1662,2500,0.1870033538892857,-0.14748482296042092,0.09571613568584744
2,test,4162,2009-11-05,garch_1_1_t,innovation,0.149192376253204,0.21381887062655328,True,0,converged,1663,2500,0.1960213464954409,-0.2729869750256974,0.08690569369147824
2,test,4163,2009-11-06,garch_1_1_t,innovation,0.1490023640142375,0.2060885811385872,True,0,converged,1664,2500,0.1950515297268984,-0.26930160697731353,0.05504230322654448
2,test,4164,2009-11-09,garch_1_1_t,innovation,0.1318366463771697,0.2219640815095534,True,0,converged,1665,2500,0.2103395508678784,-0.46715950505105036,0.053792439957731
2,test,4165,2009-11-10,garch_1_1_t,innovation,0.1325026647844556,0.2135635029695379,True,0,converged,1666,2500,0.2102152543678673,-0.46152926973688807,0.015802199697530845
2,test,4166,2009-11-11,garch_1_1_t,innovation,0.1327639687145881,0.20679597042169007,True,0,converged,1667,2500,0.2021055396682577,-0.42021715425647516,0.02294262249145584
2,test,4167,2009-11-12,garch_1_1_t,innovation,0.1285948888447987,0.20445606328589783,True,0,converged,1668,2500,0.204925630236762,-0.46598006756872756,-0.002294031043505342
2,test,4168,2009-11-13,garch_1_1_t,innovation,0.1294424902448427,0.19833501063134912,True,0,converged,1669,2500,0.2040886965806195,-0.4553179947829016,-0.02859711270502154
2,test,4169,2009-11-16,garch_1_1_t,innovation,0.1200662731170898,0.20121984289872677,True,0,converged,1670,2500,0.2083546774226125,-0.5511979411394781,-0.03484375132925106
2,test,4170,2009-11-17,garch_1_1_t,innovation,0.1201177824514498,0.19389711742348384,True,0,converged,1671,2500,0.2075487237896152,-0.5468933437157402,-0.06803842971709793
2,test,4171,2009-11-18,garch_1_1_t,innovation,0.1275344680426219,0.1868689488085117,True,0,converged,1672,2500,0.2050738265194422,-0.47498337801747603,-0.0929624810076468
2,test,4172,2009-11-19,garch_1_1_t,innovation,0.1204092122300889,0.18893115774373628,True,0,converged,1673,2500,0.2072069734532168,-0.5428221219945787,-0.09233546151695494
2,test,4173,2009-11-20,garch_1_1_t,innovation,0.1250083139512308,0.1827559410700963,True,0,converged,1674,2500,0.2035389427436744,-0.4874771047081679,-0.10770574403155073
2,test,4174,2009-11-23,garch_1_1_t,innovation,0.1173956891055701,0.1845743390608089,True,0,converged,1675,2500,0.2047993586058425,-0.5564805743472817,-0.10397845728482168
2,test,4175,2009-11-24,garch_1_1_t,innovation,0.1174774250046074,0.17808984877361878,True,0,converged,1676,2500,0.2042214350494342,-0.5529586835756639,-0.1369166797501479
2,test,4176,2009-11-25,garch_1_1_t,innovation,0.1180126673142792,0.17243491915233253,True,0,converged,1677,2500,0.1930817401598027,-0.49232165456284255,-0.11309373838093359
2,test,4177,2009-11-27,garch_1_1_t,innovation,0.1029653100921924,0.1808169046483991,True,0,converged,1678,2500,0.1870442193242225,-0.5969529195951756,-0.033860113126328695
2,test,4178,2009-11-30,garch_1_1_t,innovation,0.1023885323567456,0.17500504543690737,True,0,converged,1679,2500,0.1556812077382705,-0.41903565860253367,0.11700442834286727
2,test,4179,2009-12-01,garch_1_1_t,innovation,0.0926327537760192,0.17707087718042536,True,0,converged,1680,2500,0.1595853215207156,-0.5439359187699594,0.10397137810372412
2,test,4180,2009-12-02,garch_1_1_t,innovation,0.0987431707043406,0.17079305016911064,True,0,converged,1681,2500,0.1591989175794923,-0.47763223029802915,0.07029811638683615
2,test,4181,2009-12-03,garch_1_1_t,innovation,0.1119690630537298,0.16834470690764897,True,0,converged,1682,2500,0.1613606188690992,-0.3654191185661402,0.042371975142645596
2,test,4182,2009-12-04,garch_1_1_t,innovation,0.1105305027630101,0.16426382935987602,True,0,converged,1683,2500,0.149192376253204,-0.2999450629964225,0.09623726187083194
2,test,4183,2009-12-07,garch_1_1_t,innovation,0.1104247860170405,0.1586352624797427,True,0,converged,1684,2500,0.1490023640142375,-0.29962755201887925,0.06264544873866053
2,test,4184,2009-12-08,garch_1_1_t,innovation,0.1041539892681664,0.16054700661746224,True,0,converged,1685,2500,0.1318366463771697,-0.23569315869493343,0.1970231470402283
2,test,4185,2009-12-09,garch_1_1_t,innovation,0.1039740699727709,0.15577747859019764,True,0,converged,1686,2500,0.1325026647844556,-0.24246121593555128,0.1618258128466248
2,test,4186,2009-12-10,garch_1_1_t,innovation,0.1021689123857835,0.15233880954420126,True,0,converged,1687,2500,0.1327639687145881,-0.26194543290405337,0.13753417013963742
2,test,4187,2009-12-11,garch_1_1_t,innovation,0.1063878257600228,0.14871288785943582,True,0,converged,1688,2500,0.1285948888447987,-0.1895759156040006,0.14535045349867282
2,test,4188,2009-12-14,garch_1_1_t,innovation,0.107815612446332,0.146629181702575,True,0,converged,1689,2500,0.1294424902448427,-0.18281421585226307,0.12467013454895105
2,test,4189,2009-12-15,garch_1_1_t,innovation,0.1069702315935039,0.14316601671532694,True,0,converged,1690,2500,0.1200662731170898,-0.11549327996155981,0.17596104661325662
2,test,4190,2009-12-16,garch_1_1_t,innovation,0.1140996340176739,0.13884173171512737,True,0,converged,1691,2500,0.1201177824514498,-0.05140073252932847,0.1448618818205433
2,test,4191,2009-12-17,garch_1_1_t,innovation,0.114542979376771,0.14437274059330593,True,0,converged,1692,2500,0.1275344680426219,-0.1074365473548579,0.12401176593037636
2,test,4192,2009-12-18,garch_1_1_t,innovation,0.1184688960575877,0.14175920768390823,True,0,converged,1693,2500,0.1204092122300889,-0.016245597892196182,0.16323385421728187
2,test,4193,2009-12-21,garch_1_1_t,innovation,0.1322740783230741,0.14401892068698302,True,0,converged,1694,2500,0.1250083139512308,0.05649587418104358,0.1415644379038656
2,test,4194,2009-12-22,garch_1_1_t,innovation,0.1540741829428708,0.1401440134442044,True,0,converged,1695,2500,0.1173956891055701,0.2718840068453364,0.1771203743463305
2,test,4195,2009-12-23,garch_1_1_t,innovation,0.1549827738231356,0.13583791566492578,True,0,converged,1696,2500,0.1174774250046074,0.2770677866132073,0.1452161908953303
2,test,4196,2009-12-24,garch_1_1_t,innovation,0.1547925132276801,0.13302785668019296,True,0,converged,1697,2500,0.1180126673142792,0.2712936269987066,0.11976658618862454
2,test,4197,2009-12-28,garch_1_1_t,innovation,0.1555224608043005,0.12904152302115796,True,0,converged,1698,2500,0.1029653100921924,0.4123980273799107,0.22574210017315935
2,test,4198,2009-12-29,garch_1_1_t,innovation,0.1607482662136862,0.1250777657246352,True,0,converged,1699,2500,0.1023885323567456,0.45106485982208694,0.2001609520288062
2,test,4199,2009-12-30,garch_1_1_t,innovation,0.1653562651327793,0.12110961096621019,True,0,converged,1700,2500,0.0926327537760192,0.5794595372440523,0.2680532196980968
2,test,4200,2009-12-31,garch_1_1_t,innovation,0.1707949574850281,0.12499541171996945,True,0,converged,1701,2500,0.0987431707043406,0.5479415140319309,0.23575478642301884
2,test,4201,2010-01-04,garch_1_1_t,innovation,0.1656238130875061,0.14174655645235668,True,0,converged,1702,2500,0.1119690630537298,0.39149642004668167,0.2358180388036985
2,test,4202,2010-01-05,garch_1_1_t,innovation,0.1663058369451575,0.13756681921007688,True,0,converged,1703,2500,0.1105305027630101,0.40853695850234645,0.2188182309897142
2,test,4203,2010-01-06,garch_1_1_t,innovation,0.2000922132261153,0.13313272955327793,True,0,converged,1704,2500,0.1104247860170405,0.5944437067522008,0.18701197748209183
2,test,4204,2010-01-07,garch_1_1_t,innovation,0.1996674005623829,0.13031846621291363,True,0,converged,1705,2500,0.1041539892681664,0.6507825149688438,0.22411072475680688
2,test,4205,2010-01-08,garch_1_1_t,innovation,0.2009716387690148,0.1271494489634047,True,0,converged,1706,2500,0.1039740699727709,0.6590222565824871,0.20122161723722623
2,test,4206,2010-01-11,garch_1_1_t,innovation,0.205738550276736,0.12332387213961826,True,0,converged,1707,2500,0.1021689123857835,0.6999787418888883,0.18818655424204042
2,test,4207,2010-01-12,garch_1_1_t,innovation,0.2031514312514283,0.126410918540428,True,0,converged,1708,2500,0.1063878257600228,0.6468605168902123,0.17244670802749185
2,test,4208,2010-01-13,garch_1_1_t,innovation,0.204316030806767,0.12794446760861508,True,0,converged,1709,2500,0.107815612446332,0.6392454898622755,0.17117384709676467
2,test,4209,2010-01-14,garch_1_1_t,innovation,0.2041123668214974,0.12448698697494832,True,0,converged,1710,2500,0.1069702315935039,0.6461200736042552,0.15165060180437115
2,test,4210,2010-01-15,garch_1_1_t,innovation,0.2076728229533013,0.13034901642970384,True,0,converged,1711,2500,0.1140996340176739,0.598891825414661,0.1331435454355408
2,test,4211,2010-01-19,garch_1_1_t,innovation,0.2036333667038719,0.13740380701664834,True,0,converged,1712,2500,0.114542979376771,0.5753710365650248,0.18197396865095736
2,test,4212,2010-01-20,garch_1_1_t,innovation,0.2014590311502411,0.14034015766689456,True,0,converged,1713,2500,0.1184688960575877,0.5309355957664564,0.16941872769274657
2,test,4213,2010-01-21,garch_1_1_t,innovation,0.189446853343381,0.1601452276489245,True,0,converged,1714,2500,0.1322740783230741,0.35923240701472275,0.19120495547235047
2,test,4214,2010-01-22,garch_1_1_t,innovation,0.1717151631322471,0.18410574892410755,True,0,converged,1715,2500,0.1540741829428708,0.108402881930874,0.17807612108184429
2,test,4215,2010-01-25,garch_1_1_t,innovation,0.1761754937461735,0.17854398215484266,True,0,converged,1716,2500,0.1549827738231356,0.1281666476802965,0.14152099537692442
2,test,4216,2010-01-26,garch_1_1_t,innovation,0.1785270601989214,0.1729224389889897,True,0,converged,1717,2500,0.1547925132276801,0.14265459165920696,0.1107575686008595
2,test,4217,2010-01-27,garch_1_1_t,innovation,0.177795702423983,0.16797930944047898,True,0,converged,1718,2500,0.1555224608043005,0.1338449882840791,0.07705065006642611
2,test,4218,2010-01-28,garch_1_1_t,innovation,0.1730283123685549,0.1696916978886676,True,0,converged,1719,2500,0.1607482662136862,0.07361565896464056,0.05414367130835791
2,test,4219,2010-01-29,garch_1_1_t,innovation,0.1725665292804065,0.17066216110523671,True,0,converged,1720,2500,0.1653562651327793,0.042680510266344486,0.031583607410232896
2,test,4220,2010-02-01,garch_1_1_t,innovation,0.1639375285010068,0.1779604271361711,True,0,converged,1721,2500,0.1707949574850281,-0.04097832651731925,0.041097448118459494
2,test,4221,2010-02-02,garch_1_1_t,innovation,0.1583089570180361,0.17947015400234254,True,0,converged,1722,2500,0.1656238130875061,-0.04517048261211622,0.0802898906853054
2,test,4222,2010-02-03,garch_1_1_t,innovation,0.1576803590288267,0.17437792674455896,True,0,converged,1723,2500,0.1663058369451575,-0.05325854468367532,0.047396452161534576
2,test,4223,2010-02-04,garch_1_1_t,innovation,0.1225232288440351,0.21799590505265004,True,0,converged,1724,2500,0.2000922132261153,-0.49047769119510004,0.08569795203022355
2,test,4224,2010-02-05,garch_1_1_t,innovation,0.1223051906343369,0.20973753835212527,True,0,converged,1725,2500,0.1996674005623829,-0.4901335014347122,0.049203946628366
2,test,4225,2010-02-08,garch_1_1_t,innovation,0.1197153562822436,0.2041269341145362,True,0,converged,1726,2500,0.2009716387690148,-0.5180469033732182,0.015578228941723992
2,test,4226,2010-02-09,garch_1_1_t,innovation,0.1123278999052567,0.20392882169261115,True,0,converged,1727,2500,0.205738550276736,-0.6051839175744798,-0.008835169604685283
2,test,4227,2010-02-10,garch_1_1_t,innovation,0.1130832788992716,0.19627029430262954,True,0,converged,1728,2500,0.2031514312514283,-0.585827139018303,-0.034458905927398746
2,test,4228,2010-02-11,garch_1_1_t,innovation,0.1068736266584088,0.1944470366082978,True,0,converged,1729,2500,0.204316030806767,-0.6480208885441162,-0.04950814511780786
2,test,4229,2010-02-12,garch_1_1_t,innovation,0.1068367039620259,0.1871710822158243,True,0,converged,1730,2500,0.2041123668214974,-0.6473691224107498,-0.08664758318411132
2,test,4230,2010-02-16,garch_1_1_t,innovation,0.0955810456711969,0.1929468444536062,True,0,converged,1731,2500,0.2076728229533013,-0.7759893413577533,-0.07354914108817524
2,test,4231,2010-02-17,garch_1_1_t,innovation,0.0964074612881588,0.1868531101467728,True,0,converged,1732,2500,0.2036333667038719,-0.7477375569871257,-0.08599835391760247
2,test,4232,2010-02-18,garch_1_1_t,innovation,0.0941415497059051,0.18198082913451843,True,0,converged,1733,2500,0.2014590311502411,-0.7607865438078256,-0.10168469425790137
2,test,4233,2010-02-19,garch_1_1_t,innovation,0.0955507823170531,0.17550841402269254,True,0,converged,1734,2500,0.189446853343381,-0.6844506697284041,-0.07642154299018508
2,test,4234,2010-02-22,garch_1_1_t,innovation,0.0974202195372731,0.16914603966755695,True,0,converged,1735,2500,0.1717151631322471,-0.566803293892734,-0.015074593968230765
2,test,4235,2010-02-23,garch_1_1_t,innovation,0.0906887108770751,0.17165714650079208,True,0,converged,1736,2500,0.1761754937461735,-0.6640477390494139,-0.025981468617603757
2,test,4236,2010-02-24,garch_1_1_t,innovation,0.0864091269959579,0.1703739901705295,True,0,converged,1737,2500,0.1785270601989214,-0.7256468807248212,-0.04674422458271823
2,test,4237,2010-02-25,garch_1_1_t,innovation,0.0864685872780779,0.16487613669285683,True,0,converged,1738,2500,0.177795702423983,-0.7208539568166681,-0.07544064665968177
2,test,4238,2010-02-26,garch_1_1_t,innovation,0.0864641456635058,0.15898635445365997,True,0,converged,1739,2500,0.1730283123685549,-0.6937254094086603,-0.08463685892604446
2,test,4239,2010-03-01,garch_1_1_t,innovation,0.0814433148864032,0.15994363544562448,True,0,converged,1740,2500,0.1725665292804065,-0.750875583712668,-0.0759613644006809
2,test,4240,2010-03-02,garch_1_1_t,innovation,0.080885089894524,0.15484270012174872,True,0,converged,1741,2500,0.1639375285010068,-0.7064559273120861,-0.05707566778157831
2,test,4241,2010-03-03,garch_1_1_t,innovation,0.081726042466585,0.1494546185162703,True,0,converged,1742,2500,0.1583089570180361,-0.6611758395239749,-0.05755575616512025
2,test,4242,2010-03-04,garch_1_1_t,innovation,0.0845483359841653,0.14496574334824636,True,0,converged,1743,2500,0.1576803590288267,-0.6232465454864481,-0.0840724780499773
2,test,4243,2010-03-05,garch_1_1_t,innovation,0.0737841580974309,0.15333738725428825,True,0,converged,1744,2500,0.1225232288440351,-0.5071565865879084,0.2243400038552752
2,test,4244,2010-03-08,garch_1_1_t,innovation,0.0742531693828489,0.14801812481419002,True,0,converged,1745,2500,0.1223051906343369,-0.4990390215477492,0.19081524761617602
2,test,4245,2010-03-09,garch_1_1_t,innovation,0.0767610003852919,0.14309811500959443,True,0,converged,1746,2500,0.1197153562822436,-0.444420190385994,0.17841361985756835
2,test,4246,2010-03-10,garch_1_1_t,innovation,0.0761297244517952,0.13958475569229753,True,0,converged,1747,2500,0.1123278999052567,-0.38898348585005965,0.21724971273510923
2,test,4247,2010-03-11,garch_1_1_t,innovation,0.0781877822246604,0.13619425889137585,True,0,converged,1748,2500,0.1130832788992716,-0.36901113087578136,0.1859577120969114
2,test,4248,2010-03-12,garch_1_1_t,innovation,0.0783903426730996,0.1316569754166577,True,0,converged,1749,2500,0.1068736266584088,-0.30994633761555845,0.20855279189906328
2,test,4249,2010-03-15,garch_1_1_t,innovation,0.0784301916283311,0.12728714425917967,True,0,converged,1750,2500,0.1068367039620259,-0.3090925870159199,0.17514397517033772
2,test,4250,2010-03-16,garch_1_1_t,innovation,0.0834447991728016,0.12839121019061248,True,0,converged,1751,2500,0.0955810456711969,-0.13578920787108947,0.29510739909104733
2,test,4251,2010-03-17,garch_1_1_t,innovation,0.0808171749491133,0.12711412094398664,True,0,converged,1752,2500,0.0964074612881588,-0.17639409368558168,0.27650167520223473
2,test,4252,2010-03-18,garch_1_1_t,innovation,0.0988416407666547,0.1230473348772617,True,0,converged,1753,2500,0.0941415497059051,0.0487194836587449,0.2677696201892961
2,test,4253,2010-03-19,garch_1_1_t,innovation,0.098115587369304,0.12126271229504747,True,0,converged,1754,2500,0.0955507823170531,0.02648838843496174,0.23830150982466294
2,test,4254,2010-03-22,garch_1_1_t,innovation,0.1012999783268246,0.11985954031898133,True,0,converged,1755,2500,0.0974202195372731,0.03905241541498229,0.2072867779839547
2,test,4255,2010-03-23,garch_1_1_t,innovation,0.0984298280211341,0.12026062680195337,True,0,converged,1756,2500,0.0906887108770751,0.08191100567051506,0.2822283949055962
2,test,4256,2010-03-24,garch_1_1_t,innovation,0.0974776354356496,0.11867828133697643,True,0,converged,1757,2500,0.0864091269959579,0.12052966478681283,0.3173230070713741
2,test,4257,2010-03-25,garch_1_1_t,innovation,0.1000264664176056,0.11529150138799468,True,0,converged,1758,2500,0.0864685872780779,0.1456536200194863,0.28768252074069894
2,test,4258,2010-03-26,garch_1_1_t,innovation,0.1009124000657945,0.11203437743962064,True,0,converged,1759,2500,0.0864641456635058,0.1545229874065112,0.25907593861478145
2,test,4259,2010-03-29,garch_1_1_t,innovation,0.129998542910885,0.1124407367904499,True,0,converged,1760,2500,0.0814433148864032,0.46761598662260256,0.32251904336774406
2,test,4260,2010-03-30,garch_1_1_t,innovation,0.1327226067292256,0.10929346819062184,True,0,converged,1761,2500,0.080885089894524,0.4952317823383876,0.3010071288503231
2,test,4261,2010-03-31,garch_1_1_t,innovation,0.1391944049542244,0.10725894997580349,True,0,converged,1762,2500,0.081726042466585,0.5324988444835382,0.2718732956696349
2,test,4262,2010-04-01,garch_1_1_t,innovation,0.1498648067256808,0.10866825008518893,True,0,converged,1763,2500,0.0845483359841653,0.5724102048948014,0.25097626962722486
2,test,4263,2010-04-05,garch_1_1_t,innovation,0.1539879444587511,0.11173056384494369,True,0,converged,1764,2500,0.0737841580974309,0.7357302679767169,0.4149462444047497
2,test,4264,2010-04-06,garch_1_1_t,innovation,0.1754332193591947,0.10902524798855896,True,0,converged,1765,2500,0.0742531693828489,0.8597779919566201,0.38409902626622733
2,test,4265,2010-04-07,garch_1_1_t,innovation,0.175536397564705,0.1090402113512755,True,0,converged,1766,2500,0.0767610003852919,0.8271497112413754,0.35102002198506427
2,test,4266,2010-04-08,garch_1_1_t,innovation,0.2121827477708852,0.10708412457372157,True,0,converged,1767,2500,0.0761297244517952,1.0250091352668007,0.34117595066087003
2,test,4267,2010-04-09,garch_1_1_t,innovation,0.2175356252339721,0.10817443090533455,True,0,converged,1768,2500,0.0781877822246604,1.0232492334865209,0.32463162741802015
2,test,4268,2010-04-12,garch_1_1_t,innovation,0.2658827116006557,0.10538072554232358,True,0,converged,1769,2500,0.0783903426730996,1.2213545381306667,0.295879010188148
2,test,4269,2010-04-13,garch_1_1_t,innovation,0.266060983234295,0.10254848569071662,True,0,converged,1770,2500,0.0784301916283311,1.221516592259312,0.2681267673378803
2,test,4270,2010-04-14,garch_1_1_t,innovation,0.267607939441741,0.11209048729115015,True,0,converged,1771,2500,0.0834447991728016,1.1653376713876882,0.2951211418529433
2,test,4271,2010-04-15,garch_1_1_t,innovation,0.2712507520056961,0.10889066763458499,True,0,converged,1772,2500,0.0808171749491133,1.2108541730315463,0.29815482542412486
2,test,4272,2010-04-16,garch_1_1_t,innovation,0.2730223099863204,0.1279305846720883,True,0,converged,1773,2500,0.0988416407666547,1.016034532195715,0.25796882835671237
2,test,4273,2010-04-19,garch_1_1_t,innovation,0.2727018053272347,0.12496706968221401,True,0,converged,1774,2500,0.098115587369304,1.0222326634221706,0.24190401345025855
2,test,4274,2010-04-20,garch_1_1_t,innovation,0.2751976055943531,0.12743722904121002,True,0,converged,1775,2500,0.1012999783268246,0.9994032081152074,0.2295377248189579
2,test,4275,2010-04-21,garch_1_1_t,innovation,0.2758671790102715,0.12359259015850177,True,0,converged,1776,2500,0.0984298280211341,1.0305756259965873,0.22764670463299252
2,test,4276,2010-04-22,garch_1_1_t,innovation,0.3076669392143217,0.12048158853745787,True,0,converged,1777,2500,0.0974776354356496,1.1493948601430817,0.21187397749155434
2,test,4277,2010-04-23,garch_1_1_t,innovation,0.3111040800007579,0.12038935230231466,True,0,converged,1778,2500,0.1000264664176056,1.1346927034273655,0.18529627778997515
2,test,4278,2010-04-26,garch_1_1_t,innovation,0.31419719413656,0.11795898505973647,True,0,converged,1779,2500,0.1009124000657945,1.1357679811837067,0.15608416538961384
2,test,4279,2010-04-27,garch_1_1_t,innovation,0.3025135182123071,0.1566363345305633,True,0,converged,1780,2500,0.129998542910885,0.8446027227625906,0.18640353589693565
2,test,4280,2010-04-28,garch_1_1_t,innovation,0.3020775002837944,0.15478331476077334,True,0,converged,1781,2500,0.1327226067292256,0.8224223214027149,0.15376488305694316
2,test,4281,2010-04-29,garch_1_1_t,innovation,0.3209726883723213,0.15924641442546064,True,0,converged,1782,2500,0.1391944049542244,0.8354844837598442,0.13458122601893285
2,test,4282,2010-04-30,garch_1_1_t,innovation,0.318381057093472,0.17177428205841525,True,0,converged,1783,2500,0.1498648067256808,0.7535153589511124,0.136447702165886
2,test,4283,2010-05-03,garch_1_1_t,innovation,0.3207913206641393,0.17535627881587723,True,0,converged,1784,2500,0.1539879444587511,0.7339165037260164,0.12994546666432977
2,test,4284,2010-05-04,garch_1_1_t,innovation,0.3226441525449608,0.20069046261908352,True,0,converged,1785,2500,0.1754332193591947,0.6092915669841587,0.13450528007127815
2,test,4285,2010-05-05,garch_1_1_t,innovation,0.3221776903061623,0.19441616332277184,True,0,converged,1786,2500,0.175536397564705,0.6072568116554461,0.10215461830053915
2,test,4286,2010-05-06,garch_1_1_t,innovation,0.3248973121858292,0.24297096140706392,True,0,converged,1787,2500,0.2121827477708852,0.4260612487626766,0.13549401468210526
2,test,4287,2010-05-07,garch_1_1_t,innovation,0.3235728978085654,0.24304111088581487,True,0,converged,1788,2500,0.2175356252339721,0.3970617982451164,0.11086797833606699
2,test,4288,2010-05-10,garch_1_1_t,innovation,0.2876214360788652,0.3086603008237961,True,0,converged,1789,2500,0.2658827116006557,0.07858987970899753,0.14918604437472222
2,test,4289,2010-05-11,garch_1_1_t,innovation,0.2880733779788152,0.2948169812262379,True,0,converged,1790,2500,0.266060983234295,0.07948968954763162,0.10262921840267394
2,test,4290,2010-05-12,garch_1_1_t,innovation,0.3016878781416117,0.2893098258143598,True,0,converged,1791,2500,0.267607939441741,0.11986996996271163,0.07797517862735942
2,test,4291,2010-05-13,garch_1_1_t,innovation,0.2988975232237697,0.283114236806245,True,0,converged,1792,2500,0.2712507520056961,0.09705710572962255,0.04280680259724543
2,test,4292,2010-05-14,garch_1_1_t,innovation,0.2918293138052051,0.28380554295367083,True,0,converged,1793,2500,0.2730223099863204,0.06661557618659489,0.03873578232453003
2,test,4293,2010-05-17,garch_1_1_t,innovation,0.3025484372219155,0.2712077894332917,True,0,converged,1794,2500,0.2727018053272347,0.10386247767538097,-0.0054936322719157625
2,test,4294,2010-05-18,garch_1_1_t,innovation,0.298619403394652,0.2671343028253167,True,0,converged,1795,2500,0.2751976055943531,0.08168045880238148,-0.029737866648313658
2,test,4295,2010-05-19,garch_1_1_t,innovation,0.2979853454435123,0.2568896797755894,True,0,converged,1796,2500,0.2758671790102715,0.07712479451598708,-0.07127278325365373
2,test,4296,2010-05-20,garch_1_1_t,innovation,0.2648430651015263,0.30435270609526105,True,0,converged,1797,2500,0.3076669392143217,-0.14988038828980382,-0.01083058539529707
2,test,4297,2010-05-21,garch_1_1_t,innovation,0.2599639704786965,0.298765032979648,True,0,converged,1798,2500,0.3111040800007579,-0.1795844722429508,-0.04047009699724805
2,test,4298,2010-05-24,garch_1_1_t,innovation,0.262600306279228,0.29235052316367865,True,0,converged,1799,2500,0.31419719413656,-0.17938766739712358,-0.07206729146728322
2,test,4299,2010-05-25,garch_1_1_t,innovation,0.2628077938673163,0.27941187567409725,True,0,converged,1800,2500,0.3025135182123071,-0.14070302157749476,-0.07943901465575841
2,test,4300,2010-05-26,garch_1_1_t,innovation,0.2685667357440545,0.2686334242432015,True,0,converged,1801,2500,0.3020775002837944,-0.1175841745863678,-0.11733589283049052
2,test,4301,2010-05-27,garch_1_1_t,innovation,0.2422119665036746,0.2994348160512621,True,0,converged,1802,2500,0.3209726883723213,-0.2815427991298833,-0.06945928525679997
2,test,4302,2010-05-28,garch_1_1_t,innovation,0.2382810280353186,0.2923876814398512,True,0,converged,1803,2500,0.318381057093472,-0.28979819099567755,-0.08516836029773008
2,test,4303,2010-06-01,garch_1_1_t,innovation,0.2560204385543048,0.2904927911351205,True,0,converged,1804,2500,0.3207913206641393,-0.22553354094458594,-0.09921205972558705
2,test,4304,2010-06-02,garch_1_1_t,innovation,0.2415952181554241,0.30256754538987307,True,0,converged,1805,2500,0.3226441525449608,-0.28928634754174914,-0.06424547791318319
2,test,4305,2010-06-03,garch_1_1_t,innovation,0.2418071671147794,0.289791514008988,True,0,converged,1806,2500,0.3221776903061623,-0.286962648174769,-0.10594147936415028
2,test,4306,2010-06-04,garch_1_1_t,innovation,0.2067028613807061,0.3237772276547237,True,0,converged,1807,2500,0.3248973121858292,-0.4522268601482743,-0.0034534595564476656
2,test,4307,2010-06-07,garch_1_1_t,innovation,0.2031905656919391,0.31498375189413347,True,0,converged,1808,2500,0.3235728978085654,-0.4652801435951552,-0.026903373333427846
2,test,4308,2010-06-08,garch_1_1_t,innovation,0.2279349020940725,0.3051036525767356,True,0,converged,1809,2500,0.2876214360788652,-0.2325850863632642,0.05900640596856444
2,test,4309,2010-06-09,garch_1_1_t,innovation,0.2298251641818586,0.29266362369842114,True,0,converged,1810,2500,0.2880733779788152,-0.22589636820523407,0.01580867519463573
2,test,4310,2010-06-10,garch_1_1_t,innovation,0.2075013587814927,0.3105859369467694,True,0,converged,1811,2500,0.3016878781416117,-0.374255078847613,0.02906766579324964
2,test,4311,2010-06-11,garch_1_1_t,innovation,0.2068005032087782,0.2977060262868082,True,0,converged,1812,2500,0.2988975232237697,-0.36834620700905857,-0.003994272317201994
2,test,4312,2010-06-14,garch_1_1_t,innovation,0.2134516660043023,0.28484907510108487,True,0,converged,1813,2500,0.2918293138052051,-0.31275867129389323,-0.0242096106412917
2,test,4313,2010-06-15,garch_1_1_t,innovation,0.1979570462309719,0.29218783921145397,True,0,converged,1814,2500,0.3025484372219155,-0.42419131876760413,-0.03484450728029511
2,test,4314,2010-06-16,garch_1_1_t,innovation,0.1979552017624159,0.2794497903070795,True,0,converged,1815,2500,0.298619403394652,-0.41112911285167736,-0.0663472288836222
2,test,4315,2010-06-17,garch_1_1_t,innovation,0.2213058618712919,0.2675938038736037,True,0,converged,1816,2500,0.2979853454435123,-0.29749857387850537,-0.10757413537961835
2,test,4316,2010-06-18,garch_1_1_t,innovation,0.2222583450560576,0.25599475870520577,True,0,converged,1817,2500,0.2648430651015263,-0.17529702165039115,-0.03398047293606502
2,test,4317,2010-06-21,garch_1_1_t,innovation,0.2254518783898888,0.24522436547400556,True,0,converged,1818,2500,0.2599639704786965,-0.14243630976275923,-0.05836947740986483
2,test,4318,2010-06-22,garch_1_1_t,innovation,0.2224662305742367,0.24726672724685247,True,0,converged,1819,2500,0.262600306279228,-0.165857810814116,-0.06016550681495526
2,test,4319,2010-06-23,garch_1_1_t,innovation,0.2356179818010699,0.2369743253958184,True,0,converged,1820,2500,0.2628077938673163,-0.10921117090102689,-0.1034711395964371
2,test,4320,2010-06-24,garch_1_1_t,innovation,0.2300797128012964,0.23998881333605704,True,0,converged,1821,2500,0.2685667357440545,-0.15467360704654456,-0.11250712216670977
2,test,4321,2010-06-25,garch_1_1_t,innovation,0.2325331739452872,0.2303570171024463,True,0,converged,1822,2500,0.2422119665036746,-0.040780338943389706,-0.05018288372549854
2,test,4322,2010-06-28,garch_1_1_t,innovation,0.2322671174327293,0.22092949115928445,True,0,converged,1823,2500,0.2382810280353186,-0.02556268955679649,-0.07560716106744812
2,test,4323,2010-06-29,garch_1_1_t,innovation,0.2051444049985064,0.25750112278073406,True,0,converged,1824,2500,0.2560204385543048,-0.2215431336136898,0.005766801012391164
2,test,4324,2010-06-30,garch_1_1_t,innovation,0.2030678817007578,0.25053925113204434,True,0,converged,1825,2500,0.2415952181554241,-0.17372335770213373,0.03635192593428791
2,test,4325,2010-07-01,garch_1_1_t,innovation,0.2024490354586209,0.24107890076440386,True,0,converged,1826,2500,0.2418071671147794,-0.17765240029147952,-0.0030163094401488453
2,test,4326,2010-07-02,garch_1_1_t,innovation,0.2165457575848189,0.2322237829822828,True,0,converged,1827,2500,0.2067028613807061,0.046519566792358504,0.1164191788267362
2,test,4327,2010-07-06,garch_1_1_t,innovation,0.2159729191479315,0.2243697101860774,True,0,converged,1828,2500,0.2031905656919391,0.0610087395639364,0.09915089724719323
2,test,4328,2010-07-07,garch_1_1_t,innovation,0.1873633617118304,0.25897302103803704,True,0,converged,1829,2500,0.2279349020940725,-0.19601022884011268,0.12766381934218773
2,test,4329,2010-07-08,garch_1_1_t,innovation,0.1840974384284579,0.25207772047169286,True,0,converged,1830,2500,0.2298251641818586,-0.2218536900075472,0.09241859040435671
2,test,4330,2010-07-09,garch_1_1_t,innovation,0.1827653113066004,0.2439703257296606,True,0,converged,1831,2500,0.2075013587814927,-0.12693501007409572,0.16190871404149065
2,test,4331,2010-07-12,garch_1_1_t,innovation,0.1837252207469989,0.2336673720943817,True,0,converged,1832,2500,0.2068005032087782,-0.11831330002072499,0.12214404136815492
2,test,4332,2010-07-13,garch_1_1_t,innovation,0.1769375319013241,0.23446216830876748,True,0,converged,1833,2500,0.2134516660043023,-0.1876136751310137,0.0938838273974341
2,test,4333,2010-07-14,garch_1_1_t,innovation,0.202498988030753,0.22458787939500877,True,0,converged,1834,2500,0.1979570462309719,0.02268482022248983,0.12621700662172755
2,test,4334,2010-07-15,garch_1_1_t,innovation,0.2036697786598488,0.21519691234340568,True,0,converged,1835,2500,0.1979552017624159,0.028459198852214082,0.08351272896794262
2,test,4335,2010-07-16,garch_1_1_t,innovation,0.1782371404460997,0.24386648661140212,True,0,converged,1836,2500,0.2213058618712919,-0.21643082172159084,0.09707515445980526
2,test,4336,2010-07-19,garch_1_1_t,innovation,0.1770143108485987,0.2352730470620088,True,0,converged,1837,2500,0.2222583450560576,-0.22760984019042302,0.056906320301654524
2,test,4337,2010-07-20,garch_1_1_t,innovation,0.1779880856646351,0.2311488573022951,True,0,converged,1838,2500,0.2254518783898888,-0.2363901229848868,0.024955170320372227
2,test,4338,2010-07-21,garch_1_1_t,innovation,0.1719445248709251,0.2297266078922188,True,0,converged,1839,2500,0.2224662305742367,-0.2576034224182723,0.032114623179208636
2,test,4339,2010-07-22,garch_1_1_t,innovation,0.1652252844660248,0.2429028772982654,True,0,converged,1840,2500,0.2356179818010699,-0.3549018692552384,0.03044990924727722
2,test,4340,2010-07-23,garch_1_1_t,innovation,0.1627686034154391,0.23609040256020775,True,0,converged,1841,2500,0.2300797128012964,-0.3460962450198109,0.025788967095942104
2,test,4341,2010-07-26,garch_1_1_t,innovation,0.1591272934925611,0.23139141986035494,True,0,converged,1842,2500,0.2325331739452872,-0.37932842856058774,-0.004922163667753878
2,test,4342,2010-07-27,garch_1_1_t,innovation,0.1677859013180118,0.22169349627918347,True,0,converged,1843,2500,0.2322671174327293,-0.3251993078424054,-0.04659229708530864
2,test,4343,2010-07-28,garch_1_1_t,innovation,0.1667734552600581,0.2146214621014312,True,0,converged,1844,2500,0.2051444049985064,-0.20707780964813033,0.04516168920653505
2,test,4344,2010-07-29,garch_1_1_t,innovation,0.1675782663023038,0.20706531834787714,True,0,converged,1845,2500,0.2030678817007578,-0.19208981212085885,0.019493975305381495
2,test,4345,2010-07-30,garch_1_1_t,innovation,0.1762359291129172,0.19859466078487362,True,0,converged,1846,2500,0.2024490354586209,-0.13866457443805402,-0.019222311138941732
2,test,4346,2010-08-02,garch_1_1_t,innovation,0.1657197734990904,0.21705314075049587,True,0,converged,1847,2500,0.2165457575848189,-0.2675036261024483,0.002340335269347717
2,test,4347,2010-08-03,garch_1_1_t,innovation,0.1648416311138692,0.20931832768888028,True,0,converged,1848,2500,0.2159729191479315,-0.270167823953474,-0.03129683329318087
2,test,4348,2010-08-04,garch_1_1_t,innovation,0.1938027388048152,0.20315754979411949,True,0,converged,1849,2500,0.1873633617118304,0.03379098926130684,0.0809319431711106
2,test,4349,2010-08-05,garch_1_1_t,innovation,0.1965390163284879,0.19501451475762266,True,0,converged,1850,2500,0.1840974384284579,0.06539579385894806,0.0576088163283685
2,test,4350,2010-08-06,garch_1_1_t,innovation,0.2012772056499819,0.18813933596694646,True,0,converged,1851,2500,0.1827653113066004,0.09648021259641357,0.028979959155429343
2,test,4351,2010-08-09,garch_1_1_t,innovation,0.2043889118836539,0.18233208701838372,True,0,converged,1852,2500,0.1837252207469989,0.10658333379167416,-0.007611597556739337
2,test,4352,2010-08-10,garch_1_1_t,innovation,0.20497359335346,0.176952658656387,True,0,converged,1853,2500,0.1769375319013241,0.14708441476212558,8.54884112401172e-05
2,test,4353,2010-08-11,garch_1_1_t,innovation,0.1805070637397518,0.21279128554359752,True,0,converged,1854,2500,0.202498988030753,-0.11496497785564641,0.049576916080979944
2,test,4354,2010-08-12,garch_1_1_t,innovation,0.1800780817623505,0.20628368100740774,True,0,converged,1855,2500,0.2036697786598488,-0.12310940582214477,0.012752363514250561
2,test,4355,2010-08-13,garch_1_1_t,innovation,0.1839980775662906,0.19846641636848888,True,0,converged,1856,2500,0.1782371404460997,0.03181039621305615,0.10750498542093198
2,test,4356,2010-08-16,garch_1_1_t,innovation,0.1840039624536436,0.19065443004390645,True,0,converged,1857,2500,0.1770143108485987,0.038726710893827114,0.07423194100335456
2,test,4357,2010-08-17,garch_1_1_t,innovation,0.1793372453133526,0.19155514051035535,True,0,converged,1858,2500,0.1779880856646351,0.007551471687198504,0.0734590935922585
2,test,4358,2010-08-18,garch_1_1_t,innovation,0.1792228191481908,0.18427067006887193,True,0,converged,1859,2500,0.1719445248709251,0.04145793646118748,0.0692338147135511
2,test,4359,2010-08-19,garch_1_1_t,innovation,0.168052967978693,0.19439384022041792,True,0,converged,1860,2500,0.1652252844660248,0.016969312254870004,0.1625763023715711
2,test,4360,2010-08-20,garch_1_1_t,innovation,0.1760965591652091,0.18735429587633168,True,0,converged,1861,2500,0.1627686034154391,0.07870289495910102,0.1406718734047458
2,test,4361,2010-08-23,garch_1_1_t,innovation,0.175728758052141,0.1809494604787993,True,0,converged,1862,2500,0.1591272934925611,0.0992371888937506,0.12851329847741935
2,test,4362,2010-08-24,garch_1_1_t,innovation,0.1683908599430497,0.18680702322725834,True,0,converged,1863,2500,0.1677859013180118,0.0035990547102702167,0.10738735291195928
2,test,4363,2010-08-25,garch_1_1_t,innovation,0.1703100384255379,0.1804551134816325,True,0,converged,1864,2500,0.1667734552600581,0.020984195338264604,0.07884573194151996
2,test,4364,2010-08-26,garch_1_1_t,innovation,0.1835618741335002,0.1762961382204308,True,0,converged,1865,2500,0.1675782663023038,0.09110129575894971,0.0507146809331687
2,test,4365,2010-08-27,garch_1_1_t,innovation,0.1760918236337549,0.1833227348916114,True,0,converged,1866,2500,0.1762359291129172,-0.0008180195064092712,0.03942457452016215
2,test,4366,2010-08-30,garch_1_1_t,innovation,0.1687469217312029,0.18821415241858785,True,0,converged,1867,2500,0.1657197734990904,0.018101837553824385,0.1272821727079537
2,test,4367,2010-08-31,garch_1_1_t,innovation,0.1688605347173332,0.18099770464906836,True,0,converged,1868,2500,0.1648416311138692,0.024087934311930896,0.09349914813301237
2,test,4368,2010-09-01,garch_1_1_t,innovation,0.1329650972857944,0.21875640401620158,True,0,converged,1869,2500,0.1938027388048152,-0.37675416411728163,0.12111796883524258
2,test,4369,2010-09-02,garch_1_1_t,innovation,0.1296896255919263,0.2140645525772822,True,0,converged,1870,2500,0.1965390163284879,-0.4157168675815595,0.08541664911408726
2,test,4370,2010-09-03,garch_1_1_t,innovation,0.1242620266512328,0.21358734363485704,True,0,converged,1871,2500,0.2012772056499819,-0.48229063624996543,0.05936276216855823
2,test,4371,2010-09-07,garch_1_1_t,innovation,0.1372144649909239,0.21141450777920887,True,0,converged,1872,2500,0.2043889118836539,-0.39847947001613027,0.0337960885164084
2,test,4372,2010-09-08,garch_1_1_t,innovation,0.1349473319329507,0.20547657735738886,True,0,converged,1873,2500,0.20497359335346,-0.4179965894449287,0.002450890712689854
2,test,4373,2010-09-09,garch_1_1_t,innovation,0.1340205521995763,0.19873286262125248,True,0,converged,1874,2500,0.1805070637397518,-0.29777674848553304,0.09619161271230095
2,test,4374,2010-09-10,garch_1_1_t,innovation,0.1342794950167357,0.19251927324430376,True,0,converged,1875,2500,0.1800780817623505,-0.29346713296913307,0.06680572506552425
2,test,4375,2010-09-13,garch_1_1_t,innovation,0.1284753767341527,0.19155041761778427,True,0,converged,1876,2500,0.1839980775662906,-0.3591880443173342,0.04022574180164279
2,test,4376,2010-09-14,garch_1_1_t,innovation,0.1289211046904495,0.18425806926772456,True,0,converged,1877,2500,0.1840039624536436,-0.3557566667348893,0.0013800328707354876
2,test,4377,2010-09-15,garch_1_1_t,innovation,0.1311255648120011,0.17809000624776128,True,0,converged,1878,2500,0.1793372453133526,-0.31311271113169736,-0.006979009700771861
2,test,4378,2010-09-16,garch_1_1_t,innovation,0.1318541530728613,0.17136587442606016,True,0,converged,1879,2500,0.1792228191481908,-0.3069334206603753,-0.04482894412082685
2,test,4379,2010-09-17,garch_1_1_t,innovation,0.1320464547804198,0.16514130752149878,True,0,converged,1880,2500,0.168052967978693,-0.2411254244704861,-0.017477698686013156
2,test,4380,2010-09-20,garch_1_1_t,innovation,0.1218172174306706,0.17291403088794874,True,0,converged,1881,2500,0.1760965591652091,-0.3685107727140014,-0.01823793651237745
2,test,4381,2010-09-21,garch_1_1_t,innovation,0.1303092743339277,0.166801580780677,True,0,converged,1882,2500,0.175728758052141,-0.29903100044390873,-0.052136691835757
2,test,4382,2010-09-22,garch_1_1_t,innovation,0.1336598822398723,0.16213441084873276,True,0,converged,1883,2500,0.1683908599430497,-0.23098944342247926,-0.03786213664106478
2,test,4383,2010-09-23,garch_1_1_t,innovation,0.1307155746097201,0.1606005254247585,True,0,converged,1884,2500,0.1703100384255379,-0.26459675489804335,-0.05870045832845343
2,test,4384,2010-09-24,garch_1_1_t,innovation,0.1089486753836053,0.1799055953223163,True,0,converged,1885,2500,0.1835618741335002,-0.5216748961020412,-0.02011955652178886
2,test,4385,2010-09-27,garch_1_1_t,innovation,0.1081256351731058,0.1744703465640336,True,0,converged,1886,2500,0.1760918236337549,-0.48771174451053445,-0.00925079070702887
2,test,4386,2010-09-28,garch_1_1_t,innovation,0.1074137534124746,0.16895448740319144,True,0,converged,1887,2500,0.1687469217312029,-0.4517118562730591,0.0012292853539403658
2,test,4387,2010-09-29,garch_1_1_t,innovation,0.1077175240534677,0.16291266562897125,True,0,converged,1888,2500,0.1688605347173332,-0.4495608532098867,-0.035858872336733426
2,test,4388,2010-09-30,garch_1_1_t,innovation,0.1072001067545043,0.15787883483025067,True,0,converged,1889,2500,0.1329650972857944,-0.21538942287885385,0.17174120331087564
2,test,4389,2010-10-01,garch_1_1_t,innovation,0.1061939005650401,0.15333480927787524,True,0,converged,1890,2500,0.1296896255919263,-0.19987742671284592,0.16747972609685652
2,test,4390,2010-10-04,garch_1_1_t,innovation,0.1027797261649318,0.15166903164566378,True,0,converged,1891,2500,0.1242620266512328,-0.1898043369892719,0.19930826916317143
2,test,4391,2010-10-05,garch_1_1_t,innovation,0.07969932650841,0.17131672566004486,True,0,converged,1892,2500,0.1372144649909239,-0.5432840042706001,0.22196890044614812
2,test,4392,2010-10-06,garch_1_1_t,innovation,0.0809332806622372,0.16524112562382576,True,0,converged,1893,2500,0.1349473319329507,-0.5112594487654917,0.20252120607306712
2,test,4393,2010-10-07,garch_1_1_t,innovation,0.1054348976864027,0.1592942340899294,True,0,converged,1894,2500,0.1340205521995763,-0.23989948391342686,0.17275985815466222
2,test,4394,2010-10-08,garch_1_1_t,innovation,0.1044361054316204,0.15571291326967154,True,0,converged,1895,2500,0.1342794950167357,-0.25134795830289,0.1480906008334753
2,test,4395,2010-10-11,garch_1_1_t,innovation,0.1046014003299992,0.1502503537739266,True,0,converged,1896,2500,0.1284753767341527,-0.2055803262104775,0.15656566275332753
2,test,4396,2010-10-12,garch_1_1_t,innovation,0.1071302779850532,0.14573185505298766,True,0,converged,1897,2500,0.1289211046904495,-0.18515498060672594,0.12256769813123856
2,test,4397,2010-10-13,garch_1_1_t,innovation,0.1045201370280555,0.14487675179190523,True,0,converged,1898,2500,0.1311255648120011,-0.22677562246513527,0.09972801919518315
2,test,4398,2010-10-14,garch_1_1_t,innovation,0.1044769133569963,0.14094391170660517,True,0,converged,1899,2500,0.1318541530728613,-0.23273028858618186,0.06666561115402052
2,test,4399,2010-10-15,garch_1_1_t,innovation,0.1124388383546412,0.13642325204294004,True,0,converged,1900,2500,0.1320464547804198,-0.1607443760897323,0.032608409575929524
2,test,4400,2010-10-18,garch_1_1_t,innovation,0.1111874830414279,0.1336752612298567,True,0,converged,1901,2500,0.1218172174306706,-0.0913038905975994,0.09289173154778013
2,test,4401,2010-10-19,garch_1_1_t,innovation,0.1152254320366821,0.1420501507892205,True,0,converged,1902,2500,0.1303092743339277,-0.12302017026969816,0.08626951144780994
2,test,4402,2010-10-20,garch_1_1_t,innovation,0.1099539909578068,0.14398215985362423,True,0,converged,1903,2500,0.1336598822398723,-0.19523636676444803,0.0743910209554929
2,test,4403,2010-10-21,garch_1_1_t,innovation,0.1213148258294366,0.13940065877694638,True,0,converged,1904,2500,0.1307155746097201,-0.07463474361251976,0.06432844754449071
2,test,4404,2010-10-22,garch_1_1_t,innovation,0.121537628041824,0.13508557796604073,True,0,converged,1905,2500,0.1089486753836053,0.10934700735657624,0.21503158516571455
2,test,4405,2010-10-25,garch_1_1_t,innovation,0.1211130559996753,0.1312960351021313,True,0,converged,1906,2500,0.1081256351731058,0.113430616802808,0.19416074394271207
2,test,4406,2010-10-26,garch_1_1_t,innovation,0.1317395070904594,0.12712783287331456,True,0,converged,1907,2500,0.1074137534124746,0.20413830995234655,0.1685049065559741
2,test,4407,2010-10-27,garch_1_1_t,innovation,0.1413141325791483,0.1237208546083073,True,0,converged,1908,2500,0.1077175240534677,0.2714730202843985,0.13851557273570977
2,test,4408,2010-10-28,garch_1_1_t,innovation,0.1473055282291608,0.11986985036098653,True,0,converged,1909,2500,0.1072001067545043,0.3178116086922978,0.11170932939361532
2,test,4409,2010-10-29,garch_1_1_t,innovation,0.1476764816858803,0.11621096396233624,True,0,converged,1910,2500,0.1061939005650401,0.32975727288262946,0.09014052051942784
2,test,4410,2010-11-01,garch_1_1_t,innovation,0.149019961112782,0.11273244374541472,True,0,converged,1911,2500,0.1027797261649318,0.37149214689559806,0.0924291394068212
2,test,4411,2010-11-02,garch_1_1_t,innovation,0.16426089219557,0.11521512785535577,True,0,converged,1912,2500,0.07969932650841,0.7231948344762641,0.36853992240232547
2,test,4412,2010-11-03,garch_1_1_t,innovation,0.169776981053888,0.11328697261090744,True,0,converged,1913,2500,0.0809332806622372,0.7408605799128702,0.3362990603332888
2,test,4413,2010-11-04,garch_1_1_t,innovation,0.1559828848880547,0.13942497977464693,True,0,converged,1914,2500,0.1054348976864027,0.39165261007414465,0.2794329983125035
2,test,4414,2010-11-05,garch_1_1_t,innovation,0.1554451555352297,0.13579254355742862,True,0,converged,1915,2500,0.1044361054316204,0.3977175187560765,0.26255285295896763
2,test,4415,2010-11-08,garch_1_1_t,innovation,0.1553093462695273,0.1316514891426202,True,0,converged,1916,2500,0.1046014003299992,0.3952619713582003,0.23000125823681308
2,test,4416,2010-11-09,garch_1_1_t,innovation,0.1537352748680205,0.13135579528626543,True,0,converged,1917,2500,0.1071302779850532,0.3611864837743091,0.2038639909946679
2,test,4417,2010-11-10,garch_1_1_t,innovation,0.1536913875129717,0.1283778595414881,True,0,converged,1918,2500,0.1045201370280555,0.38556686290230485,0.2055981912360951
2,test,4418,2010-11-11,garch_1_1_t,innovation,0.1544718201230964,0.12545527794828243,True,0,converged,1919,2500,0.1044769133569963,0.3910455634927694,0.18298322187007612
2,test,4419,2010-11-12,garch_1_1_t,innovation,0.1486175210381219,0.13257697607379224,True,0,converged,1920,2500,0.1124388383546412,0.2789666179844701,0.16475401350115956
2,test,4420,2010-11-15,garch_1_1_t,innovation,0.1485676068377071,0.1285071643139588,True,0,converged,1921,2500,0.1111874830414279,0.2898223066377643,0.14476684329337988
2,test,4421,2010-11-16,garch_1_1_t,innovation,0.1386801945400308,0.14276659552488533,True,0,converged,1922,2500,0.1152254320366821,0.18528003550959973,0.21432060954075796
2,test,4422,2010-11-17,garch_1_1_t,innovation,0.1401894260332135,0.1379550986375179,True,0,converged,1923,2500,0.1099539909578068,0.24293253689004118,0.22686624574460473
2,test,4423,2010-11-18,garch_1_1_t,innovation,0.1303031548226185,0.1484441644087746,True,0,converged,1924,2500,0.1213148258294366,0.07147466286885616,0.20181985732945124
2,test,4424,2010-11-19,garch_1_1_t,innovation,0.1302134913673769,0.14388612481081847,True,0,converged,1925,2500,0.121537628041824,0.06895143408717504,0.1687982761516907
2,test,4425,2010-11-22,garch_1_1_t,innovation,0.1320991963871675,0.1390302232933374,True,0,converged,1926,2500,0.1211130559996753,0.08682867167143812,0.13796688678946822
2,test,4426,2010-11-23,garch_1_1_t,innovation,0.1220018244958909,0.14935184751858102,True,0,converged,1927,2500,0.1317395070904594,-0.07679054216688994,0.1254783733085188
2,test,4427,2010-11-24,garch_1_1_t,innovation,0.1104183153149413,0.15845619565759653,True,0,converged,1928,2500,0.1413141325791483,-0.24670928326694644,0.11449288408777762
2,test,4428,2010-11-26,garch_1_1_t,innovation,0.1022966589873421,0.16156823533695563,True,0,converged,1929,2500,0.1473055282291608,-0.36463183971875796,0.09241871008415867
2,test,4429,2010-11-29,garch_1_1_t,innovation,0.1018513445771922,0.15630360272935212,True,0,converged,1930,2500,0.1476764816858803,-0.37150960243785935,0.05677634068670157
2,test,4430,2010-11-30,garch_1_1_t,innovation,0.0999004937177295,0.15284324938604,True,0,converged,1931,2500,0.149019961112782,-0.3999056364108245,0.025332618230159913
2,test,4431,2010-12-01,garch_1_1_t,innovation,0.0666540886669421,0.17503848285577941,True,0,converged,1932,2500,0.16426089219557,-0.901939579819467,0.06354988187852817
2,test,4432,2010-12-02,garch_1_1_t,innovation,0.0490162427488499,0.1779960435651509,True,0,converged,1933,2500,0.169776981053888,-1.2423339717816835,0.047275623249173164
2,test,4433,2010-12-03,garch_1_1_t,innovation,0.0603673267321349,0.1717340793011887,True,0,converged,1934,2500,0.1559828848880547,-0.9492982785425735,0.09620094089487413
2,test,4434,2010-12-06,garch_1_1_t,innovation,0.0602819588327135,0.16542747577615008,True,0,converged,1935,2500,0.1554451555352297,-0.9472601030880079,0.06223991405663439
2,test,4435,2010-12-07,garch_1_1_t,innovation,0.062995986583053,0.15941615993890842,True,0,converged,1936,2500,0.1553093462695273,-0.9023478910441269,0.026099230634426804
2,test,4436,2010-12-08,garch_1_1_t,innovation,0.0620352314323152,0.1545655602083378,True,0,converged,1937,2500,0.1537352748680205,-0.9075296563228249,0.005386215366017785
2,test,4437,2010-12-09,garch_1_1_t,innovation,0.0608829322677072,0.15016902046066016,True,0,converged,1938,2500,0.1536913875129717,-0.9259937374699868,-0.023185151774966814
2,test,4438,2010-12-10,garch_1_1_t,innovation,0.0574697619139725,0.14729343944620854,True,0,converged,1939,2500,0.1544718201230964,-0.9887527559536721,-0.04758490192229218
2,test,4439,2010-12-13,garch_1_1_t,innovation,0.0587816937749513,0.1425541179110913,True,0,converged,1940,2500,0.1486175210381219,-0.9275455566496597,-0.04165433029573386
2,test,4440,2010-12-14,garch_1_1_t,innovation,0.0668017348492432,0.13782542334410286,True,0,converged,1941,2500,0.1485676068377071,-0.7993110685390982,-0.07505228346444412
2,test,4441,2010-12-15,garch_1_1_t,innovation,0.0650428813824186,0.13508906816910712,True,0,converged,1942,2500,0.1386801945400308,-0.757123757657902,-0.02623619850855915
2,test,4442,2010-12-16,garch_1_1_t,innovation,0.0668348666377816,0.13323325596865163,True,0,converged,1943,2500,0.1401894260332135,-0.7407696511391837,-0.0508931547873416
2,test,4443,2010-12-17,garch_1_1_t,innovation,0.0669992598315531,0.12893640445753277,True,0,converged,1944,2500,0.1303031548226185,-0.6651821237904693,-0.010544401728668499
2,test,4444,2010-12-20,garch_1_1_t,innovation,0.0750946351650302,0.12539516886492288,True,0,converged,1945,2500,0.1302134913673769,-0.550426224406068,-0.0377052430807893
2,test,4445,2010-12-21,garch_1_1_t,innovation,0.0718190937907378,0.12474895213736771,True,0,converged,1946,2500,0.1320991963871675,-0.6094027572082651,-0.05724979324649253
2,test,4446,2010-12-22,garch_1_1_t,innovation,0.0714204668101109,0.12162316078825972,True,0,converged,1947,2500,0.1220018244958909,-0.5354515212349555,-0.003108581101541507
2,test,4447,2010-12-23,garch_1_1_t,innovation,0.0740285061296073,0.11805159819386381,True,0,converged,1948,2500,0.1104183153149413,-0.3998257826805952,0.06684578204407726
2,test,4448,2010-12-27,garch_1_1_t,innovation,0.0740400091895269,0.11448983148058667,True,0,converged,1949,2500,0.1022966589873421,-0.32327140163300666,0.11260899756681492
2,test,4449,2010-12-28,garch_1_1_t,innovation,0.0751275916376758,0.11132296475876018,True,0,converged,1950,2500,0.1018513445771922,-0.304326454195815,0.08892122493325381
2,test,4450,2010-12-29,garch_1_1_t,innovation,0.0755927509266272,0.10814802982248978,True,0,converged,1951,2500,0.0999004937177295,-0.2788142363876214,0.07932630738857474
2,test,4451,2010-12-30,garch_1_1_t,innovation,0.0979450432679243,0.10534185110103689,True,0,converged,1952,2500,0.0666540886669421,0.38489014830898705,0.4576943964490398
2,test,4452,2010-12-31,garch_1_1_t,innovation,0.1014841476769887,0.10243513261398694,True,0,converged,1953,2500,0.0490162427488499,0.7277508779099876,0.7370780178441669
2,test,4453,2011-01-03,garch_1_1_t,innovation,0.1102028238102015,0.11031654721969468,True,0,converged,1954,2500,0.0603673267321349,0.6018745103704323,0.6029059246996478
2,test,4454,2011-01-04,garch_1_1_t,innovation,0.1104032327848459,0.10718009299145113,True,0,converged,1955,2500,0.0602819588327135,0.6051065470894594,0.575477662889521
2,test,4455,2011-01-05,garch_1_1_t,innovation,0.1091532784234971,0.10682867343257342,True,0,converged,1956,2500,0.062995986583053,0.5496820991594261,0.5281553489940787
2,test,4456,2011-01-06,garch_1_1_t,innovation,0.1093919455274713,0.10425354729570761,True,0,converged,1957,2500,0.0620352314323152,0.5672347906530347,0.519123414356223
2,test,4457,2011-01-07,garch_1_1_t,innovation,0.1113889351294121,0.10183936327752283,True,0,converged,1958,2500,0.0608829322677072,0.604075119865095,0.5144438249388151
2,test,4458,2011-01-10,garch_1_1_t,innovation,0.1124579038949254,0.09931084901655667,True,0,converged,1959,2500,0.0574697619139725,0.6713200342951133,0.5469958903104086
2,test,4459,2011-01-11,garch_1_1_t,innovation,0.1120453176990055,0.09811623331269372,True,0,converged,1960,2500,0.0587816937749513,0.6450729356968573,0.5123223540018395
2,test,4460,2011-01-12,garch_1_1_t,innovation,0.1074201899907525,0.10418521032733206,True,0,converged,1961,2500,0.0668017348492432,0.47501910214538867,0.44444113280478836
2,test,4461,2011-01-13,garch_1_1_t,innovation,0.1093158939575619,0.10164761133180879,True,0,converged,1962,2500,0.0650428813824186,0.5191950345518406,0.44646527489303467
2,test,4462,2011-01-14,garch_1_1_t,innovation,0.1065945028163041,0.1043085274352713,True,0,converged,1963,2500,0.0668348666377816,0.46680704204815693,0.44512821736555586
2,test,4463,2011-01-18,garch_1_1_t,innovation,0.1070106588905696,0.10177479330615567,True,0,converged,1964,2500,0.0669992598315531,0.4682468732606057,0.41808089145714505
2,test,4464,2011-01-19,garch_1_1_t,innovation,0.1035724378811707,0.10871238895577098,True,0,converged,1965,2500,0.0750946351650302,0.32152213047811695,0.3699566411334387
2,test,4465,2011-01-20,garch_1_1_t,innovation,0.1040062325448202,0.10583225234838652,True,0,converged,1966,2500,0.0718190937907378,0.37030045472720335,0.38770494464736105
2,test,4466,2011-01-21,garch_1_1_t,innovation,0.1039593748349512,0.10346061058144018,True,0,converged,1967,2500,0.0714204668101109,0.37541571796909573,0.37060648790552986
2,test,4467,2011-01-24,garch_1_1_t,innovation,0.1248257887777061,0.10392316124536254,True,0,converged,1968,2500,0.0740285061296073,0.5224688384406084,0.33920155489523857
2,test,4468,2011-01-25,garch_1_1_t,innovation,0.1267138443822538,0.10116935092119424,True,0,converged,1969,2500,0.0740400091895269,0.537325738536311,0.3121902426521369
2,test,4469,2011-01-26,garch_1_1_t,innovation,0.1259933076677015,0.10009870320404224,True,0,converged,1970,2500,0.0751275916376758,0.5170409018592624,0.2869688412994553
2,test,4470,2011-01-27,garch_1_1_t,innovation,0.131236195897951,0.09820227686805234,True,0,converged,1971,2500,0.0755927509266272,0.5516383304556103,0.261669009746586
2,test,4471,2011-01-28,garch_1_1_t,innovation,0.1174434073250797,0.1242468481587354,True,0,converged,1972,2500,0.0979450432679243,0.18155003937933648,0.23786375933066228
2,test,4472,2011-01-31,garch_1_1_t,innovation,0.1290273513846813,0.12504908093459724,True,0,converged,1973,2500,0.1014841476769887,0.2401218023630102,0.20880370195111564
2,test,4473,2011-02-01,garch_1_1_t,innovation,0.1163062898312348,0.14056311025481458,True,0,converged,1974,2500,0.1102028238102015,0.05390462007340261,0.24333405042696046
2,test,4474,2011-02-02,garch_1_1_t,innovation,0.1309721429283681,0.1359162651082357,True,0,converged,1975,2500,0.1104032327848459,0.17084523530058937,0.20789958249710316
2,test,4475,2011-02-03,garch_1_1_t,innovation,0.1334246804075,0.13180348059540933,True,0,converged,1976,2500,0.1091532784234971,0.20078400842935418,0.18855891138831832
2,test,4476,2011-02-04,garch_1_1_t,innovation,0.1359566888073859,0.12807900861891,True,0,converged,1977,2500,0.1093919455274713,0.21739910714967917,0.1577100651172788
2,test,4477,2011-02-07,garch_1_1_t,innovation,0.1376627572681503,0.12712782152128546,True,0,converged,1978,2500,0.1113889351294121,0.21177890935047866,0.13216505200881423
2,test,4478,2011-02-08,garch_1_1_t,innovation,0.1368125381629355,0.12471705080697851,True,0,converged,1979,2500,0.1124579038949254,0.19603269020821898,0.10346861393941595
2,test,4479,2011-02-09,garch_1_1_t,innovation,0.1518475109249313,0.1212525915614882,True,0,converged,1980,2500,0.1120453176990055,0.3039733879174392,0.07897249152206307
2,test,4480,2011-02-10,garch_1_1_t,innovation,0.1538155935414583,0.11760047060427974,True,0,converged,1981,2500,0.1074201899907525,0.3590062872202859,0.09054488404578477
2,test,4481,2011-02-11,garch_1_1_t,innovation,0.1538698238551007,0.11716924033800093,True,0,converged,1982,2500,0.1093158939575619,0.3418651447964172,0.06937758773399028
2,test,4482,2011-02-14,garch_1_1_t,innovation,0.1589854171791944,0.11426051681430928,True,0,converged,1983,2500,0.1065945028163041,0.3997805400852535,0.06944913435430174
2,test,4483,2011-02-15,garch_1_1_t,innovation,0.1719585570593864,0.11191272603113497,True,0,converged,1984,2500,0.1070106588905696,0.47432505515153506,0.04479089037097146
2,test,4484,2011-02-16,garch_1_1_t,innovation,0.1768099696057206,0.11231633257362975,True,0,converged,1985,2500,0.1035724378811707,0.5348042869749035,0.08104803734491427
2,test,4485,2011-02-17,garch_1_1_t,innovation,0.1769630654381902,0.1098635657426654,True,0,converged,1986,2500,0.1040062325448202,0.5314902152971938,0.054788458877945236
2,test,4486,2011-02-18,garch_1_1_t,innovation,0.1850435122318139,0.10724763581198198,True,0,converged,1987,2500,0.1039593748349512,0.5765908024359692,0.031140317614110864
2,test,4487,2011-02-22,garch_1_1_t,innovation,0.1709213289485966,0.13778324070935508,True,0,converged,1988,2500,0.1248257887777061,0.31428431057731626,0.09876265535159348
2,test,4488,2011-02-23,garch_1_1_t,innovation,0.1698186471102349,0.13602046552205888,True,0,converged,1989,2500,0.1267138443822538,0.29279973557185407,0.0708740058373429
2,test,4489,2011-02-24,garch_1_1_t,innovation,0.173130110501248,0.131574922973301,True,0,converged,1990,2500,0.1259933076677015,0.3178146038542122,0.04334765402670409
2,test,4490,2011-02-25,garch_1_1_t,innovation,0.1693106817417978,0.13583013732207874,True,0,converged,1991,2500,0.131236195897951,0.25473665889141883,0.03440639298908772
2,test,4491,2011-02-28,garch_1_1_t,innovation,0.1681079247297173,0.13418612913917116,True,0,converged,1992,2500,0.1174434073250797,0.35864960448035965,0.13327128180495385
2,test,4492,2011-03-01,garch_1_1_t,innovation,0.1589448626858904,0.14980369047393732,True,0,converged,1993,2500,0.1290273513846813,0.20853295839411956,0.14930129866212433
2,test,4493,2011-03-02,garch_1_1_t,innovation,0.1606302396730005,0.14490950047235437,True,0,converged,1994,2500,0.1163062898312348,0.3228779347738362,0.2198822720181215
2,test,4494,2011-03-03,garch_1_1_t,innovation,0.1488310602439051,0.15927044175360716,True,0,converged,1995,2500,0.1309721429283681,0.12782718762820064,0.19561899768821367
2,test,4495,2011-03-04,garch_1_1_t,innovation,0.1471794600670647,0.15719018170671514,True,0,converged,1996,2500,0.1334246804075,0.09811553205046881,0.16391929378799133
2,test,4496,2011-03-07,garch_1_1_t,innovation,0.1445258324443351,0.1555929034861504,True,0,converged,1997,2500,0.1359566888073859,0.06112189245204427,0.13490663292491373
2,test,4497,2011-03-08,garch_1_1_t,innovation,0.1411796794814087,0.1549793949527521,True,0,converged,1998,2500,0.1376627572681503,0.02522649535969538,0.11848526597201625
2,test,4498,2011-03-09,garch_1_1_t,innovation,0.1415293268223553,0.14967429445085598,True,0,converged,1999,2500,0.1368125381629355,0.033895298077299726,0.08984990869956935
2,test,4499,2011-03-10,garch_1_1_t,innovation,0.1253282473596322,0.16679736562019692,True,0,converged,2000,2500,0.1518475109249313,-0.191940525366541,0.0939028964684724
2,test,4500,2011-03-11,garch_1_1_t,innovation,0.123507998160386,0.16358805750335767,True,0,converged,2001,2500,0.1538155935414583,-0.21944852396478182,0.06159698299032362
2,test,4501,2011-03-14,garch_1_1_t,innovation,0.1220930139916846,0.1598306133117378,True,0,converged,2002,2500,0.1538698238551007,-0.23132378128975142,0.038007642344441595
2,test,4502,2011-03-15,garch_1_1_t,innovation,0.1180799470454164,0.16244428452365,True,0,converged,2003,2500,0.1589854171791944,-0.29745056977150486,0.021522596348532857
2,test,4503,2011-03-16,garch_1_1_t,innovation,0.0975923451381809,0.17731140437266643,True,0,converged,2004,2500,0.1719585570593864,-0.5664544410699162,0.03065403302259597
2,test,4504,2011-03-17,garch_1_1_t,innovation,0.0856742035811499,0.18059930748911868,True,0,converged,2005,2500,0.1768099696057206,-0.7245237658827276,0.021205268688168185
2,test,4505,2011-03-18,garch_1_1_t,innovation,0.085678431837224,0.17456918494757734,True,0,converged,2006,2500,0.1769630654381902,-0.725339917539924,-0.013619902547331978
2,test,4506,2011-03-21,garch_1_1_t,innovation,0.07721290344514,0.18158168192545052,True,0,converged,2007,2500,0.1850435122318139,-0.8740244125402494,-0.018885408051035654
2,test,4507,2011-03-22,garch_1_1_t,innovation,0.0788872174936141,0.1754435552612002,True,0,converged,2008,2500,0.1709213289485966,-0.7731841802383345,0.026113982718657967
2,test,4508,2011-03-23,garch_1_1_t,innovation,0.091815728010268,0.16945686141167227,True,0,converged,2009,2500,0.1698186471102349,-0.6149474738899811,-0.0021326964464215845
2,test,4509,2011-03-24,garch_1_1_t,innovation,0.0872680280155099,0.16867636728500868,True,0,converged,2010,2500,0.173130110501248,-0.6850592310885381,-0.026061503133706823
2,test,4510,2011-03-25,garch_1_1_t,innovation,0.0866733326347986,0.16314704135165203,True,0,converged,2011,2500,0.1693106817417978,-0.6695891263146011,-0.03708349237486277
2,test,4511,2011-03-28,garch_1_1_t,innovation,0.0914547041839291,0.15784545225354243,True,0,converged,2012,2500,0.1681079247297173,-0.6087623687829483,-0.0629897782205728
2,test,4512,2011-03-29,garch_1_1_t,innovation,0.0912770505239843,0.15521428499401804,True,0,converged,2013,2500,0.1589448626858904,-0.5546579738890561,-0.02375072051854692
2,test,4513,2011-03-30,garch_1_1_t,innovation,0.0886991723830589,0.1528780645226357,True,0,converged,2014,2500,0.1606302396730005,-0.5938545168956788,-0.04946443590621569
2,test,4514,2011-03-31,garch_1_1_t,innovation,0.0889595093674744,0.14786789494977673,True,0,converged,2015,2500,0.1488310602439051,-0.5146305235311784,-0.0064925653471790915
2,test,4515,2011-04-01,garch_1_1_t,innovation,0.0878629431419602,0.14404012158892213,True,0,converged,2016,2500,0.1471794600670647,-0.515874522896626,-0.021560776057273627
2,test,4516,2011-04-04,garch_1_1_t,innovation,0.0887407769434435,0.13934315840205458,True,0,converged,2017,2500,0.1445258324443351,-0.48773876162461843,-0.036518606598012725
2,test,4517,2011-04-05,garch_1_1_t,innovation,0.0918278426639161,0.1347258090336403,True,0,converged,2018,2500,0.1411796794814087,-0.4301178530477245,-0.04679173280561564
2,test,4518,2011-04-06,garch_1_1_t,innovation,0.0966876996023589,0.13122514253917755,True,0,converged,2019,2500,0.1415293268223553,-0.38102075956545384,-0.0755924589462272
2,test,4519,2011-04-07,garch_1_1_t,innovation,0.0975266500869768,0.1275325336189304,True,0,converged,2020,2500,0.1253282473596322,-0.250810599440798,0.01743522336692727
2,test,4520,2011-04-08,garch_1_1_t,innovation,0.0977204935707602,0.12461233760127739,True,0,converged,2021,2500,0.123507998160386,-0.2341946191591491,0.008901702714868558
2,test,4521,2011-04-11,garch_1_1_t,innovation,0.1017109507589933,0.12144979520863367,True,0,converged,2022,2500,0.1220930139916846,-0.1826481896771395,-0.0052821947872797115
2,test,4522,2011-04-12,garch_1_1_t,innovation,0.1051021867104934,0.12253057221362235,True,0,converged,2023,2500,0.1180799470454164,-0.11642882872299788,0.036998655549944005
2,test,4523,2011-04-13,garch_1_1_t,innovation,0.1064451385859464,0.11893234177931726,True,0,converged,2024,2500,0.0975923451381809,0.08683066239379732,0.19775571556376428
2,test,4524,2011-04-14,garch_1_1_t,innovation,0.1098900965371636,0.11545062013876421,True,0,converged,2025,2500,0.0856742035811499,0.24892897204388034,0.29829113537455526
2,test,4525,2011-04-15,garch_1_1_t,innovation,0.1114394779060452,0.11320368180100665,True,0,converged,2026,2500,0.085678431837224,0.2628805210639261,0.27858756656544803
2,test,4526,2011-04-18,garch_1_1_t,innovation,0.1040102822684987,0.12104021544103825,True,0,converged,2027,2500,0.07721290344514,0.29792317608494595,0.44955626325891773
2,test,4527,2011-04-19,garch_1_1_t,innovation,0.1067795501304785,0.1201022119742042,True,0,converged,2028,2500,0.0788872174936141,0.3027472242387332,0.42032394091252523
2,test,4528,2011-04-20,garch_1_1_t,innovation,0.0957254768459125,0.13115343076232117,True,0,converged,2029,2500,0.091815728010268,0.04170086672637077,0.35658425300377694
2,test,4529,2011-04-21,garch_1_1_t,innovation,0.0981723958630079,0.1289437413391338,True,0,converged,2030,2500,0.0872680280155099,0.11774091009454278,0.3903920310281644
2,test,4530,2011-04-25,garch_1_1_t,innovation,0.1064882366046536,0.12496160291766902,True,0,converged,2031,2500,0.0866733326347986,0.20588827022602674,0.3658602590487231
2,test,4531,2011-04-26,garch_1_1_t,innovation,0.1020872256968639,0.12714336524388833,True,0,converged,2032,2500,0.0914547041839291,0.10998378826995561,0.3294714964937618
2,test,4532,2011-04-27,garch_1_1_t,innovation,0.100145172144309,0.12648527720494396,True,0,converged,2033,2500,0.0912770505239843,0.09272146207214112,0.3262265230323727
2,test,4533,2011-04-28,garch_1_1_t,innovation,0.100812767212692,0.12338231135402405,True,0,converged,2034,2500,0.0886991723830589,0.12801444771871776,0.3300371984718607
2,test,4534,2011-04-29,garch_1_1_t,innovation,0.101382157884381,0.12016355288589245,True,0,converged,2035,2500,0.0889595093674744,0.13071580264366678,0.3006724402538801
2,test,4535,2011-05-02,garch_1_1_t,innovation,0.1077041598327462,0.11673856944506729,True,0,converged,2036,2500,0.0878629431419602,0.2036100716019281,0.2841588494297772
2,test,4536,2011-05-03,garch_1_1_t,innovation,0.1339373841206987,0.11458285923815151,True,0,converged,2037,2500,0.0887407769434435,0.4116529068677158,0.25557872155489364
2,test,4537,2011-05-04,garch_1_1_t,innovation,0.1318928843095802,0.11516920527612827,True,0,converged,2038,2500,0.0918278426639161,0.36207456201927435,0.22648684858153814
2,test,4538,2011-05-05,garch_1_1_t,innovation,0.1327155782284914,0.11905305602218434,True,0,converged,2039,2500,0.0966876996023589,0.31672213604654387,0.20808304993812077
2,test,4539,2011-05-06,garch_1_1_t,innovation,0.1370554914892057,0.1171955531336721,True,0,converged,2040,2500,0.0975266500869768,0.3402602163048391,0.183718258997405
2,test,4540,2011-05-09,garch_1_1_t,innovation,0.1363864323950264,0.11517914984405225,True,0,converged,2041,2500,0.0977204935707602,0.3333809739731316,0.16437744369974586
2,test,4541,2011-05-10,garch_1_1_t,innovation,0.1338384860515815,0.11811702197316286,True,0,converged,2042,2500,0.1017109507589933,0.2744987706483091,0.14954087034419086
2,test,4542,2011-05-11,garch_1_1_t,innovation,0.1312644967910451,0.12397199955935062,True,0,converged,2043,2500,0.1051021867104934,0.22228126344823537,0.16512264643543265
2,test,4543,2011-05-12,garch_1_1_t,innovation,0.1393510837236793,0.12198214866711828,True,0,converged,2044,2500,0.1064451385859464,0.26936680911288363,0.13624498985070577
2,test,4544,2011-05-13,garch_1_1_t,innovation,0.1366525014651149,0.12326417263636563,True,0,converged,2045,2500,0.1098900965371636,0.2179604738946912,0.11484905332875833
2,test,4545,2011-05-16,garch_1_1_t,innovation,0.1420079504469874,0.1228276683542811,True,0,converged,2046,2500,0.1114394779060452,0.24240140061470566,0.09730065818279256
2,test,4546,2011-05-17,garch_1_1_t,innovation,0.1556393469496206,0.11904176409654592,True,0,converged,2047,2500,0.1040102822684987,0.40305168998372437,0.13498462811380968
2,test,4547,2011-05-18,garch_1_1_t,innovation,0.1526022701618638,0.12214458245027358,True,0,converged,2048,2500,0.1067795501304785,0.3570685652791221,0.1344390150927954
2,test,4548,2011-05-19,garch_1_1_t,innovation,0.1527344273839607,0.11890112218614646,True,0,converged,2049,2500,0.0957254768459125,0.4672161657025553,0.21680776295348086
2,test,4549,2011-05-20,garch_1_1_t,innovation,0.1511763557624856,0.12067874995485724,True,0,converged,2050,2500,0.0981723958630079,0.4317219996322912,0.20640698123893836
2,test,4550,2011-05-23,garch_1_1_t,innovation,0.153207973843856,0.12807607983437236,True,0,converged,2051,2500,0.1064882366046536,0.3637617799086051,0.1845899364230188
2,test,4551,2011-05-24,garch_1_1_t,innovation,0.1546742525925623,0.12446196220031903,True,0,converged,2052,2500,0.1020872256968639,0.41549370755072784,0.19817254298788944
2,test,4552,2011-05-25,garch_1_1_t,innovation,0.1545589763020113,0.12143665668374855,True,0,converged,2053,2500,0.100145172144309,0.43395489243515123,0.19277192796447215
2,test,4553,2011-05-26,garch_1_1_t,innovation,0.1591969479905214,0.11948466548076929,True,0,converged,2054,2500,0.100812767212692,0.45687709583992403,0.1699230343281073
2,test,4554,2011-05-27,garch_1_1_t,innovation,0.1617119468734552,0.11711911823392233,True,0,converged,2055,2500,0.101382157884381,0.46691952887959226,0.14429440351726294
2,test,4555,2011-05-31,garch_1_1_t,innovation,0.1640671226540949,0.12266189169758022,True,0,converged,2056,2500,0.1077041598327462,0.4208874208904149,0.13004351468882086
2,test,4556,2011-06-01,garch_1_1_t,innovation,0.1460533730990933,0.15638642813712456,True,0,converged,2057,2500,0.1339373841206987,0.08659971601709571,0.15495763967006823
2,test,4557,2011-06-02,garch_1_1_t,innovation,0.1498622677054958,0.1507425533575589,True,0,converged,2058,2500,0.1318928843095802,0.12772654632862837,0.1335833264377157
2,test,4558,2011-06-03,garch_1_1_t,innovation,0.1546318722997976,0.15218638427645167,True,0,converged,2059,2500,0.1327155782284914,0.15283894588637809,0.13689765322223607
2,test,4559,2011-06-06,garch_1_1_t,innovation,0.150013689636041,0.15421118667350556,True,0,converged,2060,2500,0.1370554914892057,0.09034066298715189,0.11793711383359613
2,test,4560,2011-06-07,garch_1_1_t,innovation,0.1500554297729132,0.14867215016607044,True,0,converged,2061,2500,0.1363864323950264,0.09551248643831615,0.08625127597958059
2,test,4561,2011-06-08,garch_1_1_t,innovation,0.1537443081762916,0.1446927185935972,True,0,converged,2062,2500,0.1338384860515815,0.13865714102412832,0.07797856667797563
2,test,4562,2011-06-09,garch_1_1_t,innovation,0.1534514166103548,0.1437652963488865,True,0,converged,2063,2500,0.1312644967910451,0.15616966564848248,0.09096773628625647
2,test,4563,2011-06-10,garch_1_1_t,innovation,0.1589638538614445,0.15224780297584636,True,0,converged,2064,2500,0.1393510837236793,0.13168031128254476,0.08851294522518056
2,test,4564,2011-06-13,garch_1_1_t,innovation,0.1596804690039673,0.14692248185517884,True,0,converged,2065,2500,0.1366525014651149,0.15573353186572889,0.0724638955283781
2,test,4565,2011-06-14,garch_1_1_t,innovation,0.1537408799368185,0.15261495444232795,True,0,converged,2066,2500,0.1420079504469874,0.07938554234594522,0.07203506660782326
2,test,4566,2011-06-15,garch_1_1_t,innovation,0.1420667421165055,0.16783890989510905,True,0,converged,2067,2500,0.1556393469496206,-0.09124449012049318,0.07546319751736655
2,test,4567,2011-06-16,garch_1_1_t,innovation,0.1433314668111938,0.1618761131398431,True,0,converged,2068,2500,0.1526022701618638,-0.0626750976046663,0.05899631367784082
2,test,4568,2011-06-17,garch_1_1_t,innovation,0.1458991306454946,0.15659764464801423,True,0,converged,2069,2500,0.1527344273839607,-0.045785147521239834,0.02497909841363652
2,test,4569,2011-06-20,garch_1_1_t,innovation,0.1556427800667611,0.15269622945339495,True,0,converged,2070,2500,0.1511763557624856,0.02911643583297437,0.010003445122573036
2,test,4570,2011-06-21,garch_1_1_t,innovation,0.1479699942224412,0.15954811903158916,True,0,converged,2071,2500,0.153207973843856,-0.034786793072180536,0.040549258903890516
2,test,4571,2011-06-22,garch_1_1_t,innovation,0.1543577612474992,0.1561542057751993,True,0,converged,2072,2500,0.1546742525925623,-0.0020482761755450975,0.009522708275477706
2,test,4572,2011-06-23,garch_1_1_t,innovation,0.1540389613081628,0.15121123588027766,True,0,converged,2073,2500,0.1545589763020113,-0.0033701812142681122,-0.021897974775504578
2,test,4573,2011-06-24,garch_1_1_t,innovation,0.149666494272783,0.15495244018750812,True,0,converged,2074,2500,0.1591969479905214,-0.061732655091456125,-0.027023869977666405
2,test,4574,2011-06-27,garch_1_1_t,innovation,0.1469181693448305,0.154588597926741,True,0,converged,2075,2500,0.1617119468734552,-0.095940886150333,-0.04504926546400797
2,test,4575,2011-06-28,garch_1_1_t,innovation,0.1576660577029277,0.15993783235583267,True,0,converged,2076,2500,0.1640671226540949,-0.03979639109927366,-0.025490436612806863
2,test,4576,2011-06-29,garch_1_1_t,innovation,0.1550784006789014,0.1587681983457122,True,0,converged,2077,2500,0.1460533730990933,0.059958675795610775,0.08347314237518477
2,test,4577,2011-06-30,garch_1_1_t,innovation,0.1532990364418456,0.15911025715988597,True,0,converged,2078,2500,0.1498622677054958,0.022673843435031968,0.05988074617641655
2,test,4578,2011-07-01,garch_1_1_t,innovation,0.1449778998314164,0.16685740643149274,True,0,converged,2079,2500,0.1546318722997976,-0.06446595882266347,0.07609231930125772
2,test,4579,2011-07-05,garch_1_1_t,innovation,0.1716062585211456,0.1607973013758065,True,0,converged,2080,2500,0.150013689636041,0.13447610378503635,0.06941801994307122
2,test,4580,2011-07-06,garch_1_1_t,innovation,0.1726231468557148,0.15511759883734116,True,0,converged,2081,2500,0.1500554297729132,0.14010611892985156,0.03317877377102925
2,test,4581,2011-07-07,garch_1_1_t,innovation,0.2396989497684529,0.15644674655175703,True,0,converged,2082,2500,0.1537443081762916,0.4440928739793876,0.017424788438313504
2,test,4582,2011-07-08,garch_1_1_t,innovation,0.2384231312419952,0.15407715892764184,True,0,converged,2083,2500,0.1534514166103548,0.4406629447440025,0.0040694961745145015
2,test,4583,2011-07-11,garch_1_1_t,innovation,0.3313434423480182,0.16927724696028953,True,0,converged,2084,2500,0.1589638538614445,0.7344785854565806,0.06286104313574044
2,test,4584,2011-07-12,garch_1_1_t,innovation,0.3682123901752994,0.1641024322277801,True,0,converged,2085,2500,0.1596804690039673,0.8354851691910847,0.02731606989789459
2,test,4585,2011-07-13,garch_1_1_t,innovation,0.4014498131497953,0.1587792126780088,True,0,converged,2086,2500,0.1537408799368185,0.9598139397491182,0.03224605026995205
2,test,4586,2011-07-14,garch_1_1_t,innovation,0.4299372085088969,0.1561104288170163,True,0,converged,2087,2500,0.1420667421165055,1.1073422092173502,0.09426667177109813
2,test,4587,2011-07-15,garch_1_1_t,innovation,0.4301062182778516,0.15282423080793955,True,0,converged,2088,2500,0.1433314668111938,1.098872299746971,0.064128545058934
2,test,4588,2011-07-18,garch_1_1_t,innovation,0.4355043590365506,0.15184257186332314,True,0,converged,2089,2500,0.1458991306454946,1.0935893085643724,0.03992877575420363
2,test,4589,2011-07-19,garch_1_1_t,innovation,0.4328099171919136,0.1630550152625298,True,0,converged,2090,2500,0.1556427800667611,1.0227351311811501,0.046524150690791376
2,test,4590,2011-07-20,garch_1_1_t,innovation,0.4328111354724347,0.1571153185861185,True,0,converged,2091,2500,0.1479699942224412,1.0732919446427525,0.05997053754385397
2,test,4591,2011-07-21,garch_1_1_t,innovation,0.457615225023455,0.16318439832006515,True,0,converged,2092,2500,0.1543577612474992,1.0867556778649368,0.05560780631665458
2,test,4592,2011-07-22,garch_1_1_t,innovation,0.4613264010138074,0.15728370067953767,True,0,converged,2093,2500,0.1540389613081628,1.0969002547692153,0.020845619443097846
2,test,4593,2011-07-25,garch_1_1_t,innovation,0.4609083840632191,0.15366245494280711,True,0,converged,2094,2500,0.149666494272783,1.1247898429737817,0.026348898550377246
2,test,4594,2011-07-26,garch_1_1_t,innovation,0.4748378971706878,0.14922425279560575,True,0,converged,2095,2500,0.1469181693448305,1.173097716018504,0.01557446615260397
2,test,4595,2011-07-27,garch_1_1_t,innovation,0.4717449050040973,0.17017913275347255,True,0,converged,2096,2500,0.1576660577029277,1.0959591465199772,0.07637236688701865
2,test,4596,2011-07-28,garch_1_1_t,innovation,0.4747732347564737,0.16454273942161374,True,0,converged,2097,2500,0.1550784006789014,1.1189064896583583,0.0592395507010484
2,test,4597,2011-07-29,garch_1_1_t,innovation,0.4769070678084083,0.161453683051148,True,0,converged,2098,2500,0.1532990364418456,1.1349311450930517,0.051827808860300195
2,test,4598,2011-08-01,garch_1_1_t,innovation,0.4871598558883316,0.15691507416435674,True,0,converged,2099,2500,0.1449778998314164,1.212010999550386,0.07912341425556227
2,test,4599,2011-08-02,garch_1_1_t,innovation,0.4785117174805602,0.18917920759755033,True,0,converged,2100,2500,0.1716062585211456,1.0254780405786006,0.09749209620261888
2,test,4600,2011-08-03,garch_1_1_t,innovation,0.4783853717259916,0.18349526998536317,True,0,converged,2101,2500,0.1726231468557148,1.0193057480876224,0.06107801393041787
2,test,4601,2011-08-04,garch_1_1_t,innovation,0.4486090365979007,0.27718509019336457,True,0,converged,2102,2500,0.2396989497684529,0.6267680058929487,0.14530171869878278
2,test,4602,2011-08-05,garch_1_1_t,innovation,0.4578882968206224,0.2653151443390481,True,0,converged,2103,2500,0.2384231312419952,0.6525783034564274,0.10687138583434364
2,test,4603,2011-08-08,garch_1_1_t,innovation,0.3914079023021124,0.3986599171314494,True,0,converged,2104,2500,0.3313434423480182,0.16659481696721212,0.18495328779914116
2,test,4604,2011-08-09,garch_1_1_t,innovation,0.3700304623052842,0.4361455077988769,True,0,converged,2105,2500,0.3682123901752994,0.004925413905099384,0.16931600225704604
2,test,4605,2011-08-10,garch_1_1_t,innovation,0.3355222800244974,0.4674495573219117,True,0,converged,2106,2500,0.4014498131497953,-0.1793941645667214,0.1522089169383037
2,test,4606,2011-08-11,garch_1_1_t,innovation,0.3117282858743665,0.49170185749106393,True,0,converged,2107,2500,0.4299372085088969,-0.32150724153457505,0.13423338080139774
2,test,4607,2011-08-12,garch_1_1_t,innovation,0.3116586066164085,0.46951393615376047,True,0,converged,2108,2500,0.4301062182778516,-0.3221238182718443,0.08766578374219894
2,test,4608,2011-08-15,garch_1_1_t,innovation,0.3043916709643159,0.4583232319808755,True,0,converged,2109,2500,0.4355043590365506,-0.3581895420389381,0.05106987636400125
2,test,4609,2011-08-16,garch_1_1_t,innovation,0.3067729051051522,0.43882077057003027,True,0,converged,2110,2500,0.4328099171919136,-0.3441908902263447,0.013792420917946455
2,test,4610,2011-08-17,garch_1_1_t,innovation,0.3127178558501692,0.41866829443907877,True,0,converged,2111,2500,0.4328111354724347,-0.3250000911030427,-0.033222509767814136
2,test,4611,2011-08-18,garch_1_1_t,innovation,0.2715785426666975,0.4490682416938007,True,0,converged,2112,2500,0.457615225023455,-0.5217773218521529,-0.018853848830873703
2,test,4612,2011-08-19,garch_1_1_t,innovation,0.2675872922032794,0.4359361297499655,True,0,converged,2113,2500,0.4613264010138074,-0.5446599815955457,-0.056610079473468876
2,test,4613,2011-08-22,garch_1_1_t,innovation,0.2676041873348447,0.41608339346364903,True,0,converged,2114,2500,0.4609083840632191,-0.5436903143248021,-0.10231358496735614
2,test,4614,2011-08-23,garch_1_1_t,innovation,0.2639425260814037,0.42477261881150047,True,0,converged,2115,2500,0.4748378971706878,-0.5872421014665419,-0.11141946548286051
2,test,4615,2011-08-24,garch_1_1_t,innovation,0.2842614297584201,0.41153139726443183,True,0,converged,2116,2500,0.4717449050040973,-0.5065440419329009,-0.13655306723153918
2,test,4616,2011-08-25,garch_1_1_t,innovation,0.2797960787726557,0.3994720403320826,True,0,converged,2117,2500,0.4747732347564737,-0.5287762417905235,-0.1726935134260088
2,test,4617,2011-08-26,garch_1_1_t,innovation,0.2874406001795649,0.3886391002555784,True,0,converged,2118,2500,0.4769070678084083,-0.5063054146898075,-0.204670495368747
2,test,4618,2011-08-29,garch_1_1_t,innovation,0.2721531233026871,0.39376674369172515,True,0,converged,2119,2500,0.4871598558883316,-0.5822274541829467,-0.21283360250161
2,test,4619,2011-08-30,garch_1_1_t,innovation,0.281638282281877,0.37628129551876643,True,0,converged,2120,2500,0.4785117174805602,-0.5300571378884611,-0.24034370847329076
2,test,4620,2011-08-31,garch_1_1_t,innovation,0.2825689644277037,0.36010837782932553,True,0,converged,2121,2500,0.4783853717259916,-0.5264939820115052,-0.2840115890033397
2,test,4621,2011-09-01,garch_1_1_t,innovation,0.2941386198557283,0.3480162033735158,True,0,converged,2122,2500,0.4486090365979007,-0.4221006135548692,-0.2539027257734333
2,test,4622,2011-09-02,garch_1_1_t,innovation,0.2976243436965732,0.353256942505179,True,0,converged,2123,2500,0.4578882968206224,-0.4307931612934129,-0.25942958635632246
2,test,4623,2011-09-06,garch_1_1_t,innovation,0.3063171408618723,0.33940071640632286,True,0,converged,2124,2500,0.3914079023021124,-0.2451292712972439,-0.1425687809946718
2,test,4624,2011-09-07,garch_1_1_t,innovation,0.2971877750370118,0.3492662113248761,True,0,converged,2125,2500,0.3700304623052842,-0.21922115459855104,-0.05775091820708164
2,test,4625,2011-09-08,garch_1_1_t,innovation,0.3016556783957522,0.3370611027965261,True,0,converged,2126,2500,0.3355222800244974,-0.1064021334646141,0.004575865227690556
2,test,4626,2011-09-09,garch_1_1_t,innovation,0.287536308684789,0.34450810556278194,True,0,converged,2127,2500,0.3117282858743665,-0.08078278642571203,0.09998568889445293
2,test,4627,2011-09-12,garch_1_1_t,innovation,0.3095001758421349,0.33046642435760076,True,0,converged,2128,2500,0.3116586066164085,-0.006949718888797516,0.058596684522743935
2,test,4628,2011-09-13,garch_1_1_t,innovation,0.3078194439667563,0.31842995411689495,True,0,converged,2129,2500,0.3043916709643159,0.011198126719473522,0.04508726307326292
2,test,4629,2011-09-14,garch_1_1_t,innovation,0.3055028506751505,0.31137886306461043,True,0,converged,2130,2500,0.3067729051051522,-0.004148641325776338,0.014902628902650674
2,test,4630,2011-09-15,garch_1_1_t,innovation,0.2994885632655021,0.30822127977980757,True,0,converged,2131,2500,0.3127178558501692,-0.043225134274093795,-0.014483399146652195
2,test,4631,2011-09-16,garch_1_1_t,innovation,0.3047513352681972,0.29563993809024053,True,0,converged,2132,2500,0.2715785426666975,0.11524476074441461,0.08489089938009158
2,test,4632,2011-09-19,garch_1_1_t,innovation,0.310308150459882,0.28606031483751804,True,0,converged,2133,2500,0.2675872922032794,0.14811999839948328,0.06675684052885338
2,test,4633,2011-09-20,garch_1_1_t,innovation,0.3177978249711237,0.27312486927698576,True,0,converged,2134,2500,0.2676041873348447,0.17190643419110263,0.02042011135977685
2,test,4634,2011-09-21,garch_1_1_t,innovation,0.3025141959041258,0.2963245195857552,True,0,converged,2135,2500,0.2639425260814037,0.13639682977026216,0.11572382851502973
2,test,4635,2011-09-22,garch_1_1_t,innovation,0.2795554220229308,0.3211737922419165,True,0,converged,2136,2500,0.2842614297584201,-0.016693779230569358,0.12208804342029876
2,test,4636,2011-09-23,garch_1_1_t,innovation,0.2866253061523797,0.30808243908208827,True,0,converged,2137,2500,0.2797960787726557,0.024114761566642284,0.09630635877710396
2,test,4637,2011-09-26,garch_1_1_t,innovation,0.2776075383234276,0.3142164147665572,True,0,converged,2138,2500,0.2874406001795649,-0.034807847212229646,0.08906573668774824
2,test,4638,2011-09-27,garch_1_1_t,innovation,0.2834954404323844,0.30460525048350706,True,0,converged,2139,2500,0.2721531233026871,0.04083117869162769,0.11265181640290235
2,test,4639,2011-09-28,garch_1_1_t,innovation,0.2762587055242332,0.30609186773344493,True,0,converged,2140,2500,0.281638282281877,-0.019285795102051813,0.08326171759871848
2,test,4640,2011-09-29,garch_1_1_t,innovation,0.3005333916428186,0.29518105371069187,True,0,converged,2141,2500,0.2825689644277037,0.06163622541588574,0.0436662668081944
2,test,4641,2011-09-30,garch_1_1_t,innovation,0.2867958431134803,0.30518975267777304,True,0,converged,2142,2500,0.2941386198557283,-0.02528053773233412,0.03688257075848444
2,test,4642,2011-10-03,garch_1_1_t,innovation,0.2815161585577326,0.32126193763020267,True,0,converged,2143,2500,0.2976243436965732,-0.05564225211080106,0.07642469578820597
2,test,4643,2011-10-04,garch_1_1_t,innovation,0.2887806832061054,0.32311972262808153,True,0,converged,2144,2500,0.3063171408618723,-0.05895345492146807,0.05340193953942454
2,test,4644,2011-10-05,garch_1_1_t,innovation,0.2871332652643102,0.32015169331256,True,0,converged,2145,2500,0.2971877750370118,-0.03441773131785693,0.07443074686773062
2,test,4645,2011-10-06,garch_1_1_t,innovation,0.2872384310641909,0.3176251356649582,True,0,converged,2146,2500,0.3016556783957522,-0.048973588041428665,0.051585639602334143
2,test,4646,2011-10-07,garch_1_1_t,innovation,0.2870671962949692,0.3052670498732135,True,0,converged,2147,2500,0.287536308684789,-0.0016328215542703807,0.05983782353057455
2,test,4647,2011-10-10,garch_1_1_t,innovation,0.263159938141683,0.3292446202800106,True,0,converged,2148,2500,0.3095001758421349,-0.16219668311550675,0.061842340899753816
2,test,4648,2011-10-11,garch_1_1_t,innovation,0.2669989796040841,0.3151663439950086,True,0,converged,2149,2500,0.3078194439667563,-0.14226855350637668,0.023587185425334833
2,test,4649,2011-10-12,garch_1_1_t,innovation,0.2968860552674993,0.30391817966619566,True,0,converged,2150,2500,0.3055028506751505,-0.028610696855657473,-0.005200590401904887
2,test,4650,2011-10-13,garch_1_1_t,innovation,0.29865839674511,0.29067350218823007,True,0,converged,2151,2500,0.2994885632655021,-0.0027757962806213713,-0.029875579067600994
2,test,4651,2011-10-14,garch_1_1_t,innovation,0.2999306798822472,0.2886795868766525,True,0,converged,2152,2500,0.3047513352681972,-0.0159447689747882,-0.05417877274579424
2,test,4652,2011-10-17,garch_1_1_t,innovation,0.2939699864737421,0.2900173089888438,True,0,converged,2153,2500,0.310308150459882,-0.054088162192905145,-0.06762523012856775
2,test,4653,2011-10-18,garch_1_1_t,innovation,0.2863670213156347,0.29176511128303595,True,0,converged,2154,2500,0.3177978249711237,-0.10414113064259113,-0.08546634492139478
2,test,4654,2011-10-19,garch_1_1_t,innovation,0.2888822307705543,0.28432032546602254,True,0,converged,2155,2500,0.3025141959041258,-0.04610910590340026,-0.06202669585547849
2,test,4655,2011-10-20,garch_1_1_t,innovation,0.2940353295254923,0.27258470771327525,True,0,converged,2156,2500,0.2795554220229308,0.05049936574951141,-0.025251143031698346
2,test,4656,2011-10-21,garch_1_1_t,innovation,0.2863786955426234,0.27480582383419994,True,0,converged,2157,2500,0.2866253061523797,-0.0008607640583773727,-0.04211105619054692
2,test,4657,2011-10-24,garch_1_1_t,innovation,0.2911690340543647,0.2689379176771059,True,0,converged,2158,2500,0.2776075383234276,0.04769558796139644,-0.03172781994625889
2,test,4658,2011-10-25,garch_1_1_t,innovation,0.2830425917135197,0.27284232180447804,True,0,converged,2159,2500,0.2834954404323844,-0.0015986528339307718,-0.038301987391525585
2,test,4659,2011-10-26,garch_1_1_t,innovation,0.2917136773659856,0.26510972749503087,True,0,converged,2160,2500,0.2762587055242332,0.05443499869667433,-0.041193959241796606
2,test,4660,2011-10-27,garch_1_1_t,innovation,0.2652699518601811,0.2990080769787673,True,0,converged,2161,2500,0.3005333916428186,-0.12481087433515912,-0.005088281744716808
2,test,4661,2011-10-28,garch_1_1_t,innovation,0.2839734173661022,0.28590124842907333,True,0,converged,2162,2500,0.2867958431134803,-0.009889981638111986,-0.003124148612746188
2,test,4662,2011-10-31,garch_1_1_t,innovation,0.2706291966438673,0.2956060700149097,True,0,converged,2163,2500,0.2815161585577326,-0.03944024169279369,0.048837875861360416
2,test,4663,2011-11-01,garch_1_1_t,innovation,0.2892407052839498,0.3115946900458672,True,0,converged,2164,2500,0.2887806832061054,0.001591713331474507,0.07603575454406476
2,test,4664,2011-11-02,garch_1_1_t,innovation,0.2834934373561831,0.30731700274778156,True,0,converged,2165,2500,0.2871332652643102,-0.012757472643276514,0.06793335019348097
2,test,4665,2011-11-03,garch_1_1_t,innovation,0.276165362252644,0.3054768579607002,True,0,converged,2166,2500,0.2872384310641909,-0.039312816217707124,0.06156138326671163
2,test,4666,2011-11-04,garch_1_1_t,innovation,0.2779847536851419,0.2934610898506845,True,0,converged,2167,2500,0.2870671962949692,-0.03215005245910425,0.022028735782185643
2,test,4667,2011-11-07,garch_1_1_t,innovation,0.2771174157964833,0.282416714269676,True,0,converged,2168,2500,0.263159938141683,0.05167932295777617,0.07062171321694076
2,test,4668,2011-11-08,garch_1_1_t,innovation,0.2737151986414932,0.2768417470369638,True,0,converged,2169,2500,0.2669989796040841,0.02484330811357987,0.036201195906136886
2,test,4669,2011-11-09,garch_1_1_t,innovation,0.2516046958300125,0.31658688776368515,True,0,converged,2170,2500,0.2968860552674993,-0.16548922436795452,0.06424931791675001
2,test,4670,2011-11-10,garch_1_1_t,innovation,0.2564294328801058,0.30582588320853443,True,0,converged,2171,2500,0.29865839674511,-0.1524469231715143,0.023715496428855013
2,test,4671,2011-11-11,garch_1_1_t,innovation,0.2531783876609363,0.3052827763465799,True,0,converged,2172,2500,0.2999306798822472,-0.16945705105934702,0.017687101748338485
2,test,4672,2011-11-14,garch_1_1_t,innovation,0.2531142692134652,0.29521166808939947,True,0,converged,2173,2500,0.2939699864737421,-0.1496366315720303,0.004214942689824245
2,test,4673,2011-11-15,garch_1_1_t,innovation,0.2553450296516936,0.2832503595037211,True,0,converged,2174,2500,0.2863670213156347,-0.11465859136006368,-0.01094311030147267
2,test,4674,2011-11-16,garch_1_1_t,innovation,0.2492746681835267,0.28112319144858855,True,0,converged,2175,2500,0.2888822307705543,-0.14746372548725195,-0.027226122080524336
2,test,4675,2011-11-17,garch_1_1_t,innovation,0.2427345605848395,0.2790914673496509,True,0,converged,2176,2500,0.2940353295254923,-0.1917314255465385,-0.052160360516592744
2,test,4676,2011-11-18,garch_1_1_t,innovation,0.2456882279155384,0.2671583395118164,True,0,converged,2177,2500,0.2863786955426234,-0.15325167930016442,-0.0694735307419932
2,test,4677,2011-11-21,garch_1_1_t,innovation,0.2586944549608255,0.2706670464245985,True,0,converged,2178,2500,0.2911690340543647,-0.11825631685181187,-0.07301451702997545
2,test,4678,2011-11-22,garch_1_1_t,innovation,0.2584067258528321,0.25968773179928,True,0,converged,2179,2500,0.2830425917135197,-0.09106258666169,-0.08611750941571374
2,test,4679,2011-11-23,garch_1_1_t,innovation,0.2479534438496357,0.2692280655650202,True,0,converged,2180,2500,0.2917136773659856,-0.16253176211258583,-0.08021391646352273
2,test,4680,2011-11-25,garch_1_1_t,innovation,0.2498683212912903,0.25782976033148575,True,0,converged,2181,2500,0.2652699518601811,-0.05981392947788422,-0.028448470289749863
2,test,4681,2011-11-28,garch_1_1_t,innovation,0.2284045120126438,0.27976133452734636,True,0,converged,2182,2500,0.2839734173661022,-0.21776240049859139,-0.014943769955162459
2,test,4682,2011-11-29,garch_1_1_t,innovation,0.2329504707127475,0.2680511183229879,True,0,converged,2183,2500,0.2706291966438673,-0.14992374694482305,-0.009571903532146887
2,test,4683,2011-11-30,garch_1_1_t,innovation,0.1873730462321926,0.316792720619008,True,0,converged,2184,2500,0.2892407052839498,-0.43415770238563534,0.0909884501245375
2,test,4684,2011-12-01,garch_1_1_t,innovation,0.1881870494807803,0.30291341208787054,True,0,converged,2185,2500,0.2834934373561831,-0.4097525619965507,0.06625802173838773
2,test,4685,2011-12-02,garch_1_1_t,innovation,0.1963131838670344,0.290109257123603,True,0,converged,2186,2500,0.276165362252644,-0.3412885640456461,0.049257775828811697
2,test,4686,2011-12-05,garch_1_1_t,innovation,0.1925949130578285,0.2821979805930006,True,0,converged,2187,2500,0.2779847536851419,-0.3669771822654104,0.015042614123007208
2,test,4687,2011-12-06,garch_1_1_t,innovation,0.1928227856051211,0.2702635604815887,True,0,converged,2188,2500,0.2771174157964833,-0.3626697423232137,-0.025043667310160594
2,test,4688,2011-12-07,garch_1_1_t,innovation,0.1925892678206008,0.25931063611850536,True,0,converged,2189,2500,0.2737151986414932,-0.35152836962198636,-0.05406143451285339
2,test,4689,2011-12-08,garch_1_1_t,innovation,0.1759710400297815,0.26843351694627854,True,0,converged,2190,2500,0.2516046958300125,-0.35753975230963264,0.06474408562669658
2,test,4690,2011-12-09,garch_1_1_t,innovation,0.1683695285200835,0.26824140908194355,True,0,converged,2191,2500,0.2564294328801058,-0.42069237287749406,0.045033843925936796
2,test,4691,2011-12-12,garch_1_1_t,innovation,0.1600848731334576,0.2655551417661318,True,0,converged,2192,2500,0.2531783876609363,-0.45839019816225973,0.047728179547700006
2,test,4692,2011-12-13,garch_1_1_t,innovation,0.1568126583225485,0.25781041189879844,True,0,converged,2193,2500,0.2531142692134652,-0.47878920997565527,0.01838343346314001
2,test,4693,2011-12-14,garch_1_1_t,innovation,0.153250957117517,0.25176006911459886,True,0,converged,2194,2500,0.2553450296516936,-0.5105388677968236,-0.01413916077683104
2,test,4694,2011-12-15,garch_1_1_t,innovation,0.1533206382717101,0.24162701468322326,True,0,converged,2195,2500,0.2492746681835267,-0.4860239700805346,-0.031160098036247728
2,test,4695,2011-12-16,garch_1_1_t,innovation,0.1581271871387468,0.23147885063912926,True,0,converged,2196,2500,0.2427345605848395,-0.4285688119329311,-0.04747999160397643
2,test,4696,2011-12-19,garch_1_1_t,innovation,0.1545867097355487,0.22756935034270345,True,0,converged,2197,2500,0.2456882279155384,-0.46330819897758996,-0.07660833733865391
2,test,4697,2011-12-20,garch_1_1_t,innovation,0.1127097320753191,0.25748394649190653,True,0,converged,2198,2500,0.2586944549608255,-0.8308318835815688,-0.0046902802777047435
2,test,4698,2011-12-21,garch_1_1_t,innovation,0.1125161114884081,0.24667339589471196,True,0,converged,2199,2500,0.2584067258528321,-0.8314383757911984,-0.04646962259969865
2,test,4699,2011-12-22,garch_1_1_t,innovation,0.108149221530404,0.2396596277415728,True,0,converged,2200,2500,0.2479534438496357,-0.8297290478107695,-0.03402130315350621
2,test,4700,2011-12-23,garch_1_1_t,innovation,0.1075778283134082,0.23313342869334405,True,0,converged,2201,2500,0.2498683212912903,-0.8427194943361466,-0.06932311926697629
2,test,4701,2011-12-27,garch_1_1_t,innovation,0.1090799417467429,0.22323385853005465,True,0,converged,2202,2500,0.2284045120126438,-0.7390372085225496,-0.022898317532523874
2,test,4702,2011-12-28,garch_1_1_t,innovation,0.09850053938714,0.22214033071235698,True,0,converged,2203,2500,0.2329504707127475,-0.8607638347461428,-0.04751655642645436
2,test,4703,2011-12-29,garch_1_1_t,innovation,0.0922933888024301,0.21782902491059705,True,0,converged,2204,2500,0.1873730462321926,-0.7081290176545592,0.1506089363502604
2,test,4704,2011-12-30,garch_1_1_t,innovation,0.090630395800105,0.21058702765457163,True,0,converged,2205,2500,0.1881870494807803,-0.7306467609822438,0.11246258847300777
2,test,4705,2012-01-03,garch_1_1_t,innovation,0.0777019291325429,0.21463855193683104,True,0,converged,2206,2500,0.1963131838670344,-0.9268311758301212,0.08924419876449019
2,test,4706,2012-01-04,garch_1_1_t,innovation,0.0776961151898952,0.2059597766161842,True,0,converged,2207,2500,0.1925949130578285,-0.9077838284944644,0.06709180351719526
2,test,4707,2012-01-05,garch_1_1_t,innovation,0.0915953682826733,0.19772995894678216,True,0,converged,2208,2500,0.1928227856051211,-0.7443908519905922,0.02513069831750317
2,test,4708,2012-01-06,garch_1_1_t,innovation,0.0911670882071325,0.19029560346117724,True,0,converged,2209,2500,0.1925892678206008,-0.7478658181495216,-0.011981104341048059
2,test,4709,2012-01-09,garch_1_1_t,innovation,0.0912015778164465,0.18280732418782575,True,0,converged,2210,2500,0.1759710400297815,-0.6572472386641961,0.038113288676650606
2,test,4710,2012-01-10,garch_1_1_t,innovation,0.0865408182325467,0.17984432691055108,True,0,converged,2211,2500,0.1683695285200835,-0.665544948689351,0.06593048778936036
2,test,4711,2012-01-11,garch_1_1_t,innovation,0.0866342542676671,0.172475159527376,True,0,converged,2212,2500,0.1600848731334576,-0.6140088484985293,0.07454909168686283
2,test,4712,2012-01-12,garch_1_1_t,innovation,0.0901356532588757,0.16608593997262722,True,0,converged,2213,2500,0.1568126583225485,-0.5537360397674264,0.057453531313307056
2,test,4713,2012-01-13,garch_1_1_t,innovation,0.0920690659759315,0.1613608197497758,True,0,converged,2214,2500,0.153250957117517,-0.50953780773028,0.051566153625136855
2,test,4714,2012-01-17,garch_1_1_t,innovation,0.0911455522795322,0.15589865046413387,True,0,converged,2215,2500,0.1533206382717101,-0.5200736991899112,0.01667471609906297
2,test,4715,2012-01-18,garch_1_1_t,innovation,0.0840194894498356,0.15857895643475067,True,0,converged,2216,2500,0.1581271871387468,-0.6323509019021977,0.002852926042582876
2,test,4716,2012-01-19,garch_1_1_t,innovation,0.0907551930699041,0.15423589455119963,True,0,converged,2217,2500,0.1545867097355487,-0.5325894715515117,-0.002271953739019007
2,test,4717,2012-01-20,garch_1_1_t,innovation,0.0912156327737878,0.14827514386268742,True,0,converged,2218,2500,0.1127097320753191,-0.21158947675150902,0.27425385683096476
2,test,4718,2012-01-23,garch_1_1_t,innovation,0.091209491322201,0.14286946449106672,True,0,converged,2219,2500,0.1125161114884081,-0.20993746144015013,0.23883495302411611
2,test,4719,2012-01-24,garch_1_1_t,innovation,0.0918314378872176,0.1377789259961068,True,0,converged,2220,2500,0.108149221530404,-0.16355725467339038,0.2421384607522027
2,test,4720,2012-01-25,garch_1_1_t,innovation,0.0883247738435049,0.13882639330933272,True,0,converged,2221,2500,0.1075778283134082,-0.19719393719010947,0.25500961359299124
2,test,4721,2012-01-26,garch_1_1_t,innovation,0.0867649995487824,0.1360557268889445,True,0,converged,2222,2500,0.1090799417467429,-0.22887771459364017,0.22098353440947383
2,test,4722,2012-01-27,garch_1_1_t,innovation,0.0869542942596495,0.13136376321042917,True,0,converged,2223,2500,0.09850053938714,-0.1246793969038173,0.28790826918879603
2,test,4723,2012-01-30,garch_1_1_t,innovation,0.0867180022117832,0.12764869803306358,True,0,converged,2224,2500,0.0922933888024301,-0.062311011467275766,0.324309432462009
2,test,4724,2012-01-31,garch_1_1_t,innovation,0.0878204959226726,0.12311924894845484,True,0,converged,2225,2500,0.090630395800105,-0.031494739112341436,0.30636373808762984
2,test,4725,2012-02-01,garch_1_1_t,innovation,0.0842082672362372,0.1260109124252733,True,0,converged,2226,2500,0.0777019291325429,0.08041301710586199,0.48348842472508724
2,test,4726,2012-02-02,garch_1_1_t,innovation,0.0847103265896639,0.12217697618684911,True,0,converged,2227,2500,0.0776961151898952,0.08643225525339818,0.45266535950871206
2,test,4727,2012-02-03,garch_1_1_t,innovation,0.070325313704891,0.13540926289903074,True,0,converged,2228,2500,0.0915953682826733,-0.26424889064840135,0.39092106370275725
2,test,4728,2012-02-06,garch_1_1_t,innovation,0.0876085918828102,0.13072134214416545,True,0,converged,2229,2500,0.0911670882071325,-0.03981488304073749,0.36037394135224293
2,test,4729,2012-02-07,garch_1_1_t,innovation,0.0905747388989965,0.12695062582253447,True,0,converged,2230,2500,0.0912015778164465,-0.006896843477556008,0.33072604026628377
2,test,4730,2012-02-08,garch_1_1_t,innovation,0.0965829910691499,0.12348927699577386,True,0,converged,2231,2500,0.0865408182325467,0.10978646011097239,0.35553813663768713
2,test,4731,2012-02-09,garch_1_1_t,innovation,0.0974477290642543,0.11960121537136535,True,0,converged,2232,2500,0.0866342542676671,0.11762083890601609,0.3224677202560536
2,test,4732,2012-02-10,garch_1_1_t,innovation,0.093834127249847,0.12094105152688116,True,0,converged,2233,2500,0.0901356532588757,0.04021282580948595,0.2939874554351031
2,test,4733,2012-02-13,garch_1_1_t,innovation,0.1101883475493564,0.12211210281435168,True,0,converged,2234,2500,0.0920690659759315,0.1796521394799161,0.2824004858214704
2,test,4734,2012-02-14,garch_1_1_t,innovation,0.1101654248552046,0.11839808788534745,True,0,converged,2235,2500,0.0911455522795322,0.18952539412658895,0.2615948683851351
2,test,4735,2012-02-15,garch_1_1_t,innovation,0.1108208318529108,0.11675146306856012,True,0,converged,2236,2500,0.0840194894498356,0.27686598056242717,0.3289986389155563
2,test,4736,2012-02-16,garch_1_1_t,innovation,0.1038230111667944,0.12442132882617712,True,0,converged,2237,2500,0.0907551930699041,0.1345219382855846,0.31550792377670195
2,test,4737,2012-02-17,garch_1_1_t,innovation,0.104324860996023,0.12097534246047308,True,0,converged,2238,2500,0.0912156327737878,0.1342833996796013,0.2823604491278867
2,test,4738,2012-02-21,garch_1_1_t,innovation,0.1048252755949583,0.11716094543294366,True,0,converged,2239,2500,0.091209491322201,0.13913595896850192,0.25038962833450645
2,test,4739,2012-02-22,garch_1_1_t,innovation,0.1043645055744651,0.11475418129232993,True,0,converged,2240,2500,0.0918314378872176,0.1279349330763918,0.2228375869089273
2,test,4740,2012-02-23,garch_1_1_t,innovation,0.1063359022610463,0.11315208042574135,True,0,converged,2241,2500,0.0883247738435049,0.18558234028153392,0.24771212561284178
2,test,4741,2012-02-24,garch_1_1_t,innovation,0.106669301475447,0.11022397918758,True,0,converged,2242,2500,0.0867649995487824,0.20653009881089443,0.23931116068949806
2,test,4742,2012-02-27,garch_1_1_t,innovation,0.1174330465353341,0.10741024099963055,True,0,converged,2243,2500,0.0869542942596495,0.30048572718560124,0.21127290407213678
2,test,4743,2012-02-28,garch_1_1_t,innovation,0.1174997551372575,0.10527421946807976,True,0,converged,2244,2500,0.0867180022117832,0.3037747494435803,0.19390705960113544
2,test,4744,2012-02-29,garch_1_1_t,innovation,0.1179971594690377,0.10402049718960546,True,0,converged,2245,2500,0.0878204959226726,0.29536563972633395,0.16929305593030633
2,test,4745,2012-03-01,garch_1_1_t,innovation,0.1167200953446069,0.10408780513865065,True,0,converged,2246,2500,0.0842082672362372,0.32648561894834965,0.21194172098476174
2,test,4746,2012-03-02,garch_1_1_t,innovation,0.117140282221859,0.10223681309591998,True,0,converged,2247,2500,0.0847103265896639,0.32413469610745393,0.18805430550781638
2,test,4747,2012-03-05,garch_1_1_t,innovation,0.1190763777482177,0.10138983018202752,True,0,converged,2248,2500,0.070325313704891,0.5266333018902042,0.3658409769108378
2,test,4748,2012-03-06,garch_1_1_t,innovation,0.1079605545951654,0.12057874308765658,True,0,converged,2249,2500,0.0876085918828102,0.2088868511929072,0.3194239351327933
2,test,4749,2012-03-07,garch_1_1_t,innovation,0.1108897939796504,0.12112380299969842,True,0,converged,2250,2500,0.0905747388989965,0.20236150701106365,0.2906378337346619
2,test,4750,2012-03-08,garch_1_1_t,innovation,0.1051884677813095,0.12598178277306235,True,0,converged,2251,2500,0.0965829910691499,0.08535102261744922,0.2657346655058661
2,test,4751,2012-03-09,garch_1_1_t,innovation,0.1117327168175155,0.1230932600289764,True,0,converged,2252,2500,0.0974477290642543,0.1367934400987967,0.23362615761009628
2,test,4752,2012-03-12,garch_1_1_t,innovation,0.1268643460359342,0.11910104147290264,True,0,converged,2253,2500,0.093834127249847,0.30158975434179225,0.23844360104997767
2,test,4753,2012-03-13,garch_1_1_t,innovation,0.1135143625685233,0.14228906362159632,True,0,converged,2254,2500,0.1101883475493564,0.029738219358094706,0.2556694957499546
2,test,4754,2012-03-14,garch_1_1_t,innovation,0.1224489242579623,0.13738001106344822,True,0,converged,2255,2500,0.1101654248552046,0.10571089976220077,0.2207677908735015
2,test,4755,2012-03-15,garch_1_1_t,innovation,0.1279688618859099,0.13518710903728354,True,0,converged,2256,2500,0.1108208318529108,0.14387219805534307,0.19874504195179868
2,test,4756,2012-03-16,garch_1_1_t,innovation,0.1278958638070096,0.1305974784629458,True,0,converged,2257,2500,0.1038230111667944,0.20852873508496886,0.22943227562370044
2,test,4757,2012-03-19,garch_1_1_t,innovation,0.1374537275535663,0.12768382513770665,True,0,converged,2258,2500,0.104324860996023,0.275777639521776,0.20204739797422253
2,test,4758,2012-03-20,garch_1_1_t,innovation,0.1375936056348609,0.12410852508829992,True,0,converged,2259,2500,0.1048252755949583,0.2720095315934798,0.16886146301471203
2,test,4759,2012-03-21,garch_1_1_t,innovation,0.1393590955697419,0.12028466112630179,True,0,converged,2260,2500,0.1043645055744651,0.289164390477316,0.14197147694498624
2,test,4760,2012-03-22,garch_1_1_t,innovation,0.1371037854583656,0.12120132639614853,True,0,converged,2261,2500,0.1063359022610463,0.25413522409639283,0.13085004441824308
2,test,4761,2012-03-23,garch_1_1_t,innovation,0.1398739094716998,0.11837927817499061,True,0,converged,2262,2500,0.106669301475447,0.27100796199981786,0.10416028356608478
2,test,4762,2012-03-26,garch_1_1_t,innovation,0.1315234880988482,0.13164127576738022,True,0,converged,2263,2500,0.1174330465353341,0.11331709793262366,0.11421226090708117
2,test,4763,2012-03-27,garch_1_1_t,innovation,0.1396659269071756,0.12796137088152434,True,0,converged,2264,2500,0.1174997551372575,0.17281708498885817,0.08529217873995534
2,test,4764,2012-03-28,garch_1_1_t,innovation,0.1407225153478476,0.1257943246487093,True,0,converged,2265,2500,0.1179971594690377,0.1761294232324961,0.06398767728882546
2,test,4765,2012-03-29,garch_1_1_t,innovation,0.1407119810031225,0.12201187742014195,True,0,converged,2266,2500,0.1167200953446069,0.18693639224437145,0.04433967481702145
2,test,4766,2012-03-30,garch_1_1_t,innovation,0.1405656161790849,0.1196434709592073,True,0,converged,2267,2500,0.117140282221859,0.18230218889406857,0.02114403510757427
2,test,4767,2012-04-02,garch_1_1_t,innovation,0.1399067699070004,0.12071318988130722,True,0,converged,2268,2500,0.1190763777482177,0.16121115450041376,0.013652283310506995
2,test,4768,2012-04-03,garch_1_1_t,innovation,0.1395430063485917,0.11845860827937839,True,0,converged,2269,2500,0.1079605545951654,0.2566069178076362,0.09279767715662854
2,test,4769,2012-04-04,garch_1_1_t,innovation,0.1377219290609364,0.12367886351835408,True,0,converged,2270,2500,0.1108897939796504,0.21669978441184032,0.10915153482600057
2,test,4770,2012-04-05,garch_1_1_t,innovation,0.1493580519000253,0.11973593066840249,True,0,converged,2271,2500,0.1051884677813095,0.35059278372115515,0.12953506774545873
2,test,4771,2012-04-09,garch_1_1_t,innovation,0.143900208148086,0.12724354291510023,True,0,converged,2272,2500,0.1117327168175155,0.2530104981879977,0.12999334866174997
2,test,4772,2012-04-10,garch_1_1_t,innovation,0.1315309367319254,0.1458851628741912,True,0,converged,2273,2500,0.1268643460359342,0.03612371012764728,0.13970138241528277
2,test,4773,2012-04-11,garch_1_1_t,innovation,0.1301058104912208,0.14566365624820504,True,0,converged,2274,2500,0.1135143625685233,0.13641867488270393,0.24937086835604444
2,test,4774,2012-04-12,garch_1_1_t,innovation,0.1218932624911933,0.15280893376061333,True,0,converged,2275,2500,0.1224489242579623,-0.004548234032360865,0.22149434383685573
2,test,4775,2012-04-13,garch_1_1_t,innovation,0.1147638459196156,0.15736440754563924,True,0,converged,2276,2500,0.1279688618859099,-0.10891046453871094,0.20677721519328554
2,test,4776,2012-04-16,garch_1_1_t,innovation,0.1213435667752795,0.15142743720852744,True,0,converged,2277,2500,0.1278958638070096,-0.05259045182249369,0.16889017910130535
2,test,4777,2012-04-17,garch_1_1_t,innovation,0.111413005517953,0.1614680309527389,True,0,converged,2278,2500,0.1374537275535663,-0.2100432667850469,0.16101983872524647
2,test,4778,2012-04-18,garch_1_1_t,innovation,0.1115932228731683,0.15578182215122233,True,0,converged,2279,2500,0.1375936056348609,-0.20944413258224626,0.12415199863308414
2,test,4779,2012-04-19,garch_1_1_t,innovation,0.121410805154271,0.15267710737640394,True,0,converged,2280,2500,0.1393590955697419,-0.13787414396857658,0.09127125883710702
2,test,4780,2012-04-20,garch_1_1_t,innovation,0.1250455251549679,0.1470092607457451,True,0,converged,2281,2500,0.1371037854583656,-0.09206032487922071,0.06975738594871167
2,test,4781,2012-04-23,garch_1_1_t,innovation,0.1356361605710367,0.14689476405680624,True,0,converged,2282,2500,0.1398739094716998,-0.03076535931893476,0.048975069483826565
2,test,4782,2012-04-24,garch_1_1_t,innovation,0.1351073040358261,0.14253407371572083,True,0,converged,2283,2500,0.1315234880988482,0.026883855037453747,0.08039563253105929
2,test,4783,2012-04-25,garch_1_1_t,innovation,0.1262036073259274,0.15104599046474423,True,0,converged,2284,2500,0.1396659269071756,-0.10135680073496633,0.07833102842363525
2,test,4784,2012-04-26,garch_1_1_t,innovation,0.1239690050079738,0.1488683141590336,True,0,converged,2285,2500,0.1407225153478476,-0.12675840036531635,0.056272142463598865
2,test,4785,2012-04-27,garch_1_1_t,innovation,0.1243685166343057,0.1435562849781989,True,0,converged,2286,2500,0.1407119810031225,-0.12346604676793409,0.020012074786272253
2,test,4786,2012-04-30,garch_1_1_t,innovation,0.1308447988393771,0.13936178036795893,True,0,converged,2287,2500,0.1405656161790849,-0.07166251966677775,-0.008601110484533348
2,test,4787,2012-05-01,garch_1_1_t,innovation,0.1390248055271798,0.13738706939957995,True,0,converged,2288,2500,0.1399067699070004,-0.006323897305031539,-0.018174005357892105
2,test,4788,2012-05-02,garch_1_1_t,innovation,0.1388494527737958,0.1332339496759825,True,0,converged,2289,2500,0.1395430063485917,-0.004982570374419633,-0.046266239909408126
2,test,4789,2012-05-03,garch_1_1_t,innovation,0.1634827480801513,0.13339206490377925,True,0,converged,2290,2500,0.1377219290609364,0.17147082294580804,-0.03194399726251539
2,test,4790,2012-05-04,garch_1_1_t,innovation,0.1529238948913058,0.14915941993370666,True,0,converged,2291,2500,0.1493580519000253,0.02359392246230565,-0.0013307897485080292
2,test,4791,2012-05-07,garch_1_1_t,innovation,0.1552294494912051,0.14359234855311037,True,0,converged,2292,2500,0.143900208148086,0.07578428125523619,-0.0021416882313966264
2,test,4792,2012-05-08,garch_1_1_t,innovation,0.1735313082648731,0.13961273034835037,True,0,converged,2293,2500,0.1315309367319254,0.27711594993466865,0.05963029351039024
2,test,4793,2012-05-09,garch_1_1_t,innovation,0.1722548875535482,0.1375039268795778,True,0,converged,2294,2500,0.1301058104912208,0.2806272380055294,0.05530442957073384
2,test,4794,2012-05-10,garch_1_1_t,innovation,0.1743809808879894,0.13299784643115747,True,0,converged,2295,2500,0.1218932624911933,0.35809668681286055,0.08718717166992708
2,test,4795,2012-05-11,garch_1_1_t,innovation,0.1798307164700292,0.1291973314971995,True,0,converged,2296,2500,0.1147638459196156,0.44913944105055137,0.1184644338182816
2,test,4796,2012-05-14,garch_1_1_t,innovation,0.180038330632251,0.13485480232967642,True,0,converged,2297,2500,0.1213435667752795,0.39454385921037916,0.10557274436678078
2,test,4797,2012-05-15,garch_1_1_t,innovation,0.1803180268839269,0.13281929826937497,True,0,converged,2298,2500,0.111413005517953,0.48147804112807396,0.17574547797759318
2,test,4798,2012-05-16,garch_1_1_t,innovation,0.1836566909159567,0.1295129654054901,True,0,converged,2299,2500,0.1115932228731683,0.4982078834172264,0.14892067392901856
2,test,4799,2012-05-17,garch_1_1_t,innovation,0.1795118427076901,0.14236723820278435,True,0,converged,2300,2500,0.121410805154271,0.3910613026090318,0.15923002447693163
2,test,4800,2012-05-18,garch_1_1_t,innovation,0.1770334797963005,0.14286950568734125,True,0,converged,2301,2500,0.1250455251549679,0.34766099384161714,0.13325379375698776
2,test,4801,2012-05-21,garch_1_1_t,innovation,0.1698504075929854,0.15805843182548562,True,0,converged,2302,2500,0.1356361605710367,0.22494208349312442,0.15298877550628479
2,test,4802,2012-05-22,garch_1_1_t,innovation,0.1698355901591714,0.15234338297757857,True,0,converged,2303,2500,0.1351073040358261,0.22876154495391596,0.12006776403001646
2,test,4803,2012-05-23,garch_1_1_t,innovation,0.1879629848788412,0.1466839782963548,True,0,converged,2304,2500,0.1262036073259274,0.3983485206047428,0.1503839312198343
2,test,4804,2012-05-24,garch_1_1_t,innovation,0.1897974343744475,0.14167941891232558,True,0,converged,2305,2500,0.1239690050079738,0.42592579381630213,0.13353531731002197
2,test,4805,2012-05-25,garch_1_1_t,innovation,0.1979451516683147,0.1374490655786885,True,0,converged,2306,2500,0.1243685166343057,0.46474091398680073,0.10000434976799724
2,test,4806,2012-05-29,garch_1_1_t,innovation,0.1940942514868853,0.1434610614978474,True,0,converged,2307,2500,0.1308447988393771,0.39433199433582095,0.09205177077518924
2,test,4807,2012-05-30,garch_1_1_t,innovation,0.1897389808929645,0.15324266987869958,True,0,converged,2308,2500,0.1390248055271798,0.31099696863997967,0.09737036829907766
2,test,4808,2012-05-31,garch_1_1_t,innovation,0.1898531367794095,0.1479200171233363,True,0,converged,2309,2500,0.1388494527737958,0.3128605363377833,0.06328143022679933
2,test,4809,2012-06-01,garch_1_1_t,innovation,0.1884477504670004,0.18335646555665586,True,0,converged,2310,2500,0.1634827480801513,0.14211331417279147,0.11472468892177329
2,test,4810,2012-06-04,garch_1_1_t,innovation,0.1887354454510118,0.17589644098648963,True,0,converged,2311,2500,0.1529238948913058,0.21040589633518933,0.139955039747545
2,test,4811,2012-06-05,garch_1_1_t,innovation,0.1882824611699393,0.1723572682856742,True,0,converged,2312,2500,0.1552294494912051,0.19303894668341143,0.10466512210926988
2,test,4812,2012-06-06,garch_1_1_t,innovation,0.1717239404543942,0.19383103356403011,True,0,converged,2313,2500,0.1735313082648731,-0.010469844134750604,0.11062878434431733
2,test,4813,2012-06-07,garch_1_1_t,innovation,0.1750241780137389,0.1860303450058762,True,0,converged,2314,2500,0.1722548875535482,0.015948840200977747,0.07693452134153457
2,test,4814,2012-06-08,garch_1_1_t,innovation,0.1728086268716394,0.18200044894689663,True,0,converged,2315,2500,0.1743809808879894,-0.009057671837171679,0.04276670282828792
2,test,4815,2012-06-11,garch_1_1_t,innovation,0.1696587702383062,0.18403833221654875,True,0,converged,2316,2500,0.1798307164700292,-0.058226758356805776,0.023128118854696372
2,test,4816,2012-06-12,garch_1_1_t,innovation,0.1647747448846561,0.1842467618290838,True,0,converged,2317,2500,0.180038330632251,-0.08859041750424715,0.02310617986197185
2,test,4817,2012-06-13,garch_1_1_t,innovation,0.1641019666029751,0.17908204637150504,True,0,converged,2318,2500,0.1803180268839269,-0.09423412573025232,-0.006878047485199532
2,test,4818,2012-06-14,garch_1_1_t,innovation,0.1703433051853641,0.17837238968152505,True,0,converged,2319,2500,0.1836566909159567,-0.07525236159292699,-0.02919476276834926
2,test,4819,2012-06-15,garch_1_1_t,innovation,0.1666792746810736,0.17727237218867797,True,0,converged,2320,2500,0.1795118427076901,-0.07416972686006577,-0.01255380612022823
2,test,4820,2012-06-18,garch_1_1_t,innovation,0.1682997532730738,0.17047419671511665,True,0,converged,2321,2500,0.1770334797963005,-0.05059223087761071,-0.037754919722077715
2,test,4821,2012-06-19,garch_1_1_t,innovation,0.1668634760408904,0.16942793037008186,True,0,converged,2322,2500,0.1698504075929854,-0.017742124989839625,-0.0024904474821577384
2,test,4822,2012-06-20,garch_1_1_t,innovation,0.1670226635118593,0.1631041883973817,True,0,converged,2323,2500,0.1698355901591714,-0.016701339519515485,-0.040441663148259616
2,test,4823,2012-06-21,garch_1_1_t,innovation,0.1499047118766747,0.18735890099896704,True,0,converged,2324,2500,0.1879629848788412,-0.22624521642110268,-0.003219020388817959
2,test,4824,2012-06-22,garch_1_1_t,innovation,0.1517608241948821,0.18313741420647037,True,0,converged,2325,2500,0.1897974343744475,-0.22365161204123057,-0.035720600200904846
2,test,4825,2012-06-25,garch_1_1_t,innovation,0.1438200558643018,0.19040355174890444,True,0,converged,2326,2500,0.1979451516683147,-0.31942707443714485,-0.03884420421681351
2,test,4826,2012-06-26,garch_1_1_t,innovation,0.1427180534660951,0.18441612237901187,True,0,converged,2327,2500,0.1940942514868853,-0.3074728435835221,-0.05114913463455887
2,test,4827,2012-06-27,garch_1_1_t,innovation,0.1507371193252357,0.18157167566009175,True,0,converged,2328,2500,0.1897389808929645,-0.23011195486779573,-0.04399885991147123
2,test,4828,2012-06-28,garch_1_1_t,innovation,0.1637191651086812,0.17483921582737036,True,0,converged,2329,2500,0.1898531367794095,-0.1480982568466386,-0.08238402405268865
2,test,4829,2012-06-29,garch_1_1_t,innovation,0.1383587821020874,0.2019635128107942,True,0,converged,2330,2500,0.1884477504670004,-0.30897060096773404,0.069266268822661
2,test,4830,2012-07-02,garch_1_1_t,innovation,0.1401875861233735,0.19399501098563315,True,0,converged,2331,2500,0.1887354454510118,-0.2973648483382658,0.027486167201074826
2,test,4831,2012-07-03,garch_1_1_t,innovation,0.1382597530887505,0.1883657069577463,True,0,converged,2332,2500,0.1882824611699393,-0.3088091036400299,0.00044203474864239927
2,test,4832,2012-07-05,garch_1_1_t,innovation,0.1395035386566737,0.18200819923687855,True,0,converged,2333,2500,0.1717239404543942,-0.20779822241299487,0.058163546746928294
2,test,4833,2012-07-06,garch_1_1_t,innovation,0.1522109379361812,0.1800495171903647,True,0,converged,2334,2500,0.1750241780137389,-0.13965681606689093,0.02830778410160954
2,test,4834,2012-07-09,garch_1_1_t,innovation,0.1523019478193394,0.17322820830057442,True,0,converged,2335,2500,0.1728086268716394,-0.12631972997138888,0.002425069194467087
2,test,4835,2012-07-10,garch_1_1_t,innovation,0.1501484864397797,0.17131550258866227,True,0,converged,2336,2500,0.1696587702383062,-0.1221644719068392,0.009717714912932381
2,test,4836,2012-07-11,garch_1_1_t,innovation,0.150209019164785,0.16473408772297077,True,0,converged,2337,2500,0.1647747448846561,-0.09255157344384098,-0.00024677433724560867
2,test,4837,2012-07-12,garch_1_1_t,innovation,0.1492471813495089,0.16020055959105176,True,0,converged,2338,2500,0.1641019666029751,-0.09488411553441445,-0.024061454492483456
2,test,4838,2012-07-13,garch_1_1_t,innovation,0.1371861886591139,0.17145143467816237,True,0,converged,2339,2500,0.1703433051853641,-0.2164767985098686,0.006484203799259038
2,test,4839,2012-07-16,garch_1_1_t,innovation,0.1369414746009261,0.16511912472026197,True,0,converged,2340,2500,0.1666792746810736,-0.19651781311799055,-0.009404273570709698
2,test,4840,2012-07-17,garch_1_1_t,innovation,0.1347707894438493,0.1618561416235485,True,0,converged,2341,2500,0.1682997532730738,-0.22217115572494353,-0.039038709156550125
2,test,4841,2012-07-18,garch_1_1_t,innovation,0.1322619096487697,0.1595318698955478,True,0,converged,2342,2500,0.1668634760408904,-0.23239184859831818,-0.044932255814431554
2,test,4842,2012-07-19,garch_1_1_t,innovation,0.1344907960867132,0.154035934706573,True,0,converged,2343,2500,0.1670226635118593,-0.21663374674252875,-0.08094359541685076
2,test,4843,2012-07-20,garch_1_1_t,innovation,0.1305602559650772,0.15401655016006055,True,0,converged,2344,2500,0.1499047118766747,-0.13816498635063612,0.02706022712977741
2,test,4844,2012-07-23,garch_1_1_t,innovation,0.1254771859561102,0.15540441531202953,True,0,converged,2345,2500,0.1517608241948821,-0.19018179968525564,0.023725093569357612
2,test,4845,2012-07-24,garch_1_1_t,innovation,0.1221268274983026,0.15467551719768735,True,0,converged,2346,2500,0.1438200558643018,-0.16350283169321783,0.07276657907551401
2,test,4846,2012-07-25,garch_1_1_t,innovation,0.1221325668606309,0.14902297813440446,True,0,converged,2347,2500,0.1427180534660951,-0.15576396150034597,0.043229479814511695
2,test,4847,2012-07-26,garch_1_1_t,innovation,0.1112898184439837,0.16145996299791154,True,0,converged,2348,2500,0.1507371193252357,-0.3033996124050102,0.06871981678359897
2,test,4848,2012-07-27,garch_1_1_t,innovation,0.0930088529565796,0.1759153245302619,True,0,converged,2349,2500,0.1637191651086812,-0.5654578703998165,0.07185021653979035
2,test,4849,2012-07-30,garch_1_1_t,innovation,0.0930117931849527,0.16895358233979324,True,0,converged,2350,2500,0.1383587821020874,-0.39712388809167926,0.19977383483985348
2,test,4850,2012-07-31,garch_1_1_t,innovation,0.0896818364509219,0.16548712763039428,True,0,converged,2351,2500,0.1401875861233735,-0.4467131702499019,0.16591198649947797
2,test,4851,2012-08-01,garch_1_1_t,innovation,0.0896708790528948,0.1593738322567826,True,0,converged,2352,2500,0.1382597530887505,-0.4329881165528548,0.1421184042013706
2,test,4852,2012-08-02,garch_1_1_t,innovation,0.0899754060322942,0.1564916858451029,True,0,converged,2353,2500,0.1395035386566737,-0.4385536009758155,0.11491291532439951
2,test,4853,2012-08-03,garch_1_1_t,innovation,0.0593706470313765,0.17454794913212868,True,0,converged,2354,2500,0.1522109379361812,-0.9414673618804061,0.13693217563224255
2,test,4854,2012-08-06,garch_1_1_t,innovation,0.059059317762536,0.16844646624083973,True,0,converged,2355,2500,0.1523019478193394,-0.9473227245284964,0.10075294236501908
2,test,4855,2012-08-07,garch_1_1_t,innovation,0.0564087355148864,0.1635446673262885,True,0,converged,2356,2500,0.1501484864397797,-0.9790006825311013,0.08546143362525689
2,test,4856,2012-08-08,garch_1_1_t,innovation,0.0908310343264937,0.1574169098896098,True,0,converged,2357,2500,0.150209019164785,-0.5030267702810349,0.04686997757360409
2,test,4857,2012-08-09,garch_1_1_t,innovation,0.0918232853249335,0.15166145182707233,True,0,converged,2358,2500,0.1492471813495089,-0.485737948424882,0.016046879469994516
2,test,4858,2012-08-10,garch_1_1_t,innovation,0.0938448005058926,0.14633693428503014,True,0,converged,2359,2500,0.1371861886591139,-0.3796966851518146,0.06457268749990908
2,test,4859,2012-08-13,garch_1_1_t,innovation,0.0943469187410353,0.14118822158313943,True,0,converged,2360,2500,0.1369414746009261,-0.3725750283327507,0.030540263168422812
2,test,4860,2012-08-14,garch_1_1_t,innovation,0.095083291029727,0.13630107107815853,True,0,converged,2361,2500,0.1347707894438493,-0.3488222243128045,0.011290717436018373
2,test,4861,2012-08-15,garch_1_1_t,innovation,0.109112672591313,0.13186002674962818,True,0,converged,2362,2500,0.1322619096487697,-0.19240307890456146,-0.0030431641897649925
2,test,4862,2012-08-16,garch_1_1_t,innovation,0.1071043885921336,0.13171031256998067,True,0,converged,2363,2500,0.1344907960867132,-0.22769181292029028,-0.020890856942039897
2,test,4863,2012-08-17,garch_1_1_t,innovation,0.1076783421686664,0.12752500169771316,True,0,converged,2364,2500,0.1305602559650772,-0.1926863818604347,-0.023522414608926904
2,test,4864,2012-08-20,garch_1_1_t,innovation,0.1077171582168122,0.12352393986112763,True,0,converged,2365,2500,0.1254771859561102,-0.15261507044422512,-0.015688974524742043
2,test,4865,2012-08-21,garch_1_1_t,innovation,0.1071967003267869,0.1204753576754786,True,0,converged,2366,2500,0.1221268274983026,-0.1303946067838682,-0.01361484301396302
2,test,4866,2012-08-22,garch_1_1_t,innovation,0.1071864222376343,0.11691430208920761,True,0,converged,2367,2500,0.1221325668606309,-0.13053748602388468,-0.04366586276643334
2,test,4867,2012-08-23,garch_1_1_t,innovation,0.1031915109579019,0.11936047883768372,True,0,converged,2368,2500,0.1112898184439837,-0.07555118410216528,0.0700103725508463
2,test,4868,2012-08-24,garch_1_1_t,innovation,0.1011261240297523,0.11891063243551435,True,0,converged,2369,2500,0.0930088529565796,0.08367380886364842,0.24567754133779035
2,test,4869,2012-08-27,garch_1_1_t,innovation,0.1079770411434916,0.11543338393175104,True,0,converged,2370,2500,0.0930117931849527,0.1491923289666582,0.21596730752061918
2,test,4870,2012-08-28,garch_1_1_t,innovation,0.1097366644490411,0.11228060806909151,True,0,converged,2371,2500,0.0896818364509219,0.20181527976104172,0.2247329107537035
2,test,4871,2012-08-29,garch_1_1_t,innovation,0.1146055865208365,0.10926059125602812,True,0,converged,2372,2500,0.0896708790528948,0.245350482977456,0.19758970629673595
2,test,4872,2012-08-30,garch_1_1_t,innovation,0.1129007779369427,0.11139381252040124,True,0,converged,2373,2500,0.0899754060322942,0.2269729949490017,0.21353541636740114
2,test,4873,2012-08-31,garch_1_1_t,innovation,0.1120118201002538,0.1105061379941721,True,0,converged,2374,2500,0.0593706470313765,0.6348044558244071,0.6212711203621752
2,test,4874,2012-09-04,garch_1_1_t,innovation,0.1120288496036854,0.1076188143899792,True,0,converged,2375,2500,0.059059317762536,0.6402140992231746,0.6000531627182023
2,test,4875,2012-09-05,garch_1_1_t,innovation,0.1129183409131662,0.1049336323957046,True,0,converged,2376,2500,0.0564087355148864,0.6940408791648668,0.6207040463673913
2,test,4876,2012-09-06,garch_1_1_t,innovation,0.0911059145601318,0.1366076190664171,True,0,converged,2377,2500,0.0908310343264937,0.003021711032037797,0.40811170710790334
2,test,4877,2012-09-07,garch_1_1_t,innovation,0.0900554866941142,0.1332092233452929,True,0,converged,2378,2500,0.0918232853249335,-0.019439919054969286,0.37205508180396984
2,test,4878,2012-09-10,garch_1_1_t,innovation,0.0885878822492312,0.13138808734839963,True,0,converged,2379,2500,0.0938448005058926,-0.05764728026169511,0.3365130831687456
2,test,4879,2012-09-11,garch_1_1_t,innovation,0.094856690216088,0.12780072304457113,True,0,converged,2380,2500,0.0943469187410353,0.005388615062775807,0.303493586024572
2,test,4880,2012-09-12,garch_1_1_t,innovation,0.0968202769277609,0.12472192193623322,True,0,converged,2381,2500,0.095083291029727,0.018103189577347203,0.27133337947594277
2,test,4881,2012-09-13,garch_1_1_t,innovation,0.0806045397876955,0.13852586244384532,True,0,converged,2382,2500,0.109112672591313,-0.30282606899842573,0.23867599880740298
2,test,4882,2012-09-14,garch_1_1_t,innovation,0.0799143362170403,0.13532631904164913,True,0,converged,2383,2500,0.1071043885921336,-0.29284868952418597,0.23388508665084032
2,test,4883,2012-09-17,garch_1_1_t,innovation,0.0843040495286578,0.13176391302490184,True,0,converged,2384,2500,0.1076783421686664,-0.24471856890282642,0.20186331368276933
2,test,4884,2012-09-18,garch_1_1_t,innovation,0.0915394665124768,0.12761627532828015,True,0,converged,2385,2500,0.1077171582168122,-0.1627386791008997,0.16951902597920152
2,test,4885,2012-09-19,garch_1_1_t,innovation,0.0929176576084427,0.12373820379306756,True,0,converged,2386,2500,0.1071967003267869,-0.1429517687356908,0.14350260639171541
2,test,4886,2012-09-20,garch_1_1_t,innovation,0.0933756561035649,0.12006119235881366,True,0,converged,2387,2500,0.1071864222376343,-0.13793891241134953,0.11343196674830237
2,test,4887,2012-09-21,garch_1_1_t,innovation,0.1107967941655343,0.11652365248342346,True,0,converged,2388,2500,0.1031915109579019,0.07111124886633317,0.12150768650342138
2,test,4888,2012-09-24,garch_1_1_t,innovation,0.1106623827574988,0.11347057677331365,True,0,converged,2389,2500,0.1011261240297523,0.09011547890869384,0.11517507726888841
2,test,4889,2012-09-25,garch_1_1_t,innovation,0.1152104992033548,0.12027960264007502,True,0,converged,2390,2500,0.1079770411434916,0.0648422605061472,0.10790043196986449
2,test,4890,2012-09-26,garch_1_1_t,innovation,0.1139259011075359,0.1193977719533738,True,0,converged,2391,2500,0.1097366644490411,0.03746471063890598,0.08437700429184238
2,test,4891,2012-09-27,garch_1_1_t,innovation,0.109477705962751,0.1232946402044954,True,0,converged,2392,2500,0.1146055865208365,-0.0457756210789375,0.07308038858274234
2,test,4892,2012-09-28,garch_1_1_t,innovation,0.1082486360860324,0.12145570538486156,True,0,converged,2393,2500,0.1129007779369427,-0.04207859449129801,0.07304026994969184
2,test,4893,2012-10-01,garch_1_1_t,innovation,0.1078540469851792,0.11839659024196829,True,0,converged,2394,2500,0.1120118201002538,-0.0378255060028175,0.05543552106728486
2,test,4894,2012-10-02,garch_1_1_t,innovation,0.1139523909262234,0.11509337472528659,True,0,converged,2395,2500,0.1120288496036854,0.01702431383858049,0.026987329166970813
2,test,4895,2012-10-03,garch_1_1_t,innovation,0.1173929351123355,0.1133661041499637,True,0,converged,2396,2500,0.1129183409131662,0.03886181697330415,0.00395753071829508
2,test,4896,2012-10-04,garch_1_1_t,innovation,0.1148774538779196,0.11478703036437522,True,0,converged,2397,2500,0.0911059145601318,0.23184321575548172,0.23105577560325224
2,test,4897,2012-10-05,garch_1_1_t,innovation,0.1181705794868747,0.11165298602666343,True,0,converged,2398,2500,0.0900554866941142,0.2717031702956605,0.21496972327344127
2,test,4898,2012-10-08,garch_1_1_t,innovation,0.1429668178149485,0.10973239019089179,True,0,converged,2399,2500,0.0885878822492312,0.4786174810203583,0.2140495061784136
2,test,4899,2012-10-09,garch_1_1_t,innovation,0.1450370346340473,0.11582883317314895,True,0,converged,2400,2500,0.094856690216088,0.4246218924865747,0.1997462966869085
2,test,4900,2012-10-10,garch_1_1_t,innovation,0.1432799347799191,0.11618961171707037,True,0,converged,2401,2500,0.0968202769277609,0.3919438578186814,0.1823669956557015
2,test,4901,2012-10-11,garch_1_1_t,innovation,0.1432915864710155,0.11302594998063324,True,0,converged,2402,2500,0.0806045397876955,0.5753266475811591,0.33806246535831347
2,test,4902,2012-10-12,garch_1_1_t,innovation,0.1433380126649275,0.11094603789392436,True,0,converged,2403,2500,0.0799143362170403,0.5842503023122267,0.3280886743318322
2,test,4903,2012-10-15,garch_1_1_t,innovation,0.1483469398225997,0.11430396063342671,True,0,converged,2404,2500,0.0843040495286578,0.5651238174649487,0.30443132044406485
2,test,4904,2012-10-16,garch_1_1_t,innovation,0.1440909551724244,0.11998955087845317,True,0,converged,2405,2500,0.0915394665124768,0.4536745260300804,0.2706344556863171
2,test,4905,2012-10-17,garch_1_1_t,innovation,0.1442564038283549,0.11817975884460628,True,0,converged,2406,2500,0.0929176576084427,0.4398785994666498,0.24049314644483777
2,test,4906,2012-10-18,garch_1_1_t,innovation,0.1605712397268144,0.11543520010336546,True,0,converged,2407,2500,0.0933756561035649,0.5421070353465758,0.21207866448250515
2,test,4907,2012-10-19,garch_1_1_t,innovation,0.1490851233547644,0.13514596021687872,True,0,converged,2408,2500,0.1107967941655343,0.29681960012950515,0.19865754079809056
2,test,4908,2012-10-22,garch_1_1_t,innovation,0.1492314350135564,0.13066010172574002,True,0,converged,2409,2500,0.1106623827574988,0.2990143865404075,0.16611533848881438
2,test,4909,2012-10-23,garch_1_1_t,innovation,0.1487178552125559,0.1411376497155075,True,0,converged,2410,2500,0.1152104992033548,0.25529003863460564,0.202974770256839
2,test,4910,2012-10-24,garch_1_1_t,innovation,0.1485691318298857,0.13696701751976645,True,0,converged,2411,2500,0.1139259011075359,0.265502137348853,0.18419190203830846
2,test,4911,2012-10-25,garch_1_1_t,innovation,0.149320578711974,0.1331173089488402,True,0,converged,2412,2500,0.109477705962751,0.31037459967443526,0.19550983162662952
2,test,4912,2012-10-26,garch_1_1_t,innovation,0.1519969623984238,0.12880216401151218,True,0,converged,2413,2500,0.1082486360860324,0.33942976928960755,0.17384684772464326
2,test,4913,2012-10-31,garch_1_1_t,innovation,0.1528924373328241,0.1247306355234372,True,0,converged,2414,2500,0.1078540469851792,0.34895575385364297,0.14537759998466215
2,test,4914,2012-11-01,garch_1_1_t,innovation,0.1483566617353885,0.12963184652669846,True,0,converged,2415,2500,0.1139523909262234,0.26383851354734195,0.12891774539297696
2,test,4915,2012-11-02,garch_1_1_t,innovation,0.1459998517099818,0.13197579245207622,True,0,converged,2416,2500,0.1173929351123355,0.21807887835830972,0.11709178758924538
2,test,4916,2012-11-05,garch_1_1_t,innovation,0.1459071805995324,0.1279903127471065,True,0,converged,2417,2500,0.1148774538779196,0.23910472848041547,0.10808863765702605
2,test,4917,2012-11-06,garch_1_1_t,innovation,0.1433900069470963,0.12875073831208844,True,0,converged,2418,2500,0.1181705794868747,0.19343906969614347,0.08574910451046358
2,test,4918,2012-11-07,garch_1_1_t,innovation,0.1186723910096464,0.16165425007689146,True,0,converged,2419,2500,0.1429668178149485,-0.18624588021579805,0.12284723559013029
2,test,4919,2012-11-08,garch_1_1_t,innovation,0.1111631647661985,0.1648545637098222,True,0,converged,2420,2500,0.1450370346340473,-0.26599004624010675,0.12807453207127742
2,test,4920,2012-11-09,garch_1_1_t,innovation,0.111129758030541,0.15860832200905728,True,0,converged,2421,2500,0.1432799347799191,-0.2541017927189543,0.10163747694884023
2,test,4921,2012-11-12,garch_1_1_t,innovation,0.1136621460192162,0.15273718305888848,True,0,converged,2422,2500,0.1432915864710155,-0.23165120368435035,0.06383706615285747
2,test,4922,2012-11-13,garch_1_1_t,innovation,0.1130173224738926,0.1482783270348877,True,0,converged,2423,2500,0.1433380126649275,-0.23766446279329484,0.033885529759669825
2,test,4923,2012-11-14,garch_1_1_t,innovation,0.1045081979402398,0.1555346149552511,True,0,converged,2424,2500,0.1483469398225997,-0.3502882009156051,0.04731459262808882
2,test,4924,2012-11-15,garch_1_1_t,innovation,0.1051529779858921,0.14998046075111818,True,0,converged,2425,2500,0.1440909551724244,-0.31502851026253026,0.04006029063067384
2,test,4925,2012-11-16,garch_1_1_t,innovation,0.1116289600450493,0.14626378514711785,True,0,converged,2426,2500,0.1442564038283549,-0.2564117834654035,0.013819440725979225
2,test,4926,2012-11-19,garch_1_1_t,innovation,0.0945818926632989,0.1673541870140322,True,0,converged,2427,2500,0.1605712397268144,-0.529271657061243,0.041374741529505606
2,test,4927,2012-11-20,garch_1_1_t,innovation,0.0982040365178818,0.16128214940908273,True,0,converged,2428,2500,0.1490851233547644,-0.417470120914338,0.07863787148340326
2,test,4928,2012-11-21,garch_1_1_t,innovation,0.1000735951392765,0.1554813371807562,True,0,converged,2429,2500,0.1492314350135564,-0.3995924893155065,0.041027350269418665
2,test,4929,2012-11-23,garch_1_1_t,innovation,0.09356968902859,0.16168113390975802,True,0,converged,2430,2500,0.1487178552125559,-0.4633444257885282,0.08357516470564019
2,test,4930,2012-11-26,garch_1_1_t,innovation,0.0939067389126311,0.15590608319870825,True,0,converged,2431,2500,0.1485691318298857,-0.45874823357653294,0.048203411055422654
2,test,4931,2012-11-27,garch_1_1_t,innovation,0.093344568268422,0.1520468803349568,True,0,converged,2432,2500,0.149320578711974,-0.46979784812705405,0.01809336686158578
2,test,4932,2012-11-28,garch_1_1_t,innovation,0.0890226538064258,0.1508395062607901,True,0,converged,2433,2500,0.1519969623984238,-0.5349696619317864,-0.007644137305345746
2,test,4933,2012-11-29,garch_1_1_t,innovation,0.095619070024407,0.14692570801486238,True,0,converged,2434,2500,0.1528924373328241,-0.46936237277956583,-0.039807578813378756
2,test,4934,2012-11-30,garch_1_1_t,innovation,0.1127890239592725,0.14175506538169322,True,0,converged,2435,2500,0.1483566617353885,-0.2741002222548055,-0.04551857467418036
2,test,4935,2012-12-03,garch_1_1_t,innovation,0.1431070473574394,0.13888355316058168,True,0,converged,2436,2500,0.1459998517099818,-0.02001267289214315,-0.04996977104441024
2,test,4936,2012-12-04,garch_1_1_t,innovation,0.1432385962392714,0.13438602821297518,True,0,converged,2437,2500,0.1459071805995324,-0.01845892519450051,-0.08225420427929934
2,test,4937,2012-12-05,garch_1_1_t,innovation,0.1439331590890873,0.13021165857367142,True,0,converged,2438,2500,0.1433900069470963,0.0037807796460135783,-0.09640696983363857
2,test,4938,2012-12-06,garch_1_1_t,innovation,0.1437596564106291,0.1271314402326404,True,0,converged,2439,2500,0.1186723910096464,0.1917761725859819,0.06885483385012404
2,test,4939,2012-12-07,garch_1_1_t,innovation,0.1437132528919656,0.12391578196159986,True,0,converged,2440,2500,0.1111631647661985,0.256820940104271,0.10860308229247152
2,test,4940,2012-12-10,garch_1_1_t,innovation,0.1439889161782047,0.1202655549095667,True,0,converged,2441,2500,0.111129758030541,0.25903781578868884,0.07900374553737283
2,test,4941,2012-12-11,garch_1_1_t,innovation,0.1447279043898151,0.12062471069827474,True,0,converged,2442,2500,0.1136621460192162,0.24162504136634788,0.05945374456742564
2,test,4942,2012-12-12,garch_1_1_t,innovation,0.1447177362992845,0.11716596371702026,True,0,converged,2443,2500,0.1130173224738926,0.24724409583770438,0.0360503198015604
2,test,4943,2012-12-13,garch_1_1_t,innovation,0.1430814060794716,0.1172553933095838,True,0,converged,2444,2500,0.1045081979402398,0.3141482240515724,0.11508888712769061
2,test,4944,2012-12-14,garch_1_1_t,innovation,0.1425020235015263,0.1151024183130916,True,0,converged,2445,2500,0.1051529779858921,0.3039399765595442,0.09040610298752391
2,test,4945,2012-12-17,garch_1_1_t,innovation,0.136372707607581,0.12354315517383396,True,0,converged,2446,2500,0.1116289600450493,0.20021111964018198,0.10141001474109938
2,test,4946,2012-12-18,garch_1_1_t,innovation,0.1325772668291359,0.12961995522812378,True,0,converged,2447,2500,0.0945818926632989,0.33769957308523096,0.3151406993329758
2,test,4947,2012-12-19,garch_1_1_t,innovation,0.1301482878986499,0.12988129426531578,True,0,converged,2448,2500,0.0982040365178818,0.2816271569366061,0.27957359268486964
3,test,4948,2012-12-20,garch_1_1_t,innovation,0.1299560882862719,0.12833145137461502,True,0,converged,2449,2500,0.1000735951392765,0.2612907442795335,0.24871051419733214
3,test,4949,2012-12-21,garch_1_1_t,innovation,0.1259889070683335,0.13086093668305035,True,0,converged,2450,2500,0.09356968902859,0.2974873680626151,0.3354287114449541
3,test,4950,2012-12-24,garch_1_1_t,innovation,0.1255151860061032,0.12750465833531424,True,0,converged,2451,2500,0.0939067389126311,0.2901246047373607,0.30585074934753237
3,test,4951,2012-12-26,garch_1_1_t,innovation,0.1261957378939054,0.12501290909038962,True,0,converged,2452,2500,0.093344568268422,0.301536495344054,0.29211932313190137
3,test,4952,2012-12-27,garch_1_1_t,innovation,0.126179109949411,0.12136639527234125,True,0,converged,2453,2500,0.0890226538064258,0.3488115306071957,0.30992315586478025
3,test,4953,2012-12-28,garch_1_1_t,innovation,0.1209304654042183,0.12755356152230496,True,0,converged,2454,2500,0.095619070024407,0.23484343692489468,0.2881640893490774
3,test,4954,2012-12-31,garch_1_1_t,innovation,0.1060144452838942,0.14485861118312096,True,0,converged,2455,2500,0.1127890239592725,-0.06194366791343627,0.25023914241318257
3,test,4955,2013-01-02,garch_1_1_t,innovation,0.0569752891631761,0.18053669109573156,True,0,converged,2456,2500,0.1431070473574394,-0.9209752827475822,0.23234109875339373
3,test,4956,2013-01-03,garch_1_1_t,innovation,0.0671059239424833,0.1734460542233781,True,0,converged,2457,2500,0.1432385962392714,-0.7582394196576437,0.19135487935151327
3,test,4957,2013-01-04,garch_1_1_t,innovation,0.076706346231595,0.16805867709927363,True,0,converged,2458,2500,0.1439331590890873,-0.6293645729120361,0.15496416804937055
3,test,4958,2013-01-07,garch_1_1_t,innovation,0.0840801318257274,0.16228282421419082,True,0,converged,2459,2500,0.1437596564106291,-0.5363725580236183,0.12119778907611044
3,test,4959,2013-01-08,garch_1_1_t,innovation,0.083495907367972,0.15658431846052162,True,0,converged,2460,2500,0.1437132528919656,-0.5430223978437403,0.08577462605591732
3,test,4960,2013-01-09,garch_1_1_t,innovation,0.0831400997695119,0.15126303893041868,True,0,converged,2461,2500,0.1439889161782047,-0.5492091917869365,0.04928397537079993
3,test,4961,2013-01-10,garch_1_1_t,innovation,0.0806869600936057,0.15004140030443533,True,0,converged,2462,2500,0.1447279043898151,-0.5842784808407933,0.0360557999453468
3,test,4962,2013-01-11,garch_1_1_t,innovation,0.0806896374765693,0.14467060728303982,True,0,converged,2463,2500,0.1447177362992845,-0.584175039972742,-0.000325714685518611
3,test,4963,2013-01-14,garch_1_1_t,innovation,0.0808646004387001,0.13975522228564807,True,0,converged,2464,2500,0.1430814060794716,-0.5706375850995299,-0.023521261461055147
3,test,4964,2013-01-15,garch_1_1_t,innovation,0.0808863841425633,0.13509921493513008,True,0,converged,2465,2500,0.1425020235015263,-0.5663106945080729,-0.05334676566022259
3,test,4965,2013-01-16,garch_1_1_t,innovation,0.0809497932063382,0.1307064251629194,True,0,converged,2466,2500,0.136372707607581,-0.5215625089996979,-0.04243785548864408
3,test,4966,2013-01-17,garch_1_1_t,innovation,0.0777687058604405,0.12985916310115636,True,0,converged,2467,2500,0.1325772668291359,-0.5334265093759195,-0.020715118907264095
3,test,4967,2013-01-18,garch_1_1_t,innovation,0.0817803464742474,0.12616495973581693,True,0,converged,2468,2500,0.1301482878986499,-0.4646375249324389,-0.03108422157894436
3,test,4968,2013-01-22,garch_1_1_t,innovation,0.091133001913893,0.12475282198348753,True,0,converged,2469,2500,0.1299560882862719,-0.35487661200928966,-0.04086225549506492
3,test,4969,2013-01-23,garch_1_1_t,innovation,0.0934945346717386,0.12130343955489767,True,0,converged,2470,2500,0.1259889070683335,-0.29829088205805787,-0.0378986926176353
3,test,4970,2013-01-24,garch_1_1_t,innovation,0.0996597334492855,0.11777410042012151,True,0,converged,2471,2500,0.1255151860061032,-0.23066503703524194,-0.06365836884971067
3,test,4971,2013-01-25,garch_1_1_t,innovation,0.1191045374952669,0.11721507138582725,True,0,converged,2472,2500,0.1261957378939054,-0.05783260307273844,-0.073823712587871
3,test,4972,2013-01-28,garch_1_1_t,innovation,0.1214671639385644,0.11409763770091504,True,0,converged,2473,2500,0.126179109949411,-0.038058434495814385,-0.1006478522080029
3,test,4973,2013-01-29,garch_1_1_t,innovation,0.1285890879437017,0.11248863767639847,True,0,converged,2474,2500,0.1209304654042183,0.06140624117843118,-0.0723634962202855
3,test,4974,2013-01-30,garch_1_1_t,innovation,0.1280248378272312,0.11094686940010318,True,0,converged,2475,2500,0.1060144452838942,0.18864892953000964,0.045476071577336935
3,test,4975,2013-01-31,garch_1_1_t,innovation,0.1282579153646804,0.10870824816897606,True,0,converged,2476,2500,0.0569752891631761,0.8114255500064693,0.646050020984749
3,test,4976,2013-02-01,garch_1_1_t,innovation,0.1244415372941376,0.11562170268154742,True,0,converged,2477,2500,0.0671059239424833,0.6175637002871659,0.5440513527135524
3,test,4977,2013-02-04,garch_1_1_t,innovation,0.1219363537363766,0.12334474892706937,True,0,converged,2478,2500,0.076706346231595,0.46351477201000296,0.47499882564509904
3,test,4978,2013-02-05,garch_1_1_t,innovation,0.1166687062152084,0.1278588720623959,True,0,converged,2479,2500,0.0840801318257274,0.3275680530790239,0.41915679921028204
3,test,4979,2013-02-06,garch_1_1_t,innovation,0.1168119691270908,0.12402285372874985,True,0,converged,2480,2500,0.083495907367972,0.3357679234486714,0.39566823578881966
3,test,4980,2013-02-07,garch_1_1_t,innovation,0.1177025445559123,0.12048670563792147,True,0,converged,2481,2500,0.0831400997695119,0.3476334991872935,0.37101228634606687
3,test,4981,2013-02-08,garch_1_1_t,innovation,0.1168193047833011,0.11962179557422466,True,0,converged,2482,2500,0.0806869600936057,0.37005136015759665,0.393758084897892
3,test,4982,2013-02-11,garch_1_1_t,innovation,0.1170889671246756,0.11624167601817001,True,0,converged,2483,2500,0.0806896374765693,0.3723238895552711,0.3650612787012178
3,test,4983,2013-02-12,garch_1_1_t,innovation,0.1170555640216971,0.11338741784412144,True,0,converged,2484,2500,0.0808646004387001,0.36987257176503413,0.3380342749134565
3,test,4984,2013-02-13,garch_1_1_t,innovation,0.1185060027008073,0.11048592790116946,True,0,converged,2485,2500,0.0808863841425633,0.38191810988472025,0.3118426584269878
3,test,4985,2013-02-14,garch_1_1_t,innovation,0.1185547658089875,0.10777304073852044,True,0,converged,2486,2500,0.0809497932063382,0.38154588700306136,0.28619841574935406
3,test,4986,2013-02-15,garch_1_1_t,innovation,0.1200978669015944,0.10531267840405621,True,0,converged,2487,2500,0.0777687058604405,0.43456785594186975,0.30319470262255466
3,test,4987,2013-02-19,garch_1_1_t,innovation,0.1174270279160231,0.10821285581785624,True,0,converged,2488,2500,0.0817803464742474,0.36178015005716,0.2800632230866695
3,test,4988,2013-02-20,garch_1_1_t,innovation,0.1114352468977526,0.11967192820682696,True,0,converged,2489,2500,0.091133001913893,0.20112367791899186,0.2724340681840964
3,test,4989,2013-02-21,garch_1_1_t,innovation,0.1134819615546307,0.11940713587232549,True,0,converged,2490,2500,0.0934945346717386,0.19374091337927232,0.24463598171997905
3,test,4990,2013-02-22,garch_1_1_t,innovation,0.1117786843103759,0.12390661291851258,True,0,converged,2491,2500,0.0996597334492855,0.1147591651742717,0.21776644199268458
3,test,4991,2013-02-25,garch_1_1_t,innovation,0.0898075789735934,0.14792354115458753,True,0,converged,2492,2500,0.1191045374952669,-0.28233220371612294,0.21669395262029167
3,test,4992,2013-02-26,garch_1_1_t,innovation,0.090991364398095,0.14592390123992985,True,0,converged,2493,2500,0.1214671639385644,-0.28887936531564806,0.18344129083435715
3,test,4993,2013-02-27,garch_1_1_t,innovation,0.0794011499919192,0.15197094214698287,True,0,converged,2494,2500,0.1285890879437017,-0.4821091038368571,0.16706737697481458
3,test,4994,2013-02-28,garch_1_1_t,innovation,0.0798370890533136,0.14668056574048238,True,0,converged,2495,2500,0.1280248378272312,-0.4722361190350138,0.13603290954606115
3,test,4995,2013-03-01,garch_1_1_t,innovation,0.0802217811830093,0.14221427824477334,True,0,converged,2496,2500,0.1282579153646804,-0.46924813656673486,0.103291721536488
3,test,4996,2013-03-04,garch_1_1_t,innovation,0.079908249326633,0.13933731396644708,True,0,converged,2497,2500,0.1244415372941376,-0.442956932568069,0.11306168693494027
3,test,4997,2013-03-05,garch_1_1_t,innovation,0.0818019153668434,0.14043045594714915,True,0,converged,2498,2500,0.1219363537363766,-0.39919855934273335,0.14121317284798954
3,test,4998,2013-03-06,garch_1_1_t,innovation,0.0829154347742983,0.13590049101673274,True,0,converged,2499,2500,0.1166687062152084,-0.34151711724034856,0.15258458671720787
3,test,4999,2013-03-07,garch_1_1_t,innovation,0.0842117492796027,0.1317694432548155,True,0,converged,2500,2500,0.1168119691270908,-0.327231088895795,0.12048821287266341
3,test,5000,2013-03-08,garch_1_1_t,innovation,0.0862322405722508,0.12928240302648952,True,0,converged,2501,2500,0.1177025445559123,-0.3111165047281021,0.09383854933756659
3,test,5001,2013-03-11,garch_1_1_t,innovation,0.0860531950056691,0.12635359475803543,True,0,converged,2502,2500,0.1168193047833011,-0.30566268580575806,0.07845594680944909
3,test,5002,2013-03-12,garch_1_1_t,innovation,0.0959647288093076,0.12290487162961913,True,0,converged,2503,2500,0.1170889671246756,-0.19895333289253128,0.04847660614501742
3,test,5003,2013-03-13,garch_1_1_t,innovation,0.0965289973767378,0.11942034149253407,True,0,converged,2504,2500,0.1170555640216971,-0.19280527407663556,0.02000082247337548
3,test,5004,2013-03-14,garch_1_1_t,innovation,0.0950927915356991,0.11838003647966908,True,0,converged,2505,2500,0.1185060027008073,-0.22011044710016792,-0.0010635175753460685
3,test,5005,2013-03-15,garch_1_1_t,innovation,0.1263134689875377,0.11527764566997975,True,0,converged,2506,2500,0.1185547658089875,0.0633916539471622,-0.028031483765746858
3,test,5006,2013-03-18,garch_1_1_t,innovation,0.1352036970590739,0.11486915724119429,True,0,converged,2507,2500,0.1200978669015944,0.1184755404374746,-0.044513250409635996
3,test,5007,2013-03-19,garch_1_1_t,innovation,0.1447123568278897,0.11225601970025138,True,0,converged,2508,2500,0.1174270279160231,0.20893092452880324,-0.04503494884341647
3,test,5008,2013-03-20,garch_1_1_t,innovation,0.1443160469395349,0.11379736808639994,True,0,converged,2509,2500,0.1114352468977526,0.25856198810848285,0.020975716998094085
3,test,5009,2013-03-21,garch_1_1_t,innovation,0.1443689139018752,0.1173235986244207,True,0,converged,2510,2500,0.1134819615546307,0.24072803033850396,0.033292021962144966
3,test,5010,2013-03-22,garch_1_1_t,innovation,0.142412594966267,0.11966495972853261,True,0,converged,2511,2500,0.1117786843103759,0.24220755944025263,0.06817495218830025
3,test,5011,2013-03-25,garch_1_1_t,innovation,0.1462395202205033,0.11784899394459741,True,0,converged,2512,2500,0.0898075789735934,0.487576456816116,0.2717347224842162
3,test,5012,2013-03-26,garch_1_1_t,innovation,0.1434940414890387,0.11998368375666137,True,0,converged,2513,2500,0.090991364398095,0.4555289063234742,0.27659115955333613
3,test,5013,2013-03-27,garch_1_1_t,innovation,0.1442108448082073,0.11666659480503036,True,0,converged,2514,2500,0.0794011499919192,0.5967635770636665,0.3848073981846417
3,test,5014,2013-03-28,garch_1_1_t,innovation,0.1439358532566522,0.11433151958955752,True,0,converged,2515,2500,0.0798370890533136,0.589379565246742,0.35911412313836677
3,test,5015,2013-04-01,garch_1_1_t,innovation,0.1451933927061634,0.11272888362143003,True,0,converged,2516,2500,0.0802217811830093,0.5932715327540593,0.34019061206593976
3,test,5016,2013-04-02,garch_1_1_t,innovation,0.1443861454807979,0.11207971077323461,True,0,converged,2517,2500,0.079908249326633,0.5916121833491048,0.33833122840410285
3,test,5017,2013-04-03,garch_1_1_t,innovation,0.1432341821687785,0.11866100860791344,True,0,converged,2518,2500,0.0818019153668434,0.560180269760471,0.37197010219963483
3,test,5018,2013-04-04,garch_1_1_t,innovation,0.1462398798805693,0.1166725732329578,True,0,converged,2519,2500,0.0829154347742983,0.5674270560530599,0.3415502619780382
3,test,5019,2013-04-05,garch_1_1_t,innovation,0.1496962913302642,0.1152063126981781,True,0,converged,2520,2500,0.0842117492796027,0.5752740654545094,0.3133900928364297
3,test,5020,2013-04-08,garch_1_1_t,innovation,0.1480390441209834,0.11609261200683317,True,0,converged,2521,2500,0.0862322405722508,0.5404319222990647,0.29734412363918966
3,test,5021,2013-04-09,garch_1_1_t,innovation,0.1486186046342048,0.11409414895983733,True,0,converged,2522,2500,0.0860531950056691,0.5464176722595385,0.2820583240118877
3,test,5022,2013-04-10,garch_1_1_t,innovation,0.1431073719411147,0.12378382910854371,True,0,converged,2523,2500,0.0959647288093076,0.3996144855255715,0.25455601490414903
3,test,5023,2013-04-11,garch_1_1_t,innovation,0.1429845937642612,0.12102102830346854,True,0,converged,2524,2500,0.0965289973767378,0.3928934343844919,0.22612086397216383
3,test,5024,2013-04-12,garch_1_1_t,innovation,0.1431826778845769,0.11801378406766443,True,0,converged,2525,2500,0.0950927915356991,0.4092681148214964,0.21594826388109828
3,test,5025,2013-04-15,garch_1_1_t,innovation,0.1165106230018486,0.15593363289019385,True,0,converged,2526,2500,0.1263134689875377,-0.08078421307161049,0.21066382005184378
3,test,5026,2013-04-16,garch_1_1_t,innovation,0.1104345078903559,0.16444822431848496,True,0,converged,2527,2500,0.1352036970590739,-0.20235985187316127,0.19581326653180403
3,test,5027,2013-04-17,garch_1_1_t,innovation,0.0991240056952674,0.1719580151671858,True,0,converged,2528,2500,0.1447123568278897,-0.37837637708811145,0.17250232297568135
3,test,5028,2013-04-18,garch_1_1_t,innovation,0.0980059668340919,0.16743461882549032,True,0,converged,2529,2500,0.1443160469395349,-0.38697730211989184,0.14858727469508864
3,test,5029,2013-04-19,garch_1_1_t,innovation,0.099144280950826,0.1655511898316073,True,0,converged,2530,2500,0.1443689139018752,-0.37579575307146434,0.1369085255156198
3,test,5030,2013-04-22,garch_1_1_t,innovation,0.097890830216874,0.16035435323394173,True,0,converged,2531,2500,0.142412594966267,-0.37487556250566384,0.11865763123241103
3,test,5031,2013-04-23,garch_1_1_t,innovation,0.0910118209374601,0.16105973815843008,True,0,converged,2532,2500,0.1462395202205033,-0.4742564284403933,0.09652951369422323
3,test,5032,2013-04-24,garch_1_1_t,innovation,0.0947445933618056,0.1553379998539032,True,0,converged,2533,2500,0.1434940414890387,-0.4151087314232168,0.07930987537108805
3,test,5033,2013-04-25,garch_1_1_t,innovation,0.0942127854295751,0.15061164667829552,True,0,converged,2534,2500,0.1442108448082073,-0.4257205299363724,0.04342821881952543
3,test,5034,2013-04-26,garch_1_1_t,innovation,0.0940528803671631,0.14532581146411894,True,0,converged,2535,2500,0.1439358532566522,-0.42551055564063256,0.009610460528513214
3,test,5035,2013-04-29,garch_1_1_t,innovation,0.0934624617640412,0.14345713788263223,True,0,converged,2536,2500,0.1451933927061634,-0.440506719355698,-0.012030296707477236
3,test,5036,2013-04-30,garch_1_1_t,innovation,0.0959090970898423,0.13884749305956784,True,0,converged,2537,2500,0.1443861454807979,-0.4090904388761843,-0.03911511786853636
3,test,5037,2013-05-01,garch_1_1_t,innovation,0.0916105873806279,0.14006456652980107,True,0,converged,2538,2500,0.1432341821687785,-0.4469340805787656,-0.022377422544931466
3,test,5038,2013-05-02,garch_1_1_t,innovation,0.0998001008838592,0.14150059068287815,True,0,converged,2539,2500,0.1462398798805693,-0.3820790921426788,-0.03294439480801793
3,test,5039,2013-05-03,garch_1_1_t,innovation,0.0952081835620509,0.14391970719100855,True,0,converged,2540,2500,0.1496962913302642,-0.4525426172167045,-0.03935296199162866
3,test,5040,2013-05-06,garch_1_1_t,innovation,0.0963080723172345,0.13953314045740037,True,0,converged,2541,2500,0.1480390441209834,-0.4299239106235089,-0.05917391155025674
3,test,5041,2013-05-07,garch_1_1_t,innovation,0.1070226525880704,0.13667419046685655,True,0,converged,2542,2500,0.1486186046342048,-0.3283428053836819,-0.08378340215806986
3,test,5042,2013-05-08,garch_1_1_t,innovation,0.1105197164861909,0.13367176794497365,True,0,converged,2543,2500,0.1431073719411147,-0.25840126646568695,-0.06820789915899994
3,test,5043,2013-05-09,garch_1_1_t,innovation,0.1188610176728333,0.1300612595234535,True,0,converged,2544,2500,0.1429845937642612,-0.18478199669443238,-0.09473132197527309
3,test,5044,2013-05-10,garch_1_1_t,innovation,0.1183023160984687,0.1267823674199429,True,0,converged,2545,2500,0.1431826778845769,-0.19087793374578618,-0.1216493085852786
3,test,5045,2013-05-13,garch_1_1_t,innovation,0.1238761317039072,0.12292304047604304,True,0,converged,2546,2500,0.1165106230018486,0.06129967504844395,0.05357601894794101
3,test,5046,2013-05-14,garch_1_1_t,innovation,0.1219890231257632,0.12801206365178175,True,0,converged,2547,2500,0.1104345078903559,0.09950840983300416,0.14770185028484126
3,test,5047,2013-05-15,garch_1_1_t,innovation,0.1318803567650378,0.1263931783032672,True,0,converged,2548,2500,0.0991240056952674,0.2855234743368756,0.24302586204892176
3,test,5048,2013-05-16,garch_1_1_t,innovation,0.1327427461015461,0.12438290011875278,True,0,converged,2549,2500,0.0980059668340919,0.30338465244694107,0.2383363491250223
3,test,5049,2013-05-17,garch_1_1_t,innovation,0.1311621275386171,0.12816494833703876,True,0,converged,2550,2500,0.099144280950826,0.2798580002620067,0.2567419206706699
3,test,5050,2013-05-20,garch_1_1_t,innovation,0.1340852545776756,0.12424101464071517,True,0,converged,2551,2500,0.097890830216874,0.3146229454774145,0.23837046522907146
3,test,5051,2013-05-21,garch_1_1_t,innovation,0.1427636603845611,0.12088154687385975,True,0,converged,2552,2500,0.0910118209374601,0.45020113992829963,0.2838217161629342
3,test,5052,2013-05-22,garch_1_1_t,innovation,0.1661773894356725,0.12204935514690748,True,0,converged,2553,2500,0.0947445933618056,0.5618710486665505,0.2532407331194026
3,test,5053,2013-05-23,garch_1_1_t,innovation,0.1662488763820895,0.11916011076839196,True,0,converged,2554,2500,0.0942127854295751,0.5679300221082215,0.23491215862069179
3,test,5054,2013-05-24,garch_1_1_t,innovation,0.1722409742143176,0.11596064290280178,True,0,converged,2555,2500,0.0940528803671631,0.6050373279929885,0.20939366702384488
3,test,5055,2013-05-28,garch_1_1_t,innovation,0.1742901136339138,0.11596911656618017,True,0,converged,2556,2500,0.0934624617640412,0.6231613532940765,0.21576404193955465
3,test,5056,2013-05-29,garch_1_1_t,innovation,0.1762310714763552,0.11664550575826345,True,0,converged,2557,2500,0.0959090970898423,0.6083952024905444,0.1957386325936182
3,test,5057,2013-05-30,garch_1_1_t,innovation,0.176968840301287,0.11462679096869992,True,0,converged,2558,2500,0.0916105873806279,0.6584268258219417,0.22413470728632845
3,test,5058,2013-05-31,garch_1_1_t,innovation,0.1699590806283309,0.12937994003865433,True,0,converged,2559,2500,0.0998001008838592,0.5323885117133323,0.2595841529870846
3,test,5059,2013-06-03,garch_1_1_t,innovation,0.170094000861898,0.12781791090043865,True,0,converged,2560,2500,0.0952081835620509,0.58028533058921,0.2945407801253266
3,test,5060,2013-06-04,garch_1_1_t,innovation,0.1692639749751679,0.12580369414888568,True,0,converged,2561,2500,0.0963080723172345,0.5639073384227277,0.267170569111949
3,test,5061,2013-06-05,garch_1_1_t,innovation,0.1617161993683036,0.13753501646643304,True,0,converged,2562,2500,0.1070226525880704,0.412802424701553,0.2508380314095411
3,test,5062,2013-06-06,garch_1_1_t,innovation,0.163040917667006,0.13901869434162475,True,0,converged,2563,2500,0.1105197164861909,0.38880726315588693,0.22941448097346456
3,test,5063,2013-06-07,garch_1_1_t,innovation,0.1580273814296583,0.14601978207539185,True,0,converged,2564,2500,0.1188610176728333,0.2848134263526478,0.20578721434967892
3,test,5064,2013-06-10,garch_1_1_t,innovation,0.1600815422079453,0.14084478111161955,True,0,converged,2565,2500,0.1183023160984687,0.3024399752409517,0.17441509185446988
3,test,5065,2013-06-11,garch_1_1_t,innovation,0.1557885319890112,0.14402561580850817,True,0,converged,2566,2500,0.1238761317039072,0.2292173950059021,0.15070904285260595
3,test,5066,2013-06-12,garch_1_1_t,innovation,0.1603252736200215,0.1439349565173541,True,0,converged,2567,2500,0.1219890231257632,0.27327364538562543,0.165430440374922
3,test,5067,2013-06-13,garch_1_1_t,innovation,0.1511149238668604,0.15484573886721936,True,0,converged,2568,2500,0.1318803567650378,0.1361455091228362,0.1605342648066177
3,test,5068,2013-06-14,garch_1_1_t,innovation,0.15006019672007,0.15188536991388485,True,0,converged,2569,2500,0.1327427461015461,0.12262350973328534,0.13471307570607308
3,test,5069,2013-06-17,garch_1_1_t,innovation,0.1481354486632618,0.1504945094883724,True,0,converged,2570,2500,0.1311621275386171,0.12169287611456055,0.13749242893276312
3,test,5070,2013-06-18,garch_1_1_t,innovation,0.1457725950826562,0.14928900906410458,True,0,converged,2571,2500,0.1340852545776756,0.08357201367619578,0.10740825955075207
3,test,5071,2013-06-19,garch_1_1_t,innovation,0.1385529269438368,0.15704930542641868,True,0,converged,2572,2500,0.1427636603845611,-0.029938141792677692,0.09536926492733452
3,test,5072,2013-06-20,garch_1_1_t,innovation,0.1063236469718851,0.18980549315416403,True,0,converged,2573,2500,0.1661773894356725,-0.4465681131973424,0.13294399870333443
3,test,5073,2013-06-21,garch_1_1_t,innovation,0.1059390401176839,0.18229403135895703,True,0,converged,2574,2500,0.1662488763820895,-0.4506220854560202,0.09213501947676066
3,test,5074,2013-06-24,garch_1_1_t,innovation,0.0961379257776705,0.18426003990389542,True,0,converged,2575,2500,0.1722409742143176,-0.5831106219705063,0.06745351105919907
3,test,5075,2013-06-25,garch_1_1_t,innovation,0.09083696883421,0.18205697893360911,True,0,converged,2576,2500,0.1742901136339138,-0.6516548820180935,0.04359847862885083
3,test,5076,2013-06-26,garch_1_1_t,innovation,0.0843239904766004,0.18028593473925247,True,0,converged,2577,2500,0.1762310714763552,-0.7371296309863233,0.022748076799830576
3,test,5077,2013-06-27,garch_1_1_t,innovation,0.0818116242949169,0.1748989660441307,True,0,converged,2578,2500,0.176968840301287,-0.7715543337734146,-0.011765203271084301
3,test,5078,2013-06-28,garch_1_1_t,innovation,0.0812417563573228,0.16891486888274565,True,0,converged,2579,2500,0.1699590806283309,-0.7381283500457071,-0.006162852305909337
3,test,5079,2013-07-01,garch_1_1_t,innovation,0.0785502419810165,0.1646719198736031,True,0,converged,2580,2500,0.170094000861898,-0.7726127851828357,-0.03239610040090744
3,test,5080,2013-07-02,garch_1_1_t,innovation,0.0785228926896698,0.1583245165065295,True,0,converged,2581,2500,0.1692639749751679,-0.7680692695058483,-0.0668126498052982
3,test,5081,2013-07-03,garch_1_1_t,innovation,0.0884722505726862,0.15235852823256646,True,0,converged,2582,2500,0.1617161993683036,-0.6031539931924723,-0.059606461425637816
3,test,5082,2013-07-05,garch_1_1_t,innovation,0.0800802106436508,0.15458490458659127,True,0,converged,2583,2500,0.163040917667006,-0.7109724325175606,-0.05325770829284759
3,test,5083,2013-07-08,garch_1_1_t,innovation,0.0776943534400567,0.15099323922792177,True,0,converged,2584,2500,0.1580273814296583,-0.7099857347661614,-0.04553325571238703
3,test,5084,2013-07-09,garch_1_1_t,innovation,0.0761060419108479,0.14917276902037904,True,0,converged,2585,2500,0.1600815422079453,-0.7435556681349815,-0.07057816636788816
3,test,5085,2013-07-10,garch_1_1_t,innovation,0.0769618224308747,0.1437184969194479,True,0,converged,2586,2500,0.1557885319890112,-0.7051900371563286,-0.08064301967279491
3,test,5086,2013-07-11,garch_1_1_t,innovation,0.0615604703579076,0.15175071795864792,True,0,converged,2587,2500,0.1603252736200215,-0.9571847621086917,-0.05496555056981302
3,test,5087,2013-07-12,garch_1_1_t,innovation,0.0623915835805288,0.14623143160544436,True,0,converged,2588,2500,0.1511149238668604,-0.8846102447861502,-0.03285011787758398
3,test,5088,2013-07-15,garch_1_1_t,innovation,0.0610247995590912,0.1422133621137954,True,0,converged,2589,2500,0.15006019672007,-0.8997561933562525,-0.05370804505999075
3,test,5089,2013-07-16,garch_1_1_t,innovation,0.0604638458141945,0.13832127090431717,True,0,converged,2590,2500,0.1481354486632618,-0.8960814523396261,-0.06854801942186327
3,test,5090,2013-07-17,garch_1_1_t,innovation,0.0625148238921574,0.13413537032244907,True,0,converged,2591,2500,0.1457725950826562,-0.8466441286177594,-0.083198323208691
3,test,5091,2013-07-18,garch_1_1_t,innovation,0.0776643367191479,0.13218972793372155,True,0,converged,2592,2500,0.1385529269438368,-0.5788562315044675,-0.04701417318429093
3,test,5092,2013-07-19,garch_1_1_t,innovation,0.0782957278060988,0.12820267565789578,True,0,converged,2593,2500,0.1063236469718851,-0.3059946760142624,0.187124699576094
3,test,5093,2013-07-22,garch_1_1_t,innovation,0.0812430956432476,0.12449787374459284,True,0,converged,2594,2500,0.1059390401176839,-0.2654179945524992,0.1614248019491108
3,test,5094,2013-07-23,garch_1_1_t,innovation,0.0827431346227568,0.12111454757665442,True,0,converged,2595,2500,0.0961379257776705,-0.15004284168258403,0.2309528847565183
3,test,5095,2013-07-24,garch_1_1_t,innovation,0.0846025901681373,0.11887889646884536,True,0,converged,2596,2500,0.09083696883421,-0.07110146570897134,0.26903894969746095
3,test,5096,2013-07-25,garch_1_1_t,innovation,0.090114749230988,0.11603962382645473,True,0,converged,2597,2500,0.0843239904766004,0.06641744061442985,0.31926530843053735
3,test,5097,2013-07-26,garch_1_1_t,innovation,0.0908250466129283,0.11295800135868453,True,0,converged,2598,2500,0.0818116242949169,0.10451575151668502,0.3225967404265951
3,test,5098,2013-07-29,garch_1_1_t,innovation,0.0911305222861043,0.11088751647871005,True,0,converged,2599,2500,0.0812417563573228,0.11486343386704892,0.311086966609312
3,test,5099,2013-07-30,garch_1_1_t,innovation,0.107785094450556,0.1081799917134756,True,0,converged,2600,2500,0.0785502419810165,0.3164009332162175,0.32005798454842577
3,test,5100,2013-07-31,garch_1_1_t,innovation,0.1084865230125596,0.10555139958175927,True,0,converged,2601,2500,0.0785228926896698,0.32323574450618847,0.2958078252063383
3,test,5101,2013-08-01,garch_1_1_t,innovation,0.1006833152958119,0.11613293745387147,True,0,converged,2602,2500,0.0884722505726862,0.12929114877070158,0.27204659747374127
3,test,5102,2013-08-02,garch_1_1_t,innovation,0.1011317843939128,0.11317063917008137,True,0,converged,2603,2500,0.0800802106436508,0.23339569689533946,0.3458679954187732
3,test,5103,2013-08-05,garch_1_1_t,innovation,0.1022600174842581,0.1104176290227186,True,0,converged,2604,2500,0.0776943534400567,0.2747361771965329,0.35148722083801914
3,test,5104,2013-08-06,garch_1_1_t,innovation,0.1044186253664157,0.11084477467896178,True,0,converged,2605,2500,0.0761060419108479,0.31628040735257046,0.3760031402092949
3,test,5105,2013-08-07,garch_1_1_t,innovation,0.103878256941424,0.10924441530731446,True,0,converged,2606,2500,0.0769618224308747,0.29991012080220997,0.3502782278886516
3,test,5106,2013-08-08,garch_1_1_t,innovation,0.1030776792441496,0.10789612832990766,True,0,converged,2607,2500,0.0615604703579076,0.5154629218239546,0.561149040015806
3,test,5107,2013-08-09,garch_1_1_t,innovation,0.1080276623201148,0.10608900519311568,True,0,converged,2608,2500,0.0623915835805288,0.5489569391602325,0.5308480256569302
3,test,5108,2013-08-12,garch_1_1_t,innovation,0.1110513864914168,0.10374807163618299,True,0,converged,2609,2500,0.0610247995590912,0.598712703848929,0.5306852405956466
3,test,5109,2013-08-13,garch_1_1_t,innovation,0.1111161156490584,0.10241047567385973,True,0,converged,2610,2500,0.0604638458141945,0.6085301449123451,0.526943412314712
3,test,5110,2013-08-14,garch_1_1_t,innovation,0.1100126620886098,0.1030765579167127,True,0,converged,2611,2500,0.0625148238921574,0.5651917581706278,0.500068281984484
3,test,5111,2013-08-15,garch_1_1_t,innovation,0.0983203185956301,0.12036591482052456,True,0,converged,2612,2500,0.0776643367191479,0.23583454052413924,0.4381402281738629
3,test,5112,2013-08-16,garch_1_1_t,innovation,0.0997409507337936,0.11777883670327695,True,0,converged,2613,2500,0.0782957278060988,0.2420832925491547,0.4083155609615122
3,test,5113,2013-08-19,garch_1_1_t,innovation,0.0983869018291141,0.11819227692042161,True,0,converged,2614,2500,0.0812430956432476,0.1914618428047122,0.374866922853948
3,test,5114,2013-08-20,garch_1_1_t,innovation,0.1051060494602631,0.11702654856850753,True,0,converged,2615,2500,0.0827431346227568,0.23922878978407508,0.3466597743678724
3,test,5115,2013-08-21,garch_1_1_t,innovation,0.1029652958560798,0.11735543756837134,True,0,converged,2616,2500,0.0846025901681373,0.1964271152305472,0.32724237476578194
3,test,5116,2013-08-22,garch_1_1_t,innovation,0.100919588914852,0.12152451068467808,True,0,converged,2617,2500,0.090114749230988,0.11324020071384557,0.2990321267910039
3,test,5117,2013-08-23,garch_1_1_t,innovation,0.1015527173345153,0.11897398241568594,True,0,converged,2618,2500,0.0908250466129283,0.11164295493137201,0.26996974272100416
3,test,5118,2013-08-26,garch_1_1_t,innovation,0.1010338940115469,0.11682905581039266,True,0,converged,2619,2500,0.0911305222861043,0.10316325510629924,0.2484190152451634
3,test,5119,2013-08-27,garch_1_1_t,innovation,0.0836693535759688,0.1361693492398035,True,0,converged,2620,2500,0.107785094450556,-0.2532666141098312,0.23375994758574634
3,test,5120,2013-08-28,garch_1_1_t,innovation,0.0838322823024643,0.13252254223956061,True,0,converged,2621,2500,0.1084865230125596,-0.25780778975422103,0.20012680766591107
3,test,5121,2013-08-29,garch_1_1_t,innovation,0.0852309025866107,0.12830275974972633,True,0,converged,2622,2500,0.1006833152958119,-0.16661602427679112,0.24241268275501135
3,test,5122,2013-08-30,garch_1_1_t,innovation,0.0865808097188219,0.12512370252065394,True,0,converged,2623,2500,0.1011317843939128,-0.15534626808221716,0.21287840580225334
3,test,5123,2013-09-03,garch_1_1_t,innovation,0.0895718570634109,0.1230402972233227,True,0,converged,2624,2500,0.1022600174842581,-0.13247758526210557,0.1849931607883061
3,test,5124,2013-09-04,garch_1_1_t,innovation,0.0847294130390912,0.1252730303096956,True,0,converged,2625,2500,0.1044186253664157,-0.20894526067017427,0.1820875343608699
3,test,5125,2013-09-05,garch_1_1_t,innovation,0.0907755967990011,0.12162121712902432,True,0,converged,2626,2500,0.103878256941424,-0.1348291153489798,0.1576918301664869
3,test,5126,2013-09-06,garch_1_1_t,innovation,0.0946318286948414,0.11829394180769463,True,0,converged,2627,2500,0.1030776792441496,-0.08548899638985377,0.13768968784904315
3,test,5127,2013-09-09,garch_1_1_t,innovation,0.0935670496855371,0.12309151075768025,True,0,converged,2628,2500,0.1080276623201148,-0.1437090386904116,0.13054074172744365
3,test,5128,2013-09-10,garch_1_1_t,innovation,0.099015955037994,0.12432964637571903,True,0,converged,2629,2500,0.1110513864914168,-0.11471203640282705,0.11294344116927407
3,test,5129,2013-09-11,garch_1_1_t,innovation,0.0984227503170381,0.12147747260279587,True,0,converged,2630,2500,0.1111161156490584,-0.12130376172916166,0.08915309344020644
3,test,5130,2013-09-12,garch_1_1_t,innovation,0.1238135970144498,0.11858165559067071,True,0,converged,2631,2500,0.1100126620886098,0.11818171564362194,0.07500633092112198
3,test,5131,2013-09-13,garch_1_1_t,innovation,0.1256419581440861,0.11567008894619348,True,0,converged,2632,2500,0.0983203185956301,0.24520555425719798,0.16251137262465234
3,test,5132,2013-09-16,garch_1_1_t,innovation,0.1247661225807126,0.11559356495040263,True,0,converged,2633,2500,0.0997409507337936,0.2238646332109227,0.14750395597583255
3,test,5133,2013-09-17,garch_1_1_t,innovation,0.1264306162062406,0.11427588435286253,True,0,converged,2634,2500,0.0983869018291141,0.2507859854991787,0.14970787929558058
3,test,5134,2013-09-18,garch_1_1_t,innovation,0.1293761298947534,0.12319640362706921,True,0,converged,2635,2500,0.1051060494602631,0.2077540621519812,0.1588100240190879
3,test,5135,2013-09-19,garch_1_1_t,innovation,0.1313834226835747,0.11972523778747048,True,0,converged,2636,2500,0.1029652958560798,0.2437279408917584,0.15080743432177146
3,test,5136,2013-09-20,garch_1_1_t,innovation,0.1311876445932134,0.12063869396185557,True,0,converged,2637,2500,0.100919588914852,0.2623046493795299,0.17847602789990052
3,test,5137,2013-09-23,garch_1_1_t,innovation,0.1301508500145268,0.11903423790263779,True,0,converged,2638,2500,0.1015527173345153,0.24811611620127508,0.1588331189420484
3,test,5138,2013-09-24,garch_1_1_t,innovation,0.131489042838399,0.11627482626543179,True,0,converged,2639,2500,0.1010338940115469,0.26346747890513195,0.14050053612126864
3,test,5139,2013-09-25,garch_1_1_t,innovation,0.1321899855991458,0.11394711394368325,True,0,converged,2640,2500,0.0836693535759688,0.4573674082489039,0.3088616635771374
3,test,5140,2013-09-26,garch_1_1_t,innovation,0.1320122971543029,0.11227222290451278,True,0,converged,2641,2500,0.0838322823024643,0.45407691486154345,0.2921083202595968
3,test,5141,2013-09-27,garch_1_1_t,innovation,0.1319877102313481,0.11172061635836043,True,0,converged,2642,2500,0.0852309025866107,0.43734473945510904,0.2706371835650668
3,test,5142,2013-09-30,garch_1_1_t,innovation,0.1307434706026868,0.11156115076705125,True,0,converged,2643,2500,0.0865808097188219,0.4121589694370757,0.25349468370417144
3,test,5143,2013-10-01,garch_1_1_t,innovation,0.129100762110827,0.11459875482108384,True,0,converged,2644,2500,0.0895718570634109,0.3655520257266699,0.2463957634178406
3,test,5144,2013-10-02,garch_1_1_t,innovation,0.1302617455968338,0.11153195204169629,True,0,converged,2645,2500,0.0847294130390912,0.43008305113553164,0.27484831248537933
3,test,5145,2013-10-03,garch_1_1_t,innovation,0.1264453756276149,0.11723882006716606,True,0,converged,2646,2500,0.0907755967990011,0.3314199099237959,0.2558225597754812
3,test,5146,2013-10-04,garch_1_1_t,innovation,0.1238640312511855,0.1191189449858941,True,0,converged,2647,2500,0.0946318286948414,0.26919056679954856,0.23012865658557327
3,test,5147,2013-10-07,garch_1_1_t,innovation,0.1206149290307259,0.12240130140263167,True,0,converged,2648,2500,0.0935670496855371,0.2539247780418454,0.2686267141650332
3,test,5148,2013-10-08,garch_1_1_t,innovation,0.1137782278243589,0.13043289477747413,True,0,converged,2649,2500,0.099015955037994,0.13897018459361074,0.27557787909432907
3,test,5149,2013-10-09,garch_1_1_t,innovation,0.1151763493652775,0.1262838699028201,True,0,converged,2650,2500,0.0984227503170381,0.15719244679212166,0.24926032888978264
3,test,5150,2013-10-10,garch_1_1_t,innovation,0.0978435029762252,0.15724161755436356,True,0,converged,2651,2500,0.1238135970144498,-0.23540789086043898,0.23900640296131942
3,test,5151,2013-10-11,garch_1_1_t,innovation,0.1063785920275696,0.1539223777229579,True,0,converged,2652,2500,0.1256419581440861,-0.16643190598951368,0.2030121746777072
3,test,5152,2013-10-14,garch_1_1_t,innovation,0.1054349492842171,0.14914010723629073,True,0,converged,2653,2500,0.1247661225807126,-0.16834679712373915,0.17844521574151923
3,test,5153,2013-10-15,garch_1_1_t,innovation,0.1024726235408852,0.1475392636876152,True,0,converged,2654,2500,0.1264306162062406,-0.21009799370625115,0.15440066564419078
3,test,5154,2013-10-16,garch_1_1_t,innovation,0.0942430666802646,0.1559492744179996,True,0,converged,2655,2500,0.1293761298947534,-0.31684663691940457,0.1868068929175695
3,test,5155,2013-10-17,garch_1_1_t,innovation,0.0929233605936196,0.1530184172165603,True,0,converged,2656,2500,0.1313834226835747,-0.3463448651359822,0.1524383492020652
3,test,5156,2013-10-18,garch_1_1_t,innovation,0.091122472283408,0.15052501946799354,True,0,converged,2657,2500,0.1311876445932134,-0.364424248825966,0.13750061291678423
3,test,5157,2013-10-21,garch_1_1_t,innovation,0.0919678173053557,0.14484581990371703,True,0,converged,2658,2500,0.1301508500145268,-0.3472554585044397,0.1069757032388005
3,test,5158,2013-10-22,garch_1_1_t,innovation,0.0899865936192636,0.14216815547264203,True,0,converged,2659,2500,0.131489042838399,-0.3792628242746311,0.07808702674320507
3,test,5159,2013-10-23,garch_1_1_t,innovation,0.0890553144521115,0.13890069720349316,True,0,converged,2660,2500,0.1321899855991458,-0.3949824852784949,0.049519096560563865
3,test,5160,2013-10-24,garch_1_1_t,innovation,0.0927676776375428,0.13502889897208734,True,0,converged,2661,2500,0.1320122971543029,-0.3527968007055137,0.022593743482286446
3,test,5161,2013-10-25,garch_1_1_t,innovation,0.0930481386415143,0.13223669567952265,True,0,converged,2662,2500,0.1319877102313481,-0.34959183490836027,0.0018846519572187676
3,test,5162,2013-10-28,garch_1_1_t,innovation,0.09294396592225,0.12822409325828918,True,0,converged,2663,2500,0.1307434706026868,-0.34124036906701055,-0.019457701907857772
3,test,5163,2013-10-29,garch_1_1_t,innovation,0.0910112614573164,0.1265627236465725,True,0,converged,2664,2500,0.129100762110827,-0.3496099499564997,-0.019855176711543864
3,test,5164,2013-10-30,garch_1_1_t,innovation,0.0896950974162575,0.12495847128634989,True,0,converged,2665,2500,0.1302617455968338,-0.373129741660743,-0.0415644015021005
3,test,5165,2013-10-31,garch_1_1_t,innovation,0.0891576384650561,0.12186867547508244,True,0,converged,2666,2500,0.1264453756276149,-0.34940438000640966,-0.036866367255253045
3,test,5166,2013-11-01,garch_1_1_t,innovation,0.0892327179580841,0.11879220559178721,True,0,converged,2667,2500,0.1238640312511855,-0.3279366762310849,-0.041808646537505455
3,test,5167,2013-11-04,garch_1_1_t,innovation,0.0896842675974891,0.1165072774667689,True,0,converged,2668,2500,0.1206149290307259,-0.2963077016933589,-0.03464932769230247
3,test,5168,2013-11-05,garch_1_1_t,innovation,0.0889756532584995,0.11443530787407931,True,0,converged,2669,2500,0.1137782278243589,-0.24588841032812367,0.005758482847623019
3,test,5169,2013-11-06,garch_1_1_t,innovation,0.0885126068224405,0.11382753572062733,True,0,converged,2670,2500,0.1151763493652775,-0.2633194346961658,-0.011779968202284991
3,test,5170,2013-11-07,garch_1_1_t,innovation,0.0857406253062596,0.12544000297750638,True,0,converged,2671,2500,0.0978435029762252,-0.1320425396523996,0.2484582864911798
3,test,5171,2013-11-08,garch_1_1_t,innovation,0.0719019044470554,0.1364207771673629,True,0,converged,2672,2500,0.1063785920275696,-0.39170160209727395,0.24873970516781715
3,test,5172,2013-11-11,garch_1_1_t,innovation,0.0730197493517868,0.13182607705141447,True,0,converged,2673,2500,0.1054349492842171,-0.3673642246563118,0.22338928741424116
3,test,5173,2013-11-12,garch_1_1_t,innovation,0.0829889679511571,0.1279156368241598,True,0,converged,2674,2500,0.1024726235408852,-0.21088799278694045,0.2217752838165702
3,test,5174,2013-11-13,garch_1_1_t,innovation,0.0788673542572248,0.1293390103864853,True,0,converged,2675,2500,0.0942430666802646,-0.17810987931739952,0.3165596841845747
3,test,5175,2013-11-14,garch_1_1_t,innovation,0.0768643462001325,0.12725268490641145,True,0,converged,2676,2500,0.0929233605936196,-0.18973294326625384,0.31439968089456516
3,test,5176,2013-11-15,garch_1_1_t,innovation,0.0784443221339672,0.12507973115600693,True,0,converged,2677,2500,0.091122472283408,-0.149815349984619,0.3167469322692793
3,test,5177,2013-11-18,garch_1_1_t,innovation,0.0782608228202585,0.12230459908509331,True,0,converged,2678,2500,0.0919678173053557,-0.16139157329404738,0.285075942981415
3,test,5178,2013-11-19,garch_1_1_t,innovation,0.0983661322763896,0.11914469197111584,True,0,converged,2679,2500,0.0899865936192636,0.08903586118151048,0.28067795397334006
3,test,5179,2013-11-20,garch_1_1_t,innovation,0.0978217468499935,0.1166913176060888,True,0,converged,2680,2500,0.0890553144521115,0.09388922537950137,0.2702744498902057
3,test,5180,2013-11-21,garch_1_1_t,innovation,0.0958101220543816,0.11937763029519805,True,0,converged,2681,2500,0.0927676776375428,0.03227005978150085,0.25219355464304744
3,test,5181,2013-11-22,garch_1_1_t,innovation,0.0960390052772054,0.11846554696332222,True,0,converged,2682,2500,0.0930481386415143,0.03163743488364593,0.24150519634015005
3,test,5182,2013-11-25,garch_1_1_t,innovation,0.0962880664278573,0.11519768999719926,True,0,converged,2683,2500,0.09294396592225,0.035347595732669206,0.21465290135118667
3,test,5183,2013-11-26,garch_1_1_t,innovation,0.0979333761117511,0.11222429585064232,True,0,converged,2684,2500,0.0910112614573164,0.07330416074481882,0.20951625906701196
3,test,5184,2013-11-27,garch_1_1_t,innovation,0.0975522882263573,0.10985238245485095,True,0,converged,2685,2500,0.0896950974162575,0.08397241151913869,0.2027213746168478
3,test,5185,2013-11-29,garch_1_1_t,innovation,0.097525114043144,0.10710576271697514,True,0,converged,2686,2500,0.0891576384650561,0.08970390308291556,0.1834107612047986
3,test,5186,2013-12-02,garch_1_1_t,innovation,0.0985233256778794,0.10521421167932463,True,0,converged,2687,2500,0.0892327179580841,0.09904556346989236,0.16475061760246773
3,test,5187,2013-12-03,garch_1_1_t,innovation,0.1031457432459419,0.10512411018538632,True,0,converged,2688,2500,0.0896842675974891,0.13984760647529262,0.1588462893294047
3,test,5188,2013-12-04,garch_1_1_t,innovation,0.1031472249625558,0.1026563091874388,True,0,converged,2689,2500,0.0889756532584995,0.14779456280847245,0.14302383126352733
3,test,5189,2013-12-05,garch_1_1_t,innovation,0.1024642919751687,0.10250714438770438,True,0,converged,2690,2500,0.0885126068224405,0.1463693750693053,0.14678750565296522
3,test,5190,2013-12-06,garch_1_1_t,innovation,0.0970292153543367,0.11303331774794828,True,0,converged,2691,2500,0.0857406253062596,0.12368536817996438,0.276355868385369
3,test,5191,2013-12-09,garch_1_1_t,innovation,0.0966129796389685,0.11087877905842336,True,0,converged,2692,2500,0.0719019044470554,0.29541034516709125,0.4331347721852362
3,test,5192,2013-12-10,garch_1_1_t,innovation,0.095797113190119,0.10927415067383392,True,0,converged,2693,2500,0.0730197493517868,0.2715026071830825,0.4031299247203286
3,test,5193,2013-12-11,garch_1_1_t,innovation,0.087538055710248,0.11892021541410078,True,0,converged,2694,2500,0.0829889679511571,0.05336593850373787,0.3597451268372145
3,test,5194,2013-12-12,garch_1_1_t,innovation,0.0989693277332823,0.11647974307835009,True,0,converged,2695,2500,0.0788673542572248,0.22704260002354135,0.3899499975005197
3,test,5195,2013-12-13,garch_1_1_t,innovation,0.1062192854449342,0.11330365857869179,True,0,converged,2696,2500,0.0768643462001325,0.3234635573398378,0.3880293280784658
3,test,5196,2013-12-16,garch_1_1_t,innovation,0.1056585829493692,0.11408863665193286,True,0,converged,2697,2500,0.0784443221339672,0.2978238792692078,0.3745865598202397
3,test,5197,2013-12-17,garch_1_1_t,innovation,0.1051616391848966,0.11201708002925259,True,0,converged,2698,2500,0.0782608228202585,0.2954514566142645,0.3586042292710647
3,test,5198,2013-12-18,garch_1_1_t,innovation,0.0876212837813019,0.13487839046161904,True,0,converged,2699,2500,0.0983661322763896,-0.11567262665922967,0.3156770004384024
3,test,5199,2013-12-19,garch_1_1_t,innovation,0.0881550320830912,0.13029398343579446,True,0,converged,2700,2500,0.0978217468499935,-0.10404992007952779,0.28664639560687244
3,test,5200,2013-12-20,garch_1_1_t,innovation,0.0857468957576008,0.12887218070094889,True,0,converged,2701,2500,0.0958101220543816,-0.11096845326984811,0.29645272828545416
3,test,5201,2013-12-23,garch_1_1_t,innovation,0.0885864460787755,0.12710388896797492,True,0,converged,2702,2500,0.0960390052772054,-0.08077554680548533,0.2802503615104949
3,test,5202,2013-12-24,garch_1_1_t,innovation,0.1168247066247809,0.12355420705291634,True,0,converged,2703,2500,0.0962880664278573,0.1933301870121264,0.2493355929401009
3,test,5203,2013-12-26,garch_1_1_t,innovation,0.1167643371349365,0.1220392159078092,True,0,converged,2704,2500,0.0979333761117511,0.17587027913857128,0.22005502306598684
3,test,5204,2013-12-27,garch_1_1_t,innovation,0.1186509606018792,0.11837586964091154,True,0,converged,2705,2500,0.0975522882263573,0.19579755519266756,0.1934763742175098
3,test,5205,2013-12-30,garch_1_1_t,innovation,0.1234971748466504,0.11509529382301234,True,0,converged,2706,2500,0.097525114043144,0.2361083553052851,0.16565050240283108
3,test,5206,2013-12-31,garch_1_1_t,innovation,0.1279517678170594,0.11421848617409307,True,0,converged,2707,2500,0.0985233256778794,0.26136004992246586,0.14781983049566313
3,test,5207,2014-01-02,garch_1_1_t,innovation,0.1250526386080432,0.12011028047920948,True,0,converged,2708,2500,0.1031457432459419,0.19259178647030312,0.15226735369494065
3,test,5208,2014-01-03,garch_1_1_t,innovation,0.1488834460662297,0.11656076701421736,True,0,converged,2709,2500,0.1031472249625558,0.36700642244566023,0.1222554060659746
3,test,5209,2014-01-06,garch_1_1_t,innovation,0.1505694681060588,0.11405444712885017,True,0,converged,2710,2500,0.1024642919751687,0.384910192883507,0.10716157386105221
3,test,5210,2014-01-07,garch_1_1_t,innovation,0.1490561284387037,0.11460696589217126,True,0,converged,2711,2500,0.0970292153543367,0.429310813567393,0.16649646445776145
3,test,5211,2014-01-08,garch_1_1_t,innovation,0.1561401356124142,0.11147172161673102,True,0,converged,2712,2500,0.0966129796389685,0.4800408122376975,0.14305784396161125
3,test,5212,2014-01-09,garch_1_1_t,innovation,0.1621311981230666,0.10872852571236453,True,0,converged,2713,2500,0.095797113190119,0.5261733216179595,0.12662163494822826
3,test,5213,2014-01-10,garch_1_1_t,innovation,0.1619747280071903,0.1067918485294367,True,0,converged,2714,2500,0.087538055710248,0.6153667018924411,0.19880797776741027
3,test,5214,2014-01-13,garch_1_1_t,innovation,0.1595579991760576,0.12187063656787321,True,0,converged,2715,2500,0.0989693277332823,0.47759750607070084,0.20815014490282052
3,test,5215,2014-01-14,garch_1_1_t,innovation,0.1548356167723292,0.1285939889047694,True,0,converged,2716,2500,0.1062192854449342,0.3768583293512383,0.19115438028733106
3,test,5216,2014-01-15,garch_1_1_t,innovation,0.1547387828085639,0.12691479412503293,True,0,converged,2717,2500,0.1056585829493692,0.3815254428214476,0.18330296866853904
3,test,5217,2014-01-16,garch_1_1_t,innovation,0.1558989218120548,0.12326024600828052,True,0,converged,2718,2500,0.1051616391848966,0.39370927287286767,0.15879935410806448
3,test,5218,2014-01-17,garch_1_1_t,innovation,0.1552196690017571,0.1211322471428877,True,0,converged,2719,2500,0.0876212837813019,0.5718173990069064,0.32385896638312195
3,test,5219,2014-01-21,garch_1_1_t,innovation,0.1566482029758323,0.11834636726187796,True,0,converged,2720,2500,0.0881550320830912,0.5749055530727829,0.29451864794451044
3,test,5220,2014-01-22,garch_1_1_t,innovation,0.158017404453149,0.11519377620178599,True,0,converged,2721,2500,0.0857468957576008,0.6113052974139089,0.2952158364629364
3,test,5221,2014-01-23,garch_1_1_t,innovation,0.1553486816697275,0.11841371229101882,True,0,converged,2722,2500,0.0885864460787755,0.5616932824950988,0.29020566189907954
3,test,5222,2014-01-24,garch_1_1_t,innovation,0.1365939129375667,0.15276272948562672,True,0,converged,2723,2500,0.1168247066247809,0.15633780757870172,0.26821135265424456
3,test,5223,2014-01-27,garch_1_1_t,innovation,0.1354743074657015,0.1485398846726095,True,0,converged,2724,2500,0.1167643371349365,0.14862431851996416,0.24069581481279684
3,test,5224,2014-01-28,garch_1_1_t,innovation,0.133825066596062,0.14550119900753353,True,0,converged,2725,2500,0.1186509606018792,0.12034739496900773,0.2039982482334508
3,test,5225,2014-01-29,garch_1_1_t,innovation,0.1306923681974749,0.14705953624740845,True,0,converged,2726,2500,0.1234971748466504,0.05662794709843564,0.17461923319995523
3,test,5226,2014-01-30,garch_1_1_t,innovation,0.125538667349378,0.1497975579403223,True,0,converged,2727,2500,0.1279517678170594,-0.019039561491821465,0.1576313898380222
3,test,5227,2014-01-31,garch_1_1_t,innovation,0.1263032852344796,0.1466178939389854,True,0,converged,2728,2500,0.1250526386080432,0.00995128285067923,0.15909508408977704
3,test,5228,2014-02-03,garch_1_1_t,innovation,0.108989288602898,0.17644225765276875,True,0,converged,2729,2500,0.1488834460662297,-0.31191415096677216,0.16982991206951759
3,test,5229,2014-02-04,garch_1_1_t,innovation,0.106207371430631,0.1721971169872588,True,0,converged,2730,2500,0.1505694681060588,-0.3490310425591566,0.13421528982646694
3,test,5230,2014-02-05,garch_1_1_t,innovation,0.1064281827546167,0.1651124599107137,True,0,converged,2731,2500,0.1490561284387037,-0.3368525185948409,0.10230388100775202
3,test,5231,2014-02-06,garch_1_1_t,innovation,0.0957424930188506,0.16970752902259864,True,0,converged,2732,2500,0.1561401356124142,-0.4890916861273977,0.08332262869568235
3,test,5232,2014-02-07,garch_1_1_t,innovation,0.08519400961174,0.172506909759621,True,0,converged,2733,2500,0.1621311981230666,-0.6434747507838476,0.06203141982077252
3,test,5233,2014-02-10,garch_1_1_t,innovation,0.0867463605748577,0.1655591162436206,True,0,converged,2734,2500,0.1619747280071903,-0.6244518581881711,0.02188800577629454
3,test,5234,2014-02-11,garch_1_1_t,innovation,0.0776731931091447,0.16678832214065006,True,0,converged,2735,2500,0.1595579991760576,-0.71989729450959,0.04431798900161838
3,test,5235,2014-02-12,garch_1_1_t,innovation,0.0873630413538706,0.160054919815306,True,0,converged,2736,2500,0.1548356167723292,-0.5722916917762902,0.03315298798378915
3,test,5236,2014-02-13,garch_1_1_t,innovation,0.0860104198422916,0.15569032186079573,True,0,converged,2737,2500,0.1547387828085639,-0.587269973176753,0.0061304949700641065
3,test,5237,2014-02-14,garch_1_1_t,innovation,0.0896514240372189,0.15195231134609674,True,0,converged,2738,2500,0.1558989218120548,-0.5532787758119119,-0.02564112967023646
3,test,5238,2014-02-18,garch_1_1_t,innovation,0.0930419270094653,0.1464737019702751,True,0,converged,2739,2500,0.1552196690017571,-0.5117911133582955,-0.057995429369704546
3,test,5239,2014-02-19,garch_1_1_t,innovation,0.091980292087464,0.14454484762712302,True,0,converged,2740,2500,0.1566482029758323,-0.5324282080841793,-0.08041272214396743
3,test,5240,2014-02-20,garch_1_1_t,innovation,0.0919189074896398,0.14196662018513653,True,0,converged,2741,2500,0.158017404453149,-0.5417984337050569,-0.10711322087771363
3,test,5241,2014-02-21,garch_1_1_t,innovation,0.0928525258455584,0.13718936542872356,True,0,converged,2742,2500,0.1553486816697275,-0.5146596586738362,-0.12430994877366106
3,test,5242,2014-02-24,garch_1_1_t,innovation,0.0919370294605092,0.13487551018746283,True,0,converged,2743,2500,0.1365939129375667,-0.3959085046134606,-0.012660178685403235
3,test,5243,2014-02-25,garch_1_1_t,innovation,0.0934506640645534,0.13053111252292662,True,0,converged,2744,2500,0.1354743074657015,-0.37134836957066203,-0.03717040105678879
3,test,5244,2014-02-26,garch_1_1_t,innovation,0.0968997544380564,0.12650112757387524,True,0,converged,2745,2500,0.133825066596062,-0.3228564892002305,-0.05628225215943438
3,test,5245,2014-02-27,garch_1_1_t,innovation,0.0953970899657862,0.12487822847696475,True,0,converged,2746,2500,0.1306923681974749,-0.3147981526834793,-0.045507136865285035
3,test,5246,2014-02-28,garch_1_1_t,innovation,0.0965657323313405,0.12156302385143453,True,0,converged,2747,2500,0.125538667349378,-0.262389876973021,-0.03218097436517044
3,test,5247,2014-03-03,garch_1_1_t,innovation,0.0976558783048807,0.12259463408275917,True,0,converged,2748,2500,0.1263032852344796,-0.25723618717036206,-0.029802785508925532
3,test,5248,2014-03-04,garch_1_1_t,innovation,0.0873629762976949,0.13528233264300052,True,0,converged,2749,2500,0.108989288602898,-0.2211780269441833,0.21611433981311665
3,test,5249,2014-03-05,garch_1_1_t,innovation,0.0881055729673654,0.13106911583195502,True,0,converged,2750,2500,0.106207371430631,-0.1868577290007878,0.21033126860533718
3,test,5250,2014-03-06,garch_1_1_t,innovation,0.087856687871493,0.12725207163923072,True,0,converged,2751,2500,0.1064281827546167,-0.19176347730819185,0.17869951802311987
3,test,5251,2014-03-07,garch_1_1_t,innovation,0.0974603454523285,0.12324876833060924,True,0,converged,2752,2500,0.0957424930188506,0.017783358868793106,0.25254259651682287
3,test,5252,2014-03-10,garch_1_1_t,innovation,0.1051235297452351,0.11961966265134111,True,0,converged,2753,2500,0.08519400961174,0.21020501077664785,0.33938610980100964
3,test,5253,2014-03-11,garch_1_1_t,innovation,0.1046655567217481,0.11851371744543426,True,0,converged,2754,2500,0.0867463605748577,0.18778162769529053,0.31204024798948776
3,test,5254,2014-03-12,garch_1_1_t,innovation,0.1113316067589328,0.11518570464916164,True,0,converged,2755,2500,0.0776731931091447,0.36000300321967843,0.3940354561592929
3,test,5255,2014-03-13,garch_1_1_t,innovation,0.1283974387156649,0.12363771453049116,True,0,converged,2756,2500,0.0873630413538706,0.3850581179365868,0.34728330679859376
3,test,5256,2014-03-14,garch_1_1_t,innovation,0.1319539564232991,0.12055332518610402,True,0,converged,2757,2500,0.0860104198422916,0.427984596890279,0.3376237378357811
3,test,5257,2014-03-17,garch_1_1_t,innovation,0.1310212309754596,0.12416294219408612,True,0,converged,2758,2500,0.0896514240372189,0.3794302942509761,0.3256656686158452
3,test,5258,2014-03-18,garch_1_1_t,innovation,0.1308541136389727,0.1247521702406973,True,0,converged,2759,2500,0.0930419270094653,0.3410328466841358,0.29327891157973746
3,test,5259,2014-03-19,garch_1_1_t,innovation,0.1346285453646384,0.12361301578057093,True,0,converged,2760,2500,0.091980292087464,0.380945132582354,0.29558150748657475
3,test,5260,2014-03-20,garch_1_1_t,innovation,0.1331369370367055,0.1227785228555254,True,0,converged,2761,2500,0.0919189074896398,0.37047145230303646,0.28947535708167743
3,test,5261,2014-03-21,garch_1_1_t,innovation,0.1330010580184032,0.12040707222533072,True,0,converged,2762,2500,0.0928525258455584,0.3593445922807112,0.25986577962768526
3,test,5262,2014-03-24,garch_1_1_t,innovation,0.1331612366128028,0.11849227190269211,True,0,converged,2763,2500,0.0919370294605092,0.3704568190204442,0.25374386212554295
3,test,5263,2014-03-25,garch_1_1_t,innovation,0.1323584242920192,0.11714114927586128,True,0,converged,2764,2500,0.0934506640645534,0.34807993829721645,0.22594597177323894
3,test,5264,2014-03-26,garch_1_1_t,innovation,0.1300533170218218,0.1187841754577216,True,0,converged,2765,2500,0.0968997544380564,0.29426751259744394,0.20363121012385138
3,test,5265,2014-03-27,garch_1_1_t,innovation,0.1330855121914051,0.11582829469645495,True,0,converged,2766,2500,0.0953970899657862,0.3329437959405681,0.19406080188150643
3,test,5266,2014-03-28,garch_1_1_t,innovation,0.1324041676599929,0.11513681722099252,True,0,converged,2767,2500,0.0965657323313405,0.3156351802886577,0.17589719566502582
3,test,5267,2014-03-31,garch_1_1_t,innovation,0.1302556607363042,0.11816149413704972,True,0,converged,2768,2500,0.0976558783048807,0.28804928703102484,0.19060242997024684
3,test,5268,2014-04-01,garch_1_1_t,innovation,0.1285611067245869,0.11876830130112928,True,0,converged,2769,2500,0.0873629762976949,0.3863327492573185,0.3071029665021082
3,test,5269,2014-04-02,garch_1_1_t,innovation,0.1280132330311442,0.1163632738889788,True,0,converged,2770,2500,0.0881055729673654,0.3735978533989745,0.2781811808610551
3,test,5270,2014-04-03,garch_1_1_t,innovation,0.128024368419887,0.1133866046129092,True,0,converged,2771,2500,0.087856687871493,0.37651368404099783,0.2550963191703696
3,test,5271,2014-04-04,garch_1_1_t,innovation,0.121054972824711,0.12343419123783106,True,0,converged,2772,2500,0.0974603454523285,0.216799181325585,0.23626256761024153
3,test,5272,2014-04-07,garch_1_1_t,innovation,0.1185798025543563,0.1303392894834673,True,0,converged,2773,2500,0.1051235297452351,0.12045004077526694,0.21500483721600172
3,test,5273,2014-04-08,garch_1_1_t,innovation,0.1195089118826382,0.1276104850635559,True,0,converged,2774,2500,0.1046655567217481,0.13262085240000357,0.19821244626466242
3,test,5274,2014-04-09,garch_1_1_t,innovation,0.1133872356995259,0.1331100981958617,True,0,converged,2775,2500,0.1113316067589328,0.0182956289543557,0.17866339572823375
3,test,5275,2014-04-10,garch_1_1_t,innovation,0.0848071365265034,0.1624514602308158,True,0,converged,2776,2500,0.1283974387156649,-0.41475074695058317,0.235248807516696
3,test,5276,2014-04-11,garch_1_1_t,innovation,0.0856923830110644,0.16157548156937376,True,0,converged,2777,2500,0.1319539564232991,-0.43168910479176514,0.20251936485283606
3,test,5277,2014-04-14,garch_1_1_t,innovation,0.0811041440052328,0.15945048134710743,True,0,converged,2778,2500,0.1310212309754596,-0.47962532129336444,0.19637403366361736
3,test,5278,2014-04-15,garch_1_1_t,innovation,0.0791732213531743,0.1565737871430748,True,0,converged,2779,2500,0.1308541136389727,-0.5024449388844422,0.17944431590547
3,test,5279,2014-04-16,garch_1_1_t,innovation,0.0767242233815899,0.15823617811107807,True,0,converged,2780,2500,0.1346285453646384,-0.562301991892344,0.1615692448564835
3,test,5280,2014-04-17,garch_1_1_t,innovation,0.0775381967281544,0.15224751729098254,True,0,converged,2781,2500,0.1331369370367055,-0.5406075243734705,0.13412939934035178
3,test,5281,2014-04-21,garch_1_1_t,innovation,0.077643251797555,0.1473804236223233,True,0,converged,2782,2500,0.1330010580184032,-0.5382324427734776,0.10266007647323046
3,test,5282,2014-04-22,garch_1_1_t,innovation,0.0792056773887268,0.14346342789837113,True,0,converged,2783,2500,0.1331612366128028,-0.5195127188801071,0.07451944553442892
3,test,5283,2014-04-23,garch_1_1_t,innovation,0.0842081925275723,0.13889871215768043,True,0,converged,2784,2500,0.1323584242920192,-0.4522213633259589,0.04823139972607289
3,test,5284,2014-04-24,garch_1_1_t,innovation,0.0843426287148822,0.134453934219812,True,0,converged,2785,2500,0.1300533170218218,-0.43305708141094823,0.03327714655762674
3,test,5285,2014-04-25,garch_1_1_t,innovation,0.080382263365637,0.13540958957916147,True,0,converged,2786,2500,0.1330855121914051,-0.5041983234832115,0.01731231161460647
3,test,5286,2014-04-28,garch_1_1_t,innovation,0.0825262744481691,0.13162619824155766,True,0,converged,2787,2500,0.1324041676599929,-0.4727424000051442,-0.005893046939666524
3,test,5287,2014-04-29,garch_1_1_t,innovation,0.0808851353783937,0.12910244456401743,True,0,converged,2788,2500,0.1302556607363042,-0.47646907374182346,-0.008892907133177077
3,test,5288,2014-04-30,garch_1_1_t,innovation,0.0822564044903211,0.125734340596285,True,0,converged,2789,2500,0.1285611067245869,-0.4465630772575202,-0.022233056851078403
3,test,5289,2014-05-01,garch_1_1_t,innovation,0.0824541512897928,0.12206979529883318,True,0,converged,2790,2500,0.1280132330311442,-0.4398912447148319,-0.0475406678677207
3,test,5290,2014-05-02,garch_1_1_t,innovation,0.0823977675814138,0.11862844972141423,True,0,converged,2791,2500,0.128024368419887,-0.4406622799904909,-0.07622428667602432
3,test,5291,2014-05-05,garch_1_1_t,innovation,0.0821363666259451,0.11564625821277395,True,0,converged,2792,2500,0.121054972824711,-0.38786388965795054,-0.04570872954310011
3,test,5292,2014-05-06,garch_1_1_t,innovation,0.0763869757681402,0.11959696163286374,True,0,converged,2793,2500,0.1185798025543563,-0.43977396579289135,0.008541263592361301
3,test,5293,2014-05-07,garch_1_1_t,innovation,0.0770259864454944,0.11927288800315856,True,0,converged,2794,2500,0.1195089118826382,-0.43924809379152024,-0.001976900722419439
3,test,5294,2014-05-08,garch_1_1_t,innovation,0.0787515127925446,0.11595478392461316,True,0,converged,2795,2500,0.1133872356995259,-0.36451133740410563,0.022391496374301812
3,test,5295,2014-05-09,garch_1_1_t,innovation,0.0786551748797827,0.113076765293291,True,0,converged,2796,2500,0.0848071365265034,-0.07530627275918582,0.28768723053581235
3,test,5296,2014-05-12,garch_1_1_t,innovation,0.0707833443176741,0.11904167834589327,True,0,converged,2797,2500,0.0856923830110644,-0.19114021869575978,0.3287097280237268
3,test,5297,2014-05-13,garch_1_1_t,innovation,0.0717802915144583,0.11589639889780973,True,0,converged,2798,2500,0.0811041440052328,-0.12212411035864036,0.3569626218023918
3,test,5298,2014-05-14,garch_1_1_t,innovation,0.0741912989651428,0.11485059484963335,True,0,converged,2799,2500,0.0791732213531743,-0.06499124874269502,0.37199398106361065
3,test,5299,2014-05-15,garch_1_1_t,innovation,0.0681255274343057,0.11921071021057922,True,0,converged,2800,2500,0.0767242233815899,-0.1188654832424389,0.4406751230039817
3,test,5300,2014-05-16,garch_1_1_t,innovation,0.0670714621821916,0.11694796300752326,True,0,converged,2801,2500,0.0775381967281544,-0.1450120252398347,0.41095839929130545
3,test,5301,2014-05-19,garch_1_1_t,innovation,0.0665326799444535,0.11518479169964407,True,0,converged,2802,2500,0.077643251797555,-0.15443138575533627,0.3944130826084778
3,test,5302,2014-05-20,garch_1_1_t,innovation,0.0677620605784211,0.11605754705301702,True,0,converged,2803,2500,0.0792056773887268,-0.15604552061777496,0.3820381829241247
3,test,5303,2014-05-21,garch_1_1_t,innovation,0.0610040666816276,0.11943025534708321,True,0,converged,2804,2500,0.0842081925275723,-0.3223516860792213,0.34944034878381774
3,test,5304,2014-05-22,garch_1_1_t,innovation,0.0608185743779494,0.1165006702075681,True,0,converged,2805,2500,0.0843426287148822,-0.32699217394708596,0.3230096099428488
3,test,5305,2014-05-23,garch_1_1_t,innovation,0.0591476149226334,0.11477055370949966,True,0,converged,2806,2500,0.080382263365637,-0.3067572798568632,0.35614140325211513
3,test,5306,2014-05-27,garch_1_1_t,innovation,0.0590361068529869,0.11527500239541284,True,0,converged,2807,2500,0.0825262744481691,-0.3349674835157748,0.33420387807589796
3,test,5307,2014-05-28,garch_1_1_t,innovation,0.0611124575490608,0.11220922615078782,True,0,converged,2808,2500,0.0808851353783937,-0.28031433322613425,0.32733515272113634
3,test,5308,2014-05-29,garch_1_1_t,innovation,0.058358476651383,0.11206957735218884,True,0,converged,2809,2500,0.0822564044903211,-0.3432366320589822,0.3092786520149147
3,test,5309,2014-05-30,garch_1_1_t,innovation,0.0584859415264795,0.10940253394732687,True,0,converged,2810,2500,0.0824541512897928,-0.3434559873462697,0.2827916550268955
3,test,5310,2014-06-02,garch_1_1_t,innovation,0.0583799658095402,0.1068316945839312,True,0,converged,2811,2500,0.0823977675814138,-0.34458556431769627,0.25969630417714196
3,test,5311,2014-06-03,garch_1_1_t,innovation,0.0629750796238583,0.10430404949387762,True,0,converged,2812,2500,0.0821363666259451,-0.2656417870213177,0.2389293130660005
3,test,5312,2014-06-04,garch_1_1_t,innovation,0.0626688041566225,0.10238870222425206,True,0,converged,2813,2500,0.0763869757681402,-0.1979484249386687,0.29296416927624674
3,test,5313,2014-06-05,garch_1_1_t,innovation,0.0608128815688298,0.10483745513807606,True,0,converged,2814,2500,0.0770259864454944,-0.23634121678344186,0.3082682531686523
3,test,5314,2014-06-06,garch_1_1_t,innovation,0.0597295461099599,0.10517355113787655,True,0,converged,2815,2500,0.0787515127925446,-0.2764706798995832,0.28931436606906413
3,test,5315,2014-06-09,garch_1_1_t,innovation,0.0638604517285307,0.10280166267488822,True,0,converged,2816,2500,0.0786551748797827,-0.2083731626561214,0.2677281031206846
3,test,5316,2014-06-10,garch_1_1_t,innovation,0.0658050605420546,0.1007014723192768,True,0,converged,2817,2500,0.0707833443176741,-0.07292697996577677,0.352536697190728
3,test,5317,2014-06-11,garch_1_1_t,innovation,0.0661480774382059,0.09995181478178598,True,0,converged,2818,2500,0.0717802915144583,-0.08171412046417113,0.33107827074546026
3,test,5318,2014-06-12,garch_1_1_t,innovation,0.0613454705361246,0.10374257933477826,True,0,converged,2819,2500,0.0741912989651428,-0.1901255401372443,0.3352657533921602
3,test,5319,2014-06-13,garch_1_1_t,innovation,0.0629632658675997,0.1023544760276049,True,0,converged,2820,2500,0.0681255274343057,-0.07880052024162924,0.40709004860354286
3,test,5320,2014-06-16,garch_1_1_t,innovation,0.0632462251807214,0.10006647282895703,True,0,converged,2821,2500,0.0670714621821916,-0.05872320582237567,0.40007604273185365
3,test,5321,2014-06-17,garch_1_1_t,innovation,0.0638356991518357,0.09878204871489532,True,0,converged,2822,2500,0.0665326799444535,-0.04138067299024429,0.395222640389656
3,test,5322,2014-06-18,garch_1_1_t,innovation,0.071078609187849,0.10285189684198222,True,0,converged,2823,2500,0.0677620605784211,0.04778397640413243,0.4172875988944098
3,test,5323,2014-06-19,garch_1_1_t,innovation,0.0796113885223059,0.10067681998363598,True,0,converged,2824,2500,0.0610040666816276,0.2662166256416966,0.5009750555221515
3,test,5324,2014-06-20,garch_1_1_t,innovation,0.0795638712783104,0.09893154271642537,True,0,converged,2825,2500,0.0608185743779494,0.2686648694492319,0.48653288127988165
3,test,5325,2014-06-23,garch_1_1_t,innovation,0.0810402278382786,0.09686141765840925,True,0,converged,2826,2500,0.0591476149226334,0.31490940428016617,0.4932450059412727
3,test,5326,2014-06-24,garch_1_1_t,innovation,0.0785460708589711,0.09941792356921463,True,0,converged,2827,2500,0.0590361068529869,0.2855361052779418,0.5211831777239153
3,test,5327,2014-06-25,garch_1_1_t,innovation,0.0768980411740377,0.10002040149865138,True,0,converged,2828,2500,0.0611124575490608,0.22976467053937055,0.4926584468978004
3,test,5328,2014-06-26,garch_1_1_t,innovation,0.0786402651488391,0.0978604734863404,True,0,converged,2829,2500,0.058358476651383,0.2982792268134494,0.5169381035557395
3,test,5329,2014-06-27,garch_1_1_t,innovation,0.0783505624057723,0.09641087983444194,True,0,converged,2830,2500,0.0584859415264795,0.29240673732649464,0.4998326470305988
3,test,5330,2014-06-30,garch_1_1_t,innovation,0.0798074811251724,0.09443804385052396,True,0,converged,2831,2500,0.0583799658095402,0.3126444687252454,0.48097121908498086
3,test,5331,2014-07-01,garch_1_1_t,innovation,0.0762156678500992,0.09837809011921171,True,0,converged,2832,2500,0.0629750796238583,0.19082796977709024,0.44607903126497883
3,test,5332,2014-07-02,garch_1_1_t,innovation,0.1039633529739863,0.0963495955887859,True,0,converged,2833,2500,0.0626688041566225,0.5061746793300753,0.43011941507504203
3,test,5333,2014-07-03,garch_1_1_t,innovation,0.1030683123282944,0.09738401377425414,True,0,converged,2834,2500,0.0608128815688298,0.527590360440769,0.4708604331102967
3,test,5334,2014-07-07,garch_1_1_t,innovation,0.1054613107370784,0.0968234817967366,True,0,converged,2835,2500,0.0597295461099599,0.5685173550998432,0.48306273772372116
3,test,5335,2014-07-08,garch_1_1_t,innovation,0.1085993324412896,0.09988762221420469,True,0,converged,2836,2500,0.0638604517285307,0.5309649995377927,0.44734551522463945
3,test,5336,2014-07-09,garch_1_1_t,innovation,0.1074372408231826,0.10009122163451298,True,0,converged,2837,2500,0.0658050605420546,0.49021012748252235,0.41938524320877985
3,test,5337,2014-07-10,garch_1_1_t,innovation,0.1082405636590574,0.09974236046105527,True,0,converged,2838,2500,0.0661480774382059,0.49246036487386174,0.41069463951220975
3,test,5338,2014-07-11,garch_1_1_t,innovation,0.1155819605286323,0.09770142429880628,True,0,converged,2839,2500,0.0613454705361246,0.6334585547313674,0.4653947986918376
3,test,5339,2014-07-14,garch_1_1_t,innovation,0.1146514294675325,0.09881251922183225,True,0,converged,2840,2500,0.0629632658675997,0.599345002458277,0.45067283463126395
3,test,5340,2014-07-15,garch_1_1_t,innovation,0.1145612295393185,0.09703913999996858,True,0,converged,2841,2500,0.0632462251807214,0.5940739909758314,0.4280789573819451
3,test,5341,2014-07-16,garch_1_1_t,innovation,0.1163000874113442,0.0968491439129429,True,0,converged,2842,2500,0.0638356991518357,0.5998612294299654,0.4168419688084972
3,test,5342,2014-07-17,garch_1_1_t,innovation,0.110267955075538,0.10960696190578446,True,0,converged,2843,2500,0.071078609187849,0.43912692265642383,0.43311445729607484
3,test,5343,2014-07-18,garch_1_1_t,innovation,0.1041979249977214,0.1173523434771377,True,0,converged,2844,2500,0.0796113885223059,0.26913506096668466,0.38802373757270897
3,test,5344,2014-07-21,garch_1_1_t,innovation,0.1081217886181017,0.11412706737077928,True,0,converged,2845,2500,0.0795638712783104,0.30669815276596996,0.360752342316385
3,test,5345,2014-07-22,garch_1_1_t,innovation,0.1085975640029475,0.11290148525730474,True,0,converged,2846,2500,0.0810402278382786,0.29270330496980296,0.33156995521471305
3,test,5346,2014-07-23,garch_1_1_t,innovation,0.1087253585138873,0.11026760903360434,True,0,converged,2847,2500,0.0785460708589711,0.3251397133566971,0.3392248781398532
3,test,5347,2014-07-24,garch_1_1_t,innovation,0.109215228994632,0.10754829313148603,True,0,converged,2848,2500,0.0768980411740377,0.3508401094370647,0.33545958131482395
3,test,5348,2014-07-25,garch_1_1_t,innovation,0.1080786650622311,0.1071407781589448,True,0,converged,2849,2500,0.0786402651488391,0.31797549467768266,0.3092598059246779
3,test,5349,2014-07-28,garch_1_1_t,innovation,0.1095501948156542,0.1045795190529571,True,0,converged,2850,2500,0.0783505624057723,0.33518969746910315,0.28875458300884416
3,test,5350,2014-07-29,garch_1_1_t,innovation,0.1085026970846034,0.10406878172421008,True,0,converged,2851,2500,0.0798074811251724,0.3071577820967757,0.26543479477281134
3,test,5351,2014-07-30,garch_1_1_t,innovation,0.1085105909423152,0.1015005164744831,True,0,converged,2852,2500,0.0762156678500992,0.3532807242008388,0.2864968304999822
3,test,5352,2014-07-31,garch_1_1_t,innovation,0.0822547336800535,0.13719263118513425,True,0,converged,2853,2500,0.1039633529739863,-0.2342175214620093,0.2773475434937729
3,test,5353,2014-08-01,garch_1_1_t,innovation,0.0821565709351009,0.1329348052204611,True,0,converged,2854,2500,0.1030683123282944,-0.2267651665588168,0.25446682684840577
3,test,5354,2014-08-04,garch_1_1_t,innovation,0.0781061678780002,0.13275391149918558,True,0,converged,2855,2500,0.1054613107370784,-0.3002751349480827,0.23015296205634947
3,test,5355,2014-08-05,garch_1_1_t,innovation,0.0700588798510511,0.13635472867045972,True,0,converged,2856,2500,0.1085993324412896,-0.4383292313134453,0.2275945285434988
3,test,5356,2014-08-06,garch_1_1_t,innovation,0.0702381190643068,0.13151709972746883,True,0,converged,2857,2500,0.1074372408231826,-0.4250157005194119,0.2022300083237205
3,test,5357,2014-08-07,garch_1_1_t,innovation,0.0693933002392894,0.12954384823645307,True,0,converged,2858,2500,0.1082405636590574,-0.4445658668282491,0.17966322890713493
3,test,5358,2014-08-08,garch_1_1_t,innovation,0.0568586637264482,0.13677496336466405,True,0,converged,2859,2500,0.1155819605286323,-0.7094112884416985,0.16835707882803339
3,test,5359,2014-08-11,garch_1_1_t,innovation,0.0603129302201171,0.13259188542652378,True,0,converged,2860,2500,0.1146514294675325,-0.6423499650679793,0.14537940267578345
3,test,5360,2014-08-12,garch_1_1_t,innovation,0.0615776102618321,0.12831729596311545,True,0,converged,2861,2500,0.1145612295393185,-0.6208111011724,0.1133966354242581
3,test,5361,2014-08-13,garch_1_1_t,innovation,0.0568773164848884,0.12803605341904764,True,0,converged,2862,2500,0.1163000874113442,-0.715277205280282,0.09613808046852187
3,test,5362,2014-08-14,garch_1_1_t,innovation,0.0582052338616906,0.12571973397698197,True,0,converged,2863,2500,0.110267955075538,-0.6389380793060089,0.13114173703605286
3,test,5363,2014-08-15,garch_1_1_t,innovation,0.0582613136807495,0.12171353997012727,True,0,converged,2864,2500,0.1041979249977214,-0.5813539156061909,0.15537803527775504
3,test,5364,2014-08-18,garch_1_1_t,innovation,0.0568047468153426,0.124275898996389,True,0,converged,2865,2500,0.1081217886181017,-0.6436383712412153,0.13924582171332872
3,test,5365,2014-08-19,garch_1_1_t,innovation,0.0539276977386832,0.12274164794441911,True,0,converged,2866,2500,0.1085975640029475,-0.7000047577057418,0.12243274683755559
3,test,5366,2014-08-20,garch_1_1_t,innovation,0.0563431751022404,0.11965911300567611,True,0,converged,2867,2500,0.1087253585138873,-0.6573639389631352,0.09582191939689734
3,test,5367,2014-08-21,garch_1_1_t,innovation,0.0554794635684378,0.11682689854787785,True,0,converged,2868,2500,0.109215228994632,-0.6773075867629741,0.06737282642173527
3,test,5368,2014-08-22,garch_1_1_t,innovation,0.0616842138952814,0.11365646555657653,True,0,converged,2869,2500,0.1080786650622311,-0.5608312966030892,0.05032109656149658
3,test,5369,2014-08-25,garch_1_1_t,innovation,0.0624327315091786,0.11304477696497739,True,0,converged,2870,2500,0.1095501948156542,-0.5622931630993702,0.03140115218450175
3,test,5370,2014-08-26,garch_1_1_t,innovation,0.0682537758662939,0.10995351455286592,True,0,converged,2871,2500,0.1085026970846034,-0.4635422740111605,0.013282650905876362
3,test,5371,2014-08-27,garch_1_1_t,innovation,0.0893910251645713,0.10725989667974017,True,0,converged,2872,2500,0.1085105909423152,-0.19382749310625505,-0.01159295030324086
3,test,5372,2014-08-28,garch_1_1_t,innovation,0.0936810586467551,0.10460716638066409,True,0,converged,2873,2500,0.0822547336800535,0.130075079565013,0.24039112119692363
3,test,5373,2014-08-29,garch_1_1_t,innovation,0.0933595938711127,0.10297629075871804,True,0,converged,2874,2500,0.0821565709351009,0.12783180950917714,0.22587194660240073
3,test,5374,2014-09-02,garch_1_1_t,innovation,0.0938106323152965,0.10063281367760289,True,0,converged,2875,2500,0.0781061678780002,0.18320917266032716,0.25340935634098066
3,test,5375,2014-09-03,garch_1_1_t,innovation,0.1055577320916601,0.09840906329832139,True,0,converged,2876,2500,0.0700588798510511,0.40992199764346293,0.33979687728885893
3,test,5376,2014-09-04,garch_1_1_t,innovation,0.1054341600827188,0.09655606864556565,True,0,converged,2877,2500,0.0702381190643068,0.4061955127838345,0.3182326915796377
3,test,5377,2014-09-05,garch_1_1_t,innovation,0.1112365366036563,0.097013727165512,True,0,converged,2878,2500,0.0693933002392894,0.4718685699160831,0.3350621611471355
3,test,5378,2014-09-08,garch_1_1_t,innovation,0.1109343034358647,0.09612237568490296,True,0,converged,2879,2500,0.0568586637264482,0.668369560326344,0.5250535215567887
3,test,5379,2014-09-09,garch_1_1_t,innovation,0.1218498056051664,0.0990688698388799,True,0,converged,2880,2500,0.0603129302201171,0.7032426724511044,0.49626875095998074
3,test,5380,2014-09-10,garch_1_1_t,innovation,0.1358580420827155,0.09853463223996221,True,0,converged,2881,2500,0.0615776102618321,0.7913121976806721,0.47010974803445466
3,test,5381,2014-09-11,garch_1_1_t,innovation,0.1532881035821289,0.0965660837059329,True,0,converged,2882,2500,0.0568773164848884,0.9914225748162494,0.5293309733693253
3,test,5382,2014-09-12,garch_1_1_t,innovation,0.1572429059672958,0.09891086581614757,True,0,converged,2883,2500,0.0582052338616906,0.9938165018883057,0.530243819699826
3,test,5383,2014-09-15,garch_1_1_t,innovation,0.167854421347131,0.09688355523317638,True,0,converged,2884,2500,0.0582613136807495,1.0581587642750858,0.5085714959933403
3,test,5384,2014-09-16,garch_1_1_t,innovation,0.1658178064041264,0.10163150258434203,True,0,converged,2885,2500,0.0568047468153426,1.0712697408952194,0.5817336589628184
3,test,5385,2014-09-17,garch_1_1_t,innovation,0.1674916966563762,0.09941928059774398,True,0,converged,2886,2500,0.0539276977386832,1.133289559205209,0.6117018460186058
3,test,5386,2014-09-18,garch_1_1_t,innovation,0.16645328203481,0.10065050095331503,True,0,converged,2887,2500,0.0563431751022404,1.083253564716109,0.5801930123022996
3,test,5387,2014-09-19,garch_1_1_t,innovation,0.171562217254238,0.09848196783864334,True,0,converged,2888,2500,0.0554794635684378,1.1289330571577236,0.5738605373090945
3,test,5388,2014-09-22,garch_1_1_t,innovation,0.1727793934407361,0.10344542183388496,True,0,converged,2889,2500,0.0616842138952814,1.02998755275048,0.5170161027572262
3,test,5389,2014-09-23,garch_1_1_t,innovation,0.1851658244613407,0.10465221579914767,True,0,converged,2890,2500,0.0624327315091786,1.0871620907707369,0.5165529408280731
3,test,5390,2014-09-24,garch_1_1_t,innovation,0.1848296402656501,0.1088219140164975,True,0,converged,2891,2500,0.0682537758662939,0.9962017808111924,0.46647997315024037
3,test,5391,2014-09-25,garch_1_1_t,innovation,0.1803077716012373,0.13167532689631348,True,0,converged,2892,2500,0.0893910251645713,0.7016449455211737,0.38731896048400577
3,test,5392,2014-09-26,garch_1_1_t,innovation,0.180172564653674,0.1326566565526818,True,0,converged,2893,2500,0.0936810586467551,0.6540190642629471,0.34786824075361134
3,test,5393,2014-09-29,garch_1_1_t,innovation,0.1801228104734283,0.12821885865058777,True,0,converged,2894,2500,0.0933595938711127,0.6571802608198823,0.31727999919585065
3,test,5394,2014-09-30,garch_1_1_t,innovation,0.184378589040037,0.12447328546843159,True,0,converged,2895,2500,0.0938106323152965,0.6757129923866919,0.282812917831805
3,test,5395,2014-10-01,garch_1_1_t,innovation,0.1779845503838258,0.13702270325481727,True,0,converged,2896,2500,0.1055577320916601,0.5224387240671362,0.26088860242548684
3,test,5396,2014-10-02,garch_1_1_t,innovation,0.179423210227479,0.1322436115333139,True,0,converged,2897,2500,0.1054341600827188,0.5316606351660706,0.22655908053043944
3,test,5397,2014-10-03,garch_1_1_t,innovation,0.1797530848370863,0.13794783530710694,True,0,converged,2898,2500,0.1112365366036563,0.47992526384362016,0.21521671424438624
3,test,5398,2014-10-06,garch_1_1_t,innovation,0.1797154082790584,0.13293785092278837,True,0,converged,2899,2500,0.1109343034358647,0.48243636941606843,0.1809435675593122
3,test,5399,2014-10-07,garch_1_1_t,innovation,0.1714658000158242,0.14834774901088854,True,0,converged,2900,2500,0.1218498056051664,0.34159464519430893,0.19676998841095028
3,test,5400,2014-10-08,garch_1_1_t,innovation,0.1615928436332248,0.1653334908056969,True,0,converged,2901,2500,0.1358580420827155,0.17346932828499945,0.1963540581366321
3,test,5401,2014-10-09,garch_1_1_t,innovation,0.1457975112690859,0.18579526116438308,True,0,converged,2902,2500,0.1532881035821289,-0.05010043071871035,0.19232614035629073
3,test,5402,2014-10-10,garch_1_1_t,innovation,0.1400263002425797,0.1860042434878065,True,0,converged,2903,2500,0.1572429059672958,-0.11596151763576006,0.16797770642616355
3,test,5403,2014-10-13,garch_1_1_t,innovation,0.1275733039395069,0.1952199126597448,True,0,converged,2904,2500,0.167854421347131,-0.27440593189359275,0.15102961621235117
3,test,5404,2014-10-14,garch_1_1_t,innovation,0.1275002571004617,0.18610149263728218,True,0,converged,2905,2500,0.1658178064041264,-0.2627712527524836,0.11540255041236298
3,test,5405,2014-10-15,garch_1_1_t,innovation,0.1252579836363584,0.1806033004581856,True,0,converged,2906,2500,0.1674916966563762,-0.2905582982944238,0.075369137942528
3,test,5406,2014-10-16,garch_1_1_t,innovation,0.1252848215953006,0.17252251439290173,True,0,converged,2907,2500,0.16645328203481,-0.2841249636142627,0.0358130645056783
3,test,5407,2014-10-17,garch_1_1_t,innovation,0.1181521372018595,0.17453854093258026,True,0,converged,2908,2500,0.171562217254238,-0.3729728912846286,0.017199598558801897
3,test,5408,2014-10-20,garch_1_1_t,innovation,0.1130861058454188,0.17336922982040345,True,0,converged,2909,2500,0.1727793934407361,-0.42386607116652636,0.003407998246509272
3,test,5409,2014-10-21,garch_1_1_t,innovation,0.0914179156464412,0.19115203687322016,True,0,converged,2910,2500,0.1851658244613407,-0.705810299148481,0.031817343937211466
3,test,5410,2014-10-22,garch_1_1_t,innovation,0.0880233776388336,0.18566285789687975,True,0,converged,2911,2500,0.1848296402656501,-0.741832103209291,0.0044978996341576575
3,test,5411,2014-10-23,garch_1_1_t,innovation,0.0781264291578581,0.18597526194314223,True,0,converged,2912,2500,0.1803077716012373,-0.8363368318933937,0.030948431558965366
3,test,5412,2014-10-24,garch_1_1_t,innovation,0.0756446092412871,0.18135126387997327,True,0,converged,2913,2500,0.180172564653674,-0.8678689056662162,0.006520750831944916
3,test,5413,2014-10-27,garch_1_1_t,innovation,0.0761394143286977,0.1735227531526755,True,0,converged,2914,2500,0.1801228104734283,-0.8610728397577286,-0.03733016577179191
3,test,5414,2014-10-28,garch_1_1_t,innovation,0.0645370273613629,0.17495274698760238,True,0,converged,2915,2500,0.184378589040037,-1.0497520661785102,-0.05247527263588438
3,test,5415,2014-10-29,garch_1_1_t,innovation,0.0649499106141263,0.1673958801267511,True,0,converged,2916,2500,0.1779845503838258,-1.0080803840389065,-0.061335204127432194
3,test,5416,2014-10-30,garch_1_1_t,innovation,0.0613245620157799,0.16316405391498215,True,0,converged,2917,2500,0.179423210227479,-1.073566870119385,-0.09499115782518915
3,test,5417,2014-10-31,garch_1_1_t,innovation,0.0523873193794974,0.1656117448025908,True,0,converged,2918,2500,0.1797530848370863,-1.2329195928069436,-0.0819379961163461
3,test,5418,2014-11-03,garch_1_1_t,innovation,0.057094810225509,0.1586492879493643,True,0,converged,2919,2500,0.1797154082790584,-1.1466613112606403,-0.1246785047378274
3,test,5419,2014-11-04,garch_1_1_t,innovation,0.0574217219538682,0.1529613904493379,True,0,converged,2920,2500,0.1714658000158242,-1.093961166911932,-0.11419829035997758
3,test,5420,2014-11-05,garch_1_1_t,innovation,0.0530395048903809,0.15007627598653403,True,0,converged,2921,2500,0.1615928436332248,-1.114042849470415,-0.0739361892310506
3,test,5421,2014-11-06,garch_1_1_t,innovation,0.0514369130957508,0.14536214016906018,True,0,converged,2922,2500,0.1457975112690859,-1.0418626816178285,-0.0029906027319452004
3,test,5422,2014-11-07,garch_1_1_t,innovation,0.056578900421481,0.13976313918189884,True,0,converged,2923,2500,0.1400263002425797,-0.9061941322064969,-0.0018811370352337638
3,test,5423,2014-11-10,garch_1_1_t,innovation,0.0555207505089306,0.1353337774210458,True,0,converged,2924,2500,0.1275733039395069,-0.8319342983274477,0.05905302011775551
3,test,5424,2014-11-11,garch_1_1_t,innovation,0.0797602467690375,0.13062028317110097,True,0,converged,2925,2500,0.1275002571004617,-0.46909316152720765,0.024176131301526814
3,test,5425,2014-11-12,garch_1_1_t,innovation,0.0816695125781503,0.12625269552876978,True,0,converged,2926,2500,0.1252579836363584,-0.42769471037605455,0.007909939109258492
3,test,5426,2014-11-13,garch_1_1_t,innovation,0.0999945270431763,0.12216119877926802,True,0,converged,2927,2500,0.1252848215953006,-0.2254742631322949,-0.025248244002387017
3,test,5427,2014-11-14,garch_1_1_t,innovation,0.1029414029251076,0.11819091131127092,True,0,converged,2928,2500,0.1181521372018595,-0.1378131696523074,0.0003281172008503907
3,test,5428,2014-11-17,garch_1_1_t,innovation,0.1068116237974082,0.11475815062659693,True,0,converged,2929,2500,0.1130861058454188,-0.057082769512650365,0.014677348673059438
3,test,5429,2014-11-18,garch_1_1_t,innovation,0.1254616567013778,0.11506716166215111,True,0,converged,2930,2500,0.0914179156464412,0.3165587147088197,0.23007449945751157
3,test,5430,2014-11-19,garch_1_1_t,innovation,0.1524040987553556,0.11198115064180444,True,0,converged,2931,2500,0.0880233776388336,0.5489331034261565,0.24072812510547803
3,test,5431,2014-11-20,garch_1_1_t,innovation,0.1530209748866895,0.10919709414378276,True,0,converged,2932,2500,0.0781264291578581,0.6722466016492018,0.3348260514419914
3,test,5432,2014-11-21,garch_1_1_t,innovation,0.1527152489191577,0.10973355710414755,True,0,converged,2933,2500,0.0756446092412871,0.7025288906925087,0.372009040864199
3,test,5433,2014-11-24,garch_1_1_t,innovation,0.1524661772346396,0.10770924263776996,True,0,converged,2934,2500,0.0761394143286977,0.6943767239304642,0.3468693399508992
3,test,5434,2014-11-25,garch_1_1_t,innovation,0.1524449124430463,0.10523566935792866,True,0,converged,2935,2500,0.0645370273613629,0.8595641742005968,0.48896317846671394
3,test,5435,2014-11-26,garch_1_1_t,innovation,0.1526033544506124,0.10352144478907327,True,0,converged,2936,2500,0.0649499106141263,0.8542257337020611,0.46616242038324573
3,test,5436,2014-11-28,garch_1_1_t,innovation,0.1524919229763309,0.10165917233927926,True,0,converged,2937,2500,0.0613245620157799,0.9109311824535871,0.5054453224250275
3,test,5437,2014-12-01,garch_1_1_t,innovation,0.1516765098719899,0.10539825573139353,True,0,converged,2938,2500,0.0523873193794974,1.0630854629651654,0.6990815214656896
3,test,5438,2014-12-02,garch_1_1_t,innovation,0.1540770538905998,0.10779707873642945,True,0,converged,2939,2500,0.057094810225509,0.9927396039085156,0.6355373358769838
3,test,5439,2014-12-03,garch_1_1_t,innovation,0.1534721511335981,0.10675113026810971,True,0,converged,2940,2500,0.0574217219538682,0.9830964617373078,0.620077577053808
3,test,5440,2014-12-04,garch_1_1_t,innovation,0.1662306071147903,0.10417173983346097,True,0,converged,2941,2500,0.0530395048903809,1.142339012610227,0.6750038705355199
3,test,5441,2014-12-05,garch_1_1_t,innovation,0.1696324453541363,0.10198409074295263,True,0,converged,2942,2500,0.0514369130957508,1.1932779418893742,0.6844607596848568
3,test,5442,2014-12-08,garch_1_1_t,innovation,0.1736124628975583,0.10522312074921523,True,0,converged,2943,2500,0.056578900421481,1.1211894588988522,0.6204469235055744
3,test,5443,2014-12-09,garch_1_1_t,innovation,0.1844820342320939,0.10289504667111847,True,0,converged,2944,2500,0.0555207505089306,1.200795249384146,0.6169526704551169
3,test,5444,2014-12-10,garch_1_1_t,innovation,0.1776476153742874,0.128910774120886,True,0,converged,2945,2500,0.0797602467690375,0.8007766796659601,0.4800952720202574
3,test,5445,2014-12-11,garch_1_1_t,innovation,0.178929288713588,0.12691097452413516,True,0,converged,2946,2500,0.0816695125781503,0.7843099235090455,0.4408050834875281
3,test,5446,2014-12-12,garch_1_1_t,innovation,0.1696192065406028,0.14700963113432203,True,0,converged,2947,2500,0.0999945270431763,0.5284405081358537,0.38538264763095226
3,test,5447,2014-12-15,garch_1_1_t,innovation,0.1692155879187775,0.1451477848345939,True,0,converged,2948,2500,0.1029414029251076,0.49701364740538445,0.34359250643602235
3,test,5448,2014-12-16,garch_1_1_t,innovation,0.169953530872144,0.145031223128825,True,0,converged,2949,2500,0.1068116237974082,0.46445829421486573,0.30588229350475865
3,test,5449,2014-12-17,garch_1_1_t,innovation,0.162091603120042,0.1699080732994793,True,0,converged,2950,2500,0.1254616567013778,0.25616143918531503,0.3032573578996428
3,test,5450,2014-12-18,garch_1_1_t,innovation,0.1371518611480108,0.20415185811918962,True,0,converged,2951,2500,0.1524040987553556,-0.10544675015539934,0.2923285818480416
3,test,5451,2014-12-19,garch_1_1_t,innovation,0.137499577778456,0.19483682298714647,True,0,converged,2952,2500,0.1530209748866895,-0.1069541563592588,0.24158740029368264
3,test,5452,2014-12-22,garch_1_1_t,innovation,0.1462411780825889,0.18660279594223567,True,0,converged,2953,2500,0.1527152489191577,-0.04331790569495521,0.20040720272951998
3,test,5453,2014-12-23,garch_1_1_t,innovation,0.1474599166658001,0.17783960517241593,True,0,converged,2954,2500,0.1524661772346396,-0.033386395392955175,0.15393926670194324
3,test,5454,2014-12-24,garch_1_1_t,innovation,0.1476931134307591,0.16960121194147493,True,0,converged,2955,2500,0.1524449124430463,-0.0316667378403989,0.10664656830703619
3,test,5455,2014-12-26,garch_1_1_t,innovation,0.1546099926499969,0.1628500123211224,True,0,converged,2956,2500,0.1526033544506124,0.013063668983713372,0.06498750678977305
3,test,5456,2014-12-29,garch_1_1_t,innovation,0.1611848791177497,0.15580357991867114,True,0,converged,2957,2500,0.1524919229763309,0.05544039311858791,0.021484480272621648
3,test,5457,2014-12-30,garch_1_1_t,innovation,0.1633484609629127,0.15158033367581633,True,0,converged,2958,2500,0.1516765098719899,0.07413568785626039,-0.0006342887321050726
3,test,5458,2014-12-31,garch_1_1_t,innovation,0.1656738288975758,0.15355697616109681,True,0,converged,2959,2500,0.1540770538905998,0.07256814205686012,-0.0033811488597895296
3,test,5459,2015-01-02,garch_1_1_t,innovation,0.1713271261314742,0.14712288665301648,True,0,converged,2960,2500,0.1534721511335981,0.11005562259830944,-0.042250923546123205
3,test,5460,2015-01-05,garch_1_1_t,innovation,0.1669011535932344,0.16736720581688105,True,0,converged,2961,2500,0.1662306071147903,0.004025718728317744,0.006814211940532089
3,test,5461,2015-01-06,garch_1_1_t,innovation,0.1638996262757188,0.16707095528970956,True,0,converged,2962,2500,0.1696324453541363,-0.034379804665182985,-0.015215406061133795
3,test,5462,2015-01-07,garch_1_1_t,innovation,0.161869242603284,0.17128379377343844,True,0,converged,2963,2500,0.1736124628975583,-0.07003672564219571,-0.013503796956503335
3,test,5463,2015-01-08,garch_1_1_t,innovation,0.1496667401185435,0.18578218171076455,True,0,converged,2964,2500,0.1844820342320939,-0.20914099345967832,0.0070228381048882
3,test,5464,2015-01-09,garch_1_1_t,innovation,0.1477767308761599,0.18136538063380875,True,0,converged,2965,2500,0.1776476153742874,-0.18409933965158556,0.020711774799708125
3,test,5465,2015-01-12,garch_1_1_t,innovation,0.1499124013426392,0.17742734895834478,True,0,converged,2966,2500,0.178929288713588,-0.17693956021621438,-0.008429469188645683
3,test,5466,2015-01-13,garch_1_1_t,innovation,0.1495926869099072,0.16967083513766876,True,0,converged,2967,2500,0.1696192065406028,-0.1256397830045538,0.00030433311398744947
3,test,5467,2015-01-14,garch_1_1_t,innovation,0.1518885279537053,0.16473089410545333,True,0,converged,2968,2500,0.1692155879187775,-0.1080266870339496,-0.02686037246142545
3,test,5468,2015-01-15,garch_1_1_t,innovation,0.1490488325805143,0.16408782981180292,True,0,converged,2969,2500,0.169953530872144,-0.13125106418139726,-0.0351232197703324
3,test,5469,2015-01-16,garch_1_1_t,innovation,0.1418014157601218,0.1697946781769942,True,0,converged,2970,2500,0.162091603120042,-0.1337340285311408,0.046428304888982044
3,test,5470,2015-01-20,garch_1_1_t,innovation,0.1416047332530541,0.16258888782093653,True,0,converged,2971,2500,0.1371518611480108,0.031950820173628984,0.17013606673806866
3,test,5471,2015-01-21,garch_1_1_t,innovation,0.140483869306161,0.15740494011016265,True,0,converged,2972,2500,0.137499577778456,0.021471826574126926,0.13520087479725168
3,test,5472,2015-01-22,garch_1_1_t,innovation,0.1320616816075771,0.16770906752005915,True,0,converged,2973,2500,0.1462411780825889,-0.10198806514111627,0.13697357376471248
3,test,5473,2015-01-23,garch_1_1_t,innovation,0.1306126418087685,0.16244164030653171,True,0,converged,2974,2500,0.1474599166658001,-0.12132037734955953,0.09676241325915581
3,test,5474,2015-01-26,garch_1_1_t,innovation,0.1307380634458273,0.15581664207370782,True,0,converged,2975,2500,0.1476931134307591,-0.12194075724594111,0.053543381570369405
3,test,5475,2015-01-27,garch_1_1_t,innovation,0.1219833216845844,0.16318509366101594,True,0,converged,2976,2500,0.1546099926499969,-0.2370214416909854,0.053979330921515245
3,test,5476,2015-01-28,garch_1_1_t,innovation,0.1131305522625557,0.16887236933714997,True,0,converged,2977,2500,0.1611848791177497,-0.3540095420841325,0.04659119491101575
3,test,5477,2015-01-29,garch_1_1_t,innovation,0.1089873539371416,0.16773041545716777,True,0,converged,2978,2500,0.1633484609629127,-0.4046538597149282,0.026472304355675248
3,test,5478,2015-01-30,garch_1_1_t,innovation,0.1017796617634032,0.17230067557186582,True,0,converged,2979,2500,0.1656738288975758,-0.48721067133377266,0.039220095154659095
3,test,5479,2015-02-02,garch_1_1_t,innovation,0.093077419985785,0.1757440588633914,True,0,converged,2980,2500,0.1713271261314742,-0.6101431275208997,0.025453978317514513
3,test,5480,2015-02-03,garch_1_1_t,innovation,0.0793149908144812,0.18252914189784392,True,0,converged,2981,2500,0.1669011535932344,-0.7439745924768744,0.08950809938013982
3,test,5481,2015-02-04,garch_1_1_t,innovation,0.078246778435587,0.1749192173690687,True,0,converged,2982,2500,0.1638996262757188,-0.7393865471297218,0.06507004676237388
3,test,5482,2015-02-05,garch_1_1_t,innovation,0.0859026167270998,0.17419065864221855,True,0,converged,2983,2500,0.161869242603284,-0.6335745738847373,0.073361573761699
3,test,5483,2015-02-06,garch_1_1_t,innovation,0.0865919853747772,0.16666118095687896,True,0,converged,2984,2500,0.1496667401185435,-0.5472038261935769,0.10755180510986719
3,test,5484,2015-02-09,garch_1_1_t,innovation,0.1030285879726618,0.16090237554217507,True,0,converged,2985,2500,0.1477767308761599,-0.3606960567062943,0.0850952584221102
3,test,5485,2015-02-10,garch_1_1_t,innovation,0.0962765238684172,0.16269427820822993,True,0,converged,2986,2500,0.1499124013426392,-0.44282662459439004,0.08182171340569828
3,test,5486,2015-02-11,garch_1_1_t,innovation,0.1061891255444,0.1555308390898435,True,0,converged,2987,2500,0.1495926869099072,-0.3426944724921934,0.03892785402379997
3,test,5487,2015-02-12,garch_1_1_t,innovation,0.1029602450094015,0.15651901824949052,True,0,converged,2988,2500,0.1518885279537053,-0.3888039401330298,0.030030641883664416
3,test,5488,2015-02-13,garch_1_1_t,innovation,0.1123034989578225,0.1511815720937522,True,0,converged,2989,2500,0.1490488325805143,-0.2830689691946472,0.014207590939295238
3,test,5489,2015-02-17,garch_1_1_t,innovation,0.1126614270232277,0.14515581865091942,True,0,converged,2990,2500,0.1418014157601218,-0.230040498229659,0.023380178572580127
3,test,5490,2015-02-18,garch_1_1_t,innovation,0.1203815050959256,0.13936532596797843,True,0,converged,2991,2500,0.1416047332530541,-0.16237369871422214,-0.015940877919131048
3,test,5491,2015-02-19,garch_1_1_t,innovation,0.1214438269887175,0.1341245316713653,True,0,converged,2992,2500,0.140483869306161,-0.14564084641141214,-0.04632396376173188
3,test,5492,2015-02-20,garch_1_1_t,innovation,0.1235767946424335,0.132728120875386,True,0,converged,2993,2500,0.1320616816075771,-0.06640631656286847,0.005033733691946517
3,test,5493,2015-02-23,garch_1_1_t,innovation,0.1237696219314665,0.12783615202280232,True,0,converged,2994,2500,0.1306126418087685,-0.05381406013922447,-0.02148662846274147
3,test,5494,2015-02-24,garch_1_1_t,innovation,0.1249689218369663,0.12417369804780272,True,0,converged,2995,2500,0.1307380634458273,-0.04513072473459623,-0.05151442969915764
3,test,5495,2015-02-25,garch_1_1_t,innovation,0.1354770961747354,0.12006571007189885,True,0,converged,2996,2500,0.1219833216845844,0.10491826622695115,-0.015845151039364354
3,test,5496,2015-02-26,garch_1_1_t,innovation,0.135676291389249,0.11654089314167895,True,0,converged,2997,2500,0.1131305522625557,0.18172935656954253,0.0296997439167449
3,test,5497,2015-02-27,garch_1_1_t,innovation,0.1353784198115381,0.11429114586888496,True,0,converged,2998,2500,0.1089873539371416,0.21684211019470814,0.04751724726289494
3,test,5498,2015-03-02,garch_1_1_t,innovation,0.1402888108596878,0.11544264945546012,True,0,converged,2999,2500,0.1017796617634032,0.3208929344510527,0.12596356719073692
3,test,5499,2015-03-03,garch_1_1_t,innovation,0.1429641397667498,0.11389453098337818,True,0,converged,3000,2500,0.093077419985785,0.4291622081444961,0.20184123354581276
3,test,5500,2015-03-04,garch_1_1_t,innovation,0.1427306733121168,0.11269565964076016,True,0,converged,3001,2500,0.0793149908144812,0.5875323009640405,0.35126375774996005
3,test,5501,2015-03-05,garch_1_1_t,innovation,0.1432386355305345,0.10988332067906921,True,0,converged,3002,2500,0.078246778435587,0.6046443609071268,0.3395514233097814
3,test,5502,2015-03-06,garch_1_1_t,innovation,0.1362386135647382,0.12887576610184334,True,0,converged,3003,2500,0.0859026167270998,0.4611935688770865,0.4056345958466153
3,test,5503,2015-03-09,garch_1_1_t,innovation,0.1357714819874942,0.1260057190642644,True,0,converged,3004,2500,0.0865919853747772,0.4497659293291733,0.37512003167010843
3,test,5504,2015-03-10,garch_1_1_t,innovation,0.1233078689620185,0.14706356206772125,True,0,converged,3005,2500,0.1030285879726618,0.17967772492567904,0.35585838548993154
3,test,5505,2015-03-11,garch_1_1_t,innovation,0.1240309178955625,0.1414032971943856,True,0,converged,3006,2500,0.0962765238684172,0.2533063645293537,0.3843915635334091
3,test,5506,2015-03-12,garch_1_1_t,innovation,0.1172420149525509,0.15001740487785592,True,0,converged,3007,2500,0.1061891255444,0.0990185946959489,0.3455296123227998
3,test,5507,2015-03-13,garch_1_1_t,innovation,0.116300401420178,0.14699845107843043,True,0,converged,3008,2500,0.1029602450094015,0.12183356816967462,0.3560791069005658
3,test,5508,2015-03-16,garch_1_1_t,innovation,0.1065267650207923,0.1562268989867072,True,0,converged,3009,2500,0.1123034989578225,-0.05280875017253572,0.3301044127040908
3,test,5509,2015-03-17,garch_1_1_t,innovation,0.1071859567380524,0.1500843118416915,True,0,converged,3010,2500,0.1126614270232277,-0.04982186054498132,0.2868101151111755
3,test,5510,2015-03-18,garch_1_1_t,innovation,0.0984409912340179,0.1559439151350686,True,0,converged,3011,2500,0.1203815050959256,-0.2012086140197386,0.25883051532729295
3,test,5511,2015-03-19,garch_1_1_t,innovation,0.1054230637168326,0.15093953187472622,True,0,converged,3012,2500,0.1214438269887175,-0.14147039355020066,0.2174274788897047
3,test,5512,2015-03-20,garch_1_1_t,innovation,0.1057516408663064,0.15123360546000664,True,0,converged,3013,2500,0.1235767946424335,-0.1557694475135348,0.20196291559728813
3,test,5513,2015-03-23,garch_1_1_t,innovation,0.1056094787871063,0.14525201537904606,True,0,converged,3014,2500,0.1237696219314665,-0.1586738214562798,0.1600483209370838
3,test,5514,2015-03-24,garch_1_1_t,innovation,0.1051479123705566,0.14217850343246494,True,0,converged,3015,2500,0.1249689218369663,-0.17269703295658925,0.12901825349495585
3,test,5515,2015-03-25,garch_1_1_t,innovation,0.0915955260775378,0.15550865469389377,True,0,converged,3016,2500,0.1354770961747354,-0.39142016557247794,0.1378987931544643
3,test,5516,2015-03-26,garch_1_1_t,innovation,0.0915740417325917,0.14928399633724712,True,0,converged,3017,2500,0.135676291389249,-0.39312399383961993,0.09557866932942359
3,test,5517,2015-03-27,garch_1_1_t,innovation,0.092404576841154,0.1435707151039539,True,0,converged,3018,2500,0.1353784198115381,-0.381897456433983,0.05875373523248917
3,test,5518,2015-03-30,garch_1_1_t,innovation,0.0825398810916796,0.15064914187521197,True,0,converged,3019,2500,0.1402888108596878,-0.5304216486845336,0.07125033701804075
3,test,5519,2015-03-31,garch_1_1_t,innovation,0.077821290036875,0.1509522720192733,True,0,converged,3020,2500,0.1429641397667498,-0.6081787833413927,0.054369879559012006
3,test,5520,2015-04-01,garch_1_1_t,innovation,0.0847113132209644,0.14579938062443146,True,0,converged,3021,2500,0.1427306733121168,-0.521710290141087,0.021272120433941322
3,test,5521,2015-04-02,garch_1_1_t,innovation,0.0920910759821593,0.14103859159733984,True,0,converged,3022,2500,0.1432386355305345,-0.4417339756343889,-0.015478467126363289
3,test,5522,2015-04-06,garch_1_1_t,innovation,0.089505225402876,0.13971842274175975,True,0,converged,3023,2500,0.1362386135647382,-0.4201108519179299,0.02522127128309684
3,test,5523,2015-04-07,garch_1_1_t,innovation,0.0979509521945659,0.135118062851172,True,0,converged,3024,2500,0.1357714819874942,-0.3265063274052079,-0.0048242570896390845
3,test,5524,2015-04-08,garch_1_1_t,innovation,0.0983238745491948,0.1312509845124042,True,0,converged,3025,2500,0.1233078689620185,-0.22641735575728938,0.06242717471328098
3,test,5525,2015-04-09,garch_1_1_t,innovation,0.0980776685965242,0.12844424253985345,True,0,converged,3026,2500,0.1240309178955625,-0.23477117091453184,0.034964027580355266
3,test,5526,2015-04-10,garch_1_1_t,innovation,0.1067788859754798,0.12703817621464497,True,0,converged,3027,2500,0.1172420149525509,-0.0934800921345012,0.0802473391455512
3,test,5527,2015-04-13,garch_1_1_t,innovation,0.1069302058248868,0.12470957422975358,True,0,converged,3028,2500,0.116300401420178,-0.08400017148786885,0.06981111673327847
3,test,5528,2015-04-14,garch_1_1_t,innovation,0.1072347997245766,0.12091302006405445,True,0,converged,3029,2500,0.1065267650207923,0.006624551929616856,0.126675176335354
3,test,5529,2015-04-15,garch_1_1_t,innovation,0.1060529977247174,0.11923546439364086,True,0,converged,3030,2500,0.1071859567380524,-0.010626291777992222,0.10653499098429946
3,test,5530,2015-04-16,garch_1_1_t,innovation,0.1122588449601267,0.11563337620883288,True,0,converged,3031,2500,0.0984409912340179,0.13135002559488143,0.16096734120059394
3,test,5531,2015-04-17,garch_1_1_t,innovation,0.1045471945703835,0.12637980218424655,True,0,converged,3032,2500,0.1054230637168326,-0.0083428408751556,0.18131024308608185
3,test,5532,2015-04-20,garch_1_1_t,innovation,0.1000454430255641,0.13032011143986122,True,0,converged,3033,2500,0.1057516408663064,-0.055468821250688444,0.2089004851459406
3,test,5533,2015-04-21,garch_1_1_t,innovation,0.099962754927953,0.12584329573636854,True,0,converged,3034,2500,0.1056094787871063,-0.05495046259477399,0.17528931981652912
3,test,5534,2015-04-22,garch_1_1_t,innovation,0.0984684998011506,0.12409097980034922,True,0,converged,3035,2500,0.1051479123705566,-0.06563135007069079,0.16564695651114383
3,test,5535,2015-04-23,garch_1_1_t,innovation,0.0986054753118487,0.12074354912581707,True,0,converged,3036,2500,0.0915955260775378,0.07374436207395821,0.27628643917792295
3,test,5536,2015-04-24,garch_1_1_t,innovation,0.0986277729391574,0.11767153122243634,True,0,converged,3037,2500,0.0915740417325917,0.07420505043761391,0.2507492649248094
3,test,5537,2015-04-27,garch_1_1_t,innovation,0.1047902632543864,0.1161107562294439,True,0,converged,3038,2500,0.092404576841154,0.12578434935889887,0.22836802032704112
3,test,5538,2015-04-28,garch_1_1_t,innovation,0.1094467929348563,0.11382359699035412,True,0,converged,3039,2500,0.0825398810916796,0.28215693818476756,0.32136827141229185
3,test,5539,2015-04-29,garch_1_1_t,innovation,0.108537836244856,0.11266088667861819,True,0,converged,3040,2500,0.077821290036875,0.3326837887338175,0.3699672592215094
3,test,5540,2015-04-30,garch_1_1_t,innovation,0.1048420675987773,0.12061173811414652,True,0,converged,3041,2500,0.0847113132209644,0.21320593885667646,0.3533274496470544
3,test,5541,2015-05-01,garch_1_1_t,innovation,0.0978720850968505,0.12864958789089856,True,0,converged,3042,2500,0.0920910759821593,0.06088332827743201,0.3343142916939615
3,test,5542,2015-05-04,garch_1_1_t,innovation,0.0974140289098886,0.12509679574848714,True,0,converged,3043,2500,0.089505225402876,0.08467322629283679,0.3347907956573643
3,test,5543,2015-05-05,garch_1_1_t,innovation,0.0889160219452957,0.1339575955292893,True,0,converged,3044,2500,0.0979509521945659,-0.09677451493625855,0.3130564330214895
3,test,5544,2015-05-06,garch_1_1_t,innovation,0.0927312981568622,0.1307996401911741,True,0,converged,3045,2500,0.0983238745491948,-0.05856082798665197,0.2853998161673933
3,test,5545,2015-05-07,garch_1_1_t,innovation,0.0918490038089799,0.12796447875122557,True,0,converged,3046,2500,0.0980776685965242,-0.06561373572281436,0.26599301417218474
3,test,5546,2015-05-08,garch_1_1_t,innovation,0.0822185743463856,0.13991679057824635,True,0,converged,3047,2500,0.1067788859754798,-0.26137896830237006,0.2702876827763181
3,test,5547,2015-05-11,garch_1_1_t,innovation,0.0804292855254069,0.13687398912842236,True,0,converged,3048,2500,0.1069302058248868,-0.2847979819318082,0.24688437555733167
3,test,5548,2015-05-12,garch_1_1_t,innovation,0.0902689210319504,0.13260078505609355,True,0,converged,3049,2500,0.1072347997245766,-0.1722275936912856,0.2123221779635378
3,test,5549,2015-05-13,garch_1_1_t,innovation,0.0909863802026697,0.12786598324419807,True,0,converged,3050,2500,0.1060529977247174,-0.15322912048658358,0.1870437618218335
3,test,5550,2015-05-14,garch_1_1_t,innovation,0.0875599304081284,0.1339172682570171,True,0,converged,3051,2500,0.1122588449601267,-0.24848384262655052,0.1764148877231311
3,test,5551,2015-05-15,garch_1_1_t,innovation,0.0887936567343997,0.1293230897028795,True,0,converged,3052,2500,0.1045471945703835,-0.16332337786165246,0.21267525235303136
3,test,5552,2015-05-18,garch_1_1_t,innovation,0.0901967951778597,0.12583688874509533,True,0,converged,3053,2500,0.1000454430255641,-0.10363061676314694,0.22936202152814247
3,test,5553,2015-05-19,garch_1_1_t,innovation,0.0903714273964174,0.1217348048042029,True,0,converged,3054,2500,0.099962754927953,-0.10086951707641023,0.1970472817467694
3,test,5554,2015-05-20,garch_1_1_t,innovation,0.0975163131240161,0.11797382365370827,True,0,converged,3055,2500,0.0984684998011506,-0.009717019957523993,0.18072606835548022
3,test,5555,2015-05-21,garch_1_1_t,innovation,0.0982458055462963,0.11535684285781139,True,0,converged,3056,2500,0.0986054753118487,-0.003654232415652302,0.1569035148117582
3,test,5556,2015-05-22,garch_1_1_t,innovation,0.0995447446395401,0.112682965421742,True,0,converged,3057,2500,0.0986277729391574,0.00925434319468387,0.13322536510156072
3,test,5557,2015-05-26,garch_1_1_t,innovation,0.0918868697776614,0.12213403033273124,True,0,converged,3058,2500,0.1047902632543864,-0.13140271564578174,0.1531581912956356
3,test,5558,2015-05-27,garch_1_1_t,innovation,0.0893766005362656,0.12716891180755277,True,0,converged,3059,2500,0.1094467929348563,-0.2025796129417706,0.1500776951121459
3,test,5559,2015-05-28,garch_1_1_t,innovation,0.0899386044058351,0.12294165202844115,True,0,converged,3060,2500,0.108537836244856,-0.18797156906646317,0.1246110357269103
3,test,5560,2015-05-29,garch_1_1_t,innovation,0.0871782147551351,0.12291523770285208,True,0,converged,3061,2500,0.1048420675987773,-0.18450063081714013,0.15903989372059307
3,test,5561,2015-06-01,garch_1_1_t,innovation,0.1149219760740503,0.11950789607092184,True,0,converged,3062,2500,0.0978720850968505,0.16059205720707687,0.19972107312526885
3,test,5562,2015-06-02,garch_1_1_t,innovation,0.1151073341784553,0.11608830346730294,True,0,converged,3063,2500,0.0974140289098886,0.16689479949486424,0.17538090404067255
3,test,5563,2015-06-03,garch_1_1_t,innovation,0.118171921818475,0.11344667103402314,True,0,converged,3064,2500,0.0889160219452957,0.2844481780480067,0.24364051713424892
3,test,5564,2015-06-04,garch_1_1_t,innovation,0.1143143334565366,0.1182563665622481,True,0,converged,3065,2500,0.0927312981568622,0.20924592097475217,0.24314882173934063
3,test,5565,2015-06-05,garch_1_1_t,innovation,0.1146001494061047,0.11500060669628591,True,0,converged,3066,2500,0.0918490038089799,0.22130314224237027,0.22479143821360117
3,test,5566,2015-06-08,garch_1_1_t,innovation,0.1146687546987339,0.11590984028689987,True,0,converged,3067,2500,0.0822185743463856,0.33266633630115683,0.34343140817324797
3,test,5567,2015-06-09,garch_1_1_t,innovation,0.1294436438386278,0.11253883841276298,True,0,converged,3068,2500,0.0804292855254069,0.4758672460155864,0.3359200347106361
3,test,5568,2015-06-10,garch_1_1_t,innovation,0.1224986986006028,0.12460118445485899,True,0,converged,3069,2500,0.0902689210319504,0.3053071796970287,0.3223248858036559
3,test,5569,2015-06-11,garch_1_1_t,innovation,0.1298011252342318,0.12167765579138688,True,0,converged,3070,2500,0.0909863802026697,0.35529364600431956,0.2906655551957458
3,test,5570,2015-06-12,garch_1_1_t,innovation,0.1327492609856731,0.12390068066371586,True,0,converged,3071,2500,0.0875599304081284,0.416138615279968,0.3471568044102174
3,test,5571,2015-06-15,garch_1_1_t,innovation,0.1327634127433335,0.12204055808746861,True,0,converged,3072,2500,0.0887936567343997,0.4022534783571778,0.31803821855064074
3,test,5572,2015-06-16,garch_1_1_t,innovation,0.1313587246686179,0.1213823328676972,True,0,converged,3073,2500,0.0901967951778597,0.3759380407248244,0.29695144350402874
3,test,5573,2015-06-17,garch_1_1_t,innovation,0.1342648464018739,0.1178877203016086,True,0,converged,3074,2500,0.0903714273964174,0.39588616618384337,0.26580449979846926
3,test,5574,2015-06-18,garch_1_1_t,innovation,0.1291797581196444,0.12540524122208513,True,0,converged,3075,2500,0.0975163131240161,0.2811852300729162,0.25153074525394514
3,test,5575,2015-06-19,garch_1_1_t,innovation,0.1282240521617518,0.12331023254156112,True,0,converged,3076,2500,0.0982458055462963,0.26630658305812765,0.22723083751225012
3,test,5576,2015-06-22,garch_1_1_t,innovation,0.1277101786467641,0.12197413535969877,True,0,converged,3077,2500,0.0995447446395401,0.24915622940243784,0.20320177905673434
3,test,5577,2015-06-23,garch_1_1_t,innovation,0.1278445664002315,0.11821334626289098,True,0,converged,3078,2500,0.0918868697776614,0.3302570569844425,0.2519328670965018
3,test,5578,2015-06-24,garch_1_1_t,innovation,0.1267925845444411,0.12033740565853392,True,0,converged,3079,2500,0.0893766005362656,0.3496936498303981,0.29744060217792
3,test,5579,2015-06-25,garch_1_1_t,innovation,0.1316407108951114,0.11761636873823478,True,0,converged,3080,2500,0.0899386044058351,0.3809490600819574,0.2683009514537711
3,test,5580,2015-06-26,garch_1_1_t,innovation,0.1332579674572042,0.1142364163517274,True,0,converged,3081,2500,0.0871782147551351,0.4243323856459614,0.2703156597167805
3,test,5581,2015-06-29,garch_1_1_t,innovation,0.1182218406628296,0.15332741796401525,True,0,converged,3082,2500,0.1149219760740503,0.028309435906344063,0.2883221923975566
3,test,5582,2015-06-30,garch_1_1_t,innovation,0.1204721970146835,0.14723651781362207,True,0,converged,3083,2500,0.1151073341784553,0.0455539623859228,0.24617522474637493
3,test,5583,2015-07-01,garch_1_1_t,innovation,0.1170945062751217,0.14678098712561338,True,0,converged,3084,2500,0.118171921818475,-0.009159173998159001,0.21680106361352325
3,test,5584,2015-07-02,garch_1_1_t,innovation,0.1171734744673753,0.14100290532765053,True,0,converged,3085,2500,0.1143143334565366,0.02470355944887995,0.20982853031850762
3,test,5585,2015-07-06,garch_1_1_t,innovation,0.1173504476585392,0.13644918351864135,True,0,converged,3086,2500,0.1146001494061047,0.023715629021551905,0.1745031553982031
3,test,5586,2015-07-07,garch_1_1_t,innovation,0.1154307246080951,0.13518416901004,True,0,converged,3087,2500,0.1146687546987339,0.006622984953326497,0.16459048551044508
3,test,5587,2015-07-08,garch_1_1_t,innovation,0.0992655328776698,0.1549848195654342,True,0,converged,3088,2500,0.1294436438386278,-0.2654471938389701,0.18008157012864265
3,test,5588,2015-07-09,garch_1_1_t,innovation,0.1032673628501118,0.14884196582161263,True,0,converged,3089,2500,0.1224986986006028,-0.17077902535929615,0.19478470474771742
3,test,5589,2015-07-10,garch_1_1_t,innovation,0.0934760934891216,0.1558088627835396,True,0,converged,3090,2500,0.1298011252342318,-0.3282977542238169,0.182626544246782
3,test,5590,2015-07-13,garch_1_1_t,innovation,0.0958900272726377,0.15910348471784916,True,0,converged,3091,2500,0.1327492609856731,-0.3252601075622195,0.1810927446494265
3,test,5591,2015-07-14,garch_1_1_t,innovation,0.0999696907019772,0.1539508716525987,True,0,converged,3092,2500,0.1327634127433335,-0.28370164556675453,0.148064843641919
3,test,5592,2015-07-15,garch_1_1_t,innovation,0.1000530049159669,0.1475587657643722,True,0,converged,3093,2500,0.1313587246686179,-0.27223184226192715,0.11629457141349674
3,test,5593,2015-07-16,garch_1_1_t,innovation,0.0960484750584088,0.147210240033583,True,0,converged,3094,2500,0.1342648464018739,-0.3349613024487368,0.09204745432269121
3,test,5594,2015-07-17,garch_1_1_t,innovation,0.0968650961756509,0.14140485220891294,True,0,converged,3095,2500,0.1291797581196444,-0.2878856587519289,0.09042216018025051
3,test,5595,2015-07-20,garch_1_1_t,innovation,0.0988458732224413,0.13608551576641548,True,0,converged,3096,2500,0.1282240521617518,-0.2602173403864379,0.05950433927362184
3,test,5596,2015-07-21,garch_1_1_t,innovation,0.0983821714271141,0.13266651896447954,True,0,converged,3097,2500,0.1277101786467641,-0.2609038643958196,0.038075135928339776
3,test,5597,2015-07-22,garch_1_1_t,innovation,0.1021376350933824,0.1283901137706763,True,0,converged,3098,2500,0.1278445664002315,-0.22449393365952935,0.004258191704664438
3,test,5598,2015-07-23,garch_1_1_t,innovation,0.1250648559648453,0.12753613118991614,True,0,converged,3099,2500,0.1267925845444411,-0.013720108316172258,0.005847147552816373
3,test,5599,2015-07-24,garch_1_1_t,innovation,0.1638131237610726,0.13363880581280743,True,0,converged,3100,2500,0.1316407108951114,0.21864996449328436,0.015064357239478684
3,test,5600,2015-07-27,garch_1_1_t,innovation,0.2199138428580392,0.13201562112622897,True,0,converged,3101,2500,0.1332579674572042,0.5009489917171029,-0.009366597108353983
3,test,5601,2015-07-28,garch_1_1_t,innovation,0.2198391315575895,0.14098490523748683,True,0,converged,3102,2500,0.1182218406628296,0.6203331936036096,0.1760899645099856
3,test,5602,2015-07-29,garch_1_1_t,innovation,0.2561667564109937,0.13975773435072866,True,0,converged,3103,2500,0.1204721970146835,0.7544096285063663,0.1484914585552283
3,test,5603,2015-07-30,garch_1_1_t,innovation,0.2704499788107197,0.13448377630437494,True,0,converged,3104,2500,0.1170945062751217,0.8371058052814171,0.13846221480635687
3,test,5604,2015-07-31,garch_1_1_t,innovation,0.2703962776949788,0.12999177225749664,True,0,converged,3105,2500,0.1171734744673753,0.8362330536962223,0.10381563366881709
3,test,5605,2015-08-03,garch_1_1_t,innovation,0.2716604891855252,0.1266376874503232,True,0,converged,3106,2500,0.1173504476585392,0.8393883481002956,0.07616541757097876
3,test,5606,2015-08-04,garch_1_1_t,innovation,0.2920972426515595,0.12290177854876032,True,0,converged,3107,2500,0.1154307246080951,0.9284162065330129,0.06271492490394857
3,test,5607,2015-08-05,garch_1_1_t,innovation,0.2993979435477862,0.12022689665034993,True,0,converged,3108,2500,0.0992655328776698,1.1039751935162254,0.19158235301132664
3,test,5608,2015-08-06,garch_1_1_t,innovation,0.2979831083273121,0.12351849957896033,True,0,converged,3109,2500,0.1032673628501118,1.059715420532935,0.17906955811112343
3,test,5609,2015-08-07,garch_1_1_t,innovation,0.3027847765351801,0.12021705466756415,True,0,converged,3110,2500,0.0934760934891216,1.1753165256626026,0.2515931787962873
3,test,5610,2015-08-10,garch_1_1_t,innovation,0.3121949725751525,0.13205758755912017,True,0,converged,3111,2500,0.0958900272726377,1.1804259191516528,0.3200361112544066
3,test,5611,2015-08-11,garch_1_1_t,innovation,0.3141880762909201,0.13509253831373064,True,0,converged,3112,2500,0.0999696907019772,1.1451247286113324,0.30109296553656023
3,test,5612,2015-08-12,garch_1_1_t,innovation,0.3147494200268197,0.1305912971246418,True,0,converged,3113,2500,0.1000530049159669,1.1460767355543169,0.2663724822638807
3,test,5613,2015-08-13,garch_1_1_t,innovation,0.3151296950861016,0.12620257863395637,True,0,converged,3114,2500,0.0960484750584088,1.1881312719706647,0.27303537026470287
3,test,5614,2015-08-14,garch_1_1_t,innovation,0.315141699630612,0.12337685107709324,True,0,converged,3115,2500,0.0968650961756509,1.17970312835327,0.24192425188365468
3,test,5615,2015-08-17,garch_1_1_t,innovation,0.3175965749076335,0.1228009234971678,True,0,converged,3116,2500,0.0988458732224413,1.1672201441499692,0.21700273515101093
3,test,5616,2015-08-18,garch_1_1_t,innovation,0.3189041106975884,0.11977128397460308,True,0,converged,3117,2500,0.0983821714271141,1.1760308612146175,0.19672435427914187
3,test,5617,2015-08-19,garch_1_1_t,innovation,0.3177576803715317,0.12272010376967045,True,0,converged,3118,2500,0.1021376350933824,1.1349678135197534,0.18358491582746872
3,test,5618,2015-08-20,garch_1_1_t,innovation,0.3142912808295627,0.15868813981073907,True,0,converged,3119,2500,0.1250648559648453,0.9214877513985437,0.23810844088186997
3,test,5619,2015-08-21,garch_1_1_t,innovation,0.2941946379664001,0.22041518731593268,True,0,converged,3120,2500,0.1638131237610726,0.5855152933392818,0.2967866940207905
3,test,5620,2015-08-24,garch_1_1_t,innovation,0.2583502893529302,0.30056742003563675,True,0,converged,3121,2500,0.2199138428580392,0.16108052846081425,0.3124362420546664
3,test,5621,2015-08-25,garch_1_1_t,innovation,0.2548177506500748,0.2899944611105276,True,0,converged,3122,2500,0.2198391315575895,0.14765252761549721,0.27696576449154325
3,test,5622,2015-08-26,garch_1_1_t,innovation,0.2172856181444432,0.33746218586611465,True,0,converged,3123,2500,0.2561667564109937,-0.1646159239070506,0.2756248375110718
3,test,5623,2015-08-27,garch_1_1_t,innovation,0.1992269881125729,0.3432660015853777,True,0,converged,3124,2500,0.2704499788107197,-0.30564234150278774,0.23841850146667418
3,test,5624,2015-08-28,garch_1_1_t,innovation,0.2187046874892904,0.32241978355638506,True,0,converged,3125,2500,0.2703962776949788,-0.21216621727855373,0.17596579398498716
3,test,5625,2015-08-31,garch_1_1_t,innovation,0.216810878179679,0.3061454787750204,True,0,converged,3126,2500,0.2716604891855252,-0.22552764070758494,0.11950732468927469
3,test,5626,2015-09-01,garch_1_1_t,innovation,0.1993575603574442,0.3287264065921276,True,0,converged,3127,2500,0.2920972426515595,-0.381986771455977,0.11813904428863674
3,test,5627,2015-09-02,garch_1_1_t,innovation,0.1880804605749824,0.32447800048328573,True,0,converged,3128,2500,0.2993979435477862,-0.46490375033038067,0.08044413534103571
3,test,5628,2015-09-03,garch_1_1_t,innovation,0.1952890702663251,0.30542339336582175,True,0,converged,3129,2500,0.2979831083273121,-0.42255592893493993,0.024662187519762405
3,test,5629,2015-09-04,garch_1_1_t,innovation,0.1978049028090887,0.2986448324245181,True,0,converged,3130,2500,0.3027847765351801,-0.425741039075476,-0.013767228743048806
3,test,5630,2015-09-08,garch_1_1_t,innovation,0.1775188276022089,0.3095451144568083,True,0,converged,3131,2500,0.3121949725751525,-0.5645512304443716,-0.008524057619536724
3,test,5631,2015-09-09,garch_1_1_t,innovation,0.1734004857083007,0.29986238292718437,True,0,converged,3132,2500,0.3141880762909201,-0.5943879102487841,-0.04666812984293277
3,test,5632,2015-09-10,garch_1_1_t,innovation,0.1752542797057309,0.28425564185696905,True,0,converged,3133,2500,0.3147494200268197,-0.5855388840843351,-0.10190284962044216
3,test,5633,2015-09-11,garch_1_1_t,innovation,0.1745264452546166,0.2693800152844491,True,0,converged,3134,2500,0.3151296950861016,-0.5909080056227959,-0.15686120560995753
3,test,5634,2015-09-14,garch_1_1_t,innovation,0.1740590024780623,0.254944859985569,True,0,converged,3135,2500,0.315141699630612,-0.593628041338668,-0.21197509134960787
3,test,5635,2015-09-15,garch_1_1_t,innovation,0.1698698168917325,0.24918954310500926,True,0,converged,3136,2500,0.3175965749076335,-0.6257495843200833,-0.242568120843999
3,test,5636,2015-09-16,garch_1_1_t,innovation,0.1679538318799192,0.23975412751930003,True,0,converged,3137,2500,0.3189041106975884,-0.6412013327756682,-0.2852765346273984
3,test,5637,2015-09-17,garch_1_1_t,innovation,0.1762678710913486,0.2267388437903677,True,0,converged,3138,2500,0.3177576803715317,-0.5892842480765347,-0.3374901935902615
3,test,5638,2015-09-18,garch_1_1_t,innovation,0.1670622992343775,0.23104177500120526,True,0,converged,3139,2500,0.3142912808295627,-0.6319534097058578,-0.3077216635321487
3,test,5639,2015-09-21,garch_1_1_t,innovation,0.1660665875350695,0.2199046036918044,True,0,converged,3140,2500,0.2941946379664001,-0.5718527445353765,-0.2910477494607355
3,test,5640,2015-09-22,garch_1_1_t,innovation,0.1595350019403717,0.21912209641874278,True,0,converged,3141,2500,0.2583502893529302,-0.4820530286844195,-0.1646872823812248
3,test,5641,2015-09-23,garch_1_1_t,innovation,0.160909086065719,0.2073649991815713,True,0,converged,3142,2500,0.2548177506500748,-0.459709063633751,-0.20606806472248032
3,test,5642,2015-09-24,garch_1_1_t,innovation,0.1710631145339196,0.19758327720331748,True,0,converged,3143,2500,0.2172856181444432,-0.2391801214920975,-0.09505254854450412
3,test,5643,2015-09-25,garch_1_1_t,innovation,0.1753832616556395,0.18807744765892825,True,0,converged,3144,2500,0.1992269881125729,-0.12747117263937435,-0.0575909848342881
3,test,5644,2015-09-28,garch_1_1_t,innovation,0.1506493421961387,0.22240680956495615,True,0,converged,3145,2500,0.2187046874892904,-0.372767461745635,0.016785819580585976
3,test,5645,2015-09-29,garch_1_1_t,innovation,0.1507913532923221,0.21080837553754056,True,0,converged,3146,2500,0.216810878179679,-0.3631283293926563,-0.028075896382816014
3,test,5646,2015-09-30,garch_1_1_t,innovation,0.1415756769141231,0.2215576393661601,True,0,converged,3147,2500,0.1993575603574442,-0.34226560485227314,0.10558278035330551
3,test,5647,2015-10-01,garch_1_1_t,innovation,0.1412879418680353,0.2104714548651179,True,0,converged,3148,2500,0.1880804605749824,-0.2860699041027482,0.11248018453189206
3,test,5648,2015-10-02,garch_1_1_t,innovation,0.1320124710455441,0.21362217123745944,True,0,converged,3149,2500,0.1952890702663251,-0.39158447675710056,0.08972802712908798
3,test,5649,2015-10-05,garch_1_1_t,innovation,0.1234908847421145,0.22208509151856926,True,0,converged,3150,2500,0.1978049028090887,-0.47111385999261296,0.11577939798159671
3,test,5650,2015-10-06,garch_1_1_t,innovation,0.1233173489341575,0.21143418077728449,True,0,converged,3151,2500,0.1775188276022089,-0.36431556895432565,0.17483707376558716
3,test,5651,2015-10-07,garch_1_1_t,innovation,0.1203537672001338,0.20501257044446256,True,0,converged,3152,2500,0.1734004857083007,-0.36516839965242764,0.16746743107129022
3,test,5652,2015-10-08,garch_1_1_t,innovation,0.1161041260958046,0.20009098096847214,True,0,converged,3153,2500,0.1752542797057309,-0.411750518964744,0.1325342217612519
3,test,5653,2015-10-09,garch_1_1_t,innovation,0.116099681789612,0.19030482062763282,True,0,converged,3154,2500,0.1745264452546166,-0.40762713102731574,0.0865508268109907
3,test,5654,2015-10-12,garch_1_1_t,innovation,0.1207286549749149,0.18118874542888885,True,0,converged,3155,2500,0.1740590024780623,-0.3658488299235469,0.040144943923871225
3,test,5655,2015-10-13,garch_1_1_t,innovation,0.1189064636382491,0.17553619714976912,True,0,converged,3156,2500,0.1698698168917325,-0.35669519650956893,0.03281291250574441
3,test,5656,2015-10-14,garch_1_1_t,innovation,0.1185044601994559,0.16908269965078976,True,0,converged,3157,2500,0.1679538318799192,-0.3487385327165923,0.006698810880516624
3,test,5657,2015-10-15,garch_1_1_t,innovation,0.116651832794034,0.1791964556314665,True,0,converged,3158,2500,0.1762678710913486,-0.41281112256338004,0.016477888687868106
3,test,5658,2015-10-16,garch_1_1_t,innovation,0.1222907149264632,0.17232313009705705,True,0,converged,3159,2500,0.1670622992343775,-0.31196567281824644,0.03100458552868347
3,test,5659,2015-10-19,garch_1_1_t,innovation,0.133499269942653,0.16456624893321417,True,0,converged,3160,2500,0.1660665875350695,-0.2182928284238641,-0.0090756194457279
3,test,5660,2015-10-20,garch_1_1_t,innovation,0.1334347996699528,0.15742785210661164,True,0,converged,3161,2500,0.1595350019403717,-0.17865037949902696,-0.01329607460039161
3,test,5661,2015-10-21,garch_1_1_t,innovation,0.1430192241648487,0.15382037575925553,True,0,converged,3162,2500,0.160909086065719,-0.11786046672586054,-0.04505399219308283
3,test,5662,2015-10-22,garch_1_1_t,innovation,0.1301064273776481,0.17041357311136052,True,0,converged,3163,2500,0.1710631145339196,-0.2736797915849358,-0.003804313614661704
3,test,5663,2015-10-23,garch_1_1_t,innovation,0.1248887952966476,0.1718490974615829,True,0,converged,3164,2500,0.1753832616556395,-0.3395499421139663,-0.02035689444150448
3,test,5664,2015-10-26,garch_1_1_t,innovation,0.1246499070258183,0.16462577775057685,True,0,converged,3165,2500,0.1506493421961387,-0.18944583504156698,0.0887199853004329
3,test,5665,2015-10-27,garch_1_1_t,innovation,0.1245513950581085,0.1577451558005458,True,0,converged,3166,2500,0.1507913532923221,-0.1911786725864219,0.04508367785128427
3,test,5666,2015-10-28,garch_1_1_t,innovation,0.1179049534154644,0.1616560697394726,True,0,converged,3167,2500,0.1415756769141231,-0.18295557293680473,0.13263665881817968
3,test,5667,2015-10-29,garch_1_1_t,innovation,0.1179575254032381,0.1547538058532242,True,0,converged,3168,2500,0.1412879418680353,-0.18047534349419073,0.09103555587014621
3,test,5668,2015-10-30,garch_1_1_t,innovation,0.1178856197908816,0.15001566867331384,True,0,converged,3169,2500,0.1320124710455441,-0.11318156517995338,0.12784335072160957
3,test,5669,2015-11-02,garch_1_1_t,innovation,0.1152777208361472,0.15577195067690214,True,0,converged,3170,2500,0.1234908847421145,-0.0688231647709298,0.23222573747437938
3,test,5670,2015-11-03,garch_1_1_t,innovation,0.1204586550375156,0.1501226601052658,True,0,converged,3171,2500,0.1233173489341575,-0.023454523001821666,0.1966915886346688
3,test,5671,2015-11-04,garch_1_1_t,innovation,0.1299920410470631,0.14482304496707832,True,0,converged,3172,2500,0.1203537672001338,0.07703776009047311,0.18507715183764978
3,test,5672,2015-11-05,garch_1_1_t,innovation,0.1469221145273538,0.1393569629435015,True,0,converged,3173,2500,0.1161041260958046,0.2354151859937406,0.18255129275483997
3,test,5673,2015-11-06,garch_1_1_t,innovation,0.1484857391862434,0.1343634932603705,True,0,converged,3174,2500,0.116099681789612,0.2460397733456028,0.14609961579473119
3,test,5674,2015-11-09,garch_1_1_t,innovation,0.1466768672210177,0.1381005512638274,True,0,converged,3175,2500,0.1207286549749149,0.1946864785470978,0.13443654566723123
3,test,5675,2015-11-10,garch_1_1_t,innovation,0.1490463139412582,0.13353600459890605,True,0,converged,3176,2500,0.1189064636382491,0.22591992527846866,0.11603397465927578
3,test,5676,2015-11-11,garch_1_1_t,innovation,0.1486706878571049,0.13037293977538897,True,0,converged,3177,2500,0.1185044601994559,0.22678311267149304,0.0954485122171704
3,test,5677,2015-11-12,garch_1_1_t,innovation,0.1563306875659879,0.1449944058901364,True,0,converged,3178,2500,0.116651832794034,0.2927798454983052,0.21750145135660462
3,test,5678,2015-11-13,garch_1_1_t,innovation,0.1521615146499217,0.15063062733745233,True,0,converged,3179,2500,0.1222907149264632,0.21854143373085125,0.20842954412318543
3,test,5679,2015-11-16,garch_1_1_t,innovation,0.1471640235434425,0.16364198704763705,True,0,converged,3180,2500,0.133499269942653,0.09745176191642095,0.2035850265555359
3,test,5680,2015-11-17,garch_1_1_t,innovation,0.1559092521038685,0.15647466020916076,True,0,converged,3181,2500,0.1334347996699528,0.15566115415077825,0.1592811147213251
3,test,5681,2015-11-18,garch_1_1_t,innovation,0.1554231441620722,0.17014424354051597,True,0,converged,3182,2500,0.1430192241648487,0.08317230373242947,0.17366751275612002
3,test,5682,2015-11-19,garch_1_1_t,innovation,0.1679807360424345,0.16254375303223012,True,0,converged,3183,2500,0.1301064273776481,0.2554965187523929,0.22259442729568835
3,test,5683,2015-11-20,garch_1_1_t,innovation,0.1699998254939247,0.1565610842367658,True,0,converged,3184,2500,0.1248887952966476,0.30837370683034054,0.22602254472612793
3,test,5684,2015-11-23,garch_1_1_t,innovation,0.1729494982585399,0.1501016508093219,True,0,converged,3185,2500,0.1246499070258183,0.32749057021348815,0.18580367255500935
3,test,5685,2015-11-24,garch_1_1_t,innovation,0.1783184002933066,0.14429443904013245,True,0,converged,3186,2500,0.1245513950581085,0.358852275615574,0.14713748511365254
3,test,5686,2015-11-25,garch_1_1_t,innovation,0.1784140526693255,0.13866201427786726,True,0,converged,3187,2500,0.1179049534154644,0.4142281672488762,0.16216059978678263
3,test,5687,2015-11-27,garch_1_1_t,innovation,0.1785523989944769,0.13361430800646773,True,0,converged,3188,2500,0.1179575254032381,0.4145575044748325,0.1246327457682365
3,test,5688,2015-11-30,garch_1_1_t,innovation,0.1818866674359362,0.13066274290849095,True,0,converged,3189,2500,0.1178856197908816,0.4336689561572408,0.102904691348485
3,test,5689,2015-12-01,garch_1_1_t,innovation,0.1805145807744503,0.13498939528417364,True,0,converged,3190,2500,0.1152777208361472,0.4484673736072483,0.15785204108536224
3,test,5690,2015-12-02,garch_1_1_t,innovation,0.1803665787425731,0.140334419729201,True,0,converged,3191,2500,0.1204586550375156,0.4036847461737249,0.15272170419000267
3,test,5691,2015-12-03,garch_1_1_t,innovation,0.1803519764518738,0.15279037763268447,True,0,converged,3192,2500,0.1299920410470631,0.3274371404020644,0.16159367527491683
3,test,5692,2015-12-04,garch_1_1_t,innovation,0.1669198733631204,0.17658614802666908,True,0,converged,3193,2500,0.1469221145273538,0.12761128383465928,0.18390623487813618
3,test,5693,2015-12-07,garch_1_1_t,innovation,0.1715445096388832,0.17121914357342197,True,0,converged,3194,2500,0.1484857391862434,0.14435384314012342,0.1424553561789937
3,test,5694,2015-12-08,garch_1_1_t,innovation,0.1904841294239895,0.1673202040629611,True,0,converged,3195,2500,0.1466768672210177,0.26133689592601156,0.13167738111022773
3,test,5695,2015-12-09,garch_1_1_t,innovation,0.1924767585279505,0.16478951910916365,True,0,converged,3196,2500,0.1490463139412582,0.2557183220512722,0.10041192834660394
3,test,5696,2015-12-10,garch_1_1_t,innovation,0.1922901756350501,0.15800151001548537,True,0,converged,3197,2500,0.1486706878571049,0.2572718511960403,0.06087087868900195
3,test,5697,2015-12-11,garch_1_1_t,innovation,0.1815590663038494,0.1816858143728966,True,0,converged,3198,2500,0.1563306875659879,0.1496074791936565,0.1503053449086809
3,test,5698,2015-12-14,garch_1_1_t,innovation,0.2017017622088092,0.17490822525956026,True,0,converged,3199,2500,0.1521615146499217,0.2818476286319877,0.13931885620388904
3,test,5699,2015-12-15,garch_1_1_t,innovation,0.2065198188436186,0.17507210688577332,True,0,converged,3200,2500,0.1471640235434425,0.33884861167799635,0.17365015725847666
3,test,5700,2015-12-16,garch_1_1_t,innovation,0.214304758859749,0.18274850231736706,True,0,converged,3201,2500,0.1559092521038685,0.31812498806119777,0.15883678263900242
3,test,5701,2015-12-17,garch_1_1_t,innovation,0.2073112534883862,0.19105863312759452,True,0,converged,3202,2500,0.1554231441620722,0.28806994429510857,0.2064290009875991
3,test,5702,2015-12-18,garch_1_1_t,innovation,0.2024933388290699,0.20386167468046304,True,0,converged,3203,2500,0.1679807360424345,0.18685768491980986,0.19359239214764448
3,test,5703,2015-12-21,garch_1_1_t,innovation,0.2013634738709179,0.19799824818764516,True,0,converged,3204,2500,0.1699998254939247,0.16931419217554872,0.15246077257484034
3,test,5704,2015-12-22,garch_1_1_t,innovation,0.2114597955266758,0.19370934664084213,True,0,converged,3205,2500,0.1729494982585399,0.20103525404323594,0.11335918812730958
3,test,5705,2015-12-23,garch_1_1_t,innovation,0.2138460416770954,0.19466978646080593,True,0,converged,3206,2500,0.1783184002933066,0.18168560664270147,0.08773400232271471
3,test,5706,2015-12-24,garch_1_1_t,innovation,0.2191109076147471,0.18524740896451228,True,0,converged,3207,2500,0.1784140526693255,0.20547104147835016,0.03758528977045277
3,test,5707,2015-12-28,garch_1_1_t,innovation,0.2223791450011857,0.17667181915633273,True,0,converged,3208,2500,0.1785523989944769,0.21950167557124683,-0.010588227442971755
3,test,5708,2015-12-29,garch_1_1_t,innovation,0.2199380703692978,0.17689084668620805,True,0,converged,3209,2500,0.1818866674359362,0.18996222168421098,-0.02785092976215922
3,test,5709,2015-12-30,garch_1_1_t,innovation,0.2346204056935521,0.17241382324356316,True,0,converged,3210,2500,0.1805145807744503,0.262157358803429,-0.045914018181851576
3,test,5710,2015-12-31,garch_1_1_t,innovation,0.231894125299053,0.17235023428659002,True,0,converged,3211,2500,0.1803665787425731,0.2512895825281282,-0.045462676179139905
3,test,5711,2016-01-04,garch_1_1_t,innovation,0.2354653501648367,0.1796439173748999,True,0,converged,3212,2500,0.1803519764518738,0.2666534033047632,-0.00393371147928499
3,test,5712,2016-01-05,garch_1_1_t,innovation,0.2363429511944309,0.17128703765252162,True,0,converged,3213,2500,0.1669198733631204,0.34777003614924423,0.025826834965500846
3,test,5713,2016-01-06,garch_1_1_t,innovation,0.2320738888061293,0.1759496032615543,True,0,converged,3214,2500,0.1715445096388832,0.3022130428380508,0.02535484457315882
3,test,5714,2016-01-07,garch_1_1_t,innovation,0.2260297780680754,0.20927851387509366,True,0,converged,3215,2500,0.1904841294239895,0.17109787096970094,0.09409708612562967
3,test,5715,2016-01-08,garch_1_1_t,innovation,0.2277561705221065,0.20649206219452015,True,0,converged,3216,2500,0.1924767585279505,0.16830021765512038,0.07028656040722799
3,test,5716,2016-01-11,garch_1_1_t,innovation,0.2277300148333276,0.19603192452451002,True,0,converged,3217,2500,0.1922901756350501,0.16915521928400237,0.019271963645694497
3,test,5717,2016-01-12,garch_1_1_t,innovation,0.22595534871807,0.19079148159313755,True,0,converged,3218,2500,0.1815590663038494,0.21875637276474377,0.0496000773355861
3,test,5718,2016-01-13,garch_1_1_t,innovation,0.2125455505157114,0.223510646614324,True,0,converged,3219,2500,0.2017017622088092,0.052366139058291086,0.10266886707394023
3,test,5719,2016-01-14,garch_1_1_t,innovation,0.2169840205535807,0.22811230671587887,True,0,converged,3220,2500,0.2065198188436186,0.049427330001707556,0.09944169816987714
3,test,5720,2016-01-15,garch_1_1_t,innovation,0.211372830793583,0.24364787013387146,True,0,converged,3221,2500,0.214304758859749,-0.013775563958951183,0.12832491898803355
3,test,5721,2016-01-19,garch_1_1_t,innovation,0.2190071092327522,0.23032947710805257,True,0,converged,3222,2500,0.2073112534883862,0.054882887568493584,0.10528948905508098
3,test,5722,2016-01-20,garch_1_1_t,innovation,0.2146630476814574,0.2280087194374032,True,0,converged,3223,2500,0.2024933388290699,0.05836258733309182,0.1186768800354031
3,test,5723,2016-01-21,garch_1_1_t,innovation,0.2137517414015039,0.2177960575790796,True,0,converged,3224,2500,0.2013634738709179,0.059703651972346006,0.07844750650992055
3,test,5724,2016-01-22,garch_1_1_t,innovation,0.2075988797304442,0.23174581186501858,True,0,converged,3225,2500,0.2114597955266758,-0.01842713335572074,0.09160624415872315
3,test,5725,2016-01-25,garch_1_1_t,innovation,0.2054489876875189,0.23328148098950335,True,0,converged,3226,2500,0.2138460416770954,-0.040058556667813966,0.08698947265766971
3,test,5726,2016-01-26,garch_1_1_t,innovation,0.2003947383787137,0.23165243278275682,True,0,converged,3227,2500,0.2191109076147471,-0.08928891581920441,0.055660084693594056
3,test,5727,2016-01-27,garch_1_1_t,innovation,0.201184833696263,0.22641637293457684,True,0,converged,3228,2500,0.2223791450011857,-0.10015972936163015,0.017991876826954207
3,test,5728,2016-01-28,garch_1_1_t,innovation,0.2005051366518441,0.2161283722934096,True,0,converged,3229,2500,0.2199380703692978,-0.09250614277324835,-0.01747346108145582
3,test,5729,2016-01-29,garch_1_1_t,innovation,0.1834964432551685,0.24007047318830663,True,0,converged,3230,2500,0.2346204056935521,-0.24577362872654032,0.022963605295623697
3,test,5730,2016-02-01,garch_1_1_t,innovation,0.2011747183033219,0.22697409976188596,True,0,converged,3231,2500,0.231894125299053,-0.1421071352600711,-0.021444998027931286
3,test,5731,2016-02-02,garch_1_1_t,innovation,0.1911982471842775,0.23473879387635976,True,0,converged,3232,2500,0.2354653501648367,-0.20825293644429166,-0.0030903890403033932
3,test,5732,2016-02-03,garch_1_1_t,innovation,0.190517488829106,0.22427046193284358,True,0,converged,3233,2500,0.2363429511944309,-0.2155399379740635,-0.05243119035063037
3,test,5733,2016-02-04,garch_1_1_t,innovation,0.1907904366482476,0.21261456429496664,True,0,converged,3234,2500,0.2320738888061293,-0.19588017182427353,-0.08757483801147932
3,test,5734,2016-02-05,garch_1_1_t,innovation,0.1781785260452107,0.22493915052548136,True,0,converged,3235,2500,0.2260297780680754,-0.23788074897706019,-0.004836828436298793
3,test,5735,2016-02-08,garch_1_1_t,innovation,0.1759317008694096,0.22437732145648184,True,0,converged,3236,2500,0.2277561705221065,-0.258179772694039,-0.014946523661000848
3,test,5736,2016-02-09,garch_1_1_t,innovation,0.1767989134210446,0.21251193607394672,True,0,converged,3237,2500,0.2277300148333276,-0.2531477774562869,-0.06916262528561416
3,test,5737,2016-02-10,garch_1_1_t,innovation,0.1767952908833457,0.20146425843835566,True,0,converged,3238,2500,0.22595534871807,-0.2453448931347966,-0.11472541953207109
3,test,5738,2016-02-11,garch_1_1_t,innovation,0.1797927651042137,0.20290402762103502,True,0,converged,3239,2500,0.2125455505157114,-0.1673514381087763,-0.04642322385077018
3,test,5739,2016-02-12,garch_1_1_t,innovation,0.1646167776127446,0.21995646583892595,True,0,converged,3240,2500,0.2169840205535807,-0.27620350017506456,0.013605931393573276
3,test,5740,2016-02-16,garch_1_1_t,innovation,0.1536312555187076,0.22596061695284975,True,0,converged,3241,2500,0.211372830793583,-0.3190682583428137,0.06673717801070488
3,test,5741,2016-02-17,garch_1_1_t,innovation,0.1439242833378481,0.22994078137291019,True,0,converged,3242,2500,0.2190071092327522,-0.41981684040409156,0.04871761194019611
3,test,5742,2016-02-18,garch_1_1_t,innovation,0.1449340520708323,0.21882347416169312,True,0,converged,3243,2500,0.2146630476814574,-0.39279075301035676,0.019195772056673614
3,test,5743,2016-02-19,garch_1_1_t,innovation,0.1455910456887253,0.20738432573970453,True,0,converged,3244,2500,0.2137517414015039,-0.38401362021050667,-0.03024153677734621
3,test,5744,2016-02-22,garch_1_1_t,innovation,0.1364488679481411,0.2103888382636281,True,0,converged,3245,2500,0.2075988797304442,-0.41965780432764516,0.013349674390167215
3,test,5745,2016-02-23,garch_1_1_t,innovation,0.1287888282913542,0.21008427473335048,True,0,converged,3246,2500,0.2054489876875189,-0.46702369498360047,0.02231099044527194
3,test,5746,2016-02-24,garch_1_1_t,innovation,0.1299114800939767,0.20058439919589394,True,0,converged,3247,2500,0.2003947383787137,-0.433435817102145,0.0009459885243471494
3,test,5747,2016-02-25,garch_1_1_t,innovation,0.1226919283902865,0.2005249055528704,True,0,converged,3248,2500,0.201184833696263,-0.49454748987839897,-0.0032855998875981666
3,test,5748,2016-02-26,garch_1_1_t,innovation,0.1224360552560941,0.1908582334218409,True,0,converged,3249,2500,0.2005051366518441,-0.4932509698426432,-0.04930894656810573
3,test,5749,2016-02-29,garch_1_1_t,innovation,0.1236099883974656,0.18591600839280392,True,0,converged,3250,2500,0.1834964432551685,-0.3950639304654708,0.013099719443988125
3,test,5750,2016-03-01,garch_1_1_t,innovation,0.0933731399517163,0.21416320206830072,True,0,converged,3251,2500,0.2011747183033219,-0.7675700527155727,0.06256457508308666
3,test,5751,2016-03-02,garch_1_1_t,innovation,0.0924107327894381,0.20430510007777475,True,0,converged,3252,2500,0.1911982471842775,-0.7270677054970986,0.06630363205292623
3,test,5752,2016-03-03,garch_1_1_t,innovation,0.0944988879953342,0.1950511459897658,True,0,converged,3253,2500,0.190517488829106,-0.701155928044821,0.023517816069353232
3,test,5753,2016-03-04,garch_1_1_t,innovation,0.0944858618263977,0.1862339844125433,True,0,converged,3254,2500,0.1907904366482476,-0.7027254223650883,-0.02417177153834898
3,test,5754,2016-03-07,garch_1_1_t,innovation,0.100946155648407,0.17716739103880935,True,0,converged,3255,2500,0.1781785260452107,-0.5681987406843122,-0.0056910052250604476
3,test,5755,2016-03-08,garch_1_1_t,innovation,0.1007936025500226,0.1780687325328622,True,0,converged,3256,2500,0.1759317008694096,-0.5570209696226163,0.012073757104994122
3,test,5756,2016-03-09,garch_1_1_t,innovation,0.1080715242535133,0.17146689397886067,True,0,converged,3257,2500,0.1767989134210446,-0.4922197348437072,-0.03062279442846506
3,test,5757,2016-03-10,garch_1_1_t,innovation,0.1084550178370457,0.16366479732781666,True,0,converged,3258,2500,0.1767952908833457,-0.48865700970309206,-0.07717209713474159
3,test,5758,2016-03-11,garch_1_1_t,innovation,0.0927510534533686,0.17704451163377077,True,0,converged,3259,2500,0.1797927651042137,-0.6618858232420747,-0.015403703537524696
3,test,5759,2016-03-14,garch_1_1_t,innovation,0.0983086042073822,0.16876324150873226,True,0,converged,3260,2500,0.1646167776127446,-0.5155086592441939,0.024876582222013954
3,test,5760,2016-03-15,garch_1_1_t,innovation,0.1044255101932197,0.16150088644275937,True,0,converged,3261,2500,0.1536312555187076,-0.3860812903533495,0.049955344994371834
3,test,5761,2016-03-16,garch_1_1_t,innovation,0.1023969131847703,0.15715862339753534,True,0,converged,3262,2500,0.1439242833378481,-0.34043078366446206,0.08796828427441594
3,test,5762,2016-03-17,garch_1_1_t,innovation,0.0999830971401757,0.15407941053325014,True,0,converged,3263,2500,0.1449340520708323,-0.3712776825541227,0.06118929666668824
3,test,5763,2016-03-18,garch_1_1_t,innovation,0.1020788594855272,0.1488639034106087,True,0,converged,3264,2500,0.1455910456887253,-0.3550559876982304,0.02223085413195554
3,test,5764,2016-03-21,garch_1_1_t,innovation,0.1025673583274554,0.14285111663296216,True,0,converged,3265,2500,0.1364488679481411,-0.2854302134994729,0.04585299480708309
3,test,5765,2016-03-22,garch_1_1_t,innovation,0.1026052895062513,0.13715893301798865,True,0,converged,3266,2500,0.1287888282913542,-0.22728458699042592,0.06296627541965856
3,test,5766,2016-03-23,garch_1_1_t,innovation,0.1016920193851039,0.13665616633089153,True,0,converged,3267,2500,0.1299114800939767,-0.24490446831609552,0.05061474018471209
3,test,5767,2016-03-24,garch_1_1_t,innovation,0.1016800539495823,0.13157860125920925,True,0,converged,3268,2500,0.1226919283902865,-0.18784540879969927,0.0699278349935808
3,test,5768,2016-03-28,garch_1_1_t,innovation,0.1018423742618902,0.1269492167384709,True,0,converged,3269,2500,0.1224360552560941,-0.18416262816183185,0.03619824250196018
3,test,5769,2016-03-29,garch_1_1_t,innovation,0.096594313020563,0.13187174350117808,True,0,converged,3270,2500,0.1236099883974656,-0.24661148597294522,0.06469845605981994
3,test,5770,2016-03-30,garch_1_1_t,innovation,0.0956180107747269,0.12921328611454044,True,0,converged,3271,2500,0.0933731399517163,0.02375747647924157,0.3248606967065898
3,test,5771,2016-03-31,garch_1_1_t,innovation,0.1005904853519083,0.12543650169762482,True,0,converged,3272,2500,0.0924107327894381,0.08481454655395317,0.3055565403289265
3,test,5772,2016-04-01,garch_1_1_t,innovation,0.0995231498176965,0.12636433410375056,True,0,converged,3273,2500,0.0944988879953342,0.05180221140212654,0.2905812078101577
3,test,5773,2016-04-04,garch_1_1_t,innovation,0.1027680096406923,0.12336055718010151,True,0,converged,3274,2500,0.0944858618263977,0.08402390132139789,0.2666612135004445
3,test,5774,2016-04-05,garch_1_1_t,innovation,0.1012638055398063,0.13037793541714432,True,0,converged,3275,2500,0.100946155648407,0.00314178540781399,0.255850165957393
3,test,5775,2016-04-06,garch_1_1_t,innovation,0.0957098436711542,0.13799724646295106,True,0,converged,3276,2500,0.1007936025500226,-0.051753734010622054,0.31415884493359714
3,test,5776,2016-04-07,garch_1_1_t,innovation,0.0856435697443662,0.14684586829933502,True,0,converged,3277,2500,0.1080715242535133,-0.23259912353661874,0.30659025219948316
3,test,5777,2016-04-08,garch_1_1_t,innovation,0.0860916188969638,0.14147357397632385,True,0,converged,3278,2500,0.1084550178370457,-0.230923439673516,0.26577743842055357
3,test,5778,2016-04-11,garch_1_1_t,innovation,0.0857378742409187,0.13643453340032974,True,0,converged,3279,2500,0.0927510534533686,-0.0786243916330572,0.38592583137629427
3,test,5779,2016-04-12,garch_1_1_t,innovation,0.0905181577509607,0.13993319969478196,True,0,converged,3280,2500,0.0983086042073822,-0.08256108469495349,0.35305361029425814
3,test,5780,2016-04-13,garch_1_1_t,innovation,0.0896266630588186,0.14417081062868597,True,0,converged,3281,2500,0.1044255101932197,-0.15282114161502344,0.32252478542635493
3,test,5781,2016-04-14,garch_1_1_t,innovation,0.0896324545820236,0.1383295507015891,True,0,converged,3282,2500,0.1023969131847703,-0.133139096757451,0.30078231939179373
3,test,5782,2016-04-15,garch_1_1_t,innovation,0.0947822612719184,0.13314197797264005,True,0,converged,3283,2500,0.0999830971401757,-0.05341886873539779,0.2864149192957866
3,test,5783,2016-04-18,garch_1_1_t,innovation,0.0978815885899588,0.13342938932642237,True,0,converged,3284,2500,0.1020788594855272,-0.0419871783647417,0.2678267722275886
3,test,5784,2016-04-19,garch_1_1_t,innovation,0.1027744428221376,0.12979458315964262,True,0,converged,3285,2500,0.1025673583274554,0.0020169742714603867,0.23543333403178276
3,test,5785,2016-04-20,garch_1_1_t,innovation,0.1027239773354102,0.12533073434286982,True,0,converged,3286,2500,0.1026052895062513,0.0011560733080425974,0.2000666318311396
3,test,5786,2016-04-21,garch_1_1_t,innovation,0.1016738161019862,0.12434564821545159,True,0,converged,3287,2500,0.1016920193851039,-0.00017902007112175107,0.20111634552756313
3,test,5787,2016-04-22,garch_1_1_t,innovation,0.1041020017247961,0.12050419166640286,True,0,converged,3288,2500,0.1016800539495823,0.023540046837464437,0.16985338047590354
3,test,5788,2016-04-25,garch_1_1_t,innovation,0.1040346194548032,0.11716145665648524,True,0,converged,3289,2500,0.1018423742618902,0.021297455497259005,0.14012668731003178
3,test,5789,2016-04-26,garch_1_1_t,innovation,0.1135145719041899,0.11406822035920372,True,0,converged,3290,2500,0.096594313020563,0.16141134743889238,0.16627682555093654
3,test,5790,2016-04-27,garch_1_1_t,innovation,0.115792294145994,0.11152160499693621,True,0,converged,3291,2500,0.0956180107747269,0.19143681887888322,0.15385713938047574
3,test,5791,2016-04-28,garch_1_1_t,innovation,0.1111704227302586,0.1187225024209361,True,0,converged,3292,2500,0.1005904853519083,0.10000668960937928,0.16573118335450276
3,test,5792,2016-04-29,garch_1_1_t,innovation,0.1105609383435516,0.11860500013584727,True,0,converged,3293,2500,0.0995231498176965,0.10517656858431453,0.17540836674892743
3,test,5793,2016-05-02,garch_1_1_t,innovation,0.1071469347906322,0.12233039033835118,True,0,converged,3294,2500,0.1027680096406923,0.041727000471066984,0.1742513875917039
3,test,5794,2016-05-03,garch_1_1_t,innovation,0.1028085636583516,0.12691476740860833,True,0,converged,3295,2500,0.1012638055398063,0.015139605918914561,0.2257866906859067
3,test,5795,2016-05-04,garch_1_1_t,innovation,0.1014506399574024,0.12616390003236055,True,0,converged,3296,2500,0.0957098436711542,0.05825122151151084,0.2762607027127702
3,test,5796,2016-05-05,garch_1_1_t,innovation,0.1020023886661334,0.12205879371894791,True,0,converged,3297,2500,0.0856435697443662,0.17480208530973232,0.35430869838248635
3,test,5797,2016-05-06,garch_1_1_t,innovation,0.1027667644997966,0.11983569083449841,True,0,converged,3298,2500,0.0860916188969638,0.17704993301935715,0.3307094962693469
3,test,5798,2016-05-09,garch_1_1_t,innovation,0.1028743762723463,0.11623667302988233,True,0,converged,3299,2500,0.0857378742409187,0.1822139282348094,0.30433372951477905
3,test,5799,2016-05-10,garch_1_1_t,innovation,0.0937628318887504,0.13029267902475455,True,0,converged,3300,2500,0.0905181577509607,0.03521806025129974,0.3642328283041602
3,test,5800,2016-05-11,garch_1_1_t,innovation,0.0877606845586794,0.1348719254216382,True,0,converged,3301,2500,0.0896266630588186,-0.021039238208423464,0.4086727730621942
3,test,5801,2016-05-12,garch_1_1_t,innovation,0.0940403278581685,0.12990228325547493,True,0,converged,3302,2500,0.0896324545820236,0.04800623932146752,0.3710650298329022
3,test,5802,2016-05-13,garch_1_1_t,innovation,0.0929211303779288,0.13333000169506276,True,0,converged,3303,2500,0.0947822612719184,-0.01983120147333465,0.3412449964731484
3,test,5803,2016-05-16,garch_1_1_t,innovation,0.0864218957632132,0.13826050223556374,True,0,converged,3304,2500,0.0978815885899588,-0.12451740152870891,0.345381134636915
3,test,5804,2016-05-17,garch_1_1_t,innovation,0.079913698519783,0.14169867830725646,True,0,converged,3305,2500,0.1027744428221376,-0.2515894275510917,0.32116610781926863
3,test,5805,2016-05-18,garch_1_1_t,innovation,0.0806042857653027,0.1361534673141168,True,0,converged,3306,2500,0.1027239773354102,-0.24249373799192508,0.28173712630613434
3,test,5806,2016-05-19,garch_1_1_t,innovation,0.0807495072015391,0.13232408382234756,True,0,converged,3307,2500,0.1016738161019862,-0.23041794846459585,0.2634842862458399
3,test,5807,2016-05-20,garch_1_1_t,innovation,0.0808707756484291,0.13191147885571006,True,0,converged,3308,2500,0.1041020017247961,-0.2525186859388558,0.236759878593696
3,test,5808,2016-05-23,garch_1_1_t,innovation,0.0813504695560844,0.1274799106431269,True,0,converged,3309,2500,0.1040346194548032,-0.2459571174262963,0.20323506547828282
3,test,5809,2016-05-24,garch_1_1_t,innovation,0.067538831065806,0.14033240251381235,True,0,converged,3310,2500,0.1135145719041899,-0.519228507981427,0.21208269657244094
3,test,5810,2016-05-25,garch_1_1_t,innovation,0.0780710729585344,0.13934487705505316,True,0,converged,3311,2500,0.115792294145994,-0.39417841483443333,0.1851539716853296
3,test,5811,2016-05-26,garch_1_1_t,innovation,0.1531254596083225,0.13405379557663036,True,0,converged,3312,2500,0.1111704227302586,0.32019321902295955,0.18717681511942277
3,test,5812,2016-05-27,garch_1_1_t,innovation,0.164583818161499,0.13105407055268345,True,0,converged,3313,2500,0.1105609383435516,0.3978531261625067,0.17004314318114663
3,test,5813,2016-05-31,garch_1_1_t,innovation,0.1762600638251283,0.12676039947662954,True,0,converged,3314,2500,0.1071469347906322,0.4977594249825369,0.1680975714617504
3,test,5814,2016-06-01,garch_1_1_t,innovation,0.1860305177195539,0.12297446462912923,True,0,converged,3315,2500,0.1028085636583516,0.5930420803945748,0.17910807555732366
3,test,5815,2016-06-02,garch_1_1_t,innovation,0.1918263559330057,0.12018857211557568,True,0,converged,3316,2500,0.1014506399574024,0.6370181922741388,0.1694895693092085
3,test,5816,2016-06-03,garch_1_1_t,innovation,0.1916809023041826,0.11761127402493292,True,0,converged,3317,2500,0.1020023886661334,0.630835790957041,0.14238866712298673
3,test,5817,2016-06-06,garch_1_1_t,innovation,0.1925468827417064,0.11758913994631019,True,0,converged,3318,2500,0.1027667644997966,0.6278776725689436,0.13473468558854895
3,test,5818,2016-06-07,garch_1_1_t,innovation,0.1936342605017104,0.11440626626868855,True,0,converged,3319,2500,0.1028743762723463,0.6324625285747468,0.10624725650894978
3,test,5819,2016-06-08,garch_1_1_t,innovation,0.1933026939633894,0.11259056343416474,True,0,converged,3320,2500,0.0937628318887504,0.723488793849238,0.1829893771385598
3,test,5820,2016-06-09,garch_1_1_t,innovation,0.200255785612477,0.10989727005491609,True,0,converged,3321,2500,0.0877606845586794,0.8249818611924198,0.22493240455027622
3,test,5821,2016-06-10,garch_1_1_t,innovation,0.1977772962845305,0.1182739409506275,True,0,converged,3322,2500,0.0940403278581685,0.7434179213954429,0.22927975731502356
3,test,5822,2016-06-13,garch_1_1_t,innovation,0.1975345354793331,0.12176744110807218,True,0,converged,3323,2500,0.0929211303779288,0.7541623593467159,0.27036193226312205
3,test,5823,2016-06-14,garch_1_1_t,innovation,0.1974119819062288,0.11835128255155287,True,0,converged,3324,2500,0.0864218957632132,0.8260517568812928,0.3144161059496551
3,test,5824,2016-06-15,garch_1_1_t,innovation,0.1983371759614478,0.11506852508157102,True,0,converged,3325,2500,0.079913698519783,0.9090212074037504,0.3645805372959609
3,test,5825,2016-06-16,garch_1_1_t,innovation,0.1981122209675884,0.11297431886840796,True,0,converged,3326,2500,0.0806042857653027,0.8992818213374888,0.3376087048663874
3,test,5826,2016-06-17,garch_1_1_t,innovation,0.1978982568248781,0.11180205544843617,True,0,converged,3327,2500,0.0807495072015391,0.8964011848894743,0.32537808628379367
3,test,5827,2016-06-20,garch_1_1_t,innovation,0.1966148652494252,0.11398419884365324,True,0,converged,3328,2500,0.0808707756484291,0.8883942981380315,0.3432073137913765
3,test,5828,2016-06-21,garch_1_1_t,innovation,0.1969042117676308,0.11182319372783646,True,0,converged,3329,2500,0.0813504695560844,0.8839507701093572,0.31815239082374197
3,test,5829,2016-06-22,garch_1_1_t,innovation,0.1972769459325575,0.10923305862775083,True,0,converged,3330,2500,0.067538831065806,1.0719058508988584,0.4807810446620645
3,test,5830,2016-06-23,garch_1_1_t,innovation,0.1925196951074001,0.12625996788687205,True,0,converged,3331,2500,0.0780710729585344,0.9025788571580786,0.4807234150157299
3,test,5831,2016-06-24,garch_1_1_t,innovation,0.1407256309049066,0.23052220516461025,True,0,converged,3332,2500,0.1531254596083225,-0.08444546823138017,0.409089609749125
3,test,5832,2016-06-27,garch_1_1_t,innovation,0.1262300606624887,0.2371176713129501,True,0,converged,3333,2500,0.164583818161499,-0.26531385299852445,0.36513654801398626
3,test,5833,2016-06-28,garch_1_1_t,innovation,0.1091913817855663,0.24295374495844638,True,0,converged,3334,2500,0.1762600638251283,-0.47885840096054044,0.32091053547716203
3,test,5834,2016-06-29,garch_1_1_t,innovation,0.0913618941392007,0.2463842214228897,True,0,converged,3335,2500,0.1860305177195539,-0.7110822556258052,0.280981459160251
3,test,5835,2016-06-30,garch_1_1_t,innovation,0.0779323561839546,0.2432730420303766,True,0,converged,3336,2500,0.1918263559330057,-0.9007493446139031,0.23759387566320445
3,test,5836,2016-07-01,garch_1_1_t,innovation,0.0776219789925281,0.22970553461885532,True,0,converged,3337,2500,0.1916809023041826,-0.9039814007368672,0.18096618213072563
3,test,5837,2016-07-05,garch_1_1_t,innovation,0.0767397862400617,0.22039948228516199,True,0,converged,3338,2500,0.1925468827417064,-0.9199193714790983,0.13510205751229018
3,test,5838,2016-07-06,garch_1_1_t,innovation,0.0744715181871672,0.2107783413207279,True,0,converged,3339,2500,0.1936342605017104,-0.9555543785120019,0.08483594164338099
3,test,5839,2016-07-07,garch_1_1_t,innovation,0.0745322389967308,0.19971517999956556,True,0,converged,3340,2500,0.1933026939633894,-0.9530255528209536,0.032634928738264075
3,test,5840,2016-07-08,garch_1_1_t,innovation,0.0602608687766981,0.20496144585513387,True,0,converged,3341,2500,0.200255785612477,-1.2009125267429528,0.02322641497331424
3,test,5841,2016-07-11,garch_1_1_t,innovation,0.0589886341868532,0.19511068101650678,True,0,converged,3342,2500,0.1977772962845305,-1.2097968469832447,-0.013574638931427699
3,test,5842,2016-07-12,garch_1_1_t,innovation,0.0531433711091052,0.18898576859852562,True,0,converged,3343,2500,0.1975345354793331,-1.3129200556619294,-0.044241718436813786
3,test,5843,2016-07-13,garch_1_1_t,innovation,0.0538638961453104,0.17950818017633055,True,0,converged,3344,2500,0.1974119819062288,-1.2988324006202139,-0.09507204486746487
3,test,5844,2016-07-14,garch_1_1_t,innovation,0.0527326370477092,0.17335235866849766,True,0,converged,3345,2500,0.1983371759614478,-1.3247339286064184,-0.13464221285233982
3,test,5845,2016-07-15,garch_1_1_t,innovation,0.0526073468826763,0.16532057385238308,True,0,converged,3346,2500,0.1981122209675884,-1.3259778581375323,-0.18094718190441736
3,test,5846,2016-07-18,garch_1_1_t,innovation,0.0527399862806467,0.15838240626218256,True,0,converged,3347,2500,0.1978982568248781,-1.322379123413035,-0.22274064257201004
3,test,5847,2016-07-19,garch_1_1_t,innovation,0.0557267815219153,0.1514496602846529,True,0,converged,3348,2500,0.1966148652494252,-1.2607859678525137,-0.2609935221148296
3,test,5848,2016-07-20,garch_1_1_t,innovation,0.0541746473522915,0.14653875041211073,True,0,converged,3349,2500,0.1969042117676308,-1.2905043378220435,-0.29542747439193223
3,test,5849,2016-07-21,garch_1_1_t,innovation,0.0530818308575933,0.14215116692628463,True,0,converged,3350,2500,0.1972769459325575,-1.3127738571310417,-0.32771751123661635
3,test,5850,2016-07-22,garch_1_1_t,innovation,0.0508886204886462,0.1387467627619239,True,0,converged,3351,2500,0.1925196951074001,-1.3305591282170524,-0.32754803983176434
3,test,5851,2016-07-25,garch_1_1_t,innovation,0.049964582536682,0.1342239776631486,True,0,converged,3352,2500,0.1407256309049066,-1.0354977094229374,-0.047302234897655476
3,test,5852,2016-07-26,garch_1_1_t,innovation,0.050445526305184,0.12950613025471464,True,0,converged,3353,2500,0.1262300606624887,-0.9172120532820535,0.025622097557689922
3,test,5853,2016-07-27,garch_1_1_t,innovation,0.0534961654945476,0.12534709691838639,True,0,converged,3354,2500,0.1091913817855663,-0.7134921604845325,0.13798452571190548
3,test,5854,2016-07-28,garch_1_1_t,innovation,0.0533951008018273,0.12151473159369487,True,0,converged,3355,2500,0.0913618941392007,-0.5371094819166511,0.285207024725617
3,test,5855,2016-07-29,garch_1_1_t,innovation,0.0535072081306445,0.11831385684614215,True,0,converged,3356,2500,0.0779323561839546,-0.37602484577822864,0.4174996752096352
3,test,5856,2016-08-01,garch_1_1_t,innovation,0.0562034297824012,0.11515323885235369,True,0,converged,3357,2500,0.0776219789925281,-0.32287283833155833,0.3944131315912626
3,test,5857,2016-08-02,garch_1_1_t,innovation,0.0516924823164486,0.11751365747522542,True,0,converged,3358,2500,0.0767397862400617,-0.39510793810472816,0.4261342613550728
3,test,5858,2016-08-03,garch_1_1_t,innovation,0.0516405104048561,0.11562506736336033,True,0,converged,3359,2500,0.0744715181871672,-0.3661102962407088,0.43993603235911294
3,test,5859,2016-08-04,garch_1_1_t,innovation,0.0515030535393879,0.11284205033710605,True,0,converged,3360,2500,0.0745322389967308,-0.3695906720535516,0.4147572862802525
3,test,5860,2016-08-05,garch_1_1_t,innovation,0.0455104643994273,0.11860371004312498,True,0,converged,3361,2500,0.0602608687766981,-0.2807406644210075,0.6771048173212558
3,test,5861,2016-08-08,garch_1_1_t,innovation,0.0467090466781202,0.11535904519046937,True,0,converged,3362,2500,0.0589886341868532,-0.23340691951597564,0.6707046122734561
3,test,5862,2016-08-09,garch_1_1_t,innovation,0.046662345869831,0.11260948529175734,True,0,converged,3363,2500,0.0531433711091052,-0.13005583542796598,0.7509325744042941
3,test,5863,2016-08-10,garch_1_1_t,innovation,0.0465387074117678,0.1107469885580729,True,0,converged,3364,2500,0.0538638961453104,-0.1461760393667787,0.7207877940561291
3,test,5864,2016-08-11,garch_1_1_t,innovation,0.096387512037813,0.11137780697715934,True,0,converged,3365,2500,0.0527326370477092,0.6031420873698926,0.7476935257318906
3,test,5865,2016-08-12,garch_1_1_t,innovation,0.1088020020458325,0.10907436736095558,True,0,converged,3366,2500,0.0526073468826763,0.7266739508434178,0.7291741343900998
3,test,5866,2016-08-15,garch_1_1_t,innovation,0.1198958819776459,0.10797537905788795,True,0,converged,3367,2500,0.0527399862806467,0.8212497951762042,0.7165293086552365
3,test,5867,2016-08-16,garch_1_1_t,innovation,0.118490012696051,0.10950504530862089,True,0,converged,3368,2500,0.0557267815219153,0.754367827330127,0.6755097754256825
3,test,5868,2016-08-17,garch_1_1_t,innovation,0.12345504345311,0.1079221666751509,True,0,converged,3369,2500,0.0541746473522915,0.8236640311903991,0.6891972503930817
3,test,5869,2016-08-18,garch_1_1_t,innovation,0.1239632177660329,0.10664500156689571,True,0,converged,3370,2500,0.0530818308575933,0.8481501893942733,0.6976708748975965
3,test,5870,2016-08-19,garch_1_1_t,innovation,0.1238561797390548,0.1049197554960017,True,0,converged,3371,2500,0.0508886204886462,0.8894817191315885,0.7235564920874386
3,test,5871,2016-08-22,garch_1_1_t,innovation,0.1238561838393731,0.1030396531760931,True,0,converged,3372,2500,0.049964582536682,0.9078066795966399,0.7237994912712252
3,test,5872,2016-08-23,garch_1_1_t,innovation,0.1298654917073521,0.1018953283192794,True,0,converged,3373,2500,0.050445526305184,0.9456051685776636,0.7030520263858592
3,test,5873,2016-08-24,garch_1_1_t,innovation,0.1305026580032042,0.10436442089189274,True,0,converged,3374,2500,0.0534961654945476,0.8917836160617532,0.6682788429754802
3,test,5874,2016-08-25,garch_1_1_t,innovation,0.1319291524540778,0.10255491003409702,True,0,converged,3375,2500,0.0533951008018273,0.9045460581926712,0.6526793663149124
3,test,5875,2016-08-26,garch_1_1_t,innovation,0.1348866130028343,0.10139985530237107,True,0,converged,3376,2500,0.0535072081306445,0.9246181455985829,0.6392552879173367
3,test,5876,2016-08-29,garch_1_1_t,innovation,0.1355451323372886,0.10360619301430832,True,0,converged,3377,2500,0.0562034297824012,0.8803268816468152,0.6116193229750224
3,test,5877,2016-08-30,garch_1_1_t,innovation,0.1365538676598894,0.10217598643541345,True,0,converged,3378,2500,0.0516924823164486,0.9714068104466487,0.6813843225738011
3,test,5878,2016-08-31,garch_1_1_t,innovation,0.1399484431007476,0.10199417272367862,True,0,converged,3379,2500,0.0516405104048561,0.9969676413829034,0.6806092316576348
3,test,5879,2016-09-01,garch_1_1_t,innovation,0.1424697955128076,0.10029284267588555,True,0,converged,3380,2500,0.0515030535393879,1.017488917989163,0.6664532353191127
3,test,5880,2016-09-02,garch_1_1_t,innovation,0.1418299246286685,0.10208469996928522,True,0,converged,3381,2500,0.0455104643994273,1.1366863395715483,0.8078605742408438
3,test,5881,2016-09-06,garch_1_1_t,innovation,0.1425826830352445,0.10177148550330928,True,0,converged,3382,2500,0.0467090466781202,1.1159841983342744,0.7787920968379993
3,test,5882,2016-09-07,garch_1_1_t,innovation,0.1434412415432291,0.09997540209892662,True,0,converged,3383,2500,0.046662345869831,1.1229879435966377,0.7619866355685657
3,test,5883,2016-09-08,garch_1_1_t,innovation,0.1432328545567125,0.09919845801269543,True,0,converged,3384,2500,0.0465387074117678,1.12418727568976,0.7568380861597368
3,test,5884,2016-09-09,garch_1_1_t,innovation,0.1151935864132979,0.1667172131768651,True,0,converged,3385,2500,0.096387512037813,0.17823742316744204,0.5479223927866302
3,test,5885,2016-09-12,garch_1_1_t,innovation,0.1051319930469958,0.17761685422931353,True,0,converged,3386,2500,0.1088020020458325,-0.03431309807281215,0.4900989905860919
3,test,5886,2016-09-13,garch_1_1_t,innovation,0.1022081295785439,0.18699533359869303,True,0,converged,3387,2500,0.1198958819776459,-0.15961249558514745,0.44445994655607557
3,test,5887,2016-09-14,garch_1_1_t,innovation,0.1023053663255949,0.17680323214304974,True,0,converged,3388,2500,0.118490012696051,-0.14686654764489904,0.4002087554111766
3,test,5888,2016-09-15,garch_1_1_t,innovation,0.0967277801695912,0.17658468091335264,True,0,converged,3389,2500,0.12345504345311,-0.24397642597019759,0.3579234706884814
3,test,5889,2016-09-16,garch_1_1_t,innovation,0.0957632644826302,0.168867663960438,True,0,converged,3390,2500,0.1239632177660329,-0.25810573976060547,0.3091304640057207
4,test,5890,2016-09-19,garch_1_1_t,innovation,0.0965535738285121,0.16082527437987496,True,0,converged,3391,2500,0.1238561797390548,-0.24902302815216024,0.26119747171779806
4,test,5891,2016-09-20,garch_1_1_t,innovation,0.0990639794278874,0.15338716534769678,True,0,converged,3392,2500,0.1238561838393731,-0.22335518651264114,0.21384413279544218
4,test,5892,2016-09-21,garch_1_1_t,innovation,0.091254493073737,0.15900759592452582,True,0,converged,3393,2500,0.1298654917073521,-0.352847005216721,0.202452738558003
4,test,5893,2016-09-22,garch_1_1_t,innovation,0.0887366130743032,0.15566202189386763,True,0,converged,3394,2500,0.1305026580032042,-0.38572101601713277,0.17629353621876243
4,test,5894,2016-09-23,garch_1_1_t,innovation,0.0865829716846707,0.1517064218545849,True,0,converged,3395,2500,0.1319291524540778,-0.42116189024874756,0.13968216338715136
4,test,5895,2016-09-26,garch_1_1_t,innovation,0.0830036173056251,0.15181537094552738,True,0,converged,3396,2500,0.1348866130028343,-0.4855503329965845,0.11823059587197343
4,test,5896,2016-09-27,garch_1_1_t,innovation,0.0809256039404653,0.14910121530443804,True,0,converged,3397,2500,0.1355451323372886,-0.5157744020911827,0.09532070783174897
4,test,5897,2016-09-28,garch_1_1_t,innovation,0.0793152176839783,0.14543800491786382,True,0,converged,3398,2500,0.1365538676598894,-0.5432891612415488,0.0630307411255011
4,test,5898,2016-09-29,garch_1_1_t,innovation,0.0730749215108714,0.14812713858771076,True,0,converged,3399,2500,0.1399484431007476,-0.649788854310829,0.05679685829057812
4,test,5899,2016-09-30,garch_1_1_t,innovation,0.0688347299044445,0.14779525343606517,True,0,converged,3400,2500,0.1424697955128076,-0.7274216032322597,0.03669787729402623
4,test,5900,2016-10-03,garch_1_1_t,innovation,0.0683026062478967,0.14226283600065634,True,0,converged,3401,2500,0.1418299246286685,-0.7306807012102436,0.003047678554811601
4,test,5901,2016-10-04,garch_1_1_t,innovation,0.0707278725522966,0.13966704989865922,True,0,converged,3402,2500,0.1425826830352445,-0.7010823311049913,-0.020660688110838453
4,test,5902,2016-10-05,garch_1_1_t,innovation,0.0722215177584923,0.13643625885338492,True,0,converged,3403,2500,0.1434412415432291,-0.6861874533549226,-0.050067947293247046
4,test,5903,2016-10-06,garch_1_1_t,innovation,0.0739933752418378,0.13142925275006442,True,0,converged,3404,2500,0.1432328545567125,-0.6604960940354468,-0.08600295453095957
4,test,5904,2016-10-07,garch_1_1_t,innovation,0.0730864788376561,0.1284953998192899,True,0,converged,3405,2500,0.1151935864132979,-0.45497069159036807,0.10927903140651224
4,test,5905,2016-10-10,garch_1_1_t,innovation,0.1048762448111142,0.1274735272381154,True,0,converged,3406,2500,0.1051319930469958,-0.0024356031450798216,0.1926920761992341
4,test,5906,2016-10-11,garch_1_1_t,innovation,0.0960110136551362,0.14170233530716503,True,0,converged,3407,2500,0.1022081295785439,-0.06254830992262622,0.3267174068198745
4,test,5907,2016-10-12,garch_1_1_t,innovation,0.1029411824994117,0.13649583228285755,True,0,converged,3408,2500,0.1023053663255949,0.006195653094598837,0.2883319531001061
4,test,5908,2016-10-13,garch_1_1_t,innovation,0.1026631524005709,0.13278870483806773,True,0,converged,3409,2500,0.0967277801695912,0.059552620651387285,0.3168585362911769
4,test,5909,2016-10-14,garch_1_1_t,innovation,0.1029731184613016,0.1282184965032097,True,0,converged,3410,2500,0.0957632644826302,0.07258881743261728,0.2918566616539152
4,test,5910,2016-10-17,garch_1_1_t,innovation,0.1022682837579593,0.12568531762427393,True,0,converged,3411,2500,0.0965535738285121,0.05750156969340955,0.26368328037269256
4,test,5911,2016-10-18,garch_1_1_t,innovation,0.1035800174962787,0.1265346305472062,True,0,converged,3412,2500,0.0990639794278874,0.04457853166343247,0.24475013172088986
4,test,5912,2016-10-19,garch_1_1_t,innovation,0.1033632478988055,0.12345396563565013,True,0,converged,3413,2500,0.091254493073737,0.12459723229551799,0.30221610827616247
4,test,5913,2016-10-20,garch_1_1_t,innovation,0.1047436521421375,0.12052349579562496,True,0,converged,3414,2500,0.0887366130743032,0.1658433785120899,0.3061721414004084
4,test,5914,2016-10-21,garch_1_1_t,innovation,0.1050318814496368,0.11730896479202908,True,0,converged,3415,2500,0.0865829716846707,0.1931607725069974,0.30370801451151996
4,test,5915,2016-10-24,garch_1_1_t,innovation,0.1073217655734894,0.11677995558564237,True,0,converged,3416,2500,0.0830036173056251,0.2569472880657964,0.3414072536878704
4,test,5916,2016-10-25,garch_1_1_t,innovation,0.1068831576724202,0.11532796733553763,True,0,converged,3417,2500,0.0809256039404653,0.27820599069293483,0.3542496965650582
4,test,5917,2016-10-26,garch_1_1_t,innovation,0.106662356305389,0.11303246195286862,True,0,converged,3418,2500,0.0793152176839783,0.2962382862656032,0.3542450409696905
4,test,5918,2016-10-27,garch_1_1_t,innovation,0.1070528361830274,0.1114169581554988,True,0,converged,3419,2500,0.0730749215108714,0.3818372717810828,0.42179430660873884
4,test,5919,2016-10-28,garch_1_1_t,innovation,0.1078377448505203,0.11022965928936324,True,0,converged,3420,2500,0.0688347299044445,0.4489193222550641,0.47085758836798625
4,test,5920,2016-10-31,garch_1_1_t,innovation,0.1080592165224595,0.10791162068292354,True,0,converged,3421,2500,0.0683026062478967,0.4587314533200613,0.45736464042602654
4,test,5921,2016-11-01,garch_1_1_t,innovation,0.1052768448830957,0.11347674764960607,True,0,converged,3422,2500,0.0707278725522966,0.3977537661517609,0.47275821724955813
4,test,5922,2016-11-02,garch_1_1_t,innovation,0.1038984094112812,0.11587272142912239,True,0,converged,3423,2500,0.0722215177584923,0.3636755577529552,0.4727543282578776
4,test,5923,2016-11-03,garch_1_1_t,innovation,0.1026298295518999,0.11596048671292589,True,0,converged,3424,2500,0.0739933752418378,0.327153061416603,0.44927393585532843
4,test,5924,2016-11-04,garch_1_1_t,innovation,0.104736900387069,0.11319747252186427,True,0,converged,3425,2500,0.0730864788376561,0.35980811338547736,0.4374904563485323
4,test,5925,2016-11-07,garch_1_1_t,innovation,0.0714030789671277,0.16418873880539572,True,0,converged,3426,2500,0.1048762448111142,-0.38444004298651846,0.44823557829131444
4,test,5926,2016-11-08,garch_1_1_t,innovation,0.0834984585584622,0.1583872521664423,True,0,converged,3427,2500,0.0960110136551362,-0.13963473915297947,0.5005800869328334
4,test,5927,2016-11-09,garch_1_1_t,innovation,0.0751461453520065,0.16222381673946182,True,0,converged,3428,2500,0.1029411824994117,-0.3147229592647264,0.4548191851066612
4,test,5928,2016-11-10,garch_1_1_t,innovation,0.0776235293564232,0.1551407495577458,True,0,converged,3429,2500,0.1026631524005709,-0.27958266926977776,0.41287950268850915
4,test,5929,2016-11-11,garch_1_1_t,innovation,0.0772977093848817,0.14888714149180887,True,0,converged,3430,2500,0.1029731184613016,-0.28680364599582797,0.36872061093651654
4,test,5930,2016-11-14,garch_1_1_t,innovation,0.0807754858252268,0.14270209334856052,True,0,converged,3431,2500,0.1022682837579593,-0.2359260669544553,0.3331596007553336
4,test,5931,2016-11-15,garch_1_1_t,innovation,0.0814197152311546,0.1436379256017894,True,0,converged,3432,2500,0.1035800174962787,-0.24072698437204323,0.32695129769501385
4,test,5932,2016-11-16,garch_1_1_t,innovation,0.0824462547817888,0.1383045450768614,True,0,converged,3433,2500,0.1033632478988055,-0.22610283885039484,0.291208639316877
4,test,5933,2016-11-17,garch_1_1_t,innovation,0.0807120421416468,0.13608429707873076,True,0,converged,3434,2500,0.1047436521421375,-0.2606281716613027,0.2617585682901998
4,test,5934,2016-11-18,garch_1_1_t,innovation,0.0806895636354178,0.1320172322085895,True,0,converged,3435,2500,0.1050318814496368,-0.2636546929923078,0.22866852417653605
4,test,5935,2016-11-21,garch_1_1_t,innovation,0.0773594741940848,0.13406777104108203,True,0,converged,3436,2500,0.1073217655734894,-0.32736842265694194,0.2225139492301592
4,test,5936,2016-11-22,garch_1_1_t,innovation,0.0776812597959597,0.12986177709522706,True,0,converged,3437,2500,0.1068831576724202,-0.3191222118264406,0.19473437824468576
4,test,5937,2016-11-23,garch_1_1_t,innovation,0.0778993727271291,0.12566678713909762,True,0,converged,3438,2500,0.106662356305389,-0.31425039611123384,0.16396556077380772
4,test,5938,2016-11-25,garch_1_1_t,innovation,0.0769542607004845,0.12355708276934885,True,0,converged,3439,2500,0.1070528361830274,-0.3301112802088547,0.14338074925341823
4,test,5939,2016-11-28,garch_1_1_t,innovation,0.0756326171059431,0.12279490447599548,True,0,converged,3440,2500,0.1078377448505203,-0.35474010160996794,0.1298877854060662
4,test,5940,2016-11-29,garch_1_1_t,innovation,0.0808715588316894,0.11988361338458361,True,0,converged,3441,2500,0.1080592165224595,-0.2898171753019093,0.10384200567812706
4,test,5941,2016-11-30,garch_1_1_t,innovation,0.0804246702044169,0.11757256751845986,True,0,converged,3442,2500,0.1052768448830957,-0.26927252585570277,0.11046224053978367
4,test,5942,2016-12-01,garch_1_1_t,innovation,0.0804127288089502,0.11662805964082752,True,0,converged,3443,2500,0.1038984094112812,-0.2562411069725157,0.11557630454011754
4,test,5943,2016-12-02,garch_1_1_t,innovation,0.0848223008552891,0.11387017670993668,True,0,converged,3444,2500,0.1026298295518999,-0.19057013684605417,0.10393037182380149
4,test,5944,2016-12-05,garch_1_1_t,innovation,0.0847693107416888,0.11637531239868842,True,0,converged,3445,2500,0.104736900387069,-0.21151791934676586,0.10536892499631144
4,test,5945,2016-12-06,garch_1_1_t,innovation,0.0840701628521815,0.11495575252055983,True,0,converged,3446,2500,0.0714030789671277,0.16331073104284244,0.47620630242839773
4,test,5946,2016-12-07,garch_1_1_t,innovation,0.0714171007236673,0.13367416523386855,True,0,converged,3447,2500,0.0834984585584622,-0.1562908247064297,0.47057706476275013
4,test,5947,2016-12-08,garch_1_1_t,innovation,0.0718523929888813,0.12985412022191392,True,0,converged,3448,2500,0.0751461453520065,-0.04482090484909042,0.5469768460700069
4,test,5948,2016-12-09,garch_1_1_t,innovation,0.0685989147776684,0.13005767353188163,True,0,converged,3449,2500,0.0776235293564232,-0.12359387954606976,0.516107400042994
4,test,5949,2016-12-12,garch_1_1_t,innovation,0.0692064880253299,0.12593354078775051,True,0,converged,3450,2500,0.0772977093848817,-0.11056970653834992,0.48808999137469894
4,test,5950,2016-12-13,garch_1_1_t,innovation,0.0656627564434289,0.1276067683413463,True,0,converged,3451,2500,0.0807754858252268,-0.20714163449171763,0.45727988668955305
4,test,5951,2016-12-14,garch_1_1_t,innovation,0.0592640550872941,0.13194130059565612,True,0,converged,3452,2500,0.0814197152311546,-0.31761447699228795,0.4827396856849108
4,test,5952,2016-12-15,garch_1_1_t,innovation,0.0587917355684798,0.1296779703799968,True,0,converged,3453,2500,0.0824462547817888,-0.33814533038993755,0.4529076024581156
4,test,5953,2016-12-16,garch_1_1_t,innovation,0.058902949180613,0.12591150410397134,True,0,converged,3454,2500,0.0807120421416468,-0.31499662484744523,0.4446915265784989
4,test,5954,2016-12-19,garch_1_1_t,innovation,0.0598625869298137,0.12267230198012184,True,0,converged,3455,2500,0.0806895636354178,-0.29855752610600916,0.41890734456917716
4,test,5955,2016-12-20,garch_1_1_t,innovation,0.0597176299055971,0.12113943325308349,True,0,converged,3456,2500,0.0773594741940848,-0.25883576914616657,0.44847916884485284
4,test,5956,2016-12-21,garch_1_1_t,innovation,0.0596144638397911,0.11886488921778272,True,0,converged,3457,2500,0.0776812597959597,-0.26471581511172415,0.42537342173325343
4,test,5957,2016-12-22,garch_1_1_t,innovation,0.0634889976857275,0.11623949744173603,True,0,converged,3458,2500,0.0778993727271291,-0.20455127446608448,0.40023479523797145
4,test,5958,2016-12-23,garch_1_1_t,innovation,0.0702838125377501,0.1137985998029998,True,0,converged,3459,2500,0.0769542607004845,-0.0906697187977329,0.39121898912178105
4,test,5959,2016-12-27,garch_1_1_t,innovation,0.0698299574464818,0.11225024045427348,True,0,converged,3460,2500,0.0756326171059431,-0.07982452587052218,0.39484303541074484
4,test,5960,2016-12-28,garch_1_1_t,innovation,0.0635575800717881,0.11965153088564882,True,0,converged,3461,2500,0.0808715588316894,-0.2409159348814233,0.39172140627675633
4,test,5961,2016-12-29,garch_1_1_t,innovation,0.0672796237932066,0.11650336486458703,True,0,converged,3462,2500,0.0804246702044169,-0.1784635484662324,0.37059918308982914
4,test,5962,2016-12-30,garch_1_1_t,innovation,0.0660128989751299,0.11555905166149043,True,0,converged,3463,2500,0.0804127288089502,-0.1973223202253192,0.36260918693128324
4,test,5963,2017-01-03,garch_1_1_t,innovation,0.0602320347541005,0.12080770371725612,True,0,converged,3464,2500,0.0848223008552891,-0.3423541404566978,0.35364156595289853
4,test,5964,2017-01-04,garch_1_1_t,innovation,0.056481096707403,0.12225643741010817,True,0,converged,3465,2500,0.0847693107416888,-0.40602756504417187,0.36618720905537705
4,test,5965,2017-01-05,garch_1_1_t,innovation,0.0614551044036784,0.11894992668501934,True,0,converged,3466,2500,0.0840701628521815,-0.31334482371816474,0.3470508981500073
4,test,5966,2017-01-06,garch_1_1_t,innovation,0.060468078286229,0.11752552105794431,True,0,converged,3467,2500,0.0714171007236673,-0.16642175244462243,0.4981181638904575
4,test,5967,2017-01-09,garch_1_1_t,innovation,0.0593183272581513,0.11601636882184135,True,0,converged,3468,2500,0.0718523929888813,-0.1916955990562122,0.4791173743710861
4,test,5968,2017-01-10,garch_1_1_t,innovation,0.0595001566390949,0.11314099398044283,True,0,converged,3469,2500,0.0685989147776684,-0.14229776990124374,0.5003580602397606
4,test,5969,2017-01-11,garch_1_1_t,innovation,0.0622960798961047,0.11172568002183217,True,0,converged,3470,2500,0.0692064880253299,-0.10519611502243262,0.4789519655490642
4,test,5970,2017-01-12,garch_1_1_t,innovation,0.0632192610825018,0.1102002573443322,True,0,converged,3471,2500,0.0656627564434289,-0.03792287306480028,0.5177673402139663
4,test,5971,2017-01-13,garch_1_1_t,innovation,0.0655866948230949,0.10878596173716298,True,0,converged,3472,2500,0.0592640550872941,0.10136988401303043,0.6073793293989106
4,test,5972,2017-01-17,garch_1_1_t,innovation,0.0659164777454656,0.10849057035305565,True,0,converged,3473,2500,0.0587917355684798,0.11438715844452199,0.612661966545445
4,test,5973,2017-01-18,garch_1_1_t,innovation,0.0680083855180375,0.10716958563311169,True,0,converged,3474,2500,0.058902949180613,0.14373985363280653,0.5985213318904585
4,test,5974,2017-01-19,garch_1_1_t,innovation,0.0667885274963521,0.10728767103232019,True,0,converged,3475,2500,0.0598625869298137,0.10947960390054966,0.5834620233668568
4,test,5975,2017-01-20,garch_1_1_t,innovation,0.0657455530044513,0.10718390631676099,True,0,converged,3476,2500,0.0597176299055971,0.09616474875214046,0.5849188246191629
4,test,5976,2017-01-23,garch_1_1_t,innovation,0.0684186198694198,0.10604028734798485,True,0,converged,3477,2500,0.0596144638397911,0.13774678139192253,0.5759208647201196
4,test,5977,2017-01-24,garch_1_1_t,innovation,0.064625227737822,0.1102600344596562,True,0,converged,3478,2500,0.0634889976857275,0.017738230717017977,0.5519748995975062
4,test,5978,2017-01-25,garch_1_1_t,innovation,0.0569760290030009,0.11831721443787198,True,0,converged,3479,2500,0.0702838125377501,-0.2099108741070008,0.5208277658298758
4,test,5979,2017-01-26,garch_1_1_t,innovation,0.0570327370030132,0.1151472020423153,True,0,converged,3480,2500,0.0698299574464818,-0.20243767111596475,0.5001482201277763
4,test,5980,2017-01-27,garch_1_1_t,innovation,0.0570294285811928,0.11257537529690388,True,0,converged,3481,2500,0.0635575800717881,-0.10837884231224859,0.5716767321194293
4,test,5981,2017-01-30,garch_1_1_t,innovation,0.0534489677696951,0.11549233567967741,True,0,converged,3482,2500,0.0672796237932066,-0.23013009877890092,0.5403467460179469
4,test,5982,2017-01-31,garch_1_1_t,innovation,0.0727422945942011,0.11148533719034044,True,0,converged,3483,2500,0.0660128989751299,0.09707282226334067,0.5240429152854336
4,test,5983,2017-02-01,garch_1_1_t,innovation,0.0761076857839418,0.10886791251368262,True,0,converged,3484,2500,0.0602320347541005,0.23394490606312593,0.5919309860388484
4,test,5984,2017-02-02,garch_1_1_t,innovation,0.076104545053493,0.10649514375036725,True,0,converged,3485,2500,0.056481096707403,0.298201977213967,0.6341933749012739
4,test,5985,2017-02-03,garch_1_1_t,innovation,0.0728656537722892,0.11136117522210624,True,0,converged,3486,2500,0.0614551044036784,0.1703104877935858,0.5944718513604952
4,test,5986,2017-02-06,garch_1_1_t,innovation,0.0733607484950027,0.10914956297207026,True,0,converged,3487,2500,0.060468078286229,0.19327343677833447,0.5906034849097068
4,test,5987,2017-02-07,garch_1_1_t,innovation,0.0736566418803921,0.10682511729005859,True,0,converged,3488,2500,0.0593183272581513,0.21649600226087473,0.5882747612369673
4,test,5988,2017-02-08,garch_1_1_t,innovation,0.0736473510813369,0.10477630116752734,True,0,converged,3489,2500,0.0595001566390949,0.21330923081481573,0.5658486672792278
4,test,5989,2017-02-09,garch_1_1_t,innovation,0.0716746417154037,0.10820687689330534,True,0,converged,3490,2500,0.0622960798961047,0.1402385122205447,0.5521464208344307
4,test,5990,2017-02-10,garch_1_1_t,innovation,0.0703207954137103,0.1081015937593158,True,0,converged,3491,2500,0.0632192610825018,0.1064585459716074,0.5364624492305602
4,test,5991,2017-02-13,garch_1_1_t,innovation,0.0689857849403741,0.11010177773707393,True,0,converged,3492,2500,0.0655866948230949,0.05052761545624511,0.5180323376056704
4,test,5992,2017-02-14,garch_1_1_t,innovation,0.074122309397754,0.10971176238516207,True,0,converged,3493,2500,0.0659164777454656,0.11732810656942759,0.5094681328199591
4,test,5993,2017-02-15,garch_1_1_t,innovation,0.0721206254336566,0.11116080202173308,True,0,converged,3494,2500,0.0680083855180375,0.05870905640754875,0.4913468058542759
4,test,5994,2017-02-16,garch_1_1_t,innovation,0.0723267688489525,0.1084541247339387,True,0,converged,3495,2500,0.0667885274963521,0.07966298578742365,0.4847959483312782
4,test,5995,2017-02-17,garch_1_1_t,innovation,0.0722155847343092,0.10631788140613128,True,0,converged,3496,2500,0.0657455530044513,0.09386384379402396,0.4806414537703106
4,test,5996,2017-02-21,garch_1_1_t,innovation,0.0829155425885294,0.10933731488368277,True,0,converged,3497,2500,0.0684186198694198,0.19217752266101276,0.4687927277755816
4,test,5997,2017-02-22,garch_1_1_t,innovation,0.0832745029781551,0.10686244423809374,True,0,converged,3498,2500,0.064625227737822,0.25353755880999257,0.5029375827304622
4,test,5998,2017-02-23,garch_1_1_t,innovation,0.0833260136112184,0.10486450364375988,True,0,converged,3499,2500,0.0569760290030009,0.3801301530966899,0.6100384397587115
4,test,5999,2017-02-24,garch_1_1_t,innovation,0.0832443466863674,0.10300553336751647,True,0,converged,3500,2500,0.0570327370030132,0.37815478252901064,0.5911572724469332
4,test,6000,2017-02-27,garch_1_1_t,innovation,0.0831395406025906,0.10143640406650031,True,0,converged,3501,2500,0.0570294285811928,0.3769529827205681,0.5758646156889594
4,test,6001,2017-02-28,garch_1_1_t,innovation,0.0865014763468049,0.10080696054820132,True,0,converged,3502,2500,0.0534489677696951,0.4814341561737875,0.6344800810992517
4,test,6002,2017-03-01,garch_1_1_t,innovation,0.0711249595197376,0.1262525483138266,True,0,converged,3503,2500,0.0727422945942011,-0.022484660907365457,0.5513612684045655
4,test,6003,2017-03-02,garch_1_1_t,innovation,0.0684339449924795,0.12711167405611626,True,0,converged,3504,2500,0.0761076857839418,-0.10628028226845981,0.5129167677421622
4,test,6004,2017-03-03,garch_1_1_t,innovation,0.0688959823155637,0.12265920214827558,True,0,converged,3505,2500,0.076104545053493,-0.09951012333556818,0.47730180776273406
4,test,6005,2017-03-06,garch_1_1_t,innovation,0.0683575383789577,0.11978824048977174,True,0,converged,3506,2500,0.0728656537722892,-0.0638655383939347,0.4971081350226783
4,test,6006,2017-03-07,garch_1_1_t,innovation,0.0675657326287267,0.11726268742237633,True,0,converged,3507,2500,0.0733607484950027,-0.08228809018753701,0.4690275788294828
4,test,6007,2017-03-08,garch_1_1_t,innovation,0.0680682706382299,0.11471053313258942,True,0,converged,3508,2500,0.0736566418803921,-0.0789031390186443,0.44299753142021003
4,test,6008,2017-03-09,garch_1_1_t,innovation,0.0686466888719698,0.11177695307123486,True,0,converged,3509,2500,0.0736473510813369,-0.07031527691990573,0.4172172192531379
4,test,6009,2017-03-10,garch_1_1_t,innovation,0.06761119615756,0.11070247742768946,True,0,converged,3510,2500,0.0716746417154037,-0.058363420050856984,0.434709206099855
4,test,6010,2017-03-13,garch_1_1_t,innovation,0.0676204891336303,0.10795134673052954,True,0,converged,3511,2500,0.0703207954137103,-0.03915653383889173,0.42861306772886726
4,test,6011,2017-03-14,garch_1_1_t,innovation,0.066371609620777,0.10762262759818454,True,0,converged,3512,2500,0.0689857849403741,-0.03863106891843412,0.4447304512662125
4,test,6012,2017-03-15,garch_1_1_t,innovation,0.0609320953390882,0.11579065945273907,True,0,converged,3513,2500,0.074122309397754,-0.19595650553043298,0.4460673423719627
4,test,6013,2017-03-16,garch_1_1_t,innovation,0.0647992555646903,0.11303804595670695,True,0,converged,3514,2500,0.0721206254336566,-0.1070459553295208,0.44938438150484755
4,test,6014,2017-03-17,garch_1_1_t,innovation,0.0716968509610786,0.110469971639586,True,0,converged,3515,2500,0.0723267688489525,-0.008747480522887593,0.4235494266453839
4,test,6015,2017-03-20,garch_1_1_t,innovation,0.072372713944509,0.1081303073387298,True,0,converged,3516,2500,0.0722155847343092,0.0021734714840940853,0.403681171609824
4,test,6016,2017-03-21,garch_1_1_t,innovation,0.0563596288998025,0.12797279668628972,True,0,converged,3517,2500,0.0829155425885294,-0.38606942800921,0.4339951848869829
4,test,6017,2017-03-22,garch_1_1_t,innovation,0.0627280860199391,0.12404261424465905,True,0,converged,3518,2500,0.0832745029781551,-0.28333312537774163,0.3984827542078377
4,test,6018,2017-03-23,garch_1_1_t,innovation,0.0636305238942006,0.11999067912793175,True,0,converged,3519,2500,0.0833260136112184,-0.26966749801358864,0.36465327716047596
4,test,6019,2017-03-24,garch_1_1_t,innovation,0.0744953434940115,0.11649994176415374,True,0,converged,3520,2500,0.0832443466863674,-0.111043598887455,0.3361105542436612
4,test,6020,2017-03-27,garch_1_1_t,innovation,0.0772037144153264,0.11329219464817664,True,0,converged,3521,2500,0.0831395406025906,-0.07407283815950169,0.30944986642647276
4,test,6021,2017-03-28,garch_1_1_t,innovation,0.0728219083525273,0.11741498902659508,True,0,converged,3522,2500,0.0865014763468049,-0.1721446325473523,0.30555309270218184
4,test,6022,2017-03-29,garch_1_1_t,innovation,0.072807175814075,0.1142694569859449,True,0,converged,3523,2500,0.0711249595197376,0.023376195915900934,0.47412099381714196
4,test,6023,2017-03-30,garch_1_1_t,innovation,0.0723430166231888,0.11250034153387549,True,0,converged,3524,2500,0.0684339449924795,0.055549952932930226,0.4970872841502903
4,test,6024,2017-03-31,garch_1_1_t,innovation,0.0724217411936694,0.11026826899110395,True,0,converged,3525,2500,0.0688959823155637,0.049908682544216765,0.47031834123524907
4,test,6025,2017-04-03,garch_1_1_t,innovation,0.072170176345762,0.10812513838891817,True,0,converged,3526,2500,0.0683575383789577,0.05427504262955932,0.45853739721972325
4,test,6026,2017-04-04,garch_1_1_t,innovation,0.0722636310804897,0.10561633873951515,True,0,converged,3527,2500,0.0675657326287267,0.0672200339228928,0.4467121414674188
4,test,6027,2017-04-05,garch_1_1_t,innovation,0.0716079184903399,0.10477130657734202,True,0,converged,3528,2500,0.0680682706382299,0.05069447979284045,0.43126876069882236
4,test,6028,2017-04-06,garch_1_1_t,innovation,0.0722699188296019,0.1038379456963202,True,0,converged,3529,2500,0.0686466888719698,0.05143508310659029,0.4138585703712974
4,test,6029,2017-04-07,garch_1_1_t,innovation,0.0721816073732671,0.10181928310754229,True,0,converged,3530,2500,0.06761119615756,0.06541167495562863,0.40942591469968176
4,test,6030,2017-04-10,garch_1_1_t,innovation,0.0722242720860243,0.0997964945713624,True,0,converged,3531,2500,0.0676204891336303,0.0658651370621885,0.3892220273470303
4,test,6031,2017-04-11,garch_1_1_t,innovation,0.0723812872625006,0.09814255739768776,True,0,converged,3532,2500,0.066371609620777,0.08667840366131518,0.39115168989249083
4,test,6032,2017-04-12,garch_1_1_t,innovation,0.0710549318513453,0.09981563101725002,True,0,converged,3533,2500,0.0609320953390882,0.1536932129927842,0.49356474151925384
4,test,6033,2017-04-13,garch_1_1_t,innovation,0.0674462207725386,0.10519056313573234,True,0,converged,3534,2500,0.0647992555646903,0.04003643593227646,0.48447947715398426
4,test,6034,2017-04-17,garch_1_1_t,innovation,0.0628562323548868,0.11470460938603814,True,0,converged,3535,2500,0.0716968509610786,-0.13159673450193335,0.4699133827889668
4,test,6035,2017-04-18,garch_1_1_t,innovation,0.0620396596176293,0.11254459144659901,True,0,converged,3536,2500,0.072372713944509,-0.15405549734063345,0.44152016239011965
4,test,6036,2017-04-19,garch_1_1_t,innovation,0.0885719684919801,0.10979564880373269,True,0,converged,3537,2500,0.0563596288998025,0.45206232229420307,0.6668677973606643
4,test,6037,2017-04-20,garch_1_1_t,innovation,0.0849743592736717,0.11649217266922071,True,0,converged,3538,2500,0.0627280860199391,0.30354026513510696,0.6190147931157746
4,test,6038,2017-04-21,garch_1_1_t,innovation,0.087303274254803,0.11426433086270667,True,0,converged,3539,2500,0.0636305238942006,0.3162946772673233,0.5854211654976792
4,test,6039,2017-04-24,garch_1_1_t,innovation,0.0802353154452337,0.1271222696112992,True,0,converged,3540,2500,0.0744953434940115,0.0742271401641806,0.5344127561581828
4,test,6040,2017-04-25,garch_1_1_t,innovation,0.077942940171342,0.1266041072120795,True,0,converged,3541,2500,0.0772037144153264,0.009529452660081846,0.4946173815558728
4,test,6041,2017-04-26,garch_1_1_t,innovation,0.0783489351252582,0.12191487518197555,True,0,converged,3542,2500,0.0728219083525273,0.07315552861783217,0.5153062079483465
4,test,6042,2017-04-27,garch_1_1_t,innovation,0.0801007027383901,0.11777838801393875,True,0,converged,3543,2500,0.072807175814075,0.09547010807942122,0.4809902717871896
4,test,6043,2017-04-28,garch_1_1_t,innovation,0.0797287895179443,0.11484847948644478,True,0,converged,3544,2500,0.0723430166231888,0.09721181785413159,0.46219476364286544
4,test,6044,2017-05-01,garch_1_1_t,innovation,0.0792865328809757,0.11227028140338935,True,0,converged,3545,2500,0.0724217411936694,0.09056174221966792,0.43840264391230954
4,test,6045,2017-05-02,garch_1_1_t,innovation,0.0792801576752797,0.1090651501529153,True,0,converged,3546,2500,0.072170176345762,0.09396098830174648,0.4129185209393094
4,test,6046,2017-05-03,garch_1_1_t,innovation,0.0840073838595419,0.10648991558815056,True,0,converged,3547,2500,0.0722636310804897,0.15058372339849288,0.38772931668166855
4,test,6047,2017-05-04,garch_1_1_t,innovation,0.08472913749017,0.1040155143907428,True,0,converged,3548,2500,0.0716079184903399,0.16825388935708074,0.3733344035575829
4,test,6048,2017-05-05,garch_1_1_t,innovation,0.083614108055507,0.104056314817075,True,0,converged,3549,2500,0.0722699188296019,0.14580428035822637,0.3645242590755805
4,test,6049,2017-05-08,garch_1_1_t,innovation,0.0843809288147992,0.10162422863126387,True,0,converged,3550,2500,0.0721816073732671,0.1561561462356984,0.3420967095718889
4,test,6050,2017-05-09,garch_1_1_t,innovation,0.0845728647611774,0.09959582765704046,True,0,converged,3551,2500,0.0722242720860243,0.15783729977763306,0.3213441048392821
4,test,6051,2017-05-10,garch_1_1_t,innovation,0.0843507484461664,0.09819708403809387,True,0,converged,3552,2500,0.0723812872625006,0.15303587929559723,0.3050287180472793
4,test,6052,2017-05-11,garch_1_1_t,innovation,0.0842106021617634,0.09710764522991154,True,0,converged,3553,2500,0.0710549318513453,0.16986756378584644,0.3123668418841281
4,test,6053,2017-05-12,garch_1_1_t,innovation,0.0840042582260229,0.09589843729416124,True,0,converged,3554,2500,0.0674462207725386,0.21953693970010593,0.35195913557138797
4,test,6054,2017-05-15,garch_1_1_t,innovation,0.0835117273536037,0.09959971369074692,True,0,converged,3555,2500,0.0628562323548868,0.284136976854635,0.46030919750661003
4,test,6055,2017-05-16,garch_1_1_t,innovation,0.0835698429901824,0.09770836029888487,True,0,converged,3556,2500,0.0620396596176293,0.29790887343478323,0.45421327471772777
4,test,6056,2017-05-17,garch_1_1_t,innovation,0.054698382330127,0.13997094461206752,True,0,converged,3557,2500,0.0885719684919801,-0.48198128934125917,0.457619437742542
4,test,6057,2017-05-18,garch_1_1_t,innovation,0.0528097153228897,0.1357950452007068,True,0,converged,3558,2500,0.0849743592736717,-0.4756543792659302,0.46879717307608293
4,test,6058,2017-05-19,garch_1_1_t,innovation,0.0559046376980208,0.13521145720041827,True,0,converged,3559,2500,0.087303274254803,-0.44574062701849193,0.4374519347004296
4,test,6059,2017-05-22,garch_1_1_t,innovation,0.0581303190725507,0.13269402261993382,True,0,converged,3560,2500,0.0802353154452337,-0.32227638951393145,0.5030821358524769
4,test,6060,2017-05-23,garch_1_1_t,innovation,0.0576052122161945,0.12796760526706402,True,0,converged,3561,2500,0.077942940171342,-0.3023639692491552,0.4958001253159048
4,test,6061,2017-05-24,garch_1_1_t,innovation,0.0570307764285078,0.1239837025482724,True,0,converged,3562,2500,0.0783489351252582,-0.31758131799271017,0.45897774844911454
4,test,6062,2017-05-25,garch_1_1_t,innovation,0.0546262600887125,0.12252749541370626,True,0,converged,3563,2500,0.0801007027383901,-0.38276990616384987,0.42505082985678017
4,test,6063,2017-05-26,garch_1_1_t,innovation,0.0546712160000044,0.11834341264265516,True,0,converged,3564,2500,0.0797287895179443,-0.37729338892749603,0.39495993030849474
4,test,6064,2017-05-30,garch_1_1_t,innovation,0.0616750283609071,0.11459134867966211,True,0,converged,3565,2500,0.0792865328809757,-0.2511891670029662,0.3683040207168098
4,test,6065,2017-05-31,garch_1_1_t,innovation,0.0693073510888353,0.11122220945712104,True,0,converged,3566,2500,0.0792801576752797,-0.13443690197218355,0.338542208347539
4,test,6066,2017-06-01,garch_1_1_t,innovation,0.0706746481467983,0.11721146621936597,True,0,converged,3567,2500,0.0840073838595419,-0.17281777297024412,0.33307500892379677
4,test,6067,2017-06-02,garch_1_1_t,innovation,0.0699962907788606,0.11488289412533044,True,0,converged,3568,2500,0.08472913749017,-0.1910172988771993,0.3044537469285541
4,test,6068,2017-06-05,garch_1_1_t,innovation,0.0702054212406462,0.11132707975130672,True,0,converged,3569,2500,0.083614108055507,-0.1747867287974265,0.2862602703348846
4,test,6069,2017-06-06,garch_1_1_t,innovation,0.0697625624013787,0.10970060607622305,True,0,converged,3570,2500,0.0843809288147992,-0.19024390356143808,0.26241347795883513
4,test,6070,2017-06-07,garch_1_1_t,innovation,0.0767274674062064,0.10710218708600999,True,0,converged,3571,2500,0.0845728647611774,-0.09735370857883353,0.23616993055846464
4,test,6071,2017-06-08,garch_1_1_t,innovation,0.0800658959756085,0.1042521207159033,True,0,converged,3572,2500,0.0843507484461664,-0.052133686740194904,0.21182852101583366
4,test,6072,2017-06-09,garch_1_1_t,innovation,0.079974922282266,0.10204531548989583,True,0,converged,3573,2500,0.0842106021617634,-0.051607715672212194,0.1920961544026081
4,test,6073,2017-06-12,garch_1_1_t,innovation,0.0800150905994631,0.09963620892194865,True,0,converged,3574,2500,0.0840042582260229,-0.04865224134709906,0.17065815119232572
4,test,6074,2017-06-13,garch_1_1_t,innovation,0.0825158203347015,0.10161712759356964,True,0,converged,3575,2500,0.0835117273536037,-0.011997032754082473,0.196225030269908
4,test,6075,2017-06-14,garch_1_1_t,innovation,0.08260801660779,0.09951083132624439,True,0,converged,3576,2500,0.0835698429901824,-0.011575996048875188,0.174583770560679
4,test,6076,2017-06-15,garch_1_1_t,innovation,0.0839655678480054,0.09823787938095604,True,0,converged,3577,2500,0.054698382330127,0.42857267273610605,0.5855577425587658
4,test,6077,2017-06-16,garch_1_1_t,innovation,0.0839630948590442,0.09602067302560685,True,0,converged,3578,2500,0.0528097153228897,0.46368217927271876,0.5978683361880593
4,test,6078,2017-06-19,garch_1_1_t,innovation,0.0786591444763703,0.10551953638170827,True,0,converged,3579,2500,0.0559046376980208,0.3414765498162914,0.6352487738400152
4,test,6079,2017-06-20,garch_1_1_t,innovation,0.0773147390573845,0.1096085500094057,True,0,converged,3580,2500,0.0581303190725507,0.2851972402173631,0.6342280118596816
4,test,6080,2017-06-21,garch_1_1_t,innovation,0.0773259405740467,0.10629607129031213,True,0,converged,3581,2500,0.0576052122161945,0.29441642893097814,0.612615272493689
4,test,6081,2017-06-22,garch_1_1_t,innovation,0.0773738077266727,0.10338192214974733,True,0,converged,3582,2500,0.0570307764285078,0.30505726239773423,0.5948390531842761
4,test,6082,2017-06-23,garch_1_1_t,innovation,0.0772626061452291,0.10101544472644283,True,0,converged,3583,2500,0.0546262600887125,0.3466953676751435,0.6147587020987977
4,test,6083,2017-06-26,garch_1_1_t,innovation,0.0777066560597392,0.09868265913905383,True,0,converged,3584,2500,0.0546712160000044,0.3516035620733815,0.5905718831844315
4,test,6084,2017-06-27,garch_1_1_t,innovation,0.0722077691375067,0.1070407719404006,True,0,converged,3585,2500,0.0616750283609071,0.15766852363255968,0.5513306857944436
4,test,6085,2017-06-28,garch_1_1_t,innovation,0.0649952497895294,0.11561266678885629,True,0,converged,3586,2500,0.0693073510888353,-0.0642367898240666,0.5116945476453845
4,test,6086,2017-06-29,garch_1_1_t,innovation,0.0570950593714796,0.12239949068508724,True,0,converged,3587,2500,0.0706746481467983,-0.2133693380747475,0.5492032839004158
4,test,6087,2017-06-30,garch_1_1_t,innovation,0.0567466824516957,0.11846411621158984,True,0,converged,3588,2500,0.0699962907788606,-0.20984505612021784,0.5261678461651151
4,test,6088,2017-07-03,garch_1_1_t,innovation,0.0569777159959818,0.11485845098183775,True,0,converged,3589,2500,0.0702054212406462,-0.2087652897444881,0.49227497550390154
4,test,6089,2017-07-05,garch_1_1_t,innovation,0.05641131250141,0.11194540536816215,True,0,converged,3590,2500,0.0697625624013787,-0.21242779593985425,0.4729137897844592
4,test,6090,2017-07-06,garch_1_1_t,innovation,0.0465445206470876,0.12011685515709243,True,0,converged,3591,2500,0.0767274674062064,-0.4998504712619275,0.4482053028499708
4,test,6091,2017-07-07,garch_1_1_t,innovation,0.0410078209211343,0.1214544100390327,True,0,converged,3592,2500,0.0800658959756085,-0.6690871926275161,0.41668897103494773
4,test,6092,2017-07-10,garch_1_1_t,innovation,0.0413594197747123,0.11726022168197942,True,0,converged,3593,2500,0.079974922282266,-0.65941291261581,0.38268246799115185
4,test,6093,2017-07-11,garch_1_1_t,innovation,0.0421918421552965,0.11348003215231725,True,0,converged,3594,2500,0.0800150905994631,-0.6399883608793975,0.34941164389256607
4,test,6094,2017-07-12,garch_1_1_t,innovation,0.0327706516035473,0.1176556423473459,True,0,converged,3595,2500,0.0825158203347015,-0.9234566899279038,0.35477203618738945
4,test,6095,2017-07-13,garch_1_1_t,innovation,0.0598719386347813,0.1141500955990781,True,0,converged,3596,2500,0.08260801660779,-0.3218988040296647,0.32340748128126784
4,test,6096,2017-07-14,garch_1_1_t,innovation,0.0577859972251744,0.11371448922215556,True,0,converged,3597,2500,0.0839655678480054,-0.3736603244494989,0.30328401819225403
4,test,6097,2017-07-17,garch_1_1_t,innovation,0.0675652686954061,0.11013322480610406,True,0,converged,3598,2500,0.0839630948590442,-0.2172832810607668,0.271313412175458
4,test,6098,2017-07-18,garch_1_1_t,innovation,0.0675405370352821,0.10695960991641078,True,0,converged,3599,2500,0.0786591444763703,-0.1523959244302836,0.3073273950602248
4,test,6099,2017-07-19,garch_1_1_t,innovation,0.0650589879645655,0.10846485581973205,True,0,converged,3600,2500,0.0773147390573845,-0.17259024535646794,0.33854160015132806
4,test,6100,2017-07-20,garch_1_1_t,innovation,0.0856818508864992,0.10553057764573161,True,0,converged,3601,2500,0.0773259405740467,0.10261154581956651,0.31097126402313957
4,test,6101,2017-07-21,garch_1_1_t,innovation,0.0858033419415225,0.10290261823857187,True,0,converged,3602,2500,0.0773738077266727,0.10340963424195768,0.2851347651508434
4,test,6102,2017-07-24,garch_1_1_t,innovation,0.0858439007723594,0.10057813847009389,True,0,converged,3603,2500,0.0772626061452291,0.10532045084161286,0.2637248338091911
4,test,6103,2017-07-25,garch_1_1_t,innovation,0.0930511887696547,0.09919127970002882,True,0,converged,3604,2500,0.0777066560597392,0.18020884132826082,0.24410918689794245
4,test,6104,2017-07-26,garch_1_1_t,innovation,0.0939205853830054,0.09696404324884393,True,0,converged,3605,2500,0.0722077691375067,0.26290194295130503,0.29479257573296175
4,test,6105,2017-07-27,garch_1_1_t,innovation,0.0942273521504812,0.09515965755928397,True,0,converged,3606,2500,0.0649952497895294,0.3713963149028575,0.3812418997858636
4,test,6106,2017-07-28,garch_1_1_t,innovation,0.0944988955811563,0.09355555313921417,True,0,converged,3607,2500,0.0570950593714796,0.5038705604346565,0.4938378240533736
4,test,6107,2017-07-31,garch_1_1_t,innovation,0.0944775787460385,0.09190096998533366,True,0,converged,3608,2500,0.0567466824516957,0.5097653487501848,0.4821143884456222
4,test,6108,2017-08-01,garch_1_1_t,innovation,0.0942341293554894,0.0913100812151142,True,0,converged,3609,2500,0.0569777159959818,0.5031221793921997,0.47160095611590114
4,test,6109,2017-08-02,garch_1_1_t,innovation,0.0957002343913496,0.0896365142594384,True,0,converged,3610,2500,0.05641131250141,0.5285510330288945,0.4630930475245652
4,test,6110,2017-08-03,garch_1_1_t,innovation,0.0977974035442394,0.08899049247915528,True,0,converged,3611,2500,0.0465445206470876,0.7424887402438208,0.6481202501318004
4,test,6111,2017-08-04,garch_1_1_t,innovation,0.0977125815751815,0.08817540790724966,True,0,converged,3612,2500,0.0410078209211343,0.8682675257080349,0.7655652995343689
4,test,6112,2017-08-07,garch_1_1_t,innovation,0.1007910823573544,0.08749424255943157,True,0,converged,3613,2500,0.0413594197747123,0.8907496816026994,0.7492727904339717
4,test,6113,2017-08-08,garch_1_1_t,innovation,0.1011368058629722,0.08746156867735454,True,0,converged,3614,2500,0.0421918421552965,0.8742472253112666,0.7289725932655081
4,test,6114,2017-08-09,garch_1_1_t,innovation,0.1011376259137034,0.08593296492882162,True,0,converged,3615,2500,0.0327706516035473,1.1269488754470562,0.9640341680694995
4,test,6115,2017-08-10,garch_1_1_t,innovation,0.087749554323768,0.11903550920896686,True,0,converged,3616,2500,0.0598719386347813,0.3822788582506887,0.6872139201631217
4,test,6116,2017-08-11,garch_1_1_t,innovation,0.0953453772409338,0.1149695336780604,True,0,converged,3617,2500,0.0577859972251744,0.5007593650795102,0.6879206849381532
4,test,6117,2017-08-14,garch_1_1_t,innovation,0.08948405644886,0.12489058316746975,True,0,converged,3618,2500,0.0675652686954061,0.28096639485047986,0.6143439449876927
4,test,6118,2017-08-15,garch_1_1_t,innovation,0.0894992150696555,0.11998908006718323,True,0,converged,3619,2500,0.0675405370352821,0.2815018887787623,0.5746727729090638
4,test,6119,2017-08-16,garch_1_1_t,innovation,0.0892923678037218,0.11591174625714876,True,0,converged,3620,2500,0.0650589879645655,0.3166216517991899,0.5775347279098068
4,test,6120,2017-08-17,garch_1_1_t,innovation,0.069890365320756,0.144019825491059,True,0,converged,3621,2500,0.0856818508864992,-0.20371322366561204,0.5193099388977149
4,test,6121,2017-08-18,garch_1_1_t,innovation,0.0700764907772075,0.13754076026827697,True,0,converged,3622,2500,0.0858033419415225,-0.20247058525454956,0.4718623553894457
4,test,6122,2017-08-21,garch_1_1_t,innovation,0.0701115430776229,0.13152816015350893,True,0,converged,3623,2500,0.0858439007723594,-0.20244309329548554,0.4266904346939398
4,test,6123,2017-08-22,garch_1_1_t,innovation,0.0596124583154489,0.14000093652346324,True,0,converged,3624,2500,0.0930511887696547,-0.4452851742419201,0.4084993534327836
4,test,6124,2017-08-23,garch_1_1_t,innovation,0.0590065540208773,0.13526095238491165,True,0,converged,3625,2500,0.0939205853830054,-0.46480106600779797,0.36475630442069595
4,test,6125,2017-08-24,garch_1_1_t,innovation,0.0584265770772545,0.13014547737071636,True,0,converged,3626,2500,0.0942273521504812,-0.4779396287141078,0.32294237950926596
4,test,6126,2017-08-25,garch_1_1_t,innovation,0.0582909610929063,0.1254023517243934,True,0,converged,3627,2500,0.0944988955811563,-0.4831411074112657,0.282939234346499
4,test,6127,2017-08-28,garch_1_1_t,innovation,0.0583299595114204,0.12041091306954031,True,0,converged,3628,2500,0.0944775787460385,-0.4822466977662412,0.24254762447766887
4,test,6128,2017-08-29,garch_1_1_t,innovation,0.0598016014861755,0.11610529789747037,True,0,converged,3629,2500,0.0942341293554894,-0.4547499820446955,0.2087150965065889
4,test,6129,2017-08-30,garch_1_1_t,innovation,0.0575579587159427,0.11529379180703574,True,0,converged,3630,2500,0.0957002343913496,-0.5084283298828124,0.18626283431457502
4,test,6130,2017-08-31,garch_1_1_t,innovation,0.0549069793530787,0.11651209611877446,True,0,converged,3631,2500,0.0977974035442394,-0.5772575591542172,0.17509706890062374
4,test,6131,2017-09-01,garch_1_1_t,innovation,0.056795745519645,0.11268992300423165,True,0,converged,3632,2500,0.0977125815751815,-0.5425689082964882,0.14260967431604704
4,test,6132,2017-09-05,garch_1_1_t,innovation,0.0512715909176629,0.11667777572400422,True,0,converged,3633,2500,0.1007910823573544,-0.6759130675459409,0.14636619872698686
4,test,6133,2017-09-06,garch_1_1_t,innovation,0.050001719103395,0.11416060787855016,True,0,converged,3634,2500,0.1011368058629722,-0.7044167269051714,0.1211321841388245
4,test,6134,2017-09-07,garch_1_1_t,innovation,0.0542192794469625,0.1102353896690735,True,0,converged,3635,2500,0.1011376259137034,-0.6234456675590427,0.08613576342837803
4,test,6135,2017-09-08,garch_1_1_t,innovation,0.0542097401970874,0.10690563401083611,True,0,converged,3636,2500,0.087749554323768,-0.4816261826683375,0.19745973680310233
4,test,6136,2017-09-11,garch_1_1_t,innovation,0.039432251950129,0.12031005369513015,True,0,converged,3637,2500,0.0953453772409338,-0.8829217900007368,0.23256634248449595
4,test,6137,2017-09-12,garch_1_1_t,innovation,0.0387258638892951,0.1173544901026336,True,0,converged,3638,2500,0.08948405644886,-0.8375527748118955,0.2711387148744509
4,test,6138,2017-09-13,garch_1_1_t,innovation,0.0390875953281742,0.11323258620192585,True,0,converged,3639,2500,0.0894992150696555,-0.8284246934495172,0.23521413324790358
4,test,6139,2017-09-14,garch_1_1_t,innovation,0.0394281151748403,0.10934613254422125,True,0,converged,3640,2500,0.0892923678037218,-0.817436872364056,0.2026023615112536
4,test,6140,2017-09-15,garch_1_1_t,innovation,0.0393762504049163,0.10613737448716981,True,0,converged,3641,2500,0.069890365320756,-0.5737649516003945,0.41780643621814095
4,test,6141,2017-09-18,garch_1_1_t,innovation,0.038935790487979,0.10368443390578369,True,0,converged,3642,2500,0.0700764907772075,-0.5876734792648926,0.39176462613632057
4,test,6142,2017-09-19,garch_1_1_t,innovation,0.0388539486541756,0.10094518377061767,True,0,converged,3643,2500,0.0701115430776229,-0.5902777362476099,0.3644901882064122
4,test,6143,2017-09-20,garch_1_1_t,innovation,0.0389879170489563,0.09830253871880051,True,0,converged,3644,2500,0.0596124583154489,-0.42461280549732083,0.5001852686880771
4,test,6144,2017-09-21,garch_1_1_t,innovation,0.0378193083730745,0.09710044636378272,True,0,converged,3645,2500,0.0590065540208773,-0.4448287471055196,0.49809744940022993
4,test,6145,2017-09-22,garch_1_1_t,innovation,0.0419951857832299,0.09475171454412377,True,0,converged,3646,2500,0.0584265770772545,-0.3302158857481159,0.483489065998493
4,test,6146,2017-09-25,garch_1_1_t,innovation,0.0436137448759262,0.09374589626719823,True,0,converged,3647,2500,0.0582909610929063,-0.2900746899260761,0.47514085069431516
4,test,6147,2017-09-26,garch_1_1_t,innovation,0.0440048966856625,0.09170144761212838,True,0,converged,3648,2500,0.0583299595114204,-0.28181493059901686,0.45242231889391404
4,test,6148,2017-09-27,garch_1_1_t,innovation,0.0453471700568399,0.09280238480582712,True,0,converged,3649,2500,0.0598016014861755,-0.2766846689639767,0.43943989649734727
4,test,6149,2017-09-28,garch_1_1_t,innovation,0.0453792470236582,0.0909879115098284,True,0,converged,3650,2500,0.0575579587159427,-0.23773753128099862,0.4579342393379261
4,test,6150,2017-09-29,garch_1_1_t,innovation,0.0523410058420968,0.09156803675233424,True,0,converged,3651,2500,0.0549069793530787,-0.04786035452478477,0.5114417981265131
4,test,6151,2017-10-02,garch_1_1_t,innovation,0.0517583582017352,0.09337980662016733,True,0,converged,3652,2500,0.056795745519645,-0.09287548984999844,0.49721369855071595
4,test,6152,2017-10-03,garch_1_1_t,innovation,0.0514963111612687,0.0921261377784115,True,0,converged,3653,2500,0.0512715909176629,0.004373361667053846,0.5860218853087762
4,test,6153,2017-10-04,garch_1_1_t,innovation,0.0515379087854328,0.09037930970469801,True,0,converged,3654,2500,0.050001719103395,0.03026024290219835,0.5919579793492357
4,test,6154,2017-10-05,garch_1_1_t,innovation,0.0470989493288549,0.09539529033962471,True,0,converged,3655,2500,0.0542192794469625,-0.1407858610190125,0.5649926551768718
4,test,6155,2017-10-06,garch_1_1_t,innovation,0.0483933515756896,0.09340443924305343,True,0,converged,3656,2500,0.0542097401970874,-0.1134981605846972,0.5440782727408714
4,test,6156,2017-10-09,garch_1_1_t,innovation,0.0483492575184525,0.09174016742593458,True,0,converged,3657,2500,0.039432251950129,0.20386680652295047,0.8443762553055374
4,test,6157,2017-10-10,garch_1_1_t,innovation,0.0475002416814693,0.09114004188977393,True,0,converged,3658,2500,0.0387258638892951,0.20422710469472766,0.8558895510918525
4,test,6158,2017-10-11,garch_1_1_t,innovation,0.0475565426110138,0.08968061339834771,True,0,converged,3659,2500,0.0390875953281742,0.196114212247866,0.8304494569758126
4,test,6159,2017-10-12,garch_1_1_t,innovation,0.0489902156367739,0.08831599691206153,True,0,converged,3660,2500,0.0394281151748403,0.21714145234729607,0.8064421117411572
4,test,6160,2017-10-13,garch_1_1_t,innovation,0.0488118202737625,0.0868188067512784,True,0,converged,3661,2500,0.0393762504049163,0.21480964929661295,0.7906604128818066
4,test,6161,2017-10-16,garch_1_1_t,innovation,0.0486938309929222,0.08557683811261567,True,0,converged,3662,2500,0.038935790487979,0.22363845682480685,0.7875007721536968
4,test,6162,2017-10-17,garch_1_1_t,innovation,0.0493250865054071,0.08412280917521091,True,0,converged,3663,2500,0.0388539486541756,0.2386230955824337,0.7724680350230655
4,test,6163,2017-10-18,garch_1_1_t,innovation,0.0523272293334016,0.08301057119174356,True,0,converged,3664,2500,0.0389879170489563,0.29426509406799645,0.7557161845742556
4,test,6164,2017-10-19,garch_1_1_t,innovation,0.0603334718426133,0.08154161982212704,True,0,converged,3665,2500,0.0378193083730745,0.46706726259868053,0.7682937868317204
4,test,6165,2017-10-20,garch_1_1_t,innovation,0.0584418628894793,0.08657451218525537,True,0,converged,3666,2500,0.0419951857832299,0.3304774758286597,0.7234504681765788
4,test,6166,2017-10-23,garch_1_1_t,innovation,0.0571026327650154,0.0882082159362479,True,0,converged,3667,2500,0.0436137448759262,0.26947787344559987,0.7043277597568953
4,test,6167,2017-10-24,garch_1_1_t,innovation,0.0613008743460482,0.08698165891764946,True,0,converged,3668,2500,0.0440048966856625,0.33149319019769136,0.6813963633543483
4,test,6168,2017-10-25,garch_1_1_t,innovation,0.0587995433956501,0.09057585393180365,True,0,converged,3669,2500,0.0453471700568399,0.2597863171550415,0.6918398922947729
4,test,6169,2017-10-26,garch_1_1_t,innovation,0.0591897906417364,0.08872949305240203,True,0,converged,3670,2500,0.0453792470236582,0.2656941851192457,0.6705374509352917
4,test,6170,2017-10-27,garch_1_1_t,innovation,0.0516828219188621,0.09982601047759138,True,0,converged,3671,2500,0.0523410058420968,-0.012654652705168511,0.6456486610063851
4,test,6171,2017-10-30,garch_1_1_t,innovation,0.061476797051137,0.09934101265988643,True,0,converged,3672,2500,0.0517583582017352,0.1720738896531137,0.6519725732571101
4,test,6172,2017-10-31,garch_1_1_t,innovation,0.0612660682970931,0.09682051857903277,True,0,converged,3673,2500,0.0514963111612687,0.1737159773964551,0.6313487634442247
4,test,6173,2017-11-01,garch_1_1_t,innovation,0.0684756958249556,0.09454530425392847,True,0,converged,3674,2500,0.0515379087854328,0.28416124702752926,0.6067614999066794
4,test,6174,2017-11-02,garch_1_1_t,innovation,0.0688579489150725,0.09197239257190863,True,0,converged,3675,2500,0.0470989493288549,0.37979497763169623,0.6692377577451161
4,test,6175,2017-11-03,garch_1_1_t,innovation,0.0679699182361767,0.09195987333197027,True,0,converged,3676,2500,0.0483933515756896,0.3397027882693242,0.6419898823201173
4,test,6176,2017-11-06,garch_1_1_t,innovation,0.0689446853286892,0.09014552613863869,True,0,converged,3677,2500,0.0483492575184525,0.35485365580195455,0.6229744561691131
4,test,6177,2017-11-07,garch_1_1_t,innovation,0.0689037383400143,0.08811872823596417,True,0,converged,3678,2500,0.0475002416814693,0.37197563496395347,0.6179502905876203
4,test,6178,2017-11-08,garch_1_1_t,innovation,0.0695427420782348,0.08684266428073667,True,0,converged,3679,2500,0.0475565426110138,0.3800221836016594,0.6021786510103333
4,test,6179,2017-11-09,garch_1_1_t,innovation,0.0710099395174239,0.08793506525530204,True,0,converged,3680,2500,0.0489902156367739,0.3711992631567553,0.5849780499841271
4,test,6180,2017-11-10,garch_1_1_t,innovation,0.07180007629085,0.08594954133442154,True,0,converged,3681,2500,0.0488118202737625,0.3859130363467477,0.5657878931378443
4,test,6181,2017-11-13,garch_1_1_t,innovation,0.0719968902983795,0.08434415953397773,True,0,converged,3682,2500,0.0486938309929222,0.39107057937491213,0.5493532173327378
4,test,6182,2017-11-14,garch_1_1_t,innovation,0.0715233018137691,0.08411529732562854,True,0,converged,3683,2500,0.0493250865054071,0.3715904904081612,0.533755639225079
4,test,6183,2017-11-15,garch_1_1_t,innovation,0.0707784238407886,0.0880998524601033,True,0,converged,3684,2500,0.0523272293334016,0.3020373333068914,0.5209539853178387
4,test,6184,2017-11-16,garch_1_1_t,innovation,0.0705227683432434,0.10001003534253639,True,0,converged,3685,2500,0.0603334718426133,0.15604857457371796,0.5053834960493842
4,test,6185,2017-11-17,garch_1_1_t,innovation,0.0732653991043234,0.09849429653700809,True,0,converged,3686,2500,0.0584418628894793,0.22605598914946812,0.5219661799906471
4,test,6186,2017-11-20,garch_1_1_t,innovation,0.0742818207059793,0.0961368764751521,True,0,converged,3687,2500,0.0571026327650154,0.2630160240053939,0.5209227490333711
4,test,6187,2017-11-21,garch_1_1_t,innovation,0.0706068101443658,0.10114041936428651,True,0,converged,3688,2500,0.0613008743460482,0.14133249458111125,0.5007157357830608
4,test,6188,2017-11-22,garch_1_1_t,innovation,0.0709139864333017,0.09790261305685453,True,0,converged,3689,2500,0.0587995433956501,0.18733359445182238,0.5098391507671856
4,test,6189,2017-11-24,garch_1_1_t,innovation,0.0704456191386102,0.09590018232217701,True,0,converged,3690,2500,0.0591897906417364,0.17409198078945495,0.4825588114155669
4,test,6190,2017-11-27,garch_1_1_t,innovation,0.0705513537539959,0.09327141033733835,True,0,converged,3691,2500,0.0516828219188621,0.31121540501337386,0.5903881719655669
4,test,6191,2017-11-28,garch_1_1_t,innovation,0.0608005002837555,0.10857484421761274,True,0,converged,3692,2500,0.061476797051137,-0.011061802612202652,0.5687799237275628
4,test,6192,2017-11-29,garch_1_1_t,innovation,0.0611984014118504,0.10453833644838735,True,0,converged,3693,2500,0.0612660682970931,-0.001105086108482529,0.5343277055308859
4,test,6193,2017-11-30,garch_1_1_t,innovation,0.0544758812708877,0.11329633793854611,True,0,converged,3694,2500,0.0684756958249556,-0.22872081860597923,0.5035279688635139
4,test,6194,2017-12-01,garch_1_1_t,innovation,0.0596161254472319,0.10947844270440761,True,0,converged,3695,2500,0.0688579489150725,-0.1441195724908717,0.46368198843341324
4,test,6195,2017-12-04,garch_1_1_t,innovation,0.0635337953313288,0.10564665246381708,True,0,converged,3696,2500,0.0679699182361767,-0.06749325415059876,0.4410348299913239
4,test,6196,2017-12-05,garch_1_1_t,innovation,0.0639988248735903,0.10415350922011157,True,0,converged,3697,2500,0.0689446853286892,-0.0744397993505166,0.4125613398519848
4,test,6197,2017-12-06,garch_1_1_t,innovation,0.0681996483220027,0.10062481187582,True,0,converged,3698,2500,0.0689037383400143,-0.01027102575529182,0.37868843215737363
4,test,6198,2017-12-07,garch_1_1_t,innovation,0.0675898314814649,0.09933075915987509,True,0,converged,3699,2500,0.0695427420782348,-0.02848400760831969,0.35651372553269395
4,test,6199,2017-12-08,garch_1_1_t,innovation,0.0652697149084503,0.10140712950959083,True,0,converged,3700,2500,0.0710099395174239,-0.08429171568908683,0.3563235389845349
4,test,6200,2017-12-11,garch_1_1_t,innovation,0.0646190965293379,0.09980318929037524,True,0,converged,3701,2500,0.07180007629085,-0.10537555958705144,0.32931460102392585
4,test,6201,2017-12-12,garch_1_1_t,innovation,0.0692989730122535,0.09727268961213467,True,0,converged,3702,2500,0.0719968902983795,-0.038192841144995646,0.300895339709493
4,test,6202,2017-12-13,garch_1_1_t,innovation,0.0730351858575198,0.09441650559874902,True,0,converged,3703,2500,0.0715233018137691,0.020918026973329444,0.27769260921226585
4,test,6203,2017-12-14,garch_1_1_t,innovation,0.0725990984457164,0.09497924178528684,True,0,converged,3704,2500,0.0707784238407886,0.02539829740746308,0.2941041539578953
4,test,6204,2017-12-15,garch_1_1_t,innovation,0.0744162898544685,0.10442368249977622,True,0,converged,3705,2500,0.0705227683432434,0.053739254627182174,0.39252088068822605
4,test,6205,2017-12-18,garch_1_1_t,innovation,0.0712036048625274,0.10749320130140518,True,0,converged,3706,2500,0.0732653991043234,-0.028545005254880476,0.3833391493770633
4,test,6206,2017-12-19,garch_1_1_t,innovation,0.0717147391502094,0.10612552118251133,True,0,converged,3707,2500,0.0742818207059793,-0.03516995414505295,0.3567563080711291
4,test,6207,2017-12-20,garch_1_1_t,innovation,0.077238797662157,0.1024451177494457,True,0,converged,3708,2500,0.0706068101443658,0.08977529036469568,0.3722006177748382
4,test,6208,2017-12-21,garch_1_1_t,innovation,0.0772600323761098,0.09985568737254787,True,0,converged,3709,2500,0.0709139864333017,0.08570909234586609,0.3422583334577851
4,test,6209,2017-12-22,garch_1_1_t,innovation,0.0772667328774213,0.09680556803976664,True,0,converged,3710,2500,0.0704456191386102,0.09242244671824097,0.317863461269025
4,test,6210,2017-12-26,garch_1_1_t,innovation,0.0771644690255284,0.09428818675662826,True,0,converged,3711,2500,0.0705513537539959,0.08959823861167546,0.2900150421075518
4,test,6211,2017-12-27,garch_1_1_t,innovation,0.0872984717390561,0.09178914807736929,True,0,converged,3712,2500,0.0608005002837555,0.3617349395500804,0.4118960606844441
4,test,6212,2017-12-28,garch_1_1_t,innovation,0.0901406899665135,0.09033735988745428,True,0,converged,3713,2500,0.0611984014118504,0.3872506031652469,0.38943003716231533
4,test,6213,2017-12-29,garch_1_1_t,innovation,0.0963582636871053,0.09101434869355265,True,0,converged,3714,2500,0.0544758812708877,0.5703151003342583,0.5132591138093718
4,test,6214,2018-01-02,garch_1_1_t,innovation,0.0929901417765158,0.09822974510517103,True,0,converged,3715,2500,0.0596161254472319,0.4445673864601574,0.49938297413439714
4,test,6215,2018-01-03,garch_1_1_t,innovation,0.090346522381998,0.10229325697856781,True,0,converged,3716,2500,0.0635337953313288,0.3520805515154217,0.4762717823297977
4,test,6216,2018-01-04,garch_1_1_t,innovation,0.1185066222127413,0.10200901544169458,True,0,converged,3717,2500,0.0639988248735903,0.6161041208246295,0.46619647422072996
4,test,6217,2018-01-05,garch_1_1_t,innovation,0.1910112974953351,0.10617056380992934,True,0,converged,3718,2500,0.0681996483220027,1.0298931672203757,0.4426074851889818
4,test,6218,2018-01-08,garch_1_1_t,innovation,0.2030753067747722,0.10304233656563921,True,0,converged,3719,2500,0.0675898314814649,1.1001193297209368,0.4216823885333116
4,test,6219,2018-01-09,garch_1_1_t,innovation,0.203833258902823,0.1007770418485567,True,0,converged,3720,2500,0.0652697149084503,1.1387741565480316,0.4343824254999784
4,test,6220,2018-01-10,garch_1_1_t,innovation,0.2448139744047472,0.09800214534392036,True,0,converged,3721,2500,0.0646190965293379,1.3319886549823776,0.4164793906822352
4,test,6221,2018-01-11,garch_1_1_t,innovation,0.2491364533170054,0.10420922566891193,True,0,converged,3722,2500,0.0692989730122535,1.279570665015775,0.4079705768513201
4,test,6222,2018-01-12,garch_1_1_t,innovation,0.2534058850443693,0.1076298507229076,True,0,converged,3723,2500,0.0730351858575198,1.244051168871132,0.38775670925550665
4,test,6223,2018-01-16,garch_1_1_t,innovation,0.2532678275948083,0.10563563417651477,True,0,converged,3724,2500,0.0725990984457164,1.2494950322416978,0.3750432555532459
4,test,6224,2018-01-17,garch_1_1_t,innovation,0.2554899926184683,0.11606902857497368,True,0,converged,3725,2500,0.0744162898544685,1.2335083735129928,0.444510220512372
4,test,6225,2018-01-18,garch_1_1_t,innovation,0.2593551533527689,0.11183210400638334,True,0,converged,3726,2500,0.0712036048625274,1.2926549236352816,0.4514552279639055
4,test,6226,2018-01-19,garch_1_1_t,innovation,0.2588562262699553,0.11077437338563427,True,0,converged,3727,2500,0.0717147391502094,1.2835765032134994,0.434799167000813
4,test,6227,2018-01-22,garch_1_1_t,innovation,0.2582195206956675,0.11647733162302122,True,0,converged,3728,2500,0.077238797662157,1.2069081873787273,0.4107947845495818
4,test,6228,2018-01-23,garch_1_1_t,innovation,0.2587160386940741,0.11237836143934382,True,0,converged,3729,2500,0.0772600323761098,1.2085543082494703,0.3746946287495543
4,test,6229,2018-01-24,garch_1_1_t,innovation,0.2587532057496852,0.10804324948961097,True,0,converged,3730,2500,0.0772667328774213,1.208611234724152,0.33526810604991547
4,test,6230,2018-01-25,garch_1_1_t,innovation,0.2647678298624609,0.1041850326149478,True,0,converged,3731,2500,0.0771644690255284,1.2329142229458996,0.3002293727686963
4,test,6231,2018-01-26,garch_1_1_t,innovation,0.2647863648842571,0.120613663429862,True,0,converged,3732,2500,0.0872984717390561,1.1095903737685588,0.323259616474376
4,test,6232,2018-01-29,garch_1_1_t,innovation,0.2674763872671464,0.12181985773464479,True,0,converged,3733,2500,0.0901406899665135,1.087659618920373,0.30117170595417964
4,test,6233,2018-01-30,garch_1_1_t,innovation,0.2674144716858734,0.1309257329382051,True,0,converged,3734,2500,0.0963582636871053,1.0207266246324531,0.306557079740059
4,test,6234,2018-01-31,garch_1_1_t,innovation,0.2724163196241236,0.12484925601874391,True,0,converged,3735,2500,0.0929901417765158,1.0748379978636498,0.2946135725756294
4,test,6235,2018-02-01,garch_1_1_t,innovation,0.2729972981884347,0.11961044012437294,True,0,converged,3736,2500,0.090346522381998,1.105809372607555,0.2805876039338415
4,test,6236,2018-02-02,garch_1_1_t,innovation,0.2647398705505739,0.1711742128850664,True,0,converged,3737,2500,0.1185066222127413,0.8037788806517844,0.36771298402553687
4,test,6237,2018-02-05,garch_1_1_t,innovation,0.2171881033841662,0.2967547596632838,True,0,converged,3738,2500,0.1910112974953351,0.12843123843933102,0.440573497176927
4,test,6238,2018-02-06,garch_1_1_t,innovation,0.2058544184132595,0.3005236741162453,True,0,converged,3739,2500,0.2030753067747722,0.013592332639385148,0.39194965370535056
4,test,6239,2018-02-07,garch_1_1_t,innovation,0.205661973850684,0.2826109411041386,True,0,converged,3740,2500,0.203833258902823,0.008931616089910138,0.3267688840631477
4,test,6240,2018-02-08,garch_1_1_t,innovation,0.1662282174279896,0.3467889554414455,True,0,converged,3741,2500,0.2448139744047472,-0.38713698603343194,0.3482177633490056
4,test,6241,2018-02-09,garch_1_1_t,innovation,0.157641037717191,0.3353366417936793,True,0,converged,3742,2500,0.2491364533170054,-0.45768021651951163,0.2971341764730166
4,test,6242,2018-02-12,garch_1_1_t,innovation,0.1506747987419086,0.3245476337344022,True,0,converged,3743,2500,0.2534058850443693,-0.5198686282856921,0.24743982459657232
4,test,6243,2018-02-13,garch_1_1_t,innovation,0.1515209436338013,0.30303459541959704,True,0,converged,3744,2500,0.2532678275948083,-0.5137236786900878,0.17939943940178865
4,test,6244,2018-02-14,garch_1_1_t,innovation,0.1439064637341202,0.29396801476448153,True,0,converged,3745,2500,0.2554899926184683,-0.5740197099226468,0.14028772705927356
4,test,6245,2018-02-15,garch_1_1_t,innovation,0.1367415095350424,0.2847794372316323,True,0,converged,3746,2500,0.2593551533527689,-0.6401060189837661,0.09351660533636533
4,test,6246,2018-02-16,garch_1_1_t,innovation,0.1450361209456293,0.2664414827494951,True,0,converged,3747,2500,0.2588562262699553,-0.5792899752739161,0.02888184592877413
4,test,6247,2018-02-20,garch_1_1_t,innovation,0.1434391632877571,0.25213927912109163,True,0,converged,3748,2500,0.2582195206956675,-0.5878990824653494,-0.023828448802109176
4,test,6248,2018-02-21,garch_1_1_t,innovation,0.1425061152502524,0.23823484574794504,True,0,converged,3749,2500,0.2587160386940741,-0.5963461717167057,-0.08247415054455391
4,test,6249,2018-02-22,garch_1_1_t,innovation,0.1684088966846286,0.22390093083004847,True,0,converged,3750,2500,0.2587532057496852,-0.4294798027920435,-0.14467105293028143
4,test,6250,2018-02-23,garch_1_1_t,innovation,0.1762365078408192,0.22956339571588635,True,0,converged,3751,2500,0.2647678298624609,-0.40702644074330263,-0.14267410283657292
4,test,6251,2018-02-26,garch_1_1_t,innovation,0.1963659353619825,0.22588732874673742,True,0,converged,3752,2500,0.2647863648842571,-0.298943394934898,-0.15888700101934392
4,test,6252,2018-02-27,garch_1_1_t,innovation,0.2006980282344262,0.22425689343117003,True,0,converged,3753,2500,0.2674763872671464,-0.28722985922963834,-0.17623905013657862
4,test,6253,2018-02-28,garch_1_1_t,innovation,0.1976962490020116,0.2188850218292719,True,0,converged,3754,2500,0.2674144716858734,-0.3020680263804074,-0.20025320572552424
4,test,6254,2018-03-01,garch_1_1_t,innovation,0.1959889749286524,0.22241941350709657,True,0,converged,3755,2500,0.2724163196241236,-0.32927307571081016,-0.2027666334792286
4,test,6255,2018-03-02,garch_1_1_t,innovation,0.2099479696761148,0.21118754846942564,True,0,converged,3756,2500,0.2729972981884347,-0.26260216181836354,-0.2567153044068737
4,test,6256,2018-03-05,garch_1_1_t,innovation,0.2108503378642217,0.2093842156770323,True,0,converged,3757,2500,0.2647398705505739,-0.22759914073470114,-0.2345768065327854
4,test,6257,2018-03-06,garch_1_1_t,innovation,0.2140190676189896,0.19762959585178866,True,0,converged,3758,2500,0.2171881033841662,-0.01469870185104571,-0.09436926325069914
4,test,6258,2018-03-07,garch_1_1_t,innovation,0.2158265101847633,0.18606367328485243,True,0,converged,3759,2500,0.2058544184132595,0.04730567913939747,-0.10108026760263025
4,test,6259,2018-03-08,garch_1_1_t,innovation,0.2295378360199728,0.1775973202117852,True,0,converged,3760,2500,0.205661973850684,0.10983396134915241,-0.14671517584856447
4,test,6260,2018-03-09,garch_1_1_t,innovation,0.2219047928956941,0.19540057831564783,True,0,converged,3761,2500,0.1662282174279896,0.2888867810928005,0.16169005129233077
4,test,6261,2018-03-12,garch_1_1_t,innovation,0.2288178333774904,0.18416553857860457,True,0,converged,3762,2500,0.157641037717191,0.37260566441736526,0.15551448420568456
4,test,6262,2018-03-13,garch_1_1_t,innovation,0.2284205946619033,0.1776540633526283,True,0,converged,3763,2500,0.1506747987419086,0.41606477933133107,0.16471433134551453
4,test,6263,2018-03-14,garch_1_1_t,innovation,0.2295393595834959,0.17031445810828047,True,0,converged,3764,2500,0.1515209436338013,0.41535065904687285,0.116922624738833
4,test,6264,2018-03-15,garch_1_1_t,innovation,0.2297434191732215,0.16088660304880698,True,0,converged,3765,2500,0.1439064637341202,0.4677995862808183,0.11153625681869499
4,test,6265,2018-03-16,garch_1_1_t,innovation,0.2315426902744098,0.152574765923875,True,0,converged,3766,2500,0.1367415095350424,0.5266719118787739,0.10956239237901948
4,test,6266,2018-03-19,garch_1_1_t,innovation,0.2295659156714897,0.16517211947860425,True,0,converged,3767,2500,0.1450361209456293,0.4592073811496438,0.13000525718689188
4,test,6267,2018-03-20,garch_1_1_t,innovation,0.2295017046230124,0.1564622094088617,True,0,converged,3768,2500,0.1434391632877571,0.4699994609307038,0.0869035113014381
4,test,6268,2018-03-21,garch_1_1_t,innovation,0.2302487174976303,0.14865496934705852,True,0,converged,3769,2500,0.1425061152502524,0.47977519225225507,0.042243065909589886
4,test,6269,2018-03-22,garch_1_1_t,innovation,0.2141340926871895,0.20436214336719588,True,0,converged,3770,2500,0.1684088966846286,0.24020748904965464,0.19349870151940884
4,test,6270,2018-03-23,garch_1_1_t,innovation,0.2000122567359115,0.22990372670285114,True,0,converged,3771,2500,0.1762365078408192,0.1265517608454086,0.2658337542370817
4,test,6271,2018-03-26,garch_1_1_t,innovation,0.1820485715681989,0.2676216305564211,True,0,converged,3772,2500,0.1963659353619825,-0.07570640745337534,0.3095942209898321
4,test,6272,2018-03-27,garch_1_1_t,innovation,0.1717819084805562,0.2699170286840269,True,0,converged,3773,2500,0.2006980282344262,-0.15557573300766092,0.29631317928971246
4,test,6273,2018-03-28,garch_1_1_t,innovation,0.1751790075671419,0.252889534190392,True,0,converged,3774,2500,0.1976962490020116,-0.1209234053139754,0.24622101281117426
4,test,6274,2018-03-29,garch_1_1_t,innovation,0.1693152304543501,0.24820523972513028,True,0,converged,3775,2500,0.1959889749286524,-0.14629616085460018,0.23619757616228101
4,test,6275,2018-04-02,garch_1_1_t,innovation,0.1530327163436691,0.2654157493454968,True,0,converged,3776,2500,0.2099479696761148,-0.3162080057268346,0.23443772548521402
4,test,6276,2018-04-03,garch_1_1_t,innovation,0.1463389898238656,0.25931725801325706,True,0,converged,3777,2500,0.2108503378642217,-0.365222804089884,0.2069036639109313
4,test,6277,2018-04-04,garch_1_1_t,innovation,0.1433890535573264,0.25058849095859553,True,0,converged,3778,2500,0.2140190676189896,-0.4005035218496711,0.15774700338807873
4,test,6278,2018-04-05,garch_1_1_t,innovation,0.1408657072365079,0.23911168524653933,True,0,converged,3779,2500,0.2158265101847633,-0.42666788578144804,0.10245585370426316
4,test,6279,2018-04-06,garch_1_1_t,innovation,0.1246110838893285,0.2602616969932333,True,0,converged,3780,2500,0.2295378360199728,-0.6108703205742175,0.12561977295968613
4,test,6280,2018-04-09,garch_1_1_t,innovation,0.1239643098174825,0.2451826745154749,True,0,converged,3781,2500,0.2219047928956941,-0.582254728931782,0.09975511392776303
4,test,6281,2018-04-10,garch_1_1_t,innovation,0.1105957538037937,0.24758537589624585,True,0,converged,3782,2500,0.2288178333774904,-0.7270445035712093,0.0788292760905668
4,test,6282,2018-04-11,garch_1_1_t,innovation,0.1142333340764707,0.23386565866423828,True,0,converged,3783,2500,0.2284205946619033,-0.692945496271745,0.023558199232326507
4,test,6283,2018-04-12,garch_1_1_t,innovation,0.1153031217295763,0.22446108557266672,True,0,converged,3784,2500,0.2295393595834959,-0.6885100144960044,-0.022372162297926462
4,test,6284,2018-04-13,garch_1_1_t,innovation,0.1153390048806097,0.21116502651021424,True,0,converged,3785,2500,0.2297434191732215,-0.6890874569551145,-0.0843231734563121
4,test,6285,2018-04-16,garch_1_1_t,innovation,0.11162965394164,0.20397702412204297,True,0,converged,3786,2500,0.2315426902744098,-0.7295775327844168,-0.12675690310963114
4,test,6286,2018-04-17,garch_1_1_t,innovation,0.1078707086383973,0.20164445336167336,True,0,converged,3787,2500,0.2295659156714897,-0.7552568347773576,-0.12968418784121327
4,test,6287,2018-04-18,garch_1_1_t,innovation,0.1088625200679495,0.18947671486772055,True,0,converged,3788,2500,0.2295017046230124,-0.7458246546632569,-0.19164431673923607
4,test,6288,2018-04-19,garch_1_1_t,innovation,0.1070986102214384,0.18121286913442897,True,0,converged,3789,2500,0.2302487174976303,-0.7654101041646879,-0.23948769227689767
4,test,6289,2018-04-20,garch_1_1_t,innovation,0.103128145045221,0.1779974155179888,True,0,converged,3790,2500,0.2141340926871895,-0.7306300785331942,-0.18483338950639167
4,test,6290,2018-04-23,garch_1_1_t,innovation,0.1064991740517037,0.16764251642853983,True,0,converged,3791,2500,0.2000122567359115,-0.6302414186134834,-0.17654481449807907
4,test,6291,2018-04-24,garch_1_1_t,innovation,0.0955155968289738,0.1774598896823646,True,0,converged,3792,2500,0.1820485715681989,-0.6449839764871783,-0.025528918460772463
4,test,6292,2018-04-25,garch_1_1_t,innovation,0.0956114355275591,0.16789421734016474,True,0,converged,3793,2500,0.1717819084805562,-0.5859332669113039,-0.022891575908572628
4,test,6293,2018-04-26,garch_1_1_t,innovation,0.0889131140512739,0.16947919904299036,True,0,converged,3794,2500,0.1751790075671419,-0.6781487052229268,-0.033078151721604804
4,test,6294,2018-04-27,garch_1_1_t,innovation,0.0892533392248346,0.16001358463343202,True,0,converged,3795,2500,0.1693152304543501,-0.6402834121860751,-0.05650353084114773
4,test,6295,2018-04-30,garch_1_1_t,innovation,0.0943459133117746,0.15811592053174875,True,0,converged,3796,2500,0.1530327163436691,-0.48368377409928776,0.032676707426027185
4,test,6296,2018-05-01,garch_1_1_t,innovation,0.1052409035035223,0.14994050257682512,True,0,converged,3797,2500,0.1463389898238656,-0.329673737185338,0.02431278742942987
4,test,6297,2018-05-02,garch_1_1_t,innovation,0.1047809220116972,0.14760936857327356,True,0,converged,3798,2500,0.1433890535573264,-0.3136898767840453,0.029007792644484238
4,test,6298,2018-05-03,garch_1_1_t,innovation,0.1100924432309449,0.1405490470556814,True,0,converged,3799,2500,0.1408657072365079,-0.24648659971234194,-0.0022504883602992042
4,test,6299,2018-05-04,garch_1_1_t,innovation,0.1015802331605271,0.15381502590215515,True,0,converged,3800,2500,0.1246110838893285,-0.2043485974607437,0.21055319180262277
4,test,6300,2018-05-07,garch_1_1_t,innovation,0.1009032286265733,0.14705468163946828,True,0,converged,3801,2500,0.1239643098174825,-0.20583177499435254,0.1708108014286394
4,test,6301,2018-05-08,garch_1_1_t,innovation,0.1051424698849083,0.13948187829477635,True,0,converged,3802,2500,0.1105957538037937,-0.050565409473525766,0.23205299214566438
4,test,6302,2018-05-09,garch_1_1_t,innovation,0.0994442871554945,0.14424536408826252,True,0,converged,3803,2500,0.1142333340764707,-0.1386455874570935,0.23327262011757588
4,test,6303,2018-05-10,garch_1_1_t,innovation,0.09438004842818,0.14775940162055531,True,0,converged,3804,2500,0.1153031217295763,-0.2002348023358407,0.24802078445835027
4,test,6304,2018-05-11,garch_1_1_t,innovation,0.0938768950418695,0.14139989751131762,True,0,converged,3805,2500,0.1153390048806097,-0.20589136370128366,0.20371636820237865
4,test,6305,2018-05-14,garch_1_1_t,innovation,0.0939735997805674,0.13437088563825647,True,0,converged,3806,2500,0.11162965394164,-0.17217284154873683,0.185417048933353
4,test,6306,2018-05-15,garch_1_1_t,innovation,0.0914223390221922,0.13439525841002875,True,0,converged,3807,2500,0.1078707086383973,-0.1654435097098216,0.21985178003943906
4,test,6307,2018-05-16,garch_1_1_t,innovation,0.0906414256600899,0.1305052541891711,True,0,converged,3808,2500,0.1088625200679495,-0.18317445694666584,0.18132768557723059
4,test,6308,2018-05-17,garch_1_1_t,innovation,0.090705312902038,0.12456933043555453,True,0,converged,3809,2500,0.1070986102214384,-0.16613406885809434,0.15111243096562255
4,test,6309,2018-05-18,garch_1_1_t,innovation,0.0905645525630634,0.1201331173046513,True,0,converged,3810,2500,0.103128145045221,-0.12990945717145497,0.15262809722547271
4,test,6310,2018-05-21,garch_1_1_t,innovation,0.0876401839867588,0.12344943761621996,True,0,converged,3811,2500,0.1064991740517037,-0.19489761566442085,0.14769443048529504
4,test,6311,2018-05-22,garch_1_1_t,innovation,0.0872911578283243,0.11921952235620939,True,0,converged,3812,2500,0.0955155968289738,-0.09004037891572275,0.22167696764449257
4,test,6312,2018-05-23,garch_1_1_t,innovation,0.08957066724959,0.11549613773155015,True,0,converged,3813,2500,0.0956114355275591,-0.06526453945711438,0.18894465845630892
4,test,6313,2018-05-24,garch_1_1_t,innovation,0.0895082231678339,0.11153700526704517,True,0,converged,3814,2500,0.0889131140512739,0.006670853752260389,0.2266967753632121
4,test,6314,2018-05-25,garch_1_1_t,innovation,0.101523839992225,0.10851946522601638,True,0,converged,3815,2500,0.0892533392248346,0.12881481342958867,0.19545072565076624
4,test,6315,2018-05-29,garch_1_1_t,innovation,0.093181267664095,0.1252762392011699,True,0,converged,3816,2500,0.0943459133117746,-0.012421245984232552,0.2835532558983192
4,test,6316,2018-05-30,garch_1_1_t,innovation,0.0856765366321679,0.14331772749001206,True,0,converged,3817,2500,0.1052409035035223,-0.20567303811183416,0.3088119948077618
4,test,6317,2018-05-31,garch_1_1_t,innovation,0.0852892885742378,0.14073302428445394,True,0,converged,3818,2500,0.1047809220116972,-0.20582284040240595,0.29499293731231374
4,test,6318,2018-06-01,garch_1_1_t,innovation,0.0780877296965117,0.14623050431473011,True,0,converged,3819,2500,0.1100924432309449,-0.34348747152587766,0.28386376752679265
4,test,6319,2018-06-04,garch_1_1_t,innovation,0.07662904289682,0.1413150029363152,True,0,converged,3820,2500,0.1015802331605271,-0.2818728057330332,0.3301425012378701
4,test,6320,2018-06-05,garch_1_1_t,innovation,0.0776079340010715,0.13411681033847903,True,0,converged,3821,2500,0.1009032286265733,-0.2624922608841951,0.2845492140396551
4,test,6321,2018-06-06,garch_1_1_t,innovation,0.0773385144867126,0.13683590741822577,True,0,converged,3822,2500,0.1051424698849083,-0.30712420807997637,0.2634661653667466
4,test,6322,2018-06-07,garch_1_1_t,innovation,0.0829153469911078,0.13026173259285762,True,0,converged,3823,2500,0.0994442871554945,-0.181777387701989,0.26994819480429977
4,test,6323,2018-06-08,garch_1_1_t,innovation,0.0881905814824425,0.1253964286093089,True,0,converged,3824,2500,0.09438004842818,-0.06782952801982908,0.28415044838649284
4,test,6324,2018-06-11,garch_1_1_t,innovation,0.0889826136162444,0.12015073435540148,True,0,converged,3825,2500,0.0938768950418695,-0.05354329872280652,0.24676277740749078
4,test,6325,2018-06-12,garch_1_1_t,innovation,0.0926065777605482,0.11551795628840703,True,0,converged,3826,2500,0.0939735997805674,-0.014653716164563709,0.20641209415371936
4,test,6326,2018-06-13,garch_1_1_t,innovation,0.0973320534034647,0.11273961832163092,True,0,converged,3827,2500,0.0914223390221922,0.06263850551914715,0.2095910391432697
4,test,6327,2018-06-14,garch_1_1_t,innovation,0.0969621329958796,0.10952724117708819,True,0,converged,3828,2500,0.0906414256600899,0.0674091753845711,0.18926195077507801
4,test,6328,2018-06-15,garch_1_1_t,innovation,0.0969079456518802,0.10597440327415034,True,0,converged,3829,2500,0.090705312902038,0.06614558195218953,0.15558165435142093
4,test,6329,2018-06-18,garch_1_1_t,innovation,0.0976886107124202,0.10324477139189715,True,0,converged,3830,2500,0.0905645525630634,0.07572209374726423,0.13103970586014038
4,test,6330,2018-06-19,garch_1_1_t,innovation,0.097020132827924,0.10271056463880436,True,0,converged,3831,2500,0.0876401839867588,0.10167889782196858,0.15867536649895955
4,test,6331,2018-06-20,garch_1_1_t,innovation,0.0977557292508337,0.10024204003501919,True,0,converged,3832,2500,0.0872911578283243,0.11322263559265312,0.13833848907032487
4,test,6332,2018-06-21,garch_1_1_t,innovation,0.0952596196350494,0.10445297274976578,True,0,converged,3833,2500,0.08957066724959,0.06157811051549925,0.15370905664581191
4,test,6333,2018-06-22,garch_1_1_t,innovation,0.0952683884889099,0.10169322508755013,True,0,converged,3834,2500,0.0895082231678339,0.06236755034536348,0.12763018416352884
4,test,6334,2018-06-25,garch_1_1_t,innovation,0.0838240692840036,0.12826098030569275,True,0,converged,3835,2500,0.101523839992225,-0.1915734584664114,0.2337734491313581
4,test,6335,2018-06-26,garch_1_1_t,innovation,0.0887258172704715,0.12311517857646734,True,0,converged,3836,2500,0.093181267664095,-0.048995800995376315,0.2785736176421524
4,test,6336,2018-06-27,garch_1_1_t,innovation,0.0840870847357321,0.12785872035841692,True,0,converged,3837,2500,0.0856765366321679,-0.01872601833406432,0.40034690394661593
4,test,6337,2018-06-28,garch_1_1_t,innovation,0.0851093602759531,0.12679954293656517,True,0,converged,3838,2500,0.0852892885742378,-0.0021118520172658745,0.3965585643556233
4,test,6338,2018-06-29,garch_1_1_t,innovation,0.0869661982291741,0.12143209186611828,True,0,converged,3839,2500,0.0780877296965117,0.10768658271467059,0.44152225750476987
4,test,6339,2018-07-02,garch_1_1_t,innovation,0.0883761649755435,0.11709265210881636,True,0,converged,3840,2500,0.07662904289682,0.14262615133787276,0.42398936480128496
4,test,6340,2018-07-03,garch_1_1_t,innovation,0.0876808858124762,0.11449924370364792,True,0,converged,3841,2500,0.0776079340010715,0.12203426169231399,0.38889855351952846
4,test,6341,2018-07-05,garch_1_1_t,innovation,0.0850183300706251,0.12038239069642884,True,0,converged,3842,2500,0.0773385144867126,0.09467480270439556,0.4424811870770271
4,test,6342,2018-07-06,garch_1_1_t,innovation,0.0810222734743933,0.12590962239517836,True,0,converged,3843,2500,0.0829153469911078,-0.023096073521407547,0.4177441954444969
4,test,6343,2018-07-09,garch_1_1_t,innovation,0.0756372186467039,0.13173037253088238,True,0,converged,3844,2500,0.0881905814824425,-0.15355169921517922,0.40125702982853884
4,test,6344,2018-07-10,garch_1_1_t,innovation,0.0754676634724793,0.12740131122111392,True,0,converged,3845,2500,0.0889826136162444,-0.16473673189058888,0.3589010372226863
4,test,6345,2018-07-11,garch_1_1_t,innovation,0.0708413680589724,0.12952503367417345,True,0,converged,3846,2500,0.0926065777605482,-0.2679170485762279,0.3355139994223366
4,test,6346,2018-07-12,garch_1_1_t,innovation,0.0633701262328388,0.13482722353788956,True,0,converged,3847,2500,0.0973320534034647,-0.42913580821904007,0.3258657695675827
4,test,6347,2018-07-13,garch_1_1_t,innovation,0.0676566447373092,0.12847263410739296,True,0,converged,3848,2500,0.0969621329958796,-0.3598749487246184,0.2813953967114726
4,test,6348,2018-07-16,garch_1_1_t,innovation,0.0688808387616917,0.12287918712306027,True,0,converged,3849,2500,0.0969079456518802,-0.34138347681692266,0.23744014016156548
4,test,6349,2018-07-17,garch_1_1_t,innovation,0.0710563114563152,0.12004846542451166,True,0,converged,3850,2500,0.0976886107124202,-0.31831229638222897,0.2061105616088384
4,test,6350,2018-07-18,garch_1_1_t,innovation,0.0755069411713543,0.11577838532239576,True,0,converged,3851,2500,0.097020132827924,-0.25069392382034283,0.17675938057573154
4,test,6351,2018-07-19,garch_1_1_t,innovation,0.0796223218780914,0.11347655900947916,True,0,converged,3852,2500,0.0977557292508337,-0.20517732926703797,0.14912447863102676
4,test,6352,2018-07-20,garch_1_1_t,innovation,0.080491331577788,0.10942414096221377,True,0,converged,3853,2500,0.0952596196350494,-0.16845650608826812,0.13862553012403933
4,test,6353,2018-07-23,garch_1_1_t,innovation,0.0805788179506574,0.10615328775487112,True,0,converged,3854,2500,0.0952683884889099,-0.1674622399847778,0.10818611001990856
4,test,6354,2018-07-24,garch_1_1_t,innovation,0.0790228167397613,0.10690307082144228,True,0,converged,3855,2500,0.0838240692840036,-0.05898355894953906,0.2432023545241726
4,test,6355,2018-07-25,garch_1_1_t,innovation,0.0730864808741671,0.11479468507862849,True,0,converged,3856,2500,0.0887258172704715,-0.19390750027591186,0.2575942758229946
4,test,6356,2018-07-26,garch_1_1_t,innovation,0.0727570673986915,0.1111569321782189,True,0,converged,3857,2500,0.0840870847357321,-0.14472693715457607,0.2790900213791246
4,test,6357,2018-07-27,garch_1_1_t,innovation,0.0718658345224251,0.11421492402183389,True,0,converged,3858,2500,0.0851093602759531,-0.1691360497243294,0.29414495086453435
4,test,6358,2018-07-30,garch_1_1_t,innovation,0.0748223723444592,0.11400622732009177,True,0,converged,3859,2500,0.0869661982291741,-0.1504025812828701,0.2707335554600955
4,test,6359,2018-07-31,garch_1_1_t,innovation,0.0727780328352071,0.11337772917246715,True,0,converged,3860,2500,0.0883761649755435,-0.19418814341542975,0.24912267391485526
4,test,6360,2018-08-01,garch_1_1_t,innovation,0.0749949524754365,0.10943654808209262,True,0,converged,3861,2500,0.0876808858124762,-0.1562831149929219,0.22164098579229619
4,test,6361,2018-08-02,garch_1_1_t,innovation,0.073889526601045,0.11012925172979525,True,0,converged,3862,2500,0.0850183300706251,-0.14029578715813457,0.2587878105957807
4,test,6362,2018-08-03,garch_1_1_t,innovation,0.0723140923902376,0.10900085789998672,True,0,converged,3863,2500,0.0810222734743933,-0.1137050723719388,0.2966316548028534
4,test,6363,2018-08-06,garch_1_1_t,innovation,0.0713999164358736,0.10725033193992338,True,0,converged,3864,2500,0.0756372186467039,-0.057651773203256776,0.34921718063208285
4,test,6364,2018-08-07,garch_1_1_t,innovation,0.0710811050594594,0.10532038113833522,True,0,converged,3865,2500,0.0754676634724793,-0.0598827162653427,0.333302687350287
4,test,6365,2018-08-08,garch_1_1_t,innovation,0.0718664761606956,0.10190721557729632,True,0,converged,3866,2500,0.0708413680589724,0.014366774853727093,0.36361962341327386
4,test,6366,2018-08-09,garch_1_1_t,innovation,0.0720341786105283,0.09925268340063058,True,0,converged,3867,2500,0.0633701262328388,0.12814815397400403,0.44867640065371805
4,test,6367,2018-08-10,garch_1_1_t,innovation,0.0682456896297145,0.10394950911194994,True,0,converged,3868,2500,0.0676566447373092,0.00866870438779291,0.42945971987080966
4,test,6368,2018-08-13,garch_1_1_t,innovation,0.0679470340548598,0.10297353569822362,True,0,converged,3869,2500,0.0688808387616917,-0.013649546480114986,0.4020939830579662
4,test,6369,2018-08-14,garch_1_1_t,innovation,0.064091942359234,0.10632301128739892,True,0,converged,3870,2500,0.0710563114563152,-0.10315402999052478,0.4030090550810006
4,test,6370,2018-08-15,garch_1_1_t,innovation,0.0619514896283724,0.1113560502817891,True,0,converged,3871,2500,0.0755069411713543,-0.1978729346317595,0.3885081398680137
4,test,6371,2018-08-16,garch_1_1_t,innovation,0.0549549855513279,0.11674547418833597,True,0,converged,3872,2500,0.0796223218780914,-0.3707800735400051,0.3827016516729022
4,test,6372,2018-08-17,garch_1_1_t,innovation,0.0567406676234748,0.11386207596296959,True,0,converged,3873,2500,0.080491331577788,-0.34965830068770826,0.3468383595862513
4,test,6373,2018-08-20,garch_1_1_t,innovation,0.0594213947103082,0.11036066953267794,True,0,converged,3874,2500,0.0805788179506574,-0.30458146856353047,0.3145180057453979
4,test,6374,2018-08-21,garch_1_1_t,innovation,0.0589580452865707,0.10724914345577954,True,0,converged,3875,2500,0.0790228167397613,-0.2929105361386939,0.3054179410925859
4,test,6375,2018-08-22,garch_1_1_t,innovation,0.0655169461096959,0.1038302013535065,True,0,converged,3876,2500,0.0730864808741671,-0.10933458107916388,0.3511134760845178
4,test,6376,2018-08-23,garch_1_1_t,innovation,0.0654277367061086,0.10091500389437759,True,0,converged,3877,2500,0.0727570673986915,-0.10617977049637334,0.3271525692357879
4,test,6377,2018-08-24,garch_1_1_t,innovation,0.0629812496455645,0.1038312762069984,True,0,converged,3878,2500,0.0718658345224251,-0.13196391387924916,0.3679662662543431
4,test,6378,2018-08-27,garch_1_1_t,innovation,0.0565527915136113,0.10999532894355657,True,0,converged,3879,2500,0.0748223723444592,-0.27994237079473977,0.3853209649668574
4,test,6379,2018-08-28,garch_1_1_t,innovation,0.0575188994733997,0.10609524648925264,True,0,converged,3880,2500,0.0727780328352071,-0.23530058260715006,0.3769230795426893
4,test,6380,2018-08-29,garch_1_1_t,innovation,0.0551696145844239,0.10693737565812998,True,0,converged,3881,2500,0.0749949524754365,-0.30700846964704365,0.3548225779549782
4,test,6381,2018-08-30,garch_1_1_t,innovation,0.0532587153817093,0.10585522906711896,True,0,converged,3882,2500,0.073889526601045,-0.3274096336359424,0.3595013031160415
4,test,6382,2018-08-31,garch_1_1_t,innovation,0.0546628315446969,0.10242408303711383,True,0,converged,3883,2500,0.0723140923902376,-0.27983504364050205,0.34810284519739354
4,test,6383,2018-09-04,garch_1_1_t,innovation,0.0543586869177591,0.10000156212844544,True,0,converged,3884,2500,0.0713999164358736,-0.2726922652901837,0.3368891081715969
4,test,6384,2018-09-05,garch_1_1_t,innovation,0.0535454845005021,0.09844346395283454,True,0,converged,3885,2500,0.0710811050594594,-0.2832900795807438,0.32566086350627765
4,test,6385,2018-09-06,garch_1_1_t,innovation,0.0594001259032089,0.09730913493452246,True,0,converged,3886,2500,0.0718664761606956,-0.19051355358902416,0.3030829694662348
4,test,6386,2018-09-07,garch_1_1_t,innovation,0.0622703557448844,0.09548620922285433,True,0,converged,3887,2500,0.0720341786105283,-0.14565522749445278,0.2818411217114471
4,test,6387,2018-09-10,garch_1_1_t,innovation,0.0619643826660606,0.09371805422678073,True,0,converged,3888,2500,0.0682456896297145,-0.09655452961796471,0.3171765754039423
4,test,6388,2018-09-11,garch_1_1_t,innovation,0.0610728795472019,0.09357119824450359,True,0,converged,3889,2500,0.0679470340548598,-0.10666059300250555,0.31999413435837915
4,test,6389,2018-09-12,garch_1_1_t,innovation,0.1295122738976825,0.09152086214907076,True,0,converged,3890,2500,0.064091942359234,0.70345700397995,0.3562482961211753
4,test,6390,2018-09-13,garch_1_1_t,innovation,0.1502862320069511,0.09581790682442091,True,0,converged,3891,2500,0.0619514896283724,0.8861900357077928,0.43609793290316917
4,test,6391,2018-09-14,garch_1_1_t,innovation,0.1580592124462908,0.09350467588132408,True,0,converged,3892,2500,0.0549549855513279,1.05645531953682,0.5314970388675525
4,test,6392,2018-09-17,garch_1_1_t,innovation,0.1582005236329527,0.09636312044982732,True,0,converged,3893,2500,0.0567406676234748,1.0253721695957316,0.5296323647957089
4,test,6393,2018-09-18,garch_1_1_t,innovation,0.1747957196020606,0.09878414026650977,True,0,converged,3894,2500,0.0594213947103082,1.0789636336917525,0.508282726422743
4,test,6394,2018-09-19,garch_1_1_t,innovation,0.1747559644523187,0.096282017863652,True,0,converged,3895,2500,0.0589580452865707,1.0865644177565423,0.49045547686130364
4,test,6395,2018-09-20,garch_1_1_t,innovation,0.1799578866046567,0.104578240289694,True,0,converged,3896,2500,0.0655169461096959,1.0104140317979076,0.4676266737556849
4,test,6396,2018-09-21,garch_1_1_t,innovation,0.179938852008579,0.10138308681143758,True,0,converged,3897,2500,0.0654277367061086,1.0116708049012944,0.4379600033029846
4,test,6397,2018-09-24,garch_1_1_t,innovation,0.1802595887120209,0.10019261269083685,True,0,converged,3898,2500,0.0629812496455645,1.0515609140692022,0.46425740287360473
4,test,6398,2018-09-25,garch_1_1_t,innovation,0.1811376602808596,0.09752702105697436,True,0,converged,3899,2500,0.0565527915136113,1.164082731249358,0.5449549136740552
4,test,6399,2018-09-26,garch_1_1_t,innovation,0.2112461542962432,0.09652126753029429,True,0,converged,3900,2500,0.0575188994733997,1.3009104812651133,0.5176497926861972
4,test,6400,2018-09-27,garch_1_1_t,innovation,0.220251423264821,0.09546431723716031,True,0,converged,3901,2500,0.0551696145844239,1.3843573855407454,0.54834019487262
4,test,6401,2018-09-28,garch_1_1_t,innovation,0.22907989032204,0.09313682701637481,True,0,converged,3902,2500,0.0532587153817093,1.4589093484124602,0.5589082098165494
4,test,6402,2018-10-01,garch_1_1_t,innovation,0.2295974295940455,0.09325160328701541,True,0,converged,3903,2500,0.0546628315446969,1.4351434872099036,0.5341172697776023
4,test,6403,2018-10-02,garch_1_1_t,innovation,0.2354508168733298,0.0912330283108765,True,0,converged,3904,2500,0.0543586869177591,1.4658976124079564,0.5178125503616724
4,test,6404,2018-10-03,garch_1_1_t,innovation,0.2384440518005149,0.08947187113188307,True,0,converged,3905,2500,0.0535454845005021,1.4936032288785217,0.5133928165672355
4,test,6405,2018-10-04,garch_1_1_t,innovation,0.239774285129193,0.09883494374564267,True,0,converged,3906,2500,0.0594001259032089,1.395401656237129,0.5091548779102808
4,test,6406,2018-10-05,garch_1_1_t,innovation,0.2398739116469192,0.10140810513152397,True,0,converged,3907,2500,0.0622703557448844,1.3486279353401418,0.48766753841640176
4,test,6407,2018-10-08,garch_1_1_t,innovation,0.2406676442118544,0.09828715973607004,True,0,converged,3908,2500,0.0619643826660606,1.3568571651944508,0.46133364854275444
4,test,6408,2018-10-09,garch_1_1_t,innovation,0.2416513952906652,0.09593907147959514,True,0,converged,3909,2500,0.0610728795472019,1.3754282745822748,0.45164542018379616
4,test,6409,2018-10-10,garch_1_1_t,innovation,0.2258425013993605,0.20586003195452593,True,0,converged,3910,2500,0.1295122738976825,0.5560622040830432,0.463420825541934
4,test,6410,2018-10-11,garch_1_1_t,innovation,0.2116500171364739,0.2325955272631528,True,0,converged,3911,2500,0.1502862320069511,0.34239235878344315,0.43675932144293006
4,test,6411,2018-10-12,garch_1_1_t,innovation,0.208836523793762,0.2317537039803811,True,0,converged,3912,2500,0.1580592124462908,0.27858203795585973,0.3827054618342043
4,test,6412,2018-10-15,garch_1_1_t,innovation,0.2183934616290203,0.2184571502340103,True,0,converged,3913,2500,0.1582005236329527,0.3224349405556636,0.3227265212640876
4,test,6413,2018-10-16,garch_1_1_t,innovation,0.2045599994943227,0.23955969974572341,True,0,converged,3914,2500,0.1747957196020606,0.15724335299169223,0.31518467851895415
4,test,6414,2018-10-17,garch_1_1_t,innovation,0.2060034061013682,0.2231201047652445,True,0,converged,3915,2500,0.1747559644523187,0.16450219125034993,0.2443197009905558
4,test,6415,2018-10-18,garch_1_1_t,innovation,0.2028043779918169,0.22474740788472455,True,0,converged,3916,2500,0.1799578866046567,0.11951899900580562,0.2222542797490138
4,test,6416,2018-10-19,garch_1_1_t,innovation,0.2030046689465094,0.21011830611299673,True,0,converged,3917,2500,0.179938852008579,0.1206118964019112,0.15505365241937766
4,test,6417,2018-10-22,garch_1_1_t,innovation,0.2112407657268636,0.19852825335555915,True,0,converged,3918,2500,0.1802595887120209,0.15860058125816334,0.09653345279547225
4,test,6418,2018-10-23,garch_1_1_t,innovation,0.2206602582329888,0.18812728705722137,True,0,converged,3919,2500,0.1811376602808596,0.19736692937789765,0.03786149631497739
4,test,6419,2018-10-24,garch_1_1_t,innovation,0.1921185790183191,0.25004519248030643,True,0,converged,3920,2500,0.2112461542962432,-0.09491128111103565,0.16861760988980484
4,test,6420,2018-10-25,garch_1_1_t,innovation,0.1830069166384373,0.2549066701134353,True,0,converged,3921,2500,0.220251423264821,-0.1852457788720987,0.14612775177135615
4,test,6421,2018-10-26,garch_1_1_t,innovation,0.1809869498458257,0.25903758106694036,True,0,converged,3922,2500,0.22907989032204,-0.23564588038257436,0.12290234306827173
4,test,6422,2018-10-29,garch_1_1_t,innovation,0.1803038618189168,0.2437505284055243,True,0,converged,3923,2500,0.2295974295940455,-0.24168392040351644,0.05981780845828271
4,test,6423,2018-10-30,garch_1_1_t,innovation,0.1905590138632324,0.24345269467735378,True,0,converged,3924,2500,0.2354508168733298,-0.2115401154441665,0.03342060518034841
4,test,6424,2018-10-31,garch_1_1_t,innovation,0.1869512810316343,0.23512699953888702,True,0,converged,3925,2500,0.2384440518005149,-0.24328664549535842,-0.014008907426045018
4,test,6425,2018-11-01,garch_1_1_t,innovation,0.1844023526332648,0.22818565700079188,True,0,converged,3926,2500,0.239774285129193,-0.2625779328301315,-0.049538419490731504
4,test,6426,2018-11-02,garch_1_1_t,innovation,0.1890498976603113,0.2157610899555235,True,0,converged,3927,2500,0.2398739116469192,-0.23810242814978785,-0.10594168662785444
4,test,6427,2018-11-05,garch_1_1_t,innovation,0.2214253726554506,0.20519059402299333,True,0,converged,3928,2500,0.2406676442118544,-0.08333129735710218,-0.15947763788713454
4,test,6428,2018-11-06,garch_1_1_t,innovation,0.2203562883713659,0.19596845228330417,True,0,converged,3929,2500,0.2416513952906652,-0.09225044330370658,-0.2095424837519908
4,test,6429,2018-11-07,garch_1_1_t,innovation,0.2233103493882641,0.22080292298211418,True,0,converged,3930,2500,0.2258425013993605,-0.011275354629961237,-0.022567307405110922
4,test,6430,2018-11-08,garch_1_1_t,innovation,0.2233186045874371,0.20703349676278,True,0,converged,3931,2500,0.2116500171364739,0.05366542400061636,-0.022053447649068338
4,test,6431,2018-11-09,garch_1_1_t,innovation,0.2205850163684906,0.20236666765448547,True,0,converged,3932,2500,0.208836523793762,0.05473141924366183,-0.03147052474565465
4,test,6432,2018-11-12,garch_1_1_t,innovation,0.2109331805681212,0.21913961145097785,True,0,converged,3933,2500,0.2183934616290203,-0.03475690227604894,0.003410716086141732
4,test,6433,2018-11-13,garch_1_1_t,innovation,0.2108318390399713,0.20550862243552337,True,0,converged,3934,2500,0.2045599994943227,0.030199515840093612,0.004626662868871435
4,test,6434,2018-11-14,garch_1_1_t,innovation,0.2196216617095678,0.19647697223640764,True,0,converged,3935,2500,0.2060034061013682,0.06401364330975574,-0.047347468320077676
4,test,6435,2018-11-15,garch_1_1_t,innovation,0.2276439183975895,0.19406491032086592,True,0,converged,3936,2500,0.2028043779918169,0.11554078750488095,-0.044049166831238135
4,test,6436,2018-11-16,garch_1_1_t,innovation,0.2274904865415369,0.1827295498891876,True,0,converged,3937,2500,0.2030046689465094,0.11387944160299854,-0.105221788256566
4,test,6437,2018-11-19,garch_1_1_t,innovation,0.2257297219523549,0.1978156118624482,True,0,converged,3938,2500,0.2112407657268636,0.0663398102775229,-0.06566320915740131
4,test,6438,2018-11-20,garch_1_1_t,innovation,0.2234978158392349,0.21557471474162881,True,0,converged,3939,2500,0.2206602582329888,0.012777415867523095,-0.02331667201366166
4,test,6439,2018-11-21,garch_1_1_t,innovation,0.2349569828616767,0.20267782684810554,True,0,converged,3940,2500,0.1921185790183191,0.20128966529000264,0.0535048780209561
4,test,6440,2018-11-23,garch_1_1_t,innovation,0.2523369350964627,0.19415211633622018,True,0,converged,3941,2500,0.1830069166384373,0.3212412905319407,0.05911800867398506
4,test,6441,2018-11-26,garch_1_1_t,innovation,0.3017506242059964,0.2041597360024946,True,0,converged,3942,2500,0.1809869498458257,0.511176000228039,0.12047777869719094
4,test,6442,2018-11-27,garch_1_1_t,innovation,0.3027347624637063,0.19236948216577596,True,0,converged,3943,2500,0.1803038618189168,0.5182135019098272,0.06477436021732323
4,test,6443,2018-11-28,garch_1_1_t,innovation,0.2917870663083153,0.22314645294505267,True,0,converged,3944,2500,0.1905590138632324,0.42606238063035473,0.15786636491236727
4,test,6444,2018-11-29,garch_1_1_t,innovation,0.2933217103491671,0.2089443471854631,True,0,converged,3945,2500,0.1869512810316343,0.4504219405410904,0.11121988142800354
4,test,6445,2018-11-30,garch_1_1_t,innovation,0.292550687806921,0.19870634861213943,True,0,converged,3946,2500,0.1844023526332648,0.46151787395024935,0.07470803043187577
4,test,6446,2018-12-03,garch_1_1_t,innovation,0.3012562206393623,0.200852796546723,True,0,converged,3947,2500,0.1890498976603113,0.4659501450167657,0.060561295266679006
4,test,6447,2018-12-04,garch_1_1_t,innovation,0.3012671542889019,0.26739323776224466,True,0,converged,3948,2500,0.2214253726554506,0.30791181219975866,0.18863476081934716
4,test,6448,2018-12-06,garch_1_1_t,innovation,0.3025062108812328,0.2493717672791416,True,0,converged,3949,2500,0.2203562883713659,0.3168560801134366,0.1236990952829705
4,test,6449,2018-12-07,garch_1_1_t,innovation,0.292656040745483,0.27005211162011794,True,0,converged,3950,2500,0.2233103493882641,0.2704354918260032,0.1900524411414501
4,test,6450,2018-12-10,garch_1_1_t,innovation,0.2930464826401556,0.25166479745676684,True,0,converged,3951,2500,0.2233186045874371,0.27173176832388296,0.11949856129558659
4,test,6451,2018-12-11,garch_1_1_t,innovation,0.2933118138875255,0.23473938828117952,True,0,converged,3952,2500,0.2205850163684906,0.2849530720270389,0.0621927303876753
4,test,6452,2018-12-12,garch_1_1_t,innovation,0.2927727179544964,0.2217398110155149,True,0,converged,3953,2500,0.2109331805681212,0.32785519781054945,0.04996326851371143
4,test,6453,2018-12-13,garch_1_1_t,innovation,0.2935749241214261,0.20730897637043894,True,0,converged,3954,2500,0.2108318390399713,0.3310720404360937,-0.01685052449392613
4,test,6454,2018-12-14,garch_1_1_t,innovation,0.2888699877332136,0.22168951781648608,True,0,converged,3955,2500,0.2196216617095678,0.274070371020267,0.00937148813316985
4,test,6455,2018-12-17,garch_1_1_t,innovation,0.2803089920637748,0.23662033412075906,True,0,converged,3956,2500,0.2276439183975895,0.20810989107833697,0.03867424416105893
4,test,6456,2018-12-18,garch_1_1_t,innovation,0.2815630056213254,0.22097359620882853,True,0,converged,3957,2500,0.2274904865415369,0.21324782345366242,-0.02906519990484629
4,test,6457,2018-12-19,garch_1_1_t,innovation,0.2803779861358968,0.2244535416083703,True,0,converged,3958,2500,0.2257297219523549,0.2168002802668158,-0.005669618867711932
4,test,6458,2018-12-20,garch_1_1_t,innovation,0.2784769806885131,0.22967558003211055,True,0,converged,3959,2500,0.2234978158392349,0.21993375985743038,0.027266150127165132
4,test,6459,2018-12-21,garch_1_1_t,innovation,0.2687101396735368,0.24503080582068398,True,0,converged,3960,2500,0.2349569828616767,0.13423080521220804,0.0419814949482489
4,test,6460,2018-12-24,garch_1_1_t,innovation,0.2513438245914903,0.2766886681521601,True,0,converged,3961,2500,0.2523369350964627,-0.003943417622455689,0.09212769390468294
4,test,6461,2018-12-26,garch_1_1_t,innovation,0.182912376292028,0.38811874366219146,True,0,converged,3962,2500,0.3017506242059964,-0.5005937085001171,0.25171040457373806
4,test,6462,2018-12-27,garch_1_1_t,innovation,0.1829022500994006,0.3624585224086384,True,0,converged,3963,2500,0.3027347624637063,-0.5039051930722895,0.1800529960652964
4,test,6463,2018-12-28,garch_1_1_t,innovation,0.1829056067503273,0.3360248273837732,True,0,converged,3964,2500,0.2917870663083153,-0.4670541016247756,0.14116073697363277
4,test,6464,2018-12-31,garch_1_1_t,innovation,0.1886920640576236,0.3160141752154763,True,0,converged,3965,2500,0.2933217103491671,-0.4411535985877587,0.07451707664819258
4,test,6465,2019-01-02,garch_1_1_t,innovation,0.1911923141732583,0.29373085493788875,True,0,converged,3966,2500,0.292550687806921,-0.4253581413355023,0.0040259453486380554
4,test,6466,2019-01-03,garch_1_1_t,innovation,0.1709025717297939,0.30770946833096047,True,0,converged,3967,2500,0.3012562206393623,-0.5668674958530037,0.0211949191439708
4,test,6467,2019-01-04,garch_1_1_t,innovation,0.1270812103350005,0.34544814906824917,True,0,converged,3968,2500,0.3012671542889019,-0.8631710933279131,0.13684513000838425
4,test,6468,2019-01-07,garch_1_1_t,innovation,0.1248718587115342,0.32439381373652665,True,0,converged,3969,2500,0.3025062108812328,-0.8848137279097831,0.06985644309777714
4,test,6469,2019-01-08,garch_1_1_t,innovation,0.1204700510366644,0.30599734465575806,True,0,converged,3970,2500,0.292656040745483,-0.8875968141351757,0.04457842725906558
4,test,6470,2019-01-09,garch_1_1_t,innovation,0.1240770207429064,0.2858242231041597,True,0,converged,3971,2500,0.2930464826401556,-0.8594287324535639,-0.024954222915367863
4,test,6471,2019-01-10,garch_1_1_t,innovation,0.1235219040797644,0.26647009634123786,True,0,converged,3972,2500,0.2933118138875255,-0.8648177530547787,-0.0959742259068403
4,test,6472,2019-01-11,garch_1_1_t,innovation,0.1235299851958312,0.24805607747843217,True,0,converged,3973,2500,0.2927727179544964,-0.8629126796550362,-0.16574176189244014
4,test,6473,2019-01-14,garch_1_1_t,innovation,0.1297880594679583,0.23422432134948987,True,0,converged,3974,2500,0.2935749241214261,-0.8162300765208852,-0.22585359038390465
4,test,6474,2019-01-15,garch_1_1_t,innovation,0.1238591262431151,0.22788429240351663,True,0,converged,3975,2500,0.2888699877332136,-0.8468318763616656,-0.23713870677575047
4,test,6475,2019-01-16,garch_1_1_t,innovation,0.123812818020482,0.21380320605884623,True,0,converged,3976,2500,0.2803089920637748,-0.8171216447773901,-0.2708365437216035
4,test,6476,2019-01-17,garch_1_1_t,innovation,0.1268461616454296,0.2042011308040108,True,0,converged,3977,2500,0.2815630056213254,-0.7973812169862939,-0.32125080012745505
4,test,6477,2019-01-18,garch_1_1_t,innovation,0.1180032119389208,0.2056611131270246,True,0,converged,3978,2500,0.2803779861358968,-0.8654267993740694,-0.3099089110418112
4,test,6478,2019-01-22,garch_1_1_t,innovation,0.1079091211431212,0.20769133753962646,True,0,converged,3979,2500,0.2784769806885131,-0.9480459993400895,-0.29328237791744316
4,test,6479,2019-01-23,garch_1_1_t,innovation,0.1083937753214105,0.19510796725006616,True,0,converged,3980,2500,0.2687101396735368,-0.9078625868253805,-0.32008016740193723
4,test,6480,2019-01-24,garch_1_1_t,innovation,0.1105756123136966,0.1823976529307257,True,0,converged,3981,2500,0.2513438245914903,-0.821122259594149,-0.3206326110220297
4,test,6481,2019-01-25,garch_1_1_t,innovation,0.106563448843709,0.1777923263946009,True,0,converged,3982,2500,0.182912376292028,-0.5402666485517088,-0.028391056582187588
4,test,6482,2019-01-28,garch_1_1_t,innovation,0.1030965018494206,0.17248063978543396,True,0,converged,3983,2500,0.1829022500994006,-0.5732863969071339,-0.05866686062399436
4,test,6483,2019-01-29,garch_1_1_t,innovation,0.1029999516279793,0.16249174125116453,True,0,converged,3984,2500,0.1829056067503273,-0.5742416910598666,-0.11834303224962366
4,test,6484,2019-01-30,garch_1_1_t,innovation,0.0868579936619428,0.17847209676353792,True,0,converged,3985,2500,0.1886920640576236,-0.7758418673088043,-0.05568412727378369
4,test,6485,2019-01-31,garch_1_1_t,innovation,0.0840777733467484,0.1748776850065957,True,0,converged,3986,2500,0.1911923141732583,-0.8215375583080358,-0.08919301524108622
4,test,6486,2019-02-01,garch_1_1_t,innovation,0.085049838489263,0.16438919650175515,True,0,converged,3987,2500,0.1709025717297939,-0.6978562183331195,-0.03885687241067885
4,test,6487,2019-02-04,garch_1_1_t,innovation,0.0814710165479689,0.160078710227839,True,0,converged,3988,2500,0.1270812103350005,-0.44457900173442877,0.23083929964221692
4,test,6488,2019-02-05,garch_1_1_t,innovation,0.0829582876254437,0.1533403716699249,True,0,converged,3989,2500,0.1248718587115342,-0.40895015844708393,0.2053720207675959
4,test,6489,2019-02-06,garch_1_1_t,innovation,0.0880303801851065,0.14494349669896056,True,0,converged,3990,2500,0.1204700510366644,-0.3137191986484599,0.18494280561326656
4,test,6490,2019-02-07,garch_1_1_t,innovation,0.0815096921578475,0.1480749457075612,True,0,converged,3991,2500,0.1240770207429064,-0.4201805724456468,0.17681602770400423
4,test,6491,2019-02-08,garch_1_1_t,innovation,0.096107514769983,0.14081668450728219,True,0,converged,3992,2500,0.1235219040797644,-0.2509509909938309,0.13104043331346935
4,test,6492,2019-02-11,garch_1_1_t,innovation,0.0970119006226869,0.13353725500999022,True,0,converged,3993,2500,0.1235299851958312,-0.24165026389622193,0.0778965809484905
4,test,6493,2019-02-12,garch_1_1_t,innovation,0.0888967076431421,0.1467011234512884,True,0,converged,3994,2500,0.1297880594679583,-0.3784277008174929,0.1224945350080623
4,test,6494,2019-02-13,garch_1_1_t,innovation,0.088178182711886,0.1407313195487983,True,0,converged,3995,2500,0.1238591262431151,-0.33978527022331584,0.1277076963276448
4,test,6495,2019-02-14,garch_1_1_t,innovation,0.0895509035294012,0.13418928710263162,True,0,converged,3996,2500,0.123812818020482,-0.3239636749009877,0.08048050048122966
4,test,6496,2019-02-15,garch_1_1_t,innovation,0.0818799516040375,0.14237281459664633,True,0,converged,3997,2500,0.1268461616454296,-0.4377208568508799,0.11547404543690382
4,test,6497,2019-02-19,garch_1_1_t,innovation,0.0816543225390052,0.1354670142858222,True,0,converged,3998,2500,0.1180032119389208,-0.36821708604827036,0.1380163297625811
4,test,6498,2019-02-20,garch_1_1_t,innovation,0.0820416190812086,0.12941718620856585,True,0,converged,3999,2500,0.1079091211431212,-0.27406273371655443,0.18175178585068746
4,test,6499,2019-02-21,garch_1_1_t,innovation,0.0903342867139516,0.1254236432228902,True,0,converged,4000,2500,0.1083937753214105,-0.1822535779376659,0.1459264887516689
4,test,6500,2019-02-22,garch_1_1_t,innovation,0.1115246438158879,0.12518678760373822,True,0,converged,4001,2500,0.1105756123136966,0.008546025968009074,0.1241073614947349
4,test,6501,2019-02-25,garch_1_1_t,innovation,0.1114520579205513,0.1200812982180547,True,0,converged,4002,2500,0.106563448843709,0.04485395308483365,0.11942842699965509
4,test,6502,2019-02-26,garch_1_1_t,innovation,0.1144992911542226,0.11546992328106925,True,0,converged,4003,2500,0.1030965018494206,0.10490317142056838,0.11334463079605689
4,test,6503,2019-02-27,garch_1_1_t,innovation,0.1159919266539735,0.11123292962900541,True,0,converged,4004,2500,0.1029999516279793,0.11879207227549474,0.07689794913770609
4,test,6504,2019-02-28,garch_1_1_t,innovation,0.1165790134429236,0.10810296459731028,True,0,converged,4005,2500,0.0868579936619428,0.29429474177878556,0.21880962053820144
4,test,6505,2019-03-01,garch_1_1_t,innovation,0.1166204074049251,0.11071542162105937,True,0,converged,4006,2500,0.0840777733467484,0.32718203556479575,0.275220896385816
4,test,6506,2019-03-04,garch_1_1_t,innovation,0.1232244803793034,0.10915376568221073,True,0,converged,4007,2500,0.085049838489263,0.37077031590696785,0.24952016263608776
4,test,6507,2019-03-05,garch_1_1_t,innovation,0.123142019508566,0.10603908267569687,True,0,converged,4008,2500,0.0814710165479689,0.4130909876317385,0.263560398826085
4,test,6508,2019-03-06,garch_1_1_t,innovation,0.1213674679777699,0.10888048560154923,True,0,converged,4009,2500,0.0829582876254437,0.38048494614798584,0.2719128955613685
4,test,6509,2019-03-07,garch_1_1_t,innovation,0.1180225224173991,0.11602803635500095,True,0,converged,4010,2500,0.0880303801851065,0.29319348992028915,0.27614987034244376
4,test,6510,2019-03-08,garch_1_1_t,innovation,0.1190487769034609,0.11239850134365101,True,0,converged,4011,2500,0.0815096921578475,0.37881136371633084,0.3213286687708505
4,test,6511,2019-03-11,garch_1_1_t,innovation,0.1075561298842655,0.1369717604902246,True,0,converged,4012,2500,0.096107514769983,0.11254533944179188,0.354307266454933
4,test,6512,2019-03-12,garch_1_1_t,innovation,0.1082701992154172,0.13204435685543872,True,0,converged,4013,2500,0.0970119006226869,0.10979628949854953,0.3083042451124902
4,test,6513,2019-03-13,garch_1_1_t,innovation,0.1063960293053313,0.13150893207676878,True,0,converged,4014,2500,0.0888967076431421,0.17969315020355708,0.39159966640050203
4,test,6514,2019-03-14,garch_1_1_t,innovation,0.1063763226901205,0.12563439931253753,True,0,converged,4015,2500,0.088178182711886,0.1876234501653427,0.3540165255421521
4,test,6515,2019-03-15,garch_1_1_t,innovation,0.1076228979930368,0.1235386013805072,True,0,converged,4016,2500,0.0895509035294012,0.18382621359459295,0.32174645089654774
4,test,6516,2019-03-18,garch_1_1_t,innovation,0.1068786249169263,0.12051975172524017,True,0,converged,4017,2500,0.0818799516040375,0.2664396742998171,0.3865594844971572
4,test,6517,2019-03-19,garch_1_1_t,innovation,0.1069002836996759,0.11568435145510596,True,0,converged,4018,2500,0.0816543225390052,0.2694017140382746,0.34837061614783094
4,test,6518,2019-03-20,garch_1_1_t,innovation,0.1067183262216723,0.11291011565295696,True,0,converged,4019,2500,0.0820416190812086,0.2629662299391427,0.31936539720993923
4,test,6519,2019-03-21,garch_1_1_t,innovation,0.0992382716811053,0.12677096904392635,True,0,converged,4020,2500,0.0903342867139516,0.09400665693996038,0.3388649788473387
4,test,6520,2019-03-22,garch_1_1_t,innovation,0.0714059895876338,0.1656422337510729,True,0,converged,4021,2500,0.1115246438158879,-0.4458638336398349,0.39558465691505584
4,test,6521,2019-03-25,garch_1_1_t,innovation,0.07811037818634,0.15581542369088078,True,0,converged,4022,2500,0.1114520579205513,-0.3554715933029693,0.3350776006408052
4,test,6522,2019-03-26,garch_1_1_t,innovation,0.0739489929789763,0.15386793255279393,True,0,converged,4023,2500,0.1144992911542226,-0.43719306071151576,0.29552602147249385
4,test,6523,2019-03-27,garch_1_1_t,innovation,0.0716021866918038,0.14875443132709704,True,0,converged,4024,2500,0.1159919266539735,-0.4823949769851783,0.2487762435425274
4,test,6524,2019-03-28,garch_1_1_t,innovation,0.0722393507469472,0.14241840551698462,True,0,converged,4025,2500,0.1165790134429236,-0.47858434846868064,0.20019997275987814
4,test,6525,2019-03-29,garch_1_1_t,innovation,0.0689319557606178,0.13995130409297013,True,0,converged,4026,2500,0.1166204074049251,-0.5258044095913227,0.18237025496829176
4,test,6526,2019-04-01,garch_1_1_t,innovation,0.054805285176156,0.14956056296306222,True,0,converged,4027,2500,0.1232244803793034,-0.8102211016139499,0.1936936784925717
4,test,6527,2019-04-02,garch_1_1_t,innovation,0.0609743325224739,0.14152216437436638,True,0,converged,4028,2500,0.123142019508566,-0.7028853221494579,0.13911802405420529
4,test,6528,2019-04-03,garch_1_1_t,innovation,0.0612009644021169,0.1345774029520505,True,0,converged,4029,2500,0.1213674679777699,-0.6846599212913801,0.10331665125528508
4,test,6529,2019-04-04,garch_1_1_t,innovation,0.0696594348360895,0.1293476932553392,True,0,converged,4030,2500,0.1180225224173991,-0.5272573224688231,0.09162860091978473
4,test,6530,2019-04-05,garch_1_1_t,innovation,0.0690861327932812,0.12652697462579512,True,0,converged,4031,2500,0.1190487769034609,-0.5441792716058306,0.06092222450948703
4,test,6531,2019-04-08,garch_1_1_t,innovation,0.0913187675673892,0.12111881281509698,True,0,converged,4032,2500,0.1075561298842655,-0.16365652394651467,0.11875913815719294
4,test,6532,2019-04-09,garch_1_1_t,innovation,0.0896148764183353,0.1201671249059318,True,0,converged,4033,2500,0.1082701992154172,-0.18910860965451892,0.10425353410548463
4,test,6533,2019-04-10,garch_1_1_t,innovation,0.0894451575553019,0.11706711437948222,True,0,converged,4034,2500,0.1063960293053313,-0.17354258493373892,0.09557913985936688
4,test,6534,2019-04-11,garch_1_1_t,innovation,0.0911912606094647,0.11287205791779964,True,0,converged,4035,2500,0.1063763226901205,-0.15402395519792064,0.05927192540293375
4,test,6535,2019-04-12,garch_1_1_t,innovation,0.1261142746582929,0.11580489844241887,True,0,converged,4036,2500,0.1076228979930368,0.15855500594650357,0.07327343341438204
4,test,6536,2019-04-15,garch_1_1_t,innovation,0.1300792402022496,0.11187379390706248,True,0,converged,4037,2500,0.1068786249169263,0.19644996074572432,0.0456775517848114
4,test,6537,2019-04-16,garch_1_1_t,innovation,0.1317004374881884,0.10843531918812155,True,0,converged,4038,2500,0.1069002836996759,0.20863345869126504,0.014257386798904589
4,test,6538,2019-04-17,garch_1_1_t,innovation,0.1354259916983245,0.10611300432934007,True,0,converged,4039,2500,0.1067183262216723,0.23823240616280336,-0.005688293381882916
4,test,6539,2019-04-18,garch_1_1_t,innovation,0.1371914151439003,0.10397658550350078,True,0,converged,4040,2500,0.0992382716811053,0.3238533983717815,0.046641991279437314
4,test,6540,2019-04-22,garch_1_1_t,innovation,0.1391641534390855,0.10145555145813905,True,0,converged,4041,2500,0.0714059895876338,0.6672724427302473,0.3512390322906129
4,test,6541,2019-04-23,garch_1_1_t,innovation,0.1391835998381697,0.11196362691354575,True,0,converged,4042,2500,0.07811037818634,0.5776709923795472,0.3600511275235125
4,test,6542,2019-04-24,garch_1_1_t,innovation,0.1393883016410994,0.10930103696636274,True,0,converged,4043,2500,0.0739489929789763,0.6338880039733606,0.3907303110076103
4,test,6543,2019-04-25,garch_1_1_t,innovation,0.1460433614270482,0.10594592966076671,True,0,converged,4044,2500,0.0716021866918038,0.7127779598008319,0.3918032525395479
4,test,6544,2019-04-26,garch_1_1_t,innovation,0.1453318460644067,0.10650256710012487,True,0,converged,4045,2500,0.0722393507469472,0.6990347995037903,0.3881841674625193
4,test,6545,2019-04-29,garch_1_1_t,innovation,0.1489647764411266,0.10398094961233395,True,0,converged,4046,2500,0.0689319557606178,0.7705900086384813,0.4110878359217953
4,test,6546,2019-04-30,garch_1_1_t,innovation,0.150859184626744,0.10133354967797878,True,0,converged,4047,2500,0.054805285176156,1.0125602154530546,0.6146309135920545
4,test,6547,2019-05-01,garch_1_1_t,innovation,0.148778205032906,0.1084179329529328,True,0,converged,4048,2500,0.0609743325224739,0.8920036428167626,0.5755405111669561
4,test,6548,2019-05-02,garch_1_1_t,innovation,0.1561896219678662,0.10599563397591398,True,0,converged,4049,2500,0.0612009644021169,0.9369078469329915,0.5492349567586632
4,test,6549,2019-05-03,garch_1_1_t,innovation,0.152582991301723,0.11777070227517165,True,0,converged,4050,2500,0.0696594348360895,0.784090501550754,0.5251213812152563
4,test,6550,2019-05-06,garch_1_1_t,innovation,0.1699347660275904,0.11601604995144586,True,0,converged,4051,2500,0.0690861327932812,0.9000606066890722,0.5183745157168568
4,test,6551,2019-05-07,garch_1_1_t,innovation,0.1619925600548101,0.149765426273631,True,0,converged,4052,2500,0.0913187675673892,0.573194082777547,0.49471391939079384
4,test,6552,2019-05-08,garch_1_1_t,innovation,0.1635439005561434,0.14164872292094316,True,0,converged,4053,2500,0.0896148764183353,0.6015601215730279,0.45782887284568996
4,test,6553,2019-05-09,garch_1_1_t,innovation,0.1669734029973718,0.13584272564262492,True,0,converged,4054,2500,0.0894451575553019,0.6242088635256533,0.41787211473908614
4,test,6554,2019-05-10,garch_1_1_t,innovation,0.1668169247978402,0.13267541458756787,True,0,converged,4055,2500,0.0911912606094647,0.6039378865520946,0.37494658770669886
4,test,6555,2019-05-13,garch_1_1_t,innovation,0.1402383221316341,0.1960091284149947,True,0,converged,4056,2500,0.1261142746582929,0.10615483861672563,0.44097279403108924
4,test,6556,2019-05-14,garch_1_1_t,innovation,0.1366927890671862,0.19032797682488975,True,0,converged,4057,2500,0.1300792402022496,0.04959218750258507,0.3806049730366486
4,test,6557,2019-05-15,garch_1_1_t,innovation,0.135899901335313,0.18098448599943093,True,0,converged,4058,2500,0.1317004374881884,0.03138866454952002,0.317881384284111
4,test,6558,2019-05-16,garch_1_1_t,innovation,0.1319597668383607,0.17774730178012507,True,0,converged,4059,2500,0.1354259916983245,-0.025928224929880495,0.27193758433226867
4,test,6559,2019-05-17,garch_1_1_t,innovation,0.1299428499060466,0.17074888111761122,True,0,converged,4060,2500,0.1371914151439003,-0.0542824038078664,0.21881680418089478
4,test,6560,2019-05-20,garch_1_1_t,innovation,0.1330328520936108,0.16481633029215823,True,0,converged,4061,2500,0.1391641534390855,-0.04505809039650599,0.16917750780536625
4,test,6561,2019-05-21,garch_1_1_t,innovation,0.1294095274854526,0.1640417520463047,True,0,converged,4062,2500,0.1391835998381697,-0.0728119161764464,0.16432705736617748
4,test,6562,2019-05-22,garch_1_1_t,innovation,0.1332925455987005,0.1556486986418122,True,0,converged,4063,2500,0.1393883016410994,-0.04471727181343414,0.1103379606106392
4,test,6563,2019-05-23,garch_1_1_t,innovation,0.1260526263686881,0.1631894302893742,True,0,converged,4064,2500,0.1460433614270482,-0.14720408434482907,0.11100810135949696
4,test,6564,2019-05-24,garch_1_1_t,innovation,0.1258709880492683,0.15412608816117934,True,0,converged,4065,2500,0.1453318460644067,-0.14376224309435073,0.05875130058377258
4,test,6565,2019-05-28,garch_1_1_t,innovation,0.1263623189370117,0.15513076743525134,True,0,converged,4066,2500,0.1489647764411266,-0.16455655068096292,0.040558543835380344
4,test,6566,2019-05-29,garch_1_1_t,innovation,0.1241318370966656,0.15204049675733292,True,0,converged,4067,2500,0.150859184626744,-0.1950026463787539,0.007800061819360991
4,test,6567,2019-05-30,garch_1_1_t,innovation,0.1243898458626401,0.14441544088724545,True,0,converged,4068,2500,0.148778205032906,-0.17903608804274074,-0.02976248802384333
4,test,6568,2019-05-31,garch_1_1_t,innovation,0.1161279067054281,0.15792587869142646,True,0,converged,4069,2500,0.1561896219678662,-0.2963785668783659,0.011055006216919613
4,test,6569,2019-06-03,garch_1_1_t,innovation,0.1201380602388891,0.15007390143556099,True,0,converged,4070,2500,0.152582991301723,-0.23906706982612938,-0.016580804270447884
4,test,6570,2019-06-04,garch_1_1_t,innovation,0.0933159527379914,0.1893119637678948,True,0,converged,4071,2500,0.1699347660275904,-0.5994235576623439,0.10798162210205879
4,test,6571,2019-06-05,garch_1_1_t,innovation,0.0925722531050797,0.18401939955510807,True,0,converged,4072,2500,0.1619925600548101,-0.559560954333568,0.12749077582592214
4,test,6572,2019-06-06,garch_1_1_t,innovation,0.089758508815844,0.176267596999007,True,0,converged,4073,2500,0.1635439005561434,-0.5999586306046784,0.0749218186108506
4,test,6573,2019-06-07,garch_1_1_t,innovation,0.0847931399140699,0.17500736491235727,True,0,converged,4074,2500,0.1669734029973718,-0.6776198939584297,0.04699352200723915
4,test,6574,2019-06-10,garch_1_1_t,innovation,0.0833383060124125,0.16687418040819438,True,0,converged,4075,2500,0.1668169247978402,-0.6939886528273321,0.00034316534077653886
4,test,6575,2019-06-11,garch_1_1_t,innovation,0.085034310268085,0.156712129069085,True,0,converged,4076,2500,0.1402383221316341,-0.5002884510192809,0.11106727321013198
4,test,6576,2019-06-12,garch_1_1_t,innovation,0.0852090625418953,0.14869668650823423,True,0,converged,4077,2500,0.1366927890671862,-0.47262819624017977,0.0841725778714259
4,test,6577,2019-06-13,garch_1_1_t,innovation,0.0854303046188045,0.14251409352730354,True,0,converged,4078,2500,0.135899901335313,-0.4642177022778622,0.04752230161685576
4,test,6578,2019-06-14,garch_1_1_t,innovation,0.0853482536737429,0.13518449829650211,True,0,converged,4079,2500,0.1319597668383607,-0.4357570911807937,0.024143420017594765
4,test,6579,2019-06-17,garch_1_1_t,innovation,0.0862188298504035,0.12858134979411098,True,0,converged,4080,2500,0.1299428499060466,-0.4102061401342905,-0.010532961331523354
4,test,6580,2019-06-18,garch_1_1_t,innovation,0.0813299469478175,0.13733637266471727,True,0,converged,4081,2500,0.1330328520936108,-0.492081806072078,0.03183708554741213
4,test,6581,2019-06-19,garch_1_1_t,innovation,0.0819680960975938,0.1312479961174269,True,0,converged,4082,2500,0.1294095274854526,-0.4566519079527981,0.01410662615008678
4,test,6582,2019-06-20,garch_1_1_t,innovation,0.0772686223074844,0.13722275382159754,True,0,converged,4083,2500,0.1332925455987005,-0.5452583514354291,0.029059242091172745
4,test,6583,2019-06-21,garch_1_1_t,innovation,0.0775859561384999,0.13099099777597037,True,0,converged,4084,2500,0.1260526263686881,-0.48531305613047504,0.038429112227896814
4,test,6584,2019-06-24,garch_1_1_t,innovation,0.0814876122554209,0.1251875746856465,True,0,converged,4085,2500,0.1258709880492683,-0.43480646620430097,-0.005444268016276726
4,test,6585,2019-06-25,garch_1_1_t,innovation,0.075453224582164,0.13307157506180212,True,0,converged,4086,2500,0.1263623189370117,-0.5156404052922307,0.051733814232195634
4,test,6586,2019-06-26,garch_1_1_t,innovation,0.0772628547038271,0.12699810678067588,True,0,converged,4087,2500,0.1241318370966656,-0.47413089733084,0.02282797591057184
4,test,6587,2019-06-27,garch_1_1_t,innovation,0.0798342840845793,0.12318147013238069,True,0,converged,4088,2500,0.1243898458626401,-0.44346751476183727,-0.009761917057343673
4,test,6588,2019-06-28,garch_1_1_t,innovation,0.0779963503630066,0.12232342598148913,True,0,converged,4089,2500,0.1161279067054281,-0.39803019227624,0.05197634192626654
4,test,6589,2019-07-01,garch_1_1_t,innovation,0.0716265271470001,0.12866100624517257,True,0,converged,4090,2500,0.1201380602388891,-0.5171760872208675,0.06853950346328015
4,test,6590,2019-07-02,garch_1_1_t,innovation,0.0810550186451628,0.1238531492856617,True,0,converged,4091,2500,0.0933159527379914,-0.1408629098710299,0.28310550734149875
4,test,6591,2019-07-03,garch_1_1_t,innovation,0.0820653242093889,0.12741584897471328,True,0,converged,4092,2500,0.0925722531050797,-0.12047388743908745,0.319466684399214
4,test,6592,2019-07-05,garch_1_1_t,innovation,0.0862443371444512,0.12201102762925482,True,0,converged,4093,2500,0.089758508815844,-0.03993843116239065,0.3069886024298453
4,test,6593,2019-07-08,garch_1_1_t,innovation,0.1371252718479215,0.12153195802544998,True,0,converged,4094,2500,0.0847931399140699,0.480680258790235,0.3599626149248279
4,test,6594,2019-07-09,garch_1_1_t,innovation,0.1456955339200333,0.11690244655523802,True,0,converged,4095,2500,0.0833383060124125,0.5586107605950312,0.3384314973124836
4,test,6595,2019-07-10,garch_1_1_t,innovation,0.1447248430956164,0.1163040923343835,True,0,converged,4096,2500,0.085034310268085,0.5317794805508765,0.3131534213891991
4,test,6596,2019-07-11,garch_1_1_t,innovation,0.1601032923102163,0.11293058055259317,True,0,converged,4097,2500,0.0852090625418953,0.6307113878362981,0.28166550249927946
4,test,6597,2019-07-12,garch_1_1_t,innovation,0.1611529333716523,0.11220601864592,True,0,converged,4098,2500,0.0854303046188045,0.6346529179669056,0.272635740900906
4,test,6598,2019-07-15,garch_1_1_t,innovation,0.1669103751509543,0.10861928957002825,True,0,converged,4099,2500,0.0853482536737429,0.6707170043454517,0.24110902381083354
4,test,6599,2019-07-16,garch_1_1_t,innovation,0.1752384939636192,0.10751097772343382,True,0,converged,4100,2500,0.0862188298504035,0.7092592712183683,0.2207043631570495
4,test,6600,2019-07-17,garch_1_1_t,innovation,0.2037418035848827,0.11128731833409329,True,0,converged,4101,2500,0.0813299469478175,0.9183392236367507,0.3136010106259296
4,test,6601,2019-07-18,garch_1_1_t,innovation,0.2035440687663316,0.1099521067211122,True,0,converged,4102,2500,0.0819680960975938,0.9095524359969466,0.2937147779611861
4,test,6602,2019-07-19,garch_1_1_t,innovation,0.2091468585712892,0.11150296939504423,True,0,converged,4103,2500,0.0772686223074844,0.9957487256006171,0.3667632696959565
4,test,6603,2019-07-22,garch_1_1_t,innovation,0.2132455177146032,0.10894357580210942,True,0,converged,4104,2500,0.0775859561384999,1.0110577340134725,0.339443661794717
4,test,6604,2019-07-23,garch_1_1_t,innovation,0.213493947309843,0.11360086671439237,True,0,converged,4105,2500,0.0814876122554209,0.9631574706018927,0.3322401239579268
4,test,6605,2019-07-24,garch_1_1_t,innovation,0.2147787230723361,0.11327625668590288,True,0,converged,4106,2500,0.075453224582164,1.0460953808289524,0.4063166623054306
4,test,6606,2019-07-25,garch_1_1_t,innovation,0.2141078832388318,0.11304132899044403,True,0,converged,4107,2500,0.0772628547038271,1.0192667094093508,0.38054018925554434
4,test,6607,2019-07-26,garch_1_1_t,innovation,0.2319768619381718,0.11605891422891036,True,0,converged,4108,2500,0.0798342840845793,1.0666845963541625,0.37414490614867
4,test,6608,2019-07-29,garch_1_1_t,innovation,0.2351496822120182,0.11252488555046218,True,0,converged,4109,2500,0.0779963503630066,1.103560221586441,0.36651236669824566
4,test,6609,2019-07-30,garch_1_1_t,innovation,0.2354018278155374,0.1104155807380991,True,0,converged,4110,2500,0.0716265271470001,1.1898284632862497,0.43278575752750664
4,test,6610,2019-07-31,garch_1_1_t,innovation,0.2334730580008,0.12474195034077862,True,0,converged,4111,2500,0.0810550186451628,1.057938520533058,0.4311190395987799
4,test,6611,2019-08-01,garch_1_1_t,innovation,0.2357446355179109,0.12982311086106835,True,0,converged,4112,2500,0.0820653242093889,1.0552335994760027,0.45865727138059065
4,test,6612,2019-08-02,garch_1_1_t,innovation,0.2342185285737796,0.13140520397200023,True,0,converged,4113,2500,0.0862443371444512,0.9990701648946139,0.4211013118552162
4,test,6613,2019-08-05,garch_1_1_t,innovation,0.2086717234705773,0.21939386560532276,True,0,converged,4114,2500,0.1371252718479215,0.41986741494691615,0.4699736865079027
4,test,6614,2019-08-06,garch_1_1_t,innovation,0.2066531779302153,0.21956613177165538,True,0,converged,4115,2500,0.1456955339200333,0.3495228590035641,0.41013441067834716
4,test,6615,2019-08-07,garch_1_1_t,innovation,0.2115585558542887,0.20342617474464686,True,0,converged,4116,2500,0.1447248430956164,0.37966751418974776,0.3404688555862029
4,test,6616,2019-08-08,garch_1_1_t,innovation,0.2000191612114179,0.22193698118800495,True,0,converged,4117,2500,0.1601032923102163,0.22259398413849005,0.32657428917395465
4,test,6617,2019-08-09,garch_1_1_t,innovation,0.1985503172938079,0.20947186147725436,True,0,converged,4118,2500,0.1611529333716523,0.20868874479451383,0.26223560674728297
4,test,6618,2019-08-12,garch_1_1_t,innovation,0.1937336435750452,0.20766486810744972,True,0,converged,4119,2500,0.1669103751509543,0.14902725180003995,0.21846857667104633
4,test,6619,2019-08-13,garch_1_1_t,innovation,0.1875226719036723,0.21380851224583625,True,0,converged,4120,2500,0.1752384939636192,0.06775188614736619,0.19893294308465378
4,test,6620,2019-08-14,garch_1_1_t,innovation,0.1548069735843747,0.26790372447468835,True,0,converged,4121,2500,0.2037418035848827,-0.27467451437193563,0.2737741554274751
4,test,6621,2019-08-15,garch_1_1_t,innovation,0.1545413561563225,0.24731804407163754,True,0,converged,4122,2500,0.2035440687663316,-0.2754207976666946,0.19479260059411094
4,test,6622,2019-08-16,garch_1_1_t,innovation,0.1459466991189772,0.24494629415134853,True,0,converged,4123,2500,0.2091468585712892,-0.35979519727105985,0.15800230117381098
4,test,6623,2019-08-19,garch_1_1_t,innovation,0.1399068231613753,0.2371023770056132,True,0,converged,4124,2500,0.2132455177146032,-0.42146751504154123,0.10604785112298556
4,test,6624,2019-08-20,garch_1_1_t,innovation,0.1372328128449709,0.22386235681201877,True,0,converged,4125,2500,0.213493947309843,-0.4419296350549545,0.04742290203795333
4,test,6625,2019-08-21,garch_1_1_t,innovation,0.1341852914812593,0.2127478501757339,True,0,converged,4126,2500,0.2147787230723361,-0.470386686080445,-0.00950064065990828
4,test,6626,2019-08-22,garch_1_1_t,innovation,0.1352304336846325,0.1977744078016877,True,0,converged,4127,2500,0.2141078832388318,-0.4594997757815617,-0.07935298867685098
4,test,6627,2019-08-23,garch_1_1_t,innovation,0.0987677462731684,0.2408704056932978,True,0,converged,4128,2500,0.2319768619381718,-0.8538665369366573,0.03762141947897849
4,test,6628,2019-08-26,garch_1_1_t,innovation,0.0949371897088348,0.23185889407592578,True,0,converged,4129,2500,0.2351496822120182,-0.9070067449858588,-0.01409328552502859
4,test,6629,2019-08-27,garch_1_1_t,innovation,0.0962110036816357,0.2156035301254074,True,0,converged,4130,2500,0.2354018278155374,-0.8947502250025735,-0.08785274712267385
4,test,6630,2019-08-28,garch_1_1_t,innovation,0.093225090273007,0.20414167041565162,True,0,converged,4131,2500,0.2334730580008,-0.9180497927584043,-0.1342524715192533
4,test,6631,2019-08-29,garch_1_1_t,innovation,0.083838425634918,0.20408089052870432,True,0,converged,4132,2500,0.2357446355179109,-1.0338577241065785,-0.14423272884393182
4,test,6632,2019-08-30,garch_1_1_t,innovation,0.0854175634899321,0.18974608119262013,True,0,converged,4133,2500,0.2342185285737796,-1.0087028212306792,-0.2105677987682324
4,test,6633,2019-09-03,garch_1_1_t,innovation,0.0930968185528443,0.18000637988806104,True,0,converged,4134,2500,0.2086717234705773,-0.8071223046884989,-0.14777002193825456
4,test,6634,2019-09-04,garch_1_1_t,innovation,0.105186428653596,0.18133202233548418,True,0,converged,4135,2500,0.2066531779302153,-0.6753076323736009,-0.1307121907672228
4,test,6635,2019-09-05,garch_1_1_t,innovation,0.0992328759255129,0.18526083445605313,True,0,converged,4136,2500,0.2115585558542887,-0.7570324500729452,-0.13273707194016418
4,test,6636,2019-09-06,garch_1_1_t,innovation,0.1100727751083119,0.17267978429288652,True,0,converged,4137,2500,0.2000191612114179,-0.5972714290852961,-0.14697424650205831
4,test,6637,2019-09-09,garch_1_1_t,innovation,0.1111233193008776,0.16184167154186377,True,0,converged,4138,2500,0.1985503172938079,-0.5804019863127792,-0.20442403446426574
4,test,6638,2019-09-10,garch_1_1_t,innovation,0.1242269638868916,0.15189735723476996,True,0,converged,4139,2500,0.1937336435750452,-0.44437399793698806,-0.24327923302110263
4,test,6639,2019-09-11,garch_1_1_t,innovation,0.1261954708370389,0.14943376365273225,True,0,converged,4140,2500,0.1875226719036723,-0.39606769422858895,-0.22704651275629975
4,test,6640,2019-09-12,garch_1_1_t,innovation,0.1278558039848184,0.1427382839740098,True,0,converged,4141,2500,0.1548069735843747,-0.1912759115980242,-0.08116623770496798
4,test,6641,2019-09-13,garch_1_1_t,innovation,0.1329732609548528,0.13517363798683205,True,0,converged,4142,2500,0.1545413561563225,-0.15031367534862786,-0.1339015786135398
4,test,6642,2019-09-16,garch_1_1_t,innovation,0.1325780312579678,0.12991996706972905,True,0,converged,4143,2500,0.1459466991189772,-0.09607009328658037,-0.11632285757727402
4,test,6643,2019-09-17,garch_1_1_t,innovation,0.1368181401472614,0.1249087133548836,True,0,converged,4144,2500,0.1399068231613753,-0.02232405237298449,-0.11339347483861256
4,test,6644,2019-09-18,garch_1_1_t,innovation,0.1369205763287606,0.11967104904675278,True,0,converged,4145,2500,0.1372328128449709,-0.002277824484710627,-0.13693212666483506
4,test,6645,2019-09-19,garch_1_1_t,innovation,0.1373187477431881,0.11510463453828805,True,0,converged,4146,2500,0.1341852914812593,0.023083232237730837,-0.15338003681314208
4,test,6646,2019-09-20,garch_1_1_t,innovation,0.1371719531750561,0.11495946059744858,True,0,converged,4147,2500,0.1352304336846325,0.014255031977157615,-0.1624006898243203
4,test,6647,2019-09-23,garch_1_1_t,innovation,0.1392502585786074,0.11116938893215629,True,0,converged,4148,2500,0.0987677462731684,0.3435016390127418,0.11828396780221064
4,test,6648,2019-09-24,garch_1_1_t,innovation,0.1369071399940365,0.1176662272226704,True,0,converged,4149,2500,0.0949371897088348,0.3660873737707739,0.2146365216290733
4,test,6649,2019-09-25,garch_1_1_t,innovation,0.1356896693572556,0.11873849059575113,True,0,converged,4150,2500,0.0962110036816357,0.343826700888517,0.21037978240327343
4,test,6650,2019-09-26,garch_1_1_t,innovation,0.1356115565297251,0.11505647666201013,True,0,converged,4151,2500,0.093225090273007,0.37477770262113913,0.2104062148220389
4,test,6651,2019-09-27,garch_1_1_t,innovation,0.135030369937405,0.11574506570178622,True,0,converged,4152,2500,0.083838425634918,0.4766082734505082,0.32249862094450316
4,test,6652,2019-09-30,garch_1_1_t,innovation,0.1355046625902814,0.11515349843759394,True,0,converged,4153,2500,0.0854175634899321,0.46145430886439853,0.29871426624980313
4,test,6653,2019-10-01,garch_1_1_t,innovation,0.1286795881041006,0.1319038078747418,True,0,converged,4154,2500,0.0930968185528443,0.3236854900995286,0.3484329173788311
4,test,6654,2019-10-02,garch_1_1_t,innovation,0.1125806250422199,0.1644767157731511,True,0,converged,4155,2500,0.105186428653596,0.06793534521546592,0.4470347279471853
4,test,6655,2019-10-03,garch_1_1_t,innovation,0.1092022953032048,0.16153626324060655,True,0,converged,4156,2500,0.0992328759255129,0.09573271242409129,0.48726028772092095
4,test,6656,2019-10-04,garch_1_1_t,innovation,0.1035379333514938,0.171518264102287,True,0,converged,4157,2500,0.1100727751083119,-0.06120368756061395,0.4435480182281991
4,test,6657,2019-10-07,garch_1_1_t,innovation,0.1033785934227086,0.16248384481890915,True,0,converged,4158,2500,0.1111233193008776,-0.07224265553651689,0.3799380110104816
4,test,6658,2019-10-08,garch_1_1_t,innovation,0.0872807277654917,0.17932211881891086,True,0,converged,4159,2500,0.1242269638868916,-0.352980566700259,0.36707348859622724
4,test,6659,2019-10-09,garch_1_1_t,innovation,0.0805788681395319,0.17658485360477094,True,0,converged,4160,2500,0.1261954708370389,-0.4485956274463747,0.33596945712267384
4,test,6660,2019-10-10,garch_1_1_t,innovation,0.0779472694501088,0.16952730334652882,True,0,converged,4161,2500,0.1278558039848184,-0.4948705321520555,0.28211089800108236
4,test,6661,2019-10-11,garch_1_1_t,innovation,0.0693678008721267,0.16999046848175323,True,0,converged,4162,2500,0.1329732609548528,-0.6507252670877673,0.24559430516684067
4,test,6662,2019-10-14,garch_1_1_t,innovation,0.0695865367070163,0.15946667979692294,True,0,converged,4163,2500,0.1325780312579678,-0.6446002767270476,0.18466360906859858
4,test,6663,2019-10-15,garch_1_1_t,innovation,0.0606243998551288,0.16072119753310926,True,0,converged,4164,2500,0.1368181401472614,-0.8139551499012435,0.1610185717180702
4,test,6664,2019-10-16,garch_1_1_t,innovation,0.0603662935102622,0.15152595389043289,True,0,converged,4165,2500,0.1369205763287606,-0.8189701281857856,0.10135590019484937
4,test,6665,2019-10-17,garch_1_1_t,innovation,0.0596783743248095,0.14382479555354025,True,0,converged,4166,2500,0.1373187477431881,-0.8333351336290007,0.04629101196605271
4,test,6666,2019-10-18,garch_1_1_t,innovation,0.0630402728368809,0.13859212055743642,True,0,converged,4167,2500,0.1371719531750561,-0.7774614979357745,0.01029996343258085
4,test,6667,2019-10-21,garch_1_1_t,innovation,0.0583587776590428,0.13769479452044547,True,0,converged,4168,2500,0.1392502585786074,-0.8696629571499898,-0.011233133770421748
4,test,6668,2019-10-22,garch_1_1_t,innovation,0.0572004223740313,0.13224680303672653,True,0,converged,4169,2500,0.1369071399940365,-0.8727416032285117,-0.03463298893750389
4,test,6669,2019-10-23,garch_1_1_t,innovation,0.0577963191195519,0.12758689107176774,True,0,converged,4170,2500,0.1356896693572556,-0.8534453448061389,-0.061572804318024005
4,test,6670,2019-10-24,garch_1_1_t,innovation,0.0577883608342387,0.12239635897503753,True,0,converged,4171,2500,0.1356115565297251,-0.8530072112694119,-0.10252997432049513
4,test,6671,2019-10-25,garch_1_1_t,innovation,0.0564914468132907,0.1200187592260241,True,0,converged,4172,2500,0.135030369937405,-0.8714104727803139,-0.11785165818965072
4,test,6672,2019-10-28,garch_1_1_t,innovation,0.0595328556239115,0.12049703225065507,True,0,converged,4173,2500,0.1355046625902814,-0.8224776944804301,-0.11738092598596457
4,test,6673,2019-10-29,garch_1_1_t,innovation,0.0600632196263842,0.11602274353284572,True,0,converged,4174,2500,0.1286795881041006,-0.7619278334826455,-0.10353926460746675
4,test,6674,2019-10-30,garch_1_1_t,innovation,0.0611444853458064,0.11389339713902731,True,0,converged,4175,2500,0.1125806250422199,-0.6104299563438225,0.011593266084964601
4,test,6675,2019-10-31,garch_1_1_t,innovation,0.061830142704815,0.1114735820731212,True,0,converged,4176,2500,0.1092022953032048,-0.5688110907632027,0.02058554839768326
4,test,6676,2019-11-01,garch_1_1_t,innovation,0.0605697350570851,0.12144349067935571,True,0,converged,4177,2500,0.1035379333514938,-0.5361427045475414,0.1595110059299487
4,test,6677,2019-11-04,garch_1_1_t,innovation,0.0635345878931155,0.11937061613504603,True,0,converged,4178,2500,0.1033785934227086,-0.4868134649432364,0.14383516086889128
4,test,6678,2019-11-05,garch_1_1_t,innovation,0.0670669330983574,0.11524684326983159,True,0,converged,4179,2500,0.0872807277654917,-0.26343855758567997,0.27794661144339283
4,test,6679,2019-11-06,garch_1_1_t,innovation,0.0673645751453967,0.11175938004954727,True,0,converged,4180,2500,0.0805788681395319,-0.1791171448130972,0.32711173452941483
4,test,6680,2019-11-07,garch_1_1_t,innovation,0.0736504621965872,0.11054233799242143,True,0,converged,4181,2500,0.0779472694501088,-0.05670214691496012,0.3493660314420188
4,test,6681,2019-11-08,garch_1_1_t,innovation,0.0739790015843404,0.10864862780279658,True,0,converged,4182,2500,0.0693678008721267,0.06435849509282551,0.44869628163461056
4,test,6682,2019-11-11,garch_1_1_t,innovation,0.0737735117989392,0.10659408810695488,True,0,converged,4183,2500,0.0695865367070163,0.058428637954901795,0.4264569410236697
4,test,6683,2019-11-12,garch_1_1_t,innovation,0.0740802672975785,0.10491844510346404,True,0,converged,4184,2500,0.0606243998551288,0.20045174864826143,0.5484858851473173
4,test,6684,2019-11-13,garch_1_1_t,innovation,0.0800910674211659,0.1029493072879675,True,0,converged,4185,2500,0.0603662935102622,0.2827334353130452,0.5338058101207358
4,test,6685,2019-11-14,garch_1_1_t,innovation,0.0799526806951742,0.10145627883552398,True,0,converged,4186,2500,0.0596783743248095,0.2924652527048623,0.5306582396346161
4,test,6686,2019-11-15,garch_1_1_t,innovation,0.0795487752381585,0.10908523274118598,True,0,converged,4187,2500,0.0630402728368809,0.23259658500258018,0.5483557548816864
4,test,6687,2019-11-18,garch_1_1_t,innovation,0.0795094924960252,0.10632170814158153,True,0,converged,4188,2500,0.0583587776590428,0.30926663840449065,0.5998597017242814
4,test,6688,2019-11-19,garch_1_1_t,innovation,0.0795031973349095,0.1039410264594215,True,0,converged,4189,2500,0.0572004223740313,0.32923595638086245,0.5972624025111911
4,test,6689,2019-11-20,garch_1_1_t,innovation,0.0797290427375796,0.10436938696558068,True,0,converged,4190,2500,0.0577963191195519,0.32170882954306024,0.5910113135519341
4,test,6690,2019-11-21,garch_1_1_t,innovation,0.0810256688219549,0.10262803523118255,True,0,converged,4191,2500,0.0577883608342387,0.3379786177561329,0.5743237575276541
4,test,6691,2019-11-22,garch_1_1_t,innovation,0.0808228842931232,0.10181014560477042,True,0,converged,4192,2500,0.0564914468132907,0.3581709040198277,0.5890205184227147
4,test,6692,2019-11-25,garch_1_1_t,innovation,0.0760354602482265,0.11072103259969304,True,0,converged,4193,2500,0.0595328556239115,0.2446714581765175,0.6204854625437365
4,test,6693,2019-11-26,garch_1_1_t,innovation,0.0779230358094822,0.10867722755578124,True,0,converged,4194,2500,0.0600632196263842,0.26032395121801316,0.5929846061211886
4,test,6694,2019-11-27,garch_1_1_t,innovation,0.0763121601289488,0.10917058390388253,True,0,converged,4195,2500,0.0611444853458064,0.2215926225268843,0.5796719731930017
4,test,6695,2019-11-29,garch_1_1_t,innovation,0.0776836742011243,0.10847634100244077,True,0,converged,4196,2500,0.061830142704815,0.22825413046826096,0.5621411023391445
4,test,6696,2019-12-02,garch_1_1_t,innovation,0.0720547594860029,0.11766136533090134,True,0,converged,4197,2500,0.0605697350570851,0.1736310315398062,0.6640153665826334
4,test,6697,2019-12-03,garch_1_1_t,innovation,0.0755852407248705,0.12043718073269553,True,0,converged,4198,2500,0.0635345878931155,0.17367658678052855,0.6395438464365374
4,test,6698,2019-12-04,garch_1_1_t,innovation,0.0772295851314868,0.12153505200891421,True,0,converged,4199,2500,0.0670669330983574,0.14109148852067427,0.5945115928856607
4,test,6699,2019-12-05,garch_1_1_t,innovation,0.0781438453758929,0.11713241424385028,True,0,converged,4200,2500,0.0673645751453967,0.14843201134679193,0.5531857520982025
4,test,6700,2019-12-06,garch_1_1_t,innovation,0.0718657821323598,0.1256623820758078,True,0,converged,4201,2500,0.0736504621965872,-0.024530176170874374,0.534268384840606
4,test,6701,2019-12-09,garch_1_1_t,innovation,0.073455662984339,0.12231139730333913,True,0,converged,4202,2500,0.0739790015843404,-0.007099291059532105,0.5027889391489415
4,test,6702,2019-12-10,garch_1_1_t,innovation,0.0771716366747151,0.11743583629929898,True,0,converged,4203,2500,0.0737735117989392,0.045032240469879595,0.4648923619168316
4,test,6703,2019-12-11,garch_1_1_t,innovation,0.0771937029272947,0.11435373685550973,True,0,converged,4204,2500,0.0740802672975785,0.04116868684449868,0.43414740047848843
4,test,6704,2019-12-12,garch_1_1_t,innovation,0.074984609143998,0.12192787750848265,True,0,converged,4205,2500,0.0800910674211659,-0.06588144895340114,0.4202653719437131
4,test,6705,2019-12-13,garch_1_1_t,innovation,0.075149836052631,0.11699099800422354,True,0,converged,4206,2500,0.0799526806951742,-0.06195103376867603,0.38066202333930726
4,test,6706,2019-12-16,garch_1_1_t,innovation,0.0715617163026701,0.11991160427047391,True,0,converged,4207,2500,0.0795487752381585,-0.10581011607951601,0.41038448171763103
4,test,6707,2019-12-17,garch_1_1_t,innovation,0.0773638494393549,0.11535460646119777,True,0,converged,4208,2500,0.0795094924960252,-0.027356807016666266,0.37213450146839844
4,test,6708,2019-12-18,garch_1_1_t,innovation,0.0781459122338237,0.11145430823070067,True,0,converged,4209,2500,0.0795031973349095,-0.017219490070216798,0.33781747635898124
4,test,6709,2019-12-19,garch_1_1_t,innovation,0.0770995338400984,0.11076411356758369,True,0,converged,4210,2500,0.0797290427375796,-0.033536685762323444,0.32876891694127813
4,test,6710,2019-12-20,garch_1_1_t,innovation,0.0755209126827912,0.11067012096815802,True,0,converged,4211,2500,0.0810256688219549,-0.07035639643042316,0.3117878898219135
4,test,6711,2019-12-23,garch_1_1_t,innovation,0.0754360284280252,0.10788518171691204,True,0,converged,4212,2500,0.0808228842931232,-0.06897515537733932,0.28880738247048826
4,test,6712,2019-12-24,garch_1_1_t,innovation,0.0818291414737041,0.10512340353349153,True,0,converged,4213,2500,0.0760354602482265,0.07343361921632918,0.3239351181296621
4,test,6713,2019-12-26,garch_1_1_t,innovation,0.0981374355078893,0.10759843457196437,True,0,converged,4214,2500,0.0779230358094822,0.23064728019412625,0.3226844798648543
4,test,6714,2019-12-27,garch_1_1_t,innovation,0.1048783866972864,0.10510834384520164,True,0,converged,4215,2500,0.0763121601289488,0.31796915878324017,0.3201593661286917
4,test,6715,2019-12-30,garch_1_1_t,innovation,0.1030677210487561,0.10790190734167118,True,0,converged,4216,2500,0.0776836742011243,0.2827411360356437,0.3285774269913402
4,test,6716,2019-12-31,garch_1_1_t,innovation,0.1033491921487442,0.10603214082743384,True,0,converged,4217,2500,0.0720547594860029,0.3606870910802253,0.3863158851423578
4,test,6717,2020-01-02,garch_1_1_t,innovation,0.1175600391090824,0.11752449101703898,True,0,converged,4218,2500,0.0755852407248705,0.4416881386051224,0.44138571043347447
4,test,6718,2020-01-03,garch_1_1_t,innovation,0.1173989849435858,0.12207983987359951,True,0,converged,4219,2500,0.0772295851314868,0.4187956505104292,0.45789264517412487
4,test,6719,2020-01-06,garch_1_1_t,innovation,0.1283849783064978,0.11938236012353617,True,0,converged,4220,2500,0.0781438453758929,0.4964820932504867,0.42378015260646024
4,test,6720,2020-01-07,garch_1_1_t,innovation,0.1343276498414228,0.11615145363696339,True,0,converged,4221,2500,0.0718657821323598,0.6254817212110391,0.4800947320081219
4,test,6721,2020-01-08,garch_1_1_t,innovation,0.1335293563415104,0.11656343899732327,True,0,converged,4222,2500,0.073455662984339,0.5976393518528686,0.4617536660440995
4,test,6722,2020-01-09,garch_1_1_t,innovation,0.1327195527196908,0.11945541236817762,True,0,converged,4223,2500,0.0771716366747151,0.5422062868357016,0.436911194551693
4,test,6723,2020-01-10,garch_1_1_t,innovation,0.1349327386730831,0.11607065730304046,True,0,converged,4224,2500,0.0771937029272947,0.5584585368237986,0.4078812349481329
4,test,6724,2020-01-13,garch_1_1_t,innovation,0.1328637648118875,0.11913100354112122,True,0,converged,4225,2500,0.074984609143998,0.5720413974557973,0.4629408766276498
4,test,6725,2020-01-14,garch_1_1_t,innovation,0.1346964438774394,0.11504512532413691,True,0,converged,4226,2500,0.075149836052631,0.5835397481569708,0.42584051092485214
4,test,6726,2020-01-15,garch_1_1_t,innovation,0.1345112960342245,0.11211282226215862,True,0,converged,4227,2500,0.0715617163026701,0.631087938440358,0.4489454634338768
4,test,6727,2020-01-16,garch_1_1_t,innovation,0.1313806900982833,0.11920675977348416,True,0,converged,4228,2500,0.0773638494393549,0.5295795301581119,0.4323398525509827
4,test,6728,2020-01-17,garch_1_1_t,innovation,0.1312368454892067,0.1163005568982525,True,0,converged,4229,2500,0.0781459122338237,0.5184259227742268,0.3976000991456808
4,test,6729,2020-01-21,garch_1_1_t,innovation,0.1321415098511126,0.11281188339601052,True,0,converged,4230,2500,0.0770995338400984,0.5387761583053433,0.3806244483920461
4,test,6730,2020-01-22,garch_1_1_t,innovation,0.1329463930085781,0.10946057835857866,True,0,converged,4231,2500,0.0755209126827912,0.5655363798087233,0.3711548623688497
4,test,6731,2020-01-23,garch_1_1_t,innovation,0.137870642112486,0.10666092953750494,True,0,converged,4232,2500,0.0754360284280252,0.6030308780494732,0.34636992859364346
4,test,6732,2020-01-24,garch_1_1_t,innovation,0.1798231349488632,0.11685418960180671,True,0,converged,4233,2500,0.0818291414737041,0.7873403513205173,0.35629348197137295
4,test,6733,2020-01-27,garch_1_1_t,innovation,0.2024263312072133,0.14831712447666212,True,0,converged,4234,2500,0.0981374355078893,0.7240071244855696,0.41298381497290615
4,test,6734,2020-01-28,garch_1_1_t,innovation,0.1994447827967727,0.1531985518416828,True,0,converged,4235,2500,0.1048783866972864,0.6427359630892527,0.3789333475617463
4,test,6735,2020-01-29,garch_1_1_t,innovation,0.2576332821495113,0.14425800403029812,True,0,converged,4236,2500,0.1030677210487561,0.9161509286847199,0.33621713296990025
4,test,6736,2020-01-30,garch_1_1_t,innovation,0.2578099613821957,0.1379275037457339,True,0,converged,4237,2500,0.1033491921487442,0.914109260277953,0.2886147425018949
4,test,6737,2020-01-31,garch_1_1_t,innovation,0.2913437307947697,0.1708436151051594,True,0,converged,4238,2500,0.1175600391090824,0.9075546013534389,0.37379943229073104
4,test,6738,2020-02-03,garch_1_1_t,innovation,0.3079357846208377,0.16559986873968535,True,0,converged,4239,2500,0.1173989849435858,0.9643130085252045,0.34399618809588395
4,test,6739,2020-02-04,garch_1_1_t,innovation,0.3366036944801375,0.18006820719063035,True,0,converged,4240,2500,0.1283849783064978,0.9638728645438713,0.33830231492222584
4,test,6740,2020-02-05,garch_1_1_t,innovation,0.3550230106333942,0.18138751093191924,True,0,converged,4241,2500,0.1343276498414228,0.9719006425496484,0.30035372357478113
4,test,6741,2020-02-06,garch_1_1_t,innovation,0.359722493072086,0.16990831194780642,True,0,converged,4242,2500,0.1335293563415104,0.9910115302574289,0.24093759871426737
4,test,6742,2020-02-07,garch_1_1_t,innovation,0.4608128374726579,0.1619133395766718,True,0,converged,4243,2500,0.1327195527196908,1.2447536923205647,0.19882297544401087
4,test,6743,2020-02-10,garch_1_1_t,innovation,0.4936816108143324,0.1586088662097236,True,0,converged,4244,2500,0.1349327386730831,1.2971143746504838,0.16166478837155926
4,test,6744,2020-02-11,garch_1_1_t,innovation,0.52455130592427,0.14914960163093638,True,0,converged,4245,2500,0.1328637648118875,1.3732189632631413,0.11562556150816408
4,test,6745,2020-02-12,garch_1_1_t,innovation,0.6340915336687041,0.14577172557863063,True,0,converged,4246,2500,0.1346964438774394,1.5491696361360923,0.07901819194411548
4,test,6746,2020-02-13,garch_1_1_t,innovation,0.6977374712908002,0.13789525226285282,True,0,converged,4247,2500,0.1345112960342245,1.6461947354840352,0.02484617446587617
4,test,6747,2020-02-14,garch_1_1_t,innovation,0.8099499121239507,0.13127473193576622,True,0,converged,4248,2500,0.1313806900982833,1.8188732687309437,-0.0008068226229210648
4,test,6748,2020-02-18,garch_1_1_t,innovation,0.8311295095333014,0.1261188371574661,True,0,converged,4249,2500,0.1312368454892067,1.8457819589215314,-0.0397790570983188
4,test,6749,2020-02-19,garch_1_1_t,innovation,0.851180021171029,0.1240926464309627,True,0,converged,4250,2500,0.1321415098511126,1.862750254259476,-0.06284495741858556
4,test,6750,2020-02-20,garch_1_1_t,innovation,0.8510879238500145,0.12170479190842345,True,0,converged,4251,2500,0.1329463930085781,1.8565694546237212,-0.08834761290592906
4,test,6751,2020-02-21,garch_1_1_t,innovation,0.8645531380593371,0.13258457670459323,True,0,converged,4252,2500,0.137870642112486,1.8358969004976533,-0.039095113007390485
4,test,6752,2020-02-24,garch_1_1_t,innovation,0.8611452361859792,0.24148409478682942,True,0,converged,4253,2500,0.1798231349488632,1.5662893891241128,0.29482982660676227
4,test,6753,2020-02-25,garch_1_1_t,innovation,0.907976280732639,0.2930693704025075,True,0,converged,4254,2500,0.2024263312072133,1.5008422318699453,0.3700333161979904
4,test,6754,2020-02-26,garch_1_1_t,innovation,0.9094129882929656,0.26840145871121196,True,0,converged,4255,2500,0.1994447827967727,1.517261903496421,0.29694641986454906
4,test,6755,2020-02-27,garch_1_1_t,innovation,0.9170623224173668,0.3788222320695323,True,0,converged,4256,2500,0.2576332821495113,1.269638246549334,0.3855298635997042
4,test,6756,2020-02-28,garch_1_1_t,innovation,0.9232012495028388,0.344784962255856,True,0,converged,4257,2500,0.2578099613821957,1.2756245194799827,0.2906981951708601
4,test,6757,2020-03-02,garch_1_1_t,innovation,0.917891119139974,0.4120527924723078,True,0,converged,4258,2500,0.2913437307947697,1.147575001407357,0.34664770263190287
4,test,6758,2020-03-03,garch_1_1_t,innovation,0.9136368908040716,0.4163006035349241,True,0,converged,4259,2500,0.3079357846208377,1.0875419479427506,0.3015163342140696
4,test,6759,2020-03-04,garch_1_1_t,innovation,0.9165644585639228,0.4593536446087231,True,0,converged,4260,2500,0.3366036944801375,1.0017261384542095,0.31091412338662405
4,test,6760,2020-03-05,garch_1_1_t,innovation,0.91227602059658,0.4680146824141075,True,0,converged,4261,2500,0.3550230106333942,0.9437599923863227,0.27631706204485834
4,test,6761,2020-03-06,garch_1_1_t,innovation,0.9118209191632692,0.4364098601781821,True,0,converged,4262,2500,0.359722493072086,0.930110728613484,0.19324896644947467
4,test,6762,2020-03-09,garch_1_1_t,innovation,0.8951846172161024,0.6541461256470661,True,0,converged,4263,2500,0.4608128374726579,0.6640380051296763,0.3503387921184408
4,test,6763,2020-03-10,garch_1_1_t,innovation,0.8770966391854239,0.6747319175865599,True,0,converged,4264,2500,0.4936816108143324,0.5747263823363672,0.3124246559740846
4,test,6764,2020-03-11,garch_1_1_t,innovation,0.8669279955686815,0.6885893202993943,True,0,converged,4265,2500,0.52455130592427,0.502412681454753,0.2721017997059074
4,test,6765,2020-03-12,garch_1_1_t,innovation,0.7918335988644885,0.9021372198438242,True,0,converged,4266,2500,0.6340915336687041,0.22215794840803765,0.35257331803427777
4,test,6766,2020-03-13,garch_1_1_t,innovation,0.737075713182344,0.973272069054192,True,0,converged,4267,2500,0.6977374712908002,0.054847702119582856,0.33282074547677437
4,test,6767,2020-03-16,garch_1_1_t,innovation,0.6202516280015581,1.1615419848182507,True,0,converged,4268,2500,0.8099499121239507,-0.2668471615514309,0.3605312897536202
4,test,6768,2020-03-17,garch_1_1_t,innovation,0.596391325997834,1.0986928995979006,True,0,converged,4269,2500,0.8311295095333014,-0.3318885916753405,0.27909084861111627
4,test,6769,2020-03-18,garch_1_1_t,innovation,0.567412198885068,1.0440150324184687,True,0,converged,4270,2500,0.851180021171029,-0.40553762517846514,0.20420552026388525
4,test,6770,2020-03-19,garch_1_1_t,innovation,0.5751985247258079,0.9395816907720661,True,0,converged,4271,2500,0.8510879238500145,-0.39180019990764076,0.09891932489179801
4,test,6771,2020-03-20,garch_1_1_t,innovation,0.5571200255544214,0.8919406266508554,True,0,converged,4272,2500,0.8645531380593371,-0.43943206759814285,0.031186798267289227
4,test,6772,2020-03-23,garch_1_1_t,innovation,0.5602761724096167,0.8216504940425865,True,0,converged,4273,2500,0.8611452361859792,-0.4298333461646953,-0.04694805843697955
4,test,6773,2020-03-24,garch_1_1_t,innovation,0.4745536188236609,0.9305735348207536,True,0,converged,4274,2500,0.907976280732639,-0.6488436433709515,0.02458284445285913
4,test,6774,2020-03-25,garch_1_1_t,innovation,0.4716132414245852,0.8428999442343126,True,0,converged,4275,2500,0.9094129882929656,-0.6566400776258915,-0.07595106271109286
4,test,6775,2020-03-26,garch_1_1_t,innovation,0.4292513343637495,0.8425153193290738,True,0,converged,4276,2500,0.9170623224173668,-0.7591328249585474,-0.08478358808366221
4,test,6776,2020-03-27,garch_1_1_t,innovation,0.4187103627322876,0.7823734619814379,True,0,converged,4277,2500,0.9232012495028388,-0.7906678267031371,-0.1655150497905617
4,test,6777,2020-03-30,garch_1_1_t,innovation,0.4033810035455642,0.7332651565894341,True,0,converged,4278,2500,0.917891119139974,-0.8221972434372816,-0.22457139891549255
4,test,6778,2020-03-31,garch_1_1_t,innovation,0.4102301509843103,0.6659774972837151,True,0,converged,4279,2500,0.9136368908040716,-0.8007148716201719,-0.3161773355808893
4,test,6779,2020-04-01,garch_1_1_t,innovation,0.3777204310128774,0.6704733831230253,True,0,converged,4280,2500,0.9165644585639228,-0.886478074542323,-0.3126483911510983
4,test,6780,2020-04-02,garch_1_1_t,innovation,0.3810322565434791,0.6205498998369774,True,0,converged,4281,2500,0.91227602059658,-0.873058564059934,-0.38533657828127454
4,test,6781,2020-04-03,garch_1_1_t,innovation,0.3776377060036913,0.5657434924956339,True,0,converged,4282,2500,0.9118209191632692,-0.8815083239392122,-0.4773028282171067
4,test,6782,2020-04-06,garch_1_1_t,innovation,0.3007156144814732,0.6599667406293731,True,0,converged,4283,2500,0.8951846172161024,-1.0908649574673077,-0.30484053245704634
4,test,6783,2020-04-07,garch_1_1_t,innovation,0.3016616148498545,0.594246831879644,True,0,converged,4284,2500,0.8770966391854239,-1.067311270677693,-0.38932240428126524
4,test,6784,2020-04-08,garch_1_1_t,innovation,0.2812055526195198,0.5767339818812466,True,0,converged,4285,2500,0.8669279955686815,-1.1258700173387324,-0.40757479964080856
4,test,6785,2020-04-09,garch_1_1_t,innovation,0.2821274398121022,0.5272975198081096,True,0,converged,4286,2500,0.7918335988644885,-1.0319923842130418,-0.4065863243395434
4,test,6786,2020-04-13,garch_1_1_t,innovation,0.2802434650929139,0.48033684635368673,True,0,converged,4287,2500,0.737075713182344,-0.9670318749572244,-0.4282029974854029
4,test,6787,2020-04-14,garch_1_1_t,innovation,0.2701823503502518,0.4714834356712935,True,0,converged,4288,2500,0.6202516280015581,-0.8310281446139008,-0.2742412769945969
4,test,6788,2020-04-15,garch_1_1_t,innovation,0.2668310328277478,0.4488677786426031,True,0,converged,4289,2500,0.596391325997834,-0.8042814166269487,-0.2841686741141828
4,test,6789,2020-04-16,garch_1_1_t,innovation,0.2696111141700713,0.40482398765122946,True,0,converged,4290,2500,0.567412198885068,-0.7441054189099606,-0.33763364751557456
4,test,6790,2020-04-17,garch_1_1_t,innovation,0.2529855470497542,0.4041314104435601,True,0,converged,4291,2500,0.5751985247258079,-0.8213828807912106,-0.3529751431550224
4,test,6791,2020-04-20,garch_1_1_t,innovation,0.2671414942094705,0.3821563359481901,True,0,converged,4292,2500,0.5571200255544214,-0.7350022435579936,-0.37695092115572765
4,test,6792,2020-04-21,garch_1_1_t,innovation,0.2464316169093808,0.3988388510213216,True,0,converged,4293,2500,0.5602761724096167,-0.8213452883738357,-0.3398723740250432
4,test,6793,2020-04-22,garch_1_1_t,innovation,0.2413138401029233,0.38594600146683494,True,0,converged,4294,2500,0.4745536188236609,-0.6762762849468933,-0.20667714524201003
4,test,6794,2020-04-23,garch_1_1_t,innovation,0.2425635310772559,0.34849025143894186,True,0,converged,4295,2500,0.4716132414245852,-0.6648955860398156,-0.3025489890355088
4,test,6795,2020-04-24,garch_1_1_t,innovation,0.2376302820153834,0.32640116226572286,True,0,converged,4296,2500,0.4292513343637495,-0.5913265794390501,-0.2739154244194955
4,test,6796,2020-04-27,garch_1_1_t,innovation,0.2361677407903995,0.3104969714838907,True,0,converged,4297,2500,0.4187103627322876,-0.5726371038853432,-0.2990052748465019
4,test,6797,2020-04-28,garch_1_1_t,innovation,0.2413629471772201,0.282632388395715,True,0,converged,4298,2500,0.4033810035455642,-0.5135797280602443,-0.3557344612452442
4,test,6798,2020-04-29,garch_1_1_t,innovation,0.2233489578622734,0.3058579728741919,True,0,converged,4299,2500,0.4102301509843103,-0.6079829642208758,-0.29359749279637126
4,test,6799,2020-04-30,garch_1_1_t,innovation,0.2214301447476907,0.28292719523766546,True,0,converged,4300,2500,0.3777204310128774,-0.5340471553402893,-0.2889647175834274
4,test,6800,2020-05-01,garch_1_1_t,innovation,0.2004143808599535,0.3081486997743582,True,0,converged,4301,2500,0.3810322565434791,-0.6424969069725426,-0.21230157644432535
4,test,6801,2020-05-04,garch_1_1_t,innovation,0.2023045172244171,0.280989464474774,True,0,converged,4302,2500,0.3776377060036913,-0.6241612130281282,-0.295618110628736
4,test,6802,2020-05-05,garch_1_1_t,innovation,0.2050939316640647,0.26187960623817674,True,0,converged,4303,2500,0.3007156144814732,-0.38269693831994295,-0.13828013577927467
4,test,6803,2020-05-06,garch_1_1_t,innovation,0.2038817160184683,0.2424264220980966,True,0,converged,4304,2500,0.3016616148498545,-0.391765906294802,-0.21860765822780012
4,test,6804,2020-05-07,garch_1_1_t,innovation,0.218687747859732,0.23491836440700778,True,0,converged,4305,2500,0.2812055526195198,-0.2514410023750138,-0.1798478376094231
4,test,6805,2020-05-08,garch_1_1_t,innovation,0.2150580534305033,0.23813681706580928,True,0,converged,4306,2500,0.2821274398121022,-0.2714508754472011,-0.16951351296006867
4,test,6806,2020-05-11,garch_1_1_t,innovation,0.2166917327934761,0.21856730202444816,True,0,converged,4307,2500,0.2802434650929139,-0.2571829862002153,-0.24856475802004346
4,test,6807,2020-05-12,garch_1_1_t,innovation,0.205530263597585,0.23794904623292398,True,0,converged,4308,2500,0.2701823503502518,-0.27350381149698855,-0.12704054341283802
4,test,6808,2020-05-13,garch_1_1_t,innovation,0.2874955811826977,0.24520428212890932,True,0,converged,4309,2500,0.2668310328277478,0.07459186809598543,-0.08452395449342458
4,test,6809,2020-05-14,garch_1_1_t,innovation,0.2874999254023734,0.23601659609391623,True,0,converged,4310,2500,0.2696111141700713,0.06424199791249072,-0.13307847786992308
4,test,6810,2020-05-15,garch_1_1_t,innovation,0.2889275008135583,0.21893094348048198,True,0,converged,4311,2500,0.2529855470497542,0.13284343359422005,-0.14457600729271344
4,test,6811,2020-05-18,garch_1_1_t,innovation,0.2769746516032362,0.27670981360765406,True,0,converged,4312,2500,0.2671414942094705,0.036147532651748485,0.035190893871288396
4,test,6812,2020-05-19,garch_1_1_t,innovation,0.2749366990585464,0.26009900925928164,True,0,converged,4313,2500,0.2464316169093808,0.10945634712160171,0.05397782456452494
4,test,6813,2020-05-20,garch_1_1_t,innovation,0.2683589348857267,0.2614693003370617,True,0,converged,4314,2500,0.2413138401029233,0.10622706631017793,0.08021855088351582
4,test,6814,2020-05-21,garch_1_1_t,innovation,0.2680028346846513,0.24215835001773303,True,0,converged,4315,2500,0.2425635310772559,0.09973389774694913,-0.0016718088029329305
4,test,6815,2020-05-22,garch_1_1_t,innovation,0.2688779837898655,0.22140818171616644,True,0,converged,4316,2500,0.2376302820153834,0.1235416559115178,-0.070708054881212
4,test,6816,2020-05-26,garch_1_1_t,innovation,0.2658418202121995,0.21703667724502956,True,0,converged,4317,2500,0.2361677407903995,0.11835915243235819,-0.08447595979144386
4,test,6817,2020-05-27,garch_1_1_t,innovation,0.2762899064579848,0.21967956554006474,True,0,converged,4318,2500,0.2413629471772201,0.13514889467809493,-0.09413184116413888
4,test,6818,2020-05-28,garch_1_1_t,innovation,0.2787935611731541,0.2022286098934498,True,0,converged,4319,2500,0.2233489578622734,0.22173620198473548,-0.09933659222617669
4,test,6819,2020-05-29,garch_1_1_t,innovation,0.2911311279505935,0.18795345528800153,True,0,converged,4320,2500,0.2214301447476907,0.2736666110457919,-0.16391281222280538
4,test,6820,2020-06-01,garch_1_1_t,innovation,0.2953550712587017,0.175837264769227,True,0,converged,4321,2500,0.2004143808599535,0.38779113652747477,-0.13082819210496296
4,test,6821,2020-06-02,garch_1_1_t,innovation,0.2973534920929283,0.17086561694664656,True,0,converged,4322,2500,0.2023045172244171,0.385147566873361,-0.1688966915199746
4,test,6822,2020-06-03,garch_1_1_t,innovation,0.29467090231058,0.1789496118683318,True,0,converged,4323,2500,0.2050939316640647,0.36239107078869615,-0.13636380916420768
4,test,6823,2020-06-04,garch_1_1_t,innovation,0.2951673777335289,0.16739539494668731,True,0,converged,4324,2500,0.2038817160184683,0.37000257534426406,-0.19718135384477964
4,test,6824,2020-06-05,garch_1_1_t,innovation,0.2863764044725382,0.22324136343258535,True,0,converged,4325,2500,0.218687747859732,0.26966214155014145,0.020608629851830963
4,test,6825,2020-06-08,garch_1_1_t,innovation,0.285563989938576,0.21806258367172315,True,0,converged,4326,2500,0.2150580534305033,0.28355812923097723,0.013874095016411063
4,test,6826,2020-06-09,garch_1_1_t,innovation,0.2856089203576233,0.20537395514032414,True,0,converged,4327,2500,0.2166917327934761,0.2761477063767798,-0.05364326857151271
4,test,6827,2020-06-10,garch_1_1_t,innovation,0.2856372742053463,0.19199860257858004,True,0,converged,4328,2500,0.205530263597585,0.3291294426647967,-0.06810519744344116
4,test,6828,2020-06-11,garch_1_1_t,innovation,0.1961272327499756,0.4203941347987048,True,0,converged,4329,2500,0.2874955811826977,-0.38244389501048115,0.37998519710763035
4,test,6829,2020-06-12,garch_1_1_t,innovation,0.1939927344746757,0.38715143869402974,True,0,converged,4330,2500,0.2874999254023734,-0.3934018935668155,0.29759333017373957
4,test,6830,2020-06-15,garch_1_1_t,innovation,0.1965555139023021,0.354865019463718,True,0,converged,4331,2500,0.2889275008135583,-0.3852308894968023,0.20556169590367213
4,test,6831,2020-06-16,garch_1_1_t,innovation,0.1873718652678265,0.3433198519341066,True,0,converged,4332,2500,0.2769746516032362,-0.3908307649842935,0.21473653403092385
5,test,6832,2020-06-17,garch_1_1_t,innovation,0.1871550631810512,0.3126946585411767,True,0,converged,4333,2500,0.2749366990585464,-0.38460339781042946,0.12868629665374445
5,test,6833,2020-06-18,garch_1_1_t,innovation,0.1874319425445104,0.2832515287132642,True,0,converged,4334,2500,0.2683589348857267,-0.35890958728743877,0.05400990322821693
5,test,6834,2020-06-19,garch_1_1_t,innovation,0.1885028763469449,0.25953378521542386,True,0,converged,4335,2500,0.2680028346846513,-0.3518842917298211,-0.03211066999657221
5,test,6835,2020-06-22,garch_1_1_t,innovation,0.1872832809962245,0.2406107824573882,True,0,converged,4336,2500,0.2688779837898655,-0.36163534260710634,-0.11107706743366197
5,test,6836,2020-06-23,garch_1_1_t,innovation,0.1876569543130166,0.22142970952561236,True,0,converged,4337,2500,0.2658418202121995,-0.3482858861286839,-0.18279627040655452
5,test,6837,2020-06-24,garch_1_1_t,innovation,0.1691678228431882,0.2617749065566871,True,0,converged,4338,2500,0.2762899064579848,-0.49055944339991364,-0.05396570095235885
5,test,6838,2020-06-25,garch_1_1_t,innovation,0.1664663359381972,0.2483653030052082,True,0,converged,4339,2500,0.2787935611731541,-0.5156784814111872,-0.11557092547256793
5,test,6839,2020-06-26,garch_1_1_t,innovation,0.145243598864703,0.27454651910082256,True,0,converged,4340,2500,0.2911311279505935,-0.695361452208053,-0.0586530621081002
5,test,6840,2020-06-29,garch_1_1_t,innovation,0.137562516025005,0.2670517903432088,True,0,converged,4341,2500,0.2953550712587017,-0.7640997881625008,-0.1007356530285899
5,test,6841,2020-06-30,garch_1_1_t,innovation,0.1369848981567976,0.25700342174105095,True,0,converged,4342,2500,0.2973534920929283,-0.7750509528125515,-0.14583224115840057
5,test,6842,2020-07-01,garch_1_1_t,innovation,0.1353212765075679,0.23840610853757804,True,0,converged,4343,2500,0.29467090231058,-0.7782073711040661,-0.21188359030015544
5,test,6843,2020-07-02,garch_1_1_t,innovation,0.1367935470580526,0.22076338416025212,True,0,converged,4344,2500,0.2951673777335289,-0.7690697441393727,-0.290451109543344
5,test,6844,2020-07-06,garch_1_1_t,innovation,0.1279070086791458,0.2246142711255286,True,0,converged,4345,2500,0.2863764044725382,-0.8060035398740037,-0.24292246460364317
5,test,6845,2020-07-07,garch_1_1_t,innovation,0.1232606277982563,0.2158127064588981,True,0,converged,4346,2500,0.285563989938576,-0.8401650980610239,-0.28005520505830367
5,test,6846,2020-07-08,garch_1_1_t,innovation,0.1222485965780565,0.20467406531775678,True,0,converged,4347,2500,0.2856089203576233,-0.8485668153678574,-0.3332046751361732
5,test,6847,2020-07-09,garch_1_1_t,innovation,0.1228547092476931,0.1917079397463441,True,0,converged,4348,2500,0.2856372742053463,-0.8437203023259301,-0.39874966711857496
5,test,6848,2020-07-10,garch_1_1_t,innovation,0.1174707957495858,0.1884508574599584,True,0,converged,4349,2500,0.1961272327499756,-0.5125738394301951,-0.039926325540592236
5,test,6849,2020-07-13,garch_1_1_t,innovation,0.113836033469816,0.18244305000351319,True,0,converged,4350,2500,0.1939927344746757,-0.5330615970529008,-0.0613826376524972
5,test,6850,2020-07-14,garch_1_1_t,innovation,0.1083304603339091,0.18746509477811862,True,0,converged,4351,2500,0.1965555139023021,-0.5957585315923317,-0.04735223801065877
5,test,6851,2020-07-15,garch_1_1_t,innovation,0.1144426459665727,0.18250532049522483,True,0,converged,4352,2500,0.1873718652678265,-0.4930214376492841,-0.026315900561990267
5,test,6852,2020-07-16,garch_1_1_t,innovation,0.114022996959897,0.1700088216147081,True,0,converged,4353,2500,0.1871550631810512,-0.4955373323492135,-0.09608716056265326
5,test,6853,2020-07-17,garch_1_1_t,innovation,0.1135591128798552,0.15955428303627583,True,0,converged,4354,2500,0.1874319425445104,-0.5010922867564601,-0.16103160958308088
5,test,6854,2020-07-20,garch_1_1_t,innovation,0.1104809274503814,0.15756792443323633,True,0,converged,4355,2500,0.1885028763469449,-0.5342703621053008,-0.1792566343667317
5,test,6855,2020-07-21,garch_1_1_t,innovation,0.1104889791663061,0.1478049080921323,True,0,converged,4356,2500,0.1872832809962245,-0.5277065622992824,-0.23672912660895767
5,test,6856,2020-07-22,garch_1_1_t,innovation,0.109641452226132,0.14336810262957517,True,0,converged,4357,2500,0.1876569543130166,-0.537400068164522,-0.26920011782774084
5,test,6857,2020-07-23,garch_1_1_t,innovation,0.1016247859986394,0.15521417216928884,True,0,converged,4358,2500,0.1691678228431882,-0.5096037946941802,-0.08608533766161336
5,test,6858,2020-07-24,garch_1_1_t,innovation,0.0997977872357946,0.15078696078691975,True,0,converged,4359,2500,0.1664663359381972,-0.5116470913350766,-0.09892511751553205
5,test,6859,2020-07-27,garch_1_1_t,innovation,0.102835541389078,0.1490650314777616,True,0,converged,4360,2500,0.145243598864703,-0.34528129835677746,0.02597033861586559
5,test,6860,2020-07-28,garch_1_1_t,innovation,0.1010883816137573,0.1455760366361076,True,0,converged,4361,2500,0.137562516025005,-0.308083276101797,0.05662006289479759
5,test,6861,2020-07-29,garch_1_1_t,innovation,0.0979290069386093,0.1571694983903444,True,0,converged,4362,2500,0.1369848981567976,-0.33562789016138933,0.13745414325301178
5,test,6862,2020-07-30,garch_1_1_t,innovation,0.0974125728222805,0.14891083877938655,True,0,converged,4363,2500,0.1353212765075679,-0.3286964903838524,0.09569595226113496
5,test,6863,2020-07-31,garch_1_1_t,innovation,0.0960778903518305,0.14832324838745498,True,0,converged,4364,2500,0.1367935470580526,-0.3533136131210411,0.08092116934002395
5,test,6864,2020-08-03,garch_1_1_t,innovation,0.0937665428361727,0.14599938283248223,True,0,converged,4365,2500,0.1279070086791458,-0.3104953989972859,0.1322988893243322
5,test,6865,2020-08-04,garch_1_1_t,innovation,0.0985504540855794,0.1396924895525053,True,0,converged,4366,2500,0.1232606277982563,-0.22373239755061913,0.12514246475580446
5,test,6866,2020-08-05,garch_1_1_t,innovation,0.108754267132411,0.13785196504171188,True,0,converged,4367,2500,0.1222485965780565,-0.1169657411568034,0.1201237439403977
5,test,6867,2020-08-06,garch_1_1_t,innovation,0.1634668028843875,0.13689843958819575,True,0,converged,4368,2500,0.1228547092476931,0.28560749771230054,0.1082369024953741
5,test,6868,2020-08-07,garch_1_1_t,innovation,0.1660173327828997,0.12983892578333592,True,0,converged,4369,2500,0.1174707957495858,0.34590244138126136,0.10010489390507166
5,test,6869,2020-08-10,garch_1_1_t,innovation,0.1926644371400608,0.1252229668641148,True,0,converged,4370,2500,0.113836033469816,0.5261908978522621,0.09533677310169879
5,test,6870,2020-08-11,garch_1_1_t,innovation,0.2026623764906241,0.1307651597458075,True,0,converged,4371,2500,0.1083304603339091,0.6263550511269285,0.188216667427309
5,test,6871,2020-08-12,garch_1_1_t,innovation,0.2062096598287469,0.15219863835643507,True,0,converged,4372,2500,0.1144426459665727,0.5888196284669259,0.2851127100690173
5,test,6872,2020-08-13,garch_1_1_t,innovation,0.2061175399626652,0.1433010050413821,True,0,converged,4373,2500,0.114022996959897,0.592046432643815,0.22854719258861833
5,test,6873,2020-08-14,garch_1_1_t,innovation,0.2112862554316147,0.13519038560129348,True,0,converged,4374,2500,0.1135591128798552,0.6208903551892218,0.17436052899640592
5,test,6874,2020-08-17,garch_1_1_t,innovation,0.2117431226860124,0.1298376877244832,True,0,converged,4375,2500,0.1104809274503814,0.6505309507430055,0.16144221059334143
5,test,6875,2020-08-18,garch_1_1_t,innovation,0.2120747299443,0.12484721840301707,True,0,converged,4376,2500,0.1104889791663061,0.6520229323635321,0.12217495703400513
5,test,6876,2020-08-19,garch_1_1_t,innovation,0.2138683019320517,0.12227475400071157,True,0,converged,4377,2500,0.109641452226132,0.6681448972947709,0.10905507781949389
5,test,6877,2020-08-20,garch_1_1_t,innovation,0.2175021376639198,0.1189470108106067,True,0,converged,4378,2500,0.1016247859986394,0.7609212167489909,0.15739064456455928
5,test,6878,2020-08-21,garch_1_1_t,innovation,0.2207430318613333,0.1166204893451511,True,0,converged,4379,2500,0.0997977872357946,0.7938532621531961,0.15577897076505182
5,test,6879,2020-08-24,garch_1_1_t,innovation,0.220772539093252,0.1290990448956125,True,0,converged,4380,2500,0.102835541389078,0.7640019099938176,0.22744887302441957
5,test,6880,2020-08-25,garch_1_1_t,innovation,0.2356350366340552,0.12524916966435554,True,0,converged,4381,2500,0.1010883816137573,0.8462889534120824,0.21430991083928003
5,test,6881,2020-08-26,garch_1_1_t,innovation,0.2331506512187665,0.1351858033771453,True,0,converged,4382,2500,0.0979290069386093,0.8674420192240434,0.3224073563300204
5,test,6882,2020-08-27,garch_1_1_t,innovation,0.239874637417647,0.12893285968138835,True,0,converged,4383,2500,0.0974125728222805,0.9011611560441762,0.28033651454978975
5,test,6883,2020-08-28,garch_1_1_t,innovation,0.245838649887827,0.12943160778507282,True,0,converged,4384,2500,0.0960778903518305,0.9395162056477898,0.29799339609398995
5,test,6884,2020-08-31,garch_1_1_t,innovation,0.2462650209483614,0.12584653782522687,True,0,converged,4385,2500,0.0937665428361727,0.9656001707639156,0.2942551046719492
5,test,6885,2020-09-01,garch_1_1_t,innovation,0.2454750739554157,0.13405918804106146,True,0,converged,4386,2500,0.0985504540855794,0.912626769074965,0.3077127629732748
5,test,6886,2020-09-02,garch_1_1_t,innovation,0.241196309306351,0.15630432369412223,True,0,converged,4387,2500,0.108754267132411,0.7965202561544903,0.36271399263692744
5,test,6887,2020-09-03,garch_1_1_t,innovation,0.2094496521902897,0.2684812274942132,True,0,converged,4388,2500,0.1634668028843875,0.24787345754645476,0.49617106602265576
5,test,6888,2020-09-04,garch_1_1_t,innovation,0.2165997894316518,0.24914240871310817,True,0,converged,4389,2500,0.1660173327828997,0.2659591651528176,0.40593245826138286
5,test,6889,2020-09-08,garch_1_1_t,innovation,0.1995708518153455,0.28935765283876963,True,0,converged,4390,2500,0.1926644371400608,0.03521931222434578,0.40671346805024144
5,test,6890,2020-09-09,garch_1_1_t,innovation,0.1968824497673217,0.2911819190711412,True,0,converged,4391,2500,0.2026623764906241,-0.02893457549024711,0.36240679885073873
5,test,6891,2020-09-10,garch_1_1_t,innovation,0.1894143152376919,0.2879104155292555,True,0,converged,4392,2500,0.2062096598287469,-0.08495665744353068,0.3337559571818201
5,test,6892,2020-09-11,garch_1_1_t,innovation,0.1920166323332445,0.2602884759067596,True,0,converged,4393,2500,0.2061175399626652,-0.07086459340085392,0.2333439502560083
5,test,6893,2020-09-14,garch_1_1_t,innovation,0.1947364361950358,0.25100458692904404,True,0,converged,4394,2500,0.2112862554316147,-0.08156683979677058,0.17225733872590704
5,test,6894,2020-09-15,garch_1_1_t,innovation,0.1953008736338086,0.2306170043918514,True,0,converged,4395,2500,0.2117431226860124,-0.08083254338031827,0.08538449034583498
5,test,6895,2020-09-16,garch_1_1_t,innovation,0.1960709751733398,0.21176886979137316,True,0,converged,4396,2500,0.2120747299443,-0.07846200038298053,-0.0014432691974608158
5,test,6896,2020-09-17,garch_1_1_t,innovation,0.1935969644299481,0.202054046934737,True,0,converged,4397,2500,0.2138683019320517,-0.09958191892380296,-0.05682519334946466
5,test,6897,2020-09-18,garch_1_1_t,innovation,0.1891958550541536,0.2002192163964244,True,0,converged,4398,2500,0.2175021376639198,-0.1394259301901049,-0.08279583054941694
5,test,6898,2020-09-21,garch_1_1_t,innovation,0.1928057425291962,0.19758340520129286,True,0,converged,4399,2500,0.2207430318613333,-0.13531610660343246,-0.11083847322651914
5,test,6899,2020-09-22,garch_1_1_t,innovation,0.1899517743531854,0.19290306398942328,True,0,converged,4400,2500,0.220772539093252,-0.15036271587048525,-0.1349451330113034
5,test,6900,2020-09-23,garch_1_1_t,innovation,0.1708502230698305,0.23389423880800164,True,0,converged,4401,2500,0.2356350366340552,-0.32149686888181295,-0.007415110807409512
5,test,6901,2020-09-24,garch_1_1_t,innovation,0.1716903036109147,0.21450672996206066,True,0,converged,4402,2500,0.2331506512187665,-0.305992522928137,-0.0833437033922187
5,test,6902,2020-09-25,garch_1_1_t,innovation,0.1624240692394255,0.2231317218575432,True,0,converged,4403,2500,0.239874637417647,-0.38990581643166,-0.0723541647273453
5,test,6903,2020-09-28,garch_1_1_t,innovation,0.1653671111194006,0.2303091254303884,True,0,converged,4404,2500,0.245838649887827,-0.3965075076587677,-0.06525299583204612
5,test,6904,2020-09-29,garch_1_1_t,innovation,0.1646838089872906,0.2128567298197506,True,0,converged,4405,2500,0.2462650209483614,-0.4023809507037817,-0.1457889675287361
5,test,6905,2020-09-30,garch_1_1_t,innovation,0.2040602457860821,0.2008790100647974,True,0,converged,4406,2500,0.2454750739554157,-0.18478013760413334,-0.20049262348570168
5,test,6906,2020-10-01,garch_1_1_t,innovation,0.2059440517762381,0.18893302423016742,True,0,converged,4407,2500,0.241196309306351,-0.1580066247704715,-0.2442185802491719
5,test,6907,2020-10-02,garch_1_1_t,innovation,0.2065188237245645,0.1846442108096817,True,0,converged,4408,2500,0.2094496521902897,-0.014091822508008871,-0.12605259823439519
5,test,6908,2020-10-05,garch_1_1_t,innovation,0.200803972022007,0.20466549676427692,True,0,converged,4409,2500,0.2165997894316518,-0.07572219380535536,-0.05667443908613812
5,test,6909,2020-10-06,garch_1_1_t,innovation,0.2039577355148469,0.20917206180655873,True,0,converged,4410,2500,0.1995708518153455,0.02174347330666684,0.0469878552784172
5,test,6910,2020-10-07,garch_1_1_t,innovation,0.2097669380748754,0.2216645614600869,True,0,converged,4411,2500,0.1968824497673217,0.06339024676963982,0.11855840581814299
5,test,6911,2020-10-08,garch_1_1_t,innovation,0.2184535512377401,0.21048507385244075,True,0,converged,4412,2500,0.1894143152376919,0.14263665185745236,0.10547798261173823
5,test,6912,2020-10-09,garch_1_1_t,innovation,0.2161636933787012,0.20103386899210351,True,0,converged,4413,2500,0.1920166323332445,0.11845396537330419,0.0458914013008579
5,test,6913,2020-10-12,garch_1_1_t,innovation,0.2132654122558163,0.21199861304659856,True,0,converged,4414,2500,0.1947364361950358,0.0908904218812253,0.08493269735775356
5,test,6914,2020-10-13,garch_1_1_t,innovation,0.2120592459432145,0.19858451734616797,True,0,converged,4415,2500,0.1953008736338086,0.08232438646205852,0.016673478426059662
5,test,6915,2020-10-14,garch_1_1_t,innovation,0.2125057679277142,0.1867844154948345,True,0,converged,4416,2500,0.1960709751733398,0.08049241927248532,-0.04852161842700509
5,test,6916,2020-10-15,garch_1_1_t,innovation,0.2152598203470748,0.17241689177301603,True,0,converged,4417,2500,0.1935969644299481,0.10606727012789464,-0.1158631615704181
5,test,6917,2020-10-16,garch_1_1_t,innovation,0.2207128972204488,0.15970038341790938,True,0,converged,4418,2500,0.1891958550541536,0.1540800007159596,-0.16948329254855973
5,test,6918,2020-10-19,garch_1_1_t,innovation,0.2183939435176427,0.17861286619538758,True,0,converged,4419,2500,0.1928057425291962,0.12461734570455632,-0.07646246161974767
5,test,6919,2020-10-20,garch_1_1_t,innovation,0.2187715028766244,0.16732316253703333,True,0,converged,4420,2500,0.1899517743531854,0.141257598522094,-0.12684317322403693
5,test,6920,2020-10-21,garch_1_1_t,innovation,0.2228517803428603,0.15572321583744955,True,0,converged,4421,2500,0.1708502230698305,0.265719604126987,-0.09270711026941095
5,test,6921,2020-10-22,garch_1_1_t,innovation,0.2225045511562266,0.14994466440300738,True,0,converged,4422,2500,0.1716903036109147,0.25925526257736153,-0.1354259713999742
5,test,6922,2020-10-23,garch_1_1_t,innovation,0.2235138136083847,0.142070301156795,True,0,converged,4423,2500,0.1624240692394255,0.31926259164979737,-0.13388861268871508
5,test,6923,2020-10-26,garch_1_1_t,innovation,0.2145334474008538,0.18017555901968882,True,0,converged,4424,2500,0.1653671111194006,0.2602977398350712,0.08576378513857391
5,test,6924,2020-10-27,garch_1_1_t,innovation,0.2215716517186364,0.1678895661657663,True,0,converged,4425,2500,0.1646838089872906,0.29671869496941405,0.019279092743270443
5,test,6925,2020-10-28,garch_1_1_t,innovation,0.1840796401510168,0.2747685177925334,True,0,converged,4426,2500,0.2040602457860821,-0.10304678185177144,0.2975137169855685
5,test,6926,2020-10-29,garch_1_1_t,innovation,0.1808158665875185,0.25751483370877765,True,0,converged,4427,2500,0.2059440517762381,-0.1301253368002791,0.2234727864984182
5,test,6927,2020-10-30,garch_1_1_t,innovation,0.1776476263608331,0.24387552533185,True,0,converged,4428,2500,0.2065188237245645,-0.1505896032437794,0.16626638874608982
5,test,6928,2020-11-02,garch_1_1_t,innovation,0.1774382313876873,0.233998187802719,True,0,converged,4429,2500,0.200803972022007,-0.12370661243792676,0.1529842022868647
5,test,6929,2020-11-03,garch_1_1_t,innovation,0.1663740941717597,0.24188962476358117,True,0,converged,4430,2500,0.2039577355148469,-0.203673961327782,0.1705687325640765
5,test,6930,2020-11-04,garch_1_1_t,innovation,0.1467159191130088,0.2633869663750974,True,0,converged,4431,2500,0.2097669380748754,-0.357498901715529,0.22762721011233225
5,test,6931,2020-11-05,garch_1_1_t,innovation,0.1332385512739005,0.27046670366101755,True,0,converged,4432,2500,0.2184535512377401,-0.49443227158015923,0.21357558709429286
5,test,6932,2020-11-06,garch_1_1_t,innovation,0.1334360345506455,0.24643020498042542,True,0,converged,4433,2500,0.2161636933787012,-0.48241373931246173,0.13104284890939463
5,test,6933,2020-11-09,garch_1_1_t,innovation,0.1262854137277731,0.23887720883178118,True,0,converged,4434,2500,0.2132654122558163,-0.5239929233452574,0.11341219238680512
5,test,6934,2020-11-10,garch_1_1_t,innovation,0.1301674017459566,0.21819345379966884,True,0,converged,4435,2500,0.2120592459432145,-0.4880443698143361,0.028516374404748596
5,test,6935,2020-11-11,garch_1_1_t,innovation,0.1274939458752156,0.20546596793926195,True,0,converged,4436,2500,0.2125057679277142,-0.5109002510458758,-0.03368871709824421
5,test,6936,2020-11-12,garch_1_1_t,innovation,0.1227790344021561,0.19907373887504964,True,0,converged,4437,2500,0.2152598203470748,-0.5614594937371248,-0.07817046205040086
5,test,6937,2020-11-13,garch_1_1_t,innovation,0.1137823489293913,0.20372353615143857,True,0,converged,4438,2500,0.2207128972204488,-0.662575345752734,-0.08009888958015117
5,test,6938,2020-11-16,garch_1_1_t,innovation,0.1152372583029632,0.20400439140882193,True,0,converged,4439,2500,0.2183939435176427,-0.6393073935992108,-0.06815899221355282
5,test,6939,2020-11-17,garch_1_1_t,innovation,0.1137724248340375,0.1906174505820078,True,0,converged,4440,2500,0.2187715028766244,-0.6538276394718958,-0.1377592761980605
5,test,6940,2020-11-18,garch_1_1_t,innovation,0.107185960820625,0.19236691265344466,True,0,converged,4441,2500,0.2228517803428603,-0.7319416107684773,-0.14710233654758045
5,test,6941,2020-11-19,garch_1_1_t,innovation,0.1070892746343264,0.17955259177703817,True,0,converged,4442,2500,0.2225045511562266,-0.7312847270631588,-0.21447940061547344
5,test,6942,2020-11-20,garch_1_1_t,innovation,0.1050470362249055,0.1722863390665731,True,0,converged,4443,2500,0.2235138136083847,-0.7550650040994874,-0.26031536334965355
5,test,6943,2020-11-23,garch_1_1_t,innovation,0.1030567111514563,0.164402481071177,True,0,converged,4444,2500,0.2145334474008538,-0.7331862277386659,-0.26614808396863565
5,test,6944,2020-11-24,garch_1_1_t,innovation,0.0860883820630122,0.18464546318117528,True,0,converged,4445,2500,0.2215716517186364,-0.9453715542924068,-0.18230845006428126
5,test,6945,2020-11-25,garch_1_1_t,innovation,0.0870125123499934,0.17134453668897612,True,0,converged,4446,2500,0.1840796401510168,-0.7493165624458101,-0.07169212698959761
5,test,6946,2020-11-27,garch_1_1_t,innovation,0.0916282297299777,0.16018291704076676,True,0,converged,4447,2500,0.1808158665875185,-0.6797397927559445,-0.12116280803480935
5,test,6947,2020-11-30,garch_1_1_t,innovation,0.090518623205566,0.15214800895207617,True,0,converged,4448,2500,0.1776476263608331,-0.6742463502412175,-0.15494817088224963
5,test,6948,2020-12-01,garch_1_1_t,innovation,0.0820257121102998,0.1587404311457174,True,0,converged,4449,2500,0.1774382313876873,-0.7715897957355049,-0.11135219646143135
5,test,6949,2020-12-02,garch_1_1_t,innovation,0.0836433255632527,0.1488738271061061,True,0,converged,4450,2500,0.1663740941717597,-0.6876771979925238,-0.11113968293919223
5,test,6950,2020-12-03,garch_1_1_t,innovation,0.0967612304012181,0.13980367972502042,True,0,converged,4451,2500,0.1467159191130088,-0.4162517923341592,-0.048259043200686726
5,test,6951,2020-12-04,garch_1_1_t,innovation,0.0950191385530617,0.14299651787698534,True,0,converged,4452,2500,0.1332385512739005,-0.338062810445688,0.070679139243356
5,test,6952,2020-12-07,garch_1_1_t,innovation,0.097071999132684,0.13542756313597987,True,0,converged,4453,2500,0.1334360345506455,-0.3181692588072217,0.014814686901138473
5,test,6953,2020-12-08,garch_1_1_t,innovation,0.1097999868971967,0.13002976955861772,True,0,converged,4454,2500,0.1262854137277731,-0.1398841238537411,0.02921888724881287
5,test,6954,2020-12-09,garch_1_1_t,innovation,0.1069582525455936,0.1365458248878005,True,0,converged,4455,2500,0.1301674017459566,-0.19638273260856437,0.04783894393785722
5,test,6955,2020-12-10,garch_1_1_t,innovation,0.1096135378885656,0.12948215653126155,True,0,converged,4456,2500,0.1274939458752156,-0.15110799237255712,0.015474204103180973
5,test,6956,2020-12-11,garch_1_1_t,innovation,0.1095369664697352,0.12359277837186883,True,0,converged,4457,2500,0.1227790344021561,-0.11412418589728085,0.006605844391633374
5,test,6957,2020-12-14,garch_1_1_t,innovation,0.108792257918782,0.12180079806391354,True,0,converged,4458,2500,0.1137823489293913,-0.044847230538214586,0.06809950390978785
5,test,6958,2020-12-15,garch_1_1_t,innovation,0.0985830068211586,0.14498628163383098,True,0,converged,4459,2500,0.1152372583029632,-0.15609421659814482,0.22964600978226626
5,test,6959,2020-12-16,garch_1_1_t,innovation,0.1017972208806942,0.13687836369354411,True,0,converged,4460,2500,0.1137724248340375,-0.11121737585232072,0.18489249539942945
5,test,6960,2020-12-17,garch_1_1_t,innovation,0.1036418537574954,0.13458141476302318,True,0,converged,4461,2500,0.107185960820625,-0.03362403552611712,0.22760405257016103
5,test,6961,2020-12-18,garch_1_1_t,innovation,0.1136657955270098,0.1301650707383255,True,0,converged,4462,2500,0.1070892746343264,0.05959969563211829,0.1951405909147303
5,test,6962,2020-12-21,garch_1_1_t,innovation,0.1129987995997628,0.12612753839097363,True,0,converged,4463,2500,0.1050470362249055,0.07296898174666407,0.18288539056678896
5,test,6963,2020-12-22,garch_1_1_t,innovation,0.1135397898749533,0.12097598620805583,True,0,converged,4464,2500,0.1030567111514563,0.09687391665909187,0.16031263439828813
5,test,6964,2020-12-23,garch_1_1_t,innovation,0.1143517388678578,0.11659956675247242,True,0,converged,4465,2500,0.0860883820630122,0.28390465995310304,0.3033710912958648
5,test,6965,2020-12-24,garch_1_1_t,innovation,0.113653429002364,0.1151623368565885,True,0,converged,4466,2500,0.0870125123499934,0.2671017930152806,0.28029082936912614
5,test,6966,2020-12-28,garch_1_1_t,innovation,0.1403913024369397,0.12390966050713087,True,0,converged,4467,2500,0.0916282297299777,0.42669413219200053,0.30181334676435995
5,test,6967,2020-12-29,garch_1_1_t,innovation,0.1434842672997757,0.11926567644244013,True,0,converged,4468,2500,0.090518623205566,0.46066978283483767,0.27579796895254566
5,test,6968,2020-12-30,garch_1_1_t,innovation,0.160358635560322,0.11501643659250345,True,0,converged,4469,2500,0.0820257121102998,0.6703800186998865,0.3380422846069174
5,test,6969,2020-12-31,garch_1_1_t,innovation,0.1697794971666852,0.11574227066066725,True,0,converged,4470,2500,0.0836433255632527,0.7079388854190324,0.3248042803763558
5,test,6970,2021-01-04,garch_1_1_t,innovation,0.1701230038107334,0.1420616555207123,True,0,converged,4471,2500,0.0967612304012181,0.5642753255687653,0.3840147555023247
5,test,6971,2021-01-05,garch_1_1_t,innovation,0.1683924241836795,0.14103154203088406,True,0,converged,4472,2500,0.0950191385530617,0.5722187839997046,0.39490523794343196
5,test,6972,2021-01-06,garch_1_1_t,innovation,0.1718073108409619,0.1384955240836607,True,0,converged,4473,2500,0.097071999132684,0.5709206007507119,0.35538504575453067
5,test,6973,2021-01-07,garch_1_1_t,innovation,0.164230116158015,0.16225791588509528,True,0,converged,4474,2500,0.1097999868971967,0.40260818189580977,0.39052673284984796
5,test,6974,2021-01-08,garch_1_1_t,innovation,0.1649765249685284,0.15550063526176025,True,0,converged,4475,2500,0.1069582525455936,0.43336459565764246,0.374211221692399
5,test,6975,2021-01-11,garch_1_1_t,innovation,0.1632373547806011,0.1517476783106364,True,0,converged,4476,2500,0.1096135378885656,0.398244418158886,0.3252582426199835
5,test,6976,2021-01-12,garch_1_1_t,innovation,0.1632429581896031,0.142196280998127,True,0,converged,4477,2500,0.1095369664697352,0.3989775464779303,0.26094627809309723
5,test,6977,2021-01-13,garch_1_1_t,innovation,0.1630642330817135,0.1352875158297468,True,0,converged,4478,2500,0.108792257918782,0.40470401811313006,0.21796208757424945
5,test,6978,2021-01-14,garch_1_1_t,innovation,0.1635261663117069,0.13018264411179464,True,0,converged,4479,2500,0.0985830068211586,0.5060741139936545,0.2780395169937169
5,test,6979,2021-01-15,garch_1_1_t,innovation,0.1614782303031946,0.13231820663589544,True,0,converged,4480,2500,0.1017972208806942,0.46138753274549166,0.2622268740011032
5,test,6980,2021-01-19,garch_1_1_t,innovation,0.1590756918118616,0.13508652181013447,True,0,converged,4481,2500,0.1036418537574954,0.42843889603591884,0.2649742334054753
5,test,6981,2021-01-20,garch_1_1_t,innovation,0.1521654261117945,0.15522090613482245,True,0,converged,4482,2500,0.1136657955270098,0.2917057341269426,0.31158677855344624
5,test,6982,2021-01-21,garch_1_1_t,innovation,0.1522603626586004,0.14513371339514844,True,0,converged,4483,2500,0.1129987995997628,0.2982147720679114,0.2502782831919002
5,test,6983,2021-01-22,garch_1_1_t,innovation,0.154194685199923,0.13828835429593603,True,0,converged,4484,2500,0.1135397898749533,0.30606264653757265,0.19718768195095285
5,test,6984,2021-01-25,garch_1_1_t,innovation,0.1536208275375561,0.1330501432595226,True,0,converged,4485,2500,0.1143517388678578,0.29520828057565424,0.15144694726435007
5,test,6985,2021-01-26,garch_1_1_t,innovation,0.1583726756915545,0.12657459858611123,True,0,converged,4486,2500,0.113653429002364,0.3317972411092866,0.10767812505526018
5,test,6986,2021-01-27,garch_1_1_t,innovation,0.1576806245880092,0.1986331928152936,True,0,converged,4487,2500,0.1403913024369397,0.11613808272980834,0.3470263304423283
5,test,6987,2021-01-28,garch_1_1_t,innovation,0.1558059099901387,0.19130408994175413,True,0,converged,4488,2500,0.1434842672997757,0.08238567225403418,0.28763886229692676
5,test,6988,2021-01-29,garch_1_1_t,innovation,0.1623290688941498,0.21930574985868478,True,0,converged,4489,2500,0.160358635560322,0.012212785289054007,0.3130540950914977
5,test,6989,2021-02-01,garch_1_1_t,innovation,0.1539161449996253,0.22720309318097953,True,0,converged,4490,2500,0.1697794971666852,-0.09809257850650252,0.29134378147757395
5,test,6990,2021-02-02,garch_1_1_t,innovation,0.1531216075277557,0.22662857788298557,True,0,converged,4491,2500,0.1701230038107334,-0.10528930110789093,0.2867907293897362
5,test,6991,2021-02-03,garch_1_1_t,innovation,0.1593490259110258,0.20701947904503523,True,0,converged,4492,2500,0.1683924241836795,-0.05520018580853905,0.2065157767414244
5,test,6992,2021-02-04,garch_1_1_t,innovation,0.1672418287585388,0.2037024982197779,True,0,converged,4493,2500,0.1718073108409619,-0.026932721652249258,0.17028702435265794
5,test,6993,2021-02-05,garch_1_1_t,innovation,0.1675986118320797,0.18862683460761973,True,0,converged,4494,2500,0.164230116158015,0.020303313750989288,0.13850205161951604
5,test,6994,2021-02-08,garch_1_1_t,innovation,0.1731158992808364,0.18024519067885345,True,0,converged,4495,2500,0.1649765249685284,0.048158117368164215,0.08851490355496094
5,test,6995,2021-02-09,garch_1_1_t,innovation,0.1744955502408916,0.1667955233722634,True,0,converged,4496,2500,0.1632373547806011,0.0666939353393546,0.021563345342911572
5,test,6996,2021-02-10,garch_1_1_t,innovation,0.178125336185922,0.1551386220722529,True,0,converged,4497,2500,0.1632429581896031,0.0872478062871018,-0.05092057890444346
5,test,6997,2021-02-11,garch_1_1_t,innovation,0.1780972808400338,0.1454831411224736,True,0,converged,4498,2500,0.1630642330817135,0.08818573140844596,-0.11408397984413735
5,test,6998,2021-02-12,garch_1_1_t,innovation,0.1784885124065209,0.1402191655800977,True,0,converged,4499,2500,0.1635261663117069,0.0875512267465421,-0.1537663491660098
5,test,6999,2021-02-16,garch_1_1_t,innovation,0.1785182504469195,0.13263306151009552,True,0,converged,4500,2500,0.1614782303031946,0.10032050270075189,-0.1967839573636887
5,test,7000,2021-02-17,garch_1_1_t,innovation,0.1789248446482307,0.125963975408071,True,0,converged,4501,2500,0.1590756918118616,0.11758571729751542,-0.2333841814641749
5,test,7001,2021-02-18,garch_1_1_t,innovation,0.185719033912344,0.12341858944286876,True,0,converged,4502,2500,0.1521654261117945,0.1992667025600628,-0.2093865148187007
5,test,7002,2021-02-19,garch_1_1_t,innovation,0.1857294540400392,0.11891934917853274,True,0,converged,4503,2500,0.1522603626586004,0.1986990989463769,-0.24714644236508887
5,test,7003,2021-02-22,garch_1_1_t,innovation,0.1858526740322251,0.12475965744053785,True,0,converged,4504,2500,0.154194685199923,0.18673829115175408,-0.21182684762036097
5,test,7004,2021-02-23,garch_1_1_t,innovation,0.18790796430101,0.11979423668345097,True,0,converged,4505,2500,0.1536208275375561,0.20146488390117084,-0.2487118307623769
5,test,7005,2021-02-24,garch_1_1_t,innovation,0.184725171633525,0.1347377840943723,True,0,converged,4506,2500,0.1583726756915545,0.15391819925130618,-0.1616204129447486
5,test,7006,2021-02-25,garch_1_1_t,innovation,0.1643899024007383,0.20246002974519556,True,0,converged,4507,2500,0.1576806245880092,0.04166943586786526,0.24997085914168155
5,test,7007,2021-02-26,garch_1_1_t,innovation,0.1729387833753124,0.18899842420786414,True,0,converged,4508,2500,0.1558059099901387,0.10432661265336401,0.1931276115986948
5,test,7008,2021-03-01,garch_1_1_t,innovation,0.150608834206751,0.2337850874988914,True,0,converged,4509,2500,0.1623290688941498,-0.07493959070678619,0.36477669942747243
5,test,7009,2021-03-02,garch_1_1_t,innovation,0.148319475241089,0.21957688273295592,True,0,converged,4510,2500,0.1539161449996253,-0.03703937733040983,0.35529449308460664
5,test,7010,2021-03-03,garch_1_1_t,innovation,0.1412960427726473,0.21891574010270162,True,0,converged,4511,2500,0.1531216075277557,-0.08037514268976959,0.35745448125957013
5,test,7011,2021-03-04,garch_1_1_t,innovation,0.1395156483861502,0.21613074853538058,True,0,converged,4512,2500,0.1593490259110258,-0.13292015817354924,0.3047866138920201
5,test,7012,2021-03-05,garch_1_1_t,innovation,0.1335531113023275,0.23112553816684908,True,0,converged,4513,2500,0.1672418287585388,-0.22494160516905587,0.3235201768075701
5,test,7013,2021-03-08,garch_1_1_t,innovation,0.1323893996532325,0.21387305779785917,True,0,converged,4514,2500,0.1675986118320797,-0.23582432813321794,0.2438107457669964
5,test,7014,2021-03-09,garch_1_1_t,innovation,0.1225216614277758,0.21657029618027232,True,0,converged,4515,2500,0.1731158992808364,-0.34567346589458325,0.22395388018529125
5,test,7015,2021-03-10,garch_1_1_t,innovation,0.1216919818265343,0.20247016136209828,True,0,converged,4516,2500,0.1744955502408916,-0.3604061281871599,0.14869328312589158
5,test,7016,2021-03-11,garch_1_1_t,innovation,0.1191124186007969,0.1971651811984402,True,0,converged,4517,2500,0.178125336185922,-0.4024196970874863,0.10155442226740942
5,test,7017,2021-03-12,garch_1_1_t,innovation,0.1190236032449847,0.181583184203037,True,0,converged,4518,2500,0.1780972808400338,-0.4030081025368301,0.019383941302051767
5,test,7018,2021-03-15,garch_1_1_t,innovation,0.1176075173501008,0.17229191734175198,True,0,converged,4519,2500,0.1784885124065209,-0.41717128641614043,-0.0353340108278818
5,test,7019,2021-03-16,garch_1_1_t,innovation,0.1181479234249601,0.16008071158003986,True,0,converged,4520,2500,0.1785182504469195,-0.41275341166634283,-0.10901270397503164
5,test,7020,2021-03-17,garch_1_1_t,innovation,0.1234972549373574,0.15097959706514594,True,0,converged,4521,2500,0.1789248446482307,-0.3707469267803845,-0.16982114646182017
5,test,7021,2021-03-18,garch_1_1_t,innovation,0.1126285628797259,0.17037733656435458,True,0,converged,4522,2500,0.185719033912344,-0.5001396109675357,-0.08621935712094143
5,test,7022,2021-03-19,garch_1_1_t,innovation,0.1137875554320671,0.15891056367016113,True,0,converged,4523,2500,0.1857294540400392,-0.4899579056736918,-0.1559495153378544
5,test,7023,2021-03-22,garch_1_1_t,innovation,0.1132739878328173,0.15691931276250873,True,0,converged,4524,2500,0.1858526740322251,-0.49514472973318885,-0.16922254296912856
5,test,7024,2021-03-23,garch_1_1_t,innovation,0.1147246291691452,0.15518294376709604,True,0,converged,4525,2500,0.18790796430101,-0.4934175634400517,-0.1913475880681144
5,test,7025,2021-03-24,garch_1_1_t,innovation,0.1178777707192447,0.14882602439733017,True,0,converged,4526,2500,0.184725171633525,-0.4492209155552974,-0.2160911595542357
5,test,7026,2021-03-25,garch_1_1_t,innovation,0.1223273265717011,0.14447943633647103,True,0,converged,4527,2500,0.1643899024007383,-0.29554060322844045,-0.12910387148023267
5,test,7027,2021-03-26,garch_1_1_t,innovation,0.1086218907008507,0.17069224318852702,True,0,converged,4528,2500,0.1729387833753124,-0.4650647195370249,-0.013075490979104779
5,test,7028,2021-03-29,garch_1_1_t,innovation,0.1086097872725094,0.15885529516220953,True,0,converged,4529,2500,0.150608834206751,-0.32692444806303855,0.053307720797684
5,test,7029,2021-03-30,garch_1_1_t,innovation,0.1082045037210498,0.14945340265854212,True,0,converged,4530,2500,0.148319475241089,-0.31534557420733633,0.007616092550504237
5,test,7030,2021-03-31,garch_1_1_t,innovation,0.1095926097362695,0.1427235901284443,True,0,converged,4531,2500,0.1412960427726473,-0.2540873406161683,0.01005254012025359
5,test,7031,2021-04-01,garch_1_1_t,innovation,0.1053773472418361,0.15147928086904033,True,0,converged,4532,2500,0.1395156483861502,-0.2806290785773594,0.08227208587519355
5,test,7032,2021-04-05,garch_1_1_t,innovation,0.0927573529837751,0.16937514652030042,True,0,converged,4533,2500,0.1335531113023275,-0.36451226039622436,0.23761682050351696
5,test,7033,2021-04-06,garch_1_1_t,innovation,0.0952998729919548,0.1574434209495173,True,0,converged,4534,2500,0.1323893996532325,-0.3287190993145801,0.17331858440419448
5,test,7034,2021-04-07,garch_1_1_t,innovation,0.0952178499630007,0.14735809482059128,True,0,converged,4535,2500,0.1225216614277758,-0.25212041850158384,0.18457780134710378
5,test,7035,2021-04-08,garch_1_1_t,innovation,0.0978825021339009,0.1418257097518219,True,0,converged,4536,2500,0.1216919818265343,-0.21772531154970037,0.15310579454180137
5,test,7036,2021-04-09,garch_1_1_t,innovation,0.097889943587024,0.14165977445355848,True,0,converged,4537,2500,0.1191124186007969,-0.19622391830950445,0.1733604868635456
5,test,7037,2021-04-12,garch_1_1_t,innovation,0.1040609883407194,0.13379794090295982,True,0,converged,4538,2500,0.1190236032449847,-0.1343446664262503,0.11700893817073284
5,test,7038,2021-04-13,garch_1_1_t,innovation,0.1083095784293853,0.12856317115552615,True,0,converged,4539,2500,0.1176075173501008,-0.08235936288593133,0.08906743139400758
5,test,7039,2021-04-14,garch_1_1_t,innovation,0.1318853486982286,0.12457095700370749,True,0,converged,4540,2500,0.1181479234249601,0.10999554696555366,0.05293806159884437
5,test,7040,2021-04-15,garch_1_1_t,innovation,0.1332353644655705,0.13747497030140238,True,0,converged,4541,2500,0.1234972549373574,0.07589829326531021,0.10722293777164801
5,test,7041,2021-04-16,garch_1_1_t,innovation,0.1433083357766902,0.13197424849373915,True,0,converged,4542,2500,0.1126285628797259,0.24090315293154568,0.15851146606549377
5,test,7042,2021-04-19,garch_1_1_t,innovation,0.1425251327979984,0.12953187313038333,True,0,converged,4543,2500,0.1137875554320671,0.22518519368396053,0.12959381442929296
5,test,7043,2021-04-20,garch_1_1_t,innovation,0.1434449943416573,0.13207696600425708,True,0,converged,4544,2500,0.1132739878328173,0.23614209199630992,0.1535752734263308
5,test,7044,2021-04-21,garch_1_1_t,innovation,0.1398063045785102,0.13937146995463684,True,0,converged,4545,2500,0.1147246291691452,0.19772319798095575,0.19460808628387422
5,test,7045,2021-04-22,garch_1_1_t,innovation,0.1411657968086422,0.1443167695941983,True,0,converged,4546,2500,0.1178777707192447,0.18028681723385834,0.20236242618267342
5,test,7046,2021-04-23,garch_1_1_t,innovation,0.1359076283803007,0.15251911944311092,True,0,converged,4547,2500,0.1223273265717011,0.10527499529990196,0.22058950499911342
5,test,7047,2021-04-26,garch_1_1_t,innovation,0.1404005644987439,0.14362999698748413,True,0,converged,4548,2500,0.1086218907008507,0.2566265532119513,0.2793675684515894
5,test,7048,2021-04-27,garch_1_1_t,innovation,0.1406196638060635,0.13530538297810527,True,0,converged,4549,2500,0.1086097872725094,0.25829730031700626,0.21977279423128215
5,test,7049,2021-04-28,garch_1_1_t,innovation,0.1407919199990361,0.12834868245460984,True,0,converged,4550,2500,0.1082045037210498,0.26326006612139685,0.1707276524247533
5,test,7050,2021-04-29,garch_1_1_t,innovation,0.1389868140317397,0.12907541481523735,True,0,converged,4551,2500,0.1095926097362695,0.2376091227230452,0.16362690168723174
5,test,7051,2021-04-30,garch_1_1_t,innovation,0.1371496256469087,0.12987276222165947,True,0,converged,4552,2500,0.1053773472418361,0.26352479666004225,0.20900752781981147
5,test,7052,2021-05-03,garch_1_1_t,innovation,0.1369719992911476,0.12436852204528266,True,0,converged,4553,2500,0.0927573529837751,0.38978954440421526,0.2932621342659522
5,test,7053,2021-05-04,garch_1_1_t,innovation,0.1353141298419298,0.12531483896762755,True,0,converged,4554,2500,0.0952998729919548,0.350570485204398,0.27380080446396193
5,test,7054,2021-05-05,garch_1_1_t,innovation,0.1359518039716624,0.11981910246510567,True,0,converged,4555,2500,0.0952178499630007,0.3561330165335907,0.2298157021014142
5,test,7055,2021-05-06,garch_1_1_t,innovation,0.1368583059417793,0.12582888307737733,True,0,converged,4556,2500,0.0978825021339009,0.33517832588188884,0.2511551115947777
5,test,7056,2021-05-07,garch_1_1_t,innovation,0.1344598587394402,0.12906898773653053,True,0,converged,4557,2500,0.097889943587024,0.31742188347980926,0.27650322708475195
5,test,7057,2021-05-10,garch_1_1_t,innovation,0.1297385995949956,0.13837294158279076,True,0,converged,4558,2500,0.1040609883407194,0.22054450017889482,0.2849753616606652
5,test,7058,2021-05-11,garch_1_1_t,innovation,0.1258870910123799,0.14290218948929517,True,0,converged,4559,2500,0.1083095784293853,0.15039180855406853,0.2771668130662821
5,test,7059,2021-05-12,garch_1_1_t,innovation,0.101529887887338,0.1933354023541336,True,0,converged,4560,2500,0.1318853486982286,-0.26157975761186436,0.382493541954303
5,test,7060,2021-05-13,garch_1_1_t,innovation,0.0924451386296905,0.19402853610265797,True,0,converged,4561,2500,0.1332353644655705,-0.365501849186241,0.3758880197003992
5,test,7061,2021-05-14,garch_1_1_t,innovation,0.0753871500638247,0.20412492249066566,True,0,converged,4562,2500,0.1433083357766902,-0.6423616663183386,0.3537336683237054
5,test,7062,2021-05-17,garch_1_1_t,innovation,0.0751258825686577,0.1880227781339454,True,0,converged,4563,2500,0.1425251327979984,-0.6403532138810608,0.27704476110805376
5,test,7063,2021-05-18,garch_1_1_t,innovation,0.071382506087572,0.18234104965726816,True,0,converged,4564,2500,0.1434449943416573,-0.6978988204776362,0.23992718571020233
5,test,7064,2021-05-19,garch_1_1_t,innovation,0.0707814978149417,0.16928680429148654,True,0,converged,4565,2500,0.1398063045785102,-0.68066028966145,0.1913364174348741
5,test,7065,2021-05-20,garch_1_1_t,innovation,0.0767584127142071,0.17177376575368497,True,0,converged,4566,2500,0.1411657968086422,-0.6092720711109104,0.19624323215858389
5,test,7066,2021-05-21,garch_1_1_t,innovation,0.0918109570433626,0.15981896382043076,True,0,converged,4567,2500,0.1359076283803007,-0.3922438036124086,0.1620662466220325
5,test,7067,2021-05-24,garch_1_1_t,innovation,0.0865518859428152,0.16271548650428544,True,0,converged,4568,2500,0.1404005644987439,-0.4837554406335231,0.14750368188007545
5,test,7068,2021-05-25,garch_1_1_t,innovation,0.0862983185113555,0.15224556412256113,True,0,converged,4569,2500,0.1406196638060635,-0.4882487122964645,0.07943594471084689
5,test,7069,2021-05-26,garch_1_1_t,innovation,0.0885223803755579,0.14321660156312244,True,0,converged,4570,2500,0.1407919199990361,-0.4640276500635643,0.017075124803438806
5,test,7070,2021-05-27,garch_1_1_t,innovation,0.089393337999621,0.1351556021251927,True,0,converged,4571,2500,0.1389868140317397,-0.44133290516700685,-0.027952342519717444
5,test,7071,2021-05-28,garch_1_1_t,innovation,0.0894540985501164,0.12867999280994516,True,0,converged,4572,2500,0.1371496256469087,-0.4273468595055335,-0.06374384136873296
5,test,7072,2021-06-01,garch_1_1_t,innovation,0.0894197572667985,0.12285312484923872,True,0,converged,4573,2500,0.1369719992911476,-0.42643486392962404,-0.10878698526063901
5,test,7073,2021-06-02,garch_1_1_t,innovation,0.0892955409015071,0.1183795937629451,True,0,converged,4574,2500,0.1353141298419298,-0.41564741042343883,-0.13370260552464286
5,test,7074,2021-06-03,garch_1_1_t,innovation,0.0904632146450354,0.11668914010364749,True,0,converged,4575,2500,0.1359518039716624,-0.4073571403016988,-0.15278696364189387
5,test,7075,2021-06-04,garch_1_1_t,innovation,0.0887114321767558,0.12708305077795387,True,0,converged,4576,2500,0.1368583059417793,-0.4335573605287393,-0.07410531154573399
5,test,7076,2021-06-07,garch_1_1_t,innovation,0.0888804048882145,0.12162715096044832,True,0,converged,4577,2500,0.1344598587394402,-0.413974005694558,-0.1003054809301841
5,test,7077,2021-06-08,garch_1_1_t,innovation,0.0897551122329963,0.11694205720092703,True,0,converged,4578,2500,0.1297385995949956,-0.3684366672330866,-0.10384307926439885
5,test,7078,2021-06-09,garch_1_1_t,innovation,0.0941874801852394,0.11351118303862756,True,0,converged,4579,2500,0.1258870910123799,-0.29009813612374896,-0.10348404109225902
5,test,7079,2021-06-10,garch_1_1_t,innovation,0.1001042746680687,0.11409531294706227,True,0,converged,4580,2500,0.101529887887338,-0.014140827694552896,0.11668096047792546
5,test,7080,2021-06-11,garch_1_1_t,innovation,0.1007353009965807,0.11112827307514035,True,0,converged,4581,2500,0.0924451386296905,0.0858809216951893,0.18406977472262476
5,test,7081,2021-06-14,garch_1_1_t,innovation,0.1011508455781535,0.10916550867287608,True,0,converged,4582,2500,0.0753871500638247,0.293976086290959,0.3702283218407643
5,test,7082,2021-06-15,garch_1_1_t,innovation,0.1010794051339696,0.10721909355611957,True,0,converged,4583,2500,0.0751258825686577,0.29674125661300177,0.3557092035192287
5,test,7083,2021-06-16,garch_1_1_t,innovation,0.0998476800534572,0.11113500843345937,True,0,converged,4584,2500,0.071382506087572,0.3355929987290996,0.4426929278756458
5,test,7084,2021-06-17,garch_1_1_t,innovation,0.1036795999882314,0.10807631236133888,True,0,converged,4585,2500,0.0707814978149417,0.3817077382087936,0.4232399372916382
5,test,7085,2021-06-18,garch_1_1_t,innovation,0.1058962176908711,0.13732883954351688,True,0,converged,4586,2500,0.0767584127142071,0.32179654374188443,0.5817153460036867
5,test,7086,2021-06-21,garch_1_1_t,innovation,0.1059203598870655,0.15935064485502454,True,0,converged,4587,2500,0.0918109570433626,0.14295584163353472,0.5513754393644131
5,test,7087,2021-06-22,garch_1_1_t,innovation,0.1080749973246468,0.15233517042923844,True,0,converged,4588,2500,0.0865518859428152,0.22208133420266796,0.565339090267485
5,test,7088,2021-06-23,garch_1_1_t,innovation,0.1082451447830828,0.14266929024833394,True,0,converged,4589,2500,0.0862983185113555,0.2265884003140931,0.5027191826614771
5,test,7089,2021-06-24,garch_1_1_t,innovation,0.1122440893674909,0.13968200772503525,True,0,converged,4590,2500,0.0885223803755579,0.23742046362385422,0.45611306009214475
5,test,7090,2021-06-25,garch_1_1_t,innovation,0.1118751595515379,0.13366203895954265,True,0,converged,4591,2500,0.089393337999621,0.22433744237011136,0.4022683564059368
5,test,7091,2021-06-28,garch_1_1_t,innovation,0.1128178977680493,0.1274532281321973,True,0,converged,4592,2500,0.0894540985501164,0.2320493662754051,0.3540238307594934
5,test,7092,2021-06-29,garch_1_1_t,innovation,0.1128111330446339,0.12154486193091978,True,0,converged,4593,2500,0.0894197572667985,0.2323733751249658,0.30694177235689935
5,test,7093,2021-06-30,garch_1_1_t,innovation,0.1137244086024812,0.11671812734745637,True,0,converged,4594,2500,0.0892955409015071,0.24182650047855014,0.2678103073906755
5,test,7094,2021-07-01,garch_1_1_t,innovation,0.1133478748106921,0.11780408947947325,True,0,converged,4595,2500,0.0904632146450354,0.2255183277998961,0.2640796859956546
5,test,7095,2021-07-02,garch_1_1_t,innovation,0.1103303592475436,0.12326088230014226,True,0,converged,4596,2500,0.0887114321767558,0.2180903640038762,0.32891433666810604
5,test,7096,2021-07-06,garch_1_1_t,innovation,0.113833698385453,0.11849663264413526,True,0,converged,4597,2500,0.0888804048882145,0.24744689646866294,0.2875928428972852
5,test,7097,2021-07-07,garch_1_1_t,innovation,0.1144887838859917,0.11613887783961253,True,0,converged,4598,2500,0.0897551122329963,0.24339187430906647,0.2577017112024672
5,test,7098,2021-07-08,garch_1_1_t,innovation,0.1129887767542113,0.12318664041859825,True,0,converged,4599,2500,0.0941874801852394,0.18200122700951643,0.2684133410478496
5,test,7099,2021-07-09,garch_1_1_t,innovation,0.1066780541442341,0.13543461813707244,True,0,converged,4600,2500,0.1001042746680687,0.06360306964357355,0.3022766115083521
5,test,7100,2021-07-12,garch_1_1_t,innovation,0.1059597910012219,0.13010300616726173,True,0,converged,4601,2500,0.1007353009965807,0.050563397603637705,0.2558301974733724
5,test,7101,2021-07-13,garch_1_1_t,innovation,0.1053566960238502,0.1256979846930122,True,0,converged,4602,2500,0.1011508455781535,0.04073877479568731,0.2172691595703197
5,test,7102,2021-07-14,garch_1_1_t,innovation,0.105591768469731,0.12044689954229995,True,0,converged,4603,2500,0.1010794051339696,0.043674020735184865,0.17530259070794482
5,test,7103,2021-07-15,garch_1_1_t,innovation,0.1054274815962836,0.11769751003847731,True,0,converged,4604,2500,0.0998476800534572,0.054377513054108643,0.16447203361433377
5,test,7104,2021-07-16,garch_1_1_t,innovation,0.1018593238237296,0.12362179086940633,True,0,converged,4605,2500,0.1036795999882314,-0.017712691314397348,0.17592145655839372
5,test,7105,2021-07-19,garch_1_1_t,innovation,0.0874982908127199,0.15067786031729155,True,0,converged,4606,2500,0.1058962176908711,-0.1908402765098668,0.3526846464320266
5,test,7106,2021-07-20,garch_1_1_t,innovation,0.0751664199295383,0.16782646254775435,True,0,converged,4607,2500,0.1059203598870655,-0.34298290217286476,0.46024299459782764
5,test,7107,2021-07-21,garch_1_1_t,innovation,0.0797294079875701,0.16375062754936345,True,0,converged,4608,2500,0.1080749973246468,-0.304186904527736,0.41551930107144575
5,test,7108,2021-07-22,garch_1_1_t,innovation,0.0795726460248617,0.15291711191513138,True,0,converged,4609,2500,0.1082451447830828,-0.3077281231005057,0.3454975084146701
5,test,7109,2021-07-23,garch_1_1_t,innovation,0.0761788361826462,0.1567407556315603,True,0,converged,4610,2500,0.1122440893674909,-0.3875921855367126,0.3339173332695788
5,test,7110,2021-07-26,garch_1_1_t,innovation,0.0818162499061473,0.1469810854648769,True,0,converged,4611,2500,0.1118751595515379,-0.31290772476403367,0.2729203054400419
5,test,7111,2021-07-27,garch_1_1_t,innovation,0.0803907244279898,0.14129800541140508,True,0,converged,4612,2500,0.1128178977680493,-0.33887619291549276,0.22509617897249257
5,test,7112,2021-07-28,garch_1_1_t,innovation,0.0807212551533059,0.1333051077946849,True,0,converged,4613,2500,0.1128111330446339,-0.3347131060023654,0.16692551309228115
5,test,7113,2021-07-29,garch_1_1_t,innovation,0.0821085286536593,0.12904506486463826,True,0,converged,4614,2500,0.1137244086024812,-0.32573616085051604,0.1263836301920347
5,test,7114,2021-07-30,garch_1_1_t,innovation,0.0862641703276117,0.12685768262842176,True,0,converged,4615,2500,0.1133478748106921,-0.27304729179439025,0.11260422101697548
5,test,7115,2021-08-02,garch_1_1_t,innovation,0.0873415214048813,0.12189248670491043,True,0,converged,4616,2500,0.1103303592475436,-0.23365316364275895,0.09966026879600341
5,test,7116,2021-08-03,garch_1_1_t,innovation,0.0826379743985092,0.12751519529217467,True,0,converged,4617,2500,0.113833698385453,-0.3202692838773025,0.1134969390217914
5,test,7117,2021-08-04,garch_1_1_t,innovation,0.080784877771463,0.12553911810135715,True,0,converged,4618,2500,0.1144887838859917,-0.34868706915122827,0.0921405471543068
5,test,7118,2021-08-05,garch_1_1_t,innovation,0.0783767464378255,0.12662188855632595,True,0,converged,4619,2500,0.1129887767542113,-0.36576121121744315,0.1139168971344956
5,test,7119,2021-08-06,garch_1_1_t,innovation,0.0781620969864281,0.12130531478179521,True,0,converged,4620,2500,0.1066780541442341,-0.3110306222483393,0.12849517114427958
5,test,7120,2021-08-09,garch_1_1_t,innovation,0.0791368721471664,0.11661746000341722,True,0,converged,4621,2500,0.1059597910012219,-0.2918807798278267,0.09583931347446997
5,test,7121,2021-08-10,garch_1_1_t,innovation,0.0791321300641785,0.11296243733960813,True,0,converged,4622,2500,0.1053566960238502,-0.2862327102199373,0.06970365250698554
5,test,7122,2021-08-11,garch_1_1_t,innovation,0.0801005586923141,0.1108953460949211,True,0,converged,4623,2500,0.105591768469731,-0.2762975891514042,0.049006510460140935
5,test,7123,2021-08-12,garch_1_1_t,innovation,0.0842188614830037,0.10960226853588385,True,0,converged,4624,2500,0.1054274815962836,-0.22460443405521552,0.038834734290707475
5,test,7124,2021-08-13,garch_1_1_t,innovation,0.0844600127383233,0.10768850317877486,True,0,converged,4625,2500,0.1018593238237296,-0.1873144828173555,0.05565014674819171
5,test,7125,2021-08-16,garch_1_1_t,innovation,0.0862133436548831,0.10642321140931423,True,0,converged,4626,2500,0.0874982908127199,-0.014794295133771741,0.19580444585508983
5,test,7126,2021-08-17,garch_1_1_t,innovation,0.0880878691582956,0.11245937900978466,True,0,converged,4627,2500,0.0751664199295383,0.15863024172261167,0.4028874932370736
5,test,7127,2021-08-18,garch_1_1_t,innovation,0.0791523972766184,0.12929880671954289,True,0,converged,4628,2500,0.0797294079875701,-0.007263427637769435,0.48348755569002844
5,test,7128,2021-08-19,garch_1_1_t,innovation,0.0862685223160154,0.12342983015290712,True,0,converged,4629,2500,0.0795726460248617,0.08079439345786553,0.43900242680699636
5,test,7129,2021-08-20,garch_1_1_t,innovation,0.1010608081035732,0.12826456773687497,True,0,converged,4630,2500,0.0761788361826462,0.28263871237663085,0.5210113824614248
5,test,7130,2021-08-23,garch_1_1_t,innovation,0.0962190883182684,0.13406116265483292,True,0,converged,4631,2500,0.0818162499061473,0.1621518832662246,0.49382025554856745
5,test,7131,2021-08-24,garch_1_1_t,innovation,0.102048025816322,0.12736835196587284,True,0,converged,4632,2500,0.0803907244279898,0.23854474209129004,0.4601844958489731
5,test,7132,2021-08-25,garch_1_1_t,innovation,0.1104361589580029,0.1222066967654346,True,0,converged,4633,2500,0.0807212551533059,0.3134356816157623,0.4147119215215261
5,test,7133,2021-08-26,garch_1_1_t,innovation,0.1085751911442028,0.12284485122409565,True,0,converged,4634,2500,0.0821085286536593,0.2794010465500816,0.402880294661068
5,test,7134,2021-08-27,garch_1_1_t,innovation,0.1043728505637436,0.13018151568584735,True,0,converged,4635,2500,0.0862641703276117,0.19055525348749963,0.4115154150070727
5,test,7135,2021-08-30,garch_1_1_t,innovation,0.1259876941791756,0.12707982896270675,True,0,converged,4636,2500,0.0873415214048813,0.36635826969472,0.3749894962553223
5,test,7136,2021-08-31,garch_1_1_t,innovation,0.1260191736489601,0.12163201364903287,True,0,converged,4637,2500,0.0826379743985092,0.4219647538313482,0.38653089166232074
5,test,7137,2021-09-01,garch_1_1_t,innovation,0.1333520567676836,0.11701000938727141,True,0,converged,4638,2500,0.080784877771463,0.5012028826213754,0.3704696897397452
5,test,7138,2021-09-02,garch_1_1_t,innovation,0.1393646443797706,0.11464016868548302,True,0,converged,4639,2500,0.0783767464378255,0.5755665572366966,0.3802709731522849
5,test,7139,2021-09-03,garch_1_1_t,innovation,0.1467808536856909,0.11121293398287228,True,0,converged,4640,2500,0.0781620969864281,0.6301558464086774,0.3526618510669566
5,test,7140,2021-09-07,garch_1_1_t,innovation,0.1507747659515767,0.11057139844656771,True,0,converged,4641,2500,0.0791368721471664,0.6446081948900563,0.33448253994411714
5,test,7141,2021-09-08,garch_1_1_t,innovation,0.1514299763285956,0.10813994162491128,True,0,converged,4642,2500,0.0791321300641785,0.6490043278492582,0.31230715634321315
5,test,7142,2021-09-09,garch_1_1_t,innovation,0.1537302918798785,0.109205850136904,True,0,converged,4643,2500,0.0801005586923141,0.6519168865901527,0.3099518055728649
5,test,7143,2021-09-10,garch_1_1_t,innovation,0.1512793451504002,0.1175214658647099,True,0,converged,4644,2500,0.0842188614830037,0.5857091913413992,0.33320210083515867
5,test,7144,2021-09-13,garch_1_1_t,innovation,0.1531937731486876,0.11462931868806074,True,0,converged,4645,2500,0.0844600127383233,0.5954254109103282,0.30542540620823583
5,test,7145,2021-09-14,garch_1_1_t,innovation,0.1522364051052528,0.11612030898200489,True,0,converged,4646,2500,0.0862133436548831,0.5686096448998786,0.2978018355681232
5,test,7146,2021-09-15,garch_1_1_t,innovation,0.1498888694852489,0.12356517395948952,True,0,converged,4647,2500,0.0880878691582956,0.5315593199600477,0.33843391178084437
5,test,7147,2021-09-16,garch_1_1_t,innovation,0.1610617550491995,0.11926754366629415,True,0,converged,4648,2500,0.0791523972766184,0.710412789540198,0.40999416201274225
5,test,7148,2021-09-17,garch_1_1_t,innovation,0.1595583083806427,0.12988840353125528,True,0,converged,4649,2500,0.0862685223160154,0.6149446408594376,0.40921086306913407
5,test,7149,2021-09-20,garch_1_1_t,innovation,0.1483458185221043,0.16203754454410016,True,0,converged,4650,2500,0.1010608081035732,0.3838237636609826,0.47210566871906334
5,test,7150,2021-09-21,garch_1_1_t,innovation,0.1507959053086051,0.15045602578422856,True,0,converged,4651,2500,0.0962190883182684,0.4492995408240506,0.4470430927584515
5,test,7151,2021-09-22,garch_1_1_t,innovation,0.1474639841268091,0.1531946510102859,True,0,converged,4652,2500,0.102048025816322,0.3681404267429808,0.4062657978107219
5,test,7152,2021-09-23,garch_1_1_t,innovation,0.1413980767484383,0.16167657993303816,True,0,converged,4653,2500,0.1104361589580029,0.24714154486247006,0.3811603125515537
5,test,7153,2021-09-24,garch_1_1_t,innovation,0.1413252707005015,0.15072739034135207,True,0,converged,4654,2500,0.1085751911442028,0.26362117910606064,0.3280299043069683
5,test,7154,2021-09-27,garch_1_1_t,innovation,0.142231693482801,0.1421706866761161,True,0,converged,4655,2500,0.1043728505637436,0.30948778260333926,0.30905876504317287
5,test,7155,2021-09-28,garch_1_1_t,innovation,0.1225489247288219,0.1837908202518309,True,0,converged,4656,2500,0.1259876941791756,-0.027673901144270974,0.37761402751415274
5,test,7156,2021-09-29,garch_1_1_t,innovation,0.1234139834118712,0.16940869693675895,True,0,converged,4657,2500,0.1260191736489601,-0.020889644378022872,0.2958800533587431
5,test,7157,2021-09-30,garch_1_1_t,innovation,0.1203633610259919,0.1742454365359301,True,0,converged,4658,2500,0.1333520567676836,-0.10247749819116467,0.2674721857820935
5,test,7158,2021-10-01,garch_1_1_t,innovation,0.1130508481346387,0.17681337007913456,True,0,converged,4659,2500,0.1393646443797706,-0.20925613804726062,0.23800093092406752
5,test,7159,2021-10-04,garch_1_1_t,innovation,0.1034159493316717,0.181695348377296,True,0,converged,4660,2500,0.1467808536856909,-0.35018148415518524,0.2133906913191779
5,test,7160,2021-10-05,garch_1_1_t,innovation,0.0977236433120064,0.17952558549758796,True,0,converged,4661,2500,0.1507747659515767,-0.43364357816222643,0.17453062832858182
5,test,7161,2021-10-06,garch_1_1_t,innovation,0.0989948328101034,0.16718365896082246,True,0,converged,4662,2500,0.1514299763285956,-0.42505566071432654,0.09896964673703743
5,test,7162,2021-10-07,garch_1_1_t,innovation,0.0956280087790336,0.16393513867855966,True,0,converged,4663,2500,0.1537302918798785,-0.47473395956778414,0.06427113815724331
5,test,7163,2021-10-08,garch_1_1_t,innovation,0.0961970846328135,0.152925569162393,True,0,converged,4664,2500,0.1512793451504002,-0.4527290436750545,0.010823231346481966
5,test,7164,2021-10-11,garch_1_1_t,innovation,0.0927245046828391,0.14988292932445885,True,0,converged,4665,2500,0.1531937731486876,-0.5020708296620928,-0.021849093037103147
5,test,7165,2021-10-12,garch_1_1_t,innovation,0.0930560084724757,0.14139848974662725,True,0,converged,4666,2500,0.1522364051052528,-0.492233055851917,-0.07385253668146631
5,test,7166,2021-10-13,garch_1_1_t,innovation,0.096535167857677,0.1350387020052287,True,0,converged,4667,2500,0.1498888694852489,-0.43998677370463835,-0.10433273054468974
5,test,7167,2021-10-14,garch_1_1_t,innovation,0.0762524491573331,0.16395268822661896,True,0,converged,4668,2500,0.1610617550491995,-0.747738328105936,0.017790036607140746
5,test,7168,2021-10-15,garch_1_1_t,innovation,0.0761670266099571,0.1591777992175309,True,0,converged,4669,2500,0.1595583083806427,-0.7394807778176781,-0.002387613670400391
5,test,7169,2021-10-18,garch_1_1_t,innovation,0.0754504679545714,0.14976827492446637,True,0,converged,4670,2500,0.1483458185221043,-0.676069772392167,0.009543106005236533
5,test,7170,2021-10-19,garch_1_1_t,innovation,0.0717299937471361,0.14803626043055013,True,0,converged,4671,2500,0.1507959053086051,-0.7430183191131307,-0.018470055414315817
5,test,7171,2021-10-20,garch_1_1_t,innovation,0.0708951036103353,0.14113055577986422,True,0,converged,4672,2500,0.1474639841268091,-0.7323825999024742,-0.043898581064260304
5,test,7172,2021-10-21,garch_1_1_t,innovation,0.0713124365692295,0.13408669563622697,True,0,converged,4673,2500,0.1413980767484383,-0.684508413728065,-0.05309257876582221
5,test,7173,2021-10-22,garch_1_1_t,innovation,0.071500213964871,0.12740391844189616,True,0,converged,4674,2500,0.1413252707005015,-0.6813636757950334,-0.10370161834036515
5,test,7174,2021-10-25,garch_1_1_t,innovation,0.0696561441228969,0.1262019246654576,True,0,converged,4675,2500,0.142231693482801,-0.7138864615703677,-0.11957417125535609
5,test,7175,2021-10-26,garch_1_1_t,innovation,0.0697417079297905,0.12108918819848785,True,0,converged,4676,2500,0.1225489247288219,-0.5637118048856629,-0.011982969166079093
5,test,7176,2021-10-27,garch_1_1_t,innovation,0.0685936334532971,0.11968994084831042,True,0,converged,4677,2500,0.1234139834118712,-0.5873446991918698,-0.0306398501359343
5,test,7177,2021-10-28,garch_1_1_t,innovation,0.0997680890466524,0.12961890281325256,True,0,converged,4678,2500,0.1203633610259919,-0.18766679299230288,0.07408345217533024
5,test,7178,2021-10-29,garch_1_1_t,innovation,0.1085119065434439,0.12418591790832735,True,0,converged,4679,2500,0.1130508481346387,-0.0409777963051442,0.09394207969798511
5,test,7179,2021-11-01,garch_1_1_t,innovation,0.1288505670568195,0.1198197202704721,True,0,converged,4680,2500,0.1034159493316717,0.2198941389604989,0.14722908303695958
5,test,7180,2021-11-02,garch_1_1_t,innovation,0.1340493459991623,0.11816433048965687,True,0,converged,4681,2500,0.0977236433120064,0.3160644570162146,0.18993275805135176
5,test,7181,2021-11-03,garch_1_1_t,innovation,0.1428763221295497,0.12030503056158767,True,0,converged,4682,2500,0.0989948328101034,0.3669117208871833,0.19496278397578276
5,test,7182,2021-11-04,garch_1_1_t,innovation,0.1452497915738904,0.11946761257935042,True,0,converged,4683,2500,0.0956280087790336,0.41798920477597845,0.22257955418960768
5,test,7183,2021-11-05,garch_1_1_t,innovation,0.1506418283756304,0.11791862829209433,True,0,converged,4684,2500,0.0961970846328135,0.4485059697196963,0.20359574390340102
5,test,7184,2021-11-08,garch_1_1_t,innovation,0.1672286493654862,0.114155165361042,True,0,converged,4685,2500,0.0927245046828391,0.5897292522771279,0.20792584102147846
5,test,7185,2021-11-09,garch_1_1_t,innovation,0.1670790766854927,0.1128346541486341,True,0,converged,4686,2500,0.0930560084724757,0.5852656599135326,0.19272195599396008
5,test,7186,2021-11-10,garch_1_1_t,innovation,0.1663477175769234,0.12066901223426144,True,0,converged,4687,2500,0.096535167857677,0.5441729060493449,0.22314398566082122
5,test,7187,2021-11-11,garch_1_1_t,innovation,0.1696358805949914,0.11625340694061706,True,0,converged,4688,2500,0.0762524491573331,0.799604726026242,0.42172281598623057
5,test,7188,2021-11-12,garch_1_1_t,innovation,0.170474701578054,0.12171705441921116,True,0,converged,4689,2500,0.0761670266099571,0.8056582604857032,0.468770477703497
5,test,7189,2021-11-15,garch_1_1_t,innovation,0.1722227546698613,0.11725172001475972,True,0,converged,4690,2500,0.0754504679545714,0.825312336827924,0.4408466894784455
5,test,7190,2021-11-16,garch_1_1_t,innovation,0.1802576512801097,0.11618058773048881,True,0,converged,4691,2500,0.0717299937471361,0.9214782404539981,0.4822367883777743
5,test,7191,2021-11-17,garch_1_1_t,innovation,0.1827753296850865,0.11380500792156734,True,0,converged,4692,2500,0.0708951036103353,0.9470563213030923,0.4732851564143747
5,test,7192,2021-11-18,garch_1_1_t,innovation,0.186286231620518,0.11275713661771755,True,0,converged,4693,2500,0.0713124365692295,0.9602136323857234,0.4581655341782508
5,test,7193,2021-11-19,garch_1_1_t,innovation,0.1900057418571182,0.11057831133951791,True,0,converged,4694,2500,0.071500213964871,0.9773538497933215,0.436023527642593
5,test,7194,2021-11-22,garch_1_1_t,innovation,0.1997659396122922,0.10950261262918501,True,0,converged,4695,2500,0.0696561441228969,1.053575468680745,0.45237749800849436
5,test,7195,2021-11-23,garch_1_1_t,innovation,0.2028090756478133,0.10759792064618426,True,0,converged,4696,2500,0.0697417079297905,1.0674664915234102,0.4336027917840225
5,test,7196,2021-11-24,garch_1_1_t,innovation,0.2037810279785434,0.10704313879882067,True,0,converged,4697,2500,0.0685936334532971,1.0888463014623517,0.4450321959345391
5,test,7197,2021-11-26,garch_1_1_t,innovation,0.1939189930624821,0.1744289673163961,True,0,converged,4698,2500,0.0997680890466524,0.6645921271713795,0.5586692115247263
5,test,7198,2021-11-29,garch_1_1_t,innovation,0.1890504097498097,0.17778870013890008,True,0,converged,4699,2500,0.1085119065434439,0.55515379306225,0.4937358625983484
5,test,7199,2021-11-30,garch_1_1_t,innovation,0.1757719831137676,0.20449082554293233,True,0,converged,4700,2500,0.1288505670568195,0.31053426660179273,0.4618697736104194
5,test,7200,2021-12-01,garch_1_1_t,innovation,0.1715239149122259,0.19896810569106863,True,0,converged,4701,2500,0.1340493459991623,0.2465147165494631,0.39493655308297243
5,test,7201,2021-12-02,garch_1_1_t,innovation,0.1630627896696616,0.20481746085957958,True,0,converged,4702,2500,0.1428763221295497,0.1321559635064217,0.36013977181221485
5,test,7202,2021-12-03,garch_1_1_t,innovation,0.1613911148157323,0.19437471845107013,True,0,converged,4703,2500,0.1452497915738904,0.10537574282893147,0.2913328736656163
5,test,7203,2021-12-06,garch_1_1_t,innovation,0.1558906406566241,0.1923819621912932,True,0,converged,4704,2500,0.1506418283756304,0.034249718327287265,0.24457776057221037
5,test,7204,2021-12-07,garch_1_1_t,innovation,0.154133165043225,0.21762787559069866,True,0,converged,4705,2500,0.1672286493654862,-0.08154509701005899,0.2634245776618109
5,test,7205,2021-12-08,garch_1_1_t,innovation,0.1538832313720668,0.19858746639755864,True,0,converged,4706,2500,0.1670790766854927,-0.08227313646939231,0.17276242640730166
5,test,7206,2021-12-09,garch_1_1_t,innovation,0.1526417641140425,0.18612165067586092,True,0,converged,4707,2500,0.1663477175769234,-0.08598651677864512,0.11232021405392113
5,test,7207,2021-12-10,garch_1_1_t,innovation,0.1490401239729699,0.18046283422710804,True,0,converged,4708,2500,0.1696358805949914,-0.12943870299105836,0.06187059091862772
5,test,7208,2021-12-13,garch_1_1_t,innovation,0.1491685926636318,0.1749758631699999,True,0,converged,4709,2500,0.170474701578054,-0.13350974719822203,0.026061131794999408
5,test,7209,2021-12-14,garch_1_1_t,innovation,0.1474536835358384,0.16694657366388027,True,0,converged,4710,2500,0.1722227546698613,-0.15527460766183152,-0.031114881152087083
5,test,7210,2021-12-15,garch_1_1_t,innovation,0.1453935501222145,0.1826046971868644,True,0,converged,4711,2500,0.1802576512801097,-0.2149430188492087,0.012936468324824521
5,test,7211,2021-12-16,garch_1_1_t,innovation,0.1419607558980501,0.1765994329752135,True,0,converged,4712,2500,0.1827753296850865,-0.2527070394636124,-0.034373614574534965
5,test,7212,2021-12-17,garch_1_1_t,innovation,0.1507819740447473,0.17584684829349528,True,0,converged,4713,2500,0.186286231620518,-0.21144945761480524,-0.05767093447040774
5,test,7213,2021-12-20,garch_1_1_t,innovation,0.1505587827867352,0.17534276700674556,True,0,converged,4714,2500,0.1900057418571182,-0.2327007007727889,-0.08031156516129684
5,test,7214,2021-12-21,garch_1_1_t,innovation,0.1425634697691837,0.19569333037958916,True,0,converged,4715,2500,0.1997659396122922,-0.33735907683569444,-0.020597586290281283
5,test,7215,2021-12-22,garch_1_1_t,innovation,0.1550156304776475,0.18974196086978667,True,0,converged,4716,2500,0.2028090756478133,-0.2687390688044266,-0.06659997401016729
5,test,7216,2021-12-23,garch_1_1_t,innovation,0.1541796889777795,0.17825346277176257,True,0,converged,4717,2500,0.2037810279785434,-0.2789272913220066,-0.13383953948885904
5,test,7217,2021-12-27,garch_1_1_t,innovation,0.1522645530058541,0.18622547061925088,True,0,converged,4718,2500,0.1939189930624821,-0.24182102205935807,-0.04048236311350568
5,test,7218,2021-12-28,garch_1_1_t,innovation,0.1524977745934344,0.17083433974250742,True,0,converged,4719,2500,0.1890504097498097,-0.2148636946385624,-0.10131938424686
5,test,7219,2021-12-29,garch_1_1_t,innovation,0.1534397003985629,0.15799325904471942,True,0,converged,4720,2500,0.1757719831137676,-0.13587994602800316,-0.10663523675422154
5,test,7220,2021-12-30,garch_1_1_t,innovation,0.1761533748040734,0.14829257175661137,True,0,converged,4721,2500,0.1715239149122259,0.026632360861727506,-0.14553554384866887
5,test,7221,2021-12-31,garch_1_1_t,innovation,0.1869889243349961,0.14002235514870848,True,0,converged,4722,2500,0.1630627896696616,0.13691404761671913,-0.1523332498332093
5,test,7222,2022-01-03,garch_1_1_t,innovation,0.1873933008551939,0.13698949541312733,True,0,converged,4723,2500,0.1613911148157323,0.14937891771501569,-0.16392645654072885
5,test,7223,2022-01-04,garch_1_1_t,innovation,0.1905055484043347,0.12974452526406968,True,0,converged,4724,2500,0.1558906406566241,0.20052657963746762,-0.18358741332800899
5,test,7224,2022-01-05,garch_1_1_t,innovation,0.1966827565343722,0.1733719372344621,True,0,converged,4725,2500,0.154133165043225,0.24377512092992884,0.11762227608243198
5,test,7225,2022-01-06,garch_1_1_t,innovation,0.1973582664223435,0.16025480272676818,True,0,converged,4726,2500,0.1538832313720668,0.2488266113854192,0.04057098860332283
5,test,7226,2022-01-07,garch_1_1_t,innovation,0.1971871484795639,0.151050355283588,True,0,converged,4727,2500,0.1526417641140425,0.2560595050788539,-0.010480505061578195
5,test,7227,2022-01-10,garch_1_1_t,innovation,0.1992718550429749,0.1419277532781964,True,0,converged,4728,2500,0.1490401239729699,0.29045444009155563,-0.048897409705112416
5,test,7228,2022-01-11,garch_1_1_t,innovation,0.2033063778974384,0.14528091700851184,True,0,converged,4729,2500,0.1491685926636318,0.3096369313189116,-0.02640793383395215
5,test,7229,2022-01-12,garch_1_1_t,innovation,0.2130321097016683,0.13764969942734395,True,0,converged,4730,2500,0.1474536835358384,0.3679287875789954,-0.06880206855652586
5,test,7230,2022-01-13,garch_1_1_t,innovation,0.2189859437777857,0.15652237490968643,True,0,converged,4731,2500,0.1453935501222145,0.40956333952266166,0.07375476585889806
5,test,7231,2022-01-14,garch_1_1_t,innovation,0.2192894382335852,0.1459476993924414,True,0,converged,4732,2500,0.1419607558980501,0.4348418405047429,0.02769768170183953
5,test,7232,2022-01-18,garch_1_1_t,innovation,0.2174621614868185,0.17724624406422604,True,0,converged,4733,2500,0.1507819740447473,0.36618995230199414,0.16170506222441394
5,test,7233,2022-01-19,garch_1_1_t,innovation,0.2143195583005595,0.17620053553122816,True,0,converged,4734,2500,0.1505587827867352,0.3531145730682281,0.1572691616030419
5,test,7234,2022-01-20,garch_1_1_t,innovation,0.2241578527068649,0.17689979263477154,True,0,converged,4735,2500,0.1425634697691837,0.4525632008193604,0.21579612651208419
5,test,7235,2022-01-21,garch_1_1_t,innovation,0.2140695499380527,0.2058254217282537,True,0,converged,4736,2500,0.1550156304776475,0.3227750083050828,0.28350238852121973
5,test,7236,2022-01-24,garch_1_1_t,innovation,0.2169476538446357,0.18993640794990818,True,0,converged,4737,2500,0.1541796889777795,0.3415373641561285,0.20857058737501297
5,test,7237,2022-01-25,garch_1_1_t,innovation,0.2218132349189778,0.1906255856964169,True,0,converged,4738,2500,0.1522645530058541,0.3762162553781412,0.2246917315954702
5,test,7238,2022-01-26,garch_1_1_t,innovation,0.2278878725432392,0.17520174697086785,True,0,converged,4739,2500,0.1524977745934344,0.4017037177854,0.13878814663643427
5,test,7239,2022-01-27,garch_1_1_t,innovation,0.2400528433515401,0.1645804754075978,True,0,converged,4740,2500,0.1534397003985629,0.44755142116809926,0.07009200421527999
5,test,7240,2022-01-28,garch_1_1_t,innovation,0.2238866602793603,0.21814209916657795,True,0,converged,4741,2500,0.1761533748040734,0.23978487960936468,0.21379161818042533
5,test,7241,2022-01-31,garch_1_1_t,innovation,0.2215354210273024,0.22835591680825587,True,0,converged,4742,2500,0.1869889243349961,0.16953310409930583,0.19985606348742513
5,test,7242,2022-02-01,garch_1_1_t,innovation,0.2295506400462903,0.21108075776071905,True,0,converged,4743,2500,0.1873933008551939,0.20291403762906343,0.11903117712540433
5,test,7243,2022-02-02,garch_1_1_t,innovation,0.2276616730342596,0.20156812084521886,True,0,converged,4744,2500,0.1905055484043347,0.17817931707371792,0.05644607334046169
5,test,7244,2022-02-03,garch_1_1_t,innovation,0.2134005783551809,0.23826494137909848,True,0,converged,4745,2500,0.1966827565343722,0.08157899128515356,0.19179119582487453
5,test,7245,2022-02-04,garch_1_1_t,innovation,0.2377898496740295,0.21739579613100948,True,0,converged,4746,2500,0.1973582664223435,0.18636661070045585,0.09669894912865101
5,test,7246,2022-02-07,garch_1_1_t,innovation,0.2390473008123195,0.198404702322083,True,0,converged,4747,2500,0.1971871484795639,0.19250817363530842,0.006155625727127211
5,test,7247,2022-02-08,garch_1_1_t,innovation,0.255181741186202,0.18840722068290855,True,0,converged,4748,2500,0.1992718550429749,0.2473060036404167,-0.056064310444363795
5,test,7248,2022-02-09,garch_1_1_t,innovation,0.2504311118351413,0.19603466475067363,True,0,converged,4749,2500,0.2033063778974384,0.20846978805677432,-0.036422587428570886
5,test,7249,2022-02-10,garch_1_1_t,innovation,0.2462476818417676,0.2131816319893731,True,0,converged,4750,2500,0.2130321097016683,0.1448949620464395,0.0007016305633202233
5,test,7250,2022-02-11,garch_1_1_t,innovation,0.237314740195223,0.23207343820528883,True,0,converged,4751,2500,0.2189859437777857,0.08037973370735826,0.0580463214715832
5,test,7251,2022-02-14,garch_1_1_t,innovation,0.2492889315513733,0.21103296073938196,True,0,converged,4752,2500,0.2192894382335852,0.12822009844018425,-0.03837815968326738
5,test,7252,2022-02-15,garch_1_1_t,innovation,0.2549133644353149,0.21732194641058475,True,0,converged,4753,2500,0.2174621614868185,0.15889887490011673,-0.0006449871490138352
5,test,7253,2022-02-16,garch_1_1_t,innovation,0.2586750671695119,0.19795344387677907,True,0,converged,4754,2500,0.2143195583005595,0.18810454285863965,-0.07943629318869483
5,test,7254,2022-02-17,garch_1_1_t,innovation,0.2500666321211058,0.227760744733637,True,0,converged,4755,2500,0.2241578527068649,0.10937690757916689,0.0159452095268542
5,test,7255,2022-02-18,garch_1_1_t,innovation,0.2490033148891755,0.21057934783999277,True,0,converged,4756,2500,0.2140695499380527,0.15116524725261463,-0.016438430477901275
5,test,7256,2022-02-22,garch_1_1_t,innovation,0.2494815816667802,0.20361865816362906,True,0,converged,4757,2500,0.2169476538446357,0.13972899357359614,-0.06340717616549167
5,test,7257,2022-02-23,garch_1_1_t,innovation,0.2456049396198335,0.21826587064299463,True,0,converged,4758,2500,0.2218132349189778,0.10188856488391951,-0.01612183384674402
5,test,7258,2022-02-24,garch_1_1_t,innovation,0.2456239205993391,0.22008910376725982,True,0,converged,4759,2500,0.2278878725432392,0.07494786721091073,-0.0348212394174776
5,test,7259,2022-02-25,garch_1_1_t,innovation,0.2337282395025535,0.24408917036458702,True,0,converged,4760,2500,0.2400528433515401,-0.026700008939044246,0.01667453110844052
5,test,7260,2022-02-28,garch_1_1_t,innovation,0.2349025492896603,0.2210127687376481,True,0,converged,4761,2500,0.2238866602793603,0.048030801357440714,-0.01291946596564608
5,test,7261,2022-03-01,garch_1_1_t,innovation,0.2326286337424515,0.22339343025901762,True,0,converged,4762,2500,0.2215354210273024,0.04886084439729816,0.008351987185774335
5,test,7262,2022-03-02,garch_1_1_t,innovation,0.2245273908494174,0.23457736582559796,True,0,converged,4763,2500,0.2295506400462903,-0.022125950978754624,0.02166179275150478
5,test,7263,2022-03-03,garch_1_1_t,innovation,0.2304996252405558,0.21447298498723652,True,0,converged,4764,2500,0.2276616730342596,0.012388599882552972,-0.05967685037740875
5,test,7264,2022-03-04,garch_1_1_t,innovation,0.2288940915740478,0.20183669645274038,True,0,converged,4765,2500,0.2134005783551809,0.07008836531000409,-0.05571211201653702
5,test,7265,2022-03-07,garch_1_1_t,innovation,0.2050068701681853,0.266940887297125,True,0,converged,4766,2500,0.2377898496740295,-0.148343807455678,0.11563993894956795
5,test,7266,2022-03-08,garch_1_1_t,innovation,0.2081684007311473,0.24500561540063212,True,0,converged,4767,2500,0.2390473008123195,-0.13831407266178752,0.02461968658638741
5,test,7267,2022-03-09,garch_1_1_t,innovation,0.1891730851313763,0.27981406679518633,True,0,converged,4768,2500,0.255181741186202,-0.2993136115132596,0.09214933359722133
5,test,7268,2022-03-10,garch_1_1_t,innovation,0.1893321872421801,0.25282749921004594,True,0,converged,4769,2500,0.2504311118351413,-0.2796808033142532,0.009523554826870454
5,test,7269,2022-03-11,garch_1_1_t,innovation,0.1840483429057817,0.24255944245301103,True,0,converged,4770,2500,0.2462476818417676,-0.29113940988308695,-0.015091062310101794
5,test,7270,2022-03-14,garch_1_1_t,innovation,0.1921997687832155,0.22387596376608215,True,0,converged,4771,2500,0.237314740195223,-0.21085198426641213,-0.058295112499854314
5,test,7271,2022-03-15,garch_1_1_t,innovation,0.1765009278732757,0.24691221360035734,True,0,converged,4772,2500,0.2492889315513733,-0.34528645800275776,-0.009579728504855644
5,test,7272,2022-03-16,garch_1_1_t,innovation,0.163481065061836,0.26443867192699816,True,0,converged,4773,2500,0.2549133644353149,-0.4442265665072838,0.03668562012482034
5,test,7273,2022-03-17,garch_1_1_t,innovation,0.1635740056470468,0.2512819644742137,True,0,converged,4774,2500,0.2586750671695119,-0.458307185302198,-0.028997034089367615
5,test,7274,2022-03-18,garch_1_1_t,innovation,0.1589446132221708,0.23756163506539302,True,0,converged,4775,2500,0.2500666321211058,-0.45317161381472454,-0.05130030496322355
5,test,7275,2022-03-21,garch_1_1_t,innovation,0.1688001974966222,0.21513917769304147,True,0,converged,4776,2500,0.2490033148891755,-0.38875045701916827,-0.14618105238212897
5,test,7276,2022-03-22,garch_1_1_t,innovation,0.1636924494783184,0.20931899888689703,True,0,converged,4777,2500,0.2494815816667802,-0.42139573231828154,-0.17552569269133692
5,test,7277,2022-03-23,garch_1_1_t,innovation,0.1659470434233285,0.20844992697307435,True,0,converged,4778,2500,0.2456049396198335,-0.39205558659119083,-0.1640254545356522
5,test,7278,2022-03-24,garch_1_1_t,innovation,0.1856650597069097,0.21308001439405358,True,0,converged,4779,2500,0.2456239205993391,-0.27985729196512443,-0.14213383850622172
5,test,7279,2022-03-25,garch_1_1_t,innovation,0.1859934657481593,0.19640746901973938,True,0,converged,4780,2500,0.2337282395025535,-0.22844752808829183,-0.17396764596883477
5,test,7280,2022-03-28,garch_1_1_t,innovation,0.2117614636476005,0.18515580530027131,True,0,converged,4781,2500,0.2349025492896603,-0.10371027454745799,-0.2379730828183258
5,test,7281,2022-03-29,garch_1_1_t,innovation,0.2074550183126715,0.18768477796219962,True,0,converged,4782,2500,0.2326286337424515,-0.11452879848733151,-0.21467949283555732
5,test,7282,2022-03-30,garch_1_1_t,innovation,0.224488568437223,0.17660692052717772,True,0,converged,4783,2500,0.2245273908494174,-0.000172922193468635,-0.24007123299268943
5,test,7283,2022-03-31,garch_1_1_t,innovation,0.2554020164849392,0.19138298355875047,True,0,converged,4784,2500,0.2304996252405558,0.102589602385446,-0.1859726666410966
5,test,7284,2022-04-01,garch_1_1_t,innovation,0.2560919606184385,0.1763429734436124,True,0,converged,4785,2500,0.2288940915740478,0.11227718677390233,-0.2608286028585629
5,test,7285,2022-04-04,garch_1_1_t,innovation,0.25481333571012,0.1715041459996998,True,0,converged,4786,2500,0.2050068701681853,0.21748776868783298,-0.17843605035324875
5,test,7286,2022-04-05,garch_1_1_t,innovation,0.272456549894522,0.17832901750594665,True,0,converged,4787,2500,0.2081684007311473,0.26913178042497493,-0.15471711400265636
5,test,7287,2022-04-06,garch_1_1_t,innovation,0.2991024453981707,0.1765028438603929,True,0,converged,4788,2500,0.1891730851313763,0.45812375113553006,-0.06932540155473157
5,test,7288,2022-04-07,garch_1_1_t,innovation,0.2993251982392771,0.16575371678824244,True,0,converged,4789,2500,0.1893321872421801,0.45802752515405,-0.1330000238600249
5,test,7289,2022-04-08,garch_1_1_t,innovation,0.3206987521835104,0.1545500788226711,True,0,converged,4790,2500,0.1840483429057817,0.5553037594921234,-0.17468027769221997
5,test,7290,2022-04-11,garch_1_1_t,innovation,0.3149125060739845,0.18248738671895184,True,0,converged,4791,2500,0.1921997687832155,0.4937595482138018,-0.051854236769192985
5,test,7291,2022-04-12,garch_1_1_t,innovation,0.3197302169638538,0.16932544693258597,True,0,converged,4792,2500,0.1765009278732757,0.5941514347888404,-0.04150354883887119
5,test,7292,2022-04-13,garch_1_1_t,innovation,0.3171859863250896,0.17287945353022938,True,0,converged,4793,2500,0.163481065061836,0.6627911358703042,0.05589737760478961
5,test,7293,2022-04-14,garch_1_1_t,innovation,0.3250572321578501,0.17884212013627493,True,0,converged,4794,2500,0.1635740056470468,0.6867357439170041,0.08923788437246565
5,test,7294,2022-04-18,garch_1_1_t,innovation,0.325374168051906,0.16456138003000922,True,0,converged,4795,2500,0.1589446132221708,0.7164200094018907,0.034727834471387505
5,test,7295,2022-04-19,garch_1_1_t,innovation,0.3284220293968736,0.1840057448478575,True,0,converged,4796,2500,0.1688001974966222,0.6655837041528477,0.08625122695595647
5,test,7296,2022-04-20,garch_1_1_t,innovation,0.3594251618913261,0.16921206651168771,True,0,converged,4797,2500,0.1636924494783184,0.786516623552539,0.033163400536659296
5,test,7297,2022-04-21,garch_1_1_t,innovation,0.3560924573088925,0.1840054463845453,True,0,converged,4798,2500,0.1659470434233285,0.7635216867365096,0.10329663514877445
5,test,7298,2022-04-22,garch_1_1_t,innovation,0.3421265185024696,0.2471782753509442,True,0,converged,4799,2500,0.1856650597069097,0.611236309652218,0.28616554269484085
5,test,7299,2022-04-25,garch_1_1_t,innovation,0.3477918652556032,0.22648532596467308,True,0,converged,4800,2500,0.1859934657481593,0.6258926697924512,0.1969686140865755
5,test,7300,2022-04-26,garch_1_1_t,innovation,0.3328914708999532,0.28112025564720206,True,0,converged,4801,2500,0.2117614636476005,0.4523560539280565,0.28332206410876243
5,test,7301,2022-04-27,garch_1_1_t,innovation,0.3342040055155219,0.2539580783264072,True,0,converged,4802,2500,0.2074550183126715,0.4768370645193335,0.2022546704832253
5,test,7302,2022-04-28,garch_1_1_t,innovation,0.3298230386011225,0.28115242707202853,True,0,converged,4803,2500,0.224488568437223,0.3847314781812169,0.22507218157539396
5,test,7303,2022-04-29,garch_1_1_t,innovation,0.313573052500523,0.35398290095376156,True,0,converged,4804,2500,0.2554020164849392,0.20519351629130003,0.3264097706102664
5,test,7304,2022-05-02,garch_1_1_t,innovation,0.3134855145523644,0.31767957392768287,True,0,converged,4805,2500,0.2560919606184385,0.2022165522900078,0.21550664448154588
5,test,7305,2022-05-03,garch_1_1_t,innovation,0.3143893797930115,0.28536092049401657,True,0,converged,4806,2500,0.25481333571012,0.2101010204199734,0.11322350649416447
5,test,7306,2022-05-04,garch_1_1_t,innovation,0.3032916957518327,0.32315121227516275,True,0,converged,4807,2500,0.272456549894522,0.1072158832071953,0.17064121167214755
5,test,7307,2022-05-05,garch_1_1_t,innovation,0.2809516415405313,0.3751506435316749,True,0,converged,4808,2500,0.2991024453981707,-0.06260358109524429,0.22654151993129307
5,test,7308,2022-05-06,garch_1_1_t,innovation,0.2803545196440136,0.33597949817769945,True,0,converged,4809,2500,0.2993251982392771,-0.06547565801672282,0.11551953888287021
5,test,7309,2022-05-09,garch_1_1_t,innovation,0.2576907129119684,0.3701867013724829,True,0,converged,4810,2500,0.3206987521835104,-0.21874213713778537,0.14350526089897775
5,test,7310,2022-05-10,garch_1_1_t,innovation,0.2604670601636369,0.3296339467853049,True,0,converged,4811,2500,0.3149125060739845,-0.18981843705828716,0.04568794487095402
5,test,7311,2022-05-11,garch_1_1_t,innovation,0.268164436691395,0.31255109559722366,True,0,converged,4812,2500,0.3197302169638538,-0.17587720612284338,-0.02270960649881969
5,test,7312,2022-05-12,garch_1_1_t,innovation,0.2877625188274092,0.2798599910729639,True,0,converged,4813,2500,0.3171859863250896,-0.09735275690984661,-0.12519886325241666
5,test,7313,2022-05-13,garch_1_1_t,innovation,0.3076564159376105,0.295605897339004,True,0,converged,4814,2500,0.3250572321578501,-0.05501763813957465,-0.09497412649574438
5,test,7314,2022-05-16,garch_1_1_t,innovation,0.3075043934566952,0.2659391985050479,True,0,converged,4815,2500,0.325374168051906,-0.056486431612874685,-0.2017081008161374
5,test,7315,2022-05-17,garch_1_1_t,innovation,0.3030840133390104,0.2744890020775396,True,0,converged,4816,2500,0.3284220293968736,-0.08028941749513452,-0.17938826146205059
5,test,7316,2022-05-18,garch_1_1_t,innovation,0.2912042844870798,0.3682882902055631,True,0,converged,4817,2500,0.3594251618913261,-0.2104809533006814,0.02436004604505981
5,test,7317,2022-05-19,garch_1_1_t,innovation,0.2904871761869165,0.3305241171576437,True,0,converged,4818,2500,0.3560924573088925,-0.2036309772919481,-0.07451078031256661
5,test,7318,2022-05-20,garch_1_1_t,innovation,0.3035928770456373,0.29543326343295234,True,0,converged,4819,2500,0.3421265185024696,-0.11949302218972041,-0.1467376373211329
5,test,7319,2022-05-23,garch_1_1_t,innovation,0.2964463266216461,0.2919480372397112,True,0,converged,4820,2500,0.3477918652556032,-0.15973803364971775,-0.17502838072837623
5,test,7320,2022-05-24,garch_1_1_t,innovation,0.297219613456127,0.26610200663291506,True,0,converged,4821,2500,0.3328914708999532,-0.11334521884742416,-0.22393680479278608
5,test,7321,2022-05-25,garch_1_1_t,innovation,0.3157654557531271,0.24609149494848967,True,0,converged,4822,2500,0.3342040055155219,-0.056751892104511314,-0.30604820400582666
5,test,7322,2022-05-26,garch_1_1_t,innovation,0.3081566342544198,0.25710275662656024,True,0,converged,4823,2500,0.3298230386011225,-0.06794805748706936,-0.24908042774983227
5,test,7323,2022-05-27,garch_1_1_t,innovation,0.3048264375780813,0.2821134309013384,True,0,converged,4824,2500,0.313573052500523,-0.028289797745794144,-0.10572312795651514
5,test,7324,2022-05-31,garch_1_1_t,innovation,0.3041851274449602,0.255803136441058,True,0,converged,4825,2500,0.3134855145523644,-0.030116665514344564,-0.20334500305927156
5,test,7325,2022-06-01,garch_1_1_t,innovation,0.3041972780890867,0.23698224905547838,True,0,converged,4826,2500,0.3143893797930115,-0.03295584868267393,-0.2826470408701969
5,test,7326,2022-06-02,garch_1_1_t,innovation,0.2990764453881688,0.24765807300312095,True,0,converged,4827,2500,0.3032916957518327,-0.013995823761466743,-0.20264597772791487
5,test,7327,2022-06-03,garch_1_1_t,innovation,0.2933281090801971,0.24873729788782858,True,0,converged,4828,2500,0.2809516415405313,0.04310924832963362,-0.12178524939465574
5,test,7328,2022-06-06,garch_1_1_t,innovation,0.2933737629897562,0.2248086018009764,True,0,converged,4829,2500,0.2803545196440136,0.04539249380715062,-0.22080556234700544
5,test,7329,2022-06-07,garch_1_1_t,innovation,0.2961494037935536,0.2132590962626703,True,0,converged,4830,2500,0.2576907129119684,0.13910399089157713,-0.1892522377829978
5,test,7330,2022-06-08,garch_1_1_t,innovation,0.2936107915728478,0.20668229469204488,True,0,converged,4831,2500,0.2604670601636369,0.11977864741316047,-0.23129359870036786
5,test,7331,2022-06-09,garch_1_1_t,innovation,0.2838491422634702,0.24673768311877162,True,0,converged,4832,2500,0.268164436691395,0.056842545719188876,-0.08327460146880498
5,test,7332,2022-06-10,garch_1_1_t,innovation,0.2658135978130592,0.2964424496954632,True,0,converged,4833,2500,0.2877625188274092,-0.07934024953862429,0.02971754819138469
5,test,7333,2022-06-13,garch_1_1_t,innovation,0.2283146824630523,0.3718861307179782,True,0,converged,4834,2500,0.3076564159376105,-0.29825876401945417,0.18960407956062852
5,test,7334,2022-06-14,garch_1_1_t,innovation,0.2282264915701486,0.3313184963048768,True,0,converged,4835,2500,0.3075043934566952,-0.2981508548539614,0.07459076241331303
5,test,7335,2022-06-15,garch_1_1_t,innovation,0.23254079644233,0.3107491004870854,True,0,converged,4836,2500,0.3030840133390104,-0.2649443606188081,0.024975796912684818
5,test,7336,2022-06-16,garch_1_1_t,innovation,0.2016656676173078,0.3580636954848837,True,0,converged,4837,2500,0.2912042844870798,-0.3674138140387204,0.20668586149817092
5,test,7337,2022-06-17,garch_1_1_t,innovation,0.2226356561286464,0.31910965413695125,True,0,converged,4838,2500,0.2904871761869165,-0.2660228250963108,0.09397535571193759
5,test,7338,2022-06-21,garch_1_1_t,innovation,0.205637853098005,0.33083172162349084,True,0,converged,4839,2500,0.3035928770456373,-0.3895709565711079,0.0859222686096036
5,test,7339,2022-06-22,garch_1_1_t,innovation,0.2086595665014665,0.29526650243168634,True,0,converged,4840,2500,0.2964463266216461,-0.3511621233503281,-0.003987832257718262
5,test,7340,2022-06-23,garch_1_1_t,innovation,0.2084097271289021,0.2722659552515716,True,0,converged,4841,2500,0.297219613456127,-0.3549653207258178,-0.0876919395544519
5,test,7341,2022-06-24,garch_1_1_t,innovation,0.1763801429290557,0.32276742665357866,True,0,converged,4842,2500,0.3157654557531271,-0.5823581405625233,0.021932313178686835
5,test,7342,2022-06-27,garch_1_1_t,innovation,0.1808594881959178,0.28920165765107636,True,0,converged,4843,2500,0.3081566342544198,-0.5328877850058837,-0.06348398436015011
5,test,7343,2022-06-28,garch_1_1_t,innovation,0.1887331105990739,0.29397882702337635,True,0,converged,4844,2500,0.3048264375780813,-0.479408653656183,-0.03623480969386498
5,test,7344,2022-06-29,garch_1_1_t,innovation,0.1938283261092905,0.26351122632693974,True,0,converged,4845,2500,0.3041851274449602,-0.45066363758577216,-0.14354051618634303
5,test,7345,2022-06-30,garch_1_1_t,innovation,0.19841972680207,0.24319201578862193,True,0,converged,4846,2500,0.3041972780890867,-0.4272918126636201,-0.2238251122809501
5,test,7346,2022-07-01,garch_1_1_t,innovation,0.1951576037976559,0.22982397237112057,True,0,converged,4847,2500,0.2990764453881688,-0.42689175417769276,-0.2633855325211214
5,test,7347,2022-07-05,garch_1_1_t,innovation,0.1964528325711191,0.20886688430086076,True,0,converged,4848,2500,0.2933281090801971,-0.4008694440020487,-0.33959467686555955
5,test,7348,2022-07-06,garch_1_1_t,innovation,0.2036972200646342,0.19174892913265906,True,0,converged,4849,2500,0.2933737629897562,-0.3648127617447805,-0.42526058215490237
5,test,7349,2022-07-07,garch_1_1_t,innovation,0.1967579910069169,0.20158463940581636,True,0,converged,4850,2500,0.2961494037935536,-0.4088895680286309,-0.3846547296593608
5,test,7350,2022-07-08,garch_1_1_t,innovation,0.1968279015465187,0.18393641630828259,True,0,converged,4851,2500,0.2936107915728478,-0.39992530138330984,-0.46766491775698016
5,test,7351,2022-07-11,garch_1_1_t,innovation,0.1926005008308797,0.185123800859165,True,0,converged,4852,2500,0.2838491422634702,-0.3878248080884431,-0.4274181127158039
5,test,7352,2022-07-12,garch_1_1_t,innovation,0.1905231005745014,0.17989286295981763,True,0,converged,4853,2500,0.2658135978130592,-0.3330218529600069,-0.39043383512715085
5,test,7353,2022-07-13,garch_1_1_t,innovation,0.2034547621243354,0.17004709765820103,True,0,converged,4854,2500,0.2283146824630523,-0.11528118258712264,-0.29464941988572985
5,test,7354,2022-07-14,garch_1_1_t,innovation,0.2032716135598573,0.15768394325124477,True,0,converged,4855,2500,0.2282264915701486,-0.11579543740245064,-0.3697458494874791
5,test,7355,2022-07-15,garch_1_1_t,innovation,0.200891679949985,0.19405061903192847,True,0,converged,4856,2500,0.23254079644233,-0.14629982112803447,-0.18094663032988872
5,test,7356,2022-07-18,garch_1_1_t,innovation,0.1992595144620317,0.1857425561258798,True,0,converged,4857,2500,0.2016656676173078,-0.012003147478608958,-0.08224960728427837
5,test,7357,2022-07-19,garch_1_1_t,innovation,0.1754896152259286,0.24674852205117032,True,0,converged,4858,2500,0.2226356561286464,-0.23795673763307237,0.10283308234834222
5,test,7358,2022-07-20,garch_1_1_t,innovation,0.1758620074940471,0.2266656332828454,True,0,converged,4859,2500,0.205637853098005,-0.15641698785139926,0.09735932341175228
5,test,7359,2022-07-21,garch_1_1_t,innovation,0.1724534711183858,0.21625722452709348,True,0,converged,4860,2500,0.2086595665014665,-0.19057658806229766,0.03576449796943999
5,test,7360,2022-07-22,garch_1_1_t,innovation,0.1759310314698845,0.20607898458521245,True,0,converged,4861,2500,0.2084097271289021,-0.16941393248262535,-0.011246468453233922
5,test,7361,2022-07-25,garch_1_1_t,innovation,0.1910814171979664,0.18796274558108747,True,0,converged,4862,2500,0.1763801429290557,0.08005803646539353,0.06360221258357832
5,test,7362,2022-07-26,garch_1_1_t,innovation,0.1865510395603663,0.18997704936659843,True,0,converged,4863,2500,0.1808594881959178,0.03098445073523495,0.049182850584426945
5,test,7363,2022-07-27,garch_1_1_t,innovation,0.1632483524845573,0.244339118790057,True,0,converged,4864,2500,0.1887331105990739,-0.14506122772832228,0.25822318762295965
5,test,7364,2022-07-28,garch_1_1_t,innovation,0.1648290441425352,0.23597871945367435,True,0,converged,4865,2500,0.1938283261092905,-0.1620640096546263,0.19676877882267066
5,test,7365,2022-07-29,garch_1_1_t,innovation,0.1986705315310008,0.23454583029628154,True,0,converged,4866,2500,0.19841972680207,0.001263212869207794,0.1672663878005089
5,test,7366,2022-08-01,garch_1_1_t,innovation,0.199784159845057,0.2132006047755836,True,0,converged,4867,2500,0.1951576037976559,0.023430126287369974,0.08842607221664205
5,test,7367,2022-08-02,garch_1_1_t,innovation,0.2022298696130606,0.1992076208718916,True,0,converged,4868,2500,0.1964528325711191,0.028982654097846863,0.013925237118095521
5,test,7368,2022-08-03,garch_1_1_t,innovation,0.1964432755761195,0.20972500493811677,True,0,converged,4869,2500,0.2036972200646342,-0.03626096021396932,0.02916249634196024
5,test,7369,2022-08-04,garch_1_1_t,innovation,0.1967431561840973,0.19092013150683929,True,0,converged,4870,2500,0.1967579910069169,-7.539913381468263e-05,-0.03011932055810032
5,test,7370,2022-08-05,garch_1_1_t,innovation,0.2002188824066753,0.17511485745648284,True,0,converged,4871,2500,0.1968279015465187,0.017081429429270982,-0.11688766376283931
5,test,7371,2022-08-08,garch_1_1_t,innovation,0.2006257062424531,0.16140131906043004,True,0,converged,4872,2500,0.1926005008308797,0.04082291436102928,-0.17672417130892007
5,test,7372,2022-08-09,garch_1_1_t,innovation,0.2098711211423826,0.1521735024810379,True,0,converged,4873,2500,0.1905231005745014,0.09672018340202898,-0.22475211651031982
5,test,7373,2022-08-10,garch_1_1_t,innovation,0.1978295440517113,0.19844304906203825,True,0,converged,4874,2500,0.2034547621243354,-0.028037909737831854,-0.024941528553985466
5,test,7374,2022-08-11,garch_1_1_t,innovation,0.2052581188683132,0.18119973518852642,True,0,converged,4875,2500,0.2032716135598573,0.00972522099473131,-0.11494315037630458
5,test,7375,2022-08-12,garch_1_1_t,innovation,0.2000501251745,0.2005481386865034,True,0,converged,4876,2500,0.200891679949985,-0.004197896056609849,-0.0017115459473467452
5,test,7376,2022-08-15,garch_1_1_t,innovation,0.2543796417461356,0.1854284538919851,True,0,converged,4877,2500,0.1992595144620317,0.24421973577294,-0.07193895356405505
5,test,7377,2022-08-16,garch_1_1_t,innovation,0.2546438816129741,0.17072699250180048,True,0,converged,4878,2500,0.1754896152259286,0.37228615773627177,-0.027514123048092913
5,test,7378,2022-08-17,garch_1_1_t,innovation,0.2566064209009475,0.16473557052241322,True,0,converged,4879,2500,0.1758620074940471,0.37784383568291546,-0.06535805371779047
5,test,7379,2022-08-18,garch_1_1_t,innovation,0.2578361506940325,0.15378801353213772,True,0,converged,4880,2500,0.1724534711183858,0.4021968409068641,-0.11455234882729282
5,test,7380,2022-08-19,garch_1_1_t,innovation,0.2548040257935227,0.16924187142336192,True,0,converged,4881,2500,0.1759310314698845,0.37040267180081643,-0.03876316799161765
5,test,7381,2022-08-22,garch_1_1_t,innovation,0.2470334939701197,0.2113077925924077,True,0,converged,4882,2500,0.1910814171979664,0.2568243252802051,0.10061619795216636
5,test,7382,2022-08-23,garch_1_1_t,innovation,0.2546638058209657,0.19299407905238455,True,0,converged,4883,2500,0.1865510395603663,0.3112393945401261,0.033954637741358165
5,test,7383,2022-08-24,garch_1_1_t,innovation,0.2561668771879982,0.17790186155068677,True,0,converged,4884,2500,0.1632483524845573,0.4505564199967128,0.08595938251822878
5,test,7384,2022-08-25,garch_1_1_t,innovation,0.2583458103965717,0.18861637238605947,True,0,converged,4885,2500,0.1648290441425352,0.4493901971520945,0.1348063358618109
5,test,7385,2022-08-26,garch_1_1_t,innovation,0.2303197405628605,0.2898005120612072,True,0,converged,4886,2500,0.1986705315310008,0.1478206876597986,0.37754496460878784
5,test,7386,2022-08-29,garch_1_1_t,innovation,0.2292923298439402,0.2638962035359455,True,0,converged,4887,2500,0.199784159845057,0.13776015597763216,0.2783182743940438
5,test,7387,2022-08-30,garch_1_1_t,innovation,0.2362704124885474,0.24915769619959824,True,0,converged,4888,2500,0.2022298696130606,0.15557194592186618,0.20868099528665876
5,test,7388,2022-08-31,garch_1_1_t,innovation,0.2463813562428823,0.2308171387654605,True,0,converged,4889,2500,0.1964432755761195,0.22650684847585878,0.16125207423743024
5,test,7389,2022-09-01,garch_1_1_t,innovation,0.2522702430071133,0.21046083578676705,True,0,converged,4890,2500,0.1967431561840973,0.2486018034265738,0.06740048017513164
5,test,7390,2022-09-02,garch_1_1_t,innovation,0.2660463144922483,0.20455545800471545,True,0,converged,4891,2500,0.2002188824066753,0.28425922810887316,0.021427946855931773
5,test,7391,2022-09-06,garch_1_1_t,innovation,0.2869395306153949,0.18854598789679983,True,0,converged,4892,2500,0.2006257062424531,0.3578304847508033,-0.062099069334603824
5,test,7392,2022-09-07,garch_1_1_t,innovation,0.2800143982221157,0.21052054903464756,True,0,converged,4893,2500,0.2098711211423826,0.28834739059370085,0.0030896349996796376
5,test,7393,2022-09-08,garch_1_1_t,innovation,0.2814748228570213,0.19667990666035634,True,0,converged,4894,2500,0.1978295440517113,0.35263723306137884,-0.0058282033219428115
5,test,7394,2022-09-09,garch_1_1_t,innovation,0.2937995005508539,0.207579335149849,True,0,converged,4895,2500,0.2052581188683132,0.35862926022840164,0.011245301122865366
5,test,7395,2022-09-12,garch_1_1_t,innovation,0.2926060715450665,0.20243802105463032,True,0,converged,4896,2500,0.2000501251745,0.3802592776765224,0.01186580981281661
5,test,7396,2022-09-13,garch_1_1_t,innovation,0.2474365895160523,0.35470246594687965,True,0,converged,4897,2500,0.2543796417461356,-0.02767345847367561,0.3324515102787215
5,test,7397,2022-09-14,garch_1_1_t,innovation,0.247345188038413,0.31802788948790095,True,0,converged,4898,2500,0.2546438816129741,-0.029081142964491852,0.2222730553370538
5,test,7398,2022-09-15,garch_1_1_t,innovation,0.2609338291746739,0.29561689670020963,True,0,converged,4899,2500,0.2566064209009475,0.01672337224749284,0.14152087326612395
5,test,7399,2022-09-16,garch_1_1_t,innovation,0.272109286444349,0.27108573526644875,True,0,converged,4900,2500,0.2578361506940325,0.05387946565214854,0.05011082879644869
5,test,7400,2022-09-19,garch_1_1_t,innovation,0.2853118463793576,0.2500333709143124,True,0,converged,4901,2500,0.2548040257935227,0.1130880565020602,-0.018900330779440165
5,test,7401,2022-09-20,garch_1_1_t,innovation,0.2853817121662837,0.23906030853826873,True,0,converged,4902,2500,0.2470334939701197,0.1443036945333593,-0.032808073472505445
5,test,7402,2022-09-21,garch_1_1_t,innovation,0.2796032075920666,0.24704904144035666,True,0,converged,4903,2500,0.2546638058209657,0.09342721562047654,-0.03035740148661623
5,test,7403,2022-09-22,garch_1_1_t,innovation,0.2795977758710039,0.23071497870589544,True,0,converged,4904,2500,0.2561668771879982,0.08752295952222285,-0.104646005848383
5,test,7404,2022-09-23,garch_1_1_t,innovation,0.2860801657383587,0.23869945301303597,True,0,converged,4905,2500,0.2583458103965717,0.10197303349945716,-0.07909379601083831
5,test,7405,2022-09-26,garch_1_1_t,innovation,0.2871588885926464,0.2263429692892008,True,0,converged,4906,2500,0.2303197405628605,0.2205671614760678,-0.01741710771949431
5,test,7406,2022-09-27,garch_1_1_t,innovation,0.292472681622451,0.20601424747113672,True,0,converged,4907,2500,0.2292923298439402,0.24337352715317143,-0.10705241011527274
5,test,7407,2022-09-28,garch_1_1_t,innovation,0.285441521209332,0.22999583633935705,True,0,converged,4908,2500,0.2362704124885474,0.18906021401694653,-0.026915758822358263
5,test,7408,2022-09-29,garch_1_1_t,innovation,0.2760849840197367,0.25298763830876214,True,0,converged,4909,2500,0.2463813562428823,0.11382816723866118,0.026460062896172167
5,test,7409,2022-09-30,garch_1_1_t,innovation,0.2830694700468309,0.2526195867925,True,0,converged,4910,2500,0.2522702430071133,0.11519143892161623,0.0013838418621953622
5,test,7410,2022-10-03,garch_1_1_t,innovation,0.26876449842646,0.2893754970112052,True,0,converged,4911,2500,0.2660463144922483,0.010165117362072817,0.08405473411432789
5,test,7411,2022-10-04,garch_1_1_t,innovation,0.2464608841828414,0.33393361855303555,True,0,converged,4912,2500,0.2869395306153949,-0.1520682028061483,0.1516707275362376
5,test,7412,2022-10-05,garch_1_1_t,innovation,0.2623242490440555,0.29913735373911776,True,0,converged,4913,2500,0.2800143982221157,-0.0652596937221496,0.06606182089424131
5,test,7413,2022-10-06,garch_1_1_t,innovation,0.2623147609907249,0.2776169634209281,True,0,converged,4914,2500,0.2814748228570213,-0.07049784383934922,-0.013800670161005231
5,test,7414,2022-10-07,garch_1_1_t,innovation,0.2475836980764121,0.31632335640645404,True,0,converged,4915,2500,0.2937995005508539,-0.17114886488837533,0.07386740638504091
5,test,7415,2022-10-10,garch_1_1_t,innovation,0.2483938663919743,0.28856382337336306,True,0,converged,4916,2500,0.2926060715450665,-0.1638115814050533,-0.013910952349755926
5,test,7416,2022-10-11,garch_1_1_t,innovation,0.2481043048833477,0.26270890178642226,True,0,converged,4917,2500,0.2474365895160523,0.0026948967439298717,0.0598922366596407
5,test,7417,2022-10-12,garch_1_1_t,innovation,0.2586087995455596,0.23779944811613907,True,0,converged,4918,2500,0.247345188038413,0.04453160996543045,-0.03935721996111455
5,test,7418,2022-10-13,garch_1_1_t,innovation,0.3072289561466299,0.27987418246317913,True,0,converged,4919,2500,0.2609338291746739,0.16332640800865786,0.07007330672360276
5,test,7419,2022-10-14,garch_1_1_t,innovation,0.2980986873273247,0.297904252550945,True,0,converged,4920,2500,0.272109286444349,0.09122082321114469,0.0905683607138384
5,test,7420,2022-10-17,garch_1_1_t,innovation,0.2857815065050649,0.31927740151972134,True,0,converged,4921,2500,0.2853118463793576,0.0016447756893533064,0.11247754225187773
5,test,7421,2022-10-18,garch_1_1_t,innovation,0.2843599747482689,0.29713424534482374,True,0,converged,4922,2500,0.2853817121662837,-0.0035866728266601895,0.04035641612149293
5,test,7422,2022-10-19,garch_1_1_t,innovation,0.2845387253033212,0.27115469678743925,True,0,converged,4923,2500,0.2796032075920666,0.017497878993943138,-0.030681987500141488
5,test,7423,2022-10-20,garch_1_1_t,innovation,0.2831733036911341,0.2515070543701798,True,0,converged,4924,2500,0.2795977758710039,0.012707035102493353,-0.10588101731431394
5,test,7424,2022-10-21,garch_1_1_t,innovation,0.2705207466293716,0.28041614504589224,True,0,converged,4925,2500,0.2860801657383587,-0.05592327864629306,-0.01999733920181774
5,test,7425,2022-10-24,garch_1_1_t,innovation,0.2673665459667721,0.26564125171362457,True,0,converged,4926,2500,0.2871588885926464,-0.07141513309389279,-0.07788896063002097
5,test,7426,2022-10-25,garch_1_1_t,innovation,0.2656575931289537,0.26357365124608323,True,0,converged,4927,2500,0.292472681622451,-0.09616303045214389,-0.10403842585193102
5,test,7427,2022-10-26,garch_1_1_t,innovation,0.2652367287971626,0.2431930788569311,True,0,converged,4928,2500,0.285441521209332,-0.07341443529381393,-0.16018148768671092
5,test,7428,2022-10-27,garch_1_1_t,innovation,0.2645560691555034,0.222831316967947,True,0,converged,4929,2500,0.2760849840197367,-0.042655520918889356,-0.21429367236382385
5,test,7429,2022-10-28,garch_1_1_t,innovation,0.2574578311607262,0.2592826615366064,True,0,converged,4930,2500,0.2830694700468309,-0.09483640050528805,-0.08777352082961469
5,test,7430,2022-10-31,garch_1_1_t,innovation,0.2562412790154851,0.23925967786671393,True,0,converged,4931,2500,0.26876449842646,-0.04771602885691435,-0.11628604525158219
5,test,7431,2022-11-01,garch_1_1_t,innovation,0.2784552178472514,0.21881485089048258,True,0,converged,4932,2500,0.2464608841828414,0.1220539527277252,-0.11897735351892748
5,test,7432,2022-11-02,garch_1_1_t,innovation,0.2634475824225811,0.26521177694084336,True,0,converged,4933,2500,0.2623242490440555,0.004273089658168088,0.010947334749749365
5,test,7433,2022-11-03,garch_1_1_t,innovation,0.2609053598461033,0.24977267586245863,True,0,converged,4934,2500,0.2623147609907249,-0.005387424899784553,-0.04899395286022182
5,test,7434,2022-11-04,garch_1_1_t,innovation,0.2639140293777321,0.24620064168322484,True,0,converged,4935,2500,0.2475836980764121,0.06387470492867799,-0.005601878790532787
5,test,7435,2022-11-07,garch_1_1_t,innovation,0.2667675759673797,0.23230152852916913,True,0,converged,4936,2500,0.2483938663919743,0.0713621200079425,-0.0669794375566685
5,test,7436,2022-11-08,garch_1_1_t,innovation,0.2661515676909991,0.21388651584636553,True,0,converged,4937,2500,0.2481043048833477,0.07021670790374882,-0.14840366737143004
5,test,7437,2022-11-09,garch_1_1_t,innovation,0.2571840561666948,0.24143813141467377,True,0,converged,4938,2500,0.2586087995455596,-0.0055244929691611365,-0.06870323773712363
5,test,7438,2022-11-10,garch_1_1_t,innovation,0.1754748469551319,0.43048379657111296,True,0,converged,4939,2500,0.3072289561466299,-0.5600975446799614,0.33731642941122497
5,test,7439,2022-11-11,garch_1_1_t,innovation,0.1794551122313835,0.3900337193521418,True,0,converged,4940,2500,0.2980986873273247,-0.5074994916891598,0.26880859805339946
5,test,7440,2022-11-14,garch_1_1_t,innovation,0.1788888322298428,0.35392181581160725,True,0,converged,4941,2500,0.2857815065050649,-0.4684629916675464,0.21384847386932604
5,test,7441,2022-11-15,garch_1_1_t,innovation,0.1777942367416796,0.3229879860517118,True,0,converged,4942,2500,0.2843599747482689,-0.4696140439811157,0.12737417538527024
5,test,7442,2022-11-16,garch_1_1_t,innovation,0.1964686759715093,0.2949415495637821,True,0,converged,4943,2500,0.2845387253033212,-0.3703663525744057,0.03590783827372723
5,test,7443,2022-11-17,garch_1_1_t,innovation,0.2006453244080643,0.2665474592334837,True,0,converged,4944,2500,0.2831733036911341,-0.3445202965348502,-0.06050677957020136
5,test,7444,2022-11-18,garch_1_1_t,innovation,0.202271351750544,0.24257315717321062,True,0,converged,4945,2500,0.2705207466293716,-0.29073867123692687,-0.10904544873504052
5,test,7445,2022-11-21,garch_1_1_t,innovation,0.2019159682656851,0.2212512168856743,True,0,converged,4946,2500,0.2673665459667721,-0.2807689361000714,-0.1893217643439325
5,test,7446,2022-11-22,garch_1_1_t,innovation,0.2032093898670545,0.22148075109081228,True,0,converged,4947,2500,0.2656575931289537,-0.2679713110831727,-0.1818725525111159
5,test,7447,2022-11-23,garch_1_1_t,innovation,0.2083224254400236,0.20605703147057064,True,0,converged,4948,2500,0.2652367287971626,-0.24153574162278352,-0.2524697611603864
5,test,7448,2022-11-25,garch_1_1_t,innovation,0.2093134508053907,0.18791483803696868,True,0,converged,4949,2500,0.2645560691555034,-0.23422031745757818,-0.3420643394834321
5,test,7449,2022-11-28,garch_1_1_t,innovation,0.2018629455151254,0.2052207047666032,True,0,converged,4950,2500,0.2574578311607262,-0.2432669646351568,-0.22676993558208242
5,test,7450,2022-11-29,garch_1_1_t,innovation,0.2065962476329387,0.18763874639238703,True,0,converged,4951,2500,0.2562412790154851,-0.21535310271625316,-0.3116009442440864
5,test,7451,2022-11-30,garch_1_1_t,innovation,0.1859360295314082,0.2738228110612847,True,0,converged,4952,2500,0.2784552178472514,-0.40385456145590215,-0.016776026517252598
5,test,7452,2022-12-01,garch_1_1_t,innovation,0.1861532549367418,0.2472450314356829,True,0,converged,4953,2500,0.2634475824225811,-0.34728413428053206,-0.06347454500975488
5,test,7453,2022-12-02,garch_1_1_t,innovation,0.1867096730662759,0.2244280472144649,True,0,converged,4954,2500,0.2609053598461033,-0.3346028756600966,-0.15060258218664527
5,test,7454,2022-12-05,garch_1_1_t,innovation,0.1773518191462626,0.2393657468321009,True,0,converged,4955,2500,0.2639140293777321,-0.39748796526900676,-0.09763070015950497
5,test,7455,2022-12-06,garch_1_1_t,innovation,0.1745212081356631,0.2394198121334762,True,0,converged,4956,2500,0.2667675759673797,-0.4243315064469643,-0.10815923014909136
5,test,7456,2022-12-07,garch_1_1_t,innovation,0.1920896852877608,0.21815603915860332,True,0,converged,4957,2500,0.2661515676909991,-0.32610357601581896,-0.19885536715448374
5,test,7457,2022-12-08,garch_1_1_t,innovation,0.1900926539752712,0.2062594948621878,True,0,converged,4958,2500,0.2571840561666948,-0.30228039462330325,-0.22065694057074065
5,test,7458,2022-12-09,garch_1_1_t,innovation,0.1898475457685396,0.19556984178002848,True,0,converged,4959,2500,0.1754748469551319,0.07872564893954019,0.1084218521432548
5,test,7459,2022-12-12,garch_1_1_t,innovation,0.1882839552439521,0.204104706811097,True,0,converged,4960,2500,0.1794551122313835,0.04802611803558773,0.12870802532776998
5,test,7460,2022-12-13,garch_1_1_t,innovation,0.1868170602405432,0.1938388791036442,True,0,converged,4961,2500,0.1788888322298428,0.04336528662068961,0.08026272999148916
5,test,7461,2022-12-14,garch_1_1_t,innovation,0.1859331681147897,0.18369196987890424,True,0,converged,4962,2500,0.1777942367416796,0.044760389656470466,0.032633369753391886
5,test,7462,2022-12-15,garch_1_1_t,innovation,0.1639676910313546,0.23866841218227003,True,0,converged,4963,2500,0.1964686759715093,-0.1808336062784076,0.19457218309063587
5,test,7463,2022-12-16,garch_1_1_t,innovation,0.1682244938159498,0.23164932576363753,True,0,converged,4964,2500,0.2006453244080643,-0.17623943411455814,0.14368590706225443
5,test,7464,2022-12-19,garch_1_1_t,innovation,0.1675063819770957,0.21880837111101284,True,0,converged,4965,2500,0.202271351750544,-0.18858866954938042,0.07858620756260414
5,test,7465,2022-12-20,garch_1_1_t,innovation,0.1797983885370402,0.20007905203115528,True,0,converged,4966,2500,0.2019159682656851,-0.1160154526980301,-0.009139063555924797
5,test,7466,2022-12-21,garch_1_1_t,innovation,0.1770436704818218,0.20950146998651512,True,0,converged,4967,2500,0.2032093898670545,-0.13784049658433875,0.030493831367312083
5,test,7467,2022-12-22,garch_1_1_t,innovation,0.169580765421102,0.2150857130947559,True,0,converged,4968,2500,0.2083224254400236,-0.20575769631562463,0.0319496124289851
5,test,7468,2022-12-23,garch_1_1_t,innovation,0.1683593984267283,0.20061349546782514,True,0,converged,4969,2500,0.2093134508053907,-0.21773192230073252,-0.04245274428262888
5,test,7469,2022-12-27,garch_1_1_t,innovation,0.1722020417245436,0.18594881717365114,True,0,converged,4970,2500,0.2018629455151254,-0.1589205309474709,-0.08211752021601929
5,test,7470,2022-12-28,garch_1_1_t,innovation,0.1665812874233216,0.19098329485596552,True,0,converged,4971,2500,0.2065962476329387,-0.21528299101081386,-0.07858043131236388
5,test,7471,2022-12-29,garch_1_1_t,innovation,0.1604612494922751,0.21328523974250818,True,0,converged,4972,2500,0.1859360295314082,-0.14735021007170584,0.13722773625732312
5,test,7472,2022-12-30,garch_1_1_t,innovation,0.168358718990132,0.19587977346916796,True,0,converged,4973,2500,0.1861532549367418,-0.1004733506053421,0.050930784631348675
5,test,7473,2023-01-03,garch_1_1_t,innovation,0.1718387890162545,0.18222403318600894,True,0,converged,4974,2500,0.1867096730662759,-0.08299809581453368,-0.024317978302990498
5,test,7474,2023-01-04,garch_1_1_t,innovation,0.1772425977180793,0.17591431338297803,True,0,converged,4975,2500,0.1773518191462626,-0.0006160358225788796,-0.008138417839708022
5,test,7475,2023-01-05,garch_1_1_t,innovation,0.1766165216836836,0.1800640300584862,True,0,converged,4976,2500,0.1745212081356631,0.01193456721010998,0.03126623933152457
5,test,7476,2023-01-06,garch_1_1_t,innovation,0.1587121906958229,0.22640672821497937,True,0,converged,4977,2500,0.1920896852877608,-0.19086993327832563,0.16437069031227916
5,test,7477,2023-01-09,garch_1_1_t,innovation,0.1652661099937541,0.20704119391622647,True,0,converged,4978,2500,0.1900926539752712,-0.13995464320222573,0.08540617209475607
5,test,7478,2023-01-10,garch_1_1_t,innovation,0.1679904749352954,0.19615977865769568,True,0,converged,4979,2500,0.1898475457685396,-0.12231407839865714,0.03270816498998937
5,test,7479,2023-01-11,garch_1_1_t,innovation,0.1648804846431692,0.19927352613927474,True,0,converged,4980,2500,0.1882839552439521,-0.13273034760963243,0.05672716061552647
5,test,7480,2023-01-12,garch_1_1_t,innovation,0.1645831748708206,0.18451019551744063,True,0,converged,4981,2500,0.1868170602405432,-0.1267137857987875,-0.012425128324421103
5,test,7481,2023-01-13,garch_1_1_t,innovation,0.1691594214525186,0.17227547876626417,True,0,converged,4982,2500,0.1859331681147897,-0.0945457054561084,-0.07629248161375018
5,test,7482,2023-01-17,garch_1_1_t,innovation,0.1690420478476195,0.15994749425261673,True,0,converged,4983,2500,0.1639676910313546,0.030478085298989686,-0.02482380205350783
5,test,7483,2023-01-18,garch_1_1_t,innovation,0.1597393773034683,0.18337612850720633,True,0,converged,4984,2500,0.1682244938159498,-0.051755764805660645,0.08624003043997706
5,test,7484,2023-01-19,garch_1_1_t,innovation,0.165124416737017,0.17607055878926672,True,0,converged,4985,2500,0.1675063819770957,-0.014322221310048906,0.04986336501499635
5,test,7485,2023-01-20,garch_1_1_t,innovation,0.1518297723799201,0.2046931248182975,True,0,converged,4986,2500,0.1797983885370402,-0.1690761847512547,0.12967574601333542
5,test,7486,2023-01-23,garch_1_1_t,innovation,0.1625857725258886,0.20416357604953816,True,0,converged,4987,2500,0.1770436704818218,-0.08519073458340969,0.14252508789164614
5,test,7487,2023-01-24,garch_1_1_t,innovation,0.1626147720003063,0.18746947461940733,True,0,converged,4988,2500,0.169580765421102,-0.041945263796471455,0.10028672463289048
5,test,7488,2023-01-25,garch_1_1_t,innovation,0.1636961901923428,0.17297518331287742,True,0,converged,4989,2500,0.1683593984267283,-0.028088759760409598,0.027047164390043076
5,test,7489,2023-01-26,garch_1_1_t,innovation,0.1635372396291447,0.17615453016140445,True,0,converged,4990,2500,0.1722020417245436,-0.051627718909410654,0.022693173463542438
5,test,7490,2023-01-27,garch_1_1_t,innovation,0.1637794760537563,0.16381670893458136,True,0,converged,4991,2500,0.1665812874233216,-0.016962538284809512,-0.01673522867199031
5,test,7491,2023-01-30,garch_1_1_t,innovation,0.1580750841219586,0.17418155169954178,True,0,converged,4992,2500,0.1604612494922751,-0.01498234112507609,0.08204567858811912
5,test,7492,2023-01-31,garch_1_1_t,innovation,0.1499644651318289,0.1886430221832921,True,0,converged,4993,2500,0.168358718990132,-0.11569856820907264,0.11375952244536507
5,test,7493,2023-02-01,garch_1_1_t,innovation,0.1477747254180441,0.18803290289093522,True,0,converged,4994,2500,0.1718387890162545,-0.15086777553660624,0.09006019875685922
5,test,7494,2023-02-02,garch_1_1_t,innovation,0.1496508156019928,0.19868668707203566,True,0,converged,4995,2500,0.1772425977180793,-0.16921471837670235,0.11420974444843278
5,test,7495,2023-02-03,garch_1_1_t,innovation,0.1447848239973305,0.19631643758831,True,0,converged,4996,2500,0.1766165216836836,-0.1987321702509308,0.10574699679246928
5,test,7496,2023-02-06,garch_1_1_t,innovation,0.153283547812589,0.18534285835108014,True,0,converged,4997,2500,0.1587121906958229,-0.03480298064724318,0.15511495768160813
5,test,7497,2023-02-07,garch_1_1_t,innovation,0.1462941443008337,0.19239420293280562,True,0,converged,4998,2500,0.1652661099937541,-0.1219376806556028,0.15198944489495897
5,test,7498,2023-02-08,garch_1_1_t,innovation,0.1557182495153781,0.1919468026333016,True,0,converged,4999,2500,0.1679904749352954,-0.07585899953498264,0.1333109830364667
5,test,7499,2023-02-09,garch_1_1_t,innovation,0.1611049386199123,0.1861923832381124,True,0,converged,5000,2500,0.1648804846431692,-0.02316493061679592,0.12155958171193493
5,test,7500,2023-02-10,garch_1_1_t,innovation,0.1609720022092784,0.17256857136071782,True,0,converged,5001,2500,0.1645831748708206,-0.022185614195583844,0.04737860788124685
5,test,7501,2023-02-13,garch_1_1_t,innovation,0.1660800056628619,0.17809412817802545,True,0,converged,5002,2500,0.1691594214525186,-0.01837195840382764,0.05147062803171817
5,test,7502,2023-02-14,garch_1_1_t,innovation,0.1675584877263012,0.1647796805919147,True,0,converged,5003,2500,0.1690420478476195,-0.008815017037257901,-0.025538175314134843
5,test,7503,2023-02-15,garch_1_1_t,innovation,0.1781997044479166,0.15471481864396486,True,0,converged,5004,2500,0.1597393773034683,0.10936126120013401,-0.03196005274852411
5,test,7504,2023-02-16,garch_1_1_t,innovation,0.1762839395152749,0.17173428953922643,True,0,converged,5005,2500,0.165124416737017,0.06539675719483445,0.039249223490601885
5,test,7505,2023-02-17,garch_1_1_t,innovation,0.1793073011745217,0.16011741621885964,True,0,converged,5006,2500,0.1518297723799201,0.16634112550423188,0.05314742274871222
5,test,7506,2023-02-21,garch_1_1_t,innovation,0.1706487138248422,0.20173273671683678,True,0,converged,5007,2500,0.1625857725258886,0.048401444961128595,0.21573804234588695
5,test,7507,2023-02-22,garch_1_1_t,innovation,0.1811676580761216,0.185647851032893,True,0,converged,5008,2500,0.1626147720003063,0.108038848541891,0.1324675634903035
5,test,7508,2023-02-23,garch_1_1_t,innovation,0.180440827451077,0.17512599699598808,True,0,converged,5009,2500,0.1636961901923428,0.09739068727150593,0.06749348669541679
5,test,7509,2023-02-24,garch_1_1_t,innovation,0.177889186729458,0.1775450110237877,True,0,converged,5010,2500,0.1635372396291447,0.0841200802472569,0.08218343028268756
5,test,7510,2023-02-27,garch_1_1_t,innovation,0.1776031101036707,0.16608163101264545,True,0,converged,5011,2500,0.1637794760537563,0.08103047749843173,0.013958555822543219
5,test,7511,2023-02-28,garch_1_1_t,innovation,0.1772956274552231,0.15639065199793808,True,0,converged,5012,2500,0.1580750841219586,0.11474841482359582,-0.01071307961861729
5,test,7512,2023-03-01,garch_1_1_t,innovation,0.1840419545015813,0.14838853254071888,True,0,converged,5013,2500,0.1499644651318289,0.20476537830330133,-0.010564313146968037
5,test,7513,2023-03-02,garch_1_1_t,innovation,0.1831520619662628,0.14829364607282186,True,0,converged,5014,2500,0.1477747254180441,0.21462775890810765,0.0035054145333820235
5,test,7514,2023-03-03,garch_1_1_t,innovation,0.1811721224867674,0.17482476731290908,True,0,converged,5015,2500,0.1496508156019928,0.19114284801477852,0.15547945827026385
5,test,7515,2023-03-06,garch_1_1_t,innovation,0.1816577744721167,0.16204301336763957,True,0,converged,5016,2500,0.1447848239973305,0.22687588912649537,0.11261314679393046
5,test,7516,2023-03-07,garch_1_1_t,innovation,0.1743067796094325,0.18269362111856471,True,0,converged,5017,2500,0.153283547812589,0.12852738806606231,0.17552108834828262
5,test,7517,2023-03-08,garch_1_1_t,innovation,0.1744590491522717,0.16940206098495808,True,0,converged,5018,2500,0.1462941443008337,0.1760707568165212,0.1466556665847976
5,test,7518,2023-03-09,garch_1_1_t,innovation,0.1620417333198135,0.20053915296694158,True,0,converged,5019,2500,0.1557182495153781,0.039805633693866166,0.2529612228784889
5,test,7519,2023-03-10,garch_1_1_t,innovation,0.1536520436610459,0.20860586712122026,True,0,converged,5020,2500,0.1611049386199123,-0.047365356086838506,0.2583907230213457
5,test,7520,2023-03-13,garch_1_1_t,innovation,0.1535715768492947,0.19174788703445964,True,0,converged,5021,2500,0.1609720022092784,-0.04706369350469588,0.17495097026867784
5,test,7521,2023-03-14,garch_1_1_t,innovation,0.1428553026640356,0.20798424172054136,True,0,converged,5022,2500,0.1660800056628619,-0.1506373855826092,0.22499268179765905
5,test,7522,2023-03-15,garch_1_1_t,innovation,0.1486792170402611,0.19571698204261906,True,0,converged,5023,2500,0.1675584877263012,-0.11954139142919297,0.1553371757607114
5,test,7523,2023-03-16,garch_1_1_t,innovation,0.1355327411607442,0.21453369934105912,True,0,converged,5024,2500,0.1781997044479166,-0.2736916131798847,0.18556197601936392
5,test,7524,2023-03-17,garch_1_1_t,innovation,0.1295678361008988,0.2118464471547896,True,0,converged,5025,2500,0.1762839395152749,-0.3078914128968088,0.1837657185822852
5,test,7525,2023-03-20,garch_1_1_t,innovation,0.1250570516394734,0.2046595661121949,True,0,converged,5026,2500,0.1793073011745217,-0.36033105392666387,0.13224684539434892
5,test,7526,2023-03-21,garch_1_1_t,innovation,0.1161698879521693,0.2074231556451217,True,0,converged,5027,2500,0.1706487138248422,-0.38455346739686275,0.19515379843399502
5,test,7527,2023-03-22,garch_1_1_t,innovation,0.1007375136737609,0.22283723149754758,True,0,converged,5028,2500,0.1811676580761216,-0.5869046308523056,0.20701871111287604
5,test,7528,2023-03-23,garch_1_1_t,innovation,0.1003186400932295,0.2049331284087014,True,0,converged,5029,2500,0.180440827451077,-0.5870513771672871,0.12728082476777103
5,test,7529,2023-03-24,garch_1_1_t,innovation,0.0976651776775789,0.193524876892965,True,0,converged,5030,2500,0.177889186729458,-0.5996157353551702,0.08424525699484169
5,test,7530,2023-03-27,garch_1_1_t,innovation,0.1127855391137513,0.17881554879703596,True,0,converged,5031,2500,0.1776031101036707,-0.45406321075018824,0.006803478660813347
5,test,7531,2023-03-28,garch_1_1_t,innovation,0.1135074704236087,0.16635691131401678,True,0,converged,5032,2500,0.1772956274552231,-0.4459498974672707,-0.0636830025084757
5,test,7532,2023-03-29,garch_1_1_t,innovation,0.1231107905721833,0.1822823261546372,True,0,converged,5033,2500,0.1840419545015813,-0.40207905890131784,-0.00960701746267583
5,test,7533,2023-03-30,garch_1_1_t,innovation,0.1250477132968527,0.17299348518190955,True,0,converged,5034,2500,0.1831520619662628,-0.3816213766627245,-0.05706281162783707
5,test,7534,2023-03-31,garch_1_1_t,innovation,0.1148107126430651,0.18567185964122865,True,0,converged,5035,2500,0.1811721224867674,-0.45616273712410016,0.024533387848315772
5,test,7535,2023-04-03,garch_1_1_t,innovation,0.120867387378538,0.17344557267773575,True,0,converged,5036,2500,0.1816577744721167,-0.4074305844352678,-0.046260708910753026
5,test,7536,2023-04-04,garch_1_1_t,innovation,0.1217238564679368,0.16501511973446387,True,0,converged,5037,2500,0.1743067796094325,-0.3590618403445803,-0.054779743523007116
5,test,7537,2023-04-05,garch_1_1_t,innovation,0.1239624747554156,0.15456744101950473,True,0,converged,5038,2500,0.1744590491522717,-0.3417111418914886,-0.12105952620927003
5,test,7538,2023-04-06,garch_1_1_t,innovation,0.1393387200218606,0.14685584514568784,True,0,converged,5039,2500,0.1620417333198135,-0.15094611158777294,-0.09840245477694531
5,test,7539,2023-04-10,garch_1_1_t,innovation,0.1392943452092413,0.1381160246506013,True,0,converged,5040,2500,0.1536520436610459,-0.0981013036157463,-0.10659649898771785
5,test,7540,2023-04-11,garch_1_1_t,innovation,0.1401620287432875,0.1302299259925318,True,0,converged,5041,2500,0.1535715768492947,-0.09136765547172988,-0.16486520733961788
5,test,7541,2023-04-12,garch_1_1_t,innovation,0.1403887029319691,0.12652733307310168,True,0,converged,5042,2500,0.1428553026640356,-0.01741722358526726,-0.12137389194054159
5,test,7542,2023-04-13,garch_1_1_t,innovation,0.1324898234114204,0.14923296917479367,True,0,converged,5043,2500,0.1486792170402611,-0.11528524130759571,0.0037175570379734324
5,test,7543,2023-04-14,garch_1_1_t,innovation,0.1322870302021149,0.14074916488388564,True,0,converged,5044,2500,0.1355327411607442,-0.02423921024043974,0.03776609035877261
5,test,7544,2023-04-17,garch_1_1_t,innovation,0.1322409827862827,0.13463751785963046,True,0,converged,5045,2500,0.1295678361008988,0.020421310440291596,0.03838153944357315
5,test,7545,2023-04-18,garch_1_1_t,innovation,0.1343457844432699,0.1273277358245419,True,0,converged,5046,2500,0.1250570516394734,0.07164691085328673,0.01799431318578869
5,test,7546,2023-04-19,garch_1_1_t,innovation,0.1410063594311222,0.12119042680004771,True,0,converged,5047,2500,0.1161698879521693,0.1937513207006141,0.04230941270844816
5,test,7547,2023-04-20,garch_1_1_t,innovation,0.1437483558085993,0.12145429400137178,True,0,converged,5048,2500,0.1007375136737609,0.3555459823716524,0.18701975156091816
5,test,7548,2023-04-21,garch_1_1_t,innovation,0.1438148211441445,0.11617637873157569,True,0,converged,5049,2500,0.1003186400932295,0.36017498663438063,0.14675802151054268
5,test,7549,2023-04-24,garch_1_1_t,innovation,0.1437744312389138,0.11197824218731198,True,0,converged,5050,2500,0.0976651776775789,0.3867005470704344,0.13675951162757774
5,test,7550,2023-04-25,garch_1_1_t,innovation,0.1380217685312606,0.1519699475361662,True,0,converged,5051,2500,0.1127855391137513,0.20192328419769473,0.29819465622097274
5,test,7551,2023-04-26,garch_1_1_t,innovation,0.1396036654503653,0.14482530977467176,True,0,converged,5052,2500,0.1135074704236087,0.2069387933256325,0.24365960247323853
5,test,7552,2023-04-27,garch_1_1_t,innovation,0.1246188998936697,0.18997211225955124,True,0,converged,5053,2500,0.1231107905721833,0.012175593078231876,0.4337925974942241
5,test,7553,2023-04-28,garch_1_1_t,innovation,0.1292515413823511,0.1841510356828835,True,0,converged,5054,2500,0.1250477132968527,0.033065068060441745,0.38706089615591927
5,test,7554,2023-05-01,garch_1_1_t,innovation,0.1292088532652997,0.17010599273244953,True,0,converged,5055,2500,0.1148107126430651,0.11814531748811996,0.3931369341867055
5,test,7555,2023-05-02,garch_1_1_t,innovation,0.1243979168524704,0.17507501954607443,True,0,converged,5056,2500,0.120867387378538,0.02879146210397807,0.37052059268360876
5,test,7556,2023-05-03,garch_1_1_t,innovation,0.1265058973193618,0.16863185280140192,True,0,converged,5057,2500,0.1217238564679368,0.038533918571200615,0.32596294536371545
5,test,7557,2023-05-04,garch_1_1_t,innovation,0.134031954337899,0.16358912696872896,True,0,converged,5058,2500,0.1239624747554156,0.07809933986552667,0.2773790640233952
5,test,7558,2023-05-05,garch_1_1_t,innovation,0.1173513977065018,0.195845878462628,True,0,converged,5059,2500,0.1393387200218606,-0.17173497074774594,0.3404202119798048
5,test,7559,2023-05-08,garch_1_1_t,innovation,0.1176012880026968,0.18032072666315577,True,0,converged,5060,2500,0.1392943452092413,-0.1692892978191207,0.25814779450914016
5,test,7560,2023-05-09,garch_1_1_t,innovation,0.1172085482158593,0.16935726375689797,True,0,converged,5061,2500,0.1401620287432875,-0.17884429008601954,0.1892113687599028
5,test,7561,2023-05-10,garch_1_1_t,innovation,0.1179926279697103,0.16048607840772552,True,0,converged,5062,2500,0.1403887029319691,-0.17379287722577272,0.13379217500851903
5,test,7562,2023-05-11,garch_1_1_t,innovation,0.1180015551901874,0.15010440305841685,True,0,converged,5063,2500,0.1324898234114204,-0.11580803407788036,0.12482523434129131
5,test,7563,2023-05-12,garch_1_1_t,innovation,0.1221897302631297,0.14103709872843959,True,0,converged,5064,2500,0.1322870302021149,-0.07939903026759387,0.06404893424603611
5,test,7564,2023-05-15,garch_1_1_t,innovation,0.123794083674698,0.13466531682049562,True,0,converged,5065,2500,0.1322409827862827,-0.06600631559526783,0.0181666803092764
5,test,7565,2023-05-16,garch_1_1_t,innovation,0.1215580208288314,0.13494573203463345,True,0,converged,5066,2500,0.1343457844432699,-0.10002527066496612,0.004455755545597612
5,test,7566,2023-05-17,garch_1_1_t,innovation,0.121880550893569,0.15065696417228816,True,0,converged,5067,2500,0.1410063594311222,-0.1457635176352525,0.06620050029448474
5,test,7567,2023-05-18,garch_1_1_t,innovation,0.1176579042144644,0.1549807288944786,True,0,converged,5068,2500,0.1437483558085993,-0.2002829446988629,0.07523653771780098
5,test,7568,2023-05-19,garch_1_1_t,innovation,0.1189856781375594,0.14514677473136622,True,0,converged,5069,2500,0.1438148211441445,-0.18952337365415628,0.009218962240656041
5,test,7569,2023-05-22,garch_1_1_t,innovation,0.1203660830730093,0.13639782080248022,True,0,converged,5070,2500,0.1437744312389138,-0.17770783054329037,-0.052669852920787574
5,test,7570,2023-05-23,garch_1_1_t,innovation,0.1142216768826389,0.14898014818013136,True,0,converged,5071,2500,0.1380217685312606,-0.18927032140352856,0.07640164768143079
5,test,7571,2023-05-24,garch_1_1_t,innovation,0.1144816106178851,0.1477582464448924,True,0,converged,5072,2500,0.1396036654503653,-0.19839324265290123,0.05677002143915947
5,test,7572,2023-05-25,garch_1_1_t,innovation,0.1112673397331122,0.14982944556880876,True,0,converged,5073,2500,0.1246188998936697,-0.11332450771974338,0.18423733825617467
5,test,7573,2023-05-26,garch_1_1_t,innovation,0.1085920241854753,0.164255386170613,True,0,converged,5074,2500,0.1292515413823511,-0.1741624762260841,0.23966201043598556
5,test,7574,2023-05-30,garch_1_1_t,innovation,0.1085983672002145,0.15298980038139473,True,0,converged,5075,2500,0.1292088532652997,-0.1737737403280965,0.16894114227030171
5,test,7575,2023-05-31,garch_1_1_t,innovation,0.1076985254239304,0.14789695191897123,True,0,converged,5076,2500,0.1243979168524704,-0.1441495420514473,0.17303032583130176
5,test,7576,2023-06-01,garch_1_1_t,innovation,0.1104830261645152,0.15231299195272824,True,0,converged,5077,2500,0.1265058973193618,-0.1354270264185503,0.18564863506458854
5,test,7577,2023-06-02,garch_1_1_t,innovation,0.0981107384599108,0.17151435032756765,True,0,converged,5078,2500,0.134031954337899,-0.31198141172713195,0.24658870175400407
5,test,7578,2023-06-05,garch_1_1_t,innovation,0.0980166826323445,0.15987315487998952,True,0,converged,5079,2500,0.1173513977065018,-0.18003513768036047,0.3092078860103435
5,test,7579,2023-06-06,garch_1_1_t,innovation,0.1016186242340663,0.15002151666504815,True,0,converged,5080,2500,0.1176012880026968,-0.1460731600727493,0.24347874043430728
5,test,7580,2023-06-07,garch_1_1_t,innovation,0.1012703679749955,0.14245348140023636,True,0,converged,5081,2500,0.1172085482158593,-0.14616096053773894,0.19506068862085205
5,test,7581,2023-06-08,garch_1_1_t,innovation,0.0993881005451452,0.1398158346476299,True,0,converged,5082,2500,0.1179926279697103,-0.17158975401019247,0.16970394213960485
5,test,7582,2023-06-09,garch_1_1_t,innovation,0.1017118913163815,0.13246340490542677,True,0,converged,5083,2500,0.1180015551901874,-0.14855358230592558,0.11560861392928262
5,test,7583,2023-06-12,garch_1_1_t,innovation,0.1006322377333368,0.1389138194275685,True,0,converged,5084,2500,0.1221897302631297,-0.19410234186922012,0.12827873392446296
5,test,7584,2023-06-13,garch_1_1_t,innovation,0.1018342002014756,0.13811321273891708,True,0,converged,5085,2500,0.123794083674698,-0.19527356720398856,0.10945416126567611
5,test,7585,2023-06-14,garch_1_1_t,innovation,0.1017705516847287,0.13059434929326713,True,0,converged,5086,2500,0.1215580208288314,-0.1776709003950739,0.07170426214491982
5,test,7586,2023-06-15,garch_1_1_t,innovation,0.092713218340906,0.14826679475731572,True,0,converged,5087,2500,0.121880550893569,-0.2735304189934967,0.19597184411441454
5,test,7587,2023-06-16,garch_1_1_t,innovation,0.0956017927796715,0.14094659690516617,True,0,converged,5088,2500,0.1176579042144644,-0.20758972425300606,0.1805997762226384
5,test,7588,2023-06-20,garch_1_1_t,innovation,0.0941325480554639,0.13723948676222866,True,0,converged,5089,2500,0.1189856781375594,-0.23429925935427426,0.142724344190011
5,test,7589,2023-06-21,garch_1_1_t,innovation,0.0953243971492922,0.1340383260141721,True,0,converged,5090,2500,0.1203660830730093,-0.23325200957583148,0.10758798294971803
5,test,7590,2023-06-22,garch_1_1_t,innovation,0.0944624933299643,0.12910446842475157,True,0,converged,5091,2500,0.1142216768826389,-0.18993823455728226,0.12248081508036296
5,test,7591,2023-06-23,garch_1_1_t,innovation,0.091912358873018,0.13258810228378515,True,0,converged,5092,2500,0.1144816106178851,-0.21957870206655986,0.146833143221042
5,test,7592,2023-06-26,garch_1_1_t,innovation,0.0912706595956608,0.12848451174917425,True,0,converged,5093,2500,0.1112673397331122,-0.1981063983062576,0.14387259426542473
5,test,7593,2023-06-27,garch_1_1_t,innovation,0.0826597177928597,0.1416127413551492,True,0,converged,5094,2500,0.1085920241854753,-0.2728655676737571,0.26549819585308315
5,test,7594,2023-06-28,garch_1_1_t,innovation,0.0859475608288838,0.1334309560006338,True,0,converged,5095,2500,0.1085983672002145,-0.23391901992605504,0.20592778814093635
5,test,7595,2023-06-29,garch_1_1_t,innovation,0.0915861140632179,0.129018049790206,True,0,converged,5096,2500,0.1076985254239304,-0.1620562255621402,0.18061642287346888
5,test,7596,2023-06-30,garch_1_1_t,innovation,0.0818499894555952,0.14474840570951195,True,0,converged,5097,2500,0.1104830261645152,-0.2999737247966008,0.27013520250803646
5,test,7597,2023-07-03,garch_1_1_t,innovation,0.0823786396716683,0.13625351590788506,True,0,converged,5098,2500,0.0981107384599108,-0.17477064897902597,0.32842041303525626
5,test,7598,2023-07-05,garch_1_1_t,innovation,0.0960776258369543,0.12915164458947262,True,0,converged,5099,2500,0.0980166826323445,-0.01998122793196087,0.275849558284238
5,test,7599,2023-07-06,garch_1_1_t,innovation,0.0924987734068415,0.1329696418995459,True,0,converged,5100,2500,0.1016186242340663,-0.09403144377180411,0.268894018037222
5,test,7600,2023-07-07,garch_1_1_t,innovation,0.0934580402306125,0.1270006416379336,True,0,converged,5101,2500,0.1012703679749955,-0.08028128295948722,0.22639828777223578
5,test,7601,2023-07-10,garch_1_1_t,innovation,0.0980078451471102,0.12228163645396421,True,0,converged,5102,2500,0.0993881005451452,-0.013984865682802765,0.20729448610457277
5,test,7602,2023-07-11,garch_1_1_t,innovation,0.0966284172081981,0.1239422736359245,True,0,converged,5103,2500,0.1017118913163815,-0.05127134969505298,0.19767170036497997
5,test,7603,2023-07-12,garch_1_1_t,innovation,0.0953667440748528,0.12928819509684902,True,0,converged,5104,2500,0.1006322377333368,-0.05374273785896379,0.2505713221181645
5,test,7604,2023-07-13,garch_1_1_t,innovation,0.0911536283376591,0.13335561090449255,True,0,converged,5105,2500,0.1018342002014756,-0.11079969596391821,0.2696733237428699
5,test,7605,2023-07-14,garch_1_1_t,innovation,0.0911503100467932,0.12627191625311154,True,0,converged,5106,2500,0.1017705516847287,-0.11021088346691497,0.2157168610872614
5,test,7606,2023-07-17,garch_1_1_t,innovation,0.092405781394505,0.12226239562811465,True,0,converged,5107,2500,0.092713218340906,-0.003321509185855958,0.27665846386505794
5,test,7607,2023-07-18,garch_1_1_t,innovation,0.0978681353877588,0.12631254675044853,True,0,converged,5108,2500,0.0956017927796715,0.023429442520793323,0.2785677924741715
5,test,7608,2023-07-19,garch_1_1_t,innovation,0.1009926527544676,0.12098282264940112,True,0,converged,5109,2500,0.0941325480554639,0.07034389446075923,0.2509446992148628
5,test,7609,2023-07-20,garch_1_1_t,innovation,0.1018747094255712,0.12348598994841316,True,0,converged,5110,2500,0.0953243971492922,0.06645793773063197,0.2588419263577849
5,test,7610,2023-07-21,garch_1_1_t,innovation,0.1018890327256418,0.11773994650320098,True,0,converged,5111,2500,0.0944624933299643,0.07568144688486754,0.22027548949974035
5,test,7611,2023-07-24,garch_1_1_t,innovation,0.1032520362808725,0.11673356621874785,True,0,converged,5112,2500,0.091912358873018,0.11633745142343176,0.23905862413045445
5,test,7612,2023-07-25,garch_1_1_t,innovation,0.1032474185613816,0.11337311706067445,True,0,converged,5113,2500,0.0912706595956608,0.1232988563374782,0.21685492686847124
5,test,7613,2023-07-26,garch_1_1_t,innovation,0.1104785696326524,0.1091653735445138,True,0,converged,5114,2500,0.0826597177928597,0.290089167166644,0.27813152593689505
5,test,7614,2023-07-27,garch_1_1_t,innovation,0.1187520212559967,0.11419394252956613,True,0,converged,5115,2500,0.0859475608288838,0.3233001114010867,0.2841609006948797
5,test,7615,2023-07-28,garch_1_1_t,innovation,0.1163094127992176,0.12705462117660474,True,0,converged,5116,2500,0.0915861140632179,0.23897432476203437,0.3273374150096536
5,test,7616,2023-07-31,garch_1_1_t,innovation,0.118261451542234,0.1214854631704454,True,0,converged,5117,2500,0.0818499894555952,0.3680096894867932,0.39490643594373837
5,test,7617,2023-08-01,garch_1_1_t,innovation,0.1283640659449643,0.11751247405989264,True,0,converged,5118,2500,0.0823786396716683,0.44354431582131787,0.35521831413661054
5,test,7618,2023-08-02,garch_1_1_t,innovation,0.119237735405843,0.1454262906742514,True,0,converged,5119,2500,0.0960776258369543,0.21596280953625477,0.4145128977524326
5,test,7619,2023-08-03,garch_1_1_t,innovation,0.1189153642455444,0.13822823577153778,True,0,converged,5120,2500,0.0924987734068415,0.2512166312799274,0.4017108174383733
5,test,7620,2023-08-04,garch_1_1_t,innovation,0.1180073074773794,0.13376191871926485,True,0,converged,5121,2500,0.0934580402306125,0.2332339823413218,0.3585489257443226
5,test,7621,2023-08-07,garch_1_1_t,innovation,0.114936735656745,0.13880448666625475,True,0,converged,5122,2500,0.0980078451471102,0.15933432427709615,0.34801884424703283
5,test,7622,2023-08-08,garch_1_1_t,innovation,0.1163804832539367,0.13398339293066414,True,0,converged,5123,2500,0.0966284172081981,0.18599197964379718,0.3268429869615903
5,test,7623,2023-08-09,garch_1_1_t,innovation,0.1144404506331408,0.13418828591668755,True,0,converged,5124,2500,0.0953667440748528,0.18232468282041328,0.3415140093987317
5,test,7624,2023-08-10,garch_1_1_t,innovation,0.1145579937094751,0.12711301383754264,True,0,converged,5125,2500,0.0911536283376591,0.22853488348794243,0.3325302569329644
5,test,7625,2023-08-11,garch_1_1_t,innovation,0.1168787993345129,0.12090212922945137,True,0,converged,5126,2500,0.0911503100467932,0.24862759213582952,0.2824714663385983
5,test,7626,2023-08-14,garch_1_1_t,innovation,0.1168763165513214,0.12100852424714187,True,0,converged,5127,2500,0.092405781394505,0.2349267062607753,0.2696714455439939
5,test,7627,2023-08-15,garch_1_1_t,innovation,0.1093035338476327,0.1389648271979798,True,0,converged,5128,2500,0.0978681353877588,0.11050771096642173,0.3505998440413271
5,test,7628,2023-08-16,garch_1_1_t,innovation,0.110419606798281,0.13985301498642697,True,0,converged,5129,2500,0.1009926527544676,0.08923994669494499,0.3255442089416007
5,test,7629,2023-08-17,garch_1_1_t,innovation,0.1153536102952739,0.14105763217349898,True,0,converged,5130,2500,0.1018747094255712,0.12425856345263564,0.32542482639372694
5,test,7630,2023-08-18,garch_1_1_t,innovation,0.115359722815126,0.13285235829088834,True,0,converged,5131,2500,0.1018890327256418,0.12417096413095591,0.26535411695793326
5,test,7631,2023-08-21,garch_1_1_t,innovation,0.113279355780151,0.13274472272566537,True,0,converged,5132,2500,0.1032520362808725,0.0926839894649196,0.2512549523575644
5,test,7632,2023-08-22,garch_1_1_t,innovation,0.1175343081090465,0.12698073799107376,True,0,converged,5133,2500,0.1032474185613816,0.1296020451702086,0.20690717589222787
5,test,7633,2023-08-23,garch_1_1_t,innovation,0.1255726553320253,0.14088881932716582,True,0,converged,5134,2500,0.1104785696326524,0.12806295583366842,0.24314950175318042
5,test,7634,2023-08-24,garch_1_1_t,innovation,0.1156644031236963,0.16180804061220921,True,0,converged,5135,2500,0.1187520212559967,-0.026344542321526554,0.30937323427687896
5,test,7635,2023-08-25,garch_1_1_t,innovation,0.1139223549647532,0.15772749460759908,True,0,converged,5136,2500,0.1163094127992176,-0.02073687221211129,0.30461483456125926
5,test,7636,2023-08-28,garch_1_1_t,innovation,0.1234291159113652,0.1531960233542903,True,0,converged,5137,2500,0.118261451542234,0.04276916657997432,0.2588204352742012
5,test,7637,2023-08-29,garch_1_1_t,innovation,0.1124353961344948,0.17192033535231332,True,0,converged,5138,2500,0.1283640659449643,-0.13249169173222072,0.2921607111164099
5,test,7638,2023-08-30,garch_1_1_t,innovation,0.1133573123185738,0.16182455889860203,True,0,converged,5139,2500,0.119237735405843,-0.05057439088562252,0.3053935019056804
5,test,7639,2023-08-31,garch_1_1_t,innovation,0.1135660811880547,0.15111251449521773,True,0,converged,5140,2500,0.1189153642455444,-0.046027134632033354,0.2396126732076514
5,test,7640,2023-09-01,garch_1_1_t,innovation,0.1133820654513693,0.14207686488649676,True,0,converged,5141,2500,0.1180073074773794,-0.039983324522633,0.18562166284513246
5,test,7641,2023-09-05,garch_1_1_t,innovation,0.1220962946232297,0.136708923680629,True,0,converged,5142,2500,0.114936735656745,0.0604281813249129,0.17347216863646797
5,test,7642,2023-09-06,garch_1_1_t,innovation,0.1224645063696119,0.13642699057528845,True,0,converged,5143,2500,0.1163804832539367,0.05095639247987326,0.15892475235252684
5,test,7643,2023-09-07,garch_1_1_t,innovation,0.1219845010325659,0.13048664930245216,True,0,converged,5144,2500,0.1144404506331408,0.06383939004801698,0.1312163114353367
5,test,7644,2023-09-08,garch_1_1_t,innovation,0.128867970287098,0.12409019010008392,True,0,converged,5145,2500,0.1145579937094751,0.11770720404743501,0.07992745069053195
5,test,7645,2023-09-11,garch_1_1_t,innovation,0.1287583318247567,0.1258171533674859,True,0,converged,5146,2500,0.1168787993345129,0.0967997558965658,0.07369219448801938
5,test,7646,2023-09-12,garch_1_1_t,innovation,0.1285964303848208,0.1250260463727194,True,0,converged,5147,2500,0.1168763165513214,0.09556280175734838,0.06740583442219628
5,test,7647,2023-09-13,garch_1_1_t,innovation,0.1293463813681909,0.11935160907593756,True,0,converged,5148,2500,0.1093035338476327,0.1683652064397107,0.0879451083933988
5,test,7648,2023-09-14,garch_1_1_t,innovation,0.1275653083859597,0.12726606821845202,True,0,converged,5149,2500,0.110419606798281,0.1443407402073384,0.1419922044105596
5,test,7649,2023-09-15,garch_1_1_t,innovation,0.1213915137841409,0.14463294341904268,True,0,converged,5150,2500,0.1153536102952739,0.051018690505517196,0.22619682550605408
5,test,7650,2023-09-18,garch_1_1_t,innovation,0.1269326079679688,0.13594931236308805,True,0,converged,5151,2500,0.115359722815126,0.09560102894246057,0.16422684230010892
5,test,7651,2023-09-19,garch_1_1_t,innovation,0.1267186584918584,0.12920674861698922,True,0,converged,5152,2500,0.113279355780151,0.1121123986535273,0.1315568809017528
5,test,7652,2023-09-20,garch_1_1_t,innovation,0.1313400760354207,0.13663574760633093,True,0,converged,5153,2500,0.1175343081090465,0.11105968481118873,0.15058833353595294
5,test,7653,2023-09-21,garch_1_1_t,innovation,0.1213736512635546,0.16912368859319948,True,0,converged,5154,2500,0.1255726553320253,-0.03401070360067337,0.297745814385903
5,test,7654,2023-09-22,garch_1_1_t,innovation,0.1288174402186171,0.15796608339998677,True,0,converged,5155,2500,0.1156644031236963,0.10770328837631526,0.3116874264068796
5,test,7655,2023-09-25,garch_1_1_t,innovation,0.1281014015802397,0.15018410800916085,True,0,converged,5156,2500,0.1139223549647532,0.11730503059828008,0.2763448086583954
5,test,7656,2023-09-26,garch_1_1_t,innovation,0.1198368640970246,0.17117688329162078,True,0,converged,5157,2500,0.1234291159113652,-0.02953567904608815,0.3270303960304493
5,test,7657,2023-09-27,garch_1_1_t,innovation,0.130353440961388,0.15909633451607505,True,0,converged,5158,2500,0.1124353961344948,0.14787073777993498,0.3471310960964343
5,test,7658,2023-09-28,garch_1_1_t,innovation,0.1356450928435112,0.15343158080511743,True,0,converged,5159,2500,0.1133573123185738,0.17949697747594467,0.30270985416330365
5,test,7659,2023-09-29,garch_1_1_t,innovation,0.1363277638944003,0.1446267031603873,True,0,converged,5160,2500,0.1135660811880547,0.1826771342981515,0.24177108122261148
5,test,7660,2023-10-02,garch_1_1_t,innovation,0.1426992380541914,0.13609029880673396,True,0,converged,5161,2500,0.1133820654513693,0.22997595917444397,0.18255540142515841
5,test,7661,2023-10-03,garch_1_1_t,innovation,0.1362664287567975,0.15591616527549354,True,0,converged,5162,2500,0.1220962946232297,0.10980197071586673,0.24450842712703297
5,test,7662,2023-10-04,garch_1_1_t,innovation,0.139007678090756,0.1533183629411337,True,0,converged,5163,2500,0.1224645063696119,0.12670792558875288,0.22469531897664766
5,test,7663,2023-10-05,garch_1_1_t,innovation,0.1544726910566483,0.14368906895625733,True,0,converged,5164,2500,0.1219845010325659,0.2361233278533295,0.16375772574335898
5,test,7664,2023-10-06,garch_1_1_t,innovation,0.1521375221884577,0.1556909395973582,True,0,converged,5165,2500,0.128867970287098,0.165996468949879,0.18908449164054456
5,test,7665,2023-10-09,garch_1_1_t,innovation,0.1506625338855357,0.15145824576200773,True,0,converged,5166,2500,0.1287583318247567,0.15710521017262394,0.16237273077990716
5,test,7666,2023-10-10,garch_1_1_t,innovation,0.1498712685256031,0.14590174104718778,True,0,converged,5167,2500,0.1285964303848208,0.15309766188106352,0.12625433469868105
5,test,7667,2023-10-11,garch_1_1_t,innovation,0.1491897958182106,0.13967739414746377,True,0,converged,5168,2500,0.1293463813681909,0.1427253600575567,0.07684150330898733
5,test,7668,2023-10-12,garch_1_1_t,innovation,0.1501958555718745,0.13758210690649733,True,0,converged,5169,2500,0.1275653083859597,0.1633116901265933,0.07559242393473743
5,test,7669,2023-10-13,garch_1_1_t,innovation,0.1589517663364319,0.133916801718241,True,0,converged,5170,2500,0.1213915137841409,0.26957982657295676,0.09819775117295423
5,test,7670,2023-10-16,garch_1_1_t,innovation,0.1545859393279643,0.1438632407398442,True,0,converged,5171,2500,0.1269326079679688,0.19709388360301794,0.1252068315298636
5,test,7671,2023-10-17,garch_1_1_t,innovation,0.1689642112836681,0.13553053859774616,True,0,converged,5172,2500,0.1267186584918584,0.2877175833311395,0.06722765041752887
5,test,7672,2023-10-18,garch_1_1_t,innovation,0.1622894347750445,0.1550351541245508,True,0,converged,5173,2500,0.1313400760354207,0.21159141583027136,0.16586193232421012
5,test,7673,2023-10-19,garch_1_1_t,innovation,0.1592965132607969,0.15611261385282332,True,0,converged,5174,2500,0.1213736512635546,0.2718935143909505,0.2517038160827736
5,test,7674,2023-10-20,garch_1_1_t,innovation,0.1531947374659621,0.1670440515927695,True,0,converged,5175,2500,0.1288174402186171,0.17331369604430588,0.25986134969722186
5,test,7675,2023-10-23,garch_1_1_t,innovation,0.1554721869819683,0.15607345126160457,True,0,converged,5176,2500,0.1281014015802397,0.1936447036287394,0.19750458771847232
5,test,7676,2023-10-24,garch_1_1_t,innovation,0.1533647099777552,0.15408387552849512,True,0,converged,5177,2500,0.1198368640970246,0.2466874581589616,0.2513657484247457
5,test,7677,2023-10-25,garch_1_1_t,innovation,0.1451711663145673,0.17254002019221878,True,0,converged,5178,2500,0.130353440961388,0.10766396567680063,0.28037967278395076
5,test,7678,2023-10-26,garch_1_1_t,innovation,0.1387473178060428,0.17882143978905105,True,0,converged,5179,2500,0.1356450928435112,0.02261255799223971,0.2763459015657655
5,test,7679,2023-10-27,garch_1_1_t,innovation,0.1379553935241013,0.16856514010947046,True,0,converged,5180,2500,0.1363277638944003,0.011868382662879477,0.21226024836329888
5,test,7680,2023-10-30,garch_1_1_t,innovation,0.1313933956958189,0.17552898608236392,True,0,converged,5181,2500,0.1426992380541914,-0.08254334125387873,0.20706500715607715
5,test,7681,2023-10-31,garch_1_1_t,innovation,0.1295245647874249,0.16824072679977767,True,0,converged,5182,2500,0.1362664287567975,-0.050741451676945416,0.2107838470968638
5,test,7682,2023-11-01,garch_1_1_t,innovation,0.1247127531180292,0.17127218852561601,True,0,converged,5183,2500,0.139007678090756,-0.10851605181821117,0.20872486711379734
5,test,7683,2023-11-02,garch_1_1_t,innovation,0.1070100636602508,0.20228021967756896,True,0,converged,5184,2500,0.1544726910566483,-0.3670944408608081,0.26963663841899566
5,test,7684,2023-11-03,garch_1_1_t,innovation,0.103734734003644,0.19582589963261293,True,0,converged,5185,2500,0.1521375221884577,-0.38294785689463806,0.2524411342614754
5,test,7685,2023-11-06,garch_1_1_t,innovation,0.1034159147707707,0.1814334600490601,True,0,converged,5186,2500,0.1506625338855357,-0.3762835959830291,0.18584651436195498
5,test,7686,2023-11-07,garch_1_1_t,innovation,0.103915915801192,0.169230789896443,True,0,converged,5187,2500,0.1498712685256031,-0.3661946455782404,0.12148668820615371
5,test,7687,2023-11-08,garch_1_1_t,innovation,0.107330240095116,0.1576133775287117,True,0,converged,5188,2500,0.1491897958182106,-0.329308855320017,0.05492576382639402
5,test,7688,2023-11-09,garch_1_1_t,innovation,0.1047822578229109,0.15585950779721297,True,0,converged,5189,2500,0.1501958555718745,-0.36005568424690304,0.037014864211454224
5,test,7689,2023-11-10,garch_1_1_t,innovation,0.0902672073741586,0.17743941186116882,True,0,converged,5190,2500,0.1589517663364319,-0.5658265573591275,0.11002840919420219
5,test,7690,2023-11-13,garch_1_1_t,innovation,0.0916423381986303,0.16505405273916893,True,0,converged,5191,2500,0.1545859393279643,-0.5228568109939583,0.0655228293147897
5,test,7691,2023-11-14,garch_1_1_t,innovation,0.0781643992629439,0.1987835563884301,True,0,converged,5192,2500,0.1689642112836681,-0.7708726334444879,0.16252965151264118
5,test,7692,2023-11-15,garch_1_1_t,innovation,0.0786301232925649,0.18404488391249216,True,0,converged,5193,2500,0.1622894347750445,-0.7246265015020329,0.12579828665542536
5,test,7693,2023-11-16,garch_1_1_t,innovation,0.0787278356199521,0.1710069780481655,True,0,converged,5194,2500,0.1592965132607969,-0.7047705431514506,0.0709370341723104
5,test,7694,2023-11-17,garch_1_1_t,innovation,0.0810866423139954,0.15929794414377715,True,0,converged,5195,2500,0.1531947374659621,-0.6361916647789053,0.039066405297375525
5,test,7695,2023-11-20,garch_1_1_t,innovation,0.0793552003376554,0.15692760579130072,True,0,converged,5196,2500,0.1554721869819683,-0.6725328722378918,0.009317735625724298
5,test,7696,2023-11-21,garch_1_1_t,innovation,0.0932241027843911,0.14747815215808857,True,0,converged,5197,2500,0.1533647099777552,-0.4978125083475673,-0.03913876632404676
5,test,7697,2023-11-22,garch_1_1_t,innovation,0.0981111511312397,0.14069893841881004,True,0,converged,5198,2500,0.1451711663145673,-0.3918124723966416,-0.03129108447639608
5,test,7698,2023-11-24,garch_1_1_t,innovation,0.0983454321940435,0.1328870477976489,True,0,converged,5199,2500,0.1387473178060428,-0.3441683219476154,-0.043154918599209044
5,test,7699,2023-11-27,garch_1_1_t,innovation,0.0992703122404884,0.12636777576505911,True,0,converged,5200,2500,0.1379553935241013,-0.32908384161006504,-0.0877338869299793
5,test,7700,2023-11-28,garch_1_1_t,innovation,0.0994151207229915,0.1204769756894685,True,0,converged,5201,2500,0.1313933956958189,-0.27889162167747844,-0.086737182163081
5,test,7701,2023-11-29,garch_1_1_t,innovation,0.0993927709305954,0.11534356576405916,True,0,converged,5202,2500,0.1295245647874249,-0.26479116866759944,-0.11595534967719609
5,test,7702,2023-11-30,garch_1_1_t,innovation,0.0989456979680941,0.1137747990470835,True,0,converged,5203,2500,0.1247127531180292,-0.23144192357220672,-0.09179207017962554
5,test,7703,2023-12-01,garch_1_1_t,innovation,0.0987356192792739,0.11619137939741706,True,0,converged,5204,2500,0.1070100636602508,-0.08047711731389662,0.08231577109722119
5,test,7704,2023-12-04,garch_1_1_t,innovation,0.1012274303531644,0.1167008502606707,True,0,converged,5205,2500,0.103734734003644,-0.024467235104492384,0.11777681898210816
5,test,7705,2023-12-05,garch_1_1_t,innovation,0.1018707510320199,0.1119141419458905,True,0,converged,5206,2500,0.1034159147707707,-0.01505400181154172,0.07897312270444627
5,test,7706,2023-12-06,garch_1_1_t,innovation,0.1009743030202914,0.11109284613702224,True,0,converged,5207,2500,0.103915915801192,-0.02871601128789289,0.06678423315064716
5,test,7707,2023-12-07,garch_1_1_t,innovation,0.1095422923504594,0.1184511944266723,True,0,converged,5208,2500,0.107330240095116,0.020400268727988728,0.09859057688727925
5,test,7708,2023-12-08,garch_1_1_t,innovation,0.1086124236948033,0.11676164956612817,True,0,converged,5209,2500,0.1047822578229109,0.035901337647905034,0.108250211750174
5,test,7709,2023-12-11,garch_1_1_t,innovation,0.10957869949841,0.11475028851192007,True,0,converged,5210,2500,0.0902672073741586,0.1938687655191109,0.23998412073798295
5,test,7710,2023-12-12,garch_1_1_t,innovation,0.1083896955797108,0.11422910950981435,True,0,converged,5211,2500,0.0916423381986303,0.16783965295559974,0.2203127918222244
5,test,7711,2023-12-13,garch_1_1_t,innovation,0.0969066353625176,0.14196096179415937,True,0,converged,5212,2500,0.0781643992629439,0.21493370144527824,0.5967378113617194
5,test,7712,2023-12-14,garch_1_1_t,innovation,0.0971183477631206,0.13509981761418507,True,0,converged,5213,2500,0.0786301232925649,0.2111754408313454,0.5412590209477954
5,test,7713,2023-12-15,garch_1_1_t,innovation,0.0989407398251809,0.1280384493032296,True,0,converged,5214,2500,0.0787278356199521,0.22852429763954069,0.48633381834898554
5,test,7714,2023-12-18,garch_1_1_t,innovation,0.101884670530858,0.12720429570038538,True,0,converged,5215,2500,0.0810866423139954,0.22832325131895298,0.45027618037201883
5,test,7715,2023-12-19,garch_1_1_t,innovation,0.1088639607563253,0.1274496063709799,True,0,converged,5216,2500,0.0793552003376554,0.3161650547584269,0.4737870607883331
5,test,7716,2023-12-20,garch_1_1_t,innovation,0.0972322366770748,0.15196453959600092,True,0,converged,5217,2500,0.0932241027843911,0.04209600771475098,0.4886408996746116
5,test,7717,2023-12-21,garch_1_1_t,innovation,0.091863124763516,0.1551175658957003,True,0,converged,5218,2500,0.0981111511312397,-0.06580133626954644,0.4580822878871859
5,test,7718,2023-12-22,garch_1_1_t,innovation,0.0916682885095538,0.1454400752389226,True,0,converged,5219,2500,0.0983454321940435,-0.07030959769101898,0.3912780483838994
5,test,7719,2023-12-26,garch_1_1_t,innovation,0.0924666156147963,0.13926142064019495,True,0,converged,5220,2500,0.0992703122404884,-0.07099888886134198,0.33850633485101983
5,test,7720,2023-12-27,garch_1_1_t,innovation,0.092354313243516,0.13170801015789815,True,0,converged,5221,2500,0.0994151207229915,-0.07367181109037294,0.28128320610110474
5,test,7721,2023-12-28,garch_1_1_t,innovation,0.0964962409749784,0.12476286309875365,True,0,converged,5222,2500,0.0993927709305954,-0.029575330002342304,0.22733545636670283
5,test,7722,2023-12-29,garch_1_1_t,innovation,0.0959851654109754,0.12045910184805664,True,0,converged,5223,2500,0.0989456979680941,-0.03037754171939322,0.19673909729195246
5,test,7723,2024-01-02,garch_1_1_t,innovation,0.1105744737195717,0.120775788699718,True,0,converged,5224,2500,0.0987356192792739,0.11324349862982477,0.20149007511694425
5,test,7724,2024-01-03,garch_1_1_t,innovation,0.1162319010041279,0.12718538351224012,True,0,converged,5225,2500,0.1012274303531644,0.13821757101310533,0.2282759637621547
5,test,7725,2024-01-04,garch_1_1_t,innovation,0.1214931413770564,0.12268319968701841,True,0,converged,5226,2500,0.1018707510320199,0.1761529485856301,0.185900557445937
5,test,7726,2024-01-05,garch_1_1_t,innovation,0.1220846233234554,0.11736556533208584,True,0,converged,5227,2500,0.1009743030202914,0.18984837915141123,0.15042749481250656
5,test,7727,2024-01-08,garch_1_1_t,innovation,0.1117087144753469,0.14570829621072895,True,0,converged,5228,2500,0.1095422923504594,0.019584013621733315,0.28529594574260914
5,test,7728,2024-01-09,garch_1_1_t,innovation,0.1154080453120454,0.13709110602898864,True,0,converged,5229,2500,0.1086124236948033,0.06068826876624047,0.23285991269965622
5,test,7729,2024-01-10,garch_1_1_t,innovation,0.1136694525864751,0.13453760333438455,True,0,converged,5230,2500,0.10957869949841,0.036651689889764416,0.20520073067764213
5,test,7730,2024-01-11,garch_1_1_t,innovation,0.1154846914025857,0.1272101986752376,True,0,converged,5231,2500,0.1083896955797108,0.0634049539490593,0.1601078006969922
5,test,7731,2024-01-12,garch_1_1_t,innovation,0.1154690373447079,0.12099071253806366,True,0,converged,5232,2500,0.0969066353625176,0.17525442614005543,0.22196579382139628
5,test,7732,2024-01-16,garch_1_1_t,innovation,0.1248444367149378,0.11811681830424395,True,0,converged,5233,2500,0.0971183477631206,0.251138141138007,0.1957438055394968
5,test,7733,2024-01-17,garch_1_1_t,innovation,0.1273806207685467,0.11874394197862863,True,0,converged,5234,2500,0.0989407398251809,0.25265853500589397,0.18244834341157626
5,test,7734,2024-01-18,garch_1_1_t,innovation,0.1258327389770513,0.12757349694406964,True,0,converged,5235,2500,0.101884670530858,0.21111206413646733,0.22485115262493804
5,test,7735,2024-01-19,garch_1_1_t,innovation,0.1192222342469219,0.14569864788344156,True,0,converged,5236,2500,0.1088639607563253,0.09089022986418266,0.2914413967271559
5,test,7736,2024-01-22,garch_1_1_t,innovation,0.1205892017129767,0.13757537007329831,True,0,converged,5237,2500,0.0972322366770748,0.21528743271129644,0.3470696033791145
5,test,7737,2024-01-23,garch_1_1_t,innovation,0.1201882233880188,0.1312864174575142,True,0,converged,5238,2500,0.091863124763516,0.2687593472556636,0.3570816344237404
5,test,7738,2024-01-24,garch_1_1_t,innovation,0.1404177868959578,0.12460666255808522,True,0,converged,5239,2500,0.0916682885095538,0.4264456691872586,0.30698557482407546
5,test,7739,2024-01-25,garch_1_1_t,innovation,0.1391130408597811,0.12390851042898642,True,0,converged,5240,2500,0.0924666156147963,0.4084391791214427,0.29269580706007575
5,test,7740,2024-01-26,garch_1_1_t,innovation,0.1396485914119358,0.11848367796876418,True,0,converged,5241,2500,0.092354313243516,0.41349679482789936,0.24914280147542583
5,test,7741,2024-01-29,garch_1_1_t,innovation,0.1369712781655157,0.12443416670685645,True,0,converged,5242,2500,0.0964962409749784,0.3502672014628675,0.25427274062044275
5,test,7742,2024-01-30,garch_1_1_t,innovation,0.1370241770861665,0.11870471936065491,True,0,converged,5243,2500,0.0959851654109754,0.35596373278142884,0.2124454069919355
5,test,7743,2024-01-31,garch_1_1_t,innovation,0.1246093404473094,0.1561635599816851,True,0,converged,5244,2500,0.1105744737195717,0.1194943027506071,0.3452146551641211
5,test,7744,2024-02-01,garch_1_1_t,innovation,0.1204047622155905,0.16906206104986227,True,0,converged,5245,2500,0.1162319010041279,0.035271743318742325,0.37467853060013284
5,test,7745,2024-02-02,garch_1_1_t,innovation,0.114585947753343,0.17165443949452558,True,0,converged,5246,2500,0.1214931413770564,-0.05853263480689264,0.345625571597721
5,test,7746,2024-02-05,garch_1_1_t,innovation,0.1193042869654522,0.1612397604970352,True,0,converged,5247,2500,0.1220846233234554,-0.023037175292063387,0.2781780147867086
5,test,7747,2024-02-06,garch_1_1_t,innovation,0.1202061710834544,0.15164015116640825,True,0,converged,5248,2500,0.1117087144753469,0.07331364109067706,0.3056155677033619
5,test,7748,2024-02-07,garch_1_1_t,innovation,0.1216947392054665,0.1526123728856701,True,0,converged,5249,2500,0.1154080453120454,0.05304170310912567,0.27942712768642686
5,test,7749,2024-02-08,garch_1_1_t,innovation,0.1235468195063519,0.14283169689267064,True,0,converged,5250,2500,0.1136694525864751,0.08332549166687428,0.22837229443647042
5,test,7750,2024-02-09,garch_1_1_t,innovation,0.1218799593268043,0.13952130256084652,True,0,converged,5251,2500,0.1154846914025857,0.05389864119392799,0.1890793169239006
5,test,7751,2024-02-12,garch_1_1_t,innovation,0.1276510882074324,0.1315182803287413,True,0,converged,5252,2500,0.1154690373447079,0.10029824949633427,0.13014343677731427
5,test,7752,2024-02-13,garch_1_1_t,innovation,0.1179080940048079,0.15392727128652745,True,0,converged,5253,2500,0.1248444367149378,-0.05716299935357331,0.2094117705077221
5,test,7753,2024-02-14,garch_1_1_t,innovation,0.113668218681114,0.15570704870613428,True,0,converged,5254,2500,0.1273806207685467,-0.11389577568271383,0.20079673059773473
5,test,7754,2024-02-15,garch_1_1_t,innovation,0.1136791506718618,0.15232462361717092,True,0,converged,5255,2500,0.1258327389770513,-0.10157354410636556,0.1910603685632659
5,test,7755,2024-02-16,garch_1_1_t,innovation,0.1142424317085227,0.14644553397051968,True,0,converged,5256,2500,0.1192222342469219,-0.04266648182533337,0.20566431140392452
5,test,7756,2024-02-20,garch_1_1_t,innovation,0.1142552708983269,0.14215388428354053,True,0,converged,5257,2500,0.1205892017129767,-0.05395457876168049,0.16452042071912945
5,test,7757,2024-02-21,garch_1_1_t,innovation,0.1187939161456135,0.13405884657856573,True,0,converged,5258,2500,0.1201882233880188,-0.011668847438242248,0.10921981496263461
5,test,7758,2024-02-22,garch_1_1_t,innovation,0.0946686858653886,0.1846878029243031,True,0,converged,5259,2500,0.1404177868959578,-0.39423889203111145,0.2740446769376444
5,test,7759,2024-02-23,garch_1_1_t,innovation,0.0948764502128778,0.17104519633713824,True,0,converged,5260,2500,0.1391130408597811,-0.3827113251126405,0.2066409814222604
5,test,7760,2024-02-26,garch_1_1_t,innovation,0.0944898756136481,0.16091576660671572,True,0,converged,5261,2500,0.1396485914119358,-0.39063651338392635,0.14175183351469425
5,test,7761,2024-02-27,garch_1_1_t,innovation,0.0944880564092115,0.15069334982785623,True,0,converged,5262,2500,0.1369712781655157,-0.3712978161138784,0.09547572068909241
5,test,7762,2024-02-28,garch_1_1_t,innovation,0.0989363660188138,0.141569164139516,True,0,converged,5263,2500,0.1370241770861665,-0.32568050935545956,0.03263100482882518
5,test,7763,2024-02-29,garch_1_1_t,innovation,0.0981153292368613,0.13539934548193638,True,0,converged,5264,2500,0.1246093404473094,-0.23903995130754008,0.08304495950209512
5,test,7764,2024-03-01,garch_1_1_t,innovation,0.092544910573783,0.1417453951437066,True,0,converged,5265,2500,0.1204047622155905,-0.26316503896975413,0.1631733709433587
5,test,7765,2024-03-04,garch_1_1_t,innovation,0.095198151741531,0.1336465631633829,True,0,converged,5266,2500,0.114585947753343,-0.18536464967968141,0.15387355024443952
5,test,7766,2024-03-05,garch_1_1_t,innovation,0.0883551411075722,0.1422732736259373,True,0,converged,5267,2500,0.1193042869654522,-0.30031287547604146,0.17607240756354778
5,test,7767,2024-03-06,garch_1_1_t,innovation,0.0968770880470867,0.13799210785944416,True,0,converged,5268,2500,0.1202061710834544,-0.2157653194361508,0.13798813318568923
5,test,7768,2024-03-07,garch_1_1_t,innovation,0.0975539705803584,0.14518814231599872,True,0,converged,5269,2500,0.1216947392054665,-0.2211100022266482,0.17651466307041574
5,test,7769,2024-03-08,garch_1_1_t,innovation,0.0952053139271028,0.14190864476063916,True,0,converged,5270,2500,0.1235468195063519,-0.26058443073883314,0.138563314268513
5,test,7770,2024-03-11,garch_1_1_t,innovation,0.0952447587435166,0.13370565662617526,True,0,converged,5271,2500,0.1218799593268043,-0.24658663422433746,0.0926041711589227
5,test,7771,2024-03-12,garch_1_1_t,innovation,0.0943669882879732,0.1443155165517342,True,0,converged,5272,2500,0.1276510882074324,-0.3021093569293138,0.12270132122787769
5,test,7772,2024-03-13,garch_1_1_t,innovation,0.0979100755940749,0.13619238970260136,True,0,converged,5273,2500,0.1179080940048079,-0.18585599518434986,0.14416305962843384
5,test,7773,2024-03-14,garch_1_1_t,innovation,0.1094131057111908,0.1293165247955516,True,0,converged,5274,2500,0.113668218681114,-0.03815316353218632,0.12897923698002095
5,test,7774,2024-03-15,garch_1_1_t,innovation,0.11565344271636,0.13058388308053714,True,0,converged,5275,2500,0.1136791506718618,0.017218144099892727,0.1386357899508071
