episode_id,branch_idx,branch_date,event_day,event_idx,event_type,day_in_state,event_today,y_recovery,cumulative_return,distance_to_recovery,distance_to_relapse,downside_shock_pressure
1,996,1997-04-07,16,1012,recovery,1,0,1,0.007181791474422994,0.363473537223979,0.636526462776021,0.1183847942493443
1,996,1997-04-07,16,1012,recovery,2,0,1,-0.0010271779448409735,0.450945220985623,0.549054779014377,0.023920629016881526
1,996,1997-04-07,16,1012,recovery,3,0,1,-0.004719523355617095,0.490289461853696,0.5097105381463041,0.029505789693844
1,996,1997-04-07,16,1012,recovery,4,0,1,-0.036323210205837175,0.8270464359236933,0.17295356407630672,0.3177290141830121
1,996,1997-04-07,16,1012,recovery,5,0,1,-0.023394717430956113,0.6892852903083535,0.3107147096916466,0.3046603930277706
1,996,1997-04-07,16,1012,recovery,6,0,1,-0.006771765710433142,0.5121573827941075,0.4878426172058925,0.28332246213526086
1,996,1997-04-07,16,1012,recovery,7,0,1,0.0047195233556169836,0.38971053814630535,0.6102894618536947,0.2653749000623757
1,996,1997-04-07,16,1012,recovery,8,0,1,0.0006150386459851109,0.4334463800271262,0.5665536199728739,0.26577869772440776
1,996,1997-04-07,16,1012,recovery,9,0,1,0.005539574883596909,0.38097237818247587,0.6190276218175242,0.0042122829788931865
1,996,1997-04-07,16,1012,recovery,10,0,1,-0.0010271779448409735,0.450945220985623,0.549054779014377,0.014922294534925665
1,996,1997-04-07,16,1012,recovery,11,0,1,0.02093244931214988,0.21695171061397536,0.7830482893860248,0.013942518259843183
1,996,1997-04-07,16,1012,recovery,12,0,1,0.021957513722125066,0.20602901065918555,0.7939709893408146,0.0142637735222419
1,996,1997-04-07,16,1012,recovery,13,0,1,0.01682796460251801,0.2606875524947962,0.739312447505204,0.01628555344497692
1,996,1997-04-07,16,1012,recovery,14,0,1,0.0051295491196070575,0.38534145816438947,0.6146585418356106,0.05607636425772623
1,996,1997-04-07,16,1012,recovery,15,0,1,0.014980735129696887,0.28037093344425096,0.7196290665557492,0.05020425488914313
1,996,1997-04-07,16,1012,recovery,16,1,1,0.04699233420904125,-0.060732599576829215,1.0607325995768293,0.03911457776360286
2,1335,1998-08-11,14,1349,relapse,1,0,0,0.016959759962360987,0.28541457897991507,0.7145854210200849,0.0631090261924901
2,1335,1998-08-11,14,1349,relapse,2,0,0,0.004678248364388571,0.39735853604941856,0.6026414639505815,0.09650322248577685
2,1335,1998-08-11,14,1349,relapse,3,0,0,-0.007017372546582745,0.5039621959258712,0.4960378040741288,0.12491094774081173
2,1335,1998-08-11,14,1349,relapse,4,0,0,0.01403474509316549,0.31207560814825763,0.6879243918517424,0.1066121790770297
2,1335,1998-08-11,14,1349,relapse,5,0,0,0.032749218072656294,0.1414962667469626,0.8585037332530374,0.058912453864947444
2,1335,1998-08-11,14,1349,relapse,6,0,0,0.03011714854696157,0.16548714731877773,0.8345128526812222,0.06017870175254099
2,1335,1998-08-11,14,1349,relapse,7,0,0,0.023977132508943733,0.22145238305404388,0.7785476169459561,0.04009418281333913
2,1335,1998-08-11,14,1349,relapse,8,0,0,0.015789458110295307,0.2960816877670476,0.7039183122329524,0.0235166211126558
2,1335,1998-08-11,14,1349,relapse,9,0,0,0.022222419491813694,0.237446303435256,0.762553696564744,0.02357113295903262
2,1335,1998-08-11,14,1349,relapse,10,0,0,0.02456154367400809,0.21612557145996425,0.7838744285400358,0.02514863085270281
2,1335,1998-08-11,14,1349,relapse,11,0,0,0.01871299345755406,0.2694341441976762,0.7305658558023238,0.03120757287494147
2,1335,1998-08-11,14,1349,relapse,12,0,0,-0.02923979203839644,0.7065158924906152,0.29348410750938475,0.38058758934806736
2,1335,1998-08-11,14,1349,relapse,13,0,0,-0.03274773855071944,0.7384902476540652,0.26150975234593477,0.4010161351341602
2,1335,1998-08-11,14,1349,relapse,14,1,0,-0.10175412120835514,1.3674720693235909,-0.36747206932359106,0.6901842649821025
3,1378,1998-10-12,5,1383,recovery,1,0,1,-0.003439193885737324,0.4636884729661702,0.5363115270338299,0.039763942658144986
3,1378,1998-10-12,5,1383,recovery,2,0,1,0.005938992924591435,0.3990934160694176,0.6009065839305825,0.0062338479582997345
3,1378,1998-10-12,5,1383,recovery,3,0,1,0.060018819420254665,0.026602492172859392,0.9733975078271409,0.001375322477602054
3,1378,1998-10-12,5,1383,recovery,4,0,1,0.060330900258648956,0.02445294238032772,0.9755470576196724,0.0013784652967911296
3,1378,1998-10-12,5,1383,recovery,5,1,1,0.06408217498278046,-0.0013850803783733274,1.0013850803783735,0.0013765317080867423
4,1636,1999-10-20,6,1642,recovery,1,0,1,0.005848876495920585,0.384221467103947,0.6157785328960529,0.21647571052986028
4,1636,1999-10-20,6,1642,recovery,2,0,1,0.014376868762190353,0.3028932158589112,0.6971067841410886,0.0
4,1636,1999-10-20,6,1642,recovery,3,0,1,0.00925910182825973,0.3516994321429586,0.6483005678570413,0.00809603945481869
4,1636,1999-10-20,6,1642,recovery,4,0,1,-0.003411439800049876,0.4725336168822687,0.5274663831177312,0.05585222012011942
4,1636,1999-10-20,6,1642,recovery,5,0,1,0.014619762304379558,0.30057683160243237,0.6994231683975675,0.05301520669323885
4,1636,1999-10-20,6,1642,recovery,6,1,1,0.049221161856969786,-0.02940368765451471,1.0294036876545145,0.04220599946188621
5,1763,2000-04-24,57,1820,recovery,1,0,1,0.04151981094970747,0.1496781359975006,0.8503218640024995,0.025558484582491475
5,1763,2000-04-24,57,1820,recovery,2,0,1,0.029767358754307693,0.2318556254880391,0.768144374511961,0.04099962522875025
5,1763,2000-04-24,57,1820,recovery,3,0,1,0.026362666707341553,0.25566249066444857,0.7443375093355515,0.03162743526316604
5,1763,2000-04-24,57,1820,recovery,4,0,1,0.019992351699785527,0.3002060876841212,0.6997939123158788,0.03748596019425317
5,1763,2000-04-24,57,1820,recovery,5,0,1,0.03383119918156652,0.20343975121347646,0.7965602487865237,0.022313810793705858
5,1763,2000-04-24,57,1820,recovery,6,0,1,0.013180788602943139,0.34783505443065343,0.6521649455693467,0.06993725506027357
5,1763,2000-04-24,57,1820,recovery,7,0,1,-0.00439286986667764,0.470716569725211,0.5292834302747891,0.10441115717950639
5,1763,2000-04-24,57,1820,recovery,8,0,1,-0.003075662607547436,0.4615061697257621,0.538493830274238,0.11114894864635647
5,1763,2000-04-24,57,1820,recovery,9,0,1,0.00900690852872632,0.3770203665877179,0.6229796334122821,0.10433692785568793
5,1763,2000-04-24,57,1820,recovery,10,0,1,0.0014283364075433624,0.4300125439211919,0.5699874560788082,0.1123726409696123
5,1763,2000-04-24,57,1820,recovery,11,0,1,-0.006590394301471569,0.4860824727846734,0.5139175272153267,0.06195454531283198
5,1763,2000-04-24,57,1820,recovery,12,0,1,-0.028998170727056904,0.6427659275313053,0.3572340724686948,0.08658701046230559
5,1763,2000-04-24,57,1820,recovery,13,0,1,-0.006810473595387556,0.4876213485496772,0.5123786514503229,0.0897698121277365
5,1763,2000-04-24,57,1820,recovery,14,0,1,0.003954890281755885,0.41234594541108277,0.5876540545889174,0.09077629556824462
5,1763,2000-04-24,57,1820,recovery,15,0,1,0.021309558958916064,0.29099568768467,0.7090043123153301,0.10380541630634227
5,1763,2000-04-24,57,1820,recovery,16,0,1,0.030316467487642385,0.22801605427238783,0.7719839457276123,0.09595727809939343
5,1763,2000-04-24,57,1820,recovery,17,0,1,0.020430331284707393,0.2971435725478269,0.7028564274521731,0.01921732920709444
5,1763,2000-04-24,57,1820,recovery,18,0,1,0.010984353669604374,0.3631933392932585,0.6368066607067416,0.03710353714379373
5,1763,2000-04-24,57,1820,recovery,19,0,1,-0.007908691062056827,0.49530049098097895,0.5046995090190212,0.10355681474370892
5,1763,2000-04-24,57,1820,recovery,20,0,1,-0.015377223536282014,0.5475232304319526,0.4524767695680475,0.11599966196880322
5,1763,2000-04-24,57,1820,recovery,21,0,1,-0.029876308899810522,0.6489061941976056,0.3510938058023945,0.2212544415002842
5,1763,2000-04-24,57,1820,recovery,22,0,1,-0.014058926775696756,0.5383052122356471,0.461694787764353,0.18910240830844036
5,1763,2000-04-24,57,1820,recovery,23,0,1,-0.030974526366480015,0.6565853366289089,0.34341466337109117,0.2278066096346382
5,1763,2000-04-24,57,1820,recovery,24,0,1,-0.029876308899810522,0.6489061941976056,0.3510938058023945,0.14217342944006348
5,1763,2000-04-24,57,1820,recovery,25,0,1,0.0032957419014632006,0.4169549545092359,0.5830450454907642,0.10381114903199457
5,1763,2000-04-24,57,1820,recovery,26,0,1,0.003954890281755885,0.41234594541108277,0.5876540545889174,0.06513091438934757
5,1763,2000-04-24,57,1820,recovery,27,0,1,0.02152963825283183,0.28945681191966777,0.7105431880803323,0.06520166428219971
5,1763,2000-04-24,57,1820,recovery,28,0,1,0.03932446551782354,0.16502880266325057,0.8349711973367495,0.0
5,1763,2000-04-24,57,1820,recovery,29,0,1,0.03427135776939827,0.20036199968347046,0.7996380003165297,0.004981515010052585
5,1763,2000-04-24,57,1820,recovery,30,0,1,0.029658408608804754,0.23261744517368435,0.7673825548263158,0.009243407304063787
5,1763,2000-04-24,57,1820,recovery,31,0,1,0.036797911643611014,0.18269540117335975,0.8173045988266403,0.009276515426057135
5,1763,2000-04-24,57,1820,recovery,32,0,1,0.032732981714897136,0.21111889364477898,0.7888811063552211,0.014055526410738343
5,1763,2000-04-24,57,1820,recovery,33,0,1,0.03053654678155837,0.22647717850738405,0.7735228214926161,0.017199460733244035
5,1763,2000-04-24,57,1820,recovery,34,0,1,0.018453975645284393,0.31096298164542974,0.6890370183545703,0.04804546434438665
5,1763,2000-04-24,57,1820,recovery,35,0,1,0.03756709967086147,0.17731695419270627,0.8226830458072938,0.042096420947921105
5,1763,2000-04-24,57,1820,recovery,36,0,1,0.03932446551782354,0.16502880266325057,0.8349711973367495,0.04294000562677419
5,1763,2000-04-24,57,1820,recovery,37,0,1,0.04151981094970747,0.1496781359975006,0.8503218640024995,0.03972306616756237
5,1763,2000-04-24,57,1820,recovery,38,0,1,0.03295850851608817,0.20954192689549364,0.7904580731045064,0.05760415838704529
5,1763,2000-04-24,57,1820,recovery,39,0,1,0.0461708926612272,0.11715605361730955,0.8828439463826906,0.020019953345023208
5,1763,2000-04-24,57,1820,recovery,40,0,1,0.042427365661746874,0.14333217801607612,0.856667821983924,0.024109613525692804
5,1763,2000-04-24,57,1820,recovery,41,0,1,0.041767127779999136,0.1479488053110859,0.8520511946889142,0.02592470201751294
5,1763,2000-04-24,57,1820,recovery,42,0,1,0.026132781900330304,0.2572699302011604,0.7427300697988397,0.0998118506927836
5,1763,2000-04-24,57,1820,recovery,43,0,1,0.017324162636419338,0.3188630517855682,0.6811369482144319,0.10976424097000308
5,1763,2000-04-24,57,1820,recovery,44,0,1,0.030426507134600156,0.2272466163898875,0.7727533836101126,0.10390436572725545
5,1763,2000-04-24,57,1820,recovery,45,0,1,0.022829413488681727,0.28036830306992094,0.7196316969300791,0.18200045583517102
5,1763,2000-04-24,57,1820,recovery,46,0,1,0.025691533811043277,0.2603552999280246,0.7396447000719756,0.1811174971256475
5,1763,2000-04-24,57,1820,recovery,47,0,1,0.016002597371468807,0.3281039245724443,0.6718960754275558,0.12423862361828118
5,1763,2000-04-24,57,1820,recovery,48,0,1,0.02370973066434523,0.27421280000990894,0.7257871999900911,0.09510537648906085
5,1763,2000-04-24,57,1820,recovery,49,0,1,0.03780243198514799,0.17567142367171132,0.8243285763282888,0.08590135782847017
5,1763,2000-04-24,57,1820,recovery,50,0,1,0.019085886489201398,0.30654442746868754,0.6934555725313125,0.2109249937347666
5,1763,2000-04-24,57,1820,recovery,51,0,1,0.027013099075993807,0.2511144271411484,0.7488855728588517,0.20963463671023058
5,1763,2000-04-24,57,1820,recovery,52,0,1,0.04352885163278142,0.1356301809942037,0.8643698190057963,0.14728880616567297
5,1763,2000-04-24,57,1820,recovery,53,0,1,0.041767127779999136,0.1479488053110859,0.8520511946889142,0.14866931218722423
5,1763,2000-04-24,57,1820,recovery,54,0,1,0.043967920719158116,0.13256004766105434,0.8674399523389458,0.15814502267060448
5,1763,2000-04-24,57,1820,recovery,55,0,1,0.050794736836371035,0.08482442615853097,0.9151755738414692,0.0015779934012305917
5,1763,2000-04-24,57,1820,recovery,56,0,1,0.05541858101151509,0.05249279869975086,0.9475072013002493,0.0015638058944879773
5,1763,2000-04-24,57,1820,recovery,57,1,1,0.0657677553328373,-0.019872453239678674,1.0198724532396788,0.0014897403400704519
6,1889,2000-10-20,42,1931,relapse,1,0,0,0.004467907788909153,0.4067253793594014,0.5932746206405985,0.11317210064131186
6,1889,2000-10-20,42,1931,relapse,2,0,0,-0.0022323003386481854,0.45662499550881136,0.5433750044911885,0.010421063792558265
6,1889,2000-10-20,42,1931,relapse,3,0,0,-0.02568633589671232,0.6312982816547271,0.3687017183452727,0.09908353134540862
6,1889,2000-10-20,42,1931,relapse,4,0,0,-0.023005370749259235,0.6113318672955024,0.3886681327044975,0.10621457703981567
6,1889,2000-10-20,42,1931,relapse,5,0,0,-0.004466805418371633,0.47326641076627385,0.526733589233726,0.1051976818998247
6,1889,2000-10-20,42,1931,relapse,6,0,0,0.004467907788909153,0.4067253793594014,0.5932746206405985,0.10381136215205763
6,1889,2000-10-20,42,1931,relapse,7,0,0,0.021778432340905818,0.2778057228286007,0.7221942771713992,0.09297388373032986
6,1889,2000-10-20,42,1931,relapse,8,0,0,0.018316988852829175,0.3035847282101647,0.6964152717898352,0.001910124434297228
6,1889,2000-10-20,42,1931,relapse,9,0,0,0.01999148969944975,0.2911139291099745,0.7088860708900253,0.0019130971714471914
6,1889,2000-10-20,42,1931,relapse,10,0,0,0.02054928919147736,0.2869597327013533,0.7130402672986467,0.002078804810094138
6,1889,2000-10-20,42,1931,relapse,11,0,0,0.027697059757302078,0.23372690757585463,0.7662730924241453,0.0020819864271025457
6,1889,2000-10-20,42,1931,relapse,12,0,0,0.02747438090870613,0.23538530218957257,0.7646146978104273,0.002200846909122716
6,1889,2000-10-20,42,1931,relapse,13,0,0,0.004691689008042843,0.40505877487135705,0.5949412251286429,0.08844674324097418
6,1889,2000-10-20,42,1931,relapse,14,0,0,0.0008940225059970164,0.43334179192214906,0.5666582080778508,0.10218379778100121
6,1889,2000-10-20,42,1931,relapse,15,0,0,-0.023452933187526392,0.6146650762715894,0.3853349237284105,0.24466036261064394
6,1889,2000-10-20,42,1931,relapse,16,0,0,-0.03104716382108086,0.6712229004988511,0.32877709950114875,0.25568223051148686
6,1889,2000-10-20,42,1931,relapse,17,0,0,-0.005583506772964597,0.48158301345784277,0.5184169865421572,0.2535722752797336
6,1889,2000-10-20,42,1931,relapse,18,0,0,-0.002456081557781875,0.4582915999968557,0.5417084000031442,0.14606267612330948
6,1889,2000-10-20,42,1931,relapse,19,0,0,-0.018092105263157854,0.5747404574274654,0.4252595425725345,0.25733717508958137
6,1889,2000-10-20,42,1931,relapse,20,0,0,-0.02334159376322853,0.6138358789647312,0.38616412103526865,0.09498257655385987
6,1889,2000-10-20,42,1931,relapse,21,0,0,-0.03730091188090878,0.7177975175465006,0.2822024824534993,0.12916334835721965
6,1889,2000-10-20,42,1931,relapse,22,0,0,-0.0323876463948074,0.6812061076784636,0.3187938923215363,0.12981522194356618
6,1889,2000-10-20,42,1931,relapse,23,0,0,-0.05550545893890224,0.8533753821551505,0.1466246178448494,0.2847028834131863
6,1889,2000-10-20,42,1931,relapse,24,0,0,-0.03618421052631571,0.7094809148549308,0.2905190851450691,0.19719736119398093
6,1889,2000-10-20,42,1931,relapse,25,0,0,-0.02769705975730219,0.6462730924241462,0.35372690757585373,0.2038334136305109
6,1889,2000-10-20,42,1931,relapse,26,0,0,-0.0444486824467335,0.7710303426719992,0.22896965732800068,0.21588145515644003
6,1889,2000-10-20,42,1931,relapse,27,0,0,-0.04623562508818957,0.7843385489533731,0.21566145104662685,0.23310340071459756
6,1889,2000-10-20,42,1931,relapse,28,0,0,-0.05450009700860725,0.8458879767704406,0.1541120232295593,0.09817761693183377
6,1889,2000-10-20,42,1931,relapse,29,0,0,-0.05494655707633689,0.8492129758722029,0.15078702412779701,0.09829774220702509
6,1889,2000-10-20,42,1931,relapse,30,0,0,-0.046905866375052896,0.7893301525431796,0.21066984745682024,0.09652006737758172
6,1889,2000-10-20,42,1931,relapse,31,0,0,-0.01563492133483846,0.556440647556285,0.4435593524437149,0.016066920971077616
6,1889,2000-10-20,42,1931,relapse,32,0,0,-0.03138228446451252,0.6737187022937545,0.3262812977062454,0.06454799415146156
6,1889,2000-10-20,42,1931,relapse,33,0,0,-0.04467246366586719,0.7726969471600436,0.22730305283995636,0.0921872499833121
6,1889,2000-10-20,42,1931,relapse,34,0,0,-0.04243795858614363,0.7560555319025802,0.24394446809741968,0.09230923344343347
6,1889,2000-10-20,42,1931,relapse,35,0,0,-0.009157392055876845,0.5081994260205912,0.49180057397940863,0.08280339692386467
6,1889,2000-10-20,42,1931,relapse,36,0,0,-0.013401518625652531,0.5398074421731472,0.4601925578268527,0.0868650318060394
6,1889,2000-10-20,42,1931,relapse,37,0,0,-0.026914376675603258,0.640444081653155,0.35955591834684486,0.08118485756610157
6,1889,2000-10-20,42,1931,relapse,38,0,0,-0.03931163574149854,0.7327723283159188,0.2672276716840812,0.07349705962280409
6,1889,2000-10-20,42,1931,relapse,39,0,0,-0.061016209256384846,0.89441654390752,0.10558345609247992,0.16739664486525033
6,1889,2000-10-20,42,1931,relapse,40,0,0,-0.0484690277973755,0.8009717543365108,0.19902824566348906,0.16290472881851534
6,1889,2000-10-20,42,1931,relapse,41,0,0,-0.06784980421899245,0.9453095548502973,0.054690445149702595,0.22765255737689946
6,1889,2000-10-20,42,1931,relapse,42,1,0,-0.09484796105545368,1.1463775869521786,-0.1463775869521787,0.30138034428337934
7,1909,2000-11-17,22,1931,relapse,1,0,0,-0.01429293807183607,0.5752812313511105,0.42471876864888947,0.12916334835721965
7,1909,2000-11-17,22,1931,relapse,2,0,0,-0.009262248267984385,0.5276662547948517,0.4723337452051482,0.12981522194356618
7,1909,2000-11-17,22,1931,relapse,3,0,0,-0.03293256369912023,0.7517034262916638,0.24829657370833635,0.2847028834131863
7,1909,2000-11-17,22,1931,relapse,4,0,0,-0.013149548174752335,0.5644591601706092,0.4355408398293908,0.19719736119398093
7,1909,2000-11-17,22,1931,relapse,5,0,0,-0.004459559213600528,0.48220928256086476,0.5177907174391353,0.2038334136305109
7,1909,2000-11-17,22,1931,relapse,6,0,0,-0.021611536386436425,0.6445510334580831,0.35544896654191693,0.21588145515644003
7,1909,2000-11-17,22,1931,relapse,7,0,0,-0.023441185965086486,0.661868483984826,0.3381315160151741,0.23310340071459756
7,1909,2000-11-17,22,1931,relapse,8,0,0,-0.031903174176770466,0.7419603572722988,0.2580396427277013,0.09817761693183377
7,1909,2000-11-17,22,1931,relapse,9,0,0,-0.03236030439228754,0.7462870491065554,0.2537129508934447,0.09829774220702509
7,1909,2000-11-17,22,1931,relapse,10,0,0,-0.024127445646652923,0.6683638633310686,0.3316361366689315,0.09652006737758172
7,1909,2000-11-17,22,1931,relapse,11,0,0,0.007890857621432934,0.36531382070792023,0.6346861792920798,0.016066920971077616
7,1909,2000-11-17,22,1931,relapse,12,0,0,-0.00823285874563462,0.5179231857754868,0.48207681422451315,0.06454799415146156
7,1909,2000-11-17,22,1931,relapse,13,0,0,-0.021840665852485786,0.6467197209700691,0.353280279029931,0.0921872499833121
7,1909,2000-11-17,22,1931,relapse,14,0,0,-0.019552757341737004,0.6250648954193543,0.37493510458064583,0.09230923344343347
7,1909,2000-11-17,22,1931,relapse,15,0,0,0.014523196254466963,0.30253939794718926,0.6974606020528108,0.08280339692386467
7,1909,2000-11-17,22,1931,relapse,16,0,0,0.010177637415600183,0.3436696783469197,0.6563303216530804,0.0868650318060394
7,1909,2000-11-17,22,1931,relapse,17,0,0,-0.0036581704407187,0.4746242178637725,0.5253757821362275,0.08118485756610157
7,1909,2000-11-17,22,1931,relapse,18,0,0,-0.01635171711653549,0.5947673693898394,0.4052326306101606,0.07349705962280409
7,1909,2000-11-17,22,1931,relapse,19,0,0,-0.038575017890157715,0.8051086916730262,0.19489130832697385,0.16739664486525033
7,1909,2000-11-17,22,1931,relapse,20,0,0,-0.025727965759253735,0.6835126263458265,0.31648737365417356,0.16290472881851534
7,1909,2000-11-17,22,1931,relapse,21,0,0,-0.04557193197902387,0.8713337847114482,0.1286662152885519,0.22765255737689946
7,1909,2000-11-17,22,1931,relapse,22,1,0,-0.07321532977712353,1.1329757840022983,-0.13297578400229823,0.30138034428337934
8,1936,2000-12-28,49,1985,relapse,1,0,0,-0.01893014714759944,0.575239008884258,0.42476099111574206,0.055684729498771346
8,1936,2000-12-28,49,1985,relapse,2,0,0,-0.036690886553650714,0.7021236429865636,0.29787635701343645,0.10141237894223581
8,1936,2000-12-28,49,1985,relapse,3,0,0,0.009581784375930491,0.37154670102457005,0.62845329897543,0.0774771079009776
8,1936,2000-12-28,49,1985,relapse,4,0,0,-0.0012855436136194331,0.44918406195302224,0.5508159380469778,0.1007936887403065
8,1936,2000-12-28,49,1985,relapse,5,0,0,-0.033886377722150085,0.6820879300139157,0.31791206998608446,0.21452641451338048
8,1936,2000-12-28,49,1985,relapse,6,0,0,-0.026407687504815036,0.628659362086854,0.37134063791314603,0.17625494471966718
8,1936,2000-12-28,49,1985,relapse,7,0,0,-0.028978774732053902,0.6470274859928984,0.35297251400710167,0.13912726449954566
8,1936,2000-12-28,49,1985,relapse,8,0,0,-0.01191830013878814,0.5251456190904052,0.47485438090959486,0.1542558138337045
8,1936,2000-12-28,49,1985,relapse,9,0,0,-0.010983463861621301,0.5184670480995228,0.48153295190047724,0.13982165810246383
8,1936,2000-12-28,49,1985,relapse,10,0,0,-0.01285313641595498,0.5318241900812877,0.46817580991871244,0.0013659017521849073
8,1936,2000-12-28,49,1985,relapse,11,0,0,-0.006542704080048645,0.4867417822117129,0.5132582177882872,0.0013881020901145291
8,1936,2000-12-28,49,1985,relapse,12,0,0,-0.0019869582865243984,0.45419504387730025,0.5458049561226999,0.0005031956613677519
8,1936,2000-12-28,49,1985,relapse,13,0,0,0.007945533425858686,0.3832362539397305,0.6167637460602696,0.0005087820925099125
8,1936,2000-12-28,49,1985,relapse,14,0,0,0.0022203798907862726,0.42413736705609545,0.5758626329439046,0.0054205806900596894
8,1936,2000-12-28,49,1985,relapse,15,0,0,0.008880369703025748,0.37655768294884645,0.6234423170511536,0.005568899386325193
8,1936,2000-12-28,49,1985,relapse,16,0,0,0.016827052989003777,0.3197857221641121,0.6802142778358881,0.005555692860268408
8,1936,2000-12-28,49,1985,relapse,17,0,0,0.01986498342476639,0.29808242012485886,0.7019175798751413,0.00652067693467937
8,1936,2000-12-28,49,1985,relapse,18,0,0,0.017293896197527525,0.3164505440309033,0.6835494559690968,0.007973794416681172
8,1936,2000-12-28,49,1985,relapse,19,0,0,0.01612563831609881,0.32479670408839006,0.67520329591161,0.0015970218316588658
8,1936,2000-12-28,49,1985,relapse,20,0,0,0.021547228779618788,0.28606427823105773,0.7139357217689424,0.001590726868388227
8,1936,2000-12-28,49,1985,relapse,21,0,0,0.030520737152325284,0.22195656849815631,0.7780434315018437,0.0016917552753778725
8,1936,2000-12-28,49,1985,relapse,22,0,0,0.024687496766018224,0.2636298657143289,0.7363701342856712,0.009402572196973769
8,1936,2000-12-28,49,1985,relapse,23,0,0,0.03149351881343643,0.21500691159989305,0.7849930884001071,0.016066914253295
8,1936,2000-12-28,49,1985,relapse,24,0,0,0.00808581636043959,0.3822340575548755,0.6177659424451246,0.22387376445680754
8,1936,2000-12-28,49,1985,relapse,25,0,0,0.01548976567000615,0.3293394467181053,0.6706605532818948,0.3856954827872352
8,1936,2000-12-28,49,1985,relapse,26,0,0,0.01249782963902435,0.3507141597787162,0.6492858402212839,0.40591315692568813
8,1936,2000-12-28,49,1985,relapse,27,0,0,0.0072636663749854335,0.38810758554808644,0.6118924144519137,0.3964501277381399
8,1936,2000-12-28,49,1985,relapse,28,0,0,-0.004477555305397174,0.47198813707072296,0.5280118629292772,0.5586637383297481
8,1936,2000-12-28,49,1985,relapse,29,0,0,-0.014050140800371702,0.540375718250426,0.4596242817495742,0.19801483366682138
8,1936,2000-12-28,49,1985,relapse,30,0,0,-0.002757364566600473,0.45969890926954093,0.5403010907304592,0.18104318722387466
8,1936,2000-12-28,49,1985,relapse,31,0,0,-0.0109087229538527,0.5179330910092307,0.4820669089907694,0.21696003818675672
8,1936,2000-12-28,49,1985,relapse,32,0,0,-0.012404690969343601,0.5286204475395361,0.471379552460464,0.20308639021973893
8,1936,2000-12-28,49,1985,relapse,33,0,0,-0.0028321054743690732,0.4602328663598331,0.5397671336401669,0.1105475197364891
8,1936,2000-12-28,49,1985,relapse,34,0,0,-0.024818580819643277,0.6173066128747999,0.3826933871252001,0.29225465163942116
8,1936,2000-12-28,49,1985,relapse,35,0,0,-0.039850702162081975,0.7246977058192153,0.2753022941807848,0.37819091835348734
8,1936,2000-12-28,49,1985,relapse,36,0,0,-0.06056543221517108,0.8726859670747533,0.1273140329252468,0.4768700594272376
8,1936,2000-12-28,49,1985,relapse,37,0,0,-0.05914420510744878,0.8625325676347401,0.13746743236526002,0.477209301461145
8,1936,2000-12-28,49,1985,relapse,38,0,0,-0.06550178170825516,0.9079517792074212,0.09204822079257892,0.48768740817607903
8,1936,2000-12-28,49,1985,relapse,39,0,0,-0.04560920164062032,0.7658370459450949,0.23416295405490517,0.2521342909573998
8,1936,2000-12-28,49,1985,relapse,40,0,0,-0.05443322819778984,0.8288768414974136,0.17112315850258653,0.1971230400166515
8,1936,2000-12-28,49,1985,relapse,41,0,0,-0.07305406297323935,0.9619060895003094,0.038093910499690714,0.15509797748840198
8,1936,2000-12-28,49,1985,relapse,42,0,0,-0.06819360424804322,0.9271824491823984,0.0728175508176016,0.15532034569655215
8,1936,2000-12-28,49,1985,relapse,43,0,0,-0.07559755355760978,0.9800770600191687,0.019922939980831406,0.15958952129075632
8,1936,2000-12-28,49,1985,relapse,44,0,0,-0.0671460816791637,0.9196988351938447,0.08030116480615547,0.1834186869938515
8,1936,2000-12-28,49,1985,relapse,45,0,0,-0.05712505073757779,0.84810751147239,0.15189248852761,0.15132359507981805
8,1936,2000-12-28,49,1985,relapse,46,0,0,-0.05039491945804797,0.8000267291727144,0.1999732708272857,0.020685561222365017
8,1936,2000-12-28,49,1985,relapse,47,0,0,-0.04934739688916845,0.7925431151841605,0.20745688481583957,0.020859452980549757
8,1936,2000-12-28,49,1985,relapse,48,0,0,-0.07746722611194345,0.9934342020009335,0.006565797999066604,0.23631547793193622
8,1936,2000-12-28,49,1985,relapse,49,1,0,-0.11695227275601927,1.2755196254399517,-0.27551962543995157,0.4995510967467247
9,1981,2001-03-06,4,1985,relapse,1,0,0,0.007137883220669439,0.3667031152682737,0.6332968847317262,0.020685561222365017
9,1981,2001-03-06,4,1985,relapse,2,0,0,0.008248871024194138,0.35529469873135167,0.6447053012686483,0.020859452980549757
9,1981,2001-03-06,4,1985,relapse,3,0,0,-0.021574627038589367,0.6615436849118358,0.33845631508816415,0.23631547793193622
9,1981,2001-03-06,4,1985,relapse,4,1,0,-0.0634519159356628,1.091569607481933,-0.09156960748193299,0.4995510967467247
10,2006,2001-04-10,6,2012,recovery,1,0,1,0.0006862154821780653,0.4357696055617601,0.56423039443824,0.029284051724731024
10,2006,2001-04-10,6,2012,recovery,2,0,1,0.018860409047527504,0.3237289865796313,0.6762710134203688,0.028147669592263887
10,2006,2001-04-10,6,2012,recovery,3,0,1,0.008143879141941479,0.38979445681053926,0.6102055431894609,0.013893613862298506
10,2006,2001-04-10,6,2012,recovery,4,0,1,0.022374305568336306,0.30206644954243445,0.6979335504575657,0.014264523894210455
10,2006,2001-04-10,6,2012,recovery,5,0,1,0.06300956757907894,0.0515574026450322,0.9484425973549678,0.012975324274855326
10,2006,2001-04-10,6,2012,recovery,6,1,1,0.07715454571746339,-0.03564383136927063,1.0356438313692706,0.013156752459946073
11,2119,2001-09-26,11,2130,recovery,1,0,1,0.008678679987198512,0.38578330161169094,0.614216698388309,0.015794378891669732
11,2119,2001-09-26,11,2130,recovery,2,0,1,0.030080881811584304,0.2520813189518825,0.7479186810481174,0.001517054872608146
11,2119,2001-09-26,11,2130,recovery,3,0,1,0.028405547984415636,0.26254731941984716,0.7374526805801528,0.001844421819057586
11,2119,2001-09-26,11,2130,recovery,4,0,1,0.04132590276452608,0.1818323974252044,0.8181676025747956,0.0018581937092221577
11,2119,2001-09-26,11,2130,recovery,5,0,1,0.05878243048115883,0.07277948851326446,0.9272205114867356,0.00031609632252948167
11,2119,2001-09-26,11,2130,recovery,6,0,1,0.05967043253663573,0.06723203893786761,0.9327679610621323,0.00033092913201314693
11,2119,2001-09-26,11,2130,recovery,7,0,1,0.05759842774052304,0.08017608794712648,0.9198239120528735,0.0008144304989934466
11,2119,2001-09-26,11,2130,recovery,8,0,1,0.05069424932272959,0.1233072737321449,0.8766927262678551,0.005871332490997937
11,2119,2001-09-26,11,2130,recovery,9,0,1,0.04507324138780766,0.1584223479479795,0.8415776520520205,0.009459845103398205
11,2119,2001-09-26,11,2130,recovery,10,0,1,0.06834911252383402,0.013015340549559946,0.98698465945044,0.009698544221799074
11,2119,2001-09-26,11,2130,recovery,11,1,1,0.08491914072653906,-0.09049950533448897,1.090499505334489,0.009840180804100275
12,2309,2002-06-28,7,2316,relapse,1,0,0,-0.019502743311700987,0.6081282342575259,0.3918717657424742,0.2332892488617578
12,2309,2002-06-28,7,2316,relapse,2,0,0,-0.04031959314530331,0.7875850496086159,0.21241495039138425,0.1969276411494929
12,2309,2002-06-28,7,2316,relapse,3,0,0,-0.034861934968496544,0.7405359541156168,0.2594640458843834,0.19939608439997744
12,2309,2002-06-28,7,2316,relapse,4,0,0,0.0035368064162546453,0.4095100833676656,0.5904899166323344,0.1593065553158707
12,2309,2002-06-28,7,2316,relapse,5,0,0,-0.008992940107537262,0.5175258699198895,0.4824741300801106,0.17895417519707862
12,2309,2002-06-28,7,2316,relapse,6,0,0,-0.033953341596044906,0.7327031996704135,0.26729680032958664,0.20276725661213496
12,2309,2002-06-28,7,2316,relapse,7,1,0,-0.06911864918386668,1.035854452669579,-0.035854452669578825,0.2977157082326977
13,2331,2002-07-31,47,2378,relapse,1,0,0,-0.02610809638945011,0.5622151413709049,0.4377848586290951,0.04582972804836117
13,2331,2002-07-31,47,2378,relapse,2,0,0,-0.04793821172117152,0.6644045385453223,0.3355954614546777,0.08510337394393783
13,2331,2002-07-31,47,2378,relapse,3,0,0,-0.08106649985022929,0.819482042346209,0.18051795765379103,0.16069271836835003
13,2331,2002-07-31,47,2378,relapse,4,0,0,-0.05013264223666414,0.6746769318933081,0.325323068106692,0.15616371318033542
13,2331,2002-07-31,47,2378,relapse,5,0,0,-0.033568498172135364,0.5971381799928653,0.4028618200071348,0.16757303347377936
13,2331,2002-07-31,47,2378,relapse,6,0,0,-0.0023036555637750977,0.45078368894449206,0.5492163110555079,0.11279591851356427
13,2331,2002-07-31,47,2378,relapse,7,0,0,0.001424890402593526,0.43332991653648933,0.5666700834635107,0.08056684535950966
13,2331,2002-07-31,47,2378,relapse,8,0,0,-0.005924631406835079,0.46773391265896513,0.5322660873410349,0.00347943063588488
13,2331,2002-07-31,47,2378,relapse,9,0,0,-0.02402454584721403,0.5524617905224032,0.4475382094775968,0.025198766248366585
13,2331,2002-07-31,47,2378,relapse,10,0,0,0.011627502867157524,0.3855702596810357,0.6144297403189644,0.023278084793718845
13,2331,2002-07-31,47,2378,relapse,11,0,0,0.025667886346372626,0.31984553482107314,0.680154465178927,0.024584758388884215
13,2331,2002-07-31,47,2378,relapse,12,0,0,0.022596345594672496,0.3342237867470625,0.6657762132529376,0.02733454021588483
13,2331,2002-07-31,47,2378,relapse,13,0,0,0.046511666393604045,0.22227329182116562,0.7777267081788345,0.024247322040415763
13,2331,2002-07-31,47,2378,relapse,14,0,0,0.03543194369283276,0.2741388072546218,0.7258611927453782,0.008965267370359966
13,2331,2002-07-31,47,2378,relapse,15,0,0,0.0503510923332291,0.20430047691367945,0.7956995230863206,0.011661429262769167
13,2331,2002-07-31,47,2378,relapse,16,0,0,0.060552049872818925,0.1565485669612041,0.843451433038796,0.011638614881863253
13,2331,2002-07-31,47,2378,relapse,17,0,0,0.037735599256607744,0.2633551183101303,0.7366448816898697,0.055186763203554784
13,2331,2002-07-31,47,2378,relapse,18,0,0,0.04497589601775398,0.2294624177841603,0.7705375822158398,0.06971684279776356
13,2331,2002-07-31,47,2378,relapse,19,0,0,0.03290818310751886,0.2859528342951031,0.7140471657048969,0.07257161021706901
13,2331,2002-07-31,47,2378,relapse,20,0,0,0.010310182587872418,0.39173679445101783,0.6082632055489822,0.12383920696444954
13,2331,2002-07-31,47,2378,relapse,21,0,0,0.010750392630950012,0.38967611825903936,0.6103238817409607,0.13445691359753123
13,2331,2002-07-31,47,2378,relapse,22,0,0,0.006800086718068643,0.4081679756660085,0.5918320243339915,0.08347525164229877
13,2331,2002-07-31,47,2378,relapse,23,0,0,-0.03159417267818165,0.5878961247408693,0.4121038752591307,0.2716511103358047
13,2331,2002-07-31,47,2378,relapse,24,0,0,-0.017772239295531622,0.5231939910739197,0.47680600892608027,0.28706915324142246
13,2331,2002-07-31,47,2378,relapse,25,0,0,-0.02610809638945011,0.5622151413709049,0.4377848586290951,0.2353253059330649
13,2331,2002-07-31,47,2378,relapse,26,0,0,-0.012726373049877782,0.49957368389593443,0.5004263161040656,0.2679395176838567
13,2331,2002-07-31,47,2378,relapse,27,0,0,-0.005486076288731434,0.4656809833699639,0.5343190166300361,0.26362800090946653
13,2331,2002-07-31,47,2378,relapse,28,0,0,0.005922976481861131,0.4122738342440121,0.5877261657559879,0.011936032401838615
13,2331,2002-07-31,47,2378,relapse,29,0,0,-0.00032933006982127644,0.44154163369249555,0.5584583663075045,0.019269777937138938
13,2331,2002-07-31,47,2378,relapse,30,0,0,-0.018758574580021392,0.5278111452484285,0.4721888547515714,0.0794699194836808
13,2331,2002-07-31,47,2378,relapse,31,0,0,-0.016345693967963926,0.5165161607074308,0.4834838392925692,0.08260567319591768
13,2331,2002-07-31,47,2378,relapse,32,0,0,-0.01393281335590657,0.5052211761664336,0.4947788238335664,0.0826587335513444
13,2331,2002-07-31,47,2378,relapse,33,0,0,-0.036529158950578955,0.6109973894193707,0.38900261058062946,0.19788170454718446
13,2331,2002-07-31,47,2378,relapse,34,0,0,-0.04618399124875672,0.6561928213893162,0.3438071786106839,0.21183951159842476
13,2331,2002-07-31,47,2378,relapse,35,0,0,-0.07086554231063935,0.7717301323937331,0.2282698676062669,0.2583753324840025
13,2331,2002-07-31,47,2378,relapse,36,0,0,-0.07056765581532365,0.7703356898578076,0.2296643101421924,0.2631593748380698
13,2331,2002-07-31,47,2378,relapse,37,0,0,-0.0781703811457708,0.805924962135821,0.19407503786417904,0.3007476525783897
13,2331,2002-07-31,47,2378,relapse,38,0,0,-0.0930465017368437,0.8755618729993517,0.12443812700064837,0.23110401012515147
13,2331,2002-07-31,47,2378,relapse,39,0,0,-0.07056765581532365,0.7703356898578076,0.2296643101421924,0.19182164904680737
13,2331,2002-07-31,47,2378,relapse,40,0,0,-0.055362205154429356,0.699157145301781,0.30084285469821914,0.06527066039291081
13,2331,2002-07-31,47,2378,relapse,41,0,0,-0.08819757156309316,0.8528634472756733,0.14713655272432674,0.24979592718067267
13,2331,2002-07-31,47,2378,relapse,42,0,0,-0.09877585199674976,0.9023816511069886,0.09761834889301138,0.255758521400256
13,2331,2002-07-31,47,2378,relapse,43,0,0,-0.055471430202711725,0.6996684408982867,0.3003315591017134,0.19404361967604708
13,2331,2002-07-31,47,2378,relapse,44,0,0,-0.08379050635739427,0.8322334446469513,0.16776655535304885,0.29379403136204923
13,2331,2002-07-31,47,2378,relapse,45,0,0,-0.0930465017368437,0.8755618729993517,0.12443812700064837,0.30569956505486096
13,2331,2002-07-31,47,2378,relapse,46,0,0,-0.10968346250022754,0.953441488630799,0.046558511369201014,0.18707244041363535
13,2331,2002-07-31,47,2378,relapse,47,1,0,-0.12808622821084403,1.0395870497390942,-0.0395870497390942,0.2141157827235766
14,2359,2002-09-10,9,2368,relapse,1,0,0,-0.006215492336748785,0.48507057022487454,0.5149294297751255,0.019269777937138938
14,2359,2002-09-10,9,2368,relapse,2,0,0,-0.024536223586625328,0.6179201917241326,0.3820798082758674,0.0794699194836808
14,2359,2002-09-10,9,2368,relapse,3,0,0,-0.022137550260267536,0.6005266259782704,0.39947337402172955,0.08260567319591768
14,2359,2002-09-10,9,2368,relapse,4,0,0,-0.019738876933909855,0.5831330602324091,0.4168669397675909,0.0826587335513444
14,2359,2002-09-10,9,2368,relapse,5,0,0,-0.04220217295454687,0.7460217753860429,0.25397822461395714,0.19788170454718446
14,2359,2002-09-10,9,2368,relapse,6,0,0,-0.05180015662119386,0.8156198978561111,0.18438010214388892,0.21183951159842476
14,2359,2002-09-10,9,2368,relapse,7,0,0,-0.07633638020781919,0.9935400895802436,0.006459910419756306,0.2583753324840025
14,2359,2002-09-10,9,2368,relapse,8,0,0,-0.07604024769839235,0.9913927357844586,0.008607264215541399,0.2631593748380698
14,2359,2002-09-10,9,2368,relapse,9,1,0,-0.0835982074112096,1.0461979765502265,-0.04619797655022657,0.3007476525783897
15,2383,2002-10-14,16,2399,recovery,1,0,1,0.04809221267835584,0.19025882757512882,0.8097411724248712,0.06064655015946586
15,2383,2002-10-14,16,2399,recovery,2,0,1,0.022687584297579333,0.32218417106610725,0.6778158289338928,0.04289620735343161
15,2383,2002-10-14,16,2399,recovery,3,0,1,0.04301128700220058,0.21664389627332428,0.7833561037266757,0.04383348433651948
15,2383,2002-10-14,16,2399,recovery,4,0,1,0.047384113011996964,0.19393596428856838,0.8060640357114317,0.04377802528199527
15,2383,2002-10-14,16,2399,recovery,5,0,1,0.06546283807766029,0.10005377957724468,0.8999462204227554,0.04307208976302646
15,2383,2002-10-14,16,2399,recovery,6,0,1,0.057781997586427325,0.13994011465436312,0.8600598853456369,0.04753891562175288
15,2383,2002-10-14,16,2399,recovery,7,0,1,0.0658160005678996,0.09821981916126767,0.9017801808387325,0.003958340092950042
15,2383,2002-10-14,16,2399,recovery,8,0,1,0.044074323844679464,0.21112358326241987,0.7888764167375802,0.0356441957745463
15,2383,2002-10-14,16,2399,recovery,9,0,1,0.0658160005678996,0.09821981916126767,0.9017801808387325,0.03799094823050674
15,2383,2002-10-14,16,2399,recovery,10,0,1,0.05884503442890621,0.13441980164345874,0.8655801983565413,0.041728988291298834
15,2383,2002-10-14,16,2399,recovery,11,0,1,0.04655710939163771,0.1982305650616596,0.8017694349383405,0.05808947019566519
15,2383,2002-10-14,16,2399,recovery,12,0,1,0.05671896074394822,0.14546042766526868,0.8545395723347314,0.06314952179289544
15,2383,2002-10-14,16,2399,recovery,13,0,1,0.045966138993398076,0.2012994535969376,0.7987005464030624,0.02967579523545066
15,2383,2002-10-14,16,2399,recovery,14,0,1,0.06664300418825864,0.0939252183881776,0.9060747816118224,0.029550946460804937
15,2383,2002-10-14,16,2399,recovery,15,0,1,0.07680485554056937,0.04115508099178553,0.9588449190082146,0.02600675737275271
15,2383,2002-10-14,16,2399,recovery,16,1,1,0.0853126996521616,-0.0030258548584241127,1.003025854858424,0.0115185044286027
16,2427,2002-12-16,27,2454,relapse,1,0,0,-0.008729624185336071,0.5147939843845863,0.4852060156154137,0.07592476998183226
16,2427,2002-12-16,27,2454,relapse,2,0,0,-0.020186129287586008,0.6129514360145188,0.38704856398548115,0.1039086139551898
16,2427,2002-12-16,27,2454,relapse,3,0,0,-0.02716884538552433,0.6727781991950569,0.3272218008049431,0.12773456473251896
16,2427,2002-12-16,27,2454,relapse,4,0,0,-0.013303376973260561,0.5539811460923744,0.44601885390762563,0.06757906313755448
16,2427,2002-12-16,27,2454,relapse,5,0,0,-0.012973988112503498,0.5511589965032426,0.4488410034967574,0.06847513234648984
16,2427,2002-12-16,27,2454,relapse,6,0,0,-0.02026642806458645,0.613639422730277,0.386360577269723,0.061901768268938
16,2427,2002-12-16,27,2454,relapse,7,0,0,-0.019881321685094377,0.6103398946036803,0.3896601053963196,0.03008351948648928
16,2427,2002-12-16,27,2454,relapse,8,0,0,-0.041920877845895266,0.7991711872615204,0.2008288127384796,0.17469352842967975
16,2427,2002-12-16,27,2454,relapse,9,0,0,-0.03391722015466536,0.7305971644091979,0.26940283559080214,0.17160042705389958
16,2427,2002-12-16,27,2454,relapse,10,0,0,-0.03260130346218837,0.7193226065978925,0.28067739340210746,0.17163604282916728
16,2427,2002-12-16,27,2454,relapse,11,0,0,-0.0014617654915187739,0.4525241663358471,0.547475833664153,0.12445351504214602
16,2427,2002-12-16,27,2454,relapse,12,0,0,0.001607614290560333,0.42622622513961317,0.5737737748603868,0.12478780821043621
16,2427,2002-12-16,27,2454,relapse,13,0,0,0.01926187397680512,0.2749674314893124,0.7250325685106876,0.0
16,2427,2002-12-16,27,2454,relapse,14,0,0,0.01673983687877012,0.29657583058221276,0.7034241694177873,0.0014304834168173837
16,2427,2002-12-16,27,2454,relapse,15,0,0,0.0020467994382362686,0.42246335902077214,0.5775366409792279,0.05852402568361861
16,2427,2002-12-16,27,2454,relapse,16,0,0,0.017616568423570955,0.28906413888975035,0.7109358611102496,0.05759069487337149
16,2427,2002-12-16,27,2454,relapse,17,0,0,0.020358198095444147,0.26557430673742755,0.7344256932625725,0.05749258177657043
16,2427,2002-12-16,27,2454,relapse,18,0,0,0.020028809234687195,0.26839645632655834,0.7316035436734417,0.05751867524785884
16,2427,2002-12-16,27,2454,relapse,19,0,0,0.023317781590604048,0.24021708207090578,0.7597829179290942,0.05970688423825198
16,2427,2002-12-16,27,2454,relapse,20,0,0,0.013121475662096094,0.327577354426998,0.672422645573002,0.03346995526801543
16,2427,2002-12-16,27,2454,relapse,21,0,0,0.008954133010827148,0.3632824609203344,0.6367175390796656,0.039932030446155765
16,2427,2002-12-16,27,2454,relapse,22,0,0,-0.005956858252993635,0.49103738187309465,0.5089626181269054,0.1120518836845206
16,2427,2002-12-16,27,2454,relapse,23,0,0,-0.021416830951409338,0.6234958854744062,0.3765041145255938,0.18154500695844308
16,2427,2002-12-16,27,2454,relapse,24,0,0,-0.033258442433151236,0.7249528652309344,0.27504713476906556,0.23130964040777494
16,2427,2002-12-16,27,2454,relapse,25,0,0,-0.027337636692280287,0.6742243753526703,0.3257756246473297,0.1973442759166155
16,2427,2002-12-16,27,2454,relapse,26,0,0,-0.05288575778283611,0.8931164753255844,0.10688352467441568,0.34311453174056833
16,2427,2002-12-16,27,2454,relapse,27,1,0,-0.06582369338321692,1.0039665798339965,-0.003966579833996405,0.31906498167273767
17,2458,2003-01-31,26,2484,relapse,1,0,0,0.001976353228853922,0.42112498829192513,0.578875011708075,0.16430411822109425
17,2458,2003-01-31,26,2484,relapse,2,0,0,-0.007901939535400748,0.5154668745797432,0.4845331254202569,0.20441490022526349
17,2458,2003-01-31,26,2484,relapse,3,0,0,-0.014060242302989967,0.5742812783730988,0.4257187216269013,0.21405957003598874
17,2458,2003-01-31,26,2484,relapse,4,0,0,-0.01870762476381027,0.6186657523017565,0.3813342476982436,0.05073892448617922
17,2458,2003-01-31,26,2484,relapse,5,0,0,-0.03067515560742473,0.7329607485059328,0.2670392514940672,0.10152876717260198
17,2458,2003-01-31,26,2484,relapse,6,0,0,-0.023820440146715582,0.6674953080737911,0.3325046919262089,0.10013686153705018
17,2458,2003-01-31,26,2484,relapse,7,0,0,-0.030560534066911282,0.73186606417137,0.26813393582862993,0.08264597056444438
17,2458,2003-01-31,26,2484,relapse,8,0,0,-0.046013601756141,0.87944941582204,0.12055058417796002,0.1413359272302661
17,2458,2003-01-31,26,2484,relapse,9,0,0,-0.043109856063132224,0.8517174126797697,0.1482825873202302,0.13846931811539676
17,2458,2003-01-31,26,2484,relapse,10,0,0,-0.022193161609425416,0.6519541077482489,0.34804589225175114,0.0816693021030912
17,2458,2003-01-31,26,2484,relapse,11,0,0,-0.0049964571523841705,0.48771828531119155,0.5122817146888086,0.0799157672971625
17,2458,2003-01-31,26,2484,relapse,12,0,0,-0.010225630765810956,0.5376591115440725,0.4623408884559275,0.07913472902684024
17,2458,2003-01-31,26,2484,relapse,13,0,0,-0.020102186840057934,0.6319844117056101,0.36801558829438985,0.03598990300694855
17,2458,2003-01-31,26,2484,relapse,14,0,0,-0.010225630765810956,0.5376591115440725,0.4623408884559275,0.035362249691627164
17,2458,2003-01-31,26,2484,relapse,15,0,0,-0.026260489607647042,0.6907988154989647,0.3092011845010353,0.1239532063333174
17,2458,2003-01-31,26,2484,relapse,16,0,0,-0.018474908302767545,0.6164432113800659,0.3835567886199342,0.12904462579146633
17,2458,2003-01-31,26,2484,relapse,17,0,0,-0.032767867066800016,0.752947030674853,0.24705296932514695,0.18075552696170838
17,2458,2003-01-31,26,2484,relapse,18,0,0,-0.01998582860953657,0.6308731412447648,0.36912685875523515,0.14437615744933321
17,2458,2003-01-31,26,2484,relapse,19,0,0,-0.013478451150383597,0.5687249260688765,0.4312750739311235,0.1717307661207856
17,2458,2003-01-31,26,2484,relapse,20,0,0,-0.022891310992553038,0.6586217305133154,0.3413782694866846,0.12125206399013717
17,2458,2003-01-31,26,2484,relapse,21,0,0,-0.03846073691230423,0.8073163526248317,0.1926836473751683,0.2027760836340129
17,2458,2003-01-31,26,2484,relapse,22,0,0,-0.030327817605868668,0.7296435232496805,0.2703564767503195,0.12680083787646707
17,2458,2003-01-31,26,2484,relapse,23,0,0,-0.03846073691230423,0.8073163526248317,0.1926836473751683,0.15075055092715037
17,2458,2003-01-31,26,2484,relapse,24,0,0,-0.03183873791263758,0.7440734531143784,0.25592654688562155,0.14942421145453622
17,2458,2003-01-31,26,2484,relapse,25,0,0,-0.055077386906746795,0.9660124088839472,0.03398759111605275,0.28229413342878623
17,2458,2003-01-31,26,2484,relapse,26,1,0,-0.0643738885183951,1.054797942867543,-0.054797942867543026,0.22968875990693813
18,3602,2007-08-17,22,3624,recovery,1,0,1,-0.00048380401643222104,0.44396605919517945,0.5560339408048206,0.09045575465760035
18,3602,2007-08-17,22,3624,recovery,2,0,1,0.001520117945121191,0.42753859507313596,0.572461404926864,0.0432822568672915
18,3602,2007-08-17,22,3624,recovery,3,0,1,0.01340623792279172,0.330100265023534,0.6698997349764659,5.106735169093123e-05
18,3602,2007-08-17,22,3624,recovery,4,0,1,0.012507335785752138,0.3374691560725642,0.6625308439274358,0.0002546371184743307
18,3602,2007-08-17,22,3624,recovery,5,0,1,0.02501562582005734,0.23493048954316595,0.765069510456834,0.0002710899078984876
18,3602,2007-08-17,22,3624,recovery,6,0,1,0.015478865780169881,0.31310957356016283,0.6868904264398372,0.024387425733621293
18,3602,2007-08-17,22,3624,recovery,7,0,1,-0.006841007877321781,0.49608023347186875,0.5039197665281312,0.14622849955141787
18,3602,2007-08-17,22,3624,recovery,8,0,1,0.01264570182595448,0.3363348787879482,0.6636651212120518,0.13428860393699923
18,3602,2007-08-17,22,3624,recovery,9,0,1,0.009950903911941866,0.3584259067311139,0.6415740932688861,0.13752931227141327
18,3602,2007-08-17,22,3624,recovery,10,0,1,0.019901807823883955,0.2768518134622259,0.723148186537774,0.1592751321687376
18,3602,2007-08-17,22,3624,recovery,11,0,1,0.03019814971205559,0.1924459382827773,0.8075540617172227,0.1423808192328122
18,3602,2007-08-17,22,3624,recovery,12,0,1,0.02128355972880258,0.2655246858199797,0.7344753141800203,0.02373195169422282
18,3602,2007-08-17,22,3624,recovery,13,0,1,0.02363291966658565,0.2462654397873746,0.7537345602126254,0.02507417833105134
18,3602,2007-08-17,22,3624,recovery,14,0,1,0.009397439751132053,0.36296301586958163,0.6370369841304184,0.10501760184551924
18,3602,2007-08-17,22,3624,recovery,15,0,1,0.007463177933956455,0.37881943004833496,0.621180569951665,0.10719805547453844
18,3602,2007-08-17,22,3624,recovery,16,0,1,0.01921093187142442,0.2825153772833509,0.7174846227166491,0.10235455697417063
18,3602,2007-08-17,22,3624,recovery,17,0,1,0.021837023889612395,0.26098757668151196,0.739012423318488,0.08124167655155191
18,3602,2007-08-17,22,3624,recovery,18,0,1,0.029023469743163943,0.20207556129908077,0.7979244387009192,0.08626775535253614
18,3602,2007-08-17,22,3624,recovery,19,0,1,0.02895380959878624,0.20264661124237,0.7973533887576301,0.0016299204125669645
18,3602,2007-08-17,22,3624,recovery,20,0,1,0.023425847730558225,0.24796294441332106,0.7520370555866789,0.014824613109742325
18,3602,2007-08-17,22,3624,recovery,21,0,1,0.053555291546789174,0.0009721100374251606,0.9990278899625749,0.010367674909651998
18,3602,2007-08-17,22,3624,recovery,22,1,1,0.05977412936747628,-0.05000778695464724,1.0500077869546471,0.010255477830534687
19,3712,2008-01-25,5,3717,recovery,1,0,1,0.016536110314722574,0.2878283003071898,0.7121716996928101,0.08122018714718857
19,3712,2008-01-25,5,3717,recovery,2,0,1,0.021572369117385692,0.24148269378255277,0.7585173062174472,0.05421095451046648
19,3712,2008-01-25,5,3717,recovery,3,0,1,0.014056515846078144,0.31064649017537005,0.6893535098246298,0.06818282034175428
19,3712,2008-01-25,5,3717,recovery,4,0,1,0.03254711794669429,0.14048879913184525,0.8595112008681547,0.06409258651840119
19,3712,2008-01-25,5,3717,recovery,5,1,1,0.04915824293038118,-0.012373214634887787,1.0123732146348878,0.012367815166998693
20,3836,2008-07-23,37,3873,relapse,1,0,0,-0.020753509435237683,0.6460565763077314,0.3539434236922685,0.12004872561576005
20,3836,2008-07-23,37,3873,relapse,2,0,0,-0.020987964633172762,0.6483844252691233,0.3516155747308767,0.15139490687508017
20,3836,2008-07-23,37,3873,relapse,3,0,0,-0.0353435930364695,0.7909179880267935,0.20908201197320647,0.21271543968072892
20,3836,2008-07-23,37,3873,relapse,4,0,0,-0.014746387066521871,0.5864133110266566,0.41358668897334333,0.18654881305299953
20,3836,2008-07-23,37,3873,relapse,5,0,0,0.0028081818527452285,0.4121182414939569,0.587881758506043,0.17183118256589988
20,3836,2008-07-23,37,3873,relapse,6,0,0,-0.010455434502511518,0.5438094807107297,0.45619051928927024,0.10666457520556437
20,3836,2008-07-23,37,3873,relapse,7,0,0,-0.015682095649272032,0.5957037352599617,0.4042962647400382,0.1133870593253159
20,3836,2008-07-23,37,3873,relapse,8,0,0,-0.024811062905808146,0.6863430434683988,0.31365695653160114,0.07860235859057206
20,3836,2008-07-23,37,3873,relapse,9,0,0,0.0014827707112652355,0.42527792819011506,0.5747220718098849,0.07099820994378349
20,3836,2008-07-23,37,3873,relapse,10,0,0,0.0059300267405657525,0.38112219856659246,0.6188778014334075,0.07777117566864486
20,3836,2008-07-23,37,3873,relapse,11,0,0,-0.009050815523891198,0.529863358554641,0.47013664144535905,0.0857505693145645
20,3836,2008-07-23,37,3873,relapse,12,0,0,0.009362366349976003,0.3470433286363034,0.6529566713636965,0.07487052394111487
20,3836,2008-07-23,37,3873,relapse,13,0,0,0.01981780085248741,0.2432338479255748,0.7567661520744251,0.053728444226467977
20,3836,2008-07-23,37,3873,relapse,14,0,0,0.00920606288468595,0.3485952279438979,0.6514047720561019,0.0816345403790988
20,3836,2008-07-23,37,3873,relapse,15,0,0,0.0031207887833253345,0.4090144428787678,0.5909855571212321,0.10464277800920352
20,3836,2008-07-23,37,3873,relapse,16,0,0,0.010688833595951408,0.33387315613401075,0.6661268438659891,0.04166380375254619
20,3836,2008-07-23,37,3873,relapse,17,0,0,0.015603943916626895,0.28507221439383673,0.7149277856061631,0.04184331255617278
20,3836,2008-07-23,37,3873,relapse,18,0,0,0.0017161698047050145,0.4229605650348566,0.5770394349651433,0.09123049336207928
20,3836,2008-07-23,37,3873,relapse,19,0,0,-0.009207118989181362,0.5314152578622365,0.46858474213776335,0.09434889553344751
20,3836,2008-07-23,37,3873,relapse,20,0,0,-0.004603559494590681,0.4857076289311183,0.5142923710688816,0.0845616888001425
20,3836,2008-07-23,37,3873,relapse,21,0,0,-0.0028873896898855556,0.46866819396597376,0.5313318060340262,0.09601014921204543
20,3836,2008-07-23,37,3873,relapse,22,0,0,0.011547446550551621,0.3253481957483718,0.6746518042516281,0.09023480757955214
20,3836,2008-07-23,37,3873,relapse,23,0,0,-0.008972663791246283,0.5290874089008447,0.47091259109915523,0.14861993246733796
20,3836,2008-07-23,37,3873,relapse,24,0,0,-0.006085274101360727,0.500419214934871,0.49958078506512893,0.1313733224589488
20,3836,2008-07-23,37,3873,relapse,25,0,0,0.003588643074700304,0.40436923076211634,0.5956307692378836,0.1409899061288229
20,3836,2008-07-23,37,3873,relapse,26,0,0,0.015760247381916948,0.28352031508624215,0.7164796849137577,0.14251865870682218
20,3836,2008-07-23,37,3873,relapse,27,0,0,0.004836958588030571,0.39197500791362216,0.6080249920863778,0.17685240440372638
20,3836,2008-07-23,37,3873,relapse,28,0,0,-0.00140461897862032,0.4539461221560888,0.5460538778439111,0.052116681525937916
20,3836,2008-07-23,37,3873,relapse,29,0,0,-0.002263231933220533,0.46247108254172775,0.5375289174582721,0.06859848262376615
20,3836,2008-07-23,37,3873,relapse,30,0,0,-0.03230095598578919,0.7607083805593585,0.2392916194406414,0.34136507522044063
20,3836,2008-07-23,37,3873,relapse,31,0,0,-0.029258318935108774,0.7304987730919225,0.26950122690807743,0.3660227925612268
20,3836,2008-07-23,37,3873,relapse,32,0,0,-0.009207118989181362,0.5314152578622365,0.46858474213776335,0.31835629390412634
20,3836,2008-07-23,37,3873,relapse,33,0,0,-0.03862068528508489,0.8234554444556202,0.17654455554437967,0.47737938129380436
20,3836,2008-07-23,37,3873,relapse,34,0,0,-0.03471943527980437,0.7847208766025464,0.21527912339745356,0.4889656558075916
20,3836,2008-07-23,37,3873,relapse,35,0,0,-0.020753509435237683,0.6460565763077314,0.3539434236922685,0.2306153963159544
20,3836,2008-07-23,37,3873,relapse,36,0,0,-0.016228101673292028,0.6011248970304104,0.3988751029695895,0.23269732386939618
20,3836,2008-07-23,37,3873,relapse,37,1,0,-0.06304098952766779,1.0659187396550316,-0.06591873965503156,0.525094124247679
21,3880,2008-09-24,8,3888,relapse,1,0,0,0.015639940749055947,0.356082220581708,0.643917779418292,0.09359601512836883
21,3880,2008-09-24,8,3888,relapse,2,0,0,0.016143505877000974,0.35338028788211095,0.646619712117889,0.09481747179423534
21,3880,2008-09-24,8,3888,relapse,3,0,0,-0.06348315433196139,0.7806256729155764,0.2193743270844235,0.407078090672246
21,3880,2008-09-24,8,3888,relapse,4,0,0,-0.024719955550475903,0.572637572635308,0.427362427364692,0.34564791041431225
21,3880,2008-09-24,8,3888,relapse,5,0,0,-0.02413151989534912,0.5694802580200484,0.4305197419799515,0.3456546586805076
21,3880,2008-09-24,8,3888,relapse,6,0,0,-0.05953045097934928,0.7594170191634535,0.24058298083654647,0.40740973520285634
21,3880,2008-09-24,8,3888,relapse,7,0,0,-0.07222708184574156,0.8275421537465687,0.17245784625343116,0.4131215444142104
21,3880,2008-09-24,8,3888,relapse,8,1,0,-0.1194818597735201,1.081092732628593,-0.0810927326285931,0.19304626757270846
22,3900,2008-10-22,93,3993,relapse,1,0,0,0.01158438172334364,0.4132305588230723,0.5867694411769276,0.06836921203953888
22,3900,2008-10-22,93,3993,relapse,2,0,0,-0.039718304421872186,0.5317819214922873,0.4682180785077126,0.1081564867391177
22,3900,2008-10-22,93,3993,relapse,3,0,0,-0.07380923038546794,0.6105599744815554,0.3894400255184446,0.14113390616110993
22,3900,2008-10-22,93,3993,relapse,4,0,0,0.03442203556681345,0.36045681173997424,0.6395431882600258,0.10555251294821805
22,3900,2008-10-22,93,3993,relapse,5,0,0,0.02691935922125399,0.3777941593773767,0.6222058406226233,0.060009000301238374
22,3900,2008-10-22,93,3993,relapse,6,0,0,0.062444598533318185,0.29570166391477953,0.7042983360852204,0.06019419088430214
22,3900,2008-10-22,93,3993,relapse,7,0,0,0.0682917268627885,0.28218999263116745,0.7178100073688326,0.020161574778518723
22,3900,2008-10-22,93,3993,relapse,8,0,0,0.07138010343091916,0.2750533049039166,0.7249466950960833,0.0008189076138072379
22,3900,2008-10-22,93,3993,relapse,9,0,0,0.10778879661703988,0.19091930501934162,0.8090806949806584,0.0008315361808476773
22,3900,2008-10-22,93,3993,relapse,10,0,0,0.06123003505604374,0.2985083036075157,0.7014916963924843,0.028398908105062143
22,3900,2008-10-22,93,3993,relapse,11,0,0,0.002426157361694825,0.43439358281426577,0.5656064171857342,0.0809394314483187
22,3900,2008-10-22,93,3993,relapse,12,0,0,0.035525239312064194,0.35790750453740283,0.6420924954625972,0.08036163286433923
22,3900,2008-10-22,93,3993,relapse,13,0,0,0.02195419996941328,0.38926775733887975,0.6107322426611203,0.11660452460737115
22,3900,2008-10-22,93,3993,relapse,14,0,0,-0.00959920890046373,0.46218206065224826,0.5378179393477517,0.13608541926672857
22,3900,2008-10-22,93,3993,relapse,15,0,0,-0.05317798403249918,0.562884841803599,0.43711515819640095,0.1728249112956792
22,3900,2008-10-22,93,3993,relapse,16,0,0,0.005847128329470319,0.4264883287163879,0.573511671283612,0.08116755646267676
22,3900,2008-10-22,93,3993,relapse,17,0,0,-0.04435235407049509,0.5424903841830323,0.45750961581696764,0.1388601445358575
22,3900,2008-10-22,93,3993,relapse,18,0,0,-0.05703993953908948,0.5718091325625314,0.42819086743746854,0.15059161850944158
22,3900,2008-10-22,93,3993,relapse,19,0,0,-0.03927731988305749,0.530762884831233,0.46923711516876687,0.1269672888405335
22,3900,2008-10-22,93,3993,relapse,20,0,0,-0.10083846454231893,0.6730197164944752,0.32698028350552477,0.18306768935493864
22,3900,2008-10-22,93,3993,relapse,21,0,0,-0.1675860031210421,0.8272613799996823,0.17273862000031762,0.2914564925178631
22,3900,2008-10-22,93,3993,relapse,22,0,0,-0.12268427437256224,0.723501488865168,0.27649851113483204,0.23303049205319873
22,3900,2008-10-22,93,3993,relapse,23,0,0,-0.06189373905890638,0.5830253980338694,0.41697460196613056,0.21397988354006353
22,3900,2008-10-22,93,3993,relapse,24,0,0,-0.05494340698418543,0.5669644195476862,0.4330355804523138,0.28597776498493205
22,3900,2008-10-22,93,3993,relapse,25,0,0,-0.018424838862467707,0.48257651827281467,0.5174234817271853,0.15855304060009148
22,3900,2008-10-22,93,3993,relapse,26,0,0,-0.006068362997091237,0.4540229051640739,0.545977094835926,0.0
22,3900,2008-10-22,93,3993,relapse,27,0,0,-0.09410936713521889,0.6574699718887537,0.3425300281112462,0.19076127333395776
22,3900,2008-10-22,93,3993,relapse,28,0,0,-0.05924634702959053,0.5769077469676731,0.42309225303232684,0.18494703892146563
22,3900,2008-10-22,93,3993,relapse,29,0,0,-0.03662844305731461,0.5246418026651678,0.47535819733483214,0.1871696809482453
22,3900,2008-10-22,93,3993,relapse,30,0,0,-0.05891523742637261,0.5761426116969148,0.4238573883030851,0.20486500663021837
22,3900,2008-10-22,93,3993,relapse,31,0,0,-0.02989934565021468,0.5090920580594466,0.49090794194055337,0.216127274599166
22,3900,2008-10-22,93,3993,relapse,32,0,0,0.003971830442187185,0.43082180785077134,0.5691781921492286,0.012902348078057497
22,3900,2008-10-22,93,3993,relapse,33,0,0,-0.012577710532997388,0.46906484698920253,0.5309351530107974,0.019362314454870203
22,3900,2008-10-22,93,3993,relapse,34,0,0,-0.005847128329470319,0.45351167128361214,0.5464883287163879,0.019798374331640604
22,3900,2008-10-22,93,3993,relapse,35,0,0,-0.02978798591819054,0.5088347255692808,0.4911652744307191,0.0216566720873619
22,3900,2008-10-22,93,3993,relapse,36,0,0,-0.018205088991273932,0.48206871549222213,0.5179312845077778,0.023732865655972296
22,3900,2008-10-22,93,3993,relapse,37,0,0,-0.031884518473094814,0.5136794385841266,0.4863205614158734,0.031159811321687114
22,3900,2008-10-22,93,3993,relapse,38,0,0,0.013679429481820993,0.40838927690809534,0.5916107230919047,0.02185867548877944
22,3900,2008-10-22,93,3993,relapse,39,0,0,0.0038604707101632663,0.4310791403409366,0.5689208596590634,0.024649277257916737
22,3900,2008-10-22,93,3993,relapse,40,0,0,-0.014893992959095437,0.4744173627846408,0.5255826372153591,0.02028629040083428
22,3900,2008-10-22,93,3993,relapse,41,0,0,-0.019128632368858978,0.48420285961065923,0.5157971403893408,0.025632484547513018
22,3900,2008-10-22,93,3993,relapse,42,0,0,-0.03169594932686748,0.5132436889007796,0.48675631109922024,0.027167914977822148
22,3900,2008-10-22,93,3993,relapse,43,0,0,-0.04170644683760627,0.536376164216705,0.4636238357832949,0.03911419972955819
22,3900,2008-10-22,93,3993,relapse,44,0,0,-0.036145884218544144,0.5235266952077847,0.4764733047922152,0.03416594557153929
22,3900,2008-10-22,93,3993,relapse,45,0,0,-0.030583836803055098,0.5106737950989958,0.4893262049010042,0.016660652889092024
22,3900,2008-10-22,93,3993,relapse,46,0,0,-0.033364860510799677,0.5171002451533904,0.4828997548466096,0.016211099469054822
22,3900,2008-10-22,93,3993,relapse,47,0,0,-0.010452966845980516,0.46415494307684857,0.5358450569231513,0.012400190105448258
22,3900,2008-10-22,93,3993,relapse,48,0,0,0.003671901563935931,0.43151489002428345,0.5684851099757164,0.0010127625535463695
22,3900,2008-10-22,93,3993,relapse,49,0,0,0.033924628763773335,0.3616062301960455,0.6383937698039545,0.0009747900413544237
22,3900,2008-10-22,93,3993,relapse,50,0,0,0.032701156507936924,0.36443345648799497,0.635566543512005,0.001219041211089893
22,3900,2008-10-22,93,3993,relapse,51,0,0,0.03959655111485927,0.3484994286969602,0.6515005713030397,0.00019906257138157428
22,3900,2008-10-22,93,3993,relapse,52,0,0,0.008454430855257655,0.4204633173466509,0.5795366826533491,0.13644002677384331
22,3900,2008-10-22,93,3993,relapse,53,0,0,0.012592558497267259,0.41090084201210875,0.5890991579878913,0.14186191485601532
22,3900,2008-10-22,93,3993,relapse,54,0,0,-0.009118134858120186,0.4610703842947339,0.538929615705266,0.2007730785653844
22,3900,2008-10-22,93,3993,relapse,55,0,0,-0.03291942158270389,0.5160709151927292,0.4839290848072708,0.28570633613054736
22,3900,2008-10-22,93,3993,relapse,56,0,0,-0.031140635463174915,0.5119604575498224,0.4880395424501775,0.2914708000755188
22,3900,2008-10-22,93,3993,relapse,57,0,0,-0.061616082127059935,0.5823837823583904,0.41761621764160956,0.2726329745684801
22,3900,2008-10-22,93,3993,relapse,58,0,0,-0.061282002930988067,0.5816117848878944,0.4183882151121055,0.37703719126840424
22,3900,2008-10-22,93,3993,relapse,59,0,0,-0.053941169395969935,0.5646484271361984,0.43535157286380144,0.2937940756254027
22,3900,2008-10-22,93,3993,relapse,60,0,0,-0.10387932762478602,0.6800466090259221,0.3199533909740778,0.49074447845692243
22,3900,2008-10-22,93,3993,relapse,61,0,0,-0.06517513916254514,0.5906081287440732,0.4093918712559267,0.4025320834963488
22,3900,2008-10-22,93,3993,relapse,62,0,0,-0.07963408676853367,0.6240201792671349,0.37597982073286507,0.3209456711660323
22,3900,2008-10-22,93,3993,relapse,63,0,0,-0.07562959080495268,0.6147665029207908,0.3852334970792091,0.32385589293907957
22,3900,2008-10-22,93,3993,relapse,64,0,0,-0.06928951006172301,0.6001157064807136,0.39988429351928634,0.323420089093142
22,3900,2008-10-22,93,3993,relapse,65,0,0,-0.05983581121110382,0.5782698936156144,0.42173010638438546,0.024510661409737775
22,3900,2008-10-22,93,3993,relapse,66,0,0,-0.028025532559358468,0.5047620100249318,0.49523798997506807,0.02206461614001737
22,3900,2008-10-22,93,3993,relapse,67,0,0,-0.05961309174705598,0.577755228635284,0.42224477136471594,0.09446275595345377
22,3900,2008-10-22,93,3993,relapse,68,0,0,-0.0787432089123421,0.6219615193458125,0.3780384806541875,0.12855442955529692
22,3900,2008-10-22,93,3993,relapse,69,0,0,-0.08152423262008668,0.628387969400207,0.37161203059979286,0.13968236311095417
22,3900,2008-10-22,93,3993,relapse,70,0,0,-0.06862283646600631,0.5985751426395906,0.40142485736040934,0.13725088649849393
22,3900,2008-10-22,93,3993,relapse,71,0,0,-0.07318264629327997,0.6091120503368922,0.39088794966310775,0.1396756939035855
22,3900,2008-10-22,93,3993,relapse,72,0,0,-0.05939037228300814,0.5772405636549535,0.4227594363450464,0.04393799097417692
22,3900,2008-10-22,93,3993,relapse,73,0,0,-0.03259722075804805,0.5153263665211845,0.4846736334788155,0.002982102559690608
22,3900,2008-10-22,93,3993,relapse,74,0,0,-0.03125199519519872,0.5122177900399875,0.4877822099600125,0.002256504846380633
22,3900,2008-10-22,93,3993,relapse,75,0,0,-0.07562959080495268,0.6147665029207908,0.3852334970792091,0.1809908563698811
22,3900,2008-10-22,93,3993,relapse,76,0,0,-0.07017890312148756,0.602170935302167,0.39782906469783286,0.17857623438761747
22,3900,2008-10-22,93,3993,relapse,77,0,0,-0.06951222952577085,0.600630371461044,0.39936962853895586,0.19472169030594264
22,3900,2008-10-22,93,3993,relapse,78,0,0,-0.07952272703650964,0.6237628467769694,0.37623715322303053,0.20298196492103238
22,3900,2008-10-22,93,3993,relapse,79,0,0,-0.11889507389089415,0.71474532199981,0.28525467800019,0.31878360969511293
22,3900,2008-10-22,93,3993,relapse,80,0,0,-0.12100793920649511,0.7196277771132129,0.28037222288678704,0.19699301952205417
22,3900,2008-10-22,93,3993,relapse,81,0,0,-0.1304512444821253,0.7414495722792297,0.25855042772077025,0.24852420326864322
22,3900,2008-10-22,93,3993,relapse,82,0,0,-0.13891458411594482,0.7610068415317919,0.23899315846820807,0.26407547106010587
22,3900,2008-10-22,93,3993,relapse,83,0,0,-0.1697241099759017,0.8322021638108558,0.16779783618914415,0.352207038652521
22,3900,2008-10-22,93,3993,relapse,84,0,0,-0.1382479105202281,0.7594662776906689,0.24053372230933107,0.13859579119348295
22,3900,2008-10-22,93,3993,relapse,85,0,0,-0.14500967344872184,0.7750915064935056,0.22490849350649444,0.1441613758545629
22,3900,2008-10-22,93,3993,relapse,86,0,0,-0.1589355791374224,0.8072717921636425,0.19272820783635744,0.1708046083237302
22,3900,2008-10-22,93,3993,relapse,87,0,0,-0.17773161710663665,0.850706085403675,0.149293914596325,0.22386331128386616
22,3900,2008-10-22,93,3993,relapse,88,0,0,-0.21476837918137237,0.9362914405327821,0.06370855946721782,0.2603340339421833
22,3900,2008-10-22,93,3993,relapse,89,0,0,-0.22066302099650625,0.9499129070121981,0.05008709298780182,0.26421205221504324
22,3900,2008-10-22,93,3993,relapse,90,0,0,-0.20220106222336387,0.9072506112426616,0.09274938875733829,0.2510322149380937
22,3900,2008-10-22,93,3993,relapse,91,0,0,-0.23478937420284995,0.9825563911646328,0.017443608835367188,0.3279321892056029
22,3900,2008-10-22,93,3993,relapse,92,0,0,-0.23345454221498962,0.979471832382518,0.020528167617481878,0.2948220617281828
22,3900,2008-10-22,93,3993,relapse,93,1,0,-0.24246280213751292,1.0002883152869557,-0.0002883152869557475,0.15305929484825595
23,3926,2008-11-28,62,3988,relapse,1,0,0,-0.0885785308168735,0.7021910644846548,0.29780893551534515,0.19076127333395776
23,3926,2008-11-28,62,3988,relapse,2,0,0,-0.05350265758000383,0.5983670288307265,0.4016329711692736,0.18494703892146563
23,3926,2008-11-28,62,3988,relapse,3,0,0,-0.030746661965981747,0.5310096380676813,0.46899036193231874,0.1871696809482453
23,3926,2008-11-28,62,3988,relapse,4,0,0,-0.05316952641595685,0.5973809658004526,0.4026190341995474,0.20486500663021837
23,3926,2008-11-28,62,3988,relapse,5,0,0,-0.02397648064104596,0.5109700073358414,0.48902999266415864,0.216127274599166
23,3926,2008-11-28,62,3988,relapse,6,0,0,0.010101492965405079,0.4100997389654234,0.5899002610345766,0.012902348078057497
23,3926,2008-11-28,62,3988,relapse,7,0,0,-0.006549089790052642,0.45938520324986465,0.5406147967501354,0.019362314454870203
23,3926,2008-11-28,62,3988,relapse,8,0,0,0.00022258539660535703,0.439341150710714,0.560658849289286,0.019798374331640604
23,3926,2008-11-28,62,3988,relapse,9,0,0,-0.02386444101188212,0.5106383717875428,0.48936162821245716,0.0216566720873619
23,3926,2008-11-28,62,3988,relapse,10,0,0,-0.012210825717128393,0.4761438529572069,0.5238561470427932,0.023732865655972296
23,3926,2008-11-28,62,3988,relapse,11,0,0,-0.025973773763605434,0.516881963710173,0.48311803628982697,0.031159811321687114
23,3926,2008-11-28,62,3988,relapse,12,0,0,0.019868360905041182,0.38118996276843065,0.6188100372315694,0.02185867548877944
23,3926,2008-11-28,62,3988,relapse,13,0,0,0.00998945333624146,0.41043137451372125,0.5895686254862788,0.024649277257916737
23,3926,2008-11-28,62,3988,relapse,14,0,0,-0.0088795140766591,0.46628322265447014,0.5337167773455299,0.02028629040083428
23,3926,2008-11-28,62,3988,relapse,15,0,0,-0.013140007708326462,0.47889421710442737,0.5211057828955726,0.025632484547513018
23,3926,2008-11-28,62,3988,relapse,16,0,0,-0.02578405332488798,0.5163203941817208,0.48367960581827923,0.027167914977822148
23,3926,2008-11-28,62,3988,relapse,17,0,0,-0.03585566905584947,0.5461322190700848,0.4538677809299152,0.03911419972955819
23,3926,2008-11-28,62,3988,relapse,18,0,0,-0.03026115690627218,0.5295725506917222,0.4704274493082779,0.03416594557153929
23,3926,2008-11-28,62,3988,relapse,19,0,0,-0.024665150894972565,0.5130084605060483,0.48699153949395163,0.016660652889092024
23,3926,2008-11-28,62,3988,relapse,20,0,0,-0.027463153900622483,0.5212905055988856,0.47870949440111443,0.016211099469054822
23,3926,2008-11-28,62,3988,relapse,21,0,0,-0.004411373665607954,0.45305759698833253,0.5469424030116675,0.012400190105448258
23,3926,2008-11-28,62,3988,relapse,22,0,0,0.009799732897523894,0.41099294404217385,0.5890070559578261,0.0010127625535463695
23,3926,2008-11-28,62,3988,relapse,23,0,0,0.04023716548701395,0.32089862008779513,0.6791013799122049,0.0009747900413544237
23,3926,2008-11-28,62,3988,relapse,24,0,0,0.03900622342793447,0.3245421893117667,0.6754578106882333,0.001219041211089893
23,3926,2008-11-28,62,3988,relapse,25,0,0,0.04594371726575486,0.3040073161611346,0.6959926838388655,0.00019906257138157428
23,3926,2008-11-28,62,3988,relapse,26,0,0,0.014611461504677292,0.39675030269458794,0.603249697305412,0.13644002677384331
23,3926,2008-11-28,62,3988,relapse,27,0,0,0.01877485412440283,0.3844267257198223,0.6155732742801777,0.14186191485601532
23,3926,2008-11-28,62,3988,relapse,28,0,0,-0.0030683919773649704,0.44908239221606333,0.5509176077839366,0.2007730785653844
23,3926,2008-11-28,62,3988,relapse,29,0,0,-0.027014995383967344,0.5199639634056921,0.48003603659430794,0.28570633613054736
23,3926,2008-11-28,62,3988,relapse,30,0,0,-0.025225349040791545,0.5146666382475404,0.48533336175245956,0.2914708000755188
23,3926,2008-11-28,62,3988,relapse,31,0,0,-0.055886860888608725,0.6054242332985146,0.3945757667014854,0.2726329745684801
23,3926,2008-11-28,62,3988,relapse,32,0,0,-0.055550742001117426,0.6044293266536196,0.39557067334638035,0.37703719126840424
23,3926,2008-11-28,62,3988,relapse,33,0,0,-0.04816508964664201,0.5825679113097942,0.4174320886902057,0.2937940756254027
23,3926,2008-11-28,62,3988,relapse,34,0,0,-0.09840814094884132,0.7312865565886947,0.2687134434113053,0.49074447845692243
23,3926,2008-11-28,62,3988,relapse,35,0,0,-0.05946764743668265,0.6160233054221289,0.3839766945778711,0.4025320834963488
23,3926,2008-11-28,62,3988,relapse,36,0,0,-0.07401487288730613,0.6590828650131836,0.3409171349868165,0.3209456711660323
23,3926,2008-11-28,62,3988,relapse,37,0,0,-0.06998592782257707,0.6471572506963758,0.3528427493036243,0.32385589293907957
23,3926,2008-11-28,62,3988,relapse,38,0,0,-0.06360713826885334,0.6282761334799245,0.37172386652007544,0.323420089093142
23,3926,2008-11-28,62,3988,relapse,39,0,0,-0.0540957206837106,0.6001224863330519,0.39987751366694807,0.024510661409737775
23,3926,2008-11-28,62,3988,relapse,40,0,0,-0.02209122714765044,0.5053896865098085,0.4946103134901914,0.02206461614001737
23,3926,2008-11-28,62,3988,relapse,41,0,0,-0.05387164142538314,0.5994592152364555,0.4005407847635445,0.09446275595345377
23,3926,2008-11-28,62,3988,relapse,42,0,0,-0.07311855585399596,0.6564297806267968,0.3435702193732032,0.12855442955529692
23,3926,2008-11-28,62,3988,relapse,43,0,0,-0.07591655885964577,0.6647118257196337,0.3352881742803663,0.13968236311095417
23,3926,2008-11-28,62,3988,relapse,44,0,0,-0.06293639435559284,0.6262907419974449,0.373709258002555,0.13725088649849393
23,3926,2008-11-28,62,3988,relapse,45,0,0,-0.06752404370441867,0.6398701122484342,0.36012988775156585,0.1396756939035855
23,3926,2008-11-28,62,3988,relapse,46,0,0,-0.053647562167055574,0.5987959441398587,0.40120405586014124,0.04393799097417692
23,3926,2008-11-28,62,3988,relapse,47,0,0,-0.026690827390253635,0.5190044312192826,0.4809955687807174,0.002982102559690608
23,3926,2008-11-28,62,3988,relapse,48,0,0,-0.025337388669955163,0.5149982737958383,0.4850017262041617,0.002256504846380633
23,3926,2008-11-28,62,3988,relapse,49,0,0,-0.06998592782257707,0.6471572506963758,0.3528427493036243,0.1809908563698811
23,3926,2008-11-28,62,3988,relapse,50,0,0,-0.06450196144044129,0.6309247960590005,0.36907520394099946,0.17857623438761747
23,3926,2008-11-28,62,3988,relapse,51,0,0,-0.0638312175271808,0.628939404576521,0.371060595423479,0.19472169030594264
23,3926,2008-11-28,62,3988,relapse,52,0,0,-0.0739028332581424,0.6587512294648853,0.3412487705351147,0.20298196492103238
23,3926,2008-11-28,62,3988,relapse,53,0,0,-0.11351556454528344,0.7760042939212404,0.22399570607875963,0.31878360969511293
23,3926,2008-11-28,62,3988,relapse,54,0,0,-0.11564132977595065,0.7822965257242873,0.2177034742757127,0.19699301952205417
23,3926,2008-11-28,62,3988,relapse,55,0,0,-0.125142290329038,0.8104192202199851,0.18958077978001486,0.24852420326864322
23,3926,2008-11-28,62,3988,relapse,56,0,0,-0.13365730214548432,0.835623521890658,0.164376478109342,0.26407547106010587
23,3926,2008-11-28,62,3988,relapse,57,0,0,-0.1646549328807928,0.9273760235865272,0.07262397641347285,0.352207038652521
23,3926,2008-11-28,62,3988,relapse,58,0,0,-0.13298655823222383,0.8336381304081785,0.16636186959182153,0.13859579119348295
23,3926,2008-11-28,62,3988,relapse,59,0,0,-0.13978960451504774,0.8537750409008528,0.14622495909914723,0.1441613758545629
23,3926,2008-11-28,62,3988,relapse,60,0,0,-0.1538005336074072,0.8952471716673858,0.10475282833261429,0.1708046083237302
23,3926,2008-11-28,62,3988,relapse,61,0,0,-0.17271132914852882,0.9512228304128324,0.0487771695871676,0.22386331128386616
23,3926,2008-11-28,62,3988,relapse,62,1,0,-0.2099742159466752,1.0615203919695442,-0.061520391969544105,0.2603340339421833
24,3947,2008-12-30,32,3979,relapse,1,0,0,0.014274074840986417,0.3566037426451967,0.6433962573548032,0.0010127625535463695
24,3947,2008-12-30,32,3979,relapse,2,0,0,0.04484637326263052,0.17798514245554772,0.8220148575444521,0.0009747900413544237
24,3947,2008-12-30,32,3979,relapse,3,0,0,0.0436099769976277,0.18520878547671377,0.8147912145232862,0.001219041211089893
24,3947,2008-12-30,32,3979,relapse,4,0,0,0.0505782103164063,0.14449689446907094,0.855503105530929,0.00019906257138157428
24,3947,2008-12-30,32,3979,relapse,5,0,0,0.019107123833188355,0.3283666623403696,0.6716333376596303,0.13644002677384331
24,3947,2008-12-30,32,3979,relapse,6,0,0,0.02328896411299808,0.3039342678015447,0.6960657321984552,0.14186191485601532
24,3947,2008-12-30,32,3979,relapse,7,0,0,0.0013489323328126357,0.43211886519899434,0.5678811348010055,0.2007730785653844
24,3947,2008-12-30,32,3979,relapse,8,0,0,-0.02270377656038769,0.5726467749432929,0.4273532250567071,0.28570633613054736
24,3947,2008-12-30,32,3979,relapse,9,0,0,-0.02090620043724034,0.5621444395799954,0.4378555604200045,0.2914708000755188
24,3947,2008-12-30,32,3979,relapse,10,0,0,-0.051703570994503845,0.7420780233293223,0.25792197667067757,0.2726329745684801
24,3947,2008-12-30,32,3979,relapse,11,0,0,-0.05136596279107464,0.7401055479898047,0.2598944520101952,0.37703719126840424
24,3947,2008-12-30,32,3979,relapse,12,0,0,-0.043947585201057016,0.6967636898628046,0.3032363101371953,0.2937940756254027
24,3947,2008-12-30,32,3979,relapse,13,0,0,-0.09441325944965373,0.9916093036138952,0.00839069638610459,0.49074447845692243
24,3947,2008-12-30,32,3979,relapse,14,0,0,-0.055300223721702846,0.7630914606129827,0.23690853938701714,0.4025320834963488
24,3947,2008-12-30,32,3979,relapse,15,0,0,-0.06991190676611869,0.8484601933073049,0.15153980669269485,0.3209456711660323
24,3947,2008-12-30,32,3979,relapse,16,0,0,-0.06586510976768067,0.8248167889042872,0.17518321109571255,0.32385589293907957
24,3947,2008-12-30,32,3979,relapse,17,0,0,-0.05945805630704659,0.7873835902387758,0.212616409761224,0.323420089093142
24,3947,2008-12-30,32,3979,relapse,18,0,0,-0.04990449439045219,0.7315669214089593,0.26843307859104054,0.024510661409737775
24,3947,2008-12-30,32,3979,relapse,19,0,0,-0.017758191500376053,0.5437522028586267,0.4562477971413732,0.02206461614001737
24,3947,2008-12-30,32,3979,relapse,20,0,0,-0.049679422254832684,0.7302519378492808,0.26974806215071917,0.09446275595345377
24,3947,2008-12-30,32,3979,relapse,21,0,0,-0.06901161822364077,0.8432002590685911,0.15679974093140878,0.12855442955529692
24,3947,2008-12-30,32,3979,relapse,22,0,0,-0.07182201895707585,0.8596200204504421,0.14037997954955778,0.13968236311095417
24,3947,2008-12-30,32,3979,relapse,23,0,0,-0.05878434038109215,0.7834474061168041,0.2165525938831957,0.13725088649849393
24,3947,2008-12-30,32,3979,relapse,24,0,0,-0.0633923172376748,0.8103695028619539,0.18963049713804594,0.1396756939035855
24,3947,2008-12-30,32,3979,relapse,25,0,0,-0.049454350119213286,0.7289369542896027,0.2710630457103972,0.04393799097417692
24,3947,2008-12-30,32,3979,relapse,26,0,0,-0.022378172204191582,0.5707444320602918,0.42925556793970815,0.002982102559690608
24,3947,2008-12-30,32,3979,relapse,27,0,0,-0.02101873650504993,0.5628019313598338,0.43719806864016614,0.002256504846380633
24,3947,2008-12-30,32,3979,relapse,28,0,0,-0.06586510976768067,0.8248167889042872,0.17518321109571255,0.1809908563698811
24,3947,2008-12-30,32,3979,relapse,29,0,0,-0.06035684436862021,0.7926347579204243,0.20736524207957563,0.17857623438761747
24,3947,2008-12-30,32,3979,relapse,30,0,0,-0.05968312844266588,0.7886985737984532,0.21130142620154665,0.19472169030594264
24,3947,2008-12-30,32,3979,relapse,31,0,0,-0.06979937069830888,0.8478027015274653,0.1521972984725345,0.20298196492103238
24,3947,2008-12-30,32,3979,relapse,32,1,0,-0.10958762283311807,1.0802654952074124,-0.08026549520741269,0.31878360969511293
25,3999,2009-03-17,17,4016,recovery,1,0,1,0.0223828095651164,0.3339211277568931,0.6660788722431068,0.000622215382203853
25,3999,2009-03-17,17,4016,recovery,2,0,1,0.009721188194553587,0.39392836285627014,0.6060716371437298,0.011134965423347881
25,3999,2009-03-17,17,4016,recovery,3,0,1,-0.011775393253054989,0.49580713327650866,0.5041928667234913,0.041457449493007836
25,3999,2009-03-17,17,4016,recovery,4,0,1,0.05920823457894775,0.15939435335997143,0.8406056466400285,0.03320821057913467
25,3999,2009-03-17,17,4016,recovery,5,0,1,0.03833833081751559,0.2583031095817637,0.7416968904182362,0.05752854423747712
25,3999,2009-03-17,17,4016,recovery,6,0,1,0.04928896842364083,0.20640474158549912,0.7935952584145008,0.057372339269063335
25,3999,2009-03-17,17,4016,recovery,7,0,1,0.07067455791048238,0.10505199547833731,0.8949480045216626,0.048214452771351356
25,3999,2009-03-17,17,4016,recovery,8,0,1,0.051350003756651,0.1966368747257617,0.8033631252742383,0.0412576884668757
25,3999,2009-03-17,17,4016,recovery,9,0,1,0.015021481213330024,0.3688086787364498,0.6311913212635502,0.11726272471031933
25,3999,2009-03-17,17,4016,recovery,10,0,1,0.02442506164322733,0.32424228039629266,0.6757577196037072,0.09346504717539172
25,3999,2009-03-17,17,4016,recovery,11,0,1,0.04426359395384094,0.2302215039452383,0.7697784960547617,0.09448014397514339
25,3999,2009-03-17,17,4016,recovery,12,0,1,0.07479662857650249,0.0855162617588635,0.9144837382411364,0.09995222885965384
25,3999,2009-03-17,17,4016,recovery,13,0,1,0.08548942331992304,0.03483988870528364,0.9651601112947162,0.0783357311431552
25,3999,2009-03-17,17,4016,recovery,14,0,1,0.0769857315565512,0.07514144376865452,0.9248585562313454,0.00393783154839307
25,3999,2009-03-17,17,4016,recovery,15,0,1,0.05186568948206016,0.19419288484039324,0.8058071151596067,0.04792592448475028
25,3999,2009-03-17,17,4016,recovery,16,0,1,0.06320223759792909,0.14046557077097022,0.8595344292290297,0.04765734356187819
25,3999,2009-03-17,17,4016,recovery,17,1,1,0.10545602327757564,-0.05978783887624437,1.0597878388762443,0.047555983483962484
26,4228,2010-02-11,15,4243,recovery,1,0,1,-0.0008325922457909085,0.4481825785010199,0.55181742149898,0.017252265433660128
26,4228,2010-02-11,15,4243,recovery,2,0,1,0.01489012798994116,0.29366229173538927,0.7063377082646107,0.0013263174112758125
26,4228,2010-02-11,15,4243,recovery,3,0,1,0.019698649873240992,0.24640493618964235,0.7535950638103577,0.0013794593924985517
26,4228,2010-02-11,15,4243,recovery,4,0,1,0.025710207218936798,0.18732434765039724,0.8126756523496027,0.00021538899133455216
26,4228,2010-02-11,15,4243,recovery,5,0,1,0.027837540739704014,0.16641726663982023,0.8335827333601797,0.00024356910044721425
26,4228,2010-02-11,15,4243,recovery,6,0,1,0.02802215902029226,0.16460286879829145,0.8353971312017086,0.0
26,4228,2010-02-11,15,4243,recovery,7,0,1,0.015536895299715026,0.2873059698853211,0.7126940301146789,0.06061378509251894
26,4228,2010-02-11,15,4243,recovery,8,0,1,0.024877614973146,0.19550692615141604,0.8044930738485839,0.05902748675438472
26,4228,2010-02-11,15,4243,recovery,9,0,1,0.023489961230161116,0.20914455698644957,0.7908554430135505,0.06024580403670038
26,4228,2010-02-11,15,4243,recovery,10,0,1,0.024137935195363447,0.20277637632696174,0.7972236236730382,0.0636114037459467
26,4228,2010-02-11,15,4243,recovery,11,0,1,0.03477339614377062,0.09825283008350066,0.9017471699164994,0.06395230384371407
26,4228,2010-02-11,15,4243,recovery,12,0,1,0.037640409442319944,0.07007629889738233,0.9299237011026177,0.000860637647649563
26,4228,2010-02-11,15,4243,recovery,13,0,1,0.03856470750069074,0.06099245088030786,0.9390075491196921,0.0009229244075901924
26,4228,2010-02-11,15,4243,recovery,14,0,1,0.04171890479126672,0.02999352305180657,0.9700064769481934,0.0
26,4228,2010-02-11,15,4243,recovery,15,1,1,0.05659817288234992,-0.11623745592801002,1.11623745592801,0.0
27,4301,2010-05-27,96,4397,recovery,1,0,1,-0.012558761040975197,0.518566784475487,0.4814332155245129,0.04525041815808999
27,4301,2010-05-27,96,4397,recovery,2,0,1,-0.0291626045732426,0.6224393394200523,0.3775606605799477,0.0592172982242251
27,4301,2010-05-27,96,4397,recovery,3,0,1,-0.0038820121704424837,0.46428561324889167,0.5357143867511083,0.05853912286374501
27,4301,2010-05-27,96,4397,recovery,4,0,1,-0.0004516695937202275,0.4428256153220981,0.5571743846779018,0.05429733530260204
27,4301,2010-05-27,96,4397,recovery,5,0,1,-0.03557279330074281,0.6625410592121185,0.33745894078788147,0.20611199961037213
27,4301,2010-05-27,96,4397,recovery,6,0,1,-0.047580165487046466,0.7376583912164721,0.2623416087835278,0.20746995745002889
27,4301,2010-05-27,96,4397,recovery,7,0,1,-0.03737829850784791,0.6738361812399344,0.32616381876006556,0.21877688254928374
27,4301,2010-05-27,96,4397,recovery,8,0,1,-0.04252498554070705,0.7060335173907009,0.2939664826092991,0.22245447485254793
27,4301,2010-05-27,96,4397,recovery,9,0,1,-0.014536721911137196,0.5309407778081046,0.46905922219189533,0.20282975954080812
27,4301,2010-05-27,96,4397,recovery,10,0,1,-0.009751370553254146,0.5010039339150161,0.49899606608498387,0.026190168988333828
27,4301,2010-05-27,96,4397,recovery,11,0,1,-0.011295259346334352,0.5106624008341886,0.4893375991658113,0.004612102123221178
27,4301,2010-05-27,96,4397,recovery,12,0,1,0.011195540085383149,0.36996143631484596,0.630038563685154,0.004291083001084452
27,4301,2010-05-27,96,4397,recovery,13,0,1,0.010834204410407056,0.37222192857252384,0.6277780714274761,0.00036204622661421127
27,4301,2010-05-27,96,4397,recovery,14,0,1,0.012459041780023883,0.36205705267354826,0.6379429473264516,0.0003635886012380994
27,4301,2010-05-27,96,4397,recovery,15,0,1,0.013550087811607936,0.3552315403370508,0.644768459662949,0.0004602808023581582
27,4301,2010-05-27,96,4397,recovery,16,0,1,0.010655882908470637,0.37333749618021006,0.6266625038197898,0.00154840812162707
27,4301,2010-05-27,96,4397,recovery,17,0,1,-0.006034775039213125,0.47775315640746435,0.5222468435925356,0.0521864898629756
27,4301,2010-05-27,96,4397,recovery,18,0,1,-0.009119033122045761,0.4970480724640783,0.5029519275359217,0.053842803221492104
27,4301,2010-05-27,96,4397,recovery,19,0,1,-0.025538689313497454,0.5997683634980742,0.4002316365019258,0.10033351661951455
27,4301,2010-05-27,96,4397,recovery,20,0,1,-0.021479528808894477,0.5743745219020733,0.42562547809792667,0.1233557176104257
27,4301,2010-05-27,96,4397,recovery,21,0,1,-0.02454149670398509,0.5935299920077266,0.4064700079922733,0.12782440510355778
27,4301,2010-05-27,96,4397,recovery,22,0,1,-0.05465788667903193,0.7819361502767822,0.2180638497232177,0.24647490536306088
27,4301,2010-05-27,96,4397,recovery,23,0,1,-0.06363965917129777,0.8381255292533656,0.16187447074663422,0.2943753266640251
27,4301,2010-05-27,96,4397,recovery,24,0,1,-0.06781261695016261,0.8642312791253229,0.13576872087467692,0.23799075792256397
27,4301,2010-05-27,96,4397,recovery,25,0,1,-0.07289243341979579,0.8960102774232083,0.1039897225767916,0.33449597083805127
27,4301,2010-05-27,96,4397,recovery,26,0,1,-0.06681425117287443,0.8579855683743991,0.14201443162560076,0.34316224317300376
27,4301,2010-05-27,96,4397,recovery,27,0,1,-0.03744516907107398,0.6742545190928162,0.3257454809071837,0.03418177735601379
27,4301,2010-05-27,96,4397,recovery,28,0,1,-0.02789792971082583,0.6145276165181768,0.3854723834818231,0.011881582334337996
27,4301,2010-05-27,96,4397,recovery,29,0,1,-0.020640713849128245,0.5691269505896048,0.4308730494103951,0.008737562033164267
27,4301,2010-05-27,96,4397,recovery,30,0,1,-0.020004856914592306,0.5651490713569373,0.43485092864306263,0.0
27,4301,2010-05-27,96,4397,recovery,31,0,1,-0.0052182502671889175,0.4726450310459565,0.5273549689540434,0.0
27,4301,2010-05-27,96,4397,recovery,32,0,1,-0.005300372011501797,0.47315877928633865,0.5268412207136612,2.1914177812586228e-06
27,4301,2010-05-27,96,4397,recovery,33,0,1,-0.005037582429700871,0.4715147849171175,0.5284852150828824,2.191458618983376e-06
27,4301,2010-05-27,96,4397,recovery,34,0,1,-0.03243339633244291,0.6429011979083904,0.3570988020916095,0.20055854121314012
27,4301,2010-05-27,96,4397,recovery,35,0,1,-0.02671772292827368,0.6071443203778369,0.392855679622163,0.19884324621683414
27,4301,2010-05-27,96,4397,recovery,36,0,1,-0.015923406222247194,0.5396157838099751,0.4603842161900248,0.1932499013957989
27,4301,2010-05-27,96,4397,recovery,37,0,1,-0.028714454482849927,0.619635741879684,0.380364258120316,0.24204859591150335
27,4301,2010-05-27,96,4397,recovery,38,0,1,-0.007023755474294013,0.4839401530737724,0.5160598469262275,0.21578134552255604
27,4301,2010-05-27,96,4397,recovery,39,0,1,0.0015849496652364792,0.4300846589606374,0.5699153410393625,0.040742168836364695
27,4301,2010-05-27,96,4397,recovery,40,0,1,0.012016757528510835,0.3648239539110313,0.6351760460889686,0.039886961897415675
27,4301,2010-05-27,96,4397,recovery,41,0,1,0.011926423609766923,0.36538907697545003,0.6346109230245499,0.03998025444360047
27,4301,2010-05-27,96,4397,recovery,42,0,1,0.005395398601349521,0.40624674060693367,0.5937532593930662,0.012554778994232383
27,4301,2010-05-27,96,4397,recovery,43,0,1,0.0004962499692042766,0.4368954927759807,0.5631045072240192,0.020103671073850186
27,4301,2010-05-27,96,4397,recovery,44,0,1,0.0003144089639401937,0.43803307816539744,0.5619669218346025,0.02023692185718046
27,4301,2010-05-27,96,4397,recovery,45,0,1,0.02290258132105727,0.296722955018173,0.703277044981827,0.01768790997371433
27,4301,2010-05-27,96,4397,recovery,46,0,1,0.018004605856688283,0.32736436792664086,0.6726356320733591,0.024003005278313654
27,4301,2010-05-27,96,4397,recovery,47,0,1,0.02480780578911368,0.28480399584132177,0.7151960041586781,0.01684504091188445
27,4301,2010-05-27,96,4397,recovery,48,0,1,0.023719106093081477,0.29161482965666513,0.7083851703433348,0.008997223156786771
27,4301,2010-05-27,96,4397,recovery,49,0,1,0.019564918998630887,0.317603151359393,0.6823968486406069,0.015353151956655119
27,4301,2010-05-27,96,4397,recovery,50,0,1,0.025007244311016308,0.28355632154325133,0.7164436784567486,0.015193139786633144
27,4301,2010-05-27,96,4397,recovery,51,0,1,0.01941006085221253,0.3185719337555409,0.6814280662444591,0.019175878642979576
27,4301,2010-05-27,96,4397,recovery,52,0,1,-0.008484349355285747,0.4930775324919879,0.5069224675080121,0.25116844141576167
27,4301,2010-05-27,96,4397,recovery,53,0,1,-0.014562531602206885,0.5311022415407957,0.4688977584592043,0.25943099958383364
27,4301,2010-05-27,96,4397,recovery,54,0,1,-0.01746494867977555,0.5492595722079936,0.4507404277920063,0.3356425788413669
27,4301,2010-05-27,96,4397,recovery,55,0,1,-0.01791896460904774,0.5520998660512465,0.44790013394875344,0.34038179147498815
27,4301,2010-05-27,96,4397,recovery,56,0,1,-0.005854107201724967,0.4766229102786247,0.5233770897213752,0.32474272209113014
27,4301,2010-05-27,96,4397,recovery,57,0,1,-0.0040392166524126916,0.4652690741661937,0.5347309258338062,0.019913303657323106
27,4301,2010-05-27,96,4397,recovery,58,0,1,-0.021365731534632504,0.5736626136261161,0.4263373863738838,0.14627059775687912
27,4301,2010-05-27,96,4397,recovery,59,0,1,-0.02454149670398509,0.5935299920077266,0.4064700079922733,0.15160599134660435
27,4301,2010-05-27,96,4397,recovery,60,0,1,-0.02822758985585283,0.6165899487402797,0.3834100512597202,0.16564994775899902
27,4301,2010-05-27,96,4397,recovery,61,0,1,-0.04268453635822922,0.7070316568291576,0.2929683431708423,0.24954499996001006
27,4301,2010-05-27,96,4397,recovery,62,0,1,-0.03896442134086031,0.6837588615398741,0.31624113846012586,0.2525840656890092
27,4301,2010-05-27,96,4397,recovery,63,0,1,-0.0454051124305338,0.7240514021069389,0.27594859789306103,0.13225952128901194
27,4301,2010-05-27,96,4397,recovery,64,0,1,-0.030618505783130523,0.6315473617959587,0.36845263820404117,0.11529812999276087
27,4301,2010-05-27,96,4397,recovery,65,0,1,-0.04467070940282236,0.7194570249858125,0.2805429750141874,0.22164539323143026
27,4301,2010-05-27,96,4397,recovery,66,0,1,-0.04468009474502954,0.7195157390704275,0.28048426092957235,0.11983855543107111
27,4301,2010-05-27,96,4397,recovery,67,0,1,-0.01610407405973524,0.5407460299388142,0.4592539700611858,0.08669829392734106
27,4301,2010-05-27,96,4397,recovery,68,0,1,-0.006942806897757281,0.4834337440939687,0.5165662559060312,0.06955150291787016
27,4301,2010-05-27,96,4397,recovery,69,0,1,0.005939748449365512,0.4028413236992627,0.5971586763007373,0.0663154752339631
27,4301,2010-05-27,96,4397,recovery,70,0,1,-0.005400091272453,0.47378261643537317,0.5262173835646268,0.038765465639440146
27,4301,2010-05-27,96,4397,recovery,71,0,1,0.0015849496652364792,0.4300846589606374,0.5699153410393625,0.038544597289987666
27,4301,2010-05-27,96,4397,recovery,72,0,1,0.006211923373373507,0.4011386152454272,0.5988613847545727,0.04970166508868533
27,4301,2010-05-27,96,4397,recovery,73,0,1,0.011309337359645122,0.36924952803888883,0.6307504719611111,0.04993874573663076
27,4301,2010-05-27,96,4397,recovery,74,0,1,0.02254007247830514,0.29899078653642863,0.7010092134635713,0.047833567349350896
27,4301,2010-05-27,96,4397,recovery,75,0,1,0.021905388711545015,0.30296132650851976,0.6970386734914802,0.00014346300896376455
27,4301,2010-05-27,96,4397,recovery,76,0,1,0.025806171566401748,0.27855828509039865,0.7214417149096013,0.00015102654847476394
27,4301,2010-05-27,96,4397,recovery,77,0,1,0.025533996642393975,0.28026099354423273,0.7197390064557672,0.00017884207277826702
27,4301,2010-05-27,96,4397,recovery,78,0,1,0.025917622505112092,0.2778610553355942,0.7221389446644056,0.00020340607973203423
27,4301,2010-05-27,96,4397,recovery,79,0,1,0.04160404883662827,0.1797278021621477,0.8202721978378522,0.0001852484416241773
27,4301,2010-05-27,96,4397,recovery,80,0,1,0.039506424853324784,0.19285040007360701,0.8071495999263929,0.0016868298595658332
27,4301,2010-05-27,96,4397,recovery,81,0,1,0.03439962552484577,0.22479820136476186,0.7752017986352381,0.012614462656906697
27,4301,2010-05-27,96,4397,recovery,82,0,1,0.02599035890721768,0.2774060211798278,0.7225939788201721,0.04124609012353213
27,4301,2010-05-27,96,4397,recovery,83,0,1,0.04716721042993077,0.14492502850658934,0.8550749714934106,0.0355057191936714
27,4301,2010-05-27,96,4397,recovery,84,0,1,0.042151918187971926,0.17630036747274627,0.8236996325272536,0.04794763903394475
27,4301,2010-05-27,96,4397,recovery,85,0,1,0.04579929680323502,0.1534826063392305,0.8465173936607694,0.05041428561885294
27,4301,2010-05-27,96,4397,recovery,86,0,1,0.04397619407949138,0.1648878172757002,0.8351121827242997,0.04097415456287174
27,4301,2010-05-27,96,4397,recovery,87,0,1,0.04087433848002031,0.18429282224096724,0.8157071777590327,0.0249061844785157
27,4301,2010-05-27,96,4397,recovery,88,0,1,0.04525260061966718,0.1569027017680556,0.8430972982319443,0.026180144480097554
27,4301,2010-05-27,96,4397,recovery,89,0,1,0.0374088008700213,0.20597299798506633,0.7940270020149336,0.05600850195822639
27,4301,2010-05-27,96,4397,recovery,90,0,1,0.05829470678431181,0.07531214193489486,0.924687858065105,0.04593365758340176
27,4301,2010-05-27,96,4397,recovery,91,0,1,0.058203199697792085,0.07588460425989,0.9241153957401099,0.045388854602941196
27,4301,2010-05-27,96,4397,recovery,92,0,1,0.05692561998984047,0.08387705902811099,0.916122940971889,0.040831224806689374
27,4301,2010-05-27,96,4397,recovery,93,0,1,0.06283134657370493,0.04693122128410345,0.9530687787158965,0.04067389984792567
27,4301,2010-05-27,96,4397,recovery,94,0,1,0.06385786837761454,0.0405093682793351,0.9594906317206648,0.0011197283071545444
27,4301,2010-05-27,96,4397,recovery,95,0,1,0.06714039181457387,0.01997411718522771,0.9800258828147722,0.0011119990616677911
27,4301,2010-05-27,96,4397,recovery,96,1,1,0.07543938066126787,-0.03194381213561297,1.0319438121356128,0.0010694445292238587
28,4328,2010-07-07,13,4341,recovery,1,0,1,0.009918644687528566,0.35262206760393605,0.6473779323960639,0.011881582334337996
28,4328,2010-07-07,13,4341,recovery,2,0,1,0.017458179712971145,0.28620281351176946,0.7137971864882304,0.008737562033164267
28,4328,2010-07-07,13,4341,recovery,3,0,1,0.01811877266217743,0.2803833444335354,0.7196166555664646,0.0
28,4328,2010-07-07,13,4341,recovery,4,0,1,0.03348060574667122,0.14505384579505,0.8549461542049499,0.0
28,4328,2010-07-07,13,4341,recovery,5,0,1,0.03339528931411673,0.145805437742425,0.854194562257575,2.1914177812586228e-06
28,4328,2010-07-07,13,4341,recovery,6,0,1,0.03366830189829062,0.1434003435108294,0.8565996564891706,2.191458618983376e-06
28,4328,2010-07-07,13,4341,recovery,7,0,1,0.005206739998171672,0.39413141715458627,0.6058685828454137,0.20055854121314012
28,4328,2010-07-07,13,4341,recovery,8,0,1,0.011144763703951899,0.34182061761739946,0.6581793823826004,0.19884324621683414
28,4328,2010-07-07,13,4341,recovery,9,0,1,0.022358999360126752,0.24302922464907925,0.7569707753509207,0.1932499013957989
28,4328,2010-07-07,13,4341,recovery,10,0,1,0.009070355586702883,0.3600950389663907,0.6399049610336092,0.24204859591150335
28,4328,2010-07-07,13,4341,recovery,11,0,1,0.03160486303665566,0.1615781316094447,0.8384218683905552,0.21578134552255604
28,4328,2010-07-07,13,4341,recovery,12,0,1,0.04054846278070623,0.08278982146907758,0.9172101785309223,0.040742168836364695
28,4328,2010-07-07,13,4341,recovery,13,1,1,0.05138608732746275,-0.012683829902980108,1.0126838299029801,0.039886961897415675
29,4608,2011-08-15,107,4715,recovery,1,0,1,-0.008538959264413393,0.4793706601727286,0.5206293398272714,0.14226107641934804
29,4608,2011-08-15,107,4715,recovery,2,0,1,-0.00787572892272903,0.47631269776886515,0.5236873022311348,0.004946582559285714
29,4608,2011-08-15,107,4715,recovery,3,0,1,-0.05065461150047712,0.6735536959261834,0.3264463040738166,0.12131232070693491
29,4608,2011-08-15,107,4715,recovery,4,0,1,-0.06615801489167583,0.7450353844475707,0.25496461555242933,0.13541930231724056
29,4608,2011-08-15,107,4715,recovery,5,0,1,-0.06541174937250627,0.7415945709662022,0.2584054290337978,0.13566504848128808
29,4608,2011-08-15,107,4715,recovery,6,0,1,-0.03465404812256412,0.5997797471559413,0.4002202528440587,0.12371253425324934
29,4608,2011-08-15,107,4715,recovery,7,0,1,-0.021057300578933846,0.537089094768642,0.462910905231358,0.12534009308747984
29,4608,2011-08-15,107,4715,recovery,8,0,1,-0.035980508805933065,0.6058956719636692,0.39410432803633083,0.028345400496602766
29,4608,2011-08-15,107,4715,recovery,9,0,1,-0.021969636453073482,0.541295610405019,0.4587043895949811,0.013073016163599413
29,4608,2011-08-15,107,4715,recovery,10,0,1,0.006135143430130663,0.41171263621021437,0.5882873637897856,0.0125285361091847
29,4608,2011-08-15,107,4715,recovery,11,0,1,0.008788064796868555,0.3994807865947585,0.6005192134052415,0.012985484606943544
29,4608,2011-08-15,107,4715,recovery,12,0,1,0.013265657911885942,0.3788359057065477,0.6211640942934523,0.01299234467250789
29,4608,2011-08-15,107,4715,recovery,13,0,1,0.0026529213667378926,0.4277681503845442,0.5722318496154558,0.006940828557157475
29,4608,2011-08-15,107,4715,recovery,14,0,1,-0.022963956426502286,0.5458801309027298,0.45411986909727015,0.046917229962522865
29,4608,2011-08-15,107,4715,recovery,15,0,1,-0.030094470908257787,0.5787568614063975,0.42124313859360246,0.06862123095958471
29,4608,2011-08-15,107,4715,recovery,16,0,1,-0.00273490546602706,0.45260985447678986,0.5473901455232101,0.07677904870673702
29,4608,2011-08-15,107,4715,recovery,17,0,1,-0.013098536478719836,0.5003935459222728,0.49960645407772714,0.1055986862864974
29,4608,2011-08-15,107,4715,recovery,18,0,1,-0.03896451980441529,0.619654079672972,0.38034592032702796,0.1994211902675333
29,4608,2011-08-15,107,4715,recovery,19,0,1,-0.03274739227499568,0.5909887110218534,0.40901128897814665,0.11261848285282548
29,4608,2011-08-15,107,4715,recovery,20,0,1,-0.023876292300642032,0.5500866465391073,0.4499133534608927,0.11076355957928288
29,4608,2011-08-15,107,4715,recovery,21,0,1,-0.010362579934496852,0.48777884522931253,0.5122211547706875,0.10905069440062123
29,4608,2011-08-15,107,4715,recovery,22,0,1,0.006715338594330156,0.40903752488385436,0.5909624751161456,0.0908833714678867
29,4608,2011-08-15,107,4715,recovery,23,0,1,0.012682309513098566,0.38152555568141977,0.6184744443185802,0.0
29,4608,2011-08-15,107,4715,recovery,24,0,1,0.0025898566749771312,0.42805892335480045,0.5719410766451996,0.01765358333948172
29,4608,2011-08-15,107,4715,recovery,25,0,1,0.0014231598774023801,0.4334382233045446,0.5665617766954554,0.017889893500795
29,4608,2011-08-15,107,4715,recovery,26,0,1,-0.02807640077191187,0.5694521263581895,0.4305478736418104,0.1800862709330106
29,4608,2011-08-15,107,4715,recovery,27,0,1,-0.05949312805075446,0.7143055277076308,0.28569447229236916,0.3236153682042076
29,4608,2011-08-15,107,4715,recovery,28,0,1,-0.053826765496045814,0.6881795763300851,0.3118204236699149,0.33402714564028974
29,4608,2011-08-15,107,4715,recovery,29,0,1,-0.03132633455398548,0.5844366267587405,0.41556337324125947,0.30119724856986013
29,4608,2011-08-15,107,4715,recovery,30,0,1,-0.020492871587674544,0.5344866766848461,0.46551332331515394,0.33575490057052154
29,4608,2011-08-15,107,4715,recovery,31,0,1,-0.040451795451774464,0.6265114755548548,0.37348852444514524,0.23882891647618099
29,4608,2011-08-15,107,4715,recovery,32,0,1,-0.03291030939537787,0.5917398745283498,0.40826012547165025,0.06688151950234879
29,4608,2011-08-15,107,4715,recovery,33,0,1,-0.057076699278119536,0.7031640767306365,0.2968359232693635,0.15498963301040453
29,4608,2011-08-15,107,4715,recovery,34,0,1,-0.08391072562234336,0.8268879755747727,0.17311202442522736,0.26994669539080723
29,4608,2011-08-15,107,4715,recovery,35,0,1,-0.06382672345291807,0.7342864769804229,0.26571352301957707,0.25484277025934304
29,4608,2011-08-15,107,4715,recovery,36,0,1,-0.04649339292245991,0.6543675261054266,0.3456324738945734,0.2102768967013597
29,4608,2011-08-15,107,4715,recovery,37,0,1,-0.029243097569486842,0.5748314263079347,0.42516857369206523,0.204094090610981
29,4608,2011-08-15,107,4715,recovery,38,0,1,-0.035742965133634064,0.6048004271090366,0.39519957289096336,0.1339102455602169
29,4608,2011-08-15,107,4715,recovery,39,0,1,-0.003492732845352786,0.4561039763360388,0.5438960236639613,0.005936805542984565
29,4608,2011-08-15,107,4715,recovery,40,0,1,-0.0024931574809439194,0.4514952247574731,0.5485047752425268,0.006001813907778541
29,4608,2011-08-15,107,4715,recovery,41,0,1,0.006257068500868046,0.41115047513438596,0.588849524865614,0.006093181154440378
29,4608,2011-08-15,107,4715,recovery,42,0,1,0.0042568666938545,0.4203728245076872,0.5796271754923128,0.006896528419160454
29,4608,2011-08-15,107,4715,recovery,43,0,1,0.021424126869342697,0.34121957578769885,0.6587804242123011,0.0005371221274207433
29,4608,2011-08-15,107,4715,recovery,44,0,1,0.0019234730987047755,0.43113142440717656,0.5688685755928234,0.0491395640110014
29,4608,2011-08-15,107,4715,recovery,45,0,1,0.021507162046827677,0.3408367247101949,0.6591632752898051,0.04685067187384213
29,4608,2011-08-15,107,4715,recovery,46,0,1,0.009423967105456788,0.3965488258113385,0.6034511741886615,0.07119920247537265
29,4608,2011-08-15,107,4715,recovery,47,0,1,0.013840597685105482,0.37618502546104193,0.6238149745389581,0.08273572734304975
29,4608,2011-08-15,107,4715,recovery,48,0,1,0.03309004376689617,0.28743142250641934,0.7125685774935807,0.07870455463885521
29,4608,2011-08-15,107,4715,recovery,49,0,1,0.04575763818525047,0.2290248252142326,0.7709751747857674,0.0231500240647491
29,4608,2011-08-15,107,4715,recovery,50,0,1,0.025415070779605697,0.3228184929866347,0.6771815070133653,0.0826969903193576
29,4608,2011-08-15,107,4715,recovery,51,0,1,0.03584071540586331,0.27474887478706594,0.725251125212934,0.06370967949230043
29,4608,2011-08-15,107,4715,recovery,52,0,1,0.0719242298750058,0.10837827363864407,0.891621726361356,0.05383341119407764
29,4608,2011-08-15,107,4715,recovery,53,0,1,0.0716740732643546,0.1095316730873281,0.8904683269126719,0.059122523695028115
29,4608,2011-08-15,107,4715,recovery,54,0,1,0.04584067336273545,0.2286419741367286,0.7713580258632714,0.15602327857885992
29,4608,2011-08-15,107,4715,recovery,55,0,1,0.016690070674497903,0.36304693342162,0.63695306657838,0.21070649688086848
29,4608,2011-08-15,107,4715,recovery,56,0,1,0.033257165200062166,0.28666087413524033,0.7133391258647597,0.21313127662782197
29,4608,2011-08-15,107,4715,recovery,57,0,1,0.0520903843162317,0.19982637278430976,0.8001736272156903,0.2129752388866777
29,4608,2011-08-15,107,4715,recovery,58,0,1,0.04568196055513751,0.22937375277854033,0.7706262472214597,0.21892864151111577
29,4608,2011-08-15,107,4715,recovery,59,0,1,0.05217447057191271,0.1994386754906347,0.8005613245093652,0.15218456103750322
29,4608,2011-08-15,107,4715,recovery,60,0,1,0.06567451892150977,0.1371938749910619,0.8628061250089382,0.006597809435994226
29,4608,2011-08-15,107,4715,recovery,61,0,1,0.026348428217665587,0.31851505302683897,0.6814849469731611,0.20744355651923196
29,4608,2011-08-15,107,4715,recovery,62,0,1,0.03600678576083349,0.27398317263205696,0.726016827367943,0.20498877935104742
29,4608,2011-08-15,107,4715,recovery,63,0,1,0.055507439531471414,0.18407132401257928,0.8159286759874207,0.19802487337507996
29,4608,2011-08-15,107,4715,recovery,64,0,1,0.04550748157459927,0.23017822466291663,0.7698217753370834,0.21934882527007107
29,4608,2011-08-15,107,4715,recovery,65,0,1,0.0506987567847097,0.20624276299463706,0.7937572370053629,0.23115074278519268
29,4608,2011-08-15,107,4715,recovery,66,0,1,0.03400763503201576,0.28320067578918817,0.7167993242108118,0.05239733418940193
29,4608,2011-08-15,107,4715,recovery,67,0,1,0.01754880156064087,0.3590875748099609,0.6409124251900391,0.08809845100704333
29,4608,2011-08-15,107,4715,recovery,68,0,1,0.016498774442823327,0.36392894476473187,0.6360710552352681,0.09303600129625607
29,4608,2011-08-15,107,4715,recovery,69,0,1,-0.0028179406435121512,0.4529927055542944,0.5470072944457056,0.1312406352684057
29,4608,2011-08-15,107,4715,recovery,70,0,1,-0.006742666627426397,0.4710884767365897,0.5289115232634103,0.14133088283679926
29,4608,2011-08-15,107,4715,recovery,71,0,1,-0.028659749170699245,0.5721417763330616,0.4278582236669383,0.16880343185296895
29,4608,2011-08-15,107,4715,recovery,72,0,1,-0.030492829544546796,0.5805935773351839,0.4194064226648161,0.15867414815316191
29,4608,2011-08-15,107,4715,recovery,73,0,1,-0.002410122303458828,0.45111237367996865,0.5488876263200314,0.13829427202751565
29,4608,2011-08-15,107,4715,recovery,74,0,1,0.0004235845129934024,0.43804697488311073,0.5619530251168893,0.08894095192586664
29,4608,2011-08-15,107,4715,recovery,75,0,1,0.04159011313805716,0.24824007233201517,0.7517599276679848,0.07552094773985937
29,4608,2011-08-15,107,4715,recovery,76,0,1,0.04142404278308698,0.24900577448702418,0.7509942255129758,0.0005633893341388303
29,4608,2011-08-15,107,4715,recovery,77,0,1,0.0405075025961632,0.2532316749880853,0.7467683250119147,0.00013227480678061477
29,4608,2011-08-15,107,4715,recovery,78,0,1,0.0518402277055805,0.2009797722329938,0.7990202277670062,0.00013054901357479194
29,4608,2011-08-15,107,4715,recovery,79,0,1,0.05217447057191271,0.1994386754906347,0.8005613245093652,0.00013136749192625257
29,4608,2011-08-15,107,4715,recovery,80,0,1,0.05609078793025879,0.18138167403770722,0.8186183259622928,0.00013465352370157675
29,4608,2011-08-15,107,4715,recovery,81,0,1,0.03292397341192599,0.2881971246614283,0.7118028753385717,0.09807585075063263
29,4608,2011-08-15,107,4715,recovery,82,0,1,0.05042442537555014,0.20750762541525297,0.7924923745847471,0.09427141541534596
29,4608,2011-08-15,107,4715,recovery,83,0,1,0.03509024557390972,0.27820907313311805,0.721790926866882,0.13921767496780868
29,4608,2011-08-15,107,4715,recovery,84,0,1,0.025423479405173977,0.32277972325726634,0.6772202767427337,0.15660291995868644
29,4608,2011-08-15,107,4715,recovery,85,0,1,0.014506981261377838,0.3731125244086658,0.6268874755913342,0.17601568643829235
29,4608,2011-08-15,107,4715,recovery,86,0,1,0.018215185136913448,0.35601507375758384,0.6439849262424162,0.0849320733341084
29,4608,2011-08-15,107,4715,recovery,87,0,1,0.019684592454940253,0.34924006355060777,0.6507599364493922,0.0895704566648136
29,4608,2011-08-15,107,4715,recovery,88,0,1,0.008781758327692568,0.3995098638917837,0.6004901361082163,0.06641067656231114
29,4608,2011-08-15,107,4715,recovery,89,0,1,0.039308222374511814,0.25876120763912963,0.7412387923608703,0.043324980106041876
29,4608,2011-08-15,107,4715,recovery,90,0,1,0.04132103711987756,0.2494807036717769,0.7505192963282231,0.021805922711454324
29,4608,2011-08-15,107,4715,recovery,91,0,1,0.05054529936809171,0.2069503105555946,0.7930496894444053,0.023683277620662198
29,4608,2011-08-15,107,4715,recovery,92,0,1,0.05993773412766812,0.1636445228520612,0.8363554771479388,0.02332167275042145
29,4608,2011-08-15,107,4715,recovery,93,0,1,0.06077649452808709,0.15977724234764887,0.8402227576523511,0.0
29,4608,2011-08-15,107,4715,recovery,94,0,1,0.04685601490008451,0.2239605293155989,0.776039470684401,0.040516750106518805
29,4608,2011-08-15,107,4715,recovery,95,0,1,0.05767371169345514,0.174083272484269,0.825916727515731,0.06262497315141924
29,4608,2011-08-15,107,4715,recovery,96,0,1,0.05247402785777644,0.1980575038819169,0.8019424961180831,0.07072571379644242
29,4608,2011-08-15,107,4715,recovery,97,0,1,0.06920509058191882,0.12091543487287033,0.8790845651271296,0.06499169629855839
29,4608,2011-08-15,107,4715,recovery,98,0,1,0.070923603432401,0.11299187143338021,0.8870081285666198,0.0675254024766366
29,4608,2011-08-15,107,4715,recovery,99,0,1,0.0737751785781855,0.09984408696161619,0.9001559130383838,0.008230832012876391
29,4608,2011-08-15,107,4715,recovery,100,0,1,0.07100768968808202,0.11260417413970518,0.8873958258602949,0.01051321755365424
29,4608,2011-08-15,107,4715,recovery,101,0,1,0.0736080571450195,0.1006146353327952,0.8993853646672048,0.002709902870975992
29,4608,2011-08-15,107,4715,recovery,102,0,1,0.08291640564891467,0.05769654492293786,0.9423034550770621,0.002960118759247854
29,4608,2011-08-15,107,4715,recovery,103,0,1,0.08350395836048619,0.05498751008338163,0.9450124899166183,0.0032744286713019674
29,4608,2011-08-15,107,4715,recovery,104,0,1,0.08610327473922763,0.04300281749264269,0.9569971825073573,0.0034125096836169666
29,4608,2011-08-15,107,4715,recovery,105,0,1,0.08048421070333944,0.06891068914249676,0.9310893108575032,0.014434495023652075
29,4608,2011-08-15,107,4715,recovery,106,0,1,0.0846780127054334,0.04957428662043919,0.9504257133795608,0.014421377628316015
29,4608,2011-08-15,107,4715,recovery,107,1,1,0.09666976384375081,-0.0057161936738311025,1.005716193673831,0.01355797707420506
30,4628,2011-09-13,29,4657,recovery,1,0,1,0.01384426201264577,0.3486733963292752,0.6513266036707249,0.10905069440062123
30,4628,2011-09-13,29,4657,recovery,2,0,1,0.031339911789535435,0.23325964067539395,0.7667403593246062,0.0908833714678867
30,4628,2011-09-13,29,4657,recovery,3,0,1,0.03745283669004018,0.19293443813680006,0.8070655618632,0.0
30,4628,2011-09-13,29,4657,recovery,4,0,1,0.02711351928742478,0.26113993307701244,0.7388600669229877,0.01765358333948172
30,4628,2011-09-13,29,4657,recovery,5,0,1,0.02591828471994906,0.2690245508007812,0.7309754491992189,0.017889893500795
30,4628,2011-09-13,29,4657,recovery,6,0,1,-0.004302844442912956,0.46838462380557,0.5316153761944301,0.1800862709330106
30,4628,2011-09-13,29,4657,recovery,7,0,1,-0.036488034732870434,0.6807010416104993,0.3192989583895009,0.3236153682042076
30,4628,2011-09-13,29,4657,recovery,8,0,1,-0.03068307117137281,0.6424073712061368,0.35759262879386333,0.33402714564028974
30,4628,2011-09-13,29,4657,recovery,9,0,1,-0.007632272625467285,0.49034790128475514,0.509652098715245,0.30119724856986013
30,4628,2011-09-13,29,4657,recovery,10,0,1,0.0034661802456801283,0.4171346086010671,0.582865391398933,0.33575490057052154
30,4628,2011-09-13,29,4657,recovery,11,0,1,-0.01698094516134585,0.5520183977512119,0.4479816022487882,0.23882891647618099
30,4628,2011-09-13,29,4657,recovery,12,0,1,-0.009254991988698058,0.5010525129151345,0.4989474870848655,0.06688151950234879
30,4628,2011-09-13,29,4657,recovery,13,0,1,-0.03401249935392725,0.6643706486853226,0.33562935131467747,0.15498963301040453
30,4628,2011-09-13,29,4657,recovery,14,0,1,-0.06150289440587142,0.8457168563320213,0.15428314366797885,0.26994669539080723
30,4628,2011-09-13,29,4657,recovery,15,0,1,-0.04092763123890908,0.7099877793358162,0.29001222066418386,0.25484277025934304
30,4628,2011-09-13,29,4657,recovery,16,0,1,-0.02317032200265312,0.5928479316937587,0.4071520683062414,0.2102768967013597
30,4628,2011-09-13,29,4657,recovery,17,0,1,-0.00549807901038879,0.4762692415293395,0.5237307584706606,0.204094090610981
30,4628,2011-09-13,29,4657,recovery,18,0,1,-0.012156935375497335,0.520195796487709,0.4798042035122911,0.1339102455602169
30,4628,2011-09-13,29,4657,recovery,19,0,1,0.020882147718071176,0.302246494128772,0.6977535058712281,0.005936805542984565
30,4628,2011-09-13,29,4657,recovery,20,0,1,0.021906173009665242,0.29549129461948903,0.704508705380511,0.006001813907778541
30,4628,2011-09-13,29,4657,recovery,21,0,1,0.03087043226573405,0.23635666169121738,0.7636433383087827,0.006093181154440378
30,4628,2011-09-13,29,4657,recovery,22,0,1,0.02882130489464707,0.2498741639689954,0.7501258360310047,0.006896528419160454
30,4628,2011-09-13,29,4657,recovery,23,0,1,0.046408481642919996,0.13385663128221306,0.8661433687177871,0.0005371221274207433
30,4628,2011-09-13,29,4657,recovery,24,0,1,0.026430835759695626,0.265643399416533,0.7343566005834672,0.0491395640110014
30,4628,2011-09-13,29,4657,recovery,25,0,1,0.04649354788691151,0.13329547380457546,0.8667045261954246,0.04685067187384213
30,4628,2011-09-13,29,4657,recovery,26,0,1,0.03411479420429697,0.21495454168966913,0.785045458310331,0.07119920247537265
30,4628,2011-09-13,29,4657,recovery,27,0,1,0.038639456954327134,0.1851066464867145,0.8148933535132856,0.08273572734304975
30,4628,2011-09-13,29,4657,recovery,28,0,1,0.05835975052977971,0.05501755730372859,0.9449824426962715,0.07870455463885521
30,4628,2011-09-13,29,4657,recovery,29,1,1,0.07133719828403073,-0.03059092270246004,1.03059092270246,0.0231500240647491
31,4648,2011-10-11,12,4660,recovery,1,0,1,0.008772096199074486,0.3827773985105133,0.6172226014894868,0.006093181154440378
31,4648,2011-10-11,12,4660,recovery,2,0,1,0.0067668951099646435,0.3958578322203629,0.6041421677796371,0.006896528419160454
31,4648,2011-10-11,12,4660,recovery,3,0,1,0.02397706294413693,0.28359155592873625,0.7164084440712638,0.0005371221274207433
31,4648,2011-10-11,12,4660,recovery,4,0,1,0.004427669456878336,0.4111171926175579,0.5888828073824421,0.0491395640110014
31,4648,2011-10-11,12,4660,recovery,5,0,1,0.02406030565881867,0.2830485426533416,0.7169514573466584,0.04685067187384213
31,4648,2011-10-11,12,4660,recovery,6,0,1,0.011946910114727594,0.3620672846020655,0.6379327153979346,0.07119920247537265
31,4648,2011-10-11,12,4660,recovery,7,0,1,0.016374579571605707,0.3331844772196248,0.6668155227803753,0.08273572734304975
31,4648,2011-10-11,12,4660,recovery,8,0,1,0.0356721375043203,0.20730162752851933,0.7926983724714808,0.07870455463885521
31,4648,2011-10-11,12,4660,recovery,9,0,1,0.048371393166932064,0.12446117189473237,0.8755388281052678,0.0231500240647491
31,4648,2011-10-11,12,4660,recovery,10,0,1,0.027977981775114014,0.2574925507809199,0.7425074492190802,0.0826969903193576
31,4648,2011-10-11,12,4660,recovery,11,0,1,0.038429684141314535,0.1893134535828159,0.8106865464171842,0.06370967949230043
31,4648,2011-10-11,12,4660,recovery,12,1,1,0.0746033853442245,-0.04665674571256788,1.046656745712568,0.05383341119407764
32,4682,2011-11-29,18,4700,recovery,1,0,1,0.041149098504213555,0.13468654876855457,0.8653134512314454,0.07552094773985937
32,4682,2011-11-29,18,4700,recovery,2,0,1,0.0409830984642896,0.135918217187452,0.864081782812548,0.0005633893341388303
32,4682,2011-11-29,18,4700,recovery,3,0,1,0.04006694634521479,0.14271577960061374,0.8572842203993862,0.00013227480678061477
32,4682,2011-11-29,18,4700,recovery,4,0,1,0.05139487312028601,0.058666103065417155,0.9413338969345827,0.00013054901357479194
32,4682,2011-11-29,18,4700,recovery,5,0,1,0.051728974466462185,0.056187175488141686,0.9438128245118581,0.00013136749192625257
32,4682,2011-11-29,18,4700,recovery,6,0,1,0.055643633635810597,0.027141627837414858,0.972858372162585,0.00013465352370157675
32,4682,2011-11-29,18,4700,recovery,7,0,1,0.03248662806640423,0.19895937227371877,0.8010406277262812,0.09807585075063263
32,4682,2011-11-29,18,4700,recovery,8,0,1,0.0499796702482751,0.06916646610501233,0.9308335338949875,0.09427141541534596
32,4682,2011-11-29,18,4700,recovery,9,0,1,0.03465198301756556,0.1828931152398626,0.8171068847601374,0.13921767496780868
32,4682,2011-11-29,18,4700,recovery,10,0,1,0.024989309807555538,0.25458713073737593,0.7454128692626241,0.15660291995868644
32,4682,2011-11-29,18,4700,recovery,11,0,1,0.01407743376545878,0.3355498408555853,0.6644501591444146,0.17601568643829235
32,4682,2011-11-29,18,4700,recovery,12,0,1,0.017784067568320072,0.30804777641335124,0.6919522235866487,0.0849320733341084
32,4682,2011-11-29,18,4700,recovery,13,0,1,0.019252852731698633,0.2971498495170249,0.7028501504829751,0.0895704566648136
32,4682,2011-11-29,18,4700,recovery,14,0,1,0.00835463492073485,0.37801121982861624,0.6219887801713837,0.06641067656231114
32,4682,2011-11-29,18,4700,recovery,15,0,1,0.038868173905003855,0.15161029647379545,0.8483897035262045,0.043324980106041876
32,4682,2011-11-29,18,4700,recovery,16,0,1,0.04088013641421018,0.1366821634219581,0.8633178365780418,0.021805922711454324
32,4682,2011-11-29,18,4700,recovery,17,0,1,0.050100493062143814,0.06826999858492863,0.9317300014150712,0.023683277620662198
32,4682,2011-11-29,18,4700,recovery,18,1,1,0.059488951016329894,-0.0013894254104804993,1.0013894254104803,0.02332167275042145
33,5625,2015-08-31,41,5666,recovery,1,0,1,-0.029847686223813064,0.6606197833732839,0.3393802166267162,0.145318689357136
33,5625,2015-08-31,41,5666,recovery,2,0,1,-0.01143342985761242,0.5245104307076116,0.4754895692923884,0.13831801918498912
33,5625,2015-08-31,41,5666,recovery,3,0,1,-0.01072500742986826,0.5192741118394174,0.4807258881605826,0.13963461592220702
33,5625,2015-08-31,41,5666,recovery,4,0,1,-0.025699367737414658,0.6299574024111562,0.37004259758884384,0.1672137763920131
33,5625,2015-08-31,41,5666,recovery,5,0,1,-0.0012141852285356691,0.4489746749575807,0.5510253250424193,0.14877882040477566
33,5625,2015-08-31,41,5666,recovery,6,0,1,-0.014570222742427918,0.5476960994909671,0.45230390050903285,0.05282756296250068
33,5625,2015-08-31,41,5666,recovery,7,0,1,-0.009207719027493844,0.5080590435712589,0.49194095642874114,0.052639299055438675
33,5625,2015-08-31,41,5666,recovery,8,0,1,-0.004704893905026486,0.47477631955582195,0.5252236804441781,0.052512333332315364
33,5625,2015-08-31,41,5666,recovery,9,0,1,-0.008398262208470064,0.5020759269328717,0.49792407306712827,0.02474726616158745
33,5625,2015-08-31,41,5666,recovery,10,0,1,0.003996471477282437,0.4104599993123715,0.5895400006876285,0.02436617476274296
33,5625,2015-08-31,41,5666,recovery,11,0,1,0.012697836859591138,0.3461436790689227,0.6538563209310774,0.0017124026759253617
33,5625,2015-08-31,41,5666,recovery,12,0,1,0.01042131341163599,0.3629706487095833,0.6370293512904167,0.0023568147765619953
33,5625,2015-08-31,41,5666,recovery,13,0,1,-0.006088651474481788,0.48500439194056877,0.5149956080594312,0.037029977697751106
33,5625,2015-08-31,41,5666,recovery,14,0,1,-0.0009524411622382489,0.44703998833655517,0.5529600116634449,0.04024972758276767
33,5625,2015-08-31,41,5666,recovery,15,0,1,-0.013919703065241595,0.5428877699881461,0.45711223001185386,0.08441468795624482
33,5625,2015-08-31,41,5666,recovery,16,0,1,-0.015496075906961004,0.5545395620985242,0.4454604379014759,0.08726809861881081
33,5625,2015-08-31,41,5666,recovery,17,0,1,-0.019055913377485134,0.5808521735921597,0.41914782640784026,0.12217005731914876
33,5625,2015-08-31,41,5666,recovery,18,0,1,-0.019309976466667877,0.582730086113698,0.417269913886302,0.05918281008954668
33,5625,2015-08-31,41,5666,recovery,19,0,1,-0.04392278136453143,0.7646561370664628,0.2353438629335371,0.21929847497043456
33,5625,2015-08-31,41,5666,recovery,20,0,1,-0.04336325172393629,0.7605203622806591,0.23947963771934092,0.17739530827759298
33,5625,2015-08-31,41,5666,recovery,21,0,1,-0.02551384259787204,0.628586089546592,0.37141391045340805,0.20900460852044736
33,5625,2015-08-31,41,5666,recovery,22,0,1,-0.02297143917286515,0.6097938626159493,0.3902061373840508,0.23014545203944903
33,5625,2015-08-31,41,5666,recovery,23,0,1,-0.008376991810305823,0.5019187063496724,0.4980812936503276,0.21344637269781877
33,5625,2015-08-31,41,5666,recovery,24,0,1,0.009269166844412258,0.3714867636328358,0.6285132363671643,0.0
33,5625,2015-08-31,41,5666,recovery,25,0,1,0.005810954609561048,0.39704821011785735,0.6029517898821426,0.00471043695529376
33,5625,2015-08-31,41,5666,recovery,26,0,1,0.014049097987406833,0.33615580479739554,0.6638441952026045,0.004936844161086203
33,5625,2015-08-31,41,5666,recovery,27,0,1,0.023202459330703196,0.26849854716097926,0.7315014528390208,0.004832955241222539
33,5625,2015-08-31,41,5666,recovery,28,0,1,0.023812801589135013,0.2639871898708668,0.7360128101291332,0.004873349418670633
33,5625,2015-08-31,41,5666,recovery,29,0,1,0.024778832172422494,0.25684675505060206,0.7431532449493979,0.004899559735855426
33,5625,2015-08-31,41,5666,recovery,30,0,1,0.0183209029520357,0.3045806710050335,0.6954193289949665,0.017450521832928386
33,5625,2015-08-31,41,5666,recovery,31,0,1,0.013438755728974794,0.34066716208750963,0.6593328379124904,0.028167367588184857
33,5625,2015-08-31,41,5666,recovery,32,0,1,0.028999824519215123,0.22564720376254535,0.7743527962374547,0.025572887988623512
33,5625,2015-08-31,41,5666,recovery,33,0,1,0.033678130426536335,0.1910674099357224,0.8089325900642776,0.028468801647769274
33,5625,2015-08-31,41,5666,recovery,34,0,1,0.03418684744929523,0.18730721765422395,0.812692782345776,0.028811214901878778
33,5625,2015-08-31,41,5666,recovery,35,0,1,0.032762912461085536,0.1978322622516785,0.8021677377483215,0.01237378530673877
33,5625,2015-08-31,41,5666,recovery,36,0,1,0.026457421094208344,0.2444394306931873,0.7555605693068127,0.019175568861385054
33,5625,2015-08-31,41,5666,recovery,37,0,1,0.04379811319751403,0.1162653502406162,0.8837346497593838,0.016966671172938784
33,5625,2015-08-31,41,5666,recovery,38,0,1,0.05523981487663465,0.03169377819509461,0.9683062218049053,0.01614109924377265
33,5625,2015-08-31,41,5666,recovery,39,0,1,0.052646007989398,0.05086595486846546,0.9491340451315345,0.025238971116129418
33,5625,2015-08-31,41,5666,recovery,40,0,1,0.0506123215871499,0.06589798951761057,0.9341020104823894,0.02621183542968454
33,5625,2015-08-31,41,5666,recovery,41,1,1,0.06256214944463578,-0.022429407570985924,1.0224294075709859,0.006158366452377742
34,5725,2016-01-25,25,5750,recovery,1,0,1,0.013643551521411501,0.31188898231568274,0.6881110176843171,0.10455254812310476
34,5725,2016-01-25,25,5750,recovery,2,0,1,0.0026117567834582633,0.41547597347012905,0.5845240265298709,0.08962562102728652
34,5725,2016-01-25,25,5750,recovery,3,0,1,0.007834654805527919,0.3664337002893753,0.6335662997106246,0.09162615650387343
34,5725,2016-01-25,25,5750,recovery,4,0,1,0.03240720507553663,0.13570093124096982,0.8642990687590301,0.08051721178957333
34,5725,2016-01-25,25,5750,recovery,5,0,1,0.03202987608466712,0.13924399705827017,0.8607560029417297,0.028089588018186465
34,5725,2016-01-25,25,5750,recovery,6,0,1,0.013429957459695663,0.31389460032319344,0.6861053996768065,0.10241332155513302
34,5725,2016-01-25,25,5750,recovery,7,0,1,0.019506000638935594,0.25684141487036705,0.7431585851296328,0.07464225690339511
34,5725,2016-01-25,25,5750,recovery,8,0,1,0.021104570605148476,0.24183106914845418,0.7581689308515458,0.07741364408954392
34,5725,2016-01-25,25,5750,recovery,9,0,1,0.0016521223678533925,0.42448680480646395,0.5755131951935359,0.17284954348619033
34,5725,2016-01-25,25,5750,recovery,10,0,1,-0.011830771948636465,0.5510892740759107,0.4489107259240892,0.21481758087437636
34,5725,2016-01-25,25,5750,recovery,11,0,1,-0.011777835091842381,0.5505922044832716,0.4494077955167284,0.13450430556390208
34,5725,2016-01-25,25,5750,recovery,12,0,1,-0.012630364704166008,0.5585973368763582,0.4414026631236418,0.13680923873722675
34,5725,2016-01-25,25,5750,recovery,13,0,1,-0.025474323470047855,0.6792002917602269,0.320799708239773,0.2024340873816259
34,5725,2016-01-25,25,5750,recovery,14,0,1,-0.005382324137298333,0.49053926183765517,0.5094607381623447,0.09523074492853913
34,5725,2016-01-25,25,5750,recovery,15,0,1,0.011404814914897754,0.3329104021811416,0.6670895978188583,0.04855943040343164
34,5725,2016-01-25,25,5750,recovery,16,0,1,0.02792603859343079,0.17777845024578964,0.8222215497542102,0.045233009703283596
34,5725,2016-01-25,25,5750,recovery,17,0,1,0.023715711843759868,0.2173128224975714,0.7826871775024286,0.0514848177920862
34,5725,2016-01-25,25,5750,recovery,18,0,1,0.023236202408380757,0.22181534822624582,0.7781846517737542,0.004706123806339518
34,5725,2016-01-25,25,5750,recovery,19,0,1,0.03805175131741989,0.08269944095605304,0.9173005590439469,0.00498922006303553
34,5725,2016-01-25,25,5750,recovery,20,0,1,0.02494187717787466,0.2057993035610866,0.7942006964389133,0.05331510401386587
34,5725,2016-01-25,25,5750,recovery,21,0,1,0.029631713362924694,0.16176240558063046,0.8382375944193695,0.05603838923380824
34,5725,2016-01-25,25,5750,recovery,22,0,1,0.04210203640701571,0.044667837240156744,0.9553321627598432,0.05035501810160079
34,5725,2016-01-25,25,5750,recovery,23,0,1,0.03969956487134807,0.06722670491540732,0.9327732950845926,0.052297821188399964
34,5725,2016-01-25,25,5750,recovery,24,0,1,0.03155036664928801,0.14374652278694458,0.8562534772130553,0.08561334225334478
34,5725,2016-01-25,25,5750,recovery,25,1,1,0.05579852478522107,-0.08394025003679756,1.0839402500367974,0.02093612466910166
35,6242,2018-02-12,101,6343,recovery,1,0,1,0.0024876110615297264,0.42028821087830853,0.5797117891216915,0.2929046859581928
35,6242,2018-02-12,101,6343,recovery,2,0,1,0.016017523215543505,0.3130774095841032,0.6869225904158969,0.28212004291146797
35,6242,2018-02-12,101,6343,recovery,3,0,1,0.028981860211390487,0.21034821653752947,0.7896517834624706,0.0
35,6242,2018-02-12,101,6343,recovery,4,0,1,0.029283249486363294,0.2079600128815487,0.7920399871184514,0.0
35,6242,2018-02-12,101,6343,recovery,5,0,1,0.022838702395856503,0.2590264979914689,0.7409735020085312,0.007454760943573963
35,6242,2018-02-12,101,6343,recovery,6,0,1,0.01775103406618439,0.29934109812591875,0.7006589018740813,0.012106885503799894
35,6242,2018-02-12,101,6343,recovery,7,0,1,0.019069873403964044,0.2888906369128553,0.7111093630871447,0.012103407711373363
35,6242,2018-02-12,101,6343,recovery,8,0,1,0.035313543079646514,0.1601760656677146,0.8398239343322854,0.011559757126943543
35,6242,2018-02-12,101,6343,recovery,9,0,1,0.04733567282752049,0.06491290735148661,0.9350870926485134,0.011558138819661763
35,6242,2018-02-12,101,6343,recovery,10,0,1,0.034258053593784865,0.16853974698720242,0.8314602530127976,0.03218499882563263
35,6242,2018-02-12,101,6343,recovery,11,0,1,0.02378090964382973,0.2515604632611214,0.7484395367388786,0.04608489192464174
35,6242,2018-02-12,101,6343,recovery,12,0,1,0.008894536744619597,0.3695198371817568,0.6304801628182433,0.08083493751556406
35,6242,2018-02-12,101,6343,recovery,13,0,1,0.014095487312180355,0.3283075904581649,0.6716924095418352,0.08049124624999944
35,6242,2018-02-12,101,6343,recovery,14,0,1,0.025816227785081303,0.2354326357979194,0.7645673642020806,0.08559071318404542
35,6242,2018-02-12,101,6343,recovery,15,0,1,0.028416703068861793,0.21482651243612255,0.7851734875638775,0.08499944049636116
35,6242,2018-02-12,101,6343,recovery,16,0,1,0.02803965296341726,0.21781425126787696,0.7821857487321231,0.0638321537500829
35,6242,2018-02-12,101,6343,recovery,17,0,1,0.033014457070839054,0.17839398537352893,0.8216060146264711,4.00573012103455e-05
35,6242,2018-02-12,101,6343,recovery,18,0,1,0.05099121958152453,0.03594641501924048,0.9640535849807595,6.131689999317485e-05
35,6242,2018-02-12,101,6343,recovery,19,0,1,0.049672380243744874,0.04639687623230386,0.9536031237676962,0.0008675766866726697
35,6242,2018-02-12,101,6343,recovery,20,0,1,0.042888404455210694,0.10015298876060824,0.8998470112393918,0.024282340476000617
35,6242,2018-02-12,101,6343,recovery,21,0,1,0.03753696825798247,0.14255768113767217,0.8574423188623279,0.03846334538336274
35,6242,2018-02-12,101,6343,recovery,22,0,1,0.0364062359572872,0.1515175852838951,0.848482414716105,0.04336486136742858
35,6242,2018-02-12,101,6343,recovery,23,0,1,0.037529443976499044,0.1426173034203462,0.8573826965796538,0.04802836749088519
35,6242,2018-02-12,101,6343,recovery,24,0,1,0.023491224806720057,0.2538559211440535,0.7461440788559466,0.1529082067084908
35,6242,2018-02-12,101,6343,recovery,25,0,1,0.025231841923206266,0.24006329975223348,0.7599367002477666,0.13058587545427433
35,6242,2018-02-12,101,6343,recovery,26,0,1,0.023264242315304884,0.2556545266713744,0.7443454733286257,0.11817002887684318
35,6242,2018-02-12,101,6343,recovery,27,0,1,-0.0023145525874124218,0.458340476620201,0.5416595233797991,0.3687917699323168
35,6242,2018-02-12,101,6343,recovery,28,0,1,-0.023579844121968674,0.6268462968518802,0.3731537031481199,0.525069639265981
35,6242,2018-02-12,101,6343,recovery,29,0,1,0.0031342812534616016,0.41516400691741834,0.5848359930825817,0.3622960146554961
35,6242,2018-02-12,101,6343,recovery,30,0,1,-0.013930789150822243,0.5503873440210922,0.4496126559789078,0.43891671436191776
35,6242,2018-02-12,101,6343,recovery,31,0,1,-0.016844358147438343,0.5734744168119159,0.4265255831880842,0.45397994124409424
35,6242,2018-02-12,101,6343,recovery,32,0,1,-0.004282152195313693,0.473931703539341,0.526068296460659,0.2517091344738067
35,6242,2018-02-12,101,6343,recovery,33,0,1,-0.025774426221285007,0.6442361292983403,0.3557638707016598,0.22277203288044062
35,6242,2018-02-12,101,6343,recovery,34,0,1,-0.013287881099632082,0.5452929512015391,0.454707048798461,0.22086933503565997
35,6242,2018-02-12,101,6343,recovery,35,0,1,-0.0027308961628254025,0.4616395762614709,0.5383604237385292,0.1333924327123513
35,6242,2018-02-12,101,6343,recovery,36,0,1,0.005139502268779905,0.399274668584909,0.6007253314150911,0.12879904899920136
35,6242,2018-02-12,101,6343,recovery,37,0,1,-0.017260701722851435,0.5767735164531868,0.4232264835468134,0.23534501258109009
35,6242,2018-02-12,101,6343,recovery,38,0,1,-0.012417572541388866,0.5383966405056282,0.4616033594943719,0.1299744771061652
35,6242,2018-02-12,101,6343,recovery,39,0,1,0.0032856029144050503,0.4139649365658711,0.586035063434129,0.12223953974479015
35,6242,2018-02-12,101,6343,recovery,40,0,1,-0.0019738698424708323,0.4556409121547021,0.544359087845298,0.129336474576612
35,6242,2018-02-12,101,6343,recovery,41,0,1,0.006236793318437961,0.3905797523616798,0.6094202476383203,0.12807878624492625
35,6242,2018-02-12,101,6343,recovery,42,0,1,0.0032856029144050503,0.4139649365658711,0.586035063434129,0.00865425707520752
35,6242,2018-02-12,101,6343,recovery,43,0,1,0.011534305498368758,0.3486023530104427,0.6513976469895574,0.00852027872567699
35,6242,2018-02-12,101,6343,recovery,44,0,1,0.022355894334006976,0.26285226112968957,0.7371477388703105,0.00866764542880131
35,6242,2018-02-12,101,6343,recovery,45,0,1,0.023112920654361657,0.25685359702291993,0.7431464029770801,0.0020638022817939788
35,6242,2018-02-12,101,6343,recovery,46,0,1,0.017437104322072683,0.30182867225302173,0.6981713277469783,0.00940573455146573
35,6242,2018-02-12,101,6343,recovery,47,0,1,0.008810097585750576,0.37018893168731654,0.6298110683126835,0.028429058036866323
35,6242,2018-02-12,101,6343,recovery,48,0,1,0.00865877592480735,0.3713880020388621,0.628611997961138,0.03259232480328213
35,6242,2018-02-12,101,6343,recovery,49,0,1,-0.004925478262141847,0.4790294087079318,0.5209705912920682,0.1092391866345687
35,6242,2018-02-12,101,6343,recovery,50,0,1,-0.0024658742483556484,0.4595395469717465,0.5404604530282535,0.12268689131185967
35,6242,2018-02-12,101,6343,recovery,51,0,1,0.007674767113037717,0.3791852716729509,0.6208147283270492,0.1052680581578697
35,6242,2018-02-12,101,6343,recovery,52,0,1,0.008620736501752546,0.37168942580126724,0.6283105741987328,0.08081588156490221
35,6242,2018-02-12,101,6343,recovery,53,0,1,0.0008640383236735438,0.4331533745396521,0.566846625460348,0.13098254282671443
35,6242,2018-02-12,101,6343,recovery,54,0,1,0.0026422768475766745,0.4190626417344636,0.5809373582655364,0.03506703853295653
35,6242,2018-02-12,101,6343,recovery,55,0,1,-0.004092791111315552,0.4724312094253894,0.5275687905746107,0.06436389619698367
35,6242,2018-02-12,101,6343,recovery,56,0,1,-0.006287791226269768,0.48982435422088627,0.5101756457791138,0.06978182624070488
35,6242,2018-02-12,101,6343,recovery,57,0,1,0.006577476063379439,0.3878801878961818,0.6121198121038183,0.08917426612831533
35,6242,2018-02-12,101,6343,recovery,58,0,1,0.009983049465880356,0.3608944802883137,0.6391055197116864,0.0412390670901122
35,6242,2018-02-12,101,6343,recovery,59,0,1,0.009983049465880356,0.3608944802883137,0.6391055197116864,0.05181139188762936
35,6242,2018-02-12,101,6343,recovery,60,0,1,0.01974538667491532,0.28353788086838455,0.7164621191316155,0.004700826873362777
35,6242,2018-02-12,101,6343,recovery,61,0,1,0.029280323376897455,0.20798319932481132,0.7920168006751888,0.0
35,6242,2018-02-12,101,6343,recovery,62,0,1,0.03242129288056672,0.18309420865762907,0.816905791342371,0.0
35,6242,2018-02-12,101,6343,recovery,63,0,1,0.032912879270813544,0.17919888618962232,0.8208011138103778,0.0
35,6242,2018-02-12,101,6343,recovery,64,0,1,0.025799507159562918,0.23556512975941454,0.7644348702405855,0.05171143984227327
35,6242,2018-02-12,101,6343,recovery,65,0,1,0.03011301052772386,0.201385000042268,0.798614999957732,0.05077347950819004
35,6242,2018-02-12,101,6343,recovery,66,0,1,0.029242701969480756,0.20828131073817802,0.7917186892618221,0.05324450443653751
35,6242,2018-02-12,101,6343,recovery,67,0,1,0.026669815717806022,0.22866881906350453,0.7713311809364956,0.06484507386021997
35,6242,2018-02-12,101,6343,recovery,68,0,1,0.03438889248846788,0.16750298173848993,0.8324970182615101,0.06080494813972037
35,6242,2018-02-12,101,6343,recovery,69,0,1,0.03151294489926859,0.19029194311594605,0.809708056884054,0.020344559046188728
35,6242,2018-02-12,101,6343,recovery,70,0,1,0.03435085306541308,0.16780440550089512,0.832195594499105,0.020303793653718347
35,6242,2018-02-12,101,6343,recovery,71,0,1,0.03223193179656847,0.18459470277158158,0.8154052972284185,0.029041883075896814
35,6242,2018-02-12,101,6343,recovery,72,0,1,0.029772327782782382,0.20408456450776602,0.795915435492234,0.02791413859472752
35,6242,2018-02-12,101,6343,recovery,73,0,1,0.017929108727957388,0.2979300374359782,0.7020699625640219,0.214390847658658
35,6242,2018-02-12,101,6343,recovery,74,0,1,0.03151294489926859,0.19029194311594605,0.809708056884054,0.16348051289096244
35,6242,2018-02-12,101,6343,recovery,75,0,1,0.025193802500151463,0.24036472351463867,0.7596352764853613,0.20825415848077442
35,6242,2018-02-12,101,6343,recovery,76,0,1,0.035258783031073104,0.1606099833916167,0.8393900166083833,0.184272447943991
35,6242,2018-02-12,101,6343,recovery,77,0,1,0.0401779910586455,0.12163025991924603,0.878369740080754,0.20950004904343528
35,6242,2018-02-12,101,6343,recovery,78,0,1,0.04093459936336208,0.1156349081615149,0.8843650918384852,0.046729881826520686
35,6242,2018-02-12,101,6343,recovery,79,0,1,0.04963768494579379,0.046671801202409685,0.9533281987975903,0.043037641009649616
35,6242,2018-02-12,101,6343,recovery,80,0,1,0.049523984692267264,0.047572760140588526,0.9524272398594116,1.495209164421226e-05
35,6242,2018-02-12,101,6343,recovery,81,0,1,0.05262691477288173,0.02298519323581149,0.9770148067641886,1.6599738115267388e-05
35,6242,2018-02-12,101,6343,recovery,82,0,1,0.05402684914442646,0.011892136309489518,0.9881078636905105,1.67781546933749e-05
35,6242,2018-02-12,101,6343,recovery,83,0,1,0.05538916210855449,0.0010971907965342273,0.998902809203466,1.6743640910182733e-05
35,6242,2018-02-12,101,6343,recovery,84,0,1,0.05202121011347027,0.027784786991035634,0.9722152130089644,0.015419090393006804
35,6242,2018-02-12,101,6343,recovery,85,0,1,0.05467017521125461,0.006794431140898695,0.9932055688591015,0.01566792122553589
35,6242,2018-02-12,101,6343,recovery,86,0,1,0.053322910810093216,0.017470132088507666,0.9825298679114924,0.018148118387396776
35,6242,2018-02-12,101,6343,recovery,87,0,1,0.05115633575852074,0.03463803714945892,0.9653619628505411,0.02471744765688157
35,6242,2018-02-12,101,6343,recovery,88,0,1,0.04712750103981378,0.06656245717212332,0.9334375428278767,0.05058559898958063
35,6242,2018-02-12,101,6343,recovery,89,0,1,0.048914099876476325,0.052405477386185575,0.9475945226138145,0.034097249555460396
35,6242,2018-02-12,101,6343,recovery,90,0,1,0.04233871389128674,0.1045087277448165,0.8954912722551835,0.09448949555443681
35,6242,2018-02-12,101,6343,recovery,91,0,1,0.04423901298147559,0.08945078902070167,0.9105492109792984,0.09205174108931669
35,6242,2018-02-12,101,6343,recovery,92,0,1,0.03002397319683725,0.20209053038723918,0.7979094696127609,0.2960247021052811
35,6242,2018-02-12,101,6343,recovery,93,0,1,0.03230424850193647,0.1840216663881073,0.8159783336118928,0.3300045187954836
35,6242,2018-02-12,101,6343,recovery,94,0,1,0.023752484580448208,0.2517857029956652,0.7482142970043348,0.5091318515711489
35,6242,2018-02-12,101,6343,recovery,95,0,1,0.029605957558872298,0.20540287942465962,0.7945971205753404,0.4452683174906422
35,6242,2018-02-12,101,6343,recovery,96,0,1,0.031088241011096196,0.19365728973796525,0.8063427102620347,0.5311842450242121
35,6242,2018-02-12,101,6343,recovery,97,0,1,0.03329243747008559,0.17619127326364556,0.8238087267363545,0.1484875225831261
35,6242,2018-02-12,101,6343,recovery,98,0,1,0.0296439969819271,0.20510145566225443,0.7948985443377456,0.17093882914806655
35,6242,2018-02-12,101,6343,recovery,99,0,1,0.03804360321119615,0.13854311410431733,0.8614568858956827,0.026356190082078335
35,6242,2018-02-12,101,6343,recovery,100,0,1,0.046823603671013236,0.06897053492232819,0.9310294650776719,0.02293002022406167
35,6242,2018-02-12,101,6343,recovery,101,1,1,0.05624943829148643,-0.0057196235224776315,1.005719623522478,0.020268885560085742
36,6277,2018-04-04,44,6321,recovery,1,0,1,0.007891950529022251,0.3659556119464395,0.6340443880535606,0.12879904899920136
36,6277,2018-04-04,44,6321,recovery,2,0,1,-0.014569593607302145,0.5766958192242254,0.4233041807757746,0.23534501258109009
36,6277,2018-04-04,44,6321,recovery,3,0,1,-0.009713202124975284,0.531131857040853,0.4688681429591471,0.1299744771061652
36,6277,2018-04-04,44,6321,recovery,4,0,1,0.006032974504154298,0.38339702160320294,0.6166029783967971,0.12223953974479015
36,6277,2018-04-04,44,6321,recovery,5,0,1,0.0007590993418344905,0.43287792719540036,0.5671220728045996,0.129336474576612
36,6277,2018-04-04,44,6321,recovery,6,0,1,0.008992246372377055,0.35563234242016983,0.6443676575798302,0.12807878624492625
36,6277,2018-04-04,44,6321,recovery,7,0,1,0.006032974504154298,0.38339702160320294,0.6166029783967971,0.00865425707520752
36,6277,2018-04-04,44,6321,recovery,8,0,1,0.014304265123933124,0.30579356348439546,0.6942064365156045,0.00852027872567699
36,6277,2018-04-04,44,6321,recovery,9,0,1,0.025155487521178133,0.20398449624780177,0.7960155037521982,0.00866764542880131
36,6277,2018-04-04,44,6321,recovery,10,0,1,0.025914586863012623,0.1968624234432021,0.8031375765567978,0.0020638022817939788
36,6277,2018-04-04,44,6321,recovery,11,0,1,0.020223228020699757,0.2502602724442255,0.7497397275557744,0.00940573455146573
36,6277,2018-04-04,44,6321,recovery,12,0,1,0.011572597310164356,0.33142280062827995,0.6685771993717201,0.028429058036866323
36,6277,2018-04-04,44,6321,recovery,13,0,1,0.011420861273861771,0.3328464286543783,0.6671535713456217,0.03259232480328213
36,6277,2018-04-04,44,6321,recovery,14,0,1,-0.0022005916867094966,0.4606465390525382,0.5393534609474617,0.1092391866345687
36,6277,2018-04-04,44,6321,recovery,15,0,1,0.0002657476436902506,0.4375066846172745,0.5624933153827255,0.12268689131185967
36,6277,2018-04-04,44,6321,recovery,16,0,1,0.010434157877573291,0.34210394349812656,0.6578960565018734,0.1052680581578697
36,6277,2018-04-04,44,6321,recovery,17,0,1,0.01138271768462551,0.33320430199795525,0.6667956980020447,0.08081588156490221
36,6277,2018-04-04,44,6321,recovery,18,0,1,0.0036047787629907013,0.4061790026948907,0.5938209973051093,0.13098254282671443
36,6277,2018-04-04,44,6321,recovery,19,0,1,0.005387886769707473,0.3894494070511754,0.6105505929488246,0.03506703853295653
36,6277,2018-04-04,44,6321,recovery,20,0,1,-0.0013656243267238244,0.4528126522348904,0.5471873477651096,0.06436389619698367
36,6277,2018-04-04,44,6321,recovery,21,0,1,-0.003566635173754551,0.4734631239615334,0.5265368760384666,0.06978182624070488
36,6277,2018-04-04,44,6321,recovery,22,0,1,0.009333862034218487,0.35242721302439617,0.6475727869756038,0.08917426612831533
36,6277,2018-04-04,44,6321,recovery,23,0,1,0.012748761171670342,0.3203877170889622,0.6796122829110378,0.0412390670901122
36,6277,2018-04-04,44,6321,recovery,24,0,1,0.012748761171670342,0.3203877170889622,0.6796122829110378,0.05181139188762936
36,6277,2018-04-04,44,6321,recovery,25,0,1,0.022537831314796808,0.22854404603506118,0.7714559539649388,0.004700826873362777
36,6277,2018-04-04,44,6321,recovery,26,0,1,0.032098878243148166,0.13883974969441246,0.8611602503055875,0.0
36,6277,2018-04-04,44,6321,recovery,27,0,1,0.03524844889723111,0.1092896364675982,0.8907103635324017,0.0
36,6277,2018-04-04,44,6321,recovery,28,0,1,0.03574138143505401,0.10466481171982993,0.8953351882801701,0.0
36,6277,2018-04-04,44,6321,recovery,29,0,1,0.02860853024786625,0.17158712696879083,0.8284128730312091,0.05171143984227327
36,6277,2018-04-04,44,6321,recovery,30,0,1,0.03293384560313406,0.13100586287676255,0.8689941371232375,0.05077347950819004
36,6277,2018-04-04,44,6321,recovery,31,0,1,0.032061153814233245,0.13919369036388363,0.8608063096361164,0.05324450443653751
36,6277,2018-04-04,44,6321,recovery,32,0,1,0.029481222036767063,0.16339929948166976,0.8366007005183302,0.06484507386021997
36,6277,2018-04-04,44,6321,recovery,33,0,1,0.03722143652948673,0.09077853945420755,0.9092214605457924,0.06080494813972037
36,6277,2018-04-04,44,6321,recovery,34,0,1,0.03433761351909381,0.11783533729829833,0.8821646627017017,0.020344559046188728
36,6277,2018-04-04,44,6321,recovery,35,0,1,0.037183292940250245,0.09113641279778661,0.9088635872022134,0.020303793653718347
36,6277,2018-04-04,44,6321,recovery,36,0,1,0.035058569271692264,0.11107113783727354,0.8889288621627265,0.029041883075896814
36,6277,2018-04-04,44,6321,recovery,37,0,1,0.032592229941292405,0.13421099227253833,0.8657890077274617,0.02791413859472752
36,6277,2018-04-04,44,6321,recovery,38,0,1,0.020716579718843997,0.2456315150223514,0.7543684849776486,0.214390847658658
36,6277,2018-04-04,44,6321,recovery,39,0,1,0.03433761351909381,0.11783533729829833,0.8821646627017017,0.16348051289096244
36,6277,2018-04-04,44,6321,recovery,40,0,1,0.028001166942334343,0.17728557174729215,0.8227144282527079,0.20825415848077442
36,6277,2018-04-04,44,6321,recovery,41,0,1,0.0380937091580662,0.08259464464119233,0.9174053553588076,0.184272447943991
36,6277,2018-04-04,44,6321,recovery,42,0,1,0.0430263878188657,0.03631493577066484,0.9636850642293352,0.20950004904343528
36,6277,2018-04-04,44,6321,recovery,43,0,1,0.043785068000378846,0.029196795640170994,0.970803204359829,0.046729881826520686
36,6277,2018-04-04,44,6321,recovery,44,1,1,0.05251198588938699,-0.05268147923103948,1.0526814792310395,0.043037641009649616
37,6424,2018-10-31,33,6457,relapse,1,0,0,0.010641818361293298,0.3503831631918823,0.6496168368081177,0.07576699199442369
37,6424,2018-10-31,33,6457,relapse,2,0,0,0.004655618540268636,0.40079412438746076,0.5992058756125392,0.014487835699158706
37,6424,2018-10-31,33,6457,relapse,3,0,0,0.010198426119363058,0.3541170561073613,0.6458829438926387,0.007677534760508923
37,6424,2018-10-31,33,6457,relapse,4,0,0,0.01659079912551409,0.30028563096365746,0.6997143690363425,0.007615152256258697
37,6424,2018-10-31,33,6457,relapse,5,0,0,0.03835464259187038,0.11700804230118396,0.882991957698816,0.008718581958452386
37,6424,2018-10-31,33,6457,relapse,6,0,0,0.036470225563666414,0.1328770871919736,0.8671229128080263,0.010855138461978301
37,6424,2018-10-31,33,6457,relapse,7,0,0,0.026345833002946684,0.21813657998649968,0.7818634200135003,0.028791480093447307
37,6424,2018-10-31,33,6457,relapse,8,0,0,0.007168309429528952,0.3796342622542078,0.6203657377457922,0.12031375029147157
37,6424,2018-10-31,33,6457,relapse,9,0,0,0.0052838924013249855,0.3955033071449975,0.6044966928550025,0.13819258137135432
37,6424,2018-10-31,33,6457,relapse,10,0,0,-0.0015890919035607132,0.4533820541715387,0.5466179458284613,0.15023655589633192
37,6424,2018-10-31,33,6457,relapse,11,0,0,0.008831030336767798,0.36563216382115765,0.6343678361788423,0.15400278346926868
37,6424,2018-10-31,33,6457,relapse,12,0,0,0.011454569286510674,0.343538828459035,0.6564611715409651,0.12423838984484295
37,6424,2018-10-31,33,6457,relapse,13,0,0,-0.005653655639577204,0.4876105415089711,0.5123894584910289,0.09645298197113826
37,6424,2018-10-31,33,6457,relapse,14,0,0,-0.024055242789616904,0.64257391117459,0.35742608882541005,0.1777801114489357
37,6424,2018-10-31,33,6457,relapse,15,0,0,-0.020729396420174018,0.6145663074718886,0.38543369252811144,0.21846035748912593
37,6424,2018-10-31,33,6457,relapse,16,0,0,-0.027269836543611814,0.6696446348118186,0.3303553651881814,0.2576503696543484
37,6424,2018-10-31,33,6457,relapse,17,0,0,-0.01156582190195854,0.5373980516064369,0.4626019483935631,0.2634336539694132
37,6424,2018-10-31,33,6457,relapse,18,0,0,-0.008240380087480959,0.5093938547403376,0.49060614525966245,0.1526421414575585
37,6424,2018-10-31,33,6457,relapse,19,0,0,0.01459553403682734,0.3170881490833187,0.6829118509166813,0.015582199984323891
37,6424,2018-10-31,33,6457,relapse,20,0,0,0.012378168272210388,0.33576102049731976,0.6642389795026803,0.01791505348386102
37,6424,2018-10-31,33,6457,relapse,21,0,0,0.018549249712361382,0.28379313497475517,0.7162068650252448,0.0017736846808987434
37,6424,2018-10-31,33,6457,relapse,22,0,0,0.0320363031443629,0.17021601634677339,0.8297839836532266,0.0016875491750302277
37,6424,2018-10-31,33,6457,relapse,23,0,0,-0.0014042102844346038,0.4518251298445544,0.5481748701554455,0.28005897151672715
37,6424,2018-10-31,33,6457,relapse,24,0,0,-0.0029192686293515457,0.4645837329179767,0.5354162670820233,0.2833812575308499
37,6424,2018-10-31,33,6457,relapse,25,0,0,-0.026087322380142552,0.6596864514250056,0.3403135485749944,0.4143806126631255
37,6424,2018-10-31,33,6457,relapse,26,0,0,-0.024239719853777708,0.6441274286649721,0.35587257133502787,0.4143499772284227
37,6424,2018-10-31,33,6457,relapse,27,0,0,-0.024018023732812477,0.6422604822072316,0.3577395177927683,0.4246832307151729
37,6424,2018-10-31,33,6457,relapse,28,0,0,-0.01910389456973971,0.6008776380061976,0.3991223619938024,0.15717994495107257
37,6424,2018-10-31,33,6457,relapse,29,0,0,-0.01943643875118739,0.6036780576928069,0.3963219423071931,0.15671019047538778
37,6424,2018-10-31,33,6457,relapse,30,0,0,-0.03754229622161842,0.7561510298025718,0.24384897019742824,0.09076787073755531
37,6424,2018-10-31,33,6457,relapse,31,0,0,-0.056424090115427705,0.9151583145144278,0.08484168548557225,0.17993239513880874
37,6424,2018-10-31,33,6457,relapse,32,0,0,-0.05745853716160998,0.9238695957050127,0.07613040429498726,0.18046813229402955
37,6424,2018-10-31,33,6457,relapse,33,1,0,-0.07157386445466807,1.0427375315754597,-0.04273753157545971,0.2395958933521635
38,6467,2019-01-04,18,6485,recovery,1,0,1,0.007884525895548222,0.38744862782895695,0.612551372171043,0.08031615028084252
38,6467,2019-01-04,18,6485,recovery,2,0,1,0.017353978640792578,0.32433351576465175,0.6756664842353483,0.08581367268506288
38,6467,2019-01-04,18,6485,recovery,3,0,1,0.02210875918988031,0.29264229608487,0.70735770391513,0.08558515649740814
38,6467,2019-01-04,18,6485,recovery,4,0,1,0.025714198227555718,0.26861158438210714,0.7313884156178929,0.0
38,6467,2019-01-04,18,6485,recovery,5,0,1,0.02611010648552048,0.26597280527407696,0.734027194725923,0.0
38,6467,2019-01-04,18,6485,recovery,6,0,1,0.019850184519987213,0.30769598474364646,0.6923040152563535,0.005474428276958801
38,6467,2019-01-04,18,6485,recovery,7,0,1,0.03153853485480562,0.22979163682877796,0.7702083631712221,0.005654208757120601
38,6467,2019-01-04,18,6485,recovery,8,0,1,0.034034740734000035,0.21315410580777414,0.7868458941922258,0.006004856388516911
38,6467,2019-01-04,18,6485,recovery,9,0,1,0.04187958954922966,0.1608671864449411,0.8391328135550589,0.005951487143331726
38,6467,2019-01-04,18,6485,recovery,10,0,1,0.0557471603933033,0.0684380554877209,0.9315619445122791,0.006001901459522356
38,6467,2019-01-04,18,6485,recovery,11,0,1,0.041483250018652607,0.16350884004001792,0.8364911599599821,0.03006424045632608
38,6467,2019-01-04,18,6485,recovery,12,0,1,0.04366247052790784,0.1489840569976662,0.8510159430023337,0.03228945613716999
38,6467,2019-01-04,18,6485,recovery,13,0,1,0.044217087107148334,0.14528746665678666,0.8547125333432133,0.036905611095721685
38,6467,2019-01-04,18,6485,recovery,14,0,1,0.053052569112514325,0.08639785054978572,0.9136021494502143,0.06968553773957954
38,6467,2019-01-04,18,6485,recovery,15,0,1,0.04504944324862126,0.13973970665842145,0.8602602933415785,0.09161437441772304
38,6467,2019-01-04,18,6485,recovery,16,0,1,0.04366247052790784,0.1489840569976662,0.8510159430023337,0.02258460217838179
38,6467,2019-01-04,18,6485,recovery,17,0,1,0.06018452429983956,0.03886245827363795,0.961137541726362,0.02122067585547683
38,6467,2019-01-04,18,6485,recovery,18,1,1,0.06949569999642025,-0.02319771704486301,1.023197717044863,0.020669293019856247
39,6774,2020-03-25,39,6813,recovery,1,0,1,0.05838934838926235,0.311076306844397,0.688923693155603,0.03912476713517668
39,6774,2020-03-25,39,6813,recovery,2,0,1,0.0268648495124324,0.380682406795805,0.6193175932041951,0.023434293628732374
39,6774,2020-03-25,39,6813,recovery,3,0,1,0.06021310106808753,0.3070494605574841,0.692950539442516,0.013673911148512956
39,6774,2020-03-25,39,6813,recovery,4,0,1,0.044409969962733165,0.3419427772621306,0.6580572227378695,0.01720592290682457
39,6774,2020-03-25,39,6813,recovery,5,0,1,-0.002593619017290827,0.4457267113193069,0.5542732886806931,0.048900545080831435
39,6774,2020-03-25,39,6813,recovery,6,0,1,0.020421898802812866,0.3949084432770824,0.6050915567229176,0.04936137019488626
39,6774,2020-03-25,39,6813,recovery,7,0,1,0.005672654037817804,0.4274747787272104,0.5725252212727896,0.03876660643566466
39,6774,2020-03-25,39,6813,recovery,8,0,1,0.07321992615479944,0.2783303881124794,0.7216696118875207,0.04022088914691949
39,6774,2020-03-25,39,6813,recovery,9,0,1,0.07431383349542564,0.2759150404812068,0.7240849595187933,0.038202972102599965
39,6774,2020-03-25,39,6813,recovery,10,0,1,0.11037705806918052,0.19628743326503534,0.8037125667349647,0.003553857191645342
39,6774,2020-03-25,39,6813,recovery,11,0,1,0.12727409651516086,0.15897876892911678,0.8410212310708833,0.004259887955371436
39,6774,2020-03-25,39,6813,recovery,12,0,1,0.11698181411321218,0.18170413057236576,0.8182958694276343,0.0019511517862790696
39,6774,2020-03-25,39,6813,recovery,13,0,1,0.14992469166616473,0.1089662502147132,0.8910337497852868,0.002755366873611298
39,6774,2020-03-25,39,6813,recovery,14,0,1,0.12549122550327496,0.1629153484870874,0.8370846515129127,0.019320167152599033
39,6774,2020-03-25,39,6813,recovery,15,0,1,0.1309207412061384,0.1509269767074801,0.84907302329252,0.021344018035192005
39,6774,2020-03-25,39,6813,recovery,16,0,1,0.1614731170764876,0.08346732455270613,0.9165326754472939,0.020770071389703926
39,6774,2020-03-25,39,6813,recovery,17,0,1,0.14101033660673545,0.128649148004566,0.871350851995434,0.03155073018037872
39,6774,2020-03-25,39,6813,recovery,18,0,1,0.1063654907091034,0.20514497481449243,0.7948550251855077,0.06935736961599609
39,6774,2020-03-25,39,6813,recovery,19,0,1,0.1309207412061384,0.1509269767074801,0.84907302329252,0.07087044552052055
39,6774,2020-03-25,39,6813,recovery,20,0,1,0.13083983853893244,0.15110560981317595,0.8488943901868241,0.07175720534362993
39,6774,2020-03-25,39,6813,recovery,21,0,1,0.14660208797734753,0.1163025598374717,0.8836974401625284,0.0866192041256809
39,6774,2020-03-25,39,6813,recovery,22,0,1,0.16313463408756435,0.0797986946532797,0.9202013053467204,0.06832822273169549
39,6774,2020-03-25,39,6813,recovery,23,0,1,0.1577855907185708,0.09160938350328504,0.908390616496715,0.0016456504849142104
39,6774,2020-03-25,39,6813,recovery,24,0,1,0.18809482825396562,0.024686580841693395,0.9753134191583067,0.001591158094732742
39,6774,2020-03-25,39,6813,recovery,25,0,1,0.17703310984688736,0.04911085734124246,0.9508891426587576,0.00960376154931072
39,6774,2020-03-25,39,6813,recovery,26,0,1,0.14587267297248463,0.11791310831701819,0.8820868916829818,0.07191207684477771
39,6774,2020-03-25,39,6813,recovery,27,0,1,0.14903347132688993,0.11093406490565136,0.8890659350943487,0.07321070943803444
39,6774,2020-03-25,39,6813,recovery,28,0,1,0.15964979473099872,0.0874932206635247,0.9125067793364754,0.1124947525153095
39,6774,2020-03-25,39,6813,recovery,29,0,1,0.15178889567859266,0.10485008737495286,0.8951499126250472,0.11819610083243857
39,6774,2020-03-25,39,6813,recovery,30,0,1,0.1656873714379159,0.07416225006291512,0.9258377499370849,0.12207571555973436
39,6774,2020-03-25,39,6813,recovery,31,0,1,0.18497491156649937,0.03157535752411847,0.9684246424758816,0.0073235712458235135
39,6774,2020-03-25,39,6813,recovery,32,0,1,0.18521804990145374,0.03103850803093614,0.9689614919690639,0.007422369628873097
39,6774,2020-03-25,39,6813,recovery,33,0,1,0.16159490141063282,0.08319842471806803,0.9168015752819321,0.07794782696313464
39,6774,2020-03-25,39,6813,recovery,34,0,1,0.14105078794033865,0.1285598314517176,0.8714401685482824,0.128081803363923
39,6774,2020-03-25,39,6813,recovery,35,0,1,0.15470612536470774,0.0984088436328617,0.9015911563671384,0.12545400373738605
39,6774,2020-03-25,39,6813,recovery,36,0,1,0.16001428706676202,0.08668842151179862,0.9133115784882014,0.14248484902116917
39,6774,2020-03-25,39,6813,recovery,37,0,1,0.195348096635654,0.008671362775173646,0.9913286372248264,0.12778427304263623
39,6774,2020-03-25,39,6813,recovery,38,0,1,0.18307025622046846,0.035780836916726726,0.9642191630832734,0.0881828212821746
39,6774,2020-03-25,39,6813,recovery,39,1,1,0.20316854435445708,-0.008596187383406595,1.0085961873834066,0.023064352348765044
40,6833,2020-06-18,31,6864,recovery,1,0,1,-0.00571408717499966,0.4827554088734686,0.5172445911265314,0.008800296682528562
40,6833,2020-06-18,31,6864,recovery,2,0,1,0.0006642306999253833,0.43502992266448554,0.5649700773355145,0.008743103170074849
40,6833,2020-06-18,31,6864,recovery,3,0,1,0.005270926077254323,0.40056052477448434,0.5994394752255158,0.008943952521893877
40,6833,2020-06-18,31,6864,recovery,4,0,1,-0.020372125882277214,0.5924335462590463,0.4075664537409538,0.11562787175041886
40,6833,2020-06-18,31,6864,recovery,5,0,1,-0.009870127569763798,0.5138528004481435,0.4861471995518566,0.11356044667174925
40,6833,2020-06-18,31,6864,recovery,6,0,1,-0.0333869600272777,0.6898164769438426,0.31018352305615754,0.1851561345170093
40,6833,2020-06-18,31,6864,recovery,7,0,1,-0.019180257564821335,0.5835154433888076,0.4164845566111926,0.1798980795848116
40,6833,2020-06-18,31,6864,recovery,8,0,1,-0.006616419033513732,0.48950706777694486,0.5104929322230553,0.17748812648116408
40,6833,2020-06-18,31,6864,recovery,9,0,1,0.0003423342838078103,0.4374384986040033,0.5625615013959968,0.0838470841854496
40,6833,2020-06-18,31,6864,recovery,10,0,1,0.005851020888522518,0.3962199905681348,0.6037800094318653,0.08356525759968748
40,6833,2020-06-18,31,6864,recovery,11,0,1,0.02137869086601052,0.2800348750094417,0.7199651249905584,0.0
40,6833,2020-06-18,31,6864,recovery,12,0,1,0.010844332596321227,0.3588577527931005,0.6411422472068996,0.0166075232078436
40,6833,2020-06-18,31,6864,recovery,13,0,1,0.018575977943453115,0.3010060526077084,0.6989939473922917,0.016602298411058987
40,6833,2020-06-18,31,6864,recovery,14,0,1,0.01277707361753988,0.3443961021255582,0.6556038978744418,0.0216331299023815
40,6833,2020-06-18,31,6864,recovery,15,0,1,0.023118294037558718,0.2670183699056094,0.7329816300943907,0.04588527266167575
40,6833,2020-06-18,31,6864,recovery,16,0,1,0.014259159656194287,0.33330645777333806,0.666693542226662,0.07222296586560595
40,6833,2020-06-18,31,6864,recovery,17,0,1,0.02740275236764167,0.2349600967127357,0.7650399032872643,0.03529759356947409
40,6833,2020-06-18,31,6864,recovery,18,0,1,0.03684198156027452,0.16433147463865583,0.8356685253613443,0.03884246657581547
40,6833,2020-06-18,31,6864,recovery,19,0,1,0.03342715450040146,0.18988276965841824,0.8101172303415819,0.031121306646832866
40,6833,2020-06-18,31,6864,recovery,20,0,1,0.036423005272629094,0.16746644649644327,0.8325335535035568,0.031029428144787832
40,6833,2020-06-18,31,6864,recovery,21,0,1,0.04479912471425296,0.10479249691679605,0.8952075030832041,0.0038590390603898987
40,6833,2020-06-18,31,6864,recovery,22,0,1,0.04702174282554217,0.08816185352487892,0.9118381464751212,0.003909463106872157
40,6833,2020-06-18,31,6864,recovery,23,0,1,0.05298142504394998,0.043568790416075136,0.956431209583925,0.0038939091128822774
40,6833,2020-06-18,31,6864,recovery,24,0,1,0.04041758651264238,0.1375771660279378,0.8624228339720623,0.06343750711109014
40,6833,2020-06-18,31,6864,recovery,25,0,1,0.03371703159047135,0.1877137769340484,0.8122862230659518,0.08449460217767117
40,6833,2020-06-18,31,6864,recovery,26,0,1,0.04125519845680481,0.1313097710699727,0.8686902289300273,0.11099101006695443
40,6833,2020-06-18,31,6864,recovery,27,0,1,0.03465138277503321,0.18072253481542344,0.8192774651845767,0.15068489791419962
40,6833,2020-06-18,31,6864,recovery,28,0,1,0.04737633982996381,0.08550859685499702,0.9144914031450031,0.15195834916083484
40,6833,2020-06-18,31,6864,recovery,29,0,1,0.04363927572284476,0.11347101657188699,0.8865289834281131,0.06536865636119885
40,6833,2020-06-18,31,6864,recovery,30,0,1,0.051886295966893314,0.0517630461256557,0.9482369538743445,0.03585984148457571
40,6833,2020-06-18,31,6864,recovery,31,1,1,0.059198965026380224,-0.002953682201952306,1.0029536822019525,0.04101577317327945
41,6896,2020-09-17,17,6913,recovery,1,0,1,-0.011512202493864532,0.5480867007252994,0.45191329927470053,0.06070641435947008
41,6896,2020-09-17,17,6913,recovery,2,0,1,-0.02251373105240706,0.6513787445771831,0.34862125542281674,0.09132733032782263
41,6896,2020-09-17,17,6913,recovery,3,0,1,-0.012558422892801069,0.5579095396835982,0.44209046031640176,0.09130291935134478
41,6896,2020-09-17,17,6913,recovery,4,0,1,-0.03545815039693723,0.7729123590615248,0.22708764093847514,0.20149971284052845
41,6896,2020-09-17,17,6913,recovery,5,0,1,-0.03288714956103145,0.7487735378356868,0.25122646216431316,0.18772769320510754
41,6896,2020-09-17,17,6913,recovery,6,0,1,-0.01725208937108713,0.6019778162981952,0.39802218370180475,0.14799162840663885
41,6896,2020-09-17,17,6913,recovery,7,0,1,-0.000929099126470434,0.448723201253667,0.551276798746333,0.11478322930839355
41,6896,2020-09-17,17,6913,recovery,8,0,1,-0.006370200822052863,0.4998090582736224,0.5001909417263776,0.12058218993625841
41,6896,2020-09-17,17,6913,recovery,9,0,1,0.001163341671402307,0.42907752333707255,0.5709224766629274,0.006236019081184104
41,6896,2020-09-17,17,6913,recovery,10,0,1,0.007590843761167143,0.3687304702724739,0.631269529727526,0.0064592325148714325
41,6896,2020-09-17,17,6913,recovery,11,0,1,-0.0019756343675372268,0.4585489962273005,0.5414510037726994,0.03470456961931526
41,6896,2020-09-17,17,6913,recovery,12,0,1,0.015722586302163277,0.2923825061993727,0.7076174938006271,0.03245113490131192
41,6896,2020-09-17,17,6913,recovery,13,0,1,0.0012829816809105665,0.4279542375097617,0.5720457624902383,0.09364628655982282
41,6896,2020-09-17,17,6913,recovery,14,0,1,0.01871201232921771,0.2643151405932813,0.7356848594067186,0.09622120103061962
41,6896,2020-09-17,17,6913,recovery,15,0,1,0.027740425257265278,0.17954844484601795,0.8204515551539819,0.10395830407177188
41,6896,2020-09-17,17,6913,recovery,16,0,1,0.036918073355067804,0.09338059782995173,0.9066194021700481,0.07005902473529156
41,6896,2020-09-17,17,6913,recovery,17,1,1,0.05359966878607891,-0.06324091868117337,1.0632409186811733,0.0681157195663474
42,7263,2022-03-03,18,7281,recovery,1,0,1,-0.00812444658947098,0.511657908248072,0.48834209175192805,0.09228950674155033
42,7263,2022-03-03,18,7281,recovery,2,0,1,-0.03736423628396934,0.7695538946450624,0.23044610535493765,0.2723836105316793
42,7263,2022-03-03,18,7281,recovery,3,0,1,-0.04466260483923068,0.8339257652129978,0.16607423478700223,0.2303612191398246
42,7263,2022-03-03,18,7281,recovery,4,0,1,-0.0190491979585089,0.6080146043767731,0.3919853956232269,0.2021519169143507
42,7263,2022-03-03,18,7281,recovery,5,0,1,-0.023478857342641435,0.6470843578944768,0.3529156421055232,0.20900492240235277
42,7263,2022-03-03,18,7281,recovery,6,0,1,-0.03589520447212713,0.756596981749246,0.24340301825075406,0.2363641676430219
42,7263,2022-03-03,18,7281,recovery,7,0,1,-0.04294133183350379,0.8187440760042696,0.18125592399573046,0.06621437686350258
42,7263,2022-03-03,18,7281,recovery,8,0,1,-0.021895105665783676,0.6331156117038033,0.3668843882961967,0.04826270747207168
42,7263,2022-03-03,18,7281,recovery,9,0,1,-0.0002064007509282595,0.44182046197355995,0.55817953802644,0.0461564569331003
42,7263,2022-03-03,18,7281,recovery,10,0,1,0.01230186477971884,0.33149711454713615,0.6685028854528638,0.04096658308281077
42,7263,2022-03-03,18,7281,recovery,11,0,1,0.0233895516092133,0.23370332185472775,0.7662966781452722,0.010841647465518278
42,7263,2022-03-03,18,7281,recovery,12,0,1,0.02309028239612987,0.23634288697174105,0.763657113028259,1.7383188099143245e-05
42,7263,2022-03-03,18,7281,recovery,13,0,1,0.03506176346521461,0.13075399761234122,0.8692460023876588,1.7316603364942e-05
42,7263,2022-03-03,18,7281,recovery,14,0,1,0.02173193269007867,0.24832357975285393,0.7516764202471461,0.03511214540990406
42,7263,2022-03-03,18,7281,recovery,15,0,1,0.03713384649294493,0.11247815151644673,0.8875218484835533,0.0351067189257098
42,7263,2022-03-03,18,7281,recovery,16,0,1,0.042198621651510004,0.06780665425041547,0.9321933457495846,0.03877119481185193
42,7263,2022-03-03,18,7281,recovery,17,0,1,0.04961194758703513,0.002420855494674994,0.997579144505325,0.038364986018859404
42,7263,2022-03-03,18,7281,recovery,18,1,1,0.06259643119088243,-0.11210275229651971,1.1121027522965197,0.03911867751931125
43,7308,2022-05-06,25,7333,relapse,1,0,0,-0.03201736191404414,0.6547842976892967,0.3452157023107032,0.29457440052734796
43,7308,2022-05-06,25,7333,relapse,2,0,0,-0.029780658611056943,0.6397796652226628,0.3602203347773371,0.3054989533585821
43,7308,2022-05-06,25,7333,relapse,3,0,0,-0.045193796622021165,0.7431766918659176,0.25682330813408233,0.327969321636353
43,7308,2022-05-06,25,7333,relapse,4,0,0,-0.04619050652626777,0.7498629902985711,0.2501370097014288,0.16936182305530167
43,7308,2022-05-06,25,7333,relapse,5,0,0,-0.023387068052663662,0.5968890966154141,0.4031109033845857,0.15698477942074032
43,7308,2022-05-06,25,7333,relapse,6,0,0,-0.027349579320200657,0.6234710867858952,0.3765289132141046,0.03261763612028531
43,7308,2022-05-06,25,7333,relapse,7,0,0,-0.007341894571467389,0.4892521424305661,0.5107478575694339,0.032015041126955884
43,7308,2022-05-06,25,7333,relapse,8,0,0,-0.04735751487666029,0.7576917136521543,0.24230828634784563,0.16684698312793234
43,7308,2022-05-06,25,7333,relapse,9,0,0,-0.053192055013169925,0.7968319653982091,0.2031680346017908,0.17362657024592823
43,7308,2022-05-06,25,7333,relapse,10,0,0,-0.052778723880256395,0.7940591873868823,0.2059408126131176,0.18809110578517677
43,7308,2022-05-06,25,7333,relapse,11,0,0,-0.03505614832568271,0.6751696001075224,0.3248303998924776,0.18029136427631515
43,7308,2022-05-06,25,7333,relapse,12,0,0,-0.042422371246599644,0.724584946098222,0.27541505390177784,0.20346937718286454
43,7308,2022-05-06,25,7333,relapse,13,0,0,-0.0339621250236386,0.6678304874343386,0.33216951256566124,0.010882210827303479
43,7308,2022-05-06,25,7333,relapse,14,0,0,-0.014659460793485457,0.538341081301,0.46165891869899994,0.006801741514323205
43,7308,2022-05-06,25,7333,relapse,15,0,0,0.009529941175556056,0.3760696322230636,0.6239303677769363,0.007524967576508886
43,7308,2022-05-06,25,7333,relapse,16,0,0,0.0038654486774658547,0.4140691415591193,0.5859308584408807,0.011588569758686955
43,7308,2022-05-06,25,7333,relapse,17,0,0,-0.004254451460929953,0.46854043289207464,0.5314595671079253,0.012444424486147564
43,7308,2022-05-06,25,7333,relapse,18,0,0,0.01470811749238421,0.341332511578735,0.6586674884212649,0.013371788906876752
43,7308,2022-05-06,25,7333,relapse,19,0,0,-0.0019447631095944606,0.45304618974504196,0.5469538102549579,0.05929283868159013
43,7308,2022-05-06,25,7333,relapse,20,0,0,0.0010940233020444445,0.4326608873268141,0.5673391126731858,0.05954568109419603
43,7308,2022-05-06,25,7333,relapse,21,0,0,0.010696698718221986,0.3682425913804117,0.6317574086195882,0.0644727437940356
43,7308,2022-05-06,25,7333,relapse,22,0,0,-0.0002916893856664826,0.441956760210663,0.5580432397893369,0.07304945471582203
43,7308,2022-05-06,25,7333,relapse,23,0,0,-0.024067760221794243,0.6014554312772711,0.39854456872272886,0.17043200785330667
43,7308,2022-05-06,25,7333,relapse,24,0,0,-0.052365392747342754,0.7912864093755547,0.20871359062444517,0.23808038727589173
43,7308,2022-05-06,25,7333,relapse,25,1,0,-0.08834551673665036,1.032654379746263,-0.03265437974626316,0.40773806463747836
44,7338,2022-06-21,25,7363,recovery,1,0,1,-0.001813074733735598,0.4519918003578783,0.5480081996421217,0.16287885102673116
44,7338,2022-06-21,25,7363,recovery,2,0,1,0.007971777382905998,0.3872741188796474,0.6127258811203526,0.16203241816410047
44,7338,2022-06-21,25,7363,recovery,3,0,1,0.04001910575429379,0.1753108960282421,0.8246891039717579,0.0004161603750878203
44,7338,2022-06-21,25,7363,recovery,4,0,1,0.03604650016323152,0.20158598125346977,0.7984140187465303,0.0023803433660725204
44,7338,2022-06-21,25,7363,recovery,5,0,1,0.014877346315897766,0.341600213407817,0.658399786592183,0.06022414874376453
44,7338,2022-06-21,25,7363,recovery,6,0,1,0.014050781429732595,0.34706717012686117,0.6529328298731388,0.060120307675809274
44,7338,2022-06-21,25,7363,recovery,7,0,1,0.00581224652557899,0.401557403746999,0.598442596253001,0.0691766031844218
44,7338,2022-06-21,25,7363,recovery,8,0,1,0.0164502297291671,0.33119705487982737,0.6688029451201727,0.07156578834768271
44,7338,2022-06-21,25,7363,recovery,9,0,1,0.01836984314438639,0.31850060039215944,0.6814993996078406,0.07225338433557509
44,7338,2022-06-21,25,7363,recovery,10,0,1,0.021809207571312328,0.295752408716295,0.7042475912837051,0.009839205436891691
44,7338,2022-06-21,25,7363,recovery,11,0,1,0.03711298249150419,0.19453219415474332,0.8054678058452567,0.009560261249323673
44,7338,2022-06-21,25,7363,recovery,12,0,1,0.036259851404557786,0.20017486154368333,0.7998251384563166,9.898360901905029e-05
44,7338,2022-06-21,25,7363,recovery,13,0,1,0.02442200711207332,0.2784711737594733,0.7215288262405267,0.020749643554634052
44,7338,2022-06-21,25,7363,recovery,14,0,1,0.01535718120011298,0.33842655264845106,0.661573447351549,0.0377484272261073
44,7338,2022-06-21,25,7363,recovery,15,0,1,0.010024769558749203,0.37369548814208614,0.6263045118579138,0.05786838901061137
44,7338,2022-06-21,25,7363,recovery,16,0,1,0.007571914979393357,0.38991883617911877,0.6100811638208813,0.05934324463390666
44,7338,2022-06-21,25,7363,recovery,17,0,1,0.02682172928986626,0.2625992470622352,0.7374007529377647,0.05700389251996659
44,7338,2022-06-21,25,7363,recovery,18,0,1,0.018343276943605158,0.31867631106205524,0.6813236889379447,0.05619540187115196
44,7338,2022-06-21,25,7363,recovery,19,0,1,0.045858192359012895,0.1366907776551381,0.863309222344862,0.026026241148719473
44,7338,2022-06-21,25,7363,recovery,20,0,1,0.05252356997153851,0.09260551401319561,0.9073944859868045,0.022245148764253472
44,7338,2022-06-21,25,7363,recovery,21,0,1,0.06324152565582897,0.021716221686130882,0.9782837783138693,0.01989460732611424
44,7338,2022-06-21,25,7363,recovery,22,0,1,0.05337670105848513,0.08696284662425414,0.913037153375746,0.04514778899770782
44,7338,2022-06-21,25,7363,recovery,23,0,1,0.054656534628084064,0.07849793981574128,0.9215020601842588,0.03519096022486512
44,7338,2022-06-21,25,7363,recovery,24,0,1,0.04217891048997924,0.16102579971068626,0.8389742002893138,0.08803177661506617
44,7338,2022-06-21,25,7363,recovery,25,1,1,0.06924028334359456,-0.01795997215655653,1.0179599721565566,0.08083991834314813
45,7392,2022-09-07,12,7404,relapse,1,0,0,0.006536108058832646,0.37746447462996097,0.6225355253700392,0.04077664014749781
45,7392,2022-09-07,12,7404,relapse,2,0,0,0.022172926670858795,0.22785607491912344,0.7721439250808767,0.03787852419387613
45,7392,2022-09-07,12,7404,relapse,3,0,0,0.03315906294264326,0.12274401169145593,0.8772559883085442,0.004499640785944522
45,7392,2022-09-07,12,7404,relapse,4,0,0,-0.011765252748018984,0.5525664164493738,0.44743358355062623,0.384830910433749
45,7392,2022-09-07,12,7404,relapse,5,0,0,-0.007994401310836952,0.5164880386756346,0.48351196132436547,0.3840326591028771
45,7392,2022-09-07,12,7404,relapse,6,0,0,-0.019256856651090448,0.6242438400362909,0.3757561599637092,0.4031284482955997
45,7392,2022-09-07,12,7404,relapse,7,0,0,-0.026737872627239034,0.6958199615078294,0.3041800384921706,0.41040486811654103
45,7392,2022-09-07,12,7404,relapse,8,0,0,-0.01919023018411381,0.6236063779444114,0.3763936220555887,0.4202304812242643
45,7392,2022-09-07,12,7404,relapse,9,0,0,-0.030448553650446075,0.731322646772236,0.2686773532277641,0.06654411976547868
45,7392,2022-09-07,12,7404,relapse,10,0,0,-0.04736134657771085,0.8931391867775555,0.10686081322244456,0.12278297167292529
45,7392,2022-09-07,12,7404,relapse,11,0,0,-0.055363236910029645,0.9696988781689437,0.030301121831056384,0.1099751099379995
45,7392,2022-09-07,12,7404,relapse,12,1,0,-0.07119037996454336,1.1211282451732512,-0.12112824517325112,0.15095678651381877
46,7423,2022-10-20,6,7429,recovery,1,0,1,0.024301528094958558,0.26547400105104907,0.734525998948951,0.018703728539142303
46,7423,2022-10-20,6,7429,recovery,2,0,1,0.03683542875604773,0.17545943385774945,0.8245405661422506,0.01856346999912725
46,7423,2022-10-20,6,7429,recovery,3,0,1,0.05339219386796645,0.056553908278055065,0.9434460917219449,0.017895056499033796
46,7423,2022-10-20,6,7429,recovery,4,0,1,0.045455932570195756,0.11354966284546723,0.8864503371545328,0.019810531690172807
46,7423,2022-10-20,6,7429,recovery,5,0,1,0.03987308477188045,0.15364393531975923,0.8463560646802408,0.014193321953056816
46,7423,2022-10-20,6,7429,recovery,6,1,1,0.06461248328239311,-0.02402671245070458,1.0240267124507045,0.01350154795809951
47,7468,2022-12-23,18,7486,recovery,1,0,1,-0.003943527872375396,0.47783101894286284,0.5221689810571372,0.06866688429102086
47,7468,2022-12-23,18,7486,recovery,2,0,1,-0.01632250334766372,0.5965849040058785,0.40341509599412145,0.11172573128193002
47,7468,2022-12-23,18,7486,recovery,3,0,1,0.001384011265702867,0.4267229145819623,0.5732770854180377,0.13793388189673267
47,7468,2022-12-23,18,7486,recovery,4,0,1,-0.001253695062744642,0.45202693709850655,0.5479730629014934,0.06507287037019066
47,7468,2022-12-23,18,7486,recovery,5,0,1,-0.00545838724390546,0.49236335532663156,0.5076366446733684,0.0711187900451657
47,7468,2022-12-23,18,7486,recovery,6,0,1,0.0022198966246773644,0.4187041060752589,0.5812958939247411,0.07256747990188998
47,7468,2022-12-23,18,7486,recovery,7,0,1,-0.00921894052926997,0.5284390639759471,0.47156093602405297,0.06475305479594885
47,7468,2022-12-23,18,7486,recovery,8,0,1,0.013501822432205657,0.31047442880420995,0.68952557119579,0.05345010873538315
47,7468,2022-12-23,18,7486,recovery,9,0,1,0.012927367333451123,0.31598528670255066,0.6840147132974492,0.052265443151278214
47,7468,2022-12-23,18,7486,recovery,10,0,1,0.020030664200410442,0.24784199799571857,0.7521580020042814,0.04617819866306993
47,7468,2022-12-23,18,7486,recovery,11,0,1,0.03293196829327005,0.12407731436217417,0.8759226856378257,0.04694835031382608
47,7468,2022-12-23,18,7486,recovery,12,0,1,0.03669252157863445,0.08800160571285977,0.9119983942871401,0.00011605044336708621
47,7468,2022-12-23,18,7486,recovery,13,0,1,0.04071450512421926,0.04941794645517845,0.9505820535448215,0.00011715643094347295
47,7468,2022-12-23,18,7486,recovery,14,0,1,0.03880789928951067,0.06770838176684425,0.9322916182331557,0.0015758281190307408
47,7468,2022-12-23,18,7486,recovery,15,0,1,0.022407206220072196,0.22504337476443975,0.7749566252355602,0.11425529749131655
47,7468,2022-12-23,18,7486,recovery,16,0,1,0.014964289371117934,0.2964447030713537,0.7035552969286463,0.13920977266409879
47,7468,2022-12-23,18,7486,recovery,17,0,1,0.03387210661461104,0.11505838719984664,0.8849416128001533,0.12082612591074612
47,7468,2022-12-23,18,7486,recovery,18,1,1,0.0462771453304911,-0.0039455275270761404,1.003945527527076,0.12461537568364046
48,8047,2025-04-17,17,8064,recovery,1,0,1,-0.02380270712392807,0.5344446587039128,0.4655553412960872,0.05230595278032403
48,8047,2025-04-17,17,8064,recovery,2,0,1,0.0015958770804278544,0.4336678603232114,0.5663321396767886,0.05145760383654813
48,8047,2025-04-17,17,8064,recovery,3,0,1,0.017115849294553565,0.3720875337147386,0.6279124662852614,0.05053878566391794
48,8047,2025-04-17,17,8064,recovery,4,0,1,0.03852515231848974,0.2871394516895787,0.7128605483104213,0.026657195641792437
48,8047,2025-04-17,17,8064,recovery,5,0,1,0.04602881984931062,0.2573663122190857,0.7426336877809144,0.026602503375129313
48,8047,2025-04-17,17,8064,recovery,6,0,1,0.04642764214775674,0.2557838604557571,0.744216139544243,0.0
48,8047,2025-04-17,17,8064,recovery,7,0,1,0.053019497495661705,0.22962861999016304,0.770371380009837,0.0
48,8047,2025-04-17,17,8064,recovery,8,0,1,0.05343748489866185,0.22797012470165032,0.7720298752983498,0.0
48,8047,2025-04-17,17,8064,recovery,9,0,1,0.06090305737503199,0.19834813923213598,0.8016518607678641,0.0
48,8047,2025-04-17,17,8064,recovery,10,0,1,0.07665124718387606,0.13586228819187554,0.8641377118081245,0.0
48,8047,2025-04-17,17,8064,recovery,11,0,1,0.07047749681629978,0.16035856684426247,0.8396414331557376,0.0021396708270936694
48,8047,2025-04-17,17,8064,recovery,12,0,1,0.06152997969086793,0.19586062956171404,0.804139370438286,0.006668864656598387
48,8047,2025-04-17,17,8064,recovery,13,0,1,0.0659942732786356,0.1781471534408851,0.821852846559115,0.006769871356054566
48,8047,2025-04-17,17,8064,recovery,14,0,1,0.07342198585521231,0.14867538892295998,0.85132461107704,0.019287672900478788
48,8047,2025-04-17,17,8064,recovery,15,0,1,0.07205409121484552,0.15410293721735052,0.8458970627826495,0.031283583083255094
48,8047,2025-04-17,17,8064,recovery,16,0,1,0.10748284458593438,0.013528316733367548,0.9864716832666325,0.01755651404605092
48,8047,2025-04-17,17,8064,recovery,17,1,1,0.11479662473114471,-0.01549138535570526,1.0154913853557053,0.00040092597636620083
