candidate,period,outcome,state,n,mean,median,std
state__vol_level_x_acceleration_grid,1993_2004,fwd_return_5d,0,260,0.001086011307380043,0.0014681284393911476,0.012585485895047255
state__vol_level_x_acceleration_grid,1993_2004,fwd_return_5d,1,304,0.004354062363604595,0.006136880804229916,0.013457534879833515
state__vol_level_x_acceleration_grid,1993_2004,fwd_return_5d,2,278,0.0010621674753540362,0.0020310176647114764,0.014570587054259666
state__vol_level_x_acceleration_grid,1993_2004,fwd_return_5d,3,321,0.0008429735424439524,0.001662267599312095,0.018424345577981237
state__vol_level_x_acceleration_grid,1993_2004,fwd_return_5d,4,337,0.0020002471932159273,0.002406815912965765,0.020145915286047505
state__vol_level_x_acceleration_grid,1993_2004,fwd_return_5d,5,346,-0.0007947175116424968,0.0013086054403198544,0.022518740180550792
state__vol_level_x_acceleration_grid,1993_2004,fwd_return_5d,6,386,0.0032193161413471417,0.006372891865724095,0.029126124177572744
state__vol_level_x_acceleration_grid,1993_2004,fwd_return_5d,7,375,0.0042041702867521525,0.003662896753009681,0.03011958179780639
state__vol_level_x_acceleration_grid,1993_2004,fwd_return_5d,8,335,0.004215895350897349,0.006975922416110558,0.033973885664029035
state__vol_level_x_acceleration_grid,1993_2004,fwd_return_10d,0,260,0.003102578050050961,0.004952025546819172,0.016308300544127692
state__vol_level_x_acceleration_grid,1993_2004,fwd_return_10d,1,304,0.00541698701664334,0.006723133714433671,0.020564814090490848
state__vol_level_x_acceleration_grid,1993_2004,fwd_return_10d,2,278,0.004067891997801589,0.004003737728944912,0.01899071562491385
state__vol_level_x_acceleration_grid,1993_2004,fwd_return_10d,3,321,0.0031485324335074998,0.00517534946310394,0.025482626811314784
state__vol_level_x_acceleration_grid,1993_2004,fwd_return_10d,4,337,0.0027488232181144896,0.002820034556159534,0.026852182563034704
state__vol_level_x_acceleration_grid,1993_2004,fwd_return_10d,5,346,-0.0006238440117085858,0.00011686256728360433,0.030208351890737672
state__vol_level_x_acceleration_grid,1993_2004,fwd_return_10d,6,386,0.004599411294407771,0.008707656357307081,0.03755631895435239
state__vol_level_x_acceleration_grid,1993_2004,fwd_return_10d,7,375,0.008078841443001368,0.009732651261573189,0.0414349526920654
state__vol_level_x_acceleration_grid,1993_2004,fwd_return_10d,8,335,0.009658959538683013,0.011151992747659767,0.04241509561883733
state__vol_level_x_acceleration_grid,1993_2004,fwd_return_20d,0,260,0.0026949528110586495,0.0048317264774149216,0.028367602473740955
state__vol_level_x_acceleration_grid,1993_2004,fwd_return_20d,1,304,0.011686450541585078,0.014633470038372232,0.02939134285284456
state__vol_level_x_acceleration_grid,1993_2004,fwd_return_20d,2,278,0.009877987514483301,0.00845664396185497,0.024539280371176905
state__vol_level_x_acceleration_grid,1993_2004,fwd_return_20d,3,321,0.006206038290108406,0.013485702633012409,0.03633285023268194
state__vol_level_x_acceleration_grid,1993_2004,fwd_return_20d,4,337,0.004582824376979229,0.008223431584844176,0.040619259554038244
state__vol_level_x_acceleration_grid,1993_2004,fwd_return_20d,5,346,0.005025531523199246,0.01182504607704471,0.04229960451671585
state__vol_level_x_acceleration_grid,1993_2004,fwd_return_20d,6,386,0.005403838123535689,0.010340456621156124,0.05375030656037616
state__vol_level_x_acceleration_grid,1993_2004,fwd_return_20d,7,375,0.017582625320395038,0.020278609189147145,0.05222329694530462
state__vol_level_x_acceleration_grid,1993_2004,fwd_return_20d,8,335,0.0166254031716942,0.021678342209877854,0.059495677381702
state__vol_level_x_acceleration_grid,1993_2004,fwd_max_drawdown_20d,0,260,-0.017527597857392246,-0.011084492297317006,0.020184566350955415
state__vol_level_x_acceleration_grid,1993_2004,fwd_max_drawdown_20d,1,304,-0.01367133859003306,-0.00829122778084107,0.01906393646222845
state__vol_level_x_acceleration_grid,1993_2004,fwd_max_drawdown_20d,2,278,-0.01414954905097283,-0.00988408394320367,0.01706452154585221
state__vol_level_x_acceleration_grid,1993_2004,fwd_max_drawdown_20d,3,321,-0.023202180662805938,-0.016089871455459592,0.027728463745928744
state__vol_level_x_acceleration_grid,1993_2004,fwd_max_drawdown_20d,4,337,-0.02672846862565977,-0.019543020452248205,0.029601408323192843
state__vol_level_x_acceleration_grid,1993_2004,fwd_max_drawdown_20d,5,346,-0.030125588140211736,-0.021705781546857206,0.03476328784361032
state__vol_level_x_acceleration_grid,1993_2004,fwd_max_drawdown_20d,6,386,-0.03293761307159352,-0.022737530590203503,0.036294573168491315
state__vol_level_x_acceleration_grid,1993_2004,fwd_max_drawdown_20d,7,375,-0.03295546696235177,-0.0280763654619417,0.03656185099285889
state__vol_level_x_acceleration_grid,1993_2004,fwd_max_drawdown_20d,8,335,-0.03589475427604215,-0.02737191781450443,0.04239426315723389
state__vol_level_x_acceleration_grid,1993_2004,fwd_max_upside_20d,0,260,0.020108415683484666,0.018253719921134337,0.013745974336891833
state__vol_level_x_acceleration_grid,1993_2004,fwd_max_upside_20d,1,304,0.025016982470936113,0.021800312500541708,0.018649076304254844
state__vol_level_x_acceleration_grid,1993_2004,fwd_max_upside_20d,2,278,0.02096342205438482,0.02009166638660209,0.016588707159771114
state__vol_level_x_acceleration_grid,1993_2004,fwd_max_upside_20d,3,321,0.02548059221254446,0.024178200627175572,0.0208907345559078
state__vol_level_x_acceleration_grid,1993_2004,fwd_max_upside_20d,4,337,0.027975553980390564,0.023803790226739396,0.023155490220840576
state__vol_level_x_acceleration_grid,1993_2004,fwd_max_upside_20d,5,346,0.02676544315319823,0.02302825146656462,0.023164481994621313
state__vol_level_x_acceleration_grid,1993_2004,fwd_max_upside_20d,6,386,0.03683541930450287,0.03445968175378378,0.03178474266520799
state__vol_level_x_acceleration_grid,1993_2004,fwd_max_upside_20d,7,375,0.045932391309502954,0.04104743298752367,0.0351771370145098
state__vol_level_x_acceleration_grid,1993_2004,fwd_max_upside_20d,8,335,0.04699338250628949,0.0415273672677825,0.03755989948371693
state__vol_level_x_acceleration_grid,1993_2004,future_rv_20d,0,260,0.10366644485234884,0.09953801796145426,0.04018481627520209
state__vol_level_x_acceleration_grid,1993_2004,future_rv_20d,1,304,0.10147673051334623,0.0952993455800244,0.031792350579785564
state__vol_level_x_acceleration_grid,1993_2004,future_rv_20d,2,278,0.1016663786592762,0.09477653643470645,0.03223463951606577
state__vol_level_x_acceleration_grid,1993_2004,future_rv_20d,3,321,0.13971831619201336,0.1204743403762789,0.05830387828513109
state__vol_level_x_acceleration_grid,1993_2004,future_rv_20d,4,337,0.15507983103431425,0.1445817429870255,0.06178541996235416
state__vol_level_x_acceleration_grid,1993_2004,future_rv_20d,5,346,0.1622276826049269,0.1516420238565179,0.06547206522776032
state__vol_level_x_acceleration_grid,1993_2004,future_rv_20d,6,386,0.20061333937839065,0.19311423168966035,0.06388221295355145
state__vol_level_x_acceleration_grid,1993_2004,future_rv_20d,7,375,0.21991193048164398,0.2119711819517915,0.0731865016583946
state__vol_level_x_acceleration_grid,1993_2004,future_rv_20d,8,335,0.23421441390079697,0.2143332346642746,0.07962087953035497
state__vol_level_x_acceleration_grid,2005_2014,fwd_return_5d,0,296,0.0007925491414112177,0.0018661683047214161,0.013626837807182778
state__vol_level_x_acceleration_grid,2005_2014,fwd_return_5d,1,315,0.00012473068710530216,0.0012025552082164381,0.013768213483289304
state__vol_level_x_acceleration_grid,2005_2014,fwd_return_5d,2,367,0.003550409783153749,0.003765764276767447,0.014547218368158261
state__vol_level_x_acceleration_grid,2005_2014,fwd_return_5d,3,316,0.003951456301756257,0.006669109043899835,0.016903502982732087
state__vol_level_x_acceleration_grid,2005_2014,fwd_return_5d,4,229,-0.0007069380305339039,0.0019521602660605986,0.021426368874222793
state__vol_level_x_acceleration_grid,2005_2014,fwd_return_5d,5,270,0.0012130324906688594,0.004413042083139862,0.023940521480125168
state__vol_level_x_acceleration_grid,2005_2014,fwd_return_5d,6,241,0.0022969915984952845,0.00388414000231041,0.03483676993064287
state__vol_level_x_acceleration_grid,2005_2014,fwd_return_5d,7,259,0.00249410846233249,0.004483169478951332,0.038294738570288964
state__vol_level_x_acceleration_grid,2005_2014,fwd_return_5d,8,224,0.0014028383825940686,0.0034815390443752037,0.041679142349699244
state__vol_level_x_acceleration_grid,2005_2014,fwd_return_10d,0,296,0.002583328808163547,0.003982120392870492,0.017029040922888653
state__vol_level_x_acceleration_grid,2005_2014,fwd_return_10d,1,315,-0.0007192385120396222,0.0025928249139288706,0.01947960251465247
state__vol_level_x_acceleration_grid,2005_2014,fwd_return_10d,2,367,0.005609023798392092,0.009283313803090998,0.020465239856634808
state__vol_level_x_acceleration_grid,2005_2014,fwd_return_10d,3,316,0.008796785156738863,0.012353555027071028,0.022044669209200035
state__vol_level_x_acceleration_grid,2005_2014,fwd_return_10d,4,229,0.0015057956213768112,0.007207895976149681,0.03109232193496988
state__vol_level_x_acceleration_grid,2005_2014,fwd_return_10d,5,270,0.00486714472830116,0.009980040916101829,0.02897364734264124
state__vol_level_x_acceleration_grid,2005_2014,fwd_return_10d,6,241,-0.0017009221562368643,0.007172488383841991,0.04721054688034802
state__vol_level_x_acceleration_grid,2005_2014,fwd_return_10d,7,259,0.005067755821597893,0.011165932473261142,0.05013213124560449
state__vol_level_x_acceleration_grid,2005_2014,fwd_return_10d,8,224,0.003988064015365498,0.011380001747079094,0.05427220356034534
state__vol_level_x_acceleration_grid,2005_2014,fwd_return_20d,0,296,0.0047943493311527665,0.009198085526277766,0.023006025482920123
state__vol_level_x_acceleration_grid,2005_2014,fwd_return_20d,1,315,0.0009302373561063859,0.006182489080741149,0.02769874428951175
state__vol_level_x_acceleration_grid,2005_2014,fwd_return_20d,2,367,0.006775986205943353,0.011836317442825317,0.028027984202428274
state__vol_level_x_acceleration_grid,2005_2014,fwd_return_20d,3,316,0.01574973683575207,0.022746432329226796,0.031200564038373447
state__vol_level_x_acceleration_grid,2005_2014,fwd_return_20d,4,229,0.0018426103384884922,0.01496875083651883,0.046652146787871544
state__vol_level_x_acceleration_grid,2005_2014,fwd_return_20d,5,270,0.01634292754503447,0.021165421066134504,0.03748566170778966
state__vol_level_x_acceleration_grid,2005_2014,fwd_return_20d,6,241,-0.0016073187839759965,0.006146434652601895,0.061674298169689286
state__vol_level_x_acceleration_grid,2005_2014,fwd_return_20d,7,259,0.011929414537425811,0.021948772758808133,0.06033614171461976
state__vol_level_x_acceleration_grid,2005_2014,fwd_return_20d,8,224,0.004249053228179476,0.018741505437852246,0.08300551966814927
state__vol_level_x_acceleration_grid,2005_2014,fwd_max_drawdown_20d,0,296,-0.017900359967822813,-0.014312224365675807,0.017256009050780303
state__vol_level_x_acceleration_grid,2005_2014,fwd_max_drawdown_20d,1,315,-0.019936449803318414,-0.014640047853709537,0.020611781008876146
state__vol_level_x_acceleration_grid,2005_2014,fwd_max_drawdown_20d,2,367,-0.0178441667861996,-0.012371721499916943,0.020892451618672838
state__vol_level_x_acceleration_grid,2005_2014,fwd_max_drawdown_20d,3,316,-0.014410621166587182,-0.007440456495649117,0.02412873743008124
state__vol_level_x_acceleration_grid,2005_2014,fwd_max_drawdown_20d,4,229,-0.029193827477783298,-0.023035399592793437,0.03861792532127101
state__vol_level_x_acceleration_grid,2005_2014,fwd_max_drawdown_20d,5,270,-0.02397633391158533,-0.01839575298217566,0.02740657275700558
state__vol_level_x_acceleration_grid,2005_2014,fwd_max_drawdown_20d,6,241,-0.04412609000174205,-0.02843160357425889,0.05313862867540081
state__vol_level_x_acceleration_grid,2005_2014,fwd_max_drawdown_20d,7,259,-0.04252208835815721,-0.02626112490710375,0.05443531381175176
state__vol_level_x_acceleration_grid,2005_2014,fwd_max_drawdown_20d,8,224,-0.04936761677027636,-0.02939414566749282,0.06965425529315772
state__vol_level_x_acceleration_grid,2005_2014,fwd_max_upside_20d,0,296,0.018793213286945755,0.017086365618172783,0.01332511151967233
state__vol_level_x_acceleration_grid,2005_2014,fwd_max_upside_20d,1,315,0.01773494440386312,0.01630119345594383,0.013473025110788503
state__vol_level_x_acceleration_grid,2005_2014,fwd_max_upside_20d,2,367,0.022726225858006724,0.02152510119498774,0.015104999481273706
state__vol_level_x_acceleration_grid,2005_2014,fwd_max_upside_20d,3,316,0.02893096836988639,0.02799717048547634,0.01610385432050453
state__vol_level_x_acceleration_grid,2005_2014,fwd_max_upside_20d,4,229,0.02744436146015128,0.028074772224056854,0.02052165064443187
state__vol_level_x_acceleration_grid,2005_2014,fwd_max_upside_20d,5,270,0.03128526952999058,0.030488220188846227,0.02279599818016511
state__vol_level_x_acceleration_grid,2005_2014,fwd_max_upside_20d,6,241,0.03730464878119308,0.03579322036907184,0.034343560642854515
state__vol_level_x_acceleration_grid,2005_2014,fwd_max_upside_20d,7,259,0.043917498380148724,0.04012428340953589,0.0371468725593115
state__vol_level_x_acceleration_grid,2005_2014,fwd_max_upside_20d,8,224,0.04848623618002401,0.03995356040070985,0.04278540491837556
state__vol_level_x_acceleration_grid,2005_2014,future_rv_20d,0,296,0.108310802168053,0.1020938931535979,0.03320203533383325
state__vol_level_x_acceleration_grid,2005_2014,future_rv_20d,1,315,0.11126524564889952,0.1011317843939128,0.039745571347016784
state__vol_level_x_acceleration_grid,2005_2014,future_rv_20d,2,367,0.11570410402065788,0.1064882366046536,0.04050402584227627
state__vol_level_x_acceleration_grid,2005_2014,future_rv_20d,3,316,0.11758291474577089,0.09849248807092745,0.05171868115179633
state__vol_level_x_acceleration_grid,2005_2014,future_rv_20d,4,229,0.1515742126378686,0.136372707607581,0.08390080743319964
state__vol_level_x_acceleration_grid,2005_2014,future_rv_20d,5,270,0.14933253823522444,0.1386165607419338,0.0651265460661231
state__vol_level_x_acceleration_grid,2005_2014,future_rv_20d,6,241,0.23741974117104508,0.2068005032087782,0.14156957776807164
state__vol_level_x_acceleration_grid,2005_2014,future_rv_20d,7,259,0.26101523865279536,0.2108293407916676,0.15762796333623674
state__vol_level_x_acceleration_grid,2005_2014,future_rv_20d,8,224,0.3012778609016903,0.23350242063115634,0.19644121755285726
state__vol_level_x_acceleration_grid,2015_2019,fwd_return_5d,0,289,-0.0007507660580035012,0.0009274224544051357,0.0141122115274555
state__vol_level_x_acceleration_grid,2015_2019,fwd_return_5d,1,213,0.002640839489744993,0.004585739286683488,0.014814209302838718
state__vol_level_x_acceleration_grid,2015_2019,fwd_return_5d,2,219,0.002814836446616357,0.005182011525958652,0.014794102422936651
state__vol_level_x_acceleration_grid,2015_2019,fwd_return_5d,3,122,0.0032523467934039416,0.00591503584739661,0.0156219696729734
state__vol_level_x_acceleration_grid,2015_2019,fwd_return_5d,4,83,0.0024018069699891778,0.004411306734224851,0.01772184615660125
state__vol_level_x_acceleration_grid,2015_2019,fwd_return_5d,5,81,0.006497768042403127,0.00961765338925602,0.0169128437320706
state__vol_level_x_acceleration_grid,2015_2019,fwd_return_5d,6,100,0.001214433603028512,0.005637500261495343,0.024036632260427314
state__vol_level_x_acceleration_grid,2015_2019,fwd_return_5d,7,77,0.004916925342807946,0.00952209307548002,0.026687894968291936
state__vol_level_x_acceleration_grid,2015_2019,fwd_return_5d,8,74,0.005972396931718447,0.011368730070830502,0.025680793485296328
state__vol_level_x_acceleration_grid,2015_2019,fwd_return_10d,0,289,0.002433479368114162,0.005103313986338565,0.017053683497442053
state__vol_level_x_acceleration_grid,2015_2019,fwd_return_10d,1,213,0.0030797672157115664,0.004156071479542556,0.01983445835140999
state__vol_level_x_acceleration_grid,2015_2019,fwd_return_10d,2,219,0.004793456572165168,0.008162651525066789,0.022815747065939255
state__vol_level_x_acceleration_grid,2015_2019,fwd_return_10d,3,122,0.005222484135668697,0.007472374608676335,0.020822346659947047
state__vol_level_x_acceleration_grid,2015_2019,fwd_return_10d,4,83,0.00631882342464751,0.009889590702947038,0.024558855289028632
state__vol_level_x_acceleration_grid,2015_2019,fwd_return_10d,5,81,0.005272350829858227,0.005130542186160492,0.025385209493632932
state__vol_level_x_acceleration_grid,2015_2019,fwd_return_10d,6,100,0.00446732201264973,0.008359222307940506,0.030255664863510008
state__vol_level_x_acceleration_grid,2015_2019,fwd_return_10d,7,77,0.01105293321905382,0.018733498933967585,0.029956528162673794
state__vol_level_x_acceleration_grid,2015_2019,fwd_return_10d,8,74,0.011007303749252236,0.016799157281081833,0.0402003355711865
state__vol_level_x_acceleration_grid,2015_2019,fwd_return_20d,0,289,0.007947429742891983,0.011445523027285631,0.02458558822863164
state__vol_level_x_acceleration_grid,2015_2019,fwd_return_20d,1,213,0.007566128208242745,0.01247179340234239,0.026258220583565563
state__vol_level_x_acceleration_grid,2015_2019,fwd_return_20d,2,219,0.009734833312147802,0.015177194762632906,0.028224776388996436
state__vol_level_x_acceleration_grid,2015_2019,fwd_return_20d,3,122,0.007761863272825518,0.007384097684637214,0.025861009441177377
state__vol_level_x_acceleration_grid,2015_2019,fwd_return_20d,4,83,0.010645629496724105,0.02062848963354491,0.033360740079053146
state__vol_level_x_acceleration_grid,2015_2019,fwd_return_20d,5,81,0.006880812242157121,0.01234951247235161,0.037937675474311434
state__vol_level_x_acceleration_grid,2015_2019,fwd_return_20d,6,100,0.010507959511010254,0.012955741393179898,0.03975785304427409
state__vol_level_x_acceleration_grid,2015_2019,fwd_return_20d,7,77,0.02007988736735346,0.031097931002896706,0.04823621224356561
state__vol_level_x_acceleration_grid,2015_2019,fwd_return_20d,8,74,0.01670967676294509,0.024139562683556215,0.04666167649045351
state__vol_level_x_acceleration_grid,2015_2019,fwd_max_drawdown_20d,0,289,-0.015996867185857015,-0.010678846448414658,0.021434773421420954
state__vol_level_x_acceleration_grid,2015_2019,fwd_max_drawdown_20d,1,213,-0.0157838685836598,-0.009884547984163494,0.02130826524178491
state__vol_level_x_acceleration_grid,2015_2019,fwd_max_drawdown_20d,2,219,-0.016685343142845647,-0.006145798350419285,0.02724952983670111
state__vol_level_x_acceleration_grid,2015_2019,fwd_max_drawdown_20d,3,122,-0.01640372689468044,-0.010982656168139704,0.020311875503962677
state__vol_level_x_acceleration_grid,2015_2019,fwd_max_drawdown_20d,4,83,-0.02078889532393888,-0.013580981951036408,0.026851774050107937
state__vol_level_x_acceleration_grid,2015_2019,fwd_max_drawdown_20d,5,81,-0.023712860508642967,-0.015524723114233696,0.029406904883065996
state__vol_level_x_acceleration_grid,2015_2019,fwd_max_drawdown_20d,6,100,-0.02526886162426262,-0.019665101814922314,0.03050631919353875
state__vol_level_x_acceleration_grid,2015_2019,fwd_max_drawdown_20d,7,77,-0.027372914620543008,-0.017913267766530794,0.03590860605056459
state__vol_level_x_acceleration_grid,2015_2019,fwd_max_drawdown_20d,8,74,-0.02836802647684422,-0.01982397659863916,0.04004708118291584
state__vol_level_x_acceleration_grid,2015_2019,fwd_max_upside_20d,0,289,0.01844883101011315,0.017554336309841823,0.013945494940920377
state__vol_level_x_acceleration_grid,2015_2019,fwd_max_upside_20d,1,213,0.020626056411980072,0.018666694894668545,0.015234507823355144
state__vol_level_x_acceleration_grid,2015_2019,fwd_max_upside_20d,2,219,0.022366711061717837,0.021551542703203364,0.01569133349600703
state__vol_level_x_acceleration_grid,2015_2019,fwd_max_upside_20d,3,122,0.020183009922658427,0.020285352043080906,0.017124928352992515
state__vol_level_x_acceleration_grid,2015_2019,fwd_max_upside_20d,4,83,0.02457024863763031,0.02493412273562101,0.018489035685734716
state__vol_level_x_acceleration_grid,2015_2019,fwd_max_upside_20d,5,81,0.026193254287056166,0.02408863154484364,0.0189631771819127
state__vol_level_x_acceleration_grid,2015_2019,fwd_max_upside_20d,6,100,0.030401151937513565,0.02728478392691336,0.02215597323444345
state__vol_level_x_acceleration_grid,2015_2019,fwd_max_upside_20d,7,77,0.04134208290085028,0.039387409290160935,0.02448755021682391
state__vol_level_x_acceleration_grid,2015_2019,fwd_max_upside_20d,8,74,0.040922930192597864,0.03953909859335736,0.0295578828078816
state__vol_level_x_acceleration_grid,2015_2019,future_rv_20d,0,289,0.09697515327640463,0.0840073838595419,0.048231911764368564
state__vol_level_x_acceleration_grid,2015_2019,future_rv_20d,1,213,0.1037829979637007,0.0871782147551351,0.050946554571780774
state__vol_level_x_acceleration_grid,2015_2019,future_rv_20d,2,219,0.10545530886246733,0.0801007027383901,0.06322260135118572
state__vol_level_x_acceleration_grid,2015_2019,future_rv_20d,3,122,0.11100197839116974,0.10196061687370869,0.04377830333992373
state__vol_level_x_acceleration_grid,2015_2019,future_rv_20d,4,83,0.1256221042603069,0.1089873539371416,0.05090515942229456
state__vol_level_x_acceleration_grid,2015_2019,future_rv_20d,5,81,0.1428767046334102,0.1204721970146835,0.060027678271460216
state__vol_level_x_acceleration_grid,2015_2019,future_rv_20d,6,100,0.1442230256566613,0.12831711055669395,0.05885467705537769
state__vol_level_x_acceleration_grid,2015_2019,future_rv_20d,7,77,0.16757213175221092,0.1646167776127446,0.05763922344292961
state__vol_level_x_acceleration_grid,2015_2019,future_rv_20d,8,74,0.19399775090739987,0.19087566401824535,0.05406499544367821
state__vol_level_x_acceleration_grid,2020_2024,fwd_return_5d,0,82,0.005108858359235343,0.006219459290251472,0.015514202479059627
state__vol_level_x_acceleration_grid,2020_2024,fwd_return_5d,1,77,-0.0006817523497049174,0.000681219480567874,0.01583155455509738
state__vol_level_x_acceleration_grid,2020_2024,fwd_return_5d,2,82,0.003792442451834811,0.006461885399523193,0.01607416296111048
state__vol_level_x_acceleration_grid,2020_2024,fwd_return_5d,3,129,-0.0009319315745624454,0.003670883721918816,0.024666630018849774
state__vol_level_x_acceleration_grid,2020_2024,fwd_return_5d,4,130,0.0021537618109488013,0.005255566626274688,0.02202555245731782
state__vol_level_x_acceleration_grid,2020_2024,fwd_return_5d,5,121,0.007004550868784086,0.009845398893214785,0.021268887516401647
state__vol_level_x_acceleration_grid,2020_2024,fwd_return_5d,6,171,0.006860378996532655,0.006764320041135585,0.03282424398004775
state__vol_level_x_acceleration_grid,2020_2024,fwd_return_5d,7,139,0.0070674984396478955,0.011638443729855341,0.03029696332402017
state__vol_level_x_acceleration_grid,2020_2024,fwd_return_5d,8,122,-0.006376636636821207,0.0005441748927000889,0.04662963706251498
state__vol_level_x_acceleration_grid,2020_2024,fwd_return_10d,0,82,0.00816956097311384,0.008905835933531003,0.02053774693061314
state__vol_level_x_acceleration_grid,2020_2024,fwd_return_10d,1,77,0.0013747227657415055,0.002943144883359672,0.019120683348385414
state__vol_level_x_acceleration_grid,2020_2024,fwd_return_10d,2,82,0.006420395221702679,0.010059886947620056,0.022927225848118175
state__vol_level_x_acceleration_grid,2020_2024,fwd_return_10d,3,128,-0.0013714927927319731,0.007333548772206044,0.03535168771126189
state__vol_level_x_acceleration_grid,2020_2024,fwd_return_10d,4,126,0.004925002589291511,0.01237666794404313,0.03174363328011847
state__vol_level_x_acceleration_grid,2020_2024,fwd_return_10d,5,121,0.01689964263584513,0.01857378725172354,0.022758711445800106
state__vol_level_x_acceleration_grid,2020_2024,fwd_return_10d,6,171,0.011588979854928494,0.011058216727637182,0.04078744091961518
state__vol_level_x_acceleration_grid,2020_2024,fwd_return_10d,7,139,0.010854592155837851,0.015376996824853162,0.0449872525047537
state__vol_level_x_acceleration_grid,2020_2024,fwd_return_10d,8,122,-0.010211528903342676,-0.0032552623144258552,0.06847988119147179
state__vol_level_x_acceleration_grid,2020_2024,fwd_return_20d,0,82,0.012953943843860144,0.01868153167766684,0.02652684757718332
state__vol_level_x_acceleration_grid,2020_2024,fwd_return_20d,1,77,0.003335600196043072,0.0062829963335768735,0.025539905204047007
state__vol_level_x_acceleration_grid,2020_2024,fwd_return_20d,2,82,0.010378025445520871,0.01900296142125535,0.030342921762672986
state__vol_level_x_acceleration_grid,2020_2024,fwd_return_20d,3,125,0.0001909458489939615,0.02062610464280845,0.07583357289868439
state__vol_level_x_acceleration_grid,2020_2024,fwd_return_20d,4,124,0.011161357423467652,0.01949539722737792,0.04438693275760621
state__vol_level_x_acceleration_grid,2020_2024,fwd_return_20d,5,116,0.016632227716866003,0.024610180097612733,0.047912308069990514
state__vol_level_x_acceleration_grid,2020_2024,fwd_return_20d,6,171,0.021366850344988916,0.03173884862412346,0.05823634682807067
state__vol_level_x_acceleration_grid,2020_2024,fwd_return_20d,7,139,0.015418328283056048,0.028746115381122817,0.057348462437663415
state__vol_level_x_acceleration_grid,2020_2024,fwd_return_20d,8,122,0.004711825034312078,0.01733293323413132,0.0832840769082397
state__vol_level_x_acceleration_grid,2020_2024,fwd_max_drawdown_20d,0,82,-0.01777758589556439,-0.016605748486820338,0.0165976362263336
state__vol_level_x_acceleration_grid,2020_2024,fwd_max_drawdown_20d,1,77,-0.02295811994890687,-0.02456561447736294,0.016076426259728584
state__vol_level_x_acceleration_grid,2020_2024,fwd_max_drawdown_20d,2,82,-0.019717498857900164,-0.015491575674164038,0.023896750171207844
state__vol_level_x_acceleration_grid,2020_2024,fwd_max_drawdown_20d,3,125,-0.03499746515754429,-0.011803688373701715,0.06772372163097014
state__vol_level_x_acceleration_grid,2020_2024,fwd_max_drawdown_20d,4,124,-0.024989780850680085,-0.01731351892174887,0.031755662894434024
state__vol_level_x_acceleration_grid,2020_2024,fwd_max_drawdown_20d,5,116,-0.02231125344716052,-0.01343005538044545,0.03349364952437552
state__vol_level_x_acceleration_grid,2020_2024,fwd_max_drawdown_20d,6,171,-0.02942435510520497,-0.021712618402282113,0.03567546221574192
state__vol_level_x_acceleration_grid,2020_2024,fwd_max_drawdown_20d,7,139,-0.031008811711251416,-0.020959186793813922,0.03573646493373595
state__vol_level_x_acceleration_grid,2020_2024,fwd_max_drawdown_20d,8,122,-0.05912327180390945,-0.03305535541020116,0.0755352606192827
state__vol_level_x_acceleration_grid,2020_2024,fwd_max_upside_20d,0,82,0.02702300347623004,0.030864611243549556,0.01799798324252515
state__vol_level_x_acceleration_grid,2020_2024,fwd_max_upside_20d,1,77,0.02189858658448895,0.01874052208005894,0.016516082275738354
state__vol_level_x_acceleration_grid,2020_2024,fwd_max_upside_20d,2,82,0.02560592368760802,0.02777671852444885,0.01472988888658288
state__vol_level_x_acceleration_grid,2020_2024,fwd_max_upside_20d,3,125,0.028289317640665543,0.02518697613395382,0.022440195682014837
state__vol_level_x_acceleration_grid,2020_2024,fwd_max_upside_20d,4,124,0.03221864503158998,0.0310524845463499,0.02515300769425467
state__vol_level_x_acceleration_grid,2020_2024,fwd_max_upside_20d,5,116,0.03886675361944848,0.039398976577604494,0.02307698786164604
state__vol_level_x_acceleration_grid,2020_2024,fwd_max_upside_20d,6,171,0.050357061227493276,0.0462771453304911,0.03984227454950875
state__vol_level_x_acceleration_grid,2020_2024,fwd_max_upside_20d,7,139,0.049007021638902304,0.051572188093347515,0.03781114509996376
state__vol_level_x_acceleration_grid,2020_2024,fwd_max_upside_20d,8,122,0.04733819205249264,0.04172051314552183,0.046427935976364
state__vol_level_x_acceleration_grid,2020_2024,future_rv_20d,0,82,0.12595106591235,0.11442026137692474,0.03386582431294189
state__vol_level_x_acceleration_grid,2020_2024,future_rv_20d,1,77,0.13224380598938795,0.1283640659449643,0.03574145692453138
state__vol_level_x_acceleration_grid,2020_2024,future_rv_20d,2,82,0.13547336830984397,0.1190765498256937,0.04506181675705228
state__vol_level_x_acceleration_grid,2020_2024,future_rv_20d,3,131,0.16519594793380185,0.1215580208288314,0.15961164328835598
state__vol_level_x_acceleration_grid,2020_2024,future_rv_20d,4,133,0.13816108662590995,0.1220962946232297,0.0567363693319961
state__vol_level_x_acceleration_grid,2020_2024,future_rv_20d,5,121,0.15407483847618203,0.1395156483861502,0.06881888223515874
state__vol_level_x_acceleration_grid,2020_2024,future_rv_20d,6,171,0.21131636994793782,0.2034547621243354,0.07673605012330555
state__vol_level_x_acceleration_grid,2020_2024,future_rv_20d,7,139,0.2223728031809652,0.2086595665014665,0.06889609770793712
state__vol_level_x_acceleration_grid,2020_2024,future_rv_20d,8,122,0.3156173729985123,0.22880350615349626,0.2316714751168743
state__vol_level_x_acceleration_grid,full,fwd_return_5d,0,927,0.0007755258689005587,0.0016845012620105848,0.013742994443255063
state__vol_level_x_acceleration_grid,full,fwd_return_5d,1,909,0.0020604279486934785,0.004168777028869641,0.014212143088697548
state__vol_level_x_acceleration_grid,full,fwd_return_5d,2,946,0.0026698862700055863,0.0037024359533712747,0.014764949693213372
state__vol_level_x_acceleration_grid,full,fwd_return_5d,3,888,0.002022321885311049,0.0047260667593175265,0.01866375081218919
state__vol_level_x_acceleration_grid,full,fwd_return_5d,4,779,0.0012728286380666873,0.0033337678897222833,0.020615762625862108
state__vol_level_x_acceleration_grid,full,fwd_return_5d,5,818,0.0017437853056354717,0.004196151520803437,0.02250463717576797
state__vol_level_x_acceleration_grid,full,fwd_return_5d,6,898,0.0034418699047965426,0.005549785218290082,0.030982833767313797
state__vol_level_x_acceleration_grid,full,fwd_return_5d,7,850,0.004215909980921696,0.005602588495784544,0.03256559873477
state__vol_level_x_acceleration_grid,full,fwd_return_5d,8,755,0.0018418125079558431,0.005392478560225955,0.0381183190069695
state__vol_level_x_acceleration_grid,full,fwd_return_10d,0,927,0.00317639175556633,0.004859270957504158,0.017222467545088407
state__vol_level_x_acceleration_grid,full,fwd_return_10d,1,909,0.002400492840127342,0.004460595102861342,0.020035485730614845
state__vol_level_x_acceleration_grid,full,fwd_return_10d,2,946,0.005037658675351513,0.007528359853433586,0.020824301744876414
state__vol_level_x_acceleration_grid,full,fwd_return_10d,3,887,0.00479374859951215,0.008961073980623624,0.02564904169027414
state__vol_level_x_acceleration_grid,full,fwd_return_10d,4,775,0.0031176687642533504,0.007318860172882191,0.02875544712307573
state__vol_level_x_acceleration_grid,full,fwd_return_10d,5,818,0.0043645430620365775,0.006687841616557111,0.02889458904809948
state__vol_level_x_acceleration_grid,full,fwd_return_10d,6,898,0.004224831042812986,0.009433599274888183,0.040470891583079684
state__vol_level_x_acceleration_grid,full,fwd_return_10d,7,850,0.007884680548762322,0.011284623611368172,0.043978783410629885
state__vol_level_x_acceleration_grid,full,fwd_return_10d,8,755,0.004897763888923893,0.010635110585407448,0.0512640552634077
state__vol_level_x_acceleration_grid,full,fwd_return_20d,0,927,0.005910297436665353,0.009378515405723764,0.02553875593716901
state__vol_level_x_acceleration_grid,full,fwd_return_20d,1,909,0.006286174098202856,0.00988026356818672,0.02810696992601126
state__vol_level_x_acceleration_grid,full,fwd_return_20d,2,946,0.008684771721459459,0.012983601520674792,0.027309192317431712
state__vol_level_x_acceleration_grid,full,fwd_return_20d,3,884,0.008981754164741415,0.017700072973080627,0.04189552499414759
state__vol_level_x_acceleration_grid,full,fwd_return_20d,4,773,0.0054773158490219334,0.013261642071732194,0.04248914488507637
state__vol_level_x_acceleration_grid,full,fwd_return_20d,5,813,0.010624979767475314,0.015856547835382928,0.041514098588041684
state__vol_level_x_acceleration_grid,full,fwd_return_20d,6,898,0.007130339698040858,0.014143693750131137,0.05600586776953891
state__vol_level_x_acceleration_grid,full,fwd_return_20d,7,850,0.015732355081144036,0.02252458739395291,0.05530115823012756
state__vol_level_x_acceleration_grid,full,fwd_return_20d,8,755,0.011036631417581154,0.020485078024675696,0.07047580783546739
state__vol_level_x_acceleration_grid,full,fwd_max_drawdown_20d,0,927,-0.017191519583113803,-0.012367125179437721,0.019403001699634898
state__vol_level_x_acceleration_grid,full,fwd_max_drawdown_20d,1,909,-0.017124101060286816,-0.011511806501035338,0.020146492291376574
state__vol_level_x_acceleration_grid,full,fwd_max_drawdown_20d,2,946,-0.01665254640733268,-0.01028750213991897,0.021860079725476038
state__vol_level_x_acceleration_grid,full,fwd_max_drawdown_20d,3,884,-0.020789133605482242,-0.009963236755666793,0.03514060937246029
state__vol_level_x_acceleration_grid,full,fwd_max_drawdown_20d,4,773,-0.026542162427724416,-0.018999271127706052,0.03263615609163044
state__vol_level_x_acceleration_grid,full,fwd_max_drawdown_20d,5,813,-0.026329533522400982,-0.018597966140867728,0.03189574302907141
state__vol_level_x_acceleration_grid,full,fwd_max_drawdown_20d,6,898,-0.034417324300079336,-0.02336659303579941,0.04129377929441083
state__vol_level_x_acceleration_grid,full,fwd_max_drawdown_20d,7,850,-0.03504642382269457,-0.02553663248763871,0.04288763605928615
state__vol_level_x_acceleration_grid,full,fwd_max_drawdown_20d,8,755,-0.04290776418328404,-0.02754190208891727,0.05830517517220314
state__vol_level_x_acceleration_grid,full,fwd_max_upside_20d,0,927,0.019782715919757846,0.018110475351579947,0.014274989000008115
state__vol_level_x_acceleration_grid,full,fwd_max_upside_20d,1,909,0.021200452520504804,0.01869090106332094,0.016279199604138376
state__vol_level_x_acceleration_grid,full,fwd_max_upside_20d,2,946,0.022374578949162272,0.021893312560741007,0.015683324072583594
state__vol_level_x_acceleration_grid,full,fwd_max_upside_20d,3,884,0.02638003169769049,0.02570547930723599,0.01923594203112639
state__vol_level_x_acceleration_grid,full,fwd_max_upside_20d,4,773,0.028133199335843122,0.026080791172173212,0.022339390915377802
state__vol_level_x_acceleration_grid,full,fwd_max_upside_20d,5,813,0.029936117000260293,0.028003554357242555,0.022992823015862585
state__vol_level_x_acceleration_grid,full,fwd_max_upside_20d,6,898,0.03881967134906275,0.036479218576707995,0.03376105069781175
state__vol_level_x_acceleration_grid,full,fwd_max_upside_20d,7,850,0.045405406132582385,0.041556381476856585,0.03542492529271628
state__vol_level_x_acceleration_grid,full,fwd_max_upside_20d,8,755,0.0468970282232963,0.04071612621282705,0.040013994843930624
state__vol_level_x_acceleration_grid,full,future_rv_20d,0,927,0.10503460604643801,0.0976886107124202,0.041105502124454886
state__vol_level_x_acceleration_grid,full,future_rv_20d,1,909,0.10801543463466637,0.1000264664176056,0.0408469059490989
state__vol_level_x_acceleration_grid,full,future_rv_20d,2,946,0.11091986076654099,0.10094868342174385,0.04614558132006911
state__vol_level_x_acceleration_grid,full,future_rv_20d,3,890,0.13167268662960746,0.11203255832962214,0.08047232976025911
state__vol_level_x_acceleration_grid,full,future_rv_20d,4,782,0.1480491776566334,0.1347132820601887,0.0678863608767955
state__vol_level_x_acceleration_grid,full,future_rv_20d,5,818,0.1548491834177745,0.14271998819598258,0.06559357235880395
state__vol_level_x_acceleration_grid,full,future_rv_20d,6,898,0.20624978669158592,0.1965321702738514,0.09654404284011242
state__vol_level_x_acceleration_grid,full,future_rv_20d,7,850,0.22809740532795866,0.20562450881256011,0.1080592092396079
state__vol_level_x_acceleration_grid,full,future_rv_20d,8,755,0.26332347360491615,0.2160865366620723,0.15759395925737762
state__risk4_k2,1993_2004,fwd_return_5d,0,559,0.005366673272790536,0.0078090881126919864,0.035871419703724004
state__risk4_k2,1993_2004,fwd_return_5d,1,2383,0.001595703096922266,0.0029144025300089638,0.01955248720467249
state__risk4_k2,1993_2004,fwd_return_10d,0,559,0.00810643687326961,0.00947599809885924,0.04635027292357172
state__risk4_k2,1993_2004,fwd_return_10d,1,2383,0.003698985381090641,0.005051722431829608,0.026442435712998345
state__risk4_k2,1993_2004,fwd_return_20d,0,559,0.015696450917157805,0.022768489541557857,0.0628370234958327
state__risk4_k2,1993_2004,fwd_return_20d,1,2383,0.007448339592277157,0.010463785706702033,0.037730320599740956
state__risk4_k2,1993_2004,fwd_max_drawdown_20d,0,559,-0.03945302269447335,-0.02898421531059625,0.045279725896882464
state__risk4_k2,1993_2004,fwd_max_drawdown_20d,1,2383,-0.022899037423149107,-0.015620448023553779,0.027297609187961532
state__risk4_k2,1993_2004,fwd_max_upside_20d,0,559,0.05001284686364251,0.044485777464063014,0.03853323854828032
state__risk4_k2,1993_2004,fwd_max_upside_20d,1,2383,0.027174896155286232,0.023018812251984988,0.023037617755278076
state__risk4_k2,1993_2004,future_rv_20d,0,559,0.25529150759994507,0.2357360385869635,0.07592021724930095
state__risk4_k2,1993_2004,future_rv_20d,1,2383,0.14056454661415216,0.1258385564117373,0.05846871284203602
state__risk4_k2,2005_2014,fwd_return_5d,0,450,0.0028284742091322763,0.004447425550044182,0.04577247077111184
state__risk4_k2,2005_2014,fwd_return_5d,1,2067,0.0015636897571986684,0.0035351040915776455,0.017898215450727416
state__risk4_k2,2005_2014,fwd_return_10d,0,450,0.003302357221815993,0.009954421269441904,0.0595720089407498
state__risk4_k2,2005_2014,fwd_return_10d,1,2067,0.0035535797876948987,0.007322531849289993,0.024390001448153235
state__risk4_k2,2005_2014,fwd_return_20d,0,450,0.006450069435870381,0.01617797449924896,0.07943304455606247
state__risk4_k2,2005_2014,fwd_return_20d,1,2067,0.007141758764766507,0.013441201085440335,0.03488030891850813
state__risk4_k2,2005_2014,fwd_max_drawdown_20d,0,450,-0.05383916161121807,-0.03331582922417897,0.06807991437975983
state__risk4_k2,2005_2014,fwd_max_drawdown_20d,1,2067,-0.02144092036425467,-0.01376705172459669,0.02722494986601567
state__risk4_k2,2005_2014,fwd_max_upside_20d,0,450,0.05182294640860331,0.045923120782959015,0.043539457877499174
state__risk4_k2,2005_2014,fwd_max_upside_20d,1,2067,0.024803790285233395,0.023171828685801144,0.01817240128589095
state__risk4_k2,2005_2014,future_rv_20d,0,450,0.32477259167943695,0.2710374059398108,0.1821326243333292
state__risk4_k2,2005_2014,future_rv_20d,1,2067,0.12961689215941094,0.1167290369698798,0.059234246148196876
state__risk4_k2,2015_2019,fwd_return_5d,0,92,0.011623658102937104,0.013534438654980718,0.02623173795062756
state__risk4_k2,2015_2019,fwd_return_5d,1,1166,0.0016784387137879114,0.0035701972520075786,0.016679834525749716
state__risk4_k2,2015_2019,fwd_return_10d,0,92,0.013986790497410867,0.016799157281081833,0.03657253787539964
state__risk4_k2,2015_2019,fwd_return_10d,1,1166,0.0041365888340193415,0.0064200587075385895,0.022490292166477816
state__risk4_k2,2015_2019,fwd_return_20d,0,92,0.02585650397104627,0.025187188018044204,0.0417598465915016
state__risk4_k2,2015_2019,fwd_return_20d,1,1166,0.008475871656988267,0.013056617294220585,0.030784968666991427
state__risk4_k2,2015_2019,fwd_max_drawdown_20d,0,92,-0.0249321937427458,-0.024579230410086084,0.02992177545711833
state__risk4_k2,2015_2019,fwd_max_drawdown_20d,1,1166,-0.018633530180716437,-0.010461500034295912,0.026460864271067995
state__risk4_k2,2015_2019,fwd_max_upside_20d,0,92,0.04552519166410171,0.03887102594101566,0.02885831365916802
state__risk4_k2,2015_2019,fwd_max_upside_20d,1,1166,0.022564423776330673,0.021135995321383216,0.017354225331145237
state__risk4_k2,2015_2019,future_rv_20d,0,92,0.197985482872686,0.1937038246423221,0.042746414020975024
state__risk4_k2,2015_2019,future_rv_20d,1,1166,0.11340885544606413,0.0960779949141959,0.05715115540274902
state__risk4_k2,2020_2024,fwd_return_5d,0,239,0.004408917004850949,0.005840547326072532,0.04396978853915668
state__risk4_k2,2020_2024,fwd_return_5d,1,814,0.002467516597880485,0.005374701911416313,0.02182812330844003
state__risk4_k2,2020_2024,fwd_return_10d,0,239,0.008242051967923313,0.016869697999959854,0.06131715899838829
state__risk4_k2,2020_2024,fwd_return_10d,1,809,0.005027111232346236,0.00985289879688378,0.030432130240418798
state__risk4_k2,2020_2024,fwd_return_20d,0,239,0.024567702626782074,0.04322961937113057,0.07401416031083702
state__risk4_k2,2020_2024,fwd_return_20d,1,799,0.0075185462206987545,0.017283972435824246,0.04958303515822503
state__risk4_k2,2020_2024,fwd_max_drawdown_20d,0,239,-0.04122820329235236,-0.026374117603233493,0.06217846496434988
state__risk4_k2,2020_2024,fwd_max_drawdown_20d,1,799,-0.027040277446754243,-0.016453203491376023,0.038408018165653375
state__risk4_k2,2020_2024,fwd_max_upside_20d,0,239,0.05949755518677554,0.05395380939456085,0.045768673506661674
state__risk4_k2,2020_2024,fwd_max_upside_20d,1,799,0.03131409326879883,0.029589702317071254,0.02404436567226729
state__risk4_k2,2020_2024,future_rv_20d,0,239,0.28848222904574855,0.2456239205993391,0.17431383002034181
state__risk4_k2,2020_2024,future_rv_20d,1,819,0.1549227246529072,0.1333520567676836,0.0844382785776056
state__risk4_k2,full,fwd_return_5d,0,1340,0.004773053330767928,0.006864618062499606,0.04042086950492382
state__risk4_k2,full,fwd_return_5d,1,6430,0.0017107815332887753,0.003453398800509322,0.01885057219354241
state__risk4_k2,full,fwd_return_10d,0,1340,0.006921040379157001,0.011132237866174455,0.05341536590862038
state__risk4_k2,full,fwd_return_10d,1,6425,0.0038988524749788344,0.006668248183053338,0.025671299588091265
state__risk4_k2,full,fwd_return_20d,0,1340,0.014871139255201535,0.024018640523432166,0.07001876993124397
state__risk4_k2,full,fwd_return_20d,1,6415,0.007545065221754553,0.012808329438645627,0.037400427826192094
state__risk4_k2,full,fwd_max_drawdown_20d,0,1340,-0.04360385434512206,-0.029342765512825275,0.056780153016327516
state__risk4_k2,full,fwd_max_drawdown_20d,1,6415,-0.022169706382377356,-0.013962617499798324,0.0288407171525224
state__risk4_k2,full,fwd_max_upside_20d,0,1340,0.05200428403237639,0.0473314651769281,0.041206057164860393
state__risk4_k2,full,fwd_max_upside_20d,1,6415,0.026088431909991636,0.02317777574035018,0.020898156374695886
state__risk4_k2,full,future_rv_20d,0,1340,0.28061010161965444,0.24236592975234666,0.14301629232649124
state__risk4_k2,full,future_rv_20d,1,6435,0.1339549133824194,0.1190179903735852,0.06359932790086066
state__state8_k2,1993_2004,fwd_return_5d,0,604,0.005624239813294153,0.007982990110368404,0.03515359246527238
state__state8_k2,1993_2004,fwd_return_5d,1,2338,0.0014565825458622756,0.0027981786555434374,0.019422321583543956
state__state8_k2,1993_2004,fwd_return_10d,0,604,0.00796284975998963,0.009404950803065137,0.04548644064687788
state__state8_k2,1993_2004,fwd_return_10d,1,2338,0.0036512485544324094,0.00516749566014163,0.02630044261021818
state__state8_k2,1993_2004,fwd_return_20d,0,604,0.01556005960724284,0.02143438687545074,0.06091672105429323
state__state8_k2,1993_2004,fwd_return_20d,1,2338,0.0073248217742998304,0.01025783103491995,0.03788836194996236
state__state8_k2,1993_2004,fwd_max_drawdown_20d,0,604,-0.038535133656726304,-0.027943889716535053,0.044346882079536215
state__state8_k2,1993_2004,fwd_max_drawdown_20d,1,2338,-0.02281754710731918,-0.015513621717494597,0.027275540615312493
state__state8_k2,1993_2004,fwd_max_upside_20d,0,604,0.04851330848608566,0.0437982372774397,0.038023025744505515
state__state8_k2,1993_2004,fwd_max_upside_20d,1,2338,0.027122720534314592,0.023018467308648205,0.023011171842863692
state__state8_k2,1993_2004,future_rv_20d,0,604,0.24934968984198422,0.23061889865388285,0.07733165130670029
state__state8_k2,1993_2004,future_rv_20d,1,2338,0.13989138351810754,0.1250562472726113,0.058369176035717334
state__state8_k2,2005_2014,fwd_return_5d,0,465,0.002379872989804901,0.004883533934718631,0.045586368640024716
state__state8_k2,2005_2014,fwd_return_5d,1,2052,0.001656100965877141,0.0034889983150984127,0.017646645762905262
state__state8_k2,2005_2014,fwd_return_10d,0,465,0.0035625227848593136,0.010821607138876255,0.05894239156568083
state__state8_k2,2005_2014,fwd_return_10d,1,2052,0.003496460563364022,0.007274986896575131,0.024293210314937096
state__state8_k2,2005_2014,fwd_return_20d,0,465,0.00556198598058352,0.015562274771562468,0.07939052758364212
state__state8_k2,2005_2014,fwd_return_20d,1,2052,0.007348061955137768,0.013414547761416817,0.03435713474827404
state__state8_k2,2005_2014,fwd_max_drawdown_20d,0,465,-0.0536616317578488,-0.03223455914595519,0.06780433177659222
state__state8_k2,2005_2014,fwd_max_drawdown_20d,1,2052,-0.02124432083360762,-0.013759324547292506,0.026759649231367876
state__state8_k2,2005_2014,fwd_max_upside_20d,0,465,0.0510608141690924,0.04575486414224006,0.04344008188115243
state__state8_k2,2005_2014,fwd_max_upside_20d,1,2052,0.0247789872391915,0.023176769525881435,0.018016896635990598
state__state8_k2,2005_2014,future_rv_20d,0,465,0.3190286264809665,0.2669989796040841,0.184395338854523
state__state8_k2,2005_2014,future_rv_20d,1,2052,0.1294919449491226,0.11674668705240815,0.05767477032848296
state__state8_k2,2015_2019,fwd_return_5d,0,124,0.007176833441491302,0.009675525612732883,0.025625743687340954
state__state8_k2,2015_2019,fwd_return_5d,1,1134,0.0018840465070564343,0.0036315292823029255,0.016575042132939918
state__state8_k2,2015_2019,fwd_return_10d,0,124,0.009490149998996734,0.010282035681903223,0.035453016760745304
state__state8_k2,2015_2019,fwd_return_10d,1,1134,0.004350325137877211,0.006541875301279698,0.022265935057097497
state__state8_k2,2015_2019,fwd_return_20d,0,124,0.02032312949496498,0.02334160712091715,0.0402584865782445
state__state8_k2,2015_2019,fwd_return_20d,1,1134,0.008590473245157776,0.013271813793239273,0.030785561678671126
state__state8_k2,2015_2019,fwd_max_drawdown_20d,0,124,-0.027767798863777213,-0.026752179659259412,0.02956606784887811
state__state8_k2,2015_2019,fwd_max_drawdown_20d,1,1134,-0.018145723947036688,-0.009961540147477854,0.026283361101408848
state__state8_k2,2015_2019,fwd_max_upside_20d,0,124,0.04065369303244356,0.034475555904854405,0.02736309944402859
state__state8_k2,2015_2019,fwd_max_upside_20d,1,1134,0.022449186790366775,0.02107891969515352,0.017385705288975283
state__state8_k2,2015_2019,future_rv_20d,0,124,0.195699051730474,0.19292611129668213,0.043892593334931305
state__state8_k2,2015_2019,future_rv_20d,1,1134,0.11127222880054598,0.09449237491086596,0.05595776184376222
state__state8_k2,2020_2024,fwd_return_5d,0,254,0.005202886085881486,0.007461841038047701,0.04306850814711666
state__state8_k2,2020_2024,fwd_return_5d,1,799,0.0021786690976473015,0.004818875724462934,0.02173974482676727
state__state8_k2,2020_2024,fwd_return_10d,0,254,0.00835174362366031,0.01811226551813727,0.05997078513629932
state__state8_k2,2020_2024,fwd_return_10d,1,794,0.004931285298352718,0.009719835066077431,0.030400308234489064
state__state8_k2,2020_2024,fwd_return_20d,0,254,0.022424866205454128,0.042468444393364946,0.07284847405103582
state__state8_k2,2020_2024,fwd_return_20d,1,784,0.007886585895349324,0.017636353476236044,0.04972378972938257
state__state8_k2,2020_2024,fwd_max_drawdown_20d,0,254,-0.04036110394156577,-0.02394063211783809,0.061140971296415804
state__state8_k2,2020_2024,fwd_max_drawdown_20d,1,784,-0.027049747277641777,-0.017162292253662392,0.03840043458910151
state__state8_k2,2020_2024,fwd_max_upside_20d,0,254,0.0570461921419243,0.05244948330237775,0.04486999065128095
state__state8_k2,2020_2024,fwd_max_upside_20d,1,784,0.0315690604685725,0.02941926819415741,0.024555833149458698
state__state8_k2,2020_2024,future_rv_20d,0,254,0.2807508342634934,0.24068334172723171,0.1727550967075952
state__state8_k2,2020_2024,future_rv_20d,1,804,0.1548734481713154,0.13339404565916457,0.0846580554752352
state__state8_k2,full,fwd_return_5d,0,1447,0.004640734070523681,0.007416637353858224,0.03956294615869625
state__state8_k2,full,fwd_return_5d,1,6323,0.0016892415818801334,0.0033820054720861137,0.018692854150224127
state__state8_k2,full,fwd_return_10d,0,1447,0.006747930774207761,0.010916434449459667,0.052141934041214984
state__state8_k2,full,fwd_return_10d,1,6318,0.0038873164655794175,0.006674234773837329,0.025547937770253184
state__state8_k2,full,fwd_return_20d,0,1447,0.013960320357503124,0.022520030026706772,0.06838244353574903
state__state8_k2,full,fwd_return_20d,1,6308,0.007629729936940155,0.012857307729938316,0.03732592506587473
state__state8_k2,full,fwd_max_drawdown_20d,0,1447,-0.042793923259383866,-0.028551614984261176,0.05558539918284593
state__state8_k2,full,fwd_max_drawdown_20d,1,6308,-0.02199191888222667,-0.013845749349334469,0.02867004179193351
state__state8_k2,full,fwd_max_upside_20d,0,1447,0.05015625960905009,0.044936838556574044,0.040519652593053436
state__state8_k2,full,fwd_max_upside_20d,1,6308,0.026072752639772552,0.023144834023223204,0.020928337872962437
state__state8_k2,full,future_rv_20d,0,1447,0.27265578320367245,0.2349025492896603,0.14222457003137132
state__state8_k2,full,future_rv_20d,1,6328,0.13329400845298542,0.11846444362029179,0.06303912105985114
state__risk4_k3,1993_2004,fwd_return_5d,0,1293,0.0014304007962435384,0.0033623934056306037,0.021211607640792128
state__risk4_k3,1993_2004,fwd_return_5d,1,1271,0.0019214938425215116,0.002699344928845715,0.01939341915661918
state__risk4_k3,1993_2004,fwd_return_5d,2,378,0.0066423384552061725,0.009140357459456294,0.03880973302005727
state__risk4_k3,1993_2004,fwd_return_10d,0,1293,0.003248610809854218,0.004045447367827526,0.0285001489304391
state__risk4_k3,1993_2004,fwd_return_10d,1,1271,0.004510973017470915,0.006084573307044705,0.02652810871255832
state__risk4_k3,1993_2004,fwd_return_10d,2,378,0.009027195483993842,0.010528905945309641,0.04940272009869735
state__risk4_k3,1993_2004,fwd_return_20d,0,1293,0.00888187776662871,0.01146723830677443,0.039330115913070667
state__risk4_k3,1993_2004,fwd_return_20d,1,1271,0.006958886111910854,0.010745198436584058,0.03854086182925777
state__risk4_k3,1993_2004,fwd_return_20d,2,378,0.01638808759417477,0.022846031203367367,0.06742873839017667
state__risk4_k3,1993_2004,fwd_max_drawdown_20d,0,1293,-0.02471750077676056,-0.017799583118869422,0.028922048556913764
state__risk4_k3,1993_2004,fwd_max_drawdown_20d,1,1271,-0.022281008306208192,-0.014731730853919545,0.026919849964297478
state__risk4_k3,1993_2004,fwd_max_drawdown_20d,2,378,-0.043237449217018276,-0.033361666243687194,0.049130244036708695
state__risk4_k3,1993_2004,fwd_max_upside_20d,0,1293,0.028985972792381808,0.024423568046387345,0.024839828658670498
state__risk4_k3,1993_2004,fwd_max_upside_20d,1,1271,0.02772845751403263,0.02351267084123365,0.023261696188756995
state__risk4_k3,1993_2004,fwd_max_upside_20d,2,378,0.05289213389930712,0.04840680899944849,0.041371196293836204
state__risk4_k3,1993_2004,future_rv_20d,0,1293,0.15180686690925854,0.1437660601333827,0.06317008366799617
state__risk4_k3,1993_2004,future_rv_20d,1,1271,0.14038124481387917,0.1249436850246718,0.05930284424461836
state__risk4_k3,1993_2004,future_rv_20d,2,378,0.2723873710523336,0.2534450649049791,0.07916887312354264
state__risk4_k3,2005_2014,fwd_return_5d,0,1051,0.0020777665331273014,0.003765764276767447,0.020037448717811327
state__risk4_k3,2005_2014,fwd_return_5d,1,1118,0.0011479122232932334,0.003201386066950307,0.017289232458362155
state__risk4_k3,2005_2014,fwd_return_5d,2,348,0.0029823610065532833,0.005715749786213142,0.049394802780679
state__risk4_k3,2005_2014,fwd_return_10d,0,1051,0.004181711010196773,0.007901595694811636,0.026775695052232457
state__risk4_k3,2005_2014,fwd_return_10d,1,1118,0.0029255274054179833,0.006859220909501307,0.023611746668011135
state__risk4_k3,2005_2014,fwd_return_10d,2,348,0.0033494030460012626,0.011473122537152936,0.06455473060679953
state__risk4_k3,2005_2014,fwd_return_20d,0,1051,0.0077345996059808245,0.014378724137287024,0.04025841417427659
state__risk4_k3,2005_2014,fwd_return_20d,1,1118,0.00684774506981527,0.013100033037850012,0.03372588772168165
state__risk4_k3,2005_2014,fwd_return_20d,2,348,0.005401446663720462,0.014221996020485683,0.08269570342308058
state__risk4_k3,2005_2014,fwd_max_drawdown_20d,0,1051,-0.02374347334342172,-0.015824266629940742,0.03108889102647389
state__risk4_k3,2005_2014,fwd_max_drawdown_20d,1,1118,-0.020695514997336927,-0.012356295043576992,0.02687772892520133
state__risk4_k3,2005_2014,fwd_max_drawdown_20d,2,348,-0.05877594502012535,-0.03783128541799535,0.07145387508215646
state__risk4_k3,2005_2014,fwd_max_upside_20d,0,1051,0.027197526173214887,0.025594999085256642,0.020114116238209558
state__risk4_k3,2005_2014,fwd_max_upside_20d,1,1118,0.02381000809519095,0.022281052301002968,0.01758981149088897
state__risk4_k3,2005_2014,fwd_max_upside_20d,2,348,0.05570566478441552,0.05075649179512387,0.04655563881029363
state__risk4_k3,2005_2014,future_rv_20d,0,1051,0.14293209653104766,0.1312644967910451,0.07158624637470941
state__risk4_k3,2005_2014,future_rv_20d,1,1118,0.12577643986216708,0.1099833265232083,0.05630672688209682
state__risk4_k3,2005_2014,future_rv_20d,2,348,0.3540979572678598,0.28842703059246033,0.1907103867069561
state__risk4_k3,2015_2019,fwd_return_5d,0,502,0.0030952016243529982,0.005454822004776982,0.018098886765261193
state__risk4_k3,2015_2019,fwd_return_5d,1,702,0.000882083456255389,0.0023980308198239264,0.016278823315217295
state__risk4_k3,2015_2019,fwd_return_5d,2,54,0.015804116370933884,0.016274108063991544,0.025228927957981637
state__risk4_k3,2015_2019,fwd_return_10d,0,502,0.004600113232090585,0.007609813462112647,0.025695446787037897
state__risk4_k3,2015_2019,fwd_return_10d,1,702,0.003750278910782784,0.005908725417550165,0.02110234640506459
state__risk4_k3,2015_2019,fwd_return_10d,2,54,0.021631382747210444,0.025850132696840555,0.03370958187999444
state__risk4_k3,2015_2019,fwd_return_20d,0,502,0.008455333685931172,0.01524183024684067,0.03507307987254943
state__risk4_k3,2015_2019,fwd_return_20d,1,702,0.00876163350416942,0.011861306095700686,0.028111554454645946
state__risk4_k3,2015_2019,fwd_return_20d,2,54,0.03456334235407768,0.030329838145725763,0.039692819888501325
state__risk4_k3,2015_2019,fwd_max_drawdown_20d,0,502,-0.02103927314110303,-0.009317848184479838,0.03122643652157161
state__risk4_k3,2015_2019,fwd_max_drawdown_20d,1,702,-0.01760852879479221,-0.01152231537759335,0.02316897198314204
state__risk4_k3,2015_2019,fwd_max_drawdown_20d,2,54,-0.02032510526426161,-0.024579230410086084,0.024654060682230743
state__risk4_k3,2015_2019,fwd_max_upside_20d,0,502,0.025136945522685476,0.023088881588430366,0.018903875274452635
state__risk4_k3,2015_2019,fwd_max_upside_20d,1,702,0.02153249948077974,0.02018760965242372,0.016915181499665442
state__risk4_k3,2015_2019,fwd_max_upside_20d,2,54,0.05118286052598958,0.04197142659285891,0.029856437507941546
state__risk4_k3,2015_2019,future_rv_20d,0,502,0.12548218173312725,0.10210525912233864,0.06566515190385418
state__risk4_k3,2015_2019,future_rv_20d,1,702,0.10914556083872866,0.09590387458066629,0.05210114994961536
state__risk4_k3,2015_2019,future_rv_20d,2,54,0.20068798028852763,0.1937038246423221,0.036113569378670426
state__risk4_k3,2020_2024,fwd_return_5d,0,411,0.0033322390322599142,0.006125242863166402,0.021471707704964198
state__risk4_k3,2020_2024,fwd_return_5d,1,443,0.0014838939956105866,0.004046225761044964,0.023178458956382562
state__risk4_k3,2020_2024,fwd_return_5d,2,199,0.005202886394571741,0.006313251509864504,0.04603986382588315
state__risk4_k3,2020_2024,fwd_return_10d,0,410,0.0074612350994603845,0.012505509415074445,0.03070782544659251
state__risk4_k3,2020_2024,fwd_return_10d,1,439,0.0024732864693221158,0.007678360048031463,0.0315334684551037
state__risk4_k3,2020_2024,fwd_return_10d,2,199,0.009507056565279452,0.018428677286735695,0.06416168846933129
state__risk4_k3,2020_2024,fwd_return_20d,0,403,0.009623558272953163,0.018732749451449315,0.046637271148204935
state__risk4_k3,2020_2024,fwd_return_20d,1,436,0.006103764940942094,0.017697358680008324,0.05430192567370306
state__risk4_k3,2020_2024,fwd_return_20d,2,199,0.02683147668285599,0.04402165854591611,0.07457594904995006
state__risk4_k3,2020_2024,fwd_max_drawdown_20d,0,403,-0.025771750844652625,-0.016214011285404673,0.034388858528323296
state__risk4_k3,2020_2024,fwd_max_drawdown_20d,1,436,-0.028882568670940044,-0.017194070549273355,0.04347633075039454
state__risk4_k3,2020_2024,fwd_max_drawdown_20d,2,199,-0.04261259666283413,-0.026374117603233493,0.06346182103633698
state__risk4_k3,2020_2024,fwd_max_upside_20d,0,403,0.03298916638645786,0.030994973249358626,0.02466997947852666
state__risk4_k3,2020_2024,fwd_max_upside_20d,1,436,0.030759938479479696,0.02954375340944093,0.024244664302959244
state__risk4_k3,2020_2024,fwd_max_upside_20d,2,199,0.06298446723926611,0.05574770365509618,0.04759492914891497
state__risk4_k3,2020_2024,future_rv_20d,0,411,0.15882965962397652,0.1413980767484383,0.07151484960938671
state__risk4_k3,2020_2024,future_rv_20d,1,448,0.15646352479917075,0.12885926867195874,0.09883891626837088
state__risk4_k3,2020_2024,future_rv_20d,2,199,0.30379052772453297,0.2529855470497542,0.1804318605528051
state__risk4_k3,full,fwd_return_5d,0,3257,0.002135886494793896,0.004086234172047565,0.020420341912948708
state__risk4_k3,full,fwd_return_5d,1,3534,0.0014154420390021076,0.002958893323131484,0.018699409437552064
state__risk4_k3,full,fwd_return_5d,2,979,0.005554098307353097,0.008005853691143816,0.043801216310162865
state__risk4_k3,full,fwd_return_10d,0,3256,0.004288634914664172,0.0069934507872996265,0.02784790825097965
state__risk4_k3,full,fwd_return_10d,1,3530,0.003604151529706731,0.006533923039832357,0.0253416546105342
state__risk4_k3,full,fwd_return_10d,2,979,0.00780170692318497,0.01234134858770397,0.0577340034020705
state__risk4_k3,full,fwd_return_20d,0,3249,0.00853684322329158,0.013684799961432903,0.03998260764701181
state__risk4_k3,full,fwd_return_20d,1,3527,0.007176759702429786,0.01258545435940217,0.03764204941522974
state__risk4_k3,full,fwd_return_20d,2,979,0.015608054031237302,0.025038925925205957,0.07398055945618545
state__risk4_k3,full,fwd_max_drawdown_20d,0,3249,-0.023964866018933936,-0.015521423874602425,0.030723534835662158
state__risk4_k3,full,fwd_max_drawdown_20d,1,3527,-0.02166451218562157,-0.0133448024821895,0.02898159931637862
state__risk4_k3,full,fwd_max_drawdown_20d,2,979,-0.04737001745782497,-0.03223455914595519,0.06073028779409295
state__risk4_k3,full,fwd_max_upside_20d,0,3249,0.02830927778846696,0.025286806095258463,0.022617086862173567
state__risk4_k3,full,fwd_max_upside_20d,1,3527,0.025627900868534014,0.022893929242163047,0.02077370468702297
state__risk4_k3,full,fwd_max_upside_20d,2,979,0.05584941921137087,0.05080350756024754,0.0441663376183701
state__risk4_k3,full,future_rv_20d,0,3257,0.1457718629730693,0.1325026647844556,0.06815838306216371
state__risk4_k3,full,future_rv_20d,1,3539,0.13160736500230552,0.1159919266539735,0.0652088684880439
state__risk4_k3,full,future_rv_20d,2,979,0.30386106367697646,0.2634475824225811,0.15443722378344277
state__state8_k3,1993_2004,fwd_return_5d,0,1691,0.0012190879099699794,0.002599468112843395,0.01712490461101166
state__state8_k3,1993_2004,fwd_return_5d,1,1156,0.0028114814708069865,0.004755856790828128,0.02777741364843187
state__state8_k3,1993_2004,fwd_return_5d,2,95,0.015694532667826926,0.024764160608469643,0.04935460176697387
state__state8_k3,1993_2004,fwd_return_10d,0,1691,0.0033619702642073896,0.004705732369439497,0.02267058505415586
state__state8_k3,1993_2004,fwd_return_10d,1,1156,0.0037671139654914796,0.0064862925801366655,0.03764085789324524
state__state8_k3,1993_2004,fwd_return_10d,2,95,0.03480320962540908,0.03536691727663133,0.05438257287377751
state__state8_k3,1993_2004,fwd_return_20d,0,1691,0.006658553547475435,0.009664463939842882,0.033994905146268545
state__state8_k3,1993_2004,fwd_return_20d,1,1156,0.008570435604664584,0.014107959674879766,0.05176038128122017
state__state8_k3,1993_2004,fwd_return_20d,2,95,0.05638601792962593,0.05749448104434274,0.061433678871655885
state__state8_k3,1993_2004,fwd_max_drawdown_20d,0,1691,-0.020411325308956275,-0.01344977052524221,0.02449783065297672
state__state8_k3,1993_2004,fwd_max_drawdown_20d,1,1156,-0.03356309673669449,-0.025656312818422733,0.03857652059267721
state__state8_k3,1993_2004,fwd_max_drawdown_20d,2,95,-0.03482268358432663,-0.030169389122971513,0.04420797802155365
state__state8_k3,1993_2004,fwd_max_upside_20d,0,1691,0.02450230943872768,0.021328527978795586,0.02015676307141464
state__state8_k3,1993_2004,fwd_max_upside_20d,1,1156,0.03752029520415915,0.03390222949397548,0.03020646167005569
state__state8_k3,1993_2004,fwd_max_upside_20d,2,95,0.08324307808343957,0.08491914072653906,0.047191630086065715
state__state8_k3,1993_2004,future_rv_20d,0,1691,0.12565069684992983,0.1146847093062152,0.052418303711680485
state__state8_k3,1993_2004,future_rv_20d,1,1156,0.203573859970444,0.1993431541837289,0.07016974168246028
state__state8_k3,1993_2004,future_rv_20d,2,95,0.31438480874557084,0.3160306478990785,0.07653138851527812
state__state8_k3,2005_2014,fwd_return_5d,0,1603,0.001270544718707394,0.003398799408335096,0.015648386019396405
state__state8_k3,2005_2014,fwd_return_5d,1,760,0.0035727159449926685,0.004919111190497927,0.028945922744495575
state__state8_k3,2005_2014,fwd_return_5d,2,154,-0.0016038128574234298,-0.0003729443641151686,0.06105218499263723
state__state8_k3,2005_2014,fwd_return_10d,0,1603,0.0027816220347943897,0.0067035486443380865,0.02205582550604502
state__state8_k3,2005_2014,fwd_return_10d,1,760,0.0068879965933164415,0.011437833821616228,0.038140811060492344
state__state8_k3,2005_2014,fwd_return_10d,2,154,-0.005600697153982786,-0.0014284085330166785,0.07740498134753487
state__state8_k3,2005_2014,fwd_return_20d,0,1603,0.005819953957006215,0.012213408145496762,0.0314633747912387
state__state8_k3,2005_2014,fwd_return_20d,1,760,0.01369753918119807,0.023102190341831474,0.05336806519798021
state__state8_k3,2005_2014,fwd_return_20d,2,154,-0.013473826999204259,-0.012331419420958667,0.09895692963408767
state__state8_k3,2005_2014,fwd_max_drawdown_20d,0,1603,-0.019775971130452725,-0.012975125730097625,0.02481474895037272
state__state8_k3,2005_2014,fwd_max_drawdown_20d,1,760,-0.030945994915149516,-0.02237351693719497,0.04078527583705865
state__state8_k3,2005_2014,fwd_max_drawdown_20d,2,154,-0.08653355363852713,-0.06569305134909742,0.08517898206352885
state__state8_k3,2005_2014,fwd_max_upside_20d,0,1603,0.022244168396721765,0.021552555275598406,0.015643233413097698
state__state8_k3,2005_2014,fwd_max_upside_20d,1,760,0.03877130956695069,0.03547176298752708,0.028544166439634117
state__state8_k3,2005_2014,fwd_max_upside_20d,2,154,0.061468592159879265,0.05010343912897697,0.05634359650861023
state__state8_k3,2005_2014,future_rv_20d,0,1603,0.11906019723933946,0.1065945028163041,0.050560305830842325
state__state8_k3,2005_2014,future_rv_20d,1,760,0.1972464594036238,0.1797041962767007,0.08981184406164311
state__state8_k3,2005_2014,future_rv_20d,2,154,0.47600634433658323,0.4047100296188577,0.2128538608741954
state__state8_k3,2015_2019,fwd_return_5d,0,997,0.0017988586849372837,0.00339028933852914,0.015136326143506412
state__state8_k3,2015_2019,fwd_return_5d,1,251,0.0036062205635156177,0.006892970499897455,0.02466408901219585
state__state8_k3,2015_2019,fwd_return_5d,2,10,0.03278126154220264,0.03721157900931482,0.023445546586496342
state__state8_k3,2015_2019,fwd_return_10d,0,997,0.003646840749696165,0.00600567775323313,0.021018239795155137
state__state8_k3,2015_2019,fwd_return_10d,1,251,0.007724807311072873,0.010365012993849065,0.03149106928787787
state__state8_k3,2015_2019,fwd_return_10d,2,10,0.053522044370198384,0.04778385696648124,0.021433855011489217
state__state8_k3,2015_2019,fwd_return_20d,0,997,0.008075286986331382,0.012482256831740202,0.02831157010691847
state__state8_k3,2015_2019,fwd_return_20d,1,251,0.014273282940583318,0.02052806735770285,0.042141233076446495
state__state8_k3,2015_2019,fwd_return_20d,2,10,0.0628009573925774,0.06416717918928772,0.033590133390611954
state__state8_k3,2015_2019,fwd_max_drawdown_20d,0,997,-0.017027881034591685,-0.009503276819027628,0.02466450031482809
state__state8_k3,2015_2019,fwd_max_drawdown_20d,1,251,-0.028092907854051954,-0.02351429871480415,0.032349448562137284
state__state8_k3,2015_2019,fwd_max_drawdown_20d,2,10,0.0007659247806971025,-0.005156832553118329,0.022387620067373864
state__state8_k3,2015_2019,fwd_max_upside_20d,0,997,0.0208649709938651,0.019803592712840157,0.01575112458765721
state__state8_k3,2015_2019,fwd_max_upside_20d,1,251,0.0354726991582739,0.03274268651161316,0.02411268711109656
state__state8_k3,2015_2019,fwd_max_upside_20d,2,10,0.07924121866886735,0.07153507936123549,0.025524770113024633
state__state8_k3,2015_2019,future_rv_20d,0,997,0.10566239830176158,0.0896266630588186,0.053184142451188354
state__state8_k3,2015_2019,future_rv_20d,1,251,0.17124932636069276,0.1740590024780623,0.05653209112167332
state__state8_k3,2015_2019,future_rv_20d,2,10,0.2120397851007724,0.2000502398380971,0.04284332321302906
state__state8_k3,2020_2024,fwd_return_5d,0,613,0.002083576577865605,0.004862570660407295,0.019416692432488294
state__state8_k3,2020_2024,fwd_return_5d,1,390,0.004674072794906915,0.006569970550829529,0.030038238490099647
state__state8_k3,2020_2024,fwd_return_5d,2,50,-0.0007566231482244268,0.004823152847520662,0.07342537671653833
state__state8_k3,2020_2024,fwd_return_10d,0,608,0.004566068427702209,0.009001797032085479,0.027732671189383072
state__state8_k3,2020_2024,fwd_return_10d,1,390,0.007769481734972336,0.014391083579433972,0.04097130355105462
state__state8_k3,2020_2024,fwd_return_10d,2,50,0.004610318532392463,0.03126909434050751,0.10328211204870369
state__state8_k3,2020_2024,fwd_return_20d,0,598,0.006295463419733892,0.01683900279557171,0.04762906446036962
state__state8_k3,2020_2024,fwd_return_20d,1,390,0.015386862818680081,0.031380551206341645,0.05880301122543976
state__state8_k3,2020_2024,fwd_return_20d,2,50,0.04226871467706239,0.050499167534913125,0.10597568657206313
state__state8_k3,2020_2024,fwd_max_drawdown_20d,0,598,-0.02556478057665444,-0.01508842498676738,0.03827509043020693
state__state8_k3,2020_2024,fwd_max_drawdown_20d,1,390,-0.03262973211911725,-0.023304916974142165,0.04292803689720855
state__state8_k3,2020_2024,fwd_max_drawdown_20d,2,50,-0.06890775911067543,-0.029525540830996122,0.09613617996887222
state__state8_k3,2020_2024,fwd_max_upside_20d,0,598,0.028966614615880418,0.02662722797698669,0.022327190097128795
state__state8_k3,2020_2024,fwd_max_upside_20d,1,390,0.045105871722593394,0.04489881059040701,0.030894015684674196
state__state8_k3,2020_2024,fwd_max_upside_20d,2,50,0.08653101398603419,0.06757162814123452,0.07156221273290736
state__state8_k3,2020_2024,future_rv_20d,0,618,0.14631284692833096,0.12203456217801065,0.08549138314875687
state__state8_k3,2020_2024,future_rv_20d,1,390,0.20871775092509734,0.19568592440357419,0.09112955835081343
state__state8_k3,2020_2024,future_rv_20d,2,50,0.48015403940336776,0.37937634377817825,0.2524979765009946
state__state8_k3,full,fwd_return_5d,0,4904,0.0014618383749921034,0.0032378481376883483,0.016576989345929542
state__state8_k3,full,fwd_return_5d,1,2557,0.0033998382674632075,0.005604738373111928,0.028190472127966833
state__state8_k3,full,fwd_return_5d,2,309,0.004964320004566845,0.012054683817092071,0.05963460505737437
state__state8_k3,full,fwd_return_10d,0,4899,0.003379485950202107,0.006182918403141446,0.02284500109952346
state__state8_k3,full,fwd_return_10d,1,2557,0.0056936588450321275,0.009794115466508213,0.0377868974079263
state__state8_k3,full,fwd_return_10d,2,309,0.010386841174828866,0.02140175302637548,0.07724572283695877
state__state8_k3,full,fwd_return_20d,0,4889,0.006628093371289666,0.012106465200022676,0.034132927625028016
state__state8_k3,full,fwd_return_20d,1,2557,0.01169379110444835,0.01983721084126633,0.052580216924596954
state__state8_k3,full,fwd_return_20d,2,309,0.019492387227235924,0.024703690577376092,0.09457432324915169
state__state8_k3,full,fwd_max_drawdown_20d,0,4889,-0.020143376763323388,-0.012567116675199386,0.026792525941722316
state__state8_k3,full,fwd_max_drawdown_20d,1,2557,-0.032105909800921095,-0.024138501347670926,0.03939817426532391
state__state8_k3,full,fwd_max_drawdown_20d,2,309,-0.064958093555246,-0.04407593511308461,0.07963202171206733
state__state8_k3,full,fwd_max_upside_20d,0,4889,0.023566213708736652,0.021682032658593586,0.018386067180348055
state__state8_k3,full,fwd_max_upside_20d,1,2557,0.038848100894575154,0.03573582011345433,0.02939847046119742
state__state8_k3,full,fwd_max_upside_20d,2,309,0.07279358736743868,0.06418414556634588,0.056747125254616344
state__state8_k3,full,future_rv_20d,0,4909,0.12204024751608421,0.1085105909423152,0.05839018549059932
state__state8_k3,full,future_rv_20d,1,2557,0.19930473017204114,0.1905231005745014,0.07935347782138023
state__state8_k3,full,future_rv_20d,2,309,0.41844541643960886,0.3471768318284507,0.2036869174220298
state__risk4_k4,1993_2004,fwd_return_5d,0,1079,0.0015613215474580488,0.002350194898078861,0.01794933738333389
state__risk4_k4,1993_2004,fwd_return_5d,1,64,0.02113409831818365,0.02921079254124248,0.052254559966916365
state__risk4_k4,1993_2004,fwd_return_5d,2,1028,0.0013292699687480157,0.003442955258303404,0.018884389113026166
state__risk4_k4,1993_2004,fwd_return_5d,3,771,0.003111275057732452,0.006005406013673387,0.030679318757047026
state__risk4_k4,1993_2004,fwd_return_10d,0,1079,0.0036169722249572945,0.005559627590723926,0.02454885575021502
state__risk4_k4,1993_2004,fwd_return_10d,1,64,0.04128091544969634,0.044429960567361815,0.055858051127239586
state__risk4_k4,1993_2004,fwd_return_10d,2,1028,0.0032453307822779675,0.0034890808614136404,0.02535346044524939
state__risk4_k4,1993_2004,fwd_return_10d,3,771,0.004494537887944841,0.007489141232153829,0.0407345339100569
state__risk4_k4,1993_2004,fwd_return_20d,0,1079,0.005003757924261645,0.009067516504326578,0.03696589021176515
state__risk4_k4,1993_2004,fwd_return_20d,1,64,0.0664632127776869,0.06303806187104843,0.0608309534963235
state__risk4_k4,1993_2004,fwd_return_20d,2,1028,0.008735235738526834,0.011353713903437757,0.03530744185799144
state__risk4_k4,1993_2004,fwd_return_20d,3,771,0.010235002015346068,0.017419614450573384,0.05593076095740481
state__risk4_k4,1993_2004,fwd_max_drawdown_20d,0,1079,-0.022120823434833833,-0.01455591376406995,0.026339564701959875
state__risk4_k4,1993_2004,fwd_max_drawdown_20d,1,64,-0.032666487521285814,-0.027808104157730107,0.04623392392703528
state__risk4_k4,1993_2004,fwd_max_drawdown_20d,2,1028,-0.021625824812074344,-0.014296299825616032,0.026652087322362645
state__risk4_k4,1993_2004,fwd_max_drawdown_20d,3,771,-0.03687713913257393,-0.029003343281797322,0.04110582269453333
state__risk4_k4,1993_2004,fwd_max_upside_20d,0,1079,0.025655470902982636,0.022416351171595128,0.02120017500310579
state__risk4_k4,1993_2004,fwd_max_upside_20d,1,64,0.09151825205736083,0.08978598032796414,0.04793625934637083
state__risk4_k4,1993_2004,fwd_max_upside_20d,2,1028,0.025738013270379122,0.02179559046241264,0.021774251667924394
state__risk4_k4,1993_2004,fwd_max_upside_20d,3,771,0.042434319139927575,0.03887567412626525,0.03261325480356626
state__risk4_k4,1993_2004,future_rv_20d,0,1079,0.13393511608229572,0.1213850280807295,0.05522325581594851
state__risk4_k4,1993_2004,future_rv_20d,1,64,0.32636660072736445,0.32634483485009635,0.07624023013290405
state__risk4_k4,1993_2004,future_rv_20d,2,1028,0.13316121374028567,0.11891398141748616,0.05709464058187036
state__risk4_k4,1993_2004,future_rv_20d,3,771,0.22747092983856262,0.2150253730708287,0.06817863443774234
state__risk4_k4,2005_2014,fwd_return_5d,0,968,0.001615832348435586,0.0037647462302896617,0.016274997707590284
state__risk4_k4,2005_2014,fwd_return_5d,1,126,-0.0002476774271765084,0.00021580885819583173,0.06587974124297731
state__risk4_k4,2005_2014,fwd_return_5d,2,949,0.002115065976340022,0.0035698565518935688,0.016691116058214935
state__risk4_k4,2005_2014,fwd_return_5d,3,474,0.0020355361882512316,0.0038477090503907796,0.033778742108162084
state__risk4_k4,2005_2014,fwd_return_10d,0,968,0.0036896838645237378,0.007253201334539772,0.02238530194459202
state__risk4_k4,2005_2014,fwd_return_10d,1,126,-0.003008306103540594,-0.0010579444316884956,0.0773774844634414
state__risk4_k4,2005_2014,fwd_return_10d,2,949,0.003303859192552745,0.007693451274808583,0.023768971668536875
state__risk4_k4,2005_2014,fwd_return_10d,3,474,0.005281393218221803,0.01140521878222378,0.04704768442470487
state__risk4_k4,2005_2014,fwd_return_20d,0,968,0.007174856751841939,0.014174422859381641,0.032801707295383654
state__risk4_k4,2005_2014,fwd_return_20d,1,126,-0.009871259418457684,-0.012146206448661045,0.09708515893414543
state__risk4_k4,2005_2014,fwd_return_20d,2,949,0.006251800221480475,0.011479817472270337,0.034725223285089445
state__risk4_k4,2005_2014,fwd_return_20d,3,474,0.012721741674412956,0.024422718208986338,0.06392788580828455
state__risk4_k4,2005_2014,fwd_max_drawdown_20d,0,968,-0.01955687759256998,-0.011332326277054883,0.026000667862854515
state__risk4_k4,2005_2014,fwd_max_drawdown_20d,1,126,-0.08762239026506868,-0.07425625047994705,0.07977183978096411
state__risk4_k4,2005_2014,fwd_max_drawdown_20d,2,949,-0.021636957024848948,-0.014811157538699993,0.02657969363975809
state__risk4_k4,2005_2014,fwd_max_drawdown_20d,3,474,-0.03806129581935546,-0.027743854105834076,0.05201063387177333
state__risk4_k4,2005_2014,fwd_max_upside_20d,0,968,0.02375768474363332,0.022671045801002543,0.016450385717281964
state__risk4_k4,2005_2014,fwd_max_upside_20d,1,126,0.06612206844610577,0.05378663618858881,0.05791377514466477
state__risk4_k4,2005_2014,fwd_max_upside_20d,2,949,0.024063696478585295,0.02281238417632392,0.01730216276471441
state__risk4_k4,2005_2014,fwd_max_upside_20d,3,474,0.04308964765659304,0.0414146170064168,0.033221452909747436
state__risk4_k4,2005_2014,future_rv_20d,0,968,0.12204977037243205,0.10711733328859341,0.05429942539746367
state__risk4_k4,2005_2014,future_rv_20d,1,126,0.49161651390324096,0.4109679524202987,0.20593599257340783
state__risk4_k4,2005_2014,future_rv_20d,2,949,0.12751742988138684,0.1168247066247809,0.05671870643645891
state__risk4_k4,2005_2014,future_rv_20d,3,474,0.23832042810019066,0.2103454073662662,0.1117582704476037
state__risk4_k4,2015_2019,fwd_return_5d,0,624,0.001022003709708436,0.002369285790879916,0.015120654703663776
state__risk4_k4,2015_2019,fwd_return_5d,1,1,0.06759369833986173,0.06759369833986173,
state__risk4_k4,2015_2019,fwd_return_5d,2,490,0.002980687866889032,0.005278248128668506,0.016691403411057223
state__risk4_k4,2015_2019,fwd_return_5d,3,143,0.006018007117296271,0.011164371441147125,0.02770900575697006
state__risk4_k4,2015_2019,fwd_return_10d,0,624,0.0038259907755538594,0.005991370436410293,0.020466243102948367
state__risk4_k4,2015_2019,fwd_return_10d,1,1,0.10083640942675731,0.10083640942675731,
state__risk4_k4,2015_2019,fwd_return_10d,2,490,0.0045523344859465294,0.006851586837882562,0.0239398705288857
state__risk4_k4,2015_2019,fwd_return_10d,3,143,0.00972831297022508,0.011166222621842081,0.03406087768860625
state__risk4_k4,2015_2019,fwd_return_20d,0,624,0.00896995620130646,0.012310316873704652,0.027265204248381854
state__risk4_k4,2015_2019,fwd_return_20d,1,1,0.12464762531161555,0.12464762531161555,
state__risk4_k4,2015_2019,fwd_return_20d,2,490,0.008114469029072036,0.014346919762256882,0.03290134382859793
state__risk4_k4,2015_2019,fwd_return_20d,3,143,0.017927794393093926,0.022900703106338405,0.04373498991691885
state__risk4_k4,2015_2019,fwd_max_drawdown_20d,0,624,-0.016744172487308397,-0.010803701760259521,0.02252224943513017
state__risk4_k4,2015_2019,fwd_max_drawdown_20d,1,1,0.04211821024082485,0.04211821024082485,
state__risk4_k4,2015_2019,fwd_max_drawdown_20d,2,490,-0.019255645663413885,-0.008760271212639281,0.02901191960498965
state__risk4_k4,2015_2019,fwd_max_drawdown_20d,3,143,-0.029223400126822088,-0.026422655768811643,0.03261818687554208
state__risk4_k4,2015_2019,fwd_max_upside_20d,0,624,0.020990169196167984,0.019823068974724634,0.016083467034226834
state__risk4_k4,2015_2019,fwd_max_upside_20d,1,1,0.13706579936857066,0.13706579936857066,
state__risk4_k4,2015_2019,fwd_max_upside_20d,2,490,0.023273586636026695,0.021599005138246752,0.017453038227368874
state__risk4_k4,2015_2019,fwd_max_upside_20d,3,143,0.04097515333474441,0.03766073231573319,0.026757287877830122
state__risk4_k4,2015_2019,future_rv_20d,0,624,0.10580438120505757,0.094290021333632,0.04944264465284316
state__risk4_k4,2015_2019,future_rv_20d,1,1,0.2513438245914903,0.2513438245914903,
state__risk4_k4,2015_2019,future_rv_20d,2,490,0.1160071630164045,0.09324861020104319,0.06152709193046549
state__risk4_k4,2015_2019,future_rv_20d,3,143,0.1911370790196662,0.1890498976603113,0.0484304924435977
state__risk4_k4,2020_2024,fwd_return_5d,0,378,0.002691813579786962,0.004935924870492769,0.02126057835220569
state__risk4_k4,2020_2024,fwd_return_5d,1,39,0.006097450241760273,0.014061297981359022,0.07778619463403011
state__risk4_k4,2020_2024,fwd_return_5d,2,320,0.00405806304869611,0.00638638646645906,0.01768551807896573
state__risk4_k4,2020_2024,fwd_return_5d,3,316,0.0016088715400734603,0.0038055042475841905,0.03317665824873912
state__risk4_k4,2020_2024,fwd_return_10d,0,374,0.002411795468715414,0.007396103588626746,0.029314703783289625
state__risk4_k4,2020_2024,fwd_return_10d,1,39,0.015367534033727015,0.0440058086285986,0.10188678824298082
state__risk4_k4,2020_2024,fwd_return_10d,2,319,0.009353496850853217,0.012758535812780858,0.024893586487832797
state__risk4_k4,2020_2024,fwd_return_10d,3,316,0.004910356263495831,0.01236871422328556,0.047836482891319164
state__risk4_k4,2020_2024,fwd_return_20d,0,371,0.0030084771701735396,0.015028848922828741,0.05422468479183722
state__risk4_k4,2020_2024,fwd_return_20d,1,39,0.056171833071084976,0.06933040315836547,0.10569505101979305
state__risk4_k4,2020_2024,fwd_return_20d,2,312,0.01196549972643551,0.0198663074373302,0.03973392632352745
state__risk4_k4,2020_2024,fwd_return_20d,3,316,0.015313028239191907,0.0331097732415363,0.06188713783446522
state__risk4_k4,2020_2024,fwd_max_drawdown_20d,0,371,-0.02818586689930344,-0.01603472097543457,0.04495808131908791
state__risk4_k4,2020_2024,fwd_max_drawdown_20d,1,39,-0.06579321735931529,-0.028687775751317646,0.09641148164049411
state__risk4_k4,2020_2024,fwd_max_drawdown_20d,2,312,-0.021980733317867925,-0.013903697705497375,0.028344819442039898
state__risk4_k4,2020_2024,fwd_max_drawdown_20d,3,316,-0.03663873852847845,-0.027548667146766792,0.04708493764298214
state__risk4_k4,2020_2024,fwd_max_upside_20d,0,371,0.028560104576719175,0.02648205933932113,0.02171979432337837
state__risk4_k4,2020_2024,fwd_max_upside_20d,1,39,0.09821135845787654,0.07218613667235885,0.07436185406199639
state__risk4_k4,2020_2024,fwd_max_upside_20d,2,312,0.031381663276705024,0.03000950909497424,0.02146243420216841
state__risk4_k4,2020_2024,fwd_max_upside_20d,3,316,0.04754036547866345,0.047837099670569594,0.03386532039820042
state__risk4_k4,2020_2024,future_rv_20d,0,382,0.15094506651506517,0.12352203722185465,0.10246407393619245
state__risk4_k4,2020_2024,future_rv_20d,1,39,0.505701975768614,0.4187103627322876,0.24681181953763467
state__risk4_k4,2020_2024,future_rv_20d,2,321,0.138346246471994,0.1246093404473094,0.05415326381685748
state__risk4_k4,2020_2024,future_rv_20d,3,316,0.2342924894032405,0.22010082381215756,0.10063603864642166
state__risk4_k4,full,fwd_return_5d,0,3049,0.0016084052184356895,0.002961614169686433,0.017344658462920416
state__risk4_k4,full,fwd_return_5d,1,230,0.007072909540469678,0.01283470495472272,0.06500164683147076
state__risk4_k4,full,fwd_return_5d,2,2787,0.0022005039001715184,0.0040357313255363625,0.017656671582914327
state__risk4_k4,full,fwd_return_5d,3,1704,0.0027773566004573856,0.00542740264778796,0.03180292084223116
state__risk4_k4,full,fwd_return_10d,0,3045,0.003534895487958316,0.0065016226512568664,0.023744877384963316
state__risk4_k4,full,fwd_return_10d,1,230,0.01288305328902853,0.02165225083700939,0.07904616909818822
state__risk4_k4,full,fwd_return_10d,2,2786,0.004194534031389189,0.0067798925851245695,0.024584791626259442
state__risk4_k4,full,fwd_return_10d,3,1704,0.005229747905545467,0.009690405445593964,0.04343953307295242
state__risk4_k4,full,fwd_return_20d,0,3042,0.006264863193889192,0.012428267234710466,0.0366088651512072
state__risk4_k4,full,fwd_return_20d,1,230,0.02315311324404445,0.02431176055216233,0.09680749860254415
state__risk4_k4,full,fwd_return_20d,2,2779,0.008140376570091302,0.012858230223213418,0.03525117757948505
state__risk4_k4,full,fwd_return_20d,3,1704,0.01251401621437831,0.021497961860579062,0.0585123599874605
state__risk4_k4,full,fwd_max_drawdown_20d,0,3042,-0.020941731179327898,-0.012805468316777313,0.028668267626472975
state__risk4_k4,full,fwd_max_drawdown_20d,1,230,-0.06806475496318877,-0.05114655504321819,0.07885806792029794
state__risk4_k4,full,fwd_max_drawdown_20d,2,2779,-0.021251556420885814,-0.013532163895891292,0.027251807198102947
state__risk4_k4,full,fwd_max_drawdown_20d,3,1704,-0.03652002117530736,-0.027986296824421775,0.04493650669095606
state__risk4_k4,full,fwd_max_upside_20d,0,3042,0.02444883507972615,0.02231535760352732,0.018998793670964628
state__risk4_k4,full,fwd_max_upside_20d,1,230,0.0789385110222008,0.07068716155118715,0.05994303748422356
state__risk4_k4,full,fwd_max_upside_20d,2,2779,0.025365333571109115,0.02284403491189302,0.019700020719821326
state__risk4_k4,full,fwd_max_upside_20d,3,1704,0.04344105367619445,0.04077412076152653,0.03260981341190362
state__risk4_k4,full,future_rv_20d,0,3053,0.12654540362070818,0.1122989189569046,0.06331803727229061
state__risk4_k4,full,future_rv_20d,1,230,0.446977669904031,0.3774197108003332,0.20192364957034814
state__risk4_k4,full,future_rv_20d,2,2788,0.1288222466563838,0.1162309378514455,0.057820947879814615
state__risk4_k4,full,future_rv_20d,3,1704,0.22870481148841457,0.2116265736680403,0.08826269532814168
state__state8_k4,1993_2004,fwd_return_5d,0,926,0.00014320479156552848,0.002598456818362904,0.019237614918223907
state__state8_k4,1993_2004,fwd_return_5d,1,1023,0.0018210673505746093,0.0028232900543525563,0.016933884309018602
state__state8_k4,1993_2004,fwd_return_5d,2,87,0.016508531528834358,0.024764160608469643,0.05002393496170398
state__state8_k4,1993_2004,fwd_return_5d,3,906,0.003720451500904608,0.005204597214810036,0.02898950514780474
state__state8_k4,1993_2004,fwd_return_10d,0,926,0.0022818073718618432,0.0033279608017864337,0.024735372225943193
state__state8_k4,1993_2004,fwd_return_10d,1,1023,0.003677374252755228,0.005484218951177899,0.024017936941697758
state__state8_k4,1993_2004,fwd_return_10d,2,87,0.04019582196908839,0.040890420608858724,0.05058760727051463
state__state8_k4,1993_2004,fwd_return_10d,3,906,0.004386574367630632,0.007390866962758591,0.03906895422754711
state__state8_k4,1993_2004,fwd_return_20d,0,926,0.007892723557368402,0.01095995846139075,0.035045421722620325
state__state8_k4,1993_2004,fwd_return_20d,1,1023,0.005181042676213542,0.008660976133139542,0.03593737782963917
state__state8_k4,1993_2004,fwd_return_20d,2,87,0.059928327537513766,0.05809554964090813,0.060757958183054406
state__state8_k4,1993_2004,fwd_return_20d,3,906,0.00960383680290771,0.01609693181590377,0.053697935263140956
state__state8_k4,1993_2004,fwd_max_drawdown_20d,0,926,-0.021578014201071756,-0.013842820051488125,0.026997902297013366
state__state8_k4,1993_2004,fwd_max_drawdown_20d,1,1023,-0.02171373428524652,-0.014843919776237113,0.02532150021358202
state__state8_k4,1993_2004,fwd_max_drawdown_20d,2,87,-0.032215887648277756,-0.028244290500955782,0.042972391668063666
state__state8_k4,1993_2004,fwd_max_drawdown_20d,3,906,-0.034906702335734126,-0.02669928094355728,0.03992598586973963
state__state8_k4,1993_2004,fwd_max_upside_20d,0,926,0.024924574828034982,0.02131988873099422,0.021236269807489064
state__state8_k4,1993_2004,fwd_max_upside_20d,1,1023,0.025353558757772468,0.021961587003866745,0.020656933039637088
state__state8_k4,1993_2004,fwd_max_upside_20d,2,87,0.0862750592853924,0.08581514857321637,0.046554749951608146
state__state8_k4,1993_2004,fwd_max_upside_20d,3,906,0.03994722061482614,0.03639488041057537,0.031269380277604085
state__state8_k4,1993_2004,future_rv_20d,0,926,0.13089087052882123,0.1163859925935573,0.05714626708869937
state__state8_k4,1993_2004,future_rv_20d,1,1023,0.1314501814388085,0.1194521993424308,0.05330803081760414
state__state8_k4,1993_2004,future_rv_20d,2,87,0.3123413726732095,0.3158879324552331,0.07617996291625567
state__state8_k4,1993_2004,future_rv_20d,3,906,0.21503431146328386,0.20573584490882546,0.07074737734456447
state__state8_k4,2005_2014,fwd_return_5d,0,819,0.001430190784181247,0.0029671272796250037,0.01672558242338864
state__state8_k4,2005_2014,fwd_return_5d,1,956,0.0015708633941885668,0.0038324240521546704,0.016059775903045047
state__state8_k4,2005_2014,fwd_return_5d,2,144,-0.0007186304059174966,0.001282479539334469,0.06226246379114633
state__state8_k4,2005_2014,fwd_return_5d,3,598,0.003236406761877224,0.004515847996956035,0.03093538806314217
state__state8_k4,2005_2014,fwd_return_10d,0,819,0.0030828761722352196,0.007644930815271733,0.023144832683285165
state__state8_k4,2005_2014,fwd_return_10d,1,956,0.0035249721111338707,0.007053960602570353,0.022462902162163297
state__state8_k4,2005_2014,fwd_return_10d,2,144,-0.0037797953516957336,-0.0014284085330166785,0.07648042155092248
state__state8_k4,2005_2014,fwd_return_10d,3,598,0.00582082237177611,0.01041561134923985,0.042036674485814676
state__state8_k4,2005_2014,fwd_return_20d,0,819,0.006241161797814552,0.011870779751614435,0.033476909359450115
state__state8_k4,2005_2014,fwd_return_20d,1,956,0.007792436066602362,0.014174422859381641,0.03135269973485061
state__state8_k4,2005_2014,fwd_return_20d,2,144,-0.010914451498884876,-0.010791841839271676,0.09863284583142265
state__state8_k4,2005_2014,fwd_return_20d,3,598,0.011162453573029238,0.020505733436837925,0.05849101964254739
state__state8_k4,2005_2014,fwd_max_drawdown_20d,0,819,-0.021345299078540034,-0.014613340663368057,0.025817018297887413
state__state8_k4,2005_2014,fwd_max_drawdown_20d,1,956,-0.01872509702118239,-0.011240163108191203,0.02438610916288688
state__state8_k4,2005_2014,fwd_max_drawdown_20d,2,144,-0.08592509566763401,-0.06634030213834707,0.08391217126977275
state__state8_k4,2005_2014,fwd_max_drawdown_20d,3,598,-0.034765549572322044,-0.024971941823331734,0.045806900089350365
state__state8_k4,2005_2014,fwd_max_upside_20d,0,819,0.02363393924184184,0.022170426942553112,0.017339505920855428
state__state8_k4,2005_2014,fwd_max_upside_20d,1,956,0.02342331588673355,0.02263471635566716,0.016264524505712977
state__state8_k4,2005_2014,fwd_max_upside_20d,2,144,0.0637288944803915,0.05152468072802041,0.05698069418222292
state__state8_k4,2005_2014,fwd_max_upside_20d,3,598,0.03957176149078061,0.03547176298752708,0.030284478915475022
state__state8_k4,2005_2014,future_rv_20d,0,819,0.12526184285999173,0.1133872356995259,0.053106179507407626
state__state8_k4,2005_2014,future_rv_20d,1,956,0.11903981151742271,0.10560966497186945,0.050728589899945054
state__state8_k4,2005_2014,future_rv_20d,2,144,0.4820122315762354,0.408635626327682,0.21039691609765665
state__state8_k4,2005_2014,future_rv_20d,3,598,0.21448915031652477,0.19542658455056444,0.09919989258598348
state__state8_k4,2015_2019,fwd_return_5d,0,454,0.002880050193324974,0.0049610495138812105,0.015901620575467408
state__state8_k4,2015_2019,fwd_return_5d,1,610,0.0012502437713819963,0.002593570819602764,0.015351304177722746
state__state8_k4,2015_2019,fwd_return_5d,2,9,0.032410510883142604,0.03830514054488665,0.02483664592907203
state__state8_k4,2015_2019,fwd_return_5d,3,185,0.0035921621593842075,0.007173278326182642,0.025843902744621585
state__state8_k4,2015_2019,fwd_return_10d,0,454,0.004929061408402662,0.007350725060332408,0.022779772252054353
state__state8_k4,2015_2019,fwd_return_10d,1,610,0.003260976799098447,0.005702835537496731,0.021021762529382683
state__state8_k4,2015_2019,fwd_return_10d,2,9,0.05580114326806131,0.051588496449742616,0.021410292516451854
state__state8_k4,2015_2019,fwd_return_10d,3,185,0.0074640394051402135,0.009633148746772235,0.031728194753346456
state__state8_k4,2015_2019,fwd_return_20d,0,454,0.010019576300782193,0.015672646836918047,0.03177988923350026
state__state8_k4,2015_2019,fwd_return_20d,1,610,0.007237021678330553,0.011407704462685353,0.02772120996890143
state__state8_k4,2015_2019,fwd_return_20d,2,9,0.06786705156564651,0.0650859865924962,0.03131452465601128
state__state8_k4,2015_2019,fwd_return_20d,3,185,0.014526434534902728,0.02121938298130921,0.0414861962527652
state__state8_k4,2015_2019,fwd_max_drawdown_20d,0,454,-0.017779812285790213,-0.008137168183083576,0.027808837373203263
state__state8_k4,2015_2019,fwd_max_drawdown_20d,1,610,-0.017286196778984634,-0.010920225812419249,0.023397661010144368
state__state8_k4,2015_2019,fwd_max_drawdown_20d,2,9,0.0011078723019434492,-0.008002062195716642,0.023717942208573716
state__state8_k4,2015_2019,fwd_max_drawdown_20d,3,185,-0.029263859745059934,-0.025606115086114545,0.0318592076611879
state__state8_k4,2015_2019,fwd_max_upside_20d,0,454,0.023871489380512194,0.022443899734282513,0.01709920435825551
state__state8_k4,2015_2019,fwd_max_upside_20d,1,610,0.019986508642594887,0.01831741851558122,0.01603653045566509
state__state8_k4,2015_2019,fwd_max_upside_20d,2,9,0.08082394697401225,0.0741323834559513,0.026547533793163307
state__state8_k4,2015_2019,fwd_max_upside_20d,3,185,0.036441047474580525,0.03420495107238519,0.02438862498881963
state__state8_k4,2015_2019,future_rv_20d,0,454,0.11042692603876193,0.08962955882042109,0.058272308965650034
state__state8_k4,2015_2019,future_rv_20d,1,610,0.1065638014718971,0.0944817202862181,0.05105895589535336
state__state8_k4,2015_2019,future_rv_20d,2,9,0.21556599879875638,0.2171881033841662,0.043876070672802685
state__state8_k4,2015_2019,future_rv_20d,3,185,0.180386770625697,0.1809869498458257,0.053760339007110525
state__state8_k4,2020_2024,fwd_return_5d,0,298,0.002730246099434919,0.00552185395196092,0.018449490297190934
state__state8_k4,2020_2024,fwd_return_5d,1,386,0.0021795346868819726,0.004935924870492769,0.020952457534744194
state__state8_k4,2020_2024,fwd_return_5d,2,45,-0.0017161156311171568,0.004822175946330276,0.07658387419073807
state__state8_k4,2020_2024,fwd_return_5d,3,324,0.004582102319340481,0.006139224879773031,0.03137410005906741
state__state8_k4,2020_2024,fwd_return_10d,0,297,0.007937399321253726,0.010833683564652308,0.026216822461645434
state__state8_k4,2020_2024,fwd_return_10d,1,382,0.0027420869843259757,0.0077648569359983766,0.02916354365043721
state__state8_k4,2020_2024,fwd_return_10d,2,45,0.0037721629645755873,0.03169879615579729,0.10774370513635327
state__state8_k4,2020_2024,fwd_return_10d,3,324,0.007599232245280854,0.014671453038372584,0.04312132206728612
state__state8_k4,2020_2024,fwd_return_20d,0,290,0.007514017109768559,0.017152721006697624,0.041781655814960135
state__state8_k4,2020_2024,fwd_return_20d,1,379,0.005545367530680692,0.016289864602931914,0.05371958504250302
state__state8_k4,2020_2024,fwd_return_20d,2,45,0.041328651849707056,0.05118614472710248,0.11079735456389474
state__state8_k4,2020_2024,fwd_return_20d,3,324,0.017711267805375117,0.03551134177569171,0.058702695386421616
state__state8_k4,2020_2024,fwd_max_drawdown_20d,0,290,-0.02524534459122761,-0.017495927860623706,0.03067712522231422
state__state8_k4,2020_2024,fwd_max_drawdown_20d,1,379,-0.026911232439110443,-0.01603472097543457,0.04406832313712857
state__state8_k4,2020_2024,fwd_max_drawdown_20d,2,45,-0.07404025211125184,-0.037880046643703924,0.09985312645979941
state__state8_k4,2020_2024,fwd_max_drawdown_20d,3,324,-0.03273581449365327,-0.022954122697274815,0.042732743732737735
state__state8_k4,2020_2024,fwd_max_upside_20d,0,290,0.029928836767133093,0.028419299082095728,0.021874727637580985
state__state8_k4,2020_2024,fwd_max_upside_20d,1,379,0.029315418272080517,0.027154938800866946,0.0228145051739974
state__state8_k4,2020_2024,fwd_max_upside_20d,2,45,0.08943349121296443,0.06999223337694649,0.07394368191344557
state__state8_k4,2020_2024,fwd_max_upside_20d,3,324,0.047609453454441696,0.047837099670569594,0.032157725219746636
state__state8_k4,2020_2024,future_rv_20d,0,301,0.14539257621033563,0.1295245647874249,0.0598432919175601
state__state8_k4,2020_2024,future_rv_20d,1,388,0.1515145053566276,0.1229449124871697,0.10262451491116586
state__state8_k4,2020_2024,future_rv_20d,2,45,0.505869889816833,0.4102301509843103,0.25312887826911357
state__state8_k4,2020_2024,future_rv_20d,3,324,0.21763588170748416,0.205050400916125,0.08814016223882644
state__state8_k4,full,fwd_return_5d,0,2497,0.001371682024283246,0.003451614491310817,0.017788198678214795
state__state8_k4,full,fwd_return_5d,1,2975,0.0016701332417349763,0.0032833798822773375,0.016927306852524884
state__state8_k4,full,fwd_return_5d,2,285,0.005428873189840286,0.012054683817092071,0.061022161076785285
state__state8_k4,full,fwd_return_5d,3,2013,0.0037035526350593885,0.005611507802799842,0.02968606600489805
state__state8_k4,full,fwd_return_10d,0,2496,0.0036991308851089255,0.006554039205019735,0.02411437116950426
state__state8_k4,full,fwd_return_10d,1,2971,0.003422585080536908,0.006325205816792634,0.023676185283377737
state__state8_k4,full,fwd_return_10d,2,285,0.012718258257841956,0.025574075020948994,0.07728137504531368
state__state8_k4,full,fwd_return_10d,3,2013,0.005612561695388675,0.009450896000475995,0.040038848202091755
state__state8_k4,full,fwd_return_20d,0,2489,0.007693100091973184,0.013063560846196642,0.034834560606847725
state__state8_k4,full,fwd_return_20d,1,2968,0.006491257767974371,0.012007230032383687,0.03588894125327849
state__state8_k4,full,fwd_return_20d,2,285,0.021447986937726014,0.025892754006332952,0.09519156017862489
state__state8_k4,full,fwd_return_20d,3,2013,0.011824175130652963,0.02008335141880524,0.05505756294942953
state__state8_k4,full,fwd_max_drawdown_20d,0,2489,-0.02123592840687887,-0.0133107811005172,0.027282671224478573
state__state8_k4,full,fwd_max_drawdown_20d,1,2968,-0.020504811339508433,-0.012855480827573817,0.027945509916591334
state__state8_k4,full,fwd_max_drawdown_20d,2,285,-0.06490468945904669,-0.04407593511308461,0.07979913886250967
state__state8_k4,full,fwd_max_drawdown_20d,3,2013,-0.0339967654789883,-0.02556865622846438,0.041574775749117485
state__state8_k4,full,fwd_max_upside_20d,0,2489,0.024890868369244673,0.022480790340285273,0.01946799024296895
state__state8_k4,full,fwd_max_upside_20d,1,2968,0.02413466792251345,0.021956167805607607,0.01894385268181755
state__state8_k4,full,fwd_max_upside_20d,2,285,0.07520987224685974,0.06777852961754838,0.057406396719656944
state__state8_k4,full,fwd_max_upside_20d,3,2013,0.040746722280454936,0.03774727644334419,0.030697511081179695
state__state8_k4,full,future_rv_20d,0,2500,0.12707655410917224,0.11336968888497154,0.05722455158547146
state__state8_k4,full,future_rv_20d,1,2977,0.12498056513227608,0.1109726759982387,0.06238418332068401
state__state8_k4,full,future_rv_20d,2,285,0.4255708764929594,0.3519532157999603,0.20491448913977134
state__state8_k4,full,future_rv_20d,3,2013,0.21210689335022145,0.2014922204627983,0.08237536273666685
state__risk4_k5,1993_2004,fwd_return_5d,0,298,0.008108853477390161,0.01071115660937716,0.0398189625266382
state__risk4_k5,1993_2004,fwd_return_5d,1,922,0.001846882235967416,0.0028093224910483716,0.015596776983253503
state__risk4_k5,1993_2004,fwd_return_5d,2,935,0.0012886267428460726,0.0033248524435640636,0.019325735064115335
state__risk4_k5,1993_2004,fwd_return_5d,4,787,0.0018785274168619638,0.0023952847876989036,0.027163705710189705
state__risk4_k5,1993_2004,fwd_return_10d,0,298,0.011261180074999353,0.011315710801609091,0.05183953110490613
state__risk4_k5,1993_2004,fwd_return_10d,1,922,0.004156272703937717,0.005492734364001772,0.02134521679247237
state__risk4_k5,1993_2004,fwd_return_10d,2,935,0.0029603948187823348,0.0033442868735829023,0.02635712567200401
state__risk4_k5,1993_2004,fwd_return_10d,4,787,0.004307873093208187,0.007437042822436846,0.0354987960335851
state__risk4_k5,1993_2004,fwd_return_20d,0,298,0.018745501018696435,0.026077549020634194,0.07117886660102533
state__risk4_k5,1993_2004,fwd_return_20d,1,922,0.007042598455345361,0.010732993222550835,0.03296499047702863
state__risk4_k5,1993_2004,fwd_return_20d,2,935,0.008640373510065545,0.011392912663491517,0.03633572781002005
state__risk4_k5,1993_2004,fwd_return_20d,4,787,0.008088341804036132,0.01319022015421556,0.048563261540746076
state__risk4_k5,1993_2004,fwd_max_drawdown_20d,0,298,-0.04433023887284797,-0.03247985358989702,0.05142363741407305
state__risk4_k5,1993_2004,fwd_max_drawdown_20d,1,922,-0.018802263903406887,-0.011631821572188672,0.023600272404725176
state__risk4_k5,1993_2004,fwd_max_drawdown_20d,2,935,-0.022261924905518392,-0.01464491273506452,0.028033082884708124
state__risk4_k5,1993_2004,fwd_max_drawdown_20d,4,787,-0.0320986627393461,-0.026871141942332755,0.03230978162635967
state__risk4_k5,1993_2004,fwd_max_upside_20d,0,298,0.05655948775948145,0.04945407907269339,0.04392023001936987
state__risk4_k5,1993_2004,fwd_max_upside_20d,1,922,0.024433037581102327,0.021127971023571335,0.019007926769250817
state__risk4_k5,1993_2004,fwd_max_upside_20d,2,935,0.025976034540910017,0.022111532294964098,0.022440228797615442
state__risk4_k5,1993_2004,fwd_max_upside_20d,4,787,0.03690645316006425,0.03429768930975352,0.029156374731936517
state__risk4_k5,1993_2004,future_rv_20d,0,298,0.2811976810719714,0.27150377031238565,0.0810945912296268
state__risk4_k5,1993_2004,future_rv_20d,1,922,0.11861191912851866,0.1109193939644045,0.04874452557372981
state__risk4_k5,1993_2004,future_rv_20d,2,935,0.13617033691673555,0.1206783069444055,0.058870698175272046
state__risk4_k5,1993_2004,future_rv_20d,4,787,0.19974193636188625,0.1958265160399411,0.05322130838130959
state__risk4_k5,2005_2014,fwd_return_5d,0,236,0.0037987257293630784,0.0054152054822289575,0.04405814138199809
state__risk4_k5,2005_2014,fwd_return_5d,1,925,0.001743160079265259,0.0036538299672010943,0.014851598083774934
state__risk4_k5,2005_2014,fwd_return_5d,2,854,0.002169883065941967,0.0037341754899421487,0.01808363663733646
state__risk4_k5,2005_2014,fwd_return_5d,3,64,-0.0020141561399162414,-0.0003729443641151686,0.0722226695414376
state__risk4_k5,2005_2014,fwd_return_5d,4,438,0.0006206932224413699,0.003149030752751969,0.027604631609653534
state__risk4_k5,2005_2014,fwd_return_10d,0,236,0.002233429681627831,0.011332588091787388,0.06198148018979255
state__risk4_k5,2005_2014,fwd_return_10d,1,925,0.004110877827632266,0.007209571631185074,0.020254452950961073
state__risk4_k5,2005_2014,fwd_return_10d,2,854,0.0035030044596300347,0.007631477369346884,0.024821230642376603
state__risk4_k5,2005_2014,fwd_return_10d,3,64,0.002206607998584433,0.0009684427893789649,0.08395052400475607
state__risk4_k5,2005_2014,fwd_return_10d,4,438,0.003125274098459098,0.009063494406284733,0.03612089055685826
state__risk4_k5,2005_2014,fwd_return_20d,0,236,0.005004272698391846,0.016279471617717367,0.08361551090963906
state__risk4_k5,2005_2014,fwd_return_20d,1,925,0.007080710782733396,0.01258545435940217,0.030033516388231898
state__risk4_k5,2005_2014,fwd_return_20d,2,854,0.006892590946438769,0.013287248017549658,0.03594378976766756
state__risk4_k5,2005_2014,fwd_return_20d,3,64,-0.0019728146360179968,-0.007838737841553256,0.09862024246237942
state__risk4_k5,2005_2014,fwd_return_20d,4,438,0.00952937956737812,0.020527988244545825,0.051223099204494506
state__risk4_k5,2005_2014,fwd_max_drawdown_20d,0,236,-0.05277547608178368,-0.03201498151022886,0.07013478234830497
state__risk4_k5,2005_2014,fwd_max_drawdown_20d,1,925,-0.017398736485255667,-0.010744590631985407,0.023093501158760528
state__risk4_k5,2005_2014,fwd_max_drawdown_20d,2,854,-0.022325226346939668,-0.01515165611713365,0.027648700880467322
state__risk4_k5,2005_2014,fwd_max_drawdown_20d,3,64,-0.09484593443714728,-0.08945462529340376,0.08279345004021926
state__risk4_k5,2005_2014,fwd_max_drawdown_20d,4,438,-0.033929859382502696,-0.025464326776686363,0.03977640060019384
state__risk4_k5,2005_2014,fwd_max_upside_20d,0,236,0.05085162587067817,0.046092992071424255,0.040584250782575604
state__risk4_k5,2005_2014,fwd_max_upside_20d,1,925,0.022356914772870957,0.021562073311832464,0.015329561166657131
state__risk4_k5,2005_2014,fwd_max_upside_20d,2,854,0.025220950840354032,0.023712383904088807,0.0181415993358713
state__risk4_k5,2005_2014,fwd_max_upside_20d,3,64,0.07330558745805718,0.06907125743179898,0.06797951699668212
state__risk4_k5,2005_2014,fwd_max_upside_20d,4,438,0.03579539022393889,0.034377978489584016,0.02691581458353479
state__risk4_k5,2005_2014,future_rv_20d,0,236,0.303699413090881,0.259329212719761,0.1617418439158074
state__risk4_k5,2005_2014,future_rv_20d,1,925,0.11186167226620335,0.0999906244261022,0.04413220794615428
state__risk4_k5,2005_2014,future_rv_20d,2,854,0.13147180715809945,0.12122831138747739,0.06044216369271774
state__risk4_k5,2005_2014,future_rv_20d,3,64,0.5791078939728584,0.6738535343858554,0.2095760231046441
state__risk4_k5,2005_2014,future_rv_20d,4,438,0.20452247827918538,0.1873682039720115,0.07737920075495748
state__risk4_k5,2015_2019,fwd_return_5d,0,66,0.009419294801408547,0.013064950240752493,0.024789539733071415
state__risk4_k5,2015_2019,fwd_return_5d,1,640,0.00074231141795571,0.002346915787366566,0.014736542165005638
state__risk4_k5,2015_2019,fwd_return_5d,2,437,0.0032696288194475048,0.00540396556004219,0.01708320044831417
state__risk4_k5,2015_2019,fwd_return_5d,4,115,0.004355265454467303,0.009513763051653967,0.02705426628549648
state__risk4_k5,2015_2019,fwd_return_10d,0,66,0.013271483376717212,0.014073620395589792,0.036265521995560615
state__risk4_k5,2015_2019,fwd_return_10d,1,640,0.0029907770606878844,0.005577359439492224,0.019878595300482717
state__risk4_k5,2015_2019,fwd_return_10d,2,437,0.00467191811082234,0.007362554485457196,0.024645286883917757
state__risk4_k5,2015_2019,fwd_return_10d,4,115,0.011116555392133978,0.01514292612771495,0.030352400930852515
state__risk4_k5,2015_2019,fwd_return_20d,0,66,0.02349150302739178,0.025187188018044204,0.03804317606622512
state__risk4_k5,2015_2019,fwd_return_20d,1,640,0.007807124946871545,0.01161771229627151,0.025848752020802702
state__risk4_k5,2015_2019,fwd_return_20d,2,437,0.008012548742676926,0.015154490609847304,0.03390016004030862
state__risk4_k5,2015_2019,fwd_return_20d,4,115,0.019245058704600977,0.028652502478436093,0.04587242007277882
state__risk4_k5,2015_2019,fwd_max_drawdown_20d,0,66,-0.025228175719887756,-0.025381537427208334,0.02917445563552043
state__risk4_k5,2015_2019,fwd_max_drawdown_20d,1,640,-0.01643570091931208,-0.010696306854109328,0.02213957843525404
state__risk4_k5,2015_2019,fwd_max_drawdown_20d,2,437,-0.020078094189918894,-0.008652913607264612,0.03041128464844263
state__risk4_k5,2015_2019,fwd_max_drawdown_20d,4,115,-0.02662976233200956,-0.01952155255938559,0.03173806415661952
state__risk4_k5,2015_2019,fwd_max_upside_20d,0,66,0.042701608240352996,0.03813528027370816,0.02802278630919028
state__risk4_k5,2015_2019,fwd_max_upside_20d,1,640,0.019658100350442347,0.018633498132702098,0.015108872188673647
state__risk4_k5,2015_2019,fwd_max_upside_20d,2,437,0.023736522951320803,0.02200349434068749,0.017478310245037987
state__risk4_k5,2015_2019,fwd_max_upside_20d,4,115,0.04109639007326373,0.03996469104960121,0.02526660710193849
state__risk4_k5,2015_2019,future_rv_20d,0,66,0.20585564418967772,0.2004499375152789,0.04175307449294539
state__risk4_k5,2015_2019,future_rv_20d,1,640,0.10309045359281618,0.0904679899797404,0.04875567022893619
state__risk4_k5,2015_2019,future_rv_20d,2,437,0.11840925648839953,0.0940403278581685,0.06352151016888646
state__risk4_k5,2015_2019,future_rv_20d,4,115,0.16643636498301054,0.1638996262757188,0.04880290408641665
state__risk4_k5,2020_2024,fwd_return_5d,0,136,0.0027010974546289018,0.006178774079455551,0.040282256082962466
state__risk4_k5,2020_2024,fwd_return_5d,1,310,0.0015870598528574514,0.0036681387479448047,0.02031032033260382
state__risk4_k5,2020_2024,fwd_return_5d,2,311,0.0040052065448072105,0.00643777770299514,0.018242700452031847
state__risk4_k5,2020_2024,fwd_return_5d,3,25,0.01280727312323756,0.021512008691564777,0.08485339135272599
state__risk4_k5,2020_2024,fwd_return_5d,4,271,0.002351109974548964,0.005072241600810434,0.028690610135601854
state__risk4_k5,2020_2024,fwd_return_10d,0,136,-0.00041604916486084805,0.0009645581186833452,0.062421455908413144
state__risk4_k5,2020_2024,fwd_return_10d,1,306,0.002117791111898645,0.007366146307323795,0.0285583409431944
state__risk4_k5,2020_2024,fwd_return_10d,2,310,0.009880038829840279,0.013285601649795531,0.026122489576955777
state__risk4_k5,2020_2024,fwd_return_10d,3,25,0.0455800155510047,0.05894712549449843,0.08730489447881427
state__risk4_k5,2020_2024,fwd_return_10d,4,271,0.004586751245226064,0.010359249379743307,0.03953229379646015
state__risk4_k5,2020_2024,fwd_return_20d,0,136,0.003873781063068802,0.017279869131111902,0.0698209757845071
state__risk4_k5,2020_2024,fwd_return_20d,1,303,0.0054149205797559006,0.01693119611976912,0.054525038906564544
state__risk4_k5,2020_2024,fwd_return_20d,2,303,0.011505400056213083,0.019725299282082887,0.043468791667641456
state__risk4_k5,2020_2024,fwd_return_20d,3,25,0.10648914364592514,0.12294010381083953,0.07605699604567875
state__risk4_k5,2020_2024,fwd_return_20d,4,271,0.013147894426993103,0.025120251208565758,0.05471336870305827
state__risk4_k5,2020_2024,fwd_max_drawdown_20d,0,136,-0.04727595042721364,-0.029503515377182044,0.06639724947708056
state__risk4_k5,2020_2024,fwd_max_drawdown_20d,1,303,-0.026425706839365615,-0.014679574042375187,0.04670539542269226
state__risk4_k5,2020_2024,fwd_max_drawdown_20d,2,303,-0.022256936676775647,-0.013898388789431504,0.032501786045836756
state__risk4_k5,2020_2024,fwd_max_drawdown_20d,3,25,-0.04869279540130014,-0.028687775751317646,0.07763444764882084
state__risk4_k5,2020_2024,fwd_max_drawdown_20d,4,271,-0.033435542945773056,-0.02587825231075014,0.035605402951498215
state__risk4_k5,2020_2024,fwd_max_upside_20d,0,136,0.048347213527477985,0.04924253463626449,0.033116566514539196
state__risk4_k5,2020_2024,fwd_max_upside_20d,1,303,0.027095974565970127,0.025116063993545934,0.020585012018664098
state__risk4_k5,2020_2024,fwd_max_upside_20d,2,303,0.0318144391730865,0.03030493235305265,0.021402282589862327
state__risk4_k5,2020_2024,fwd_max_upside_20d,3,25,0.12652561303592255,0.12918584264506583,0.07664782090432785
state__risk4_k5,2020_2024,fwd_max_upside_20d,4,271,0.042995053442215464,0.04402638458319119,0.0325380630462896
state__risk4_k5,2020_2024,future_rv_20d,0,136,0.2806375289895918,0.24282889148568682,0.17629339763741186
state__risk4_k5,2020_2024,future_rv_20d,1,315,0.14215493775790528,0.1187520212559967,0.10792614891177399
state__risk4_k5,2020_2024,future_rv_20d,2,311,0.14334650808750152,0.1283849783064978,0.06788615150173018
state__risk4_k5,2020_2024,future_rv_20d,3,25,0.5133940892752566,0.4716132414245852,0.1945042823254291
state__risk4_k5,2020_2024,future_rv_20d,4,271,0.20467837139943124,0.2018629455151254,0.061208967916221935
state__risk4_k5,full,fwd_return_5d,0,736,0.0058450547814055025,0.008549777971710082,0.04025053045211094
state__risk4_k5,full,fwd_return_5d,1,2797,0.00153103909787622,0.003045110985404609,0.015761721500349674
state__risk4_k5,full,fwd_return_5d,2,2537,0.0022595164258609065,0.0040861643286980165,0.018420146965255544
state__risk4_k5,full,fwd_return_5d,3,89,0.0021491666868123545,0.0034126912417959954,0.07578128993507145
state__risk4_k5,full,fwd_return_5d,4,1611,0.001792843599544503,0.00349487871022669,0.027528670048756244
state__risk4_k5,full,fwd_return_10d,0,736,0.006388935168011189,0.010823906890250035,0.05633982867701914
state__risk4_k5,full,fwd_return_10d,1,2793,0.0036508366712035985,0.006233634699360779,0.02158955502884391
state__risk4_k5,full,fwd_return_10d,2,2536,0.004283901898961113,0.006913812375237249,0.025605004647624087
state__risk4_k5,full,fwd_return_10d,3,89,0.014390149445893499,0.02994854258215951,0.08665214155889947
state__risk4_k5,full,fwd_return_10d,4,1611,0.004519292139684419,0.009450896000475995,0.03606003796257102
state__risk4_k5,full,fwd_return_20d,0,736,0.012016903647795145,0.022009038828337935,0.07324123729024579
state__risk4_k5,full,fwd_return_20d,1,2790,0.007053840197677649,0.012196184256623499,0.03366184909973444
state__risk4_k5,full,fwd_return_20d,2,2529,0.008284951331653766,0.013369219812360722,0.03673714344001318
state__risk4_k5,full,fwd_return_20d,3,89,0.028494027578010967,0.021519195705024474,0.10461262771633102
state__risk4_k5,full,fwd_return_20d,4,1611,0.010127656356941215,0.018923523996404512,0.05024107360130546
state__risk4_k5,full,fwd_max_drawdown_20d,0,736,-0.04586958205845555,-0.03049171945187834,0.05984285886841084
state__risk4_k5,full,fwd_max_drawdown_20d,1,2790,-0.01862199151558787,-0.011361567158333974,0.026783257882809452
state__risk4_k5,full,fwd_max_drawdown_20d,2,2529,-0.021905346801504053,-0.013792387627758251,0.028890926605120604
state__risk4_k5,full,fwd_max_drawdown_20d,3,89,-0.08188156953943741,-0.06743002544529253,0.08358408395991493
state__risk4_k5,full,fwd_max_drawdown_20d,4,1611,-0.032431024700116176,-0.025840669254743265,0.03501788320496988
state__risk4_k5,full,fwd_max_upside_20d,0,736,0.05196907369756226,0.047818298100326784,0.03995061900119649
state__risk4_k5,full,fwd_max_upside_20d,1,2790,0.022938591875431555,0.021093624055754212,0.01733634540444656
state__risk4_k5,full,fwd_max_upside_20d,2,2529,0.02603357845495674,0.023703469467365457,0.020239783473682403
state__risk4_k5,full,fwd_max_upside_20d,3,89,0.08825503284509802,0.07323557698235583,0.07408938721851233
state__risk4_k5,full,fwd_max_upside_20d,4,1611,0.037927687086481386,0.035985644458368604,0.029003350418316476
state__risk4_k5,full,future_rv_20d,0,736,0.2815531887336938,0.25189944410781373,0.13250073565637246
state__risk4_k5,full,future_rv_20d,1,2802,0.11548498642964841,0.1034410000565114,0.05826220740998147
state__risk4_k5,full,future_rv_20d,2,2537,0.13240906481308956,0.1185066222127413,0.06177568857989869
state__risk4_k5,full,future_rv_20d,3,89,0.5606489600690377,0.567412198885068,0.20650476854475813
state__risk4_k5,full,future_rv_20d,4,1611,0.1994945810213406,0.1935800218182396,0.062405546717837365
state__state8_k5,1993_2004,fwd_return_5d,0,838,1.8928253929797896e-05,0.0027451839280167034,0.01887630759762196
state__state8_k5,1993_2004,fwd_return_5d,1,897,0.0018655322555185421,0.002350194898078861,0.01635275657782728
state__state8_k5,1993_2004,fwd_return_5d,2,714,0.002921143331673183,0.005204597214810036,0.029485816370456178
state__state8_k5,1993_2004,fwd_return_5d,3,420,0.004106480484841455,0.00493008018539709,0.024739303981318544
state__state8_k5,1993_2004,fwd_return_5d,4,73,0.017847512150880842,0.026713966266944222,0.052320573578440256
state__state8_k5,1993_2004,fwd_return_10d,0,838,0.0017458325611961983,0.002794858985286197,0.02421313314336427
state__state8_k5,1993_2004,fwd_return_10d,1,897,0.003777955306866026,0.005309791126891117,0.022922173418641875
state__state8_k5,1993_2004,fwd_return_10d,2,714,0.004382855173437698,0.007572449495183431,0.03881577233761662
state__state8_k5,1993_2004,fwd_return_10d,3,420,0.005033859934473637,0.006929616299437891,0.035414289072911644
state__state8_k5,1993_2004,fwd_return_10d,4,73,0.04453105496495926,0.04748409054879921,0.05108522642811199
state__state8_k5,1993_2004,fwd_return_20d,0,838,0.007009802906678688,0.009735284200025451,0.034694055149674954
state__state8_k5,1993_2004,fwd_return_20d,1,897,0.005258961497305893,0.009011951454051426,0.035037498252016186
state__state8_k5,1993_2004,fwd_return_20d,2,714,0.010173756963677734,0.017396102508992373,0.053556418245489755
state__state8_k5,1993_2004,fwd_return_20d,3,420,0.008445190934429601,0.013412646040933507,0.047162820378143906
state__state8_k5,1993_2004,fwd_return_20d,4,73,0.07015292257097562,0.07130911937542361,0.05898725595143865
state__state8_k5,1993_2004,fwd_max_drawdown_20d,0,838,-0.02152129496879834,-0.013772772776065256,0.02659678661342605
state__state8_k5,1993_2004,fwd_max_drawdown_20d,1,897,-0.021018267950366883,-0.01393787283140735,0.025030116854873278
state__state8_k5,1993_2004,fwd_max_drawdown_20d,2,714,-0.03430795684011662,-0.02754291710542056,0.03850299086673281
state__state8_k5,1993_2004,fwd_max_drawdown_20d,3,420,-0.030925327308917977,-0.021295244764397037,0.0375274788963785
state__state8_k5,1993_2004,fwd_max_drawdown_20d,4,73,-0.030820488721287738,-0.024738782770140966,0.044461729885388594
state__state8_k5,1993_2004,fwd_max_upside_20d,0,838,0.023941934084200332,0.02101758645283447,0.02043404286589792
state__state8_k5,1993_2004,fwd_max_upside_20d,1,897,0.025018922139143553,0.021708704664780365,0.020093149169400696
state__state8_k5,1993_2004,fwd_max_upside_20d,2,714,0.04039847174850279,0.037215361462838326,0.0317018552461395
state__state8_k5,1993_2004,fwd_max_upside_20d,3,420,0.034762050874447094,0.03087211811756929,0.027832622358693635
state__state8_k5,1993_2004,fwd_max_upside_20d,4,73,0.09267225777743596,0.09002963901387218,0.04666354184649927
state__state8_k5,1993_2004,future_rv_20d,0,838,0.12793334533807585,0.11335032158003741,0.05653460411960268
state__state8_k5,1993_2004,future_rv_20d,1,897,0.128393890743069,0.1178829661487287,0.05220476210963559
state__state8_k5,1993_2004,future_rv_20d,2,714,0.21481392909296537,0.20579333006598777,0.06699048336433934
state__state8_k5,1993_2004,future_rv_20d,3,420,0.18735230798115554,0.1762674994694691,0.07790270415970794
state__state8_k5,1993_2004,future_rv_20d,4,73,0.31822861939165487,0.3214125245819463,0.0773611640441913
state__state8_k5,2005_2014,fwd_return_5d,0,770,0.0008483329232733989,0.002394969542930503,0.015739280656955793
state__state8_k5,2005_2014,fwd_return_5d,1,837,0.001569047442707206,0.003920530481655415,0.015965364118819676
state__state8_k5,2005_2014,fwd_return_5d,2,464,0.002283132866031919,0.004273446407011328,0.03241414779312606
state__state8_k5,2005_2014,fwd_return_5d,3,314,0.005462623874480661,0.0063701896270920155,0.02294051523162125
state__state8_k5,2005_2014,fwd_return_5d,4,132,-0.001789291550401625,-0.0003729443641151686,0.06429867300236208
state__state8_k5,2005_2014,fwd_return_10d,0,770,0.002475902400226127,0.00674074827819382,0.021489721415842197
state__state8_k5,2005_2014,fwd_return_10d,1,837,0.003686093094539688,0.006911166802588076,0.021344150764460394
state__state8_k5,2005_2014,fwd_return_10d,2,464,0.004216765925265999,0.011137751615598268,0.04409409320965608
state__state8_k5,2005_2014,fwd_return_10d,3,314,0.00821092346815092,0.011498205706413134,0.03381624948716256
state__state8_k5,2005_2014,fwd_return_10d,4,132,-0.005266696633667393,-0.0019634741788766563,0.07864018177014466
state__state8_k5,2005_2014,fwd_return_20d,0,770,0.00543213161080041,0.011220636480595347,0.03171262184313025
state__state8_k5,2005_2014,fwd_return_20d,1,837,0.008012003803412712,0.014224206124985983,0.0309011638031932
state__state8_k5,2005_2014,fwd_return_20d,2,464,0.009407955032486514,0.019741146290381262,0.05899701616951345
state__state8_k5,2005_2014,fwd_return_20d,3,314,0.012230899880284153,0.019912488433555753,0.04971047680337912
state__state8_k5,2005_2014,fwd_return_20d,4,132,-0.010833603093497606,-0.008990751243462547,0.10091517411343855
state__state8_k5,2005_2014,fwd_max_drawdown_20d,0,770,-0.020736844131253436,-0.014224427249767413,0.02422432973293866
state__state8_k5,2005_2014,fwd_max_drawdown_20d,1,837,-0.018387568255316268,-0.01120861179567445,0.023778114525792395
state__state8_k5,2005_2014,fwd_max_drawdown_20d,2,464,-0.03620659566849147,-0.024971941823331734,0.047289559713627374
state__state8_k5,2005_2014,fwd_max_drawdown_20d,3,314,-0.02790292480032592,-0.02045475645805711,0.038818320563453114
state__state8_k5,2005_2014,fwd_max_drawdown_20d,4,132,-0.08808228583117639,-0.07203009267221588,0.08493553800358594
state__state8_k5,2005_2014,fwd_max_upside_20d,0,770,0.02226867912393257,0.021344700461583765,0.015768523842798927
state__state8_k5,2005_2014,fwd_max_upside_20d,1,837,0.02326944035814167,0.022480790340285273,0.016284225181990932
state__state8_k5,2005_2014,fwd_max_upside_20d,2,464,0.038841262627728995,0.03422530392432066,0.03103440778925088
state__state8_k5,2005_2014,fwd_max_upside_20d,3,314,0.03633825261231923,0.03232547073302694,0.02519439246674272
state__state8_k5,2005_2014,fwd_max_upside_20d,4,132,0.0646499902933468,0.05152468072802041,0.05891733223912762
state__state8_k5,2005_2014,future_rv_20d,0,770,0.12124030398897845,0.1093539197425166,0.04957973637590992
state__state8_k5,2005_2014,future_rv_20d,1,837,0.11700403472334495,0.1039740699727709,0.04779235927538257
state__state8_k5,2005_2014,future_rv_20d,2,464,0.21892786486855798,0.2007095759006255,0.10297706285995784
state__state8_k5,2005_2014,future_rv_20d,3,314,0.17832384125575151,0.1573666973374508,0.09028372811025266
state__state8_k5,2005_2014,future_rv_20d,4,132,0.49395572546196265,0.4151170974174297,0.2116053223929813
state__state8_k5,2015_2019,fwd_return_5d,0,442,0.0025977080629831385,0.004636659376301755,0.0148785689742064
state__state8_k5,2015_2019,fwd_return_5d,1,531,0.0012335538712466574,0.0023585586998420283,0.01495129660597361
state__state8_k5,2015_2019,fwd_return_5d,2,136,0.0029965519350992165,0.007033124413040048,0.026510927511704422
state__state8_k5,2015_2019,fwd_return_5d,3,142,0.004148760409952328,0.006374008036946988,0.022789202584698482
state__state8_k5,2015_2019,fwd_return_5d,4,7,0.03236813926995311,0.03830514054488665,0.02399071922821847
state__state8_k5,2015_2019,fwd_return_10d,0,442,0.003867290583184372,0.0063618918380989875,0.02170031853734858
state__state8_k5,2015_2019,fwd_return_10d,1,531,0.003582005762235021,0.0057189296308766124,0.02018123026087616
state__state8_k5,2015_2019,fwd_return_10d,2,136,0.006710771215298174,0.009296696015705375,0.030551707804621533
state__state8_k5,2015_2019,fwd_return_10d,3,142,0.00829847982244852,0.015459787011718351,0.03191071355638375
state__state8_k5,2015_2019,fwd_return_10d,4,7,0.05823011266368886,0.051588496449742616,0.021446051631037383
state__state8_k5,2015_2019,fwd_return_20d,0,442,0.00808517153573202,0.014932676688644175,0.030771453054468607
state__state8_k5,2015_2019,fwd_return_20d,1,531,0.00818011653743475,0.011721529884237691,0.026805267439236946
state__state8_k5,2015_2019,fwd_return_20d,2,136,0.014877357645180245,0.022521113666167936,0.04215565560069124
state__state8_k5,2015_2019,fwd_return_20d,3,142,0.012863430028694986,0.01869500727812834,0.038627069692664134
state__state8_k5,2015_2019,fwd_return_20d,4,7,0.07063561619913826,0.0650859865924962,0.03272521207864094
state__state8_k5,2015_2019,fwd_max_drawdown_20d,0,442,-0.017852610536488588,-0.009015443564944048,0.027299905770327464
state__state8_k5,2015_2019,fwd_max_drawdown_20d,1,531,-0.016251819988759183,-0.00992146467062105,0.022731064706605363
state__state8_k5,2015_2019,fwd_max_drawdown_20d,2,136,-0.030046560193802637,-0.026628569139210967,0.032062460588898
state__state8_k5,2015_2019,fwd_max_drawdown_20d,3,142,-0.024171652537361345,-0.015685263141441697,0.030050526919365578
state__state8_k5,2015_2019,fwd_max_drawdown_20d,4,7,0.0026884432533677955,-0.008002062195716642,0.024716294861097176
state__state8_k5,2015_2019,fwd_max_upside_20d,0,442,0.021851520783981532,0.020683413114373383,0.01610026550548391
state__state8_k5,2015_2019,fwd_max_upside_20d,1,531,0.02019103383954783,0.018526358692922296,0.015832706577999234
state__state8_k5,2015_2019,fwd_max_upside_20d,2,136,0.036621087740092116,0.03268590231912161,0.023418382094892776
state__state8_k5,2015_2019,fwd_max_upside_20d,3,142,0.032014896725205085,0.031250018168064386,0.023743780544402886
state__state8_k5,2015_2019,fwd_max_upside_20d,4,7,0.08457733333536264,0.0741323834559513,0.028162930584110634
state__state8_k5,2015_2019,future_rv_20d,0,442,0.10780127245376475,0.0894303284925628,0.05599057878507959
state__state8_k5,2015_2019,future_rv_20d,1,531,0.10333211327373767,0.0901406899665135,0.04978332478396522
state__state8_k5,2015_2019,future_rv_20d,2,136,0.17434381321115341,0.17429272386633946,0.05096320224672097
state__state8_k5,2015_2019,future_rv_20d,3,142,0.15960872560834974,0.1579328447531798,0.06584060576629336
state__state8_k5,2015_2019,future_rv_20d,4,7,0.22238252405380737,0.2513438245914903,0.045896211920181715
state__state8_k5,2020_2024,fwd_return_5d,0,277,0.002581512050998068,0.005521438413329749,0.018719346475198885
state__state8_k5,2020_2024,fwd_return_5d,1,330,0.003128942575367789,0.005414393690873043,0.020860305387582056
state__state8_k5,2020_2024,fwd_return_5d,2,260,0.003415362678887006,0.005621586947264778,0.031042614923167802
state__state8_k5,2020_2024,fwd_return_5d,3,147,0.002765021220345996,0.004822175946330276,0.028517190422657098
state__state8_k5,2020_2024,fwd_return_5d,4,39,0.000518137716276236,0.004824129748711048,0.07941668815671472
state__state8_k5,2020_2024,fwd_return_10d,0,276,0.007690205784696098,0.010316112138557543,0.02718469439386222
state__state8_k5,2020_2024,fwd_return_10d,1,326,0.003983418910096177,0.008449011683987928,0.02937667153327865
state__state8_k5,2020_2024,fwd_return_10d,2,260,0.005190162085379513,0.010708733053690245,0.04392056554415739
state__state8_k5,2020_2024,fwd_return_10d,3,147,0.005824865607573846,0.011943552922195844,0.03768987474825372
state__state8_k5,2020_2024,fwd_return_10d,4,39,0.010512683577494148,0.041319222382320886,0.10897908043977289
state__state8_k5,2020_2024,fwd_return_20d,0,270,0.007253469845427855,0.016695165954992874,0.04006106137876471
state__state8_k5,2020_2024,fwd_return_20d,1,323,0.007264415699022792,0.019361719988346238,0.05593190590441993
state__state8_k5,2020_2024,fwd_return_20d,2,260,0.017346508562600192,0.033612754599784966,0.0551361511803507
state__state8_k5,2020_2024,fwd_return_20d,3,146,0.007872539821081243,0.01714647779897116,0.06121788451506079
state__state8_k5,2020_2024,fwd_return_20d,4,39,0.04909418433167759,0.06933040315836547,0.1115348609510701
state__state8_k5,2020_2024,fwd_max_drawdown_20d,0,270,-0.024146574760780685,-0.017624712001861387,0.029114615246613598
state__state8_k5,2020_2024,fwd_max_drawdown_20d,1,323,-0.02638257911398239,-0.014004591117237841,0.04667012345319767
state__state8_k5,2020_2024,fwd_max_drawdown_20d,2,260,-0.03374833253876564,-0.024676509058259577,0.04062006285804675
state__state8_k5,2020_2024,fwd_max_drawdown_20d,3,146,-0.032400353010450675,-0.02207079839124515,0.04546530111494818
state__state8_k5,2020_2024,fwd_max_drawdown_20d,4,39,-0.07468092379479217,-0.04500492175663662,0.10028794821136638
state__state8_k5,2020_2024,fwd_max_upside_20d,0,270,0.03001368443740411,0.028224987534537282,0.023002071344934025
state__state8_k5,2020_2024,fwd_max_upside_20d,1,323,0.030304675110059475,0.028489694541926625,0.022884732921551562
state__state8_k5,2020_2024,fwd_max_upside_20d,2,260,0.0461151694118118,0.047026179948036595,0.03103319995592638
state__state8_k5,2020_2024,fwd_max_upside_20d,3,146,0.03787630504513184,0.03323713532333883,0.030894521466407227
state__state8_k5,2020_2024,fwd_max_upside_20d,4,39,0.09815094279746117,0.07847635106520068,0.07481569956944127
state__state8_k5,2020_2024,future_rv_20d,0,279,0.14598034745476646,0.1281014015802397,0.06114976982189853
state__state8_k5,2020_2024,future_rv_20d,1,333,0.14950942147962007,0.1217238564679368,0.1082535766919654
state__state8_k5,2020_2024,future_rv_20d,2,260,0.21677180913617863,0.2039709809022752,0.08436435300535423
state__state8_k5,2020_2024,future_rv_20d,3,147,0.1932217645588294,0.1708502230698305,0.10441236104831596
state__state8_k5,2020_2024,future_rv_20d,4,39,0.5269112865260823,0.4292513343637495,0.24725048650928186
state__state8_k5,full,fwd_return_5d,0,2327,0.0010882441038584873,0.0033623934056306037,0.017169713629380603
state__state8_k5,full,fwd_return_5d,1,2595,0.0018012498259149937,0.0031529372126661848,0.01660386840400164
state__state8_k5,full,fwd_return_5d,2,1574,0.0028212168667964277,0.0052884245379266615,0.03037232760751453
state__state8_k5,full,fwd_return_5d,3,1023,0.004335843399632875,0.005947010331275093,0.024509106615754055
state__state8_k5,full,fwd_return_5d,4,251,0.005232933259704112,0.011819136991057855,0.06343368317244552
state__state8_k5,full,fwd_return_10d,0,2326,0.003095998180911499,0.005968662809147318,0.02332243462544456
state__state8_k5,full,fwd_return_10d,1,2591,0.0037339735448964468,0.006325205816792634,0.022813729732943357
state__state8_k5,full,fwd_return_10d,2,1574,0.004668389460379393,0.009565395158498413,0.040662609593835934
state__state8_k5,full,fwd_return_10d,3,1023,0.006575846061172396,0.010088806712330589,0.0347868028740568
state__state8_k5,full,fwd_return_10d,4,251,0.013438918346478182,0.02882031697061671,0.07957985497304312
state__state8_k5,full,fwd_return_20d,0,2320,0.006719413298781091,0.01176483459938571,0.033691854945173225
state__state8_k5,full,fwd_return_20d,1,2588,0.006998989103053339,0.01251761653462835,0.03566545226939496
state__state8_k5,full,fwd_return_20d,2,1574,0.011539241723735837,0.02042633188388654,0.054648042207292906
state__state8_k5,full,fwd_return_20d,3,1022,0.010140392008632298,0.016776232714390438,0.04912184299001512
state__state8_k5,full,fwd_return_20d,4,251,0.024303785823382187,0.03324818042604494,0.09837033093807061
state__state8_k5,full,fwd_max_drawdown_20d,0,2320,-0.020867519054938315,-0.013158872160981938,0.026327057308301177
state__state8_k5,full,fwd_max_drawdown_20d,1,2588,-0.01985899167273039,-0.012065614976390082,0.028032342769458037
state__state8_k5,full,fwd_max_drawdown_20d,2,1574,-0.034407014117191576,-0.02662999579509656,0.04114347988805665
state__state8_k5,full,fwd_max_drawdown_20d,3,1022,-0.029269062677963795,-0.02088125310480532,0.03827379794906769
state__state8_k5,full,fwd_max_drawdown_20d,4,251,-0.06681471845256019,-0.04500492175663662,0.08157794626231457
state__state8_k5,full,fwd_max_upside_20d,0,2320,0.023694952876123665,0.021554571583219384,0.018703562637349045
state__state8_k5,full,fwd_max_upside_20d,1,2588,0.024122234840774904,0.02194710750389861,0.01872231044611326
state__state8_k5,full,fwd_max_upside_20d,2,1574,0.04055734858158885,0.03762552653251838,0.030854474686435897
state__state8_k5,full,fwd_max_upside_20d,3,1022,0.03530951913806692,0.03200373350343677,0.02699639798443678
state__state8_k5,full,fwd_max_upside_20d,4,251,0.078560962704873,0.0709253655931883,0.05947346955537392
state__state8_k5,full,future_rv_20d,0,2329,0.1240617676381558,0.109477705962751,0.05583301758577004
state__state8_k5,full,future_rv_20d,1,2598,0.12230857835297951,0.10936119008821485,0.06220805383653999
state__state8_k5,full,future_rv_20d,2,1574,0.21285330599968966,0.20182137018928792,0.08181465401835829
state__state8_k5,full,future_rv_20d,3,1023,0.18157350335574282,0.1675770252349465,0.08510878340669908
state__state8_k5,full,future_rv_20d,4,251,0.4403946725875049,0.36673601413141,0.20712456339788612
