run_tag,scalar,lookback,delta_min,delta_max,model,split,n,task,rmse,corr,actual_std,pred_std,precision,recall,f1,positive_rate,average_precision,roc_auc
scalar-rv_accel_log_5_20__lb-10__delta-0p25-1p0,rv_accel_log_5_20,10,0.25,1.0,raw_last_baseline,train,5436,regression,0.0609303295617801,0.7901092066103582,0.0992201990193862,0.0747068808843405,,,,,,
scalar-rv_accel_log_5_20__lb-10__delta-0p25-1p0,rv_accel_log_5_20,10,0.25,1.0,raw_last_baseline,train,5436,q90_warning,,,,,0.6029411764705882,0.6029411764705882,0.6029411764705882,0.1000735835172921,0.6654493531104065,0.9137021427540764
scalar-rv_accel_log_5_20__lb-10__delta-0p25-1p0,rv_accel_log_5_20,10,0.25,1.0,raw_last_baseline,train,5436,q95_crisis,,,,,0.5845588235294118,0.5845588235294118,0.5845588235294118,0.050036791758646,0.6163819481902867,0.9188940971431176
scalar-rv_accel_log_5_20__lb-10__delta-0p25-1p0,rv_accel_log_5_20,10,0.25,1.0,raw_last_baseline,val,1164,regression,0.0534271915434915,0.5335705690918268,0.0611704585281584,0.044541634310253,,,,,,
scalar-rv_accel_log_5_20__lb-10__delta-0p25-1p0,rv_accel_log_5_20,10,0.25,1.0,raw_last_baseline,val,1164,q90_warning,,,,,0.0526315789473684,0.03125,0.0392156862745098,0.0163230240549828,0.0824749892914194,0.7414973498233215
scalar-rv_accel_log_5_20__lb-10__delta-0p25-1p0,rv_accel_log_5_20,10,0.25,1.0,raw_last_baseline,val,1164,q95_crisis,,,,,0.0,0.0,0.0,0.0085910652920962,,
scalar-rv_accel_log_5_20__lb-10__delta-0p25-1p0,rv_accel_log_5_20,10,0.25,1.0,raw_last_baseline,test,1166,regression,0.0971308594749556,0.6083992150970652,0.1215041200648765,0.0854151013319957,,,,,,
scalar-rv_accel_log_5_20__lb-10__delta-0p25-1p0,rv_accel_log_5_20,10,0.25,1.0,raw_last_baseline,test,1166,q90_warning,,,,,0.4529411764705882,0.5923076923076923,0.5133333333333333,0.1457975986277873,0.5287641430658557,0.8381793881793882
scalar-rv_accel_log_5_20__lb-10__delta-0p25-1p0,rv_accel_log_5_20,10,0.25,1.0,raw_last_baseline,test,1166,q95_crisis,,,,,0.4264705882352941,0.5686274509803921,0.4873949579831932,0.0583190394511149,0.5690302280385731,0.7472786423986634
scalar-rv_accel_log_5_20__lb-10__delta-0p25-1p0,rv_accel_log_5_20,10,0.25,1.0,rydberg_temporal_features,train,5436,regression,0.0950767592437389,0.2889692462948481,0.0992201990193862,0.0245482251283318,,,,,,
scalar-rv_accel_log_5_20__lb-10__delta-0p25-1p0,rv_accel_log_5_20,10,0.25,1.0,rydberg_temporal_features,train,5436,q90_warning,,,,,0.2628676470588235,0.2628676470588235,0.2628676470588235,0.1000735835172921,0.2372332220933978,0.7284834032754558
scalar-rv_accel_log_5_20__lb-10__delta-0p25-1p0,rv_accel_log_5_20,10,0.25,1.0,rydberg_temporal_features,train,5436,q95_crisis,,,,,0.2647058823529412,0.2647058823529412,0.2647058823529412,0.050036791758646,0.1987207934216127,0.8325917266596802
scalar-rv_accel_log_5_20__lb-10__delta-0p25-1p0,rv_accel_log_5_20,10,0.25,1.0,rydberg_temporal_features,val,1164,regression,0.0726605140677182,0.125345457662546,0.0611704585281584,0.0239475247136401,,,,,,
scalar-rv_accel_log_5_20__lb-10__delta-0p25-1p0,rv_accel_log_5_20,10,0.25,1.0,rydberg_temporal_features,val,1164,q90_warning,,,,,0.0150375939849624,0.0625,0.0242424242424242,0.1142611683848797,0.0262226202350807,0.4884330830388692
scalar-rv_accel_log_5_20__lb-10__delta-0p25-1p0,rv_accel_log_5_20,10,0.25,1.0,rydberg_temporal_features,val,1164,q95_crisis,,,,,0.0,0.0,0.0,0.0352233676975945,,
scalar-rv_accel_log_5_20__lb-10__delta-0p25-1p0,rv_accel_log_5_20,10,0.25,1.0,rydberg_temporal_features,test,1166,regression,0.1186963111425466,0.2294967457868482,0.1215041200648765,0.0266408262626653,,,,,,
scalar-rv_accel_log_5_20__lb-10__delta-0p25-1p0,rv_accel_log_5_20,10,0.25,1.0,rydberg_temporal_features,test,1166,q90_warning,,,,,0.2281879194630872,0.2615384615384615,0.2437275985663082,0.12778730703259,0.1714204799757008,0.5929313929313929
scalar-rv_accel_log_5_20__lb-10__delta-0p25-1p0,rv_accel_log_5_20,10,0.25,1.0,rydberg_temporal_features,test,1166,q95_crisis,,,,,0.1739130434782608,0.2352941176470588,0.2,0.0591766723842195,0.1223273815287381,0.6399015211465752
scalar-rv_accel_log_5_20__lb-10__delta-0p25-1p0,rv_accel_log_5_20,10,0.25,1.0,raw_plus_rydberg_temporal,train,5436,regression,0.0597515975500765,0.799415430617521,0.0992201990193862,0.0751979973650253,,,,,,
scalar-rv_accel_log_5_20__lb-10__delta-0p25-1p0,rv_accel_log_5_20,10,0.25,1.0,raw_plus_rydberg_temporal,train,5436,q90_warning,,,,,0.6047794117647058,0.6047794117647058,0.6047794117647058,0.1000735835172921,0.6913862509540145,0.9367965706315232
scalar-rv_accel_log_5_20__lb-10__delta-0p25-1p0,rv_accel_log_5_20,10,0.25,1.0,raw_plus_rydberg_temporal,train,5436,q95_crisis,,,,,0.5698529411764706,0.5698529411764706,0.5698529411764706,0.050036791758646,0.6525723680998383,0.9612610778238484
scalar-rv_accel_log_5_20__lb-10__delta-0p25-1p0,rv_accel_log_5_20,10,0.25,1.0,raw_plus_rydberg_temporal,val,1164,regression,0.054140904402141,0.5135155420939521,0.0611704585281584,0.0439356979581183,,,,,,
scalar-rv_accel_log_5_20__lb-10__delta-0p25-1p0,rv_accel_log_5_20,10,0.25,1.0,raw_plus_rydberg_temporal,val,1164,q90_warning,,,,,0.1666666666666666,0.09375,0.12,0.0154639175257731,0.0863420628109288,0.6900121466431095
scalar-rv_accel_log_5_20__lb-10__delta-0p25-1p0,rv_accel_log_5_20,10,0.25,1.0,raw_plus_rydberg_temporal,val,1164,q95_crisis,,,,,0.0,0.0,0.0,0.0042955326460481,,
scalar-rv_accel_log_5_20__lb-10__delta-0p25-1p0,rv_accel_log_5_20,10,0.25,1.0,raw_plus_rydberg_temporal,test,1166,regression,0.0962900657972432,0.6179692400991283,0.1215041200648765,0.0871086515138154,,,,,,
scalar-rv_accel_log_5_20__lb-10__delta-0p25-1p0,rv_accel_log_5_20,10,0.25,1.0,raw_plus_rydberg_temporal,test,1166,q90_warning,,,,,0.4444444444444444,0.5846153846153846,0.5049833887043189,0.1466552315608919,0.548433001069208,0.8515518265518266
scalar-rv_accel_log_5_20__lb-10__delta-0p25-1p0,rv_accel_log_5_20,10,0.25,1.0,raw_plus_rydberg_temporal,test,1166,q95_crisis,,,,,0.3661971830985915,0.5098039215686274,0.4262295081967213,0.0608919382504288,0.5329215315916006,0.7635276532137519
scalar-rv_accel_log_5_20__lb-10__delta-0p4-1p1,rv_accel_log_5_20,10,0.4,1.1,raw_last_baseline,train,5436,regression,0.0609303295617801,0.7901092066103582,0.0992201990193862,0.0747068808843405,,,,,,
scalar-rv_accel_log_5_20__lb-10__delta-0p4-1p1,rv_accel_log_5_20,10,0.4,1.1,raw_last_baseline,train,5436,q90_warning,,,,,0.6029411764705882,0.6029411764705882,0.6029411764705882,0.1000735835172921,0.6654493531104065,0.9137021427540764
scalar-rv_accel_log_5_20__lb-10__delta-0p4-1p1,rv_accel_log_5_20,10,0.4,1.1,raw_last_baseline,train,5436,q95_crisis,,,,,0.5845588235294118,0.5845588235294118,0.5845588235294118,0.050036791758646,0.6163819481902867,0.9188940971431176
scalar-rv_accel_log_5_20__lb-10__delta-0p4-1p1,rv_accel_log_5_20,10,0.4,1.1,raw_last_baseline,val,1164,regression,0.0534271915434915,0.5335705690918268,0.0611704585281584,0.044541634310253,,,,,,
scalar-rv_accel_log_5_20__lb-10__delta-0p4-1p1,rv_accel_log_5_20,10,0.4,1.1,raw_last_baseline,val,1164,q90_warning,,,,,0.0526315789473684,0.03125,0.0392156862745098,0.0163230240549828,0.0824749892914194,0.7414973498233215
scalar-rv_accel_log_5_20__lb-10__delta-0p4-1p1,rv_accel_log_5_20,10,0.4,1.1,raw_last_baseline,val,1164,q95_crisis,,,,,0.0,0.0,0.0,0.0085910652920962,,
scalar-rv_accel_log_5_20__lb-10__delta-0p4-1p1,rv_accel_log_5_20,10,0.4,1.1,raw_last_baseline,test,1166,regression,0.0971308594749556,0.6083992150970652,0.1215041200648765,0.0854151013319957,,,,,,
scalar-rv_accel_log_5_20__lb-10__delta-0p4-1p1,rv_accel_log_5_20,10,0.4,1.1,raw_last_baseline,test,1166,q90_warning,,,,,0.4529411764705882,0.5923076923076923,0.5133333333333333,0.1457975986277873,0.5287641430658557,0.8381793881793882
scalar-rv_accel_log_5_20__lb-10__delta-0p4-1p1,rv_accel_log_5_20,10,0.4,1.1,raw_last_baseline,test,1166,q95_crisis,,,,,0.4264705882352941,0.5686274509803921,0.4873949579831932,0.0583190394511149,0.5690302280385731,0.7472786423986634
scalar-rv_accel_log_5_20__lb-10__delta-0p4-1p1,rv_accel_log_5_20,10,0.4,1.1,rydberg_temporal_features,train,5436,regression,0.0949792615206264,0.295163088858236,0.0992201990193862,0.0234474551020203,,,,,,
scalar-rv_accel_log_5_20__lb-10__delta-0p4-1p1,rv_accel_log_5_20,10,0.4,1.1,rydberg_temporal_features,train,5436,q90_warning,,,,,0.2665441176470588,0.2665441176470588,0.2665441176470588,0.1000735835172921,0.2349624315328454,0.7502671678851426
scalar-rv_accel_log_5_20__lb-10__delta-0p4-1p1,rv_accel_log_5_20,10,0.4,1.1,rydberg_temporal_features,train,5436,q95_crisis,,,,,0.2536764705882353,0.2536764705882353,0.2536764705882353,0.050036791758646,0.1979322932409172,0.8401447236524353
scalar-rv_accel_log_5_20__lb-10__delta-0p4-1p1,rv_accel_log_5_20,10,0.4,1.1,rydberg_temporal_features,val,1164,regression,0.0731260396189572,0.129774881256988,0.0611704585281584,0.0237674137196832,,,,,,
scalar-rv_accel_log_5_20__lb-10__delta-0p4-1p1,rv_accel_log_5_20,10,0.4,1.1,rydberg_temporal_features,val,1164,q90_warning,,,,,0.0209790209790209,0.09375,0.0342857142857142,0.1228522336769759,0.0286803375245479,0.5365503533568905
scalar-rv_accel_log_5_20__lb-10__delta-0p4-1p1,rv_accel_log_5_20,10,0.4,1.1,rydberg_temporal_features,val,1164,q95_crisis,,,,,0.0,0.0,0.0,0.0335051546391752,,
scalar-rv_accel_log_5_20__lb-10__delta-0p4-1p1,rv_accel_log_5_20,10,0.4,1.1,rydberg_temporal_features,test,1166,regression,0.1197145070842922,0.1938033487119381,0.1215041200648765,0.0235898999571535,,,,,,
scalar-rv_accel_log_5_20__lb-10__delta-0p4-1p1,rv_accel_log_5_20,10,0.4,1.1,rydberg_temporal_features,test,1166,q90_warning,,,,,0.1901840490797546,0.2384615384615384,0.2116040955631399,0.1397941680960548,0.1957659932872857,0.5967478467478468
scalar-rv_accel_log_5_20__lb-10__delta-0p4-1p1,rv_accel_log_5_20,10,0.4,1.1,rydberg_temporal_features,test,1166,q95_crisis,,,,,0.037037037037037,0.0588235294117647,0.0454545454545454,0.0694682675814751,0.0404974083628177,0.4470060670007913
scalar-rv_accel_log_5_20__lb-10__delta-0p4-1p1,rv_accel_log_5_20,10,0.4,1.1,raw_plus_rydberg_temporal,train,5436,regression,0.0596537929282941,0.8001982518078273,0.0992201990193862,0.075197626992117,,,,,,
scalar-rv_accel_log_5_20__lb-10__delta-0p4-1p1,rv_accel_log_5_20,10,0.4,1.1,raw_plus_rydberg_temporal,train,5436,q90_warning,,,,,0.6268382352941176,0.6268382352941176,0.6268382352941176,0.1000735835172921,0.7056368683366213,0.9392931436679332
scalar-rv_accel_log_5_20__lb-10__delta-0p4-1p1,rv_accel_log_5_20,10,0.4,1.1,raw_plus_rydberg_temporal,train,5436,q95_crisis,,,,,0.5919117647058824,0.5919117647058824,0.5919117647058824,0.050036791758646,0.6686598984653807,0.9627924659406754
scalar-rv_accel_log_5_20__lb-10__delta-0p4-1p1,rv_accel_log_5_20,10,0.4,1.1,raw_plus_rydberg_temporal,val,1164,regression,0.0534988143222327,0.526001585933234,0.0611704585281584,0.0438401311162331,,,,,,
scalar-rv_accel_log_5_20__lb-10__delta-0p4-1p1,rv_accel_log_5_20,10,0.4,1.1,raw_plus_rydberg_temporal,val,1164,q90_warning,,,,,0.0833333333333333,0.03125,0.0454545454545454,0.0103092783505154,0.1079571623595881,0.772830167844523
scalar-rv_accel_log_5_20__lb-10__delta-0p4-1p1,rv_accel_log_5_20,10,0.4,1.1,raw_plus_rydberg_temporal,val,1164,q95_crisis,,,,,0.0,0.0,0.0,0.0042955326460481,,
scalar-rv_accel_log_5_20__lb-10__delta-0p4-1p1,rv_accel_log_5_20,10,0.4,1.1,raw_plus_rydberg_temporal,test,1166,regression,0.0974907626858834,0.6063094287704323,0.1215041200648765,0.0864184055772093,,,,,,
scalar-rv_accel_log_5_20__lb-10__delta-0p4-1p1,rv_accel_log_5_20,10,0.4,1.1,raw_plus_rydberg_temporal,test,1166,q90_warning,,,,,0.3942857142857143,0.5307692307692308,0.4524590163934426,0.1500857632933104,0.5127873266956563,0.8563186813186813
scalar-rv_accel_log_5_20__lb-10__delta-0p4-1p1,rv_accel_log_5_20,10,0.4,1.1,raw_plus_rydberg_temporal,test,1166,q95_crisis,,,,,0.4,0.4705882352941176,0.4324324324324324,0.0514579759862778,0.4863082118053906,0.7277235557900289
scalar-rv_accel_log_5_20__lb-10__delta-0p55-1p25,rv_accel_log_5_20,10,0.55,1.25,raw_last_baseline,train,5436,regression,0.0609303295617801,0.7901092066103582,0.0992201990193862,0.0747068808843405,,,,,,
scalar-rv_accel_log_5_20__lb-10__delta-0p55-1p25,rv_accel_log_5_20,10,0.55,1.25,raw_last_baseline,train,5436,q90_warning,,,,,0.6029411764705882,0.6029411764705882,0.6029411764705882,0.1000735835172921,0.6654493531104065,0.9137021427540764
scalar-rv_accel_log_5_20__lb-10__delta-0p55-1p25,rv_accel_log_5_20,10,0.55,1.25,raw_last_baseline,train,5436,q95_crisis,,,,,0.5845588235294118,0.5845588235294118,0.5845588235294118,0.050036791758646,0.6163819481902867,0.9188940971431176
scalar-rv_accel_log_5_20__lb-10__delta-0p55-1p25,rv_accel_log_5_20,10,0.55,1.25,raw_last_baseline,val,1164,regression,0.0534271915434915,0.5335705690918268,0.0611704585281584,0.044541634310253,,,,,,
scalar-rv_accel_log_5_20__lb-10__delta-0p55-1p25,rv_accel_log_5_20,10,0.55,1.25,raw_last_baseline,val,1164,q90_warning,,,,,0.0526315789473684,0.03125,0.0392156862745098,0.0163230240549828,0.0824749892914194,0.7414973498233215
scalar-rv_accel_log_5_20__lb-10__delta-0p55-1p25,rv_accel_log_5_20,10,0.55,1.25,raw_last_baseline,val,1164,q95_crisis,,,,,0.0,0.0,0.0,0.0085910652920962,,
scalar-rv_accel_log_5_20__lb-10__delta-0p55-1p25,rv_accel_log_5_20,10,0.55,1.25,raw_last_baseline,test,1166,regression,0.0971308594749556,0.6083992150970652,0.1215041200648765,0.0854151013319957,,,,,,
scalar-rv_accel_log_5_20__lb-10__delta-0p55-1p25,rv_accel_log_5_20,10,0.55,1.25,raw_last_baseline,test,1166,q90_warning,,,,,0.4529411764705882,0.5923076923076923,0.5133333333333333,0.1457975986277873,0.5287641430658557,0.8381793881793882
scalar-rv_accel_log_5_20__lb-10__delta-0p55-1p25,rv_accel_log_5_20,10,0.55,1.25,raw_last_baseline,test,1166,q95_crisis,,,,,0.4264705882352941,0.5686274509803921,0.4873949579831932,0.0583190394511149,0.5690302280385731,0.7472786423986634
scalar-rv_accel_log_5_20__lb-10__delta-0p55-1p25,rv_accel_log_5_20,10,0.55,1.25,rydberg_temporal_features,train,5436,regression,0.0954640615829726,0.2748392044528717,0.0992201990193862,0.0237524603339392,,,,,,
scalar-rv_accel_log_5_20__lb-10__delta-0p55-1p25,rv_accel_log_5_20,10,0.55,1.25,rydberg_temporal_features,train,5436,q90_warning,,,,,0.2555147058823529,0.2555147058823529,0.2555147058823529,0.1000735835172921,0.2289223878554982,0.7298478007310855
scalar-rv_accel_log_5_20__lb-10__delta-0p55-1p25,rv_accel_log_5_20,10,0.55,1.25,rydberg_temporal_features,train,5436,q95_crisis,,,,,0.2242647058823529,0.2242647058823529,0.2242647058823529,0.050036791758646,0.1683799509057673,0.8319132455460884
scalar-rv_accel_log_5_20__lb-10__delta-0p55-1p25,rv_accel_log_5_20,10,0.55,1.25,rydberg_temporal_features,val,1164,regression,0.0727063210397297,0.1316895837151772,0.0611704585281584,0.0249080998353819,,,,,,
scalar-rv_accel_log_5_20__lb-10__delta-0p55-1p25,rv_accel_log_5_20,10,0.55,1.25,rydberg_temporal_features,val,1164,q90_warning,,,,,0.0074626865671641,0.03125,0.0120481927710843,0.1151202749140893,0.0242648710915868,0.4625662544169611
scalar-rv_accel_log_5_20__lb-10__delta-0p55-1p25,rv_accel_log_5_20,10,0.55,1.25,rydberg_temporal_features,val,1164,q95_crisis,,,,,0.0,0.0,0.0,0.031786941580756,,
scalar-rv_accel_log_5_20__lb-10__delta-0p55-1p25,rv_accel_log_5_20,10,0.55,1.25,rydberg_temporal_features,test,1166,regression,0.1169041452365639,0.3050384824621115,0.1215041200648765,0.0263456739270972,,,,,,
scalar-rv_accel_log_5_20__lb-10__delta-0p55-1p25,rv_accel_log_5_20,10,0.55,1.25,rydberg_temporal_features,test,1166,q90_warning,,,,,0.2312925170068027,0.2615384615384615,0.2454873646209386,0.1260720411663808,0.2988060244074871,0.6369319869319869
scalar-rv_accel_log_5_20__lb-10__delta-0p55-1p25,rv_accel_log_5_20,10,0.55,1.25,rydberg_temporal_features,test,1166,q95_crisis,,,,,0.109090909090909,0.1176470588235294,0.1132075471698113,0.0471698113207547,0.068032077389241,0.6212784665435681
scalar-rv_accel_log_5_20__lb-10__delta-0p55-1p25,rv_accel_log_5_20,10,0.55,1.25,raw_plus_rydberg_temporal,train,5436,regression,0.0599448868787592,0.7979137364357816,0.0992201990193862,0.0751074579027085,,,,,,
scalar-rv_accel_log_5_20__lb-10__delta-0p55-1p25,rv_accel_log_5_20,10,0.55,1.25,raw_plus_rydberg_temporal,train,5436,q90_warning,,,,,0.6158088235294118,0.6158088235294118,0.6158088235294118,0.1000735835172921,0.7071413394630677,0.9387760930210188
scalar-rv_accel_log_5_20__lb-10__delta-0p55-1p25,rv_accel_log_5_20,10,0.55,1.25,raw_plus_rydberg_temporal,train,5436,q95_crisis,,,,,0.5772058823529411,0.5772058823529411,0.5772058823529411,0.050036791758646,0.6510458891965902,0.9628358944274844
scalar-rv_accel_log_5_20__lb-10__delta-0p55-1p25,rv_accel_log_5_20,10,0.55,1.25,raw_plus_rydberg_temporal,val,1164,regression,0.0533110788815484,0.5301587821974485,0.0611704585281584,0.0441888511681737,,,,,,
scalar-rv_accel_log_5_20__lb-10__delta-0p55-1p25,rv_accel_log_5_20,10,0.55,1.25,raw_plus_rydberg_temporal,val,1164,q90_warning,,,,,0.125,0.0625,0.0833333333333333,0.0137457044673539,0.0758711007792891,0.668258613074205
scalar-rv_accel_log_5_20__lb-10__delta-0p55-1p25,rv_accel_log_5_20,10,0.55,1.25,raw_plus_rydberg_temporal,val,1164,q95_crisis,,,,,0.0,0.0,0.0,0.0025773195876288,,
scalar-rv_accel_log_5_20__lb-10__delta-0p55-1p25,rv_accel_log_5_20,10,0.55,1.25,raw_plus_rydberg_temporal,test,1166,regression,0.0965518885640646,0.6164846363908248,0.1215041200648765,0.0876671956820092,,,,,,
scalar-rv_accel_log_5_20__lb-10__delta-0p55-1p25,rv_accel_log_5_20,10,0.55,1.25,raw_plus_rydberg_temporal,test,1166,q90_warning,,,,,0.4876543209876543,0.6076923076923076,0.541095890410959,0.1389365351629502,0.5451943981949203,0.8798930798930799
scalar-rv_accel_log_5_20__lb-10__delta-0p55-1p25,rv_accel_log_5_20,10,0.55,1.25,raw_plus_rydberg_temporal,test,1166,q95_crisis,,,,,0.4444444444444444,0.4705882352941176,0.4571428571428571,0.04631217838765,0.5380919013630785,0.8185702980743867
scalar-rv_accel_log_5_20__lb-20__delta-0p25-1p0,rv_accel_log_5_20,20,0.25,1.0,raw_last_baseline,train,5429,regression,0.0609667077565228,0.7899746046380782,0.0992511268483232,0.074713488867998,,,,,,
scalar-rv_accel_log_5_20__lb-20__delta-0p25-1p0,rv_accel_log_5_20,20,0.25,1.0,raw_last_baseline,train,5429,q90_warning,,,,,0.6040515653775322,0.6040515653775322,0.6040515653775322,0.1000184195984527,0.6644328124491512,0.9132923095942932
scalar-rv_accel_log_5_20__lb-20__delta-0p25-1p0,rv_accel_log_5_20,20,0.25,1.0,raw_last_baseline,train,5429,q95_crisis,,,,,0.5845588235294118,0.5845588235294118,0.5845588235294118,0.0501013077914901,0.6164070119190418,0.918731963407818
scalar-rv_accel_log_5_20__lb-20__delta-0p25-1p0,rv_accel_log_5_20,20,0.25,1.0,raw_last_baseline,val,1163,regression,0.0536786944083775,0.5303954384299505,0.0613204862386084,0.0445409475959365,,,,,,
scalar-rv_accel_log_5_20__lb-20__delta-0p25-1p0,rv_accel_log_5_20,20,0.25,1.0,raw_last_baseline,val,1163,q90_warning,,,,,0.0526315789473684,0.03125,0.0392156862745098,0.0163370593293207,0.0828398521369542,0.7423740053050398
scalar-rv_accel_log_5_20__lb-20__delta-0p25-1p0,rv_accel_log_5_20,20,0.25,1.0,raw_last_baseline,val,1163,q95_crisis,,,,,0.0,0.0,0.0,0.0085984522785898,,
scalar-rv_accel_log_5_20__lb-20__delta-0p25-1p0,rv_accel_log_5_20,20,0.25,1.0,raw_last_baseline,test,1164,regression,0.0970798996818297,0.6094008928922269,0.1215856547648024,0.0854319137657516,,,,,,
scalar-rv_accel_log_5_20__lb-20__delta-0p25-1p0,rv_accel_log_5_20,20,0.25,1.0,raw_last_baseline,test,1164,q90_warning,,,,,0.4529411764705882,0.5923076923076923,0.5133333333333333,0.1460481099656357,0.5290705175862221,0.8380970093736052
scalar-rv_accel_log_5_20__lb-20__delta-0p25-1p0,rv_accel_log_5_20,20,0.25,1.0,raw_last_baseline,test,1164,q95_crisis,,,,,0.4264705882352941,0.5686274509803921,0.4873949579831932,0.0584192439862542,0.5690479189602731,0.7472825608230713
scalar-rv_accel_log_5_20__lb-20__delta-0p25-1p0,rv_accel_log_5_20,20,0.25,1.0,rydberg_temporal_features,train,5429,regression,0.0913642204669807,0.3949845917950186,0.0992511268483232,0.0334161635519927,,,,,,
scalar-rv_accel_log_5_20__lb-20__delta-0p25-1p0,rv_accel_log_5_20,20,0.25,1.0,rydberg_temporal_features,train,5429,q90_warning,,,,,0.3333333333333333,0.3333333333333333,0.3333333333333333,0.1000184195984527,0.3160336162888644,0.8054851347368247
scalar-rv_accel_log_5_20__lb-20__delta-0p25-1p0,rv_accel_log_5_20,20,0.25,1.0,rydberg_temporal_features,train,5429,q95_crisis,,,,,0.2867647058823529,0.2867647058823529,0.2867647058823529,0.0501013077914901,0.2469907136029689,0.8867202203743626
scalar-rv_accel_log_5_20__lb-20__delta-0p25-1p0,rv_accel_log_5_20,20,0.25,1.0,rydberg_temporal_features,val,1163,regression,0.0689178068601337,0.2175404463687676,0.0613204862386084,0.0273207837947371,,,,,,
scalar-rv_accel_log_5_20__lb-20__delta-0p25-1p0,rv_accel_log_5_20,20,0.25,1.0,rydberg_temporal_features,val,1163,q90_warning,,,,,0.0272727272727272,0.09375,0.0422535211267605,0.0945829750644883,0.0344009824936754,0.5676945181255526
scalar-rv_accel_log_5_20__lb-20__delta-0p25-1p0,rv_accel_log_5_20,20,0.25,1.0,rydberg_temporal_features,val,1163,q95_crisis,,,,,0.0,0.0,0.0,0.0343938091143594,,
scalar-rv_accel_log_5_20__lb-20__delta-0p25-1p0,rv_accel_log_5_20,20,0.25,1.0,rydberg_temporal_features,test,1164,regression,0.1194349754166988,0.2049225467210429,0.1215856547648024,0.0304000084414638,,,,,,
scalar-rv_accel_log_5_20__lb-20__delta-0p25-1p0,rv_accel_log_5_20,20,0.25,1.0,rydberg_temporal_features,test,1164,q90_warning,,,,,0.2666666666666666,0.3384615384615385,0.2983050847457627,0.1417525773195876,0.2908082404802111,0.6717824728463027
scalar-rv_accel_log_5_20__lb-20__delta-0p25-1p0,rv_accel_log_5_20,20,0.25,1.0,rydberg_temporal_features,test,1164,q95_crisis,,,,,0.0204081632653061,0.0196078431372549,0.02,0.0420962199312714,0.0357078851100564,0.4011239716012191
scalar-rv_accel_log_5_20__lb-20__delta-0p25-1p0,rv_accel_log_5_20,20,0.25,1.0,raw_plus_rydberg_temporal,train,5429,regression,0.0592718913849303,0.8032262136738753,0.0992511268483232,0.0754990456552674,,,,,,
scalar-rv_accel_log_5_20__lb-20__delta-0p25-1p0,rv_accel_log_5_20,20,0.25,1.0,raw_plus_rydberg_temporal,train,5429,q90_warning,,,,,0.6169429097605893,0.6169429097605893,0.6169429097605893,0.1000184195984527,0.7129775571345652,0.9554045873917962
scalar-rv_accel_log_5_20__lb-20__delta-0p25-1p0,rv_accel_log_5_20,20,0.25,1.0,raw_plus_rydberg_temporal,train,5429,q95_crisis,,,,,0.5955882352941176,0.5955882352941176,0.5955882352941176,0.0501013077914901,0.670736346024618,0.9729764797134676
scalar-rv_accel_log_5_20__lb-20__delta-0p25-1p0,rv_accel_log_5_20,20,0.25,1.0,raw_plus_rydberg_temporal,val,1163,regression,0.0541332702699853,0.5099999913340404,0.0613204862386084,0.0433267831523615,,,,,,
scalar-rv_accel_log_5_20__lb-20__delta-0p25-1p0,rv_accel_log_5_20,20,0.25,1.0,raw_plus_rydberg_temporal,val,1163,q90_warning,,,,,0.2142857142857142,0.1875,0.2,0.0240756663800515,0.1048753429582671,0.6702309902740937
scalar-rv_accel_log_5_20__lb-20__delta-0p25-1p0,rv_accel_log_5_20,20,0.25,1.0,raw_plus_rydberg_temporal,val,1163,q95_crisis,,,,,0.0,0.0,0.0,0.0034393809114359,,
scalar-rv_accel_log_5_20__lb-20__delta-0p25-1p0,rv_accel_log_5_20,20,0.25,1.0,raw_plus_rydberg_temporal,test,1164,regression,0.0975277783199714,0.6053511216638299,0.1215856547648024,0.0852409420688289,,,,,,
scalar-rv_accel_log_5_20__lb-20__delta-0p25-1p0,rv_accel_log_5_20,20,0.25,1.0,raw_plus_rydberg_temporal,test,1164,q90_warning,,,,,0.4351145038167939,0.4384615384615384,0.4367816091954023,0.1125429553264604,0.502547367752027,0.8466225264097605
scalar-rv_accel_log_5_20__lb-20__delta-0p25-1p0,rv_accel_log_5_20,20,0.25,1.0,raw_plus_rydberg_temporal,test,1164,q95_crisis,,,,,0.16,0.0784313725490196,0.1052631578947368,0.0214776632302405,0.0916506773591132,0.5586737839790004
scalar-rv_accel_log_5_20__lb-20__delta-0p4-1p1,rv_accel_log_5_20,20,0.4,1.1,raw_last_baseline,train,5429,regression,0.0609667077565228,0.7899746046380782,0.0992511268483232,0.074713488867998,,,,,,
scalar-rv_accel_log_5_20__lb-20__delta-0p4-1p1,rv_accel_log_5_20,20,0.4,1.1,raw_last_baseline,train,5429,q90_warning,,,,,0.6040515653775322,0.6040515653775322,0.6040515653775322,0.1000184195984527,0.6644328124491512,0.9132923095942932
scalar-rv_accel_log_5_20__lb-20__delta-0p4-1p1,rv_accel_log_5_20,20,0.4,1.1,raw_last_baseline,train,5429,q95_crisis,,,,,0.5845588235294118,0.5845588235294118,0.5845588235294118,0.0501013077914901,0.6164070119190418,0.918731963407818
scalar-rv_accel_log_5_20__lb-20__delta-0p4-1p1,rv_accel_log_5_20,20,0.4,1.1,raw_last_baseline,val,1163,regression,0.0536786944083775,0.5303954384299505,0.0613204862386084,0.0445409475959365,,,,,,
scalar-rv_accel_log_5_20__lb-20__delta-0p4-1p1,rv_accel_log_5_20,20,0.4,1.1,raw_last_baseline,val,1163,q90_warning,,,,,0.0526315789473684,0.03125,0.0392156862745098,0.0163370593293207,0.0828398521369542,0.7423740053050398
scalar-rv_accel_log_5_20__lb-20__delta-0p4-1p1,rv_accel_log_5_20,20,0.4,1.1,raw_last_baseline,val,1163,q95_crisis,,,,,0.0,0.0,0.0,0.0085984522785898,,
scalar-rv_accel_log_5_20__lb-20__delta-0p4-1p1,rv_accel_log_5_20,20,0.4,1.1,raw_last_baseline,test,1164,regression,0.0970798996818297,0.6094008928922269,0.1215856547648024,0.0854319137657516,,,,,,
scalar-rv_accel_log_5_20__lb-20__delta-0p4-1p1,rv_accel_log_5_20,20,0.4,1.1,raw_last_baseline,test,1164,q90_warning,,,,,0.4529411764705882,0.5923076923076923,0.5133333333333333,0.1460481099656357,0.5290705175862221,0.8380970093736052
scalar-rv_accel_log_5_20__lb-20__delta-0p4-1p1,rv_accel_log_5_20,20,0.4,1.1,raw_last_baseline,test,1164,q95_crisis,,,,,0.4264705882352941,0.5686274509803921,0.4873949579831932,0.0584192439862542,0.5690479189602731,0.7472825608230713
scalar-rv_accel_log_5_20__lb-20__delta-0p4-1p1,rv_accel_log_5_20,20,0.4,1.1,rydberg_temporal_features,train,5429,regression,0.0905428348965831,0.4171716594175212,0.0992511268483232,0.0335579301319435,,,,,,
scalar-rv_accel_log_5_20__lb-20__delta-0p4-1p1,rv_accel_log_5_20,20,0.4,1.1,rydberg_temporal_features,train,5429,q90_warning,,,,,0.3701657458563536,0.3701657458563536,0.3701657458563536,0.1000184195984527,0.3457972084473729,0.8161971400981041
scalar-rv_accel_log_5_20__lb-20__delta-0p4-1p1,rv_accel_log_5_20,20,0.4,1.1,rydberg_temporal_features,train,5429,q95_crisis,,,,,0.3235294117647059,0.3235294117647059,0.3235294117647059,0.0501013077914901,0.2938071889055554,0.8959003467588316
scalar-rv_accel_log_5_20__lb-20__delta-0p4-1p1,rv_accel_log_5_20,20,0.4,1.1,rydberg_temporal_features,val,1163,regression,0.0721953314313992,0.2002147967066138,0.0613204862386084,0.029381490636915,,,,,,
scalar-rv_accel_log_5_20__lb-20__delta-0p4-1p1,rv_accel_log_5_20,20,0.4,1.1,rydberg_temporal_features,val,1163,q90_warning,,,,,0.0,0.0,0.0,0.1040412725709372,0.0201604658081139,0.3504365605658709
scalar-rv_accel_log_5_20__lb-20__delta-0p4-1p1,rv_accel_log_5_20,20,0.4,1.1,rydberg_temporal_features,val,1163,q95_crisis,,,,,0.0,0.0,0.0,0.0266552020636285,,
scalar-rv_accel_log_5_20__lb-20__delta-0p4-1p1,rv_accel_log_5_20,20,0.4,1.1,rydberg_temporal_features,test,1164,regression,0.1203046456991343,0.1723423244011609,0.1215856547648024,0.0284620622051351,,,,,,
scalar-rv_accel_log_5_20__lb-20__delta-0p4-1p1,rv_accel_log_5_20,20,0.4,1.1,rydberg_temporal_features,test,1164,q90_warning,,,,,0.1654135338345864,0.1692307692307692,0.1673003802281368,0.1142611683848797,0.1795199058048393,0.6134280613004018
scalar-rv_accel_log_5_20__lb-20__delta-0p4-1p1,rv_accel_log_5_20,20,0.4,1.1,rydberg_temporal_features,test,1164,q95_crisis,,,,,0.1428571428571428,0.1372549019607843,0.14,0.0420962199312714,0.0835119437039521,0.6361714497119603
scalar-rv_accel_log_5_20__lb-20__delta-0p4-1p1,rv_accel_log_5_20,20,0.4,1.1,raw_plus_rydberg_temporal,train,5429,regression,0.0592617478613996,0.8033372744646698,0.0992511268483232,0.0754448123648548,,,,,,
scalar-rv_accel_log_5_20__lb-20__delta-0p4-1p1,rv_accel_log_5_20,20,0.4,1.1,raw_plus_rydberg_temporal,train,5429,q90_warning,,,,,0.6316758747697975,0.6316758747697975,0.6316758747697975,0.1000184195984527,0.7283471491937593,0.9484512068532712
scalar-rv_accel_log_5_20__lb-20__delta-0p4-1p1,rv_accel_log_5_20,20,0.4,1.1,raw_plus_rydberg_temporal,train,5429,q95_crisis,,,,,0.6139705882352942,0.6139705882352942,0.6139705882352942,0.0501013077914901,0.7078138741602371,0.9737015079446556
scalar-rv_accel_log_5_20__lb-20__delta-0p4-1p1,rv_accel_log_5_20,20,0.4,1.1,raw_plus_rydberg_temporal,val,1163,regression,0.0545886287058183,0.5046740112775998,0.0613204862386084,0.043511238416833,,,,,,
scalar-rv_accel_log_5_20__lb-20__delta-0p4-1p1,rv_accel_log_5_20,20,0.4,1.1,raw_plus_rydberg_temporal,val,1163,q90_warning,,,,,0.1818181818181818,0.125,0.1481481481481481,0.0189165950128976,0.0791138871331921,0.6339246242263483
scalar-rv_accel_log_5_20__lb-20__delta-0p4-1p1,rv_accel_log_5_20,20,0.4,1.1,raw_plus_rydberg_temporal,val,1163,q95_crisis,,,,,0.0,0.0,0.0,0.0128976784178847,,
scalar-rv_accel_log_5_20__lb-20__delta-0p4-1p1,rv_accel_log_5_20,20,0.4,1.1,raw_plus_rydberg_temporal,test,1164,regression,0.0979698494368717,0.5993281105260215,0.1215856547648024,0.0837471577315712,,,,,,
scalar-rv_accel_log_5_20__lb-20__delta-0p4-1p1,rv_accel_log_5_20,20,0.4,1.1,raw_plus_rydberg_temporal,test,1164,q90_warning,,,,,0.4420289855072464,0.4692307692307692,0.4552238805970149,0.1185567010309278,0.504122839715491,0.8656226751971433
scalar-rv_accel_log_5_20__lb-20__delta-0p4-1p1,rv_accel_log_5_20,20,0.4,1.1,raw_plus_rydberg_temporal,test,1164,q95_crisis,,,,,0.2804878048780488,0.4509803921568627,0.3458646616541353,0.070446735395189,0.467226905979604,0.8300125081479133
scalar-rv_accel_log_5_20__lb-20__delta-0p55-1p25,rv_accel_log_5_20,20,0.55,1.25,raw_last_baseline,train,5429,regression,0.0609667077565228,0.7899746046380782,0.0992511268483232,0.074713488867998,,,,,,
scalar-rv_accel_log_5_20__lb-20__delta-0p55-1p25,rv_accel_log_5_20,20,0.55,1.25,raw_last_baseline,train,5429,q90_warning,,,,,0.6040515653775322,0.6040515653775322,0.6040515653775322,0.1000184195984527,0.6644328124491512,0.9132923095942932
scalar-rv_accel_log_5_20__lb-20__delta-0p55-1p25,rv_accel_log_5_20,20,0.55,1.25,raw_last_baseline,train,5429,q95_crisis,,,,,0.5845588235294118,0.5845588235294118,0.5845588235294118,0.0501013077914901,0.6164070119190418,0.918731963407818
scalar-rv_accel_log_5_20__lb-20__delta-0p55-1p25,rv_accel_log_5_20,20,0.55,1.25,raw_last_baseline,val,1163,regression,0.0536786944083775,0.5303954384299505,0.0613204862386084,0.0445409475959365,,,,,,
scalar-rv_accel_log_5_20__lb-20__delta-0p55-1p25,rv_accel_log_5_20,20,0.55,1.25,raw_last_baseline,val,1163,q90_warning,,,,,0.0526315789473684,0.03125,0.0392156862745098,0.0163370593293207,0.0828398521369542,0.7423740053050398
scalar-rv_accel_log_5_20__lb-20__delta-0p55-1p25,rv_accel_log_5_20,20,0.55,1.25,raw_last_baseline,val,1163,q95_crisis,,,,,0.0,0.0,0.0,0.0085984522785898,,
scalar-rv_accel_log_5_20__lb-20__delta-0p55-1p25,rv_accel_log_5_20,20,0.55,1.25,raw_last_baseline,test,1164,regression,0.0970798996818297,0.6094008928922269,0.1215856547648024,0.0854319137657516,,,,,,
scalar-rv_accel_log_5_20__lb-20__delta-0p55-1p25,rv_accel_log_5_20,20,0.55,1.25,raw_last_baseline,test,1164,q90_warning,,,,,0.4529411764705882,0.5923076923076923,0.5133333333333333,0.1460481099656357,0.5290705175862221,0.8380970093736052
scalar-rv_accel_log_5_20__lb-20__delta-0p55-1p25,rv_accel_log_5_20,20,0.55,1.25,raw_last_baseline,test,1164,q95_crisis,,,,,0.4264705882352941,0.5686274509803921,0.4873949579831932,0.0584192439862542,0.5690479189602731,0.7472825608230713
scalar-rv_accel_log_5_20__lb-20__delta-0p55-1p25,rv_accel_log_5_20,20,0.55,1.25,rydberg_temporal_features,train,5429,regression,0.0917364562871713,0.3860547968413702,0.0992511268483232,0.0325774087034648,,,,,,
scalar-rv_accel_log_5_20__lb-20__delta-0p55-1p25,rv_accel_log_5_20,20,0.55,1.25,rydberg_temporal_features,train,5429,q90_warning,,,,,0.3167587476979742,0.3167587476979742,0.3167587476979742,0.1000184195984527,0.3323545803639254,0.7997133916651402
scalar-rv_accel_log_5_20__lb-20__delta-0p55-1p25,rv_accel_log_5_20,20,0.55,1.25,rydberg_temporal_features,train,5429,q95_crisis,,,,,0.2941176470588235,0.2941176470588235,0.2941176470588235,0.0501013077914901,0.260555704086036,0.8940410806556479
scalar-rv_accel_log_5_20__lb-20__delta-0p55-1p25,rv_accel_log_5_20,20,0.55,1.25,rydberg_temporal_features,val,1163,regression,0.070566116165723,0.1847391050511809,0.0613204862386084,0.0273111057178713,,,,,,
scalar-rv_accel_log_5_20__lb-20__delta-0p55-1p25,rv_accel_log_5_20,20,0.55,1.25,rydberg_temporal_features,val,1163,q90_warning,,,,,0.0065359477124183,0.03125,0.0108108108108108,0.1315563198624247,0.0254519599542636,0.4484416445623342
scalar-rv_accel_log_5_20__lb-20__delta-0p55-1p25,rv_accel_log_5_20,20,0.55,1.25,rydberg_temporal_features,val,1163,q95_crisis,,,,,0.0,0.0,0.0,0.0326741186586414,,
scalar-rv_accel_log_5_20__lb-20__delta-0p55-1p25,rv_accel_log_5_20,20,0.55,1.25,rydberg_temporal_features,test,1164,regression,0.1166946642488126,0.3014513214398543,0.1215856547648024,0.0294340749103428,,,,,,
scalar-rv_accel_log_5_20__lb-20__delta-0p55-1p25,rv_accel_log_5_20,20,0.55,1.25,rydberg_temporal_features,test,1164,q90_warning,,,,,0.2558139534883721,0.3384615384615385,0.2913907284768212,0.1477663230240549,0.2820212385951579,0.6227272727272727
scalar-rv_accel_log_5_20__lb-20__delta-0p55-1p25,rv_accel_log_5_20,20,0.55,1.25,rydberg_temporal_features,test,1164,q95_crisis,,,,,0.1,0.0980392156862745,0.099009900990099,0.0429553264604811,0.1411708527625978,0.6112784736536123
scalar-rv_accel_log_5_20__lb-20__delta-0p55-1p25,rv_accel_log_5_20,20,0.55,1.25,raw_plus_rydberg_temporal,train,5429,regression,0.059583209344508,0.8008072306243069,0.0992511268483232,0.0754060722022245,,,,,,
scalar-rv_accel_log_5_20__lb-20__delta-0p55-1p25,rv_accel_log_5_20,20,0.55,1.25,raw_plus_rydberg_temporal,train,5429,q90_warning,,,,,0.6206261510128913,0.6206261510128913,0.6206261510128913,0.1000184195984527,0.7206998707587359,0.9510421401697188
scalar-rv_accel_log_5_20__lb-20__delta-0p55-1p25,rv_accel_log_5_20,20,0.55,1.25,raw_plus_rydberg_temporal,train,5429,q95_crisis,,,,,0.6029411764705882,0.6029411764705882,0.6029411764705882,0.0501013077914901,0.6761544188786851,0.9706345743649408
scalar-rv_accel_log_5_20__lb-20__delta-0p55-1p25,rv_accel_log_5_20,20,0.55,1.25,raw_plus_rydberg_temporal,val,1163,regression,0.0544712710996103,0.5034226176432793,0.0613204862386084,0.0432993172261438,,,,,,
scalar-rv_accel_log_5_20__lb-20__delta-0p55-1p25,rv_accel_log_5_20,20,0.55,1.25,raw_plus_rydberg_temporal,val,1163,q90_warning,,,,,0.1290322580645161,0.125,0.1269841269841269,0.0266552020636285,0.0667618938366445,0.6529619805481874
scalar-rv_accel_log_5_20__lb-20__delta-0p55-1p25,rv_accel_log_5_20,20,0.55,1.25,raw_plus_rydberg_temporal,val,1163,q95_crisis,,,,,0.0,0.0,0.0,0.0077386070507308,,
scalar-rv_accel_log_5_20__lb-20__delta-0p55-1p25,rv_accel_log_5_20,20,0.55,1.25,raw_plus_rydberg_temporal,test,1164,regression,0.0968537031094551,0.6119575888350822,0.1215856547648024,0.085493492762781,,,,,,
scalar-rv_accel_log_5_20__lb-20__delta-0p55-1p25,rv_accel_log_5_20,20,0.55,1.25,raw_plus_rydberg_temporal,test,1164,q90_warning,,,,,0.3986486486486486,0.4538461538461538,0.4244604316546763,0.127147766323024,0.4798252935547667,0.8202425234340128
scalar-rv_accel_log_5_20__lb-20__delta-0p55-1p25,rv_accel_log_5_20,20,0.55,1.25,raw_plus_rydberg_temporal,test,1164,q95_crisis,,,,,0.3676470588235294,0.4901960784313725,0.4201680672268907,0.0584192439862542,0.5011394613509835,0.7725102619664217
scalar-rv_accel_log_5_20__lb-40__delta-0p25-1p0,rv_accel_log_5_20,40,0.25,1.0,raw_last_baseline,train,5415,regression,0.0610388011594886,0.7896128804712804,0.0992926147333993,0.0747014317554211,,,,,,
scalar-rv_accel_log_5_20__lb-40__delta-0p25-1p0,rv_accel_log_5_20,40,0.25,1.0,raw_last_baseline,train,5415,q90_warning,,,,,0.6014760147601476,0.6014760147601476,0.6014760147601476,0.1000923361034164,0.6646184209421189,0.913006225280804
scalar-rv_accel_log_5_20__lb-40__delta-0p25-1p0,rv_accel_log_5_20,40,0.25,1.0,raw_last_baseline,train,5415,q95_crisis,,,,,0.5830258302583026,0.5830258302583026,0.5830258302583026,0.0500461680517082,0.6153924250584868,0.9181656843784612
scalar-rv_accel_log_5_20__lb-40__delta-0p25-1p0,rv_accel_log_5_20,40,0.25,1.0,raw_last_baseline,val,1160,regression,0.0539043510854328,0.5297153361382319,0.0615929410808625,0.0445832753700684,,,,,,
scalar-rv_accel_log_5_20__lb-40__delta-0p25-1p0,rv_accel_log_5_20,40,0.25,1.0,raw_last_baseline,val,1160,q90_warning,,,,,0.0526315789473684,0.03125,0.0392156862745098,0.0163793103448275,0.082763426443076,0.7426307624113475
scalar-rv_accel_log_5_20__lb-40__delta-0p25-1p0,rv_accel_log_5_20,40,0.25,1.0,raw_last_baseline,val,1160,q95_crisis,,,,,0.0,0.0,0.0,0.0086206896551724,,
scalar-rv_accel_log_5_20__lb-40__delta-0p25-1p0,rv_accel_log_5_20,40,0.25,1.0,raw_last_baseline,test,1161,regression,0.0971136059929947,0.6099763037817262,0.1217158402277649,0.085480382647545,,,,,,
scalar-rv_accel_log_5_20__lb-40__delta-0p25-1p0,rv_accel_log_5_20,40,0.25,1.0,raw_last_baseline,test,1161,q90_warning,,,,,0.4470588235294118,0.5891472868217055,0.5083612040133779,0.1464254952627045,0.5231434911171594,0.8361051018568595
scalar-rv_accel_log_5_20__lb-40__delta-0p25-1p0,rv_accel_log_5_20,40,0.25,1.0,raw_last_baseline,test,1161,q95_crisis,,,,,0.4393939393939394,0.5686274509803921,0.4957264957264957,0.0568475452196382,0.5689691582542981,0.7476594241300124
scalar-rv_accel_log_5_20__lb-40__delta-0p25-1p0,rv_accel_log_5_20,40,0.25,1.0,rydberg_temporal_features,train,5415,regression,0.0868246482285161,0.4910209183560374,0.0992926147333993,0.0412366439273457,,,,,,
scalar-rv_accel_log_5_20__lb-40__delta-0p25-1p0,rv_accel_log_5_20,40,0.25,1.0,rydberg_temporal_features,train,5415,q90_warning,,,,,0.4298892988929889,0.4298892988929889,0.4298892988929889,0.1000923361034164,0.4148447948381054,0.8632202595368864
scalar-rv_accel_log_5_20__lb-40__delta-0p25-1p0,rv_accel_log_5_20,40,0.25,1.0,rydberg_temporal_features,train,5415,q95_crisis,,,,,0.4206642066420664,0.4206642066420664,0.4206642066420664,0.0500461680517082,0.4045491189890115,0.932448795716573
scalar-rv_accel_log_5_20__lb-40__delta-0p25-1p0,rv_accel_log_5_20,40,0.25,1.0,rydberg_temporal_features,val,1160,regression,0.0672354199689438,0.1946237003774356,0.0615929410808625,0.0262908902209035,,,,,,
scalar-rv_accel_log_5_20__lb-40__delta-0p25-1p0,rv_accel_log_5_20,40,0.25,1.0,rydberg_temporal_features,val,1160,q90_warning,,,,,0.0235294117647058,0.0625,0.0341880341880341,0.0732758620689655,0.0256060248167605,0.455396719858156
scalar-rv_accel_log_5_20__lb-40__delta-0p25-1p0,rv_accel_log_5_20,40,0.25,1.0,rydberg_temporal_features,val,1160,q95_crisis,,,,,0.0,0.0,0.0,0.0094827586206896,,
scalar-rv_accel_log_5_20__lb-40__delta-0p25-1p0,rv_accel_log_5_20,40,0.25,1.0,rydberg_temporal_features,test,1161,regression,0.1136959805481311,0.3790557413095163,0.1217158402277649,0.0323205012990124,,,,,,
scalar-rv_accel_log_5_20__lb-40__delta-0p25-1p0,rv_accel_log_5_20,40,0.25,1.0,rydberg_temporal_features,test,1161,q90_warning,,,,,0.2941176470588235,0.3875968992248062,0.334448160535117,0.1464254952627045,0.3953677633196105,0.6318505498467639
scalar-rv_accel_log_5_20__lb-40__delta-0p25-1p0,rv_accel_log_5_20,40,0.25,1.0,rydberg_temporal_features,test,1161,q95_crisis,,,,,0.4565217391304347,0.4117647058823529,0.4329896907216495,0.0396210163652024,0.4103320828344172,0.6270800211976684
scalar-rv_accel_log_5_20__lb-40__delta-0p25-1p0,rv_accel_log_5_20,40,0.25,1.0,raw_plus_rydberg_temporal,train,5415,regression,0.0590968701685893,0.8046740301352239,0.0992926147333993,0.0757584732106052,,,,,,
scalar-rv_accel_log_5_20__lb-40__delta-0p25-1p0,rv_accel_log_5_20,40,0.25,1.0,raw_plus_rydberg_temporal,train,5415,q90_warning,,,,,0.6697416974169742,0.6697416974169742,0.6697416974169742,0.1000923361034164,0.7544338105816434,0.9564802060907948
scalar-rv_accel_log_5_20__lb-40__delta-0p25-1p0,rv_accel_log_5_20,40,0.25,1.0,raw_plus_rydberg_temporal,train,5415,q95_crisis,,,,,0.6346863468634686,0.6346863468634686,0.6346863468634686,0.0500461680517082,0.7252207612881446,0.9796165632729424
scalar-rv_accel_log_5_20__lb-40__delta-0p25-1p0,rv_accel_log_5_20,40,0.25,1.0,raw_plus_rydberg_temporal,val,1160,regression,0.0554660150481998,0.4744848459853731,0.0615929410808625,0.040923839752113,,,,,,
scalar-rv_accel_log_5_20__lb-40__delta-0p25-1p0,rv_accel_log_5_20,40,0.25,1.0,raw_plus_rydberg_temporal,val,1160,q90_warning,,,,,0.0,0.0,0.0,0.0103448275862068,0.0388918000119332,0.5470412234042553
scalar-rv_accel_log_5_20__lb-40__delta-0p25-1p0,rv_accel_log_5_20,40,0.25,1.0,raw_plus_rydberg_temporal,val,1160,q95_crisis,,,,,0.0,0.0,0.0,0.0,,
scalar-rv_accel_log_5_20__lb-40__delta-0p25-1p0,rv_accel_log_5_20,40,0.25,1.0,raw_plus_rydberg_temporal,test,1161,regression,0.0973303379089648,0.6063516381626487,0.1217158402277649,0.0830453027062546,,,,,,
scalar-rv_accel_log_5_20__lb-40__delta-0p25-1p0,rv_accel_log_5_20,40,0.25,1.0,raw_plus_rydberg_temporal,test,1161,q90_warning,,,,,0.3984375,0.3953488372093023,0.3968871595330739,0.1102497846683893,0.4524725957752555,0.763821284778559
scalar-rv_accel_log_5_20__lb-40__delta-0p25-1p0,rv_accel_log_5_20,40,0.25,1.0,raw_plus_rydberg_temporal,test,1161,q95_crisis,,,,,0.4736842105263157,0.1764705882352941,0.2571428571428571,0.016365202411714,0.218110778289833,0.5842430665960078
scalar-rv_accel_log_5_20__lb-40__delta-0p4-1p1,rv_accel_log_5_20,40,0.4,1.1,raw_last_baseline,train,5415,regression,0.0610388011594886,0.7896128804712804,0.0992926147333993,0.0747014317554211,,,,,,
scalar-rv_accel_log_5_20__lb-40__delta-0p4-1p1,rv_accel_log_5_20,40,0.4,1.1,raw_last_baseline,train,5415,q90_warning,,,,,0.6014760147601476,0.6014760147601476,0.6014760147601476,0.1000923361034164,0.6646184209421189,0.913006225280804
scalar-rv_accel_log_5_20__lb-40__delta-0p4-1p1,rv_accel_log_5_20,40,0.4,1.1,raw_last_baseline,train,5415,q95_crisis,,,,,0.5830258302583026,0.5830258302583026,0.5830258302583026,0.0500461680517082,0.6153924250584868,0.9181656843784612
scalar-rv_accel_log_5_20__lb-40__delta-0p4-1p1,rv_accel_log_5_20,40,0.4,1.1,raw_last_baseline,val,1160,regression,0.0539043510854328,0.5297153361382319,0.0615929410808625,0.0445832753700684,,,,,,
scalar-rv_accel_log_5_20__lb-40__delta-0p4-1p1,rv_accel_log_5_20,40,0.4,1.1,raw_last_baseline,val,1160,q90_warning,,,,,0.0526315789473684,0.03125,0.0392156862745098,0.0163793103448275,0.082763426443076,0.7426307624113475
scalar-rv_accel_log_5_20__lb-40__delta-0p4-1p1,rv_accel_log_5_20,40,0.4,1.1,raw_last_baseline,val,1160,q95_crisis,,,,,0.0,0.0,0.0,0.0086206896551724,,
scalar-rv_accel_log_5_20__lb-40__delta-0p4-1p1,rv_accel_log_5_20,40,0.4,1.1,raw_last_baseline,test,1161,regression,0.0971136059929947,0.6099763037817262,0.1217158402277649,0.085480382647545,,,,,,
scalar-rv_accel_log_5_20__lb-40__delta-0p4-1p1,rv_accel_log_5_20,40,0.4,1.1,raw_last_baseline,test,1161,q90_warning,,,,,0.4470588235294118,0.5891472868217055,0.5083612040133779,0.1464254952627045,0.5231434911171594,0.8361051018568595
scalar-rv_accel_log_5_20__lb-40__delta-0p4-1p1,rv_accel_log_5_20,40,0.4,1.1,raw_last_baseline,test,1161,q95_crisis,,,,,0.4393939393939394,0.5686274509803921,0.4957264957264957,0.0568475452196382,0.5689691582542981,0.7476594241300124
scalar-rv_accel_log_5_20__lb-40__delta-0p4-1p1,rv_accel_log_5_20,40,0.4,1.1,rydberg_temporal_features,train,5415,regression,0.0857511113248777,0.5115400210701132,0.0992926147333993,0.0421856445164835,,,,,,
scalar-rv_accel_log_5_20__lb-40__delta-0p4-1p1,rv_accel_log_5_20,40,0.4,1.1,rydberg_temporal_features,train,5415,q90_warning,,,,,0.5,0.5,0.5,0.1000923361034164,0.4824286411152793,0.8851969168162848
scalar-rv_accel_log_5_20__lb-40__delta-0p4-1p1,rv_accel_log_5_20,40,0.4,1.1,rydberg_temporal_features,train,5415,q95_crisis,,,,,0.5313653136531366,0.5313653136531366,0.5313653136531366,0.0500461680517082,0.5621487469721952,0.957723826849466
scalar-rv_accel_log_5_20__lb-40__delta-0p4-1p1,rv_accel_log_5_20,40,0.4,1.1,rydberg_temporal_features,val,1160,regression,0.0654833659957346,0.3395064074445373,0.0615929410808625,0.0318385095161374,,,,,,
scalar-rv_accel_log_5_20__lb-40__delta-0p4-1p1,rv_accel_log_5_20,40,0.4,1.1,rydberg_temporal_features,val,1160,q90_warning,,,,,0.0120481927710843,0.03125,0.017391304347826,0.071551724137931,0.0341130303091989,0.5865192819148937
scalar-rv_accel_log_5_20__lb-40__delta-0p4-1p1,rv_accel_log_5_20,40,0.4,1.1,rydberg_temporal_features,val,1160,q95_crisis,,,,,0.0,0.0,0.0,0.0060344827586206,,
scalar-rv_accel_log_5_20__lb-40__delta-0p4-1p1,rv_accel_log_5_20,40,0.4,1.1,rydberg_temporal_features,test,1161,regression,0.1113353668076521,0.4160168006801606,0.1217158402277649,0.0399400937312621,,,,,,
scalar-rv_accel_log_5_20__lb-40__delta-0p4-1p1,rv_accel_log_5_20,40,0.4,1.1,rydberg_temporal_features,test,1161,q90_warning,,,,,0.304,0.2945736434108527,0.2992125984251969,0.1076658053402239,0.3685595423741373,0.5731176011057029
scalar-rv_accel_log_5_20__lb-40__delta-0p4-1p1,rv_accel_log_5_20,40,0.4,1.1,rydberg_temporal_features,test,1161,q95_crisis,,,,,0.3448275862068966,0.5882352941176471,0.4347826086956521,0.0749354005167958,0.6162327844894158,0.927698286521816
scalar-rv_accel_log_5_20__lb-40__delta-0p4-1p1,rv_accel_log_5_20,40,0.4,1.1,raw_plus_rydberg_temporal,train,5415,regression,0.0591405236988895,0.804387833276903,0.0992926147333993,0.0756556807610757,,,,,,
scalar-rv_accel_log_5_20__lb-40__delta-0p4-1p1,rv_accel_log_5_20,40,0.4,1.1,raw_plus_rydberg_temporal,train,5415,q90_warning,,,,,0.6752767527675276,0.6752767527675276,0.6752767527675276,0.1000923361034164,0.7695366662430886,0.9593804403055318
scalar-rv_accel_log_5_20__lb-40__delta-0p4-1p1,rv_accel_log_5_20,40,0.4,1.1,raw_plus_rydberg_temporal,train,5415,q95_crisis,,,,,0.6863468634686347,0.6863468634686347,0.6863468634686347,0.0500461680517082,0.7724206434849286,0.9840849224977476
scalar-rv_accel_log_5_20__lb-40__delta-0p4-1p1,rv_accel_log_5_20,40,0.4,1.1,raw_plus_rydberg_temporal,val,1160,regression,0.0537096655233918,0.5135145042137526,0.0615929410808625,0.0408219610953345,,,,,,
scalar-rv_accel_log_5_20__lb-40__delta-0p4-1p1,rv_accel_log_5_20,40,0.4,1.1,raw_plus_rydberg_temporal,val,1160,q90_warning,,,,,0.0,0.0,0.0,0.0086206896551724,0.0931513304246517,0.7746564716312057
scalar-rv_accel_log_5_20__lb-40__delta-0p4-1p1,rv_accel_log_5_20,40,0.4,1.1,raw_plus_rydberg_temporal,val,1160,q95_crisis,,,,,0.0,0.0,0.0,0.0025862068965517,,
scalar-rv_accel_log_5_20__lb-40__delta-0p4-1p1,rv_accel_log_5_20,40,0.4,1.1,raw_plus_rydberg_temporal,test,1161,regression,0.0971519959851461,0.6080536086823045,0.1217158402277649,0.0837195785735374,,,,,,
scalar-rv_accel_log_5_20__lb-40__delta-0p4-1p1,rv_accel_log_5_20,40,0.4,1.1,raw_plus_rydberg_temporal,test,1161,q90_warning,,,,,0.2841530054644808,0.4031007751937984,0.3333333333333333,0.1576227390180878,0.3938315583776327,0.7593293672255272
scalar-rv_accel_log_5_20__lb-40__delta-0p4-1p1,rv_accel_log_5_20,40,0.4,1.1,raw_plus_rydberg_temporal,test,1161,q95_crisis,,,,,0.4354838709677419,0.5294117647058824,0.4778761061946903,0.053402239448751,0.5754525147987612,0.8479420597067655
scalar-rv_accel_log_5_20__lb-40__delta-0p55-1p25,rv_accel_log_5_20,40,0.55,1.25,raw_last_baseline,train,5415,regression,0.0610388011594886,0.7896128804712804,0.0992926147333993,0.0747014317554211,,,,,,
scalar-rv_accel_log_5_20__lb-40__delta-0p55-1p25,rv_accel_log_5_20,40,0.55,1.25,raw_last_baseline,train,5415,q90_warning,,,,,0.6014760147601476,0.6014760147601476,0.6014760147601476,0.1000923361034164,0.6646184209421189,0.913006225280804
scalar-rv_accel_log_5_20__lb-40__delta-0p55-1p25,rv_accel_log_5_20,40,0.55,1.25,raw_last_baseline,train,5415,q95_crisis,,,,,0.5830258302583026,0.5830258302583026,0.5830258302583026,0.0500461680517082,0.6153924250584868,0.9181656843784612
scalar-rv_accel_log_5_20__lb-40__delta-0p55-1p25,rv_accel_log_5_20,40,0.55,1.25,raw_last_baseline,val,1160,regression,0.0539043510854328,0.5297153361382319,0.0615929410808625,0.0445832753700684,,,,,,
scalar-rv_accel_log_5_20__lb-40__delta-0p55-1p25,rv_accel_log_5_20,40,0.55,1.25,raw_last_baseline,val,1160,q90_warning,,,,,0.0526315789473684,0.03125,0.0392156862745098,0.0163793103448275,0.082763426443076,0.7426307624113475
scalar-rv_accel_log_5_20__lb-40__delta-0p55-1p25,rv_accel_log_5_20,40,0.55,1.25,raw_last_baseline,val,1160,q95_crisis,,,,,0.0,0.0,0.0,0.0086206896551724,,
scalar-rv_accel_log_5_20__lb-40__delta-0p55-1p25,rv_accel_log_5_20,40,0.55,1.25,raw_last_baseline,test,1161,regression,0.0971136059929947,0.6099763037817262,0.1217158402277649,0.085480382647545,,,,,,
scalar-rv_accel_log_5_20__lb-40__delta-0p55-1p25,rv_accel_log_5_20,40,0.55,1.25,raw_last_baseline,test,1161,q90_warning,,,,,0.4470588235294118,0.5891472868217055,0.5083612040133779,0.1464254952627045,0.5231434911171594,0.8361051018568595
scalar-rv_accel_log_5_20__lb-40__delta-0p55-1p25,rv_accel_log_5_20,40,0.55,1.25,raw_last_baseline,test,1161,q95_crisis,,,,,0.4393939393939394,0.5686274509803921,0.4957264957264957,0.0568475452196382,0.5689691582542981,0.7476594241300124
scalar-rv_accel_log_5_20__lb-40__delta-0p55-1p25,rv_accel_log_5_20,40,0.55,1.25,rydberg_temporal_features,train,5415,regression,0.0879693915235301,0.4691822723352284,0.0992926147333993,0.0395239641467152,,,,,,
scalar-rv_accel_log_5_20__lb-40__delta-0p55-1p25,rv_accel_log_5_20,40,0.55,1.25,rydberg_temporal_features,train,5415,q90_warning,,,,,0.3985239852398524,0.3985239852398524,0.3985239852398524,0.1000923361034164,0.3676363605423987,0.8545354589601714
scalar-rv_accel_log_5_20__lb-40__delta-0p55-1p25,rv_accel_log_5_20,40,0.55,1.25,rydberg_temporal_features,train,5415,q95_crisis,,,,,0.4428044280442804,0.4428044280442804,0.4428044280442804,0.0500461680517082,0.363204434917299,0.9409938422867898
scalar-rv_accel_log_5_20__lb-40__delta-0p55-1p25,rv_accel_log_5_20,40,0.55,1.25,rydberg_temporal_features,val,1160,regression,0.0654340266893052,0.2163518743151214,0.0615929410808625,0.0280023508565977,,,,,,
scalar-rv_accel_log_5_20__lb-40__delta-0p55-1p25,rv_accel_log_5_20,40,0.55,1.25,rydberg_temporal_features,val,1160,q90_warning,,,,,0.0655737704918032,0.25,0.1038961038961039,0.1051724137931034,0.0542399535282086,0.56072695035461
scalar-rv_accel_log_5_20__lb-40__delta-0p55-1p25,rv_accel_log_5_20,40,0.55,1.25,rydberg_temporal_features,val,1160,q95_crisis,,,,,0.0,0.0,0.0,0.0034482758620689,,
scalar-rv_accel_log_5_20__lb-40__delta-0p55-1p25,rv_accel_log_5_20,40,0.55,1.25,rydberg_temporal_features,test,1161,regression,0.1085990784264249,0.5036496384720022,0.1217158402277649,0.0358891794419891,,,,,,
scalar-rv_accel_log_5_20__lb-40__delta-0p55-1p25,rv_accel_log_5_20,40,0.55,1.25,rydberg_temporal_features,test,1161,q90_warning,,,,,0.25,0.3178294573643411,0.2798634812286689,0.1412575366063738,0.3650695848853245,0.6225587404603089
scalar-rv_accel_log_5_20__lb-40__delta-0p55-1p25,rv_accel_log_5_20,40,0.55,1.25,rydberg_temporal_features,test,1161,q95_crisis,,,,,0.6585365853658537,0.5294117647058824,0.5869565217391305,0.0353143841515934,0.5533745724582607,0.7826002473061296
scalar-rv_accel_log_5_20__lb-40__delta-0p55-1p25,rv_accel_log_5_20,40,0.55,1.25,raw_plus_rydberg_temporal,train,5415,regression,0.0593714407669417,0.8025734497574223,0.0992926147333993,0.0756424456160225,,,,,,
scalar-rv_accel_log_5_20__lb-40__delta-0p55-1p25,rv_accel_log_5_20,40,0.55,1.25,raw_plus_rydberg_temporal,train,5415,q90_warning,,,,,0.6402214022140221,0.6402214022140221,0.6402214022140221,0.1000923361034164,0.7380843150231625,0.9556790447855228
scalar-rv_accel_log_5_20__lb-40__delta-0p55-1p25,rv_accel_log_5_20,40,0.55,1.25,raw_plus_rydberg_temporal,train,5415,q95_crisis,,,,,0.6568265682656826,0.6568265682656826,0.6568265682656826,0.0500461680517082,0.729924805112585,0.9793970548570184
scalar-rv_accel_log_5_20__lb-40__delta-0p55-1p25,rv_accel_log_5_20,40,0.55,1.25,raw_plus_rydberg_temporal,val,1160,regression,0.0551111972046572,0.4806995316264495,0.0615929410808625,0.040356542228335,,,,,,
scalar-rv_accel_log_5_20__lb-40__delta-0p55-1p25,rv_accel_log_5_20,40,0.55,1.25,raw_plus_rydberg_temporal,val,1160,q90_warning,,,,,0.0,0.0,0.0,0.0129310344827586,0.0654996877730955,0.7181682180851063
scalar-rv_accel_log_5_20__lb-40__delta-0p55-1p25,rv_accel_log_5_20,40,0.55,1.25,raw_plus_rydberg_temporal,val,1160,q95_crisis,,,,,0.0,0.0,0.0,0.0,,
scalar-rv_accel_log_5_20__lb-40__delta-0p55-1p25,rv_accel_log_5_20,40,0.55,1.25,raw_plus_rydberg_temporal,test,1161,regression,0.0969924954342615,0.6116060755628302,0.1217158402277649,0.085351911981468,,,,,,
scalar-rv_accel_log_5_20__lb-40__delta-0p55-1p25,rv_accel_log_5_20,40,0.55,1.25,raw_plus_rydberg_temporal,test,1161,q90_warning,,,,,0.3161290322580645,0.3798449612403101,0.3450704225352112,0.1335055986218777,0.3967118336352341,0.6877291028183402
scalar-rv_accel_log_5_20__lb-40__delta-0p55-1p25,rv_accel_log_5_20,40,0.55,1.25,raw_plus_rydberg_temporal,test,1161,q95_crisis,,,,,0.5897435897435898,0.4509803921568627,0.5111111111111111,0.0335917312661498,0.5056101454509976,0.7303833245009714
scalar-vix_rv_spread__lb-10__delta-0p25-1p0,vix_rv_spread,10,0.25,1.0,raw_last_baseline,train,5436,regression,0.0606344373124197,0.7924852238129271,0.0992201990193862,0.0748031180485479,,,,,,
scalar-vix_rv_spread__lb-10__delta-0p25-1p0,vix_rv_spread,10,0.25,1.0,raw_last_baseline,train,5436,q90_warning,,,,,0.5992647058823529,0.5992647058823529,0.5992647058823529,0.1000735835172921,0.6669125123298787,0.9144653185272472
scalar-vix_rv_spread__lb-10__delta-0p25-1p0,vix_rv_spread,10,0.25,1.0,raw_last_baseline,train,5436,q95_crisis,,,,,0.5845588235294118,0.5845588235294118,0.5845588235294118,0.050036791758646,0.6151442048327229,0.918431334578758
scalar-vix_rv_spread__lb-10__delta-0p25-1p0,vix_rv_spread,10,0.25,1.0,raw_last_baseline,val,1164,regression,0.0528434871271915,0.5366584532138681,0.0611704585281584,0.0426132417629775,,,,,,
scalar-vix_rv_spread__lb-10__delta-0p25-1p0,vix_rv_spread,10,0.25,1.0,raw_last_baseline,val,1164,q90_warning,,,,,0.0526315789473684,0.03125,0.0392156862745098,0.0163230240549828,0.0785333211707838,0.7366662985865724
scalar-vix_rv_spread__lb-10__delta-0p25-1p0,vix_rv_spread,10,0.25,1.0,raw_last_baseline,val,1164,q95_crisis,,,,,0.0,0.0,0.0,0.0085910652920962,,
scalar-vix_rv_spread__lb-10__delta-0p25-1p0,vix_rv_spread,10,0.25,1.0,raw_last_baseline,test,1166,regression,0.0975682437043607,0.6048751507581102,0.1215041200648765,0.0859575300662132,,,,,,
scalar-vix_rv_spread__lb-10__delta-0p25-1p0,vix_rv_spread,10,0.25,1.0,raw_last_baseline,test,1166,q90_warning,,,,,0.4550898203592814,0.5846153846153846,0.5117845117845118,0.1432246998284734,0.5339186454094068,0.8353801603801604
scalar-vix_rv_spread__lb-10__delta-0p25-1p0,vix_rv_spread,10,0.25,1.0,raw_last_baseline,test,1166,q95_crisis,,,,,0.4117647058823529,0.5490196078431373,0.4705882352941176,0.0583190394511149,0.5687793257252067,0.7568627450980392
scalar-vix_rv_spread__lb-10__delta-0p25-1p0,vix_rv_spread,10,0.25,1.0,rydberg_temporal_features,train,5436,regression,0.092746325390417,0.3568537971635684,0.0992201990193862,0.0321061884550132,,,,,,
scalar-vix_rv_spread__lb-10__delta-0p25-1p0,vix_rv_spread,10,0.25,1.0,rydberg_temporal_features,train,5436,q90_warning,,,,,0.3566176470588235,0.3566176470588235,0.3566176470588235,0.1000735835172921,0.2822214879081567,0.8052969884805926
scalar-vix_rv_spread__lb-10__delta-0p25-1p0,vix_rv_spread,10,0.25,1.0,rydberg_temporal_features,train,5436,q95_crisis,,,,,0.1544117647058823,0.1544117647058823,0.1544117647058823,0.050036791758646,0.1537218519683507,0.8381050086572196
scalar-vix_rv_spread__lb-10__delta-0p25-1p0,vix_rv_spread,10,0.25,1.0,rydberg_temporal_features,val,1164,regression,0.074470137143934,0.2737510750425296,0.0611704585281584,0.0356365941100148,,,,,,
scalar-vix_rv_spread__lb-10__delta-0p25-1p0,vix_rv_spread,10,0.25,1.0,rydberg_temporal_features,val,1164,q90_warning,,,,,0.0,0.0,0.0,0.1357388316151202,0.0373051178868088,0.6529372791519434
scalar-vix_rv_spread__lb-10__delta-0p25-1p0,vix_rv_spread,10,0.25,1.0,rydberg_temporal_features,val,1164,q95_crisis,,,,,0.0,0.0,0.0,0.0584192439862542,,
scalar-vix_rv_spread__lb-10__delta-0p25-1p0,vix_rv_spread,10,0.25,1.0,rydberg_temporal_features,test,1166,regression,0.1204303020277197,0.1915089352388859,0.1215041200648765,0.0354635835305166,,,,,,
scalar-vix_rv_spread__lb-10__delta-0p25-1p0,vix_rv_spread,10,0.25,1.0,rydberg_temporal_features,test,1166,q90_warning,,,,,0.1958041958041958,0.2153846153846154,0.2051282051282051,0.1226415094339622,0.1563856888981309,0.6304648054648054
scalar-vix_rv_spread__lb-10__delta-0p25-1p0,vix_rv_spread,10,0.25,1.0,rydberg_temporal_features,test,1166,q95_crisis,,,,,0.0178571428571428,0.0196078431372549,0.0186915887850467,0.0480274442538593,0.0492048945743309,0.5738855183328937
scalar-vix_rv_spread__lb-10__delta-0p25-1p0,vix_rv_spread,10,0.25,1.0,raw_plus_rydberg_temporal,train,5436,regression,0.0596486683549283,0.8001597815072994,0.0992201990193862,0.075341403617065,,,,,,
scalar-vix_rv_spread__lb-10__delta-0p25-1p0,vix_rv_spread,10,0.25,1.0,raw_plus_rydberg_temporal,train,5436,q90_warning,,,,,0.6378676470588235,0.6378676470588235,0.6378676470588235,0.1000735835172921,0.724693631216535,0.949021662017219
scalar-vix_rv_spread__lb-10__delta-0p25-1p0,vix_rv_spread,10,0.25,1.0,raw_plus_rydberg_temporal,train,5436,q95_crisis,,,,,0.5955882352941176,0.5955882352941176,0.5955882352941176,0.050036791758646,0.6764357245262124,0.970976243905773
scalar-vix_rv_spread__lb-10__delta-0p25-1p0,vix_rv_spread,10,0.25,1.0,raw_plus_rydberg_temporal,val,1164,regression,0.0521097587059064,0.5536012838115325,0.0611704585281584,0.0434480964864963,,,,,,
scalar-vix_rv_spread__lb-10__delta-0p25-1p0,vix_rv_spread,10,0.25,1.0,raw_plus_rydberg_temporal,val,1164,q90_warning,,,,,0.24,0.1875,0.2105263157894736,0.0214776632302405,0.1093072205133258,0.7792071554770318
scalar-vix_rv_spread__lb-10__delta-0p25-1p0,vix_rv_spread,10,0.25,1.0,raw_plus_rydberg_temporal,val,1164,q95_crisis,,,,,0.0,0.0,0.0,0.0154639175257731,,
scalar-vix_rv_spread__lb-10__delta-0p25-1p0,vix_rv_spread,10,0.25,1.0,raw_plus_rydberg_temporal,test,1166,regression,0.0982996531464495,0.5981881935252649,0.1215041200648765,0.0860856930603116,,,,,,
scalar-vix_rv_spread__lb-10__delta-0p25-1p0,vix_rv_spread,10,0.25,1.0,raw_plus_rydberg_temporal,test,1166,q90_warning,,,,,0.4277456647398844,0.5692307692307692,0.4884488448844885,0.1483704974271012,0.5188667381078446,0.8169438669438669
scalar-vix_rv_spread__lb-10__delta-0p25-1p0,vix_rv_spread,10,0.25,1.0,raw_plus_rydberg_temporal,test,1166,q95_crisis,,,,,0.3292682926829268,0.5294117647058824,0.4060150375939849,0.0703259005145797,0.5446193915009937,0.8164424514200299
scalar-vix_rv_spread__lb-10__delta-0p4-1p1,vix_rv_spread,10,0.4,1.1,raw_last_baseline,train,5436,regression,0.0606344373124197,0.7924852238129271,0.0992201990193862,0.0748031180485479,,,,,,
scalar-vix_rv_spread__lb-10__delta-0p4-1p1,vix_rv_spread,10,0.4,1.1,raw_last_baseline,train,5436,q90_warning,,,,,0.5992647058823529,0.5992647058823529,0.5992647058823529,0.1000735835172921,0.6669125123298787,0.9144653185272472
scalar-vix_rv_spread__lb-10__delta-0p4-1p1,vix_rv_spread,10,0.4,1.1,raw_last_baseline,train,5436,q95_crisis,,,,,0.5845588235294118,0.5845588235294118,0.5845588235294118,0.050036791758646,0.6151442048327229,0.918431334578758
scalar-vix_rv_spread__lb-10__delta-0p4-1p1,vix_rv_spread,10,0.4,1.1,raw_last_baseline,val,1164,regression,0.0528434871271915,0.5366584532138681,0.0611704585281584,0.0426132417629775,,,,,,
scalar-vix_rv_spread__lb-10__delta-0p4-1p1,vix_rv_spread,10,0.4,1.1,raw_last_baseline,val,1164,q90_warning,,,,,0.0526315789473684,0.03125,0.0392156862745098,0.0163230240549828,0.0785333211707838,0.7366662985865724
scalar-vix_rv_spread__lb-10__delta-0p4-1p1,vix_rv_spread,10,0.4,1.1,raw_last_baseline,val,1164,q95_crisis,,,,,0.0,0.0,0.0,0.0085910652920962,,
scalar-vix_rv_spread__lb-10__delta-0p4-1p1,vix_rv_spread,10,0.4,1.1,raw_last_baseline,test,1166,regression,0.0975682437043607,0.6048751507581102,0.1215041200648765,0.0859575300662132,,,,,,
scalar-vix_rv_spread__lb-10__delta-0p4-1p1,vix_rv_spread,10,0.4,1.1,raw_last_baseline,test,1166,q90_warning,,,,,0.4550898203592814,0.5846153846153846,0.5117845117845118,0.1432246998284734,0.5339186454094068,0.8353801603801604
scalar-vix_rv_spread__lb-10__delta-0p4-1p1,vix_rv_spread,10,0.4,1.1,raw_last_baseline,test,1166,q95_crisis,,,,,0.4117647058823529,0.5490196078431373,0.4705882352941176,0.0583190394511149,0.5687793257252067,0.7568627450980392
scalar-vix_rv_spread__lb-10__delta-0p4-1p1,vix_rv_spread,10,0.4,1.1,rydberg_temporal_features,train,5436,regression,0.0929315282901031,0.3515818082833186,0.0992201990193862,0.0319658500632933,,,,,,
scalar-vix_rv_spread__lb-10__delta-0p4-1p1,vix_rv_spread,10,0.4,1.1,rydberg_temporal_features,train,5436,q90_warning,,,,,0.3235294117647059,0.3235294117647059,0.3235294117647059,0.1000735835172921,0.2795690986870577,0.7836727354985329
scalar-vix_rv_spread__lb-10__delta-0p4-1p1,vix_rv_spread,10,0.4,1.1,rydberg_temporal_features,train,5436,q95_crisis,,,,,0.1948529411764706,0.1948529411764706,0.1948529411764706,0.050036791758646,0.1611732444152034,0.8063893983232331
scalar-vix_rv_spread__lb-10__delta-0p4-1p1,vix_rv_spread,10,0.4,1.1,rydberg_temporal_features,val,1164,regression,0.073733729067409,0.2538216207732473,0.0611704585281584,0.0350894792960714,,,,,,
scalar-vix_rv_spread__lb-10__delta-0p4-1p1,vix_rv_spread,10,0.4,1.1,rydberg_temporal_features,val,1164,q90_warning,,,,,0.0,0.0,0.0,0.1159793814432989,0.0393279480517653,0.668672703180212
scalar-vix_rv_spread__lb-10__delta-0p4-1p1,vix_rv_spread,10,0.4,1.1,rydberg_temporal_features,val,1164,q95_crisis,,,,,0.0,0.0,0.0,0.0532646048109965,,
scalar-vix_rv_spread__lb-10__delta-0p4-1p1,vix_rv_spread,10,0.4,1.1,rydberg_temporal_features,test,1166,regression,0.1207256965109304,0.1850824123199115,0.1215041200648765,0.0349973494435086,,,,,,
scalar-vix_rv_spread__lb-10__delta-0p4-1p1,vix_rv_spread,10,0.4,1.1,rydberg_temporal_features,test,1166,q90_warning,,,,,0.2167832167832167,0.2384615384615384,0.2271062271062271,0.1226415094339622,0.161308898971304,0.6357365607365607
scalar-vix_rv_spread__lb-10__delta-0p4-1p1,vix_rv_spread,10,0.4,1.1,rydberg_temporal_features,test,1166,q95_crisis,,,,,0.0144927536231884,0.0196078431372549,0.0166666666666666,0.0591766723842195,0.0483832275858364,0.5717576716785369
scalar-vix_rv_spread__lb-10__delta-0p4-1p1,vix_rv_spread,10,0.4,1.1,raw_plus_rydberg_temporal,train,5436,regression,0.0595376441049697,0.8009802977521758,0.0992201990193862,0.0754598996194716,,,,,,
scalar-vix_rv_spread__lb-10__delta-0p4-1p1,vix_rv_spread,10,0.4,1.1,raw_plus_rydberg_temporal,train,5436,q90_warning,,,,,0.6341911764705882,0.6341911764705882,0.6341911764705882,0.1000735835172921,0.7204075762141459,0.9471169165744792
scalar-vix_rv_spread__lb-10__delta-0p4-1p1,vix_rv_spread,10,0.4,1.1,raw_plus_rydberg_temporal,train,5436,q95_crisis,,,,,0.5955882352941176,0.5955882352941176,0.5955882352941176,0.050036791758646,0.679212475571511,0.9685734382831368
scalar-vix_rv_spread__lb-10__delta-0p4-1p1,vix_rv_spread,10,0.4,1.1,raw_plus_rydberg_temporal,val,1164,regression,0.0527362067408504,0.5411036666195457,0.0611704585281584,0.0436811962681054,,,,,,
scalar-vix_rv_spread__lb-10__delta-0p4-1p1,vix_rv_spread,10,0.4,1.1,raw_plus_rydberg_temporal,val,1164,q90_warning,,,,,0.2,0.1875,0.1935483870967742,0.0257731958762886,0.1307072732551815,0.8374282243816255
scalar-vix_rv_spread__lb-10__delta-0p4-1p1,vix_rv_spread,10,0.4,1.1,raw_plus_rydberg_temporal,val,1164,q95_crisis,,,,,0.0,0.0,0.0,0.0163230240549828,,
scalar-vix_rv_spread__lb-10__delta-0p4-1p1,vix_rv_spread,10,0.4,1.1,raw_plus_rydberg_temporal,test,1166,regression,0.098340403543791,0.597229134410871,0.1215041200648765,0.085617198049093,,,,,,
scalar-vix_rv_spread__lb-10__delta-0p4-1p1,vix_rv_spread,10,0.4,1.1,raw_plus_rydberg_temporal,test,1166,q90_warning,,,,,0.406060606060606,0.5153846153846153,0.4542372881355932,0.1415094339622641,0.4800293454359531,0.7832343332343332
scalar-vix_rv_spread__lb-10__delta-0p4-1p1,vix_rv_spread,10,0.4,1.1,raw_plus_rydberg_temporal,test,1166,q95_crisis,,,,,0.2747252747252747,0.4901960784313725,0.352112676056338,0.0780445969125214,0.4781651920576925,0.7946364195902574
scalar-vix_rv_spread__lb-10__delta-0p55-1p25,vix_rv_spread,10,0.55,1.25,raw_last_baseline,train,5436,regression,0.0606344373124197,0.7924852238129271,0.0992201990193862,0.0748031180485479,,,,,,
scalar-vix_rv_spread__lb-10__delta-0p55-1p25,vix_rv_spread,10,0.55,1.25,raw_last_baseline,train,5436,q90_warning,,,,,0.5992647058823529,0.5992647058823529,0.5992647058823529,0.1000735835172921,0.6669125123298787,0.9144653185272472
scalar-vix_rv_spread__lb-10__delta-0p55-1p25,vix_rv_spread,10,0.55,1.25,raw_last_baseline,train,5436,q95_crisis,,,,,0.5845588235294118,0.5845588235294118,0.5845588235294118,0.050036791758646,0.6151442048327229,0.918431334578758
scalar-vix_rv_spread__lb-10__delta-0p55-1p25,vix_rv_spread,10,0.55,1.25,raw_last_baseline,val,1164,regression,0.0528434871271915,0.5366584532138681,0.0611704585281584,0.0426132417629775,,,,,,
scalar-vix_rv_spread__lb-10__delta-0p55-1p25,vix_rv_spread,10,0.55,1.25,raw_last_baseline,val,1164,q90_warning,,,,,0.0526315789473684,0.03125,0.0392156862745098,0.0163230240549828,0.0785333211707838,0.7366662985865724
scalar-vix_rv_spread__lb-10__delta-0p55-1p25,vix_rv_spread,10,0.55,1.25,raw_last_baseline,val,1164,q95_crisis,,,,,0.0,0.0,0.0,0.0085910652920962,,
scalar-vix_rv_spread__lb-10__delta-0p55-1p25,vix_rv_spread,10,0.55,1.25,raw_last_baseline,test,1166,regression,0.0975682437043607,0.6048751507581102,0.1215041200648765,0.0859575300662132,,,,,,
scalar-vix_rv_spread__lb-10__delta-0p55-1p25,vix_rv_spread,10,0.55,1.25,raw_last_baseline,test,1166,q90_warning,,,,,0.4550898203592814,0.5846153846153846,0.5117845117845118,0.1432246998284734,0.5339186454094068,0.8353801603801604
scalar-vix_rv_spread__lb-10__delta-0p55-1p25,vix_rv_spread,10,0.55,1.25,raw_last_baseline,test,1166,q95_crisis,,,,,0.4117647058823529,0.5490196078431373,0.4705882352941176,0.0583190394511149,0.5687793257252067,0.7568627450980392
scalar-vix_rv_spread__lb-10__delta-0p55-1p25,vix_rv_spread,10,0.55,1.25,rydberg_temporal_features,train,5436,regression,0.0930854619506567,0.3472063974495589,0.0992201990193862,0.0317946842111576,,,,,,
scalar-vix_rv_spread__lb-10__delta-0p55-1p25,vix_rv_spread,10,0.55,1.25,rydberg_temporal_features,train,5436,q90_warning,,,,,0.2977941176470588,0.2977941176470588,0.2977941176470588,0.1000735835172921,0.2458078466937527,0.781784523652061
scalar-vix_rv_spread__lb-10__delta-0p55-1p25,vix_rv_spread,10,0.55,1.25,rydberg_temporal_features,train,5436,q95_crisis,,,,,0.1764705882352941,0.1764705882352941,0.1764705882352941,0.050036791758646,0.1466905796171503,0.8207086959493325
scalar-vix_rv_spread__lb-10__delta-0p55-1p25,vix_rv_spread,10,0.55,1.25,rydberg_temporal_features,val,1164,regression,0.0747548391118824,0.2353779083899086,0.0611704585281584,0.034840498448596,,,,,,
scalar-vix_rv_spread__lb-10__delta-0p55-1p25,vix_rv_spread,10,0.55,1.25,rydberg_temporal_features,val,1164,q90_warning,,,,,0.0341880341880341,0.125,0.0536912751677852,0.1005154639175257,0.0351197498446119,0.6027771643109541
scalar-vix_rv_spread__lb-10__delta-0p55-1p25,vix_rv_spread,10,0.55,1.25,rydberg_temporal_features,val,1164,q95_crisis,,,,,0.0,0.0,0.0,0.0403780068728522,,
scalar-vix_rv_spread__lb-10__delta-0p55-1p25,vix_rv_spread,10,0.55,1.25,rydberg_temporal_features,test,1166,regression,0.1201203985001115,0.2050078477599517,0.1215041200648765,0.0362615502194637,,,,,,
scalar-vix_rv_spread__lb-10__delta-0p55-1p25,vix_rv_spread,10,0.55,1.25,rydberg_temporal_features,test,1166,q90_warning,,,,,0.1904761904761904,0.2153846153846154,0.2021660649819494,0.1260720411663808,0.1608369733044085,0.597052272052272
scalar-vix_rv_spread__lb-10__delta-0p55-1p25,vix_rv_spread,10,0.55,1.25,rydberg_temporal_features,test,1166,q95_crisis,,,,,0.0652173913043478,0.0588235294117647,0.0618556701030927,0.039451114922813,0.0534448441576151,0.571142178844632
scalar-vix_rv_spread__lb-10__delta-0p55-1p25,vix_rv_spread,10,0.55,1.25,raw_plus_rydberg_temporal,train,5436,regression,0.0599365960823617,0.7979170050010057,0.0992201990193862,0.0752255191282701,,,,,,
scalar-vix_rv_spread__lb-10__delta-0p55-1p25,vix_rv_spread,10,0.55,1.25,raw_plus_rydberg_temporal,train,5436,q90_warning,,,,,0.625,0.625,0.625,0.1000735835172921,0.7128004932700698,0.9473882178586888
scalar-vix_rv_spread__lb-10__delta-0p55-1p25,vix_rv_spread,10,0.55,1.25,raw_plus_rydberg_temporal,train,5436,q95_crisis,,,,,0.5845588235294118,0.5845588235294118,0.5845588235294118,0.050036791758646,0.6694488171458833,0.9676714072538388
scalar-vix_rv_spread__lb-10__delta-0p55-1p25,vix_rv_spread,10,0.55,1.25,raw_plus_rydberg_temporal,val,1164,regression,0.0523815029886621,0.5459178817995132,0.0611704585281584,0.0432476466270921,,,,,,
scalar-vix_rv_spread__lb-10__delta-0p55-1p25,vix_rv_spread,10,0.55,1.25,raw_plus_rydberg_temporal,val,1164,q90_warning,,,,,0.2692307692307692,0.21875,0.2413793103448276,0.0223367697594501,0.1421677429502557,0.7978412102473498
scalar-vix_rv_spread__lb-10__delta-0p55-1p25,vix_rv_spread,10,0.55,1.25,raw_plus_rydberg_temporal,val,1164,q95_crisis,,,,,0.0,0.0,0.0,0.0068728522336769,,
scalar-vix_rv_spread__lb-10__delta-0p55-1p25,vix_rv_spread,10,0.55,1.25,raw_plus_rydberg_temporal,test,1166,regression,0.0984292216703105,0.5974121413729137,0.1215041200648765,0.0863369475429464,,,,,,
scalar-vix_rv_spread__lb-10__delta-0p55-1p25,vix_rv_spread,10,0.55,1.25,raw_plus_rydberg_temporal,test,1166,q90_warning,,,,,0.3764705882352941,0.4923076923076923,0.4266666666666667,0.1457975986277873,0.4693207728058917,0.783026433026433
scalar-vix_rv_spread__lb-10__delta-0p55-1p25,vix_rv_spread,10,0.55,1.25,raw_plus_rydberg_temporal,test,1166,q95_crisis,,,,,0.2916666666666667,0.4117647058823529,0.3414634146341463,0.0617495711835334,0.4478558127426036,0.7648993229578828
scalar-vix_rv_spread__lb-20__delta-0p25-1p0,vix_rv_spread,20,0.25,1.0,raw_last_baseline,train,5429,regression,0.0606694091862891,0.7923623812887689,0.0992511268483232,0.0748100618186624,,,,,,
scalar-vix_rv_spread__lb-20__delta-0p25-1p0,vix_rv_spread,20,0.25,1.0,raw_last_baseline,train,5429,q90_warning,,,,,0.5966850828729282,0.5966850828729282,0.5966850828729282,0.1000184195984527,0.6658422227276323,0.9140461452988168
scalar-vix_rv_spread__lb-20__delta-0p25-1p0,vix_rv_spread,20,0.25,1.0,raw_last_baseline,train,5429,q95_crisis,,,,,0.5845588235294118,0.5845588235294118,0.5845588235294118,0.0501013077914901,0.6151569675791164,0.918254314523948
scalar-vix_rv_spread__lb-20__delta-0p25-1p0,vix_rv_spread,20,0.25,1.0,raw_last_baseline,val,1163,regression,0.0530718443470894,0.5338039348070313,0.0613204862386084,0.0425804930499685,,,,,,
scalar-vix_rv_spread__lb-20__delta-0p25-1p0,vix_rv_spread,20,0.25,1.0,raw_last_baseline,val,1163,q90_warning,,,,,0.0526315789473684,0.03125,0.0392156862745098,0.0163370593293207,0.0788668665095815,0.7381741821396993
scalar-vix_rv_spread__lb-20__delta-0p25-1p0,vix_rv_spread,20,0.25,1.0,raw_last_baseline,val,1163,q95_crisis,,,,,0.0,0.0,0.0,0.0085984522785898,,
scalar-vix_rv_spread__lb-20__delta-0p25-1p0,vix_rv_spread,20,0.25,1.0,raw_last_baseline,test,1164,regression,0.0975331973553034,0.605748731792924,0.1215856547648024,0.0859861598090113,,,,,,
scalar-vix_rv_spread__lb-20__delta-0p25-1p0,vix_rv_spread,20,0.25,1.0,raw_last_baseline,test,1164,q90_warning,,,,,0.4550898203592814,0.5846153846153846,0.5117845117845118,0.1434707903780068,0.5338600959271201,0.8353444427912513
scalar-vix_rv_spread__lb-20__delta-0p25-1p0,vix_rv_spread,20,0.25,1.0,raw_last_baseline,test,1164,q95_crisis,,,,,0.4057971014492754,0.5490196078431373,0.4666666666666667,0.0592783505154639,0.5688146066626221,0.7569191198491976
scalar-vix_rv_spread__lb-20__delta-0p25-1p0,vix_rv_spread,20,0.25,1.0,rydberg_temporal_features,train,5429,regression,0.0899052751585008,0.4257479420237995,0.0992511268483232,0.0380442258688895,,,,,,
scalar-vix_rv_spread__lb-20__delta-0p25-1p0,vix_rv_spread,20,0.25,1.0,rydberg_temporal_features,train,5429,q90_warning,,,,,0.4051565377532228,0.4051565377532228,0.4051565377532228,0.1000184195984527,0.3883699091926206,0.8720009588790162
scalar-vix_rv_spread__lb-20__delta-0p25-1p0,vix_rv_spread,20,0.25,1.0,rydberg_temporal_features,train,5429,q95_crisis,,,,,0.3125,0.3125,0.3125,0.0501013077914901,0.2939399764515647,0.9053798948316965
scalar-vix_rv_spread__lb-20__delta-0p25-1p0,vix_rv_spread,20,0.25,1.0,rydberg_temporal_features,val,1163,regression,0.0760837551704506,0.2650382815879514,0.0613204862386084,0.0404572477561169,,,,,,
scalar-vix_rv_spread__lb-20__delta-0p25-1p0,vix_rv_spread,20,0.25,1.0,rydberg_temporal_features,val,1163,q90_warning,,,,,0.0283018867924528,0.09375,0.0434782608695652,0.0911435941530524,0.0494834359645365,0.7403569849690539
scalar-vix_rv_spread__lb-20__delta-0p25-1p0,vix_rv_spread,20,0.25,1.0,rydberg_temporal_features,val,1163,q95_crisis,,,,,0.0,0.0,0.0,0.0662080825451418,,
scalar-vix_rv_spread__lb-20__delta-0p25-1p0,vix_rv_spread,20,0.25,1.0,rydberg_temporal_features,test,1164,regression,0.1211110649508374,0.2072829147728378,0.1215856547648024,0.0453087362117016,,,,,,
scalar-vix_rv_spread__lb-20__delta-0p25-1p0,vix_rv_spread,20,0.25,1.0,rydberg_temporal_features,test,1164,q90_warning,,,,,0.2061068702290076,0.2076923076923077,0.2068965517241379,0.1125429553264604,0.1728826528944797,0.6655557208748698
scalar-vix_rv_spread__lb-20__delta-0p25-1p0,vix_rv_spread,20,0.25,1.0,rydberg_temporal_features,test,1164,q95_crisis,,,,,0.0,0.0,0.0,0.0618556701030927,0.0404705744095054,0.4955340626816764
scalar-vix_rv_spread__lb-20__delta-0p25-1p0,vix_rv_spread,20,0.25,1.0,raw_plus_rydberg_temporal,train,5429,regression,0.0593294087936525,0.8027589851908232,0.0992511268483232,0.0755207256771478,,,,,,
scalar-vix_rv_spread__lb-20__delta-0p25-1p0,vix_rv_spread,20,0.25,1.0,raw_plus_rydberg_temporal,train,5429,q90_warning,,,,,0.6298342541436464,0.6298342541436464,0.6298342541436464,0.1000184195984527,0.7285246777039416,0.9548433567097786
scalar-vix_rv_spread__lb-20__delta-0p25-1p0,vix_rv_spread,20,0.25,1.0,raw_plus_rydberg_temporal,train,5429,q95_crisis,,,,,0.6066176470588235,0.6066176470588235,0.6066176470588235,0.0501013077914901,0.679512750363587,0.9725187922754908
scalar-vix_rv_spread__lb-20__delta-0p25-1p0,vix_rv_spread,20,0.25,1.0,raw_plus_rydberg_temporal,val,1163,regression,0.0537055463100247,0.5291358287249668,0.0613204862386084,0.0437226591258918,,,,,,
scalar-vix_rv_spread__lb-20__delta-0p25-1p0,vix_rv_spread,20,0.25,1.0,raw_plus_rydberg_temporal,val,1163,q90_warning,,,,,0.1481481481481481,0.125,0.135593220338983,0.0232158211521926,0.1040469621482055,0.8181366047745359
scalar-vix_rv_spread__lb-20__delta-0p25-1p0,vix_rv_spread,20,0.25,1.0,raw_plus_rydberg_temporal,val,1163,q95_crisis,,,,,0.0,0.0,0.0,0.0128976784178847,,
scalar-vix_rv_spread__lb-20__delta-0p25-1p0,vix_rv_spread,20,0.25,1.0,raw_plus_rydberg_temporal,test,1164,regression,0.0985763378901854,0.5969842138727154,0.1215856547648024,0.0868036738768412,,,,,,
scalar-vix_rv_spread__lb-20__delta-0p25-1p0,vix_rv_spread,20,0.25,1.0,raw_plus_rydberg_temporal,test,1164,q90_warning,,,,,0.4036144578313253,0.5153846153846153,0.4527027027027027,0.1426116838487972,0.4690164453272092,0.8353742002678173
scalar-vix_rv_spread__lb-20__delta-0p25-1p0,vix_rv_spread,20,0.25,1.0,raw_plus_rydberg_temporal,test,1164,q95_crisis,,,,,0.2972972972972973,0.4313725490196078,0.352,0.063573883161512,0.3001036911284022,0.744446206155418
scalar-vix_rv_spread__lb-20__delta-0p4-1p1,vix_rv_spread,20,0.4,1.1,raw_last_baseline,train,5429,regression,0.0606694091862891,0.7923623812887689,0.0992511268483232,0.0748100618186624,,,,,,
scalar-vix_rv_spread__lb-20__delta-0p4-1p1,vix_rv_spread,20,0.4,1.1,raw_last_baseline,train,5429,q90_warning,,,,,0.5966850828729282,0.5966850828729282,0.5966850828729282,0.1000184195984527,0.6658422227276323,0.9140461452988168
scalar-vix_rv_spread__lb-20__delta-0p4-1p1,vix_rv_spread,20,0.4,1.1,raw_last_baseline,train,5429,q95_crisis,,,,,0.5845588235294118,0.5845588235294118,0.5845588235294118,0.0501013077914901,0.6151569675791164,0.918254314523948
scalar-vix_rv_spread__lb-20__delta-0p4-1p1,vix_rv_spread,20,0.4,1.1,raw_last_baseline,val,1163,regression,0.0530718443470894,0.5338039348070313,0.0613204862386084,0.0425804930499685,,,,,,
scalar-vix_rv_spread__lb-20__delta-0p4-1p1,vix_rv_spread,20,0.4,1.1,raw_last_baseline,val,1163,q90_warning,,,,,0.0526315789473684,0.03125,0.0392156862745098,0.0163370593293207,0.0788668665095815,0.7381741821396993
scalar-vix_rv_spread__lb-20__delta-0p4-1p1,vix_rv_spread,20,0.4,1.1,raw_last_baseline,val,1163,q95_crisis,,,,,0.0,0.0,0.0,0.0085984522785898,,
scalar-vix_rv_spread__lb-20__delta-0p4-1p1,vix_rv_spread,20,0.4,1.1,raw_last_baseline,test,1164,regression,0.0975331973553034,0.605748731792924,0.1215856547648024,0.0859861598090113,,,,,,
scalar-vix_rv_spread__lb-20__delta-0p4-1p1,vix_rv_spread,20,0.4,1.1,raw_last_baseline,test,1164,q90_warning,,,,,0.4550898203592814,0.5846153846153846,0.5117845117845118,0.1434707903780068,0.5338600959271201,0.8353444427912513
scalar-vix_rv_spread__lb-20__delta-0p4-1p1,vix_rv_spread,20,0.4,1.1,raw_last_baseline,test,1164,q95_crisis,,,,,0.4057971014492754,0.5490196078431373,0.4666666666666667,0.0592783505154639,0.5688146066626221,0.7569191198491976
scalar-vix_rv_spread__lb-20__delta-0p4-1p1,vix_rv_spread,20,0.4,1.1,rydberg_temporal_features,train,5429,regression,0.0903447444682096,0.4157461308611708,0.0992511268483232,0.0375157012776057,,,,,,
scalar-vix_rv_spread__lb-20__delta-0p4-1p1,vix_rv_spread,20,0.4,1.1,rydberg_temporal_features,train,5429,q90_warning,,,,,0.4106813996316759,0.4106813996316759,0.4106813996316759,0.1000184195984527,0.3857178028717782,0.8538991021062924
scalar-vix_rv_spread__lb-20__delta-0p4-1p1,vix_rv_spread,20,0.4,1.1,rydberg_temporal_features,train,5429,q95_crisis,,,,,0.3455882352941176,0.3455882352941176,0.3455882352941176,0.0501013077914901,0.3364268727206251,0.8936033546635641
scalar-vix_rv_spread__lb-20__delta-0p4-1p1,vix_rv_spread,20,0.4,1.1,rydberg_temporal_features,val,1163,regression,0.0748083364141992,0.2555046753006479,0.0613204862386084,0.0394631623994658,,,,,,
scalar-vix_rv_spread__lb-20__delta-0p4-1p1,vix_rv_spread,20,0.4,1.1,rydberg_temporal_features,val,1163,q90_warning,,,,,0.032,0.125,0.0509554140127388,0.1074806534823731,0.0412380564420578,0.6766965075154731
scalar-vix_rv_spread__lb-20__delta-0p4-1p1,vix_rv_spread,20,0.4,1.1,rydberg_temporal_features,val,1163,q95_crisis,,,,,0.0,0.0,0.0,0.0386930352536543,,
scalar-vix_rv_spread__lb-20__delta-0p4-1p1,vix_rv_spread,20,0.4,1.1,rydberg_temporal_features,test,1164,regression,0.1216734884058552,0.1841262346493806,0.1215856547648024,0.041444687476649,,,,,,
scalar-vix_rv_spread__lb-20__delta-0p4-1p1,vix_rv_spread,20,0.4,1.1,rydberg_temporal_features,test,1164,q90_warning,,,,,0.1167883211678832,0.123076923076923,0.1198501872659176,0.1176975945017182,0.1599060045455355,0.6900758815652432
scalar-vix_rv_spread__lb-20__delta-0p4-1p1,vix_rv_spread,20,0.4,1.1,rydberg_temporal_features,test,1164,q95_crisis,,,,,0.0,0.0,0.0,0.0824742268041237,0.0434801299521066,0.5403519898525448
scalar-vix_rv_spread__lb-20__delta-0p4-1p1,vix_rv_spread,20,0.4,1.1,raw_plus_rydberg_temporal,train,5429,regression,0.0591195076537462,0.8043245105567959,0.0992511268483232,0.0756855863406413,,,,,,
scalar-vix_rv_spread__lb-20__delta-0p4-1p1,vix_rv_spread,20,0.4,1.1,raw_plus_rydberg_temporal,train,5429,q90_warning,,,,,0.6464088397790055,0.6464088397790055,0.6464088397790055,0.1000184195984527,0.7433574020244167,0.961510656598437
scalar-vix_rv_spread__lb-20__delta-0p4-1p1,vix_rv_spread,20,0.4,1.1,raw_plus_rydberg_temporal,train,5429,q95_crisis,,,,,0.6176470588235294,0.6176470588235294,0.6176470588235294,0.0501013077914901,0.6873814519230366,0.9765018136399412
scalar-vix_rv_spread__lb-20__delta-0p4-1p1,vix_rv_spread,20,0.4,1.1,raw_plus_rydberg_temporal,val,1163,regression,0.0550347038206924,0.5080971983603351,0.0613204862386084,0.0452664489792151,,,,,,
scalar-vix_rv_spread__lb-20__delta-0p4-1p1,vix_rv_spread,20,0.4,1.1,raw_plus_rydberg_temporal,val,1163,q90_warning,,,,,0.125,0.09375,0.1071428571428571,0.0206362854686156,0.1057938410944728,0.7849524756852344
scalar-vix_rv_spread__lb-20__delta-0p4-1p1,vix_rv_spread,20,0.4,1.1,raw_plus_rydberg_temporal,val,1163,q95_crisis,,,,,0.0,0.0,0.0,0.0146173688736027,,
scalar-vix_rv_spread__lb-20__delta-0p4-1p1,vix_rv_spread,20,0.4,1.1,raw_plus_rydberg_temporal,test,1164,regression,0.0976607535774154,0.6043469128162089,0.1215856547648024,0.0858560625343136,,,,,,
scalar-vix_rv_spread__lb-20__delta-0p4-1p1,vix_rv_spread,20,0.4,1.1,raw_plus_rydberg_temporal,test,1164,q90_warning,,,,,0.3636363636363636,0.4615384615384615,0.4067796610169492,0.1417525773195876,0.4813941125467574,0.848832019044785
scalar-vix_rv_spread__lb-20__delta-0p4-1p1,vix_rv_spread,20,0.4,1.1,raw_plus_rydberg_temporal,test,1164,q95_crisis,,,,,0.3870967741935484,0.4705882352941176,0.4247787610619469,0.0532646048109965,0.4876192592873535,0.8176805313320296
scalar-vix_rv_spread__lb-20__delta-0p55-1p25,vix_rv_spread,20,0.55,1.25,raw_last_baseline,train,5429,regression,0.0606694091862891,0.7923623812887689,0.0992511268483232,0.0748100618186624,,,,,,
scalar-vix_rv_spread__lb-20__delta-0p55-1p25,vix_rv_spread,20,0.55,1.25,raw_last_baseline,train,5429,q90_warning,,,,,0.5966850828729282,0.5966850828729282,0.5966850828729282,0.1000184195984527,0.6658422227276323,0.9140461452988168
scalar-vix_rv_spread__lb-20__delta-0p55-1p25,vix_rv_spread,20,0.55,1.25,raw_last_baseline,train,5429,q95_crisis,,,,,0.5845588235294118,0.5845588235294118,0.5845588235294118,0.0501013077914901,0.6151569675791164,0.918254314523948
scalar-vix_rv_spread__lb-20__delta-0p55-1p25,vix_rv_spread,20,0.55,1.25,raw_last_baseline,val,1163,regression,0.0530718443470894,0.5338039348070313,0.0613204862386084,0.0425804930499685,,,,,,
scalar-vix_rv_spread__lb-20__delta-0p55-1p25,vix_rv_spread,20,0.55,1.25,raw_last_baseline,val,1163,q90_warning,,,,,0.0526315789473684,0.03125,0.0392156862745098,0.0163370593293207,0.0788668665095815,0.7381741821396993
scalar-vix_rv_spread__lb-20__delta-0p55-1p25,vix_rv_spread,20,0.55,1.25,raw_last_baseline,val,1163,q95_crisis,,,,,0.0,0.0,0.0,0.0085984522785898,,
scalar-vix_rv_spread__lb-20__delta-0p55-1p25,vix_rv_spread,20,0.55,1.25,raw_last_baseline,test,1164,regression,0.0975331973553034,0.605748731792924,0.1215856547648024,0.0859861598090113,,,,,,
scalar-vix_rv_spread__lb-20__delta-0p55-1p25,vix_rv_spread,20,0.55,1.25,raw_last_baseline,test,1164,q90_warning,,,,,0.4550898203592814,0.5846153846153846,0.5117845117845118,0.1434707903780068,0.5338600959271201,0.8353444427912513
scalar-vix_rv_spread__lb-20__delta-0p55-1p25,vix_rv_spread,20,0.55,1.25,raw_last_baseline,test,1164,q95_crisis,,,,,0.4057971014492754,0.5490196078431373,0.4666666666666667,0.0592783505154639,0.5688146066626221,0.7569191198491976
scalar-vix_rv_spread__lb-20__delta-0p55-1p25,vix_rv_spread,20,0.55,1.25,rydberg_temporal_features,train,5429,regression,0.0901842408271568,0.4195723246418519,0.0992511268483232,0.0375745215477248,,,,,,
scalar-vix_rv_spread__lb-20__delta-0p55-1p25,vix_rv_spread,20,0.55,1.25,rydberg_temporal_features,train,5429,q90_warning,,,,,0.4051565377532228,0.4051565377532228,0.4051565377532228,0.1000184195984527,0.3680096063649001,0.8417122171891126
scalar-vix_rv_spread__lb-20__delta-0p55-1p25,vix_rv_spread,20,0.55,1.25,rydberg_temporal_features,train,5429,q95_crisis,,,,,0.3161764705882353,0.3161764705882353,0.3161764705882353,0.0501013077914901,0.2718364398268575,0.882930753744197
scalar-vix_rv_spread__lb-20__delta-0p55-1p25,vix_rv_spread,20,0.55,1.25,rydberg_temporal_features,val,1163,regression,0.0740189862738682,0.2525931259656809,0.0613204862386084,0.0380294232244275,,,,,,
scalar-vix_rv_spread__lb-20__delta-0p55-1p25,vix_rv_spread,20,0.55,1.25,rydberg_temporal_features,val,1163,q90_warning,,,,,0.0,0.0,0.0,0.0627687016337059,0.0330708567163368,0.5803768788682582
scalar-vix_rv_spread__lb-20__delta-0p55-1p25,vix_rv_spread,20,0.55,1.25,rydberg_temporal_features,val,1163,q95_crisis,,,,,0.0,0.0,0.0,0.0404127257093723,,
scalar-vix_rv_spread__lb-20__delta-0p55-1p25,vix_rv_spread,20,0.55,1.25,rydberg_temporal_features,test,1164,regression,0.1217933254456872,0.1886999338183329,0.1215856547648024,0.0433198143944836,,,,,,
scalar-vix_rv_spread__lb-20__delta-0p55-1p25,vix_rv_spread,20,0.55,1.25,rydberg_temporal_features,test,1164,q90_warning,,,,,0.1081081081081081,0.0923076923076923,0.0995850622406639,0.095360824742268,0.1309120380018793,0.5557506323463771
scalar-vix_rv_spread__lb-20__delta-0p55-1p25,vix_rv_spread,20,0.55,1.25,rydberg_temporal_features,test,1164,q95_crisis,,,,,0.0,0.0,0.0,0.0515463917525773,0.0415643984795235,0.5176963867307929
scalar-vix_rv_spread__lb-20__delta-0p55-1p25,vix_rv_spread,20,0.55,1.25,raw_plus_rydberg_temporal,train,5429,regression,0.0593771228130332,0.8023760766605601,0.0992511268483232,0.0755299962077811,,,,,,
scalar-vix_rv_spread__lb-20__delta-0p55-1p25,vix_rv_spread,20,0.55,1.25,raw_plus_rydberg_temporal,train,5429,q90_warning,,,,,0.6095764272559853,0.6095764272559853,0.6095764272559853,0.1000184195984527,0.7194364422947898,0.954859941095278
scalar-vix_rv_spread__lb-20__delta-0p55-1p25,vix_rv_spread,20,0.55,1.25,raw_plus_rydberg_temporal,train,5429,q95_crisis,,,,,0.5735294117647058,0.5735294117647058,0.5735294117647058,0.0501013077914901,0.6522001142097404,0.9714501420114294
scalar-vix_rv_spread__lb-20__delta-0p55-1p25,vix_rv_spread,20,0.55,1.25,raw_plus_rydberg_temporal,val,1163,regression,0.0535957013203719,0.5310362500086662,0.0613204862386084,0.0446822464634261,,,,,,
scalar-vix_rv_spread__lb-20__delta-0p55-1p25,vix_rv_spread,20,0.55,1.25,raw_plus_rydberg_temporal,val,1163,q90_warning,,,,,0.0769230769230769,0.0625,0.0689655172413793,0.0223559759243336,0.0975436973285314,0.7321231211317417
scalar-vix_rv_spread__lb-20__delta-0p55-1p25,vix_rv_spread,20,0.55,1.25,raw_plus_rydberg_temporal,val,1163,q95_crisis,,,,,0.0,0.0,0.0,0.0103181427343078,,
scalar-vix_rv_spread__lb-20__delta-0p55-1p25,vix_rv_spread,20,0.55,1.25,raw_plus_rydberg_temporal,test,1164,regression,0.098693356651174,0.5952581368705174,0.1215856547648024,0.0861992471402975,,,,,,
scalar-vix_rv_spread__lb-20__delta-0p55-1p25,vix_rv_spread,20,0.55,1.25,raw_plus_rydberg_temporal,test,1164,q90_warning,,,,,0.3945578231292517,0.4461538461538462,0.4187725631768953,0.1262886597938144,0.4572427347340816,0.7856420175569113
scalar-vix_rv_spread__lb-20__delta-0p55-1p25,vix_rv_spread,20,0.55,1.25,raw_plus_rydberg_temporal,test,1164,q95_crisis,,,,,0.3392857142857143,0.3725490196078431,0.3551401869158878,0.0481099656357388,0.3958478424349024,0.7125240033120166
scalar-vix_rv_spread__lb-40__delta-0p25-1p0,vix_rv_spread,40,0.25,1.0,raw_last_baseline,train,5415,regression,0.0607443483737426,0.7919806483841093,0.0992926147333993,0.0747958597297617,,,,,,
scalar-vix_rv_spread__lb-40__delta-0p25-1p0,vix_rv_spread,40,0.25,1.0,raw_last_baseline,train,5415,q90_warning,,,,,0.5959409594095941,0.5959409594095941,0.5959409594095941,0.1000923361034164,0.6658935124453147,0.9137498362465668
scalar-vix_rv_spread__lb-40__delta-0p25-1p0,vix_rv_spread,40,0.25,1.0,raw_last_baseline,train,5415,q95_crisis,,,,,0.5830258302583026,0.5830258302583026,0.5830258302583026,0.0500461680517082,0.6138145227517444,0.9176355643805272
scalar-vix_rv_spread__lb-40__delta-0p25-1p0,vix_rv_spread,40,0.25,1.0,raw_last_baseline,val,1160,regression,0.053271557555027,0.5338278237660281,0.0615929410808625,0.0426419097281534,,,,,,
scalar-vix_rv_spread__lb-40__delta-0p25-1p0,vix_rv_spread,40,0.25,1.0,raw_last_baseline,val,1160,q90_warning,,,,,0.0526315789473684,0.03125,0.0392156862745098,0.0163793103448275,0.0787823526373022,0.7379488031914894
scalar-vix_rv_spread__lb-40__delta-0p25-1p0,vix_rv_spread,40,0.25,1.0,raw_last_baseline,val,1160,q95_crisis,,,,,0.0,0.0,0.0,0.0086206896551724,,
scalar-vix_rv_spread__lb-40__delta-0p25-1p0,vix_rv_spread,40,0.25,1.0,raw_last_baseline,test,1161,regression,0.0975784682510448,0.606232921773272,0.1217158402277649,0.0860405325049767,,,,,,
scalar-vix_rv_spread__lb-40__delta-0p25-1p0,vix_rv_spread,40,0.25,1.0,raw_last_baseline,test,1161,q90_warning,,,,,0.4491017964071856,0.5813953488372093,0.5067567567567568,0.1438415159345392,0.5276358945367126,0.83331079862989
scalar-vix_rv_spread__lb-40__delta-0p25-1p0,vix_rv_spread,40,0.25,1.0,raw_last_baseline,test,1161,q95_crisis,,,,,0.4117647058823529,0.5490196078431373,0.4705882352941176,0.0585701981050818,0.5687757512830329,0.7575693340399224
scalar-vix_rv_spread__lb-40__delta-0p25-1p0,vix_rv_spread,40,0.25,1.0,rydberg_temporal_features,train,5415,regression,0.0854406778240492,0.5110543126850126,0.0992926147333993,0.0467399959497971,,,,,,
scalar-vix_rv_spread__lb-40__delta-0p25-1p0,vix_rv_spread,40,0.25,1.0,rydberg_temporal_features,train,5415,q90_warning,,,,,0.544280442804428,0.544280442804428,0.544280442804428,0.1000923361034164,0.5434154188782615,0.915603752282136
scalar-vix_rv_spread__lb-40__delta-0p25-1p0,vix_rv_spread,40,0.25,1.0,rydberg_temporal_features,train,5415,q95_crisis,,,,,0.5461254612546126,0.5461254612546126,0.5461254612546126,0.0500461680517082,0.5798443544958356,0.9593418047321998
scalar-vix_rv_spread__lb-40__delta-0p25-1p0,vix_rv_spread,40,0.25,1.0,rydberg_temporal_features,val,1160,regression,0.0799562504017185,0.182574930622194,0.0615929410808625,0.0457066688054663,,,,,,
scalar-vix_rv_spread__lb-40__delta-0p25-1p0,vix_rv_spread,40,0.25,1.0,rydberg_temporal_features,val,1160,q90_warning,,,,,0.019047619047619,0.0625,0.0291970802919708,0.0905172413793103,0.0436524053988892,0.6917109929078014
scalar-vix_rv_spread__lb-40__delta-0p25-1p0,vix_rv_spread,40,0.25,1.0,rydberg_temporal_features,val,1160,q95_crisis,,,,,0.0,0.0,0.0,0.0620689655172413,,
scalar-vix_rv_spread__lb-40__delta-0p25-1p0,vix_rv_spread,40,0.25,1.0,rydberg_temporal_features,test,1161,regression,0.1241301554248537,0.1789352272933484,0.1217158402277649,0.0529082344305667,,,,,,
scalar-vix_rv_spread__lb-40__delta-0p25-1p0,vix_rv_spread,40,0.25,1.0,rydberg_temporal_features,test,1161,q90_warning,,,,,0.2074074074074074,0.2170542635658914,0.2121212121212121,0.1162790697674418,0.1823471229352291,0.635741541974641
scalar-vix_rv_spread__lb-40__delta-0p25-1p0,vix_rv_spread,40,0.25,1.0,rydberg_temporal_features,test,1161,q95_crisis,,,,,0.0760869565217391,0.1372549019607843,0.0979020979020979,0.0792420327304048,0.0708645505595707,0.5798268857092387
scalar-vix_rv_spread__lb-40__delta-0p25-1p0,vix_rv_spread,40,0.25,1.0,raw_plus_rydberg_temporal,train,5415,regression,0.0584330455852602,0.8097181222177741,0.0992926147333993,0.0759943242632892,,,,,,
scalar-vix_rv_spread__lb-40__delta-0p25-1p0,vix_rv_spread,40,0.25,1.0,raw_plus_rydberg_temporal,train,5415,q90_warning,,,,,0.6808118081180812,0.6808118081180812,0.6808118081180812,0.1000923361034164,0.761542339138777,0.9637731971409598
scalar-vix_rv_spread__lb-40__delta-0p25-1p0,vix_rv_spread,40,0.25,1.0,raw_plus_rydberg_temporal,train,5415,q95_crisis,,,,,0.6863468634686347,0.6863468634686347,0.6863468634686347,0.0500461680517082,0.7766228442042712,0.9831566744905398
scalar-vix_rv_spread__lb-40__delta-0p25-1p0,vix_rv_spread,40,0.25,1.0,raw_plus_rydberg_temporal,val,1160,regression,0.0549470072327511,0.5158950297415967,0.0615929410808625,0.045489298924073,,,,,,
scalar-vix_rv_spread__lb-40__delta-0p25-1p0,vix_rv_spread,40,0.25,1.0,raw_plus_rydberg_temporal,val,1160,q90_warning,,,,,0.05,0.0625,0.0555555555555555,0.0344827586206896,0.075035213608654,0.8046875
scalar-vix_rv_spread__lb-40__delta-0p25-1p0,vix_rv_spread,40,0.25,1.0,raw_plus_rydberg_temporal,val,1160,q95_crisis,,,,,0.0,0.0,0.0,0.0094827586206896,,
scalar-vix_rv_spread__lb-40__delta-0p25-1p0,vix_rv_spread,40,0.25,1.0,raw_plus_rydberg_temporal,test,1161,regression,0.0968241374429085,0.6113859251578969,0.1217158402277649,0.0840485124108867,,,,,,
scalar-vix_rv_spread__lb-40__delta-0p25-1p0,vix_rv_spread,40,0.25,1.0,raw_plus_rydberg_temporal,test,1161,q90_warning,,,,,0.4416666666666666,0.4108527131782946,0.4257028112449799,0.1033591731266149,0.4835808313576874,0.8215251487290426
scalar-vix_rv_spread__lb-40__delta-0p25-1p0,vix_rv_spread,40,0.25,1.0,raw_plus_rydberg_temporal,test,1161,q95_crisis,,,,,0.6046511627906976,0.5098039215686274,0.5531914893617021,0.037037037037037,0.6118512429601065,0.9066419360537008
scalar-vix_rv_spread__lb-40__delta-0p4-1p1,vix_rv_spread,40,0.4,1.1,raw_last_baseline,train,5415,regression,0.0607443483737426,0.7919806483841093,0.0992926147333993,0.0747958597297617,,,,,,
scalar-vix_rv_spread__lb-40__delta-0p4-1p1,vix_rv_spread,40,0.4,1.1,raw_last_baseline,train,5415,q90_warning,,,,,0.5959409594095941,0.5959409594095941,0.5959409594095941,0.1000923361034164,0.6658935124453147,0.9137498362465668
scalar-vix_rv_spread__lb-40__delta-0p4-1p1,vix_rv_spread,40,0.4,1.1,raw_last_baseline,train,5415,q95_crisis,,,,,0.5830258302583026,0.5830258302583026,0.5830258302583026,0.0500461680517082,0.6138145227517444,0.9176355643805272
scalar-vix_rv_spread__lb-40__delta-0p4-1p1,vix_rv_spread,40,0.4,1.1,raw_last_baseline,val,1160,regression,0.053271557555027,0.5338278237660281,0.0615929410808625,0.0426419097281534,,,,,,
scalar-vix_rv_spread__lb-40__delta-0p4-1p1,vix_rv_spread,40,0.4,1.1,raw_last_baseline,val,1160,q90_warning,,,,,0.0526315789473684,0.03125,0.0392156862745098,0.0163793103448275,0.0787823526373022,0.7379488031914894
scalar-vix_rv_spread__lb-40__delta-0p4-1p1,vix_rv_spread,40,0.4,1.1,raw_last_baseline,val,1160,q95_crisis,,,,,0.0,0.0,0.0,0.0086206896551724,,
scalar-vix_rv_spread__lb-40__delta-0p4-1p1,vix_rv_spread,40,0.4,1.1,raw_last_baseline,test,1161,regression,0.0975784682510448,0.606232921773272,0.1217158402277649,0.0860405325049767,,,,,,
scalar-vix_rv_spread__lb-40__delta-0p4-1p1,vix_rv_spread,40,0.4,1.1,raw_last_baseline,test,1161,q90_warning,,,,,0.4491017964071856,0.5813953488372093,0.5067567567567568,0.1438415159345392,0.5276358945367126,0.83331079862989
scalar-vix_rv_spread__lb-40__delta-0p4-1p1,vix_rv_spread,40,0.4,1.1,raw_last_baseline,test,1161,q95_crisis,,,,,0.4117647058823529,0.5490196078431373,0.4705882352941176,0.0585701981050818,0.5687757512830329,0.7575693340399224
scalar-vix_rv_spread__lb-40__delta-0p4-1p1,vix_rv_spread,40,0.4,1.1,rydberg_temporal_features,train,5415,regression,0.0856417164676286,0.5085100291685228,0.0992926147333993,0.0455062461188507,,,,,,
scalar-vix_rv_spread__lb-40__delta-0p4-1p1,vix_rv_spread,40,0.4,1.1,rydberg_temporal_features,train,5415,q90_warning,,,,,0.5239852398523985,0.5239852398523985,0.5239852398523985,0.1000923361034164,0.55019731772943,0.9258526347832736
scalar-vix_rv_spread__lb-40__delta-0p4-1p1,vix_rv_spread,40,0.4,1.1,rydberg_temporal_features,train,5415,q95_crisis,,,,,0.5239852398523985,0.5239852398523985,0.5239852398523985,0.0500461680517082,0.56459833346912,0.9566115791406749
scalar-vix_rv_spread__lb-40__delta-0p4-1p1,vix_rv_spread,40,0.4,1.1,rydberg_temporal_features,val,1160,regression,0.0813135700125344,0.1546418529146414,0.0615929410808625,0.0480036288664052,,,,,,
scalar-vix_rv_spread__lb-40__delta-0p4-1p1,vix_rv_spread,40,0.4,1.1,rydberg_temporal_features,val,1160,q90_warning,,,,,0.0,0.0,0.0,0.0939655172413793,0.0303348545081348,0.5647440159574468
scalar-vix_rv_spread__lb-40__delta-0p4-1p1,vix_rv_spread,40,0.4,1.1,rydberg_temporal_features,val,1160,q95_crisis,,,,,0.0,0.0,0.0,0.0853448275862069,,
scalar-vix_rv_spread__lb-40__delta-0p4-1p1,vix_rv_spread,40,0.4,1.1,rydberg_temporal_features,test,1161,regression,0.1265390339238656,0.1441403575570257,0.1217158402277649,0.0539257737922025,,,,,,
scalar-vix_rv_spread__lb-40__delta-0p4-1p1,vix_rv_spread,40,0.4,1.1,rydberg_temporal_features,test,1161,q90_warning,,,,,0.2767857142857143,0.2403100775193798,0.2572614107883817,0.0964685615848406,0.1849117310636414,0.6404963644011779
scalar-vix_rv_spread__lb-40__delta-0p4-1p1,vix_rv_spread,40,0.4,1.1,rydberg_temporal_features,test,1161,q95_crisis,,,,,0.0,0.0,0.0,0.0628768303186907,0.0542036600728315,0.6236707295530826
scalar-vix_rv_spread__lb-40__delta-0p4-1p1,vix_rv_spread,40,0.4,1.1,raw_plus_rydberg_temporal,train,5415,regression,0.0590719147784779,0.8048913726735748,0.0992926147333993,0.0757200967108208,,,,,,
scalar-vix_rv_spread__lb-40__delta-0p4-1p1,vix_rv_spread,40,0.4,1.1,raw_plus_rydberg_temporal,train,5415,q90_warning,,,,,0.7011070110701108,0.7011070110701108,0.7011070110701108,0.1000923361034164,0.7875794688794704,0.9717230950269692
scalar-vix_rv_spread__lb-40__delta-0p4-1p1,vix_rv_spread,40,0.4,1.1,raw_plus_rydberg_temporal,train,5415,q95_crisis,,,,,0.7158671586715867,0.7158671586715867,0.7158671586715867,0.0500461680517082,0.798376777785151,0.985525356808778
scalar-vix_rv_spread__lb-40__delta-0p4-1p1,vix_rv_spread,40,0.4,1.1,raw_plus_rydberg_temporal,val,1160,regression,0.056148316704836,0.4915166829800383,0.0615929410808625,0.0451239163232958,,,,,,
scalar-vix_rv_spread__lb-40__delta-0p4-1p1,vix_rv_spread,40,0.4,1.1,raw_plus_rydberg_temporal,val,1160,q90_warning,,,,,0.2272727272727272,0.15625,0.1851851851851851,0.0189655172413793,0.1285262875432548,0.707529920212766
scalar-vix_rv_spread__lb-40__delta-0p4-1p1,vix_rv_spread,40,0.4,1.1,raw_plus_rydberg_temporal,val,1160,q95_crisis,,,,,0.0,0.0,0.0,0.0077586206896551,,
scalar-vix_rv_spread__lb-40__delta-0p4-1p1,vix_rv_spread,40,0.4,1.1,raw_plus_rydberg_temporal,test,1161,regression,0.0987011321996956,0.5947890618115678,0.1217158402277649,0.0849990713235289,,,,,,
scalar-vix_rv_spread__lb-40__delta-0p4-1p1,vix_rv_spread,40,0.4,1.1,raw_plus_rydberg_temporal,test,1161,q90_warning,,,,,0.4434782608695652,0.3953488372093023,0.4180327868852459,0.099052540913006,0.4473111407490008,0.7977735712998018
scalar-vix_rv_spread__lb-40__delta-0p4-1p1,vix_rv_spread,40,0.4,1.1,raw_plus_rydberg_temporal,test,1161,q95_crisis,,,,,0.390625,0.4901960784313725,0.4347826086956521,0.0551248923341946,0.5343881051533743,0.8188482600247305
scalar-vix_rv_spread__lb-40__delta-0p55-1p25,vix_rv_spread,40,0.55,1.25,raw_last_baseline,train,5415,regression,0.0607443483737426,0.7919806483841093,0.0992926147333993,0.0747958597297617,,,,,,
scalar-vix_rv_spread__lb-40__delta-0p55-1p25,vix_rv_spread,40,0.55,1.25,raw_last_baseline,train,5415,q90_warning,,,,,0.5959409594095941,0.5959409594095941,0.5959409594095941,0.1000923361034164,0.6658935124453147,0.9137498362465668
scalar-vix_rv_spread__lb-40__delta-0p55-1p25,vix_rv_spread,40,0.55,1.25,raw_last_baseline,train,5415,q95_crisis,,,,,0.5830258302583026,0.5830258302583026,0.5830258302583026,0.0500461680517082,0.6138145227517444,0.9176355643805272
scalar-vix_rv_spread__lb-40__delta-0p55-1p25,vix_rv_spread,40,0.55,1.25,raw_last_baseline,val,1160,regression,0.053271557555027,0.5338278237660281,0.0615929410808625,0.0426419097281534,,,,,,
scalar-vix_rv_spread__lb-40__delta-0p55-1p25,vix_rv_spread,40,0.55,1.25,raw_last_baseline,val,1160,q90_warning,,,,,0.0526315789473684,0.03125,0.0392156862745098,0.0163793103448275,0.0787823526373022,0.7379488031914894
scalar-vix_rv_spread__lb-40__delta-0p55-1p25,vix_rv_spread,40,0.55,1.25,raw_last_baseline,val,1160,q95_crisis,,,,,0.0,0.0,0.0,0.0086206896551724,,
scalar-vix_rv_spread__lb-40__delta-0p55-1p25,vix_rv_spread,40,0.55,1.25,raw_last_baseline,test,1161,regression,0.0975784682510448,0.606232921773272,0.1217158402277649,0.0860405325049767,,,,,,
scalar-vix_rv_spread__lb-40__delta-0p55-1p25,vix_rv_spread,40,0.55,1.25,raw_last_baseline,test,1161,q90_warning,,,,,0.4491017964071856,0.5813953488372093,0.5067567567567568,0.1438415159345392,0.5276358945367126,0.83331079862989
scalar-vix_rv_spread__lb-40__delta-0p55-1p25,vix_rv_spread,40,0.55,1.25,raw_last_baseline,test,1161,q95_crisis,,,,,0.4117647058823529,0.5490196078431373,0.4705882352941176,0.0585701981050818,0.5687757512830329,0.7575693340399224
scalar-vix_rv_spread__lb-40__delta-0p55-1p25,vix_rv_spread,40,0.55,1.25,rydberg_temporal_features,train,5415,regression,0.0842164085013823,0.5341019355557474,0.0992926147333993,0.0462638323447529,,,,,,
scalar-vix_rv_spread__lb-40__delta-0p55-1p25,vix_rv_spread,40,0.55,1.25,rydberg_temporal_features,train,5415,q90_warning,,,,,0.551660516605166,0.551660516605166,0.551660516605166,0.1000923361034164,0.599744040442078,0.9315037373644824
scalar-vix_rv_spread__lb-40__delta-0p55-1p25,vix_rv_spread,40,0.55,1.25,rydberg_temporal_features,train,5415,q95_crisis,,,,,0.6346863468634686,0.6346863468634686,0.6346863468634686,0.0500461680517082,0.6711847823208961,0.9693993790637752
scalar-vix_rv_spread__lb-40__delta-0p55-1p25,vix_rv_spread,40,0.55,1.25,rydberg_temporal_features,val,1160,regression,0.078387422703234,0.1875019812086781,0.0615929410808625,0.0458580527723101,,,,,,
scalar-vix_rv_spread__lb-40__delta-0p55-1p25,vix_rv_spread,40,0.55,1.25,rydberg_temporal_features,val,1160,q90_warning,,,,,0.0,0.0,0.0,0.0836206896551724,0.0332597949435405,0.6147218528368794
scalar-vix_rv_spread__lb-40__delta-0p55-1p25,vix_rv_spread,40,0.55,1.25,rydberg_temporal_features,val,1160,q95_crisis,,,,,0.0,0.0,0.0,0.0387931034482758,,
scalar-vix_rv_spread__lb-40__delta-0p55-1p25,vix_rv_spread,40,0.55,1.25,rydberg_temporal_features,test,1161,regression,0.1257874802783879,0.1449458934171807,0.1217158402277649,0.0504953317795283,,,,,,
scalar-vix_rv_spread__lb-40__delta-0p55-1p25,vix_rv_spread,40,0.55,1.25,rydberg_temporal_features,test,1161,q90_warning,,,,,0.2340425531914893,0.2558139534883721,0.2444444444444444,0.1214470284237726,0.1858065288944598,0.610051980049276
scalar-vix_rv_spread__lb-40__delta-0p55-1p25,vix_rv_spread,40,0.55,1.25,rydberg_temporal_features,test,1161,q95_crisis,,,,,0.0,0.0,0.0,0.0292850990525409,0.0492905883467953,0.573679561914856
scalar-vix_rv_spread__lb-40__delta-0p55-1p25,vix_rv_spread,40,0.55,1.25,raw_plus_rydberg_temporal,train,5415,regression,0.0583414490671232,0.8104199566707154,0.0992926147333993,0.0760060179477056,,,,,,
scalar-vix_rv_spread__lb-40__delta-0p55-1p25,vix_rv_spread,40,0.55,1.25,raw_plus_rydberg_temporal,train,5415,q90_warning,,,,,0.7047970479704797,0.7047970479704797,0.7047970479704797,0.1000923361034164,0.7899339505542587,0.9696679421134454
scalar-vix_rv_spread__lb-40__delta-0p55-1p25,vix_rv_spread,40,0.55,1.25,raw_plus_rydberg_temporal,train,5415,q95_crisis,,,,,0.7343173431734318,0.7343173431734318,0.7343173431734318,0.0500461680517082,0.8256133822250222,0.9874191549069457
scalar-vix_rv_spread__lb-40__delta-0p55-1p25,vix_rv_spread,40,0.55,1.25,raw_plus_rydberg_temporal,val,1160,regression,0.0553641580477053,0.5099232557786866,0.0615929410808625,0.0465001233984951,,,,,,
scalar-vix_rv_spread__lb-40__delta-0p55-1p25,vix_rv_spread,40,0.55,1.25,raw_plus_rydberg_temporal,val,1160,q90_warning,,,,,0.1470588235294117,0.15625,0.1515151515151515,0.0293103448275862,0.0827629258639048,0.777094414893617
scalar-vix_rv_spread__lb-40__delta-0p55-1p25,vix_rv_spread,40,0.55,1.25,raw_plus_rydberg_temporal,val,1160,q95_crisis,,,,,0.0,0.0,0.0,0.0077586206896551,,
scalar-vix_rv_spread__lb-40__delta-0p55-1p25,vix_rv_spread,40,0.55,1.25,raw_plus_rydberg_temporal,test,1161,regression,0.0986610082718641,0.5945373755277266,0.1217158402277649,0.0835223660370514,,,,,,
scalar-vix_rv_spread__lb-40__delta-0p55-1p25,vix_rv_spread,40,0.55,1.25,raw_plus_rydberg_temporal,test,1161,q90_warning,,,,,0.5213675213675214,0.4728682170542636,0.4959349593495935,0.1007751937984496,0.4835137578874174,0.8091836428099273
scalar-vix_rv_spread__lb-40__delta-0p55-1p25,vix_rv_spread,40,0.55,1.25,raw_plus_rydberg_temporal,test,1161,q95_crisis,,,,,0.4363636363636363,0.4705882352941176,0.4528301886792453,0.0473729543496985,0.5057840680556083,0.806924571630454
