date,return_pct
1950-01-13,-1.8425452584785784
1950-01-20,1.370289801743052
1950-01-27,-0.4744962955678389
1950-02-03,2.755971624528497
1950-02-10,-0.2896100687122871
1950-02-17,-0.5234100590522317
1950-02-24,0.7551651743522569
1950-03-03,0.05785495341226188
1950-03-10,-1.163484659047187
1950-03-17,2.0846186313904447
1950-03-24,0.6283865423772461
1950-03-31,-1.5495205147205038
1950-04-07,2.7945916058278897
1950-04-14,1.0072743193402012
1950-04-21,0.0
1950-04-28,0.0
1950-05-05,1.4372842247307727
1950-05-12,-0.21977486097704002
1950-05-19,2.713134360205016
1950-05-26,-0.05354874976521984
1950-06-02,0.6406900509475566
1950-06-09,2.470555610421865
1950-06-16,-1.5171670503238754
1950-06-23,0.8921606385478675
1950-06-30,-7.878081577451512
1950-07-07,-0.11312477121809827
1950-07-14,-4.633134434435027
1950-07-21,4.1793621119197155
1950-07-28,0.5668970937334095
1950-08-04,2.511987267877025
1950-08-11,0.768819254840114
1950-08-18,2.1645845549061793
1950-08-25,-0.752283961882716
1950-09-01,0.05391384057293891
1950-09-08,1.0724004491788008
1950-09-15,2.8393121962458245
1950-09-22,0.7745952125514322
1950-09-29,0.05142827857409493
1950-10-06,3.386727765280595
1950-10-13,-1.3510360592121629
1950-10-20,0.5526198664395743
1950-10-27,-0.9564564678228304
1950-11-03,0.40383660138325617
1950-11-10,0.45237649661049595
1950-11-17,-0.40201019671894933
1950-11-24,2.289791834205479
1950-12-01,-3.3019500734104756
1950-12-08,-1.3313060551788602
1950-12-15,-0.3614757132574198
1950-12-22,3.7567858329356607
1950-12-29,1.7778276164483575
1951-01-05,2.130833753437722
1951-01-12,1.1434129471602272
1951-01-19,1.1773151893364808
1951-01-26,-0.46926589868592217
1951-02-02,3.2395191271002766
1951-02-09,0.9517452118886549
1951-02-16,-0.18059109294603637
1951-02-23,-0.9534650579696713
1951-03-02,0.045611078532337146
1951-03-09,0.09115979335403424
1951-03-16,-1.4223748505746592
1951-03-23,0.4150347428866663
1951-03-30,-1.1571524872855843
1951-04-06,1.111121512271529
1951-04-13,1.689156088735988
1951-04-20,-0.22659985155146778
1951-04-27,1.5755377526589953
1951-05-04,1.6829496828798085
1951-05-11,-1.9512837744044553
1951-05-18,-3.7413108515053306
1951-05-25,-2.2567931554987375
1951-06-01,2.1172225964136704
1951-06-08,0.04654516742927939
1951-06-15,2.52713258202677
1951-06-22,-2.2483244677533154
1951-06-29,-2.7759965373432394
1951-07-06,3.1927610000394235
1951-07-13,1.5589502375607633
1951-07-20,-0.4559988951510885
1951-07-27,2.927484572350325
1951-08-03,1.4103349113636199
1951-08-10,-0.26292506048113395
1951-08-17,0.6560251551932961
1951-08-24,-0.26190051500378786
1951-08-31,1.7331522526503829
1951-09-07,1.0681579562656474
1951-09-14,0.6776808793307332
1951-09-21,-1.2317034652752135
1951-09-28,-0.6000849130864516
1951-10-05,2.2109763206885624
1951-10-12,-0.3369839804928443
1951-10-19,-1.6163731936771342
1951-10-26,-2.2112335512865844
1951-11-02,0.5247097295844938
1951-11-09,-0.7880964781871391
1951-11-16,0.3072185663798077
1951-11-23,-1.857638922966176
1951-11-30,2.1202188000719158
1951-12-07,2.161779031675204
1951-12-14,-0.0427735687086539
1951-12-21,0.5972687826007572
1951-12-28,0.7627168426794562
1952-01-04,0.9661891557694702
1952-01-11,0.2505198237996442
1952-01-18,1.1196486873518374
1952-01-25,1.2295205780073815
1952-02-01,-1.0235504213748747
1952-02-08,-0.2472167191023278
1952-02-15,-1.580070950848933
1952-02-22,-2.977679613393347
1952-02-29,0.43085108142948414
1952-03-07,1.958338825090289
1952-03-14,0.12639852990816713
1952-03-21,0.755038419248466
1952-03-28,1.0392943134511334
1952-04-04,-0.6639022098203995
1952-04-11,0.37398817989235944
1952-04-18,-2.562629635825253
1952-04-25,0.17007195744267456
1952-05-02,0.08491953908649208
1952-05-09,1.1814512482242634
1952-05-16,-1.1814512482242634
1952-05-23,1.3909599673900708
1952-05-30,-0.12564935390013687
1952-06-06,1.6625470700135203
1952-06-13,0.4523989123826677
1952-06-20,0.898696035911728
1952-06-27,0.9712734014039714
1952-07-04,0.8821200626785153
1952-07-11,-0.2798310701983997
1952-07-18,-0.5217718478692568
1952-07-25,1.2397657874006374
1952-08-01,1.1460347206967647
1952-08-08,0.392151381456296
1952-08-15,-1.3793261996316808
1952-08-22,-0.8368289104828008
1952-08-29,0.15993971886589797
1952-09-05,0.7165572007205689
1952-09-12,-2.003272193415473
1952-09-19,-0.5681808837213254
1952-09-26,0.6490888910444248
1952-10-03,-0.9343945472183535
1952-10-10,0.20387056128843284
1952-10-17,-1.4359158474501754
1952-10-24,-0.7049586366175475
1952-10-31,2.0186051414113226
1952-11-07,1.0547774173659707
1952-11-14,-0.1211414895962104
1952-11-21,2.07924505003092
1952-11-28,1.5315413725954574
1952-12-05,-0.15600240154123313
1952-12-12,1.6260523273317062
1952-12-19,0.42153234243111903
1952-12-26,0.3816813114453588
1953-01-02,1.098707436256019
1953-01-09,-1.7484329267122067
1953-01-16,-0.23032434559495663
1953-01-23,0.1919725562275154
1953-01-30,1.1820899236526738
1953-02-06,0.4915913458803267
1953-02-13,-2.9475835658814287
1953-02-20,-0.42826856441156025
1953-02-27,1.0479446345134757
1953-03-06,-0.23192691574260849
1953-03-13,1.3072087319077497
1953-03-20,0.0
1953-03-27,-0.7283932291718642
1953-04-03,-2.9678095337523303
1953-04-10,-1.6383977028438856
1953-04-17,-0.8090612637129624
1953-04-24,-1.720649015470821
1953-05-01,2.166439833380096
1953-05-08,0.685072512772722
1953-05-15,-0.2412524942484673
1953-05-22,0.7619869668475499
1953-05-29,-1.977065628626562
1953-06-05,-1.8507653629461718
1953-06-12,-1.1271271845447295
1953-06-19,0.08392974822393207
1953-06-26,1.540088453623678
1953-07-03,0.6176734763294167
1953-07-10,0.20504102566496485
1953-07-17,-0.24610129591220442
1953-07-24,-0.49403492587059006
1953-07-31,2.123397307869901
1953-08-07,0.1211414895962104
1953-08-14,-0.6477749066889249
1953-08-21,-1.1027289649065963
1953-08-28,-2.537048565437372
1953-09-04,-0.71866755399288
1953-09-11,-1.841200861134551
1953-09-18,-0.8244725638955508
1953-09-25,1.5135358077368988
1953-10-02,1.2369572060441314
1953-10-09,0.29629522131351393
1953-10-16,2.008433828451084
1953-10-23,0.8661674809147257
1953-10-30,0.777261139561114
1953-11-06,0.28484126136039123
1953-11-13,-0.28484126136039123
1953-11-20,-0.4083320435138482
1953-11-27,0.8961335393351533
1953-12-04,1.2892994823693993
1953-12-11,-0.8846029311813108
1953-12-18,0.9246278627512705
1953-12-25,-0.763211328067559
1954-01-01,0.0403153770559328
1954-01-08,0.48251335989655253
1954-01-15,1.9857681657875492
1954-01-22,1.638102427683874
1954-01-29,0.8858118421583239
1954-02-05,0.8400176041543084
1954-02-12,-0.6867573636468283
1954-02-19,-0.7686462110632508
1954-02-26,0.8834301495665997
1954-03-05,1.4050006655556224
1954-03-12,0.6389800847349303
1954-03-19,0.4485948901693071
1954-03-26,-0.9368627827135878
1954-04-02,2.417821464778891
1954-04-09,0.6228270060542052
1954-04-16,2.024658373428867
1954-04-23,-0.5743010899803114
1954-04-30,1.713102331206784
1954-05-07,1.3706044490397584
1954-05-14,0.5221930805022978
1954-05-21,0.6575574387417848
1954-05-28,0.6875268123568645
1954-06-04,-0.30880158755612896
1954-06-11,-1.803101745413782
1954-06-18,1.596705165078438
1954-06-25,0.5494513919280575
1954-07-02,1.326773616655741
1954-07-09,1.8416701378943134
1954-07-16,-0.26578063893589743
1954-07-23,0.8282306891421953
1954-07-30,1.863102452946519
1954-08-06,-1.6324228436237043
1954-08-13,1.1129416384638713
1954-08-20,1.5824641020535157
1954-08-27,-1.7779658481370753
1954-09-03,-0.5232184853527944
1954-09-10,1.1085870029489353
1954-09-17,2.7819506035519304
1954-09-24,2.1526410214935954
1954-10-01,-0.34008567698493586
1954-10-08,1.1699556442540615
1954-10-15,-2.982510988762721
1954-10-22,1.315814669294113
1954-10-29,-1.4104629792016876
1954-11-05,3.199523698177442
1954-11-12,2.505797013057043
1954-11-19,-0.26869743090522924
1954-11-26,3.2355718748903417
1954-12-03,-0.17380525174290895
1954-12-10,0.20275080582181637
1954-12-17,3.8597208785803527
1954-12-24,-1.5430219439036996
1954-12-31,1.7099242780610702
1955-01-07,-1.8230702601417015
1955-01-14,-0.14163166600829058
1955-01-21,0.45248904489718633
1955-01-28,2.094171264181899
1955-02-04,2.1053422373769504
1955-02-11,0.5127590234502044
1955-02-18,-0.702331717381588
1955-02-25,-0.8712271247094172
1955-03-04,2.564591252223458
1955-03-11,-4.63677482256859
1955-03-18,1.0000100289217162
1955-03-25,2.1329733600642165
1955-04-01,-0.02705539606231433
1955-04-08,1.049947415792385
1955-04-15,1.6467807423492076
1955-04-22,0.13162892190838882
1955-04-29,-0.13162892190838882
1955-05-06,-0.1845740701518217
1955-05-13,-1.1947593992386984
1955-05-20,0.7980969485271938
1955-05-27,0.5021779331689125
1955-06-03,1.1533512675041546
1955-06-10,2.2675567806805574
1955-06-17,2.1424852032262187
1955-06-24,2.121966211883075
1955-07-01,0.5599516728080012
1955-07-08,3.4597290435937733
1955-07-15,-0.5644367317906518
1955-07-22,1.4051717467940872
1955-07-29,1.2020497372591255
1955-08-05,-2.230573576558914
1955-08-12,-0.8257739195978164
1955-08-19,-0.45114317937846593
1955-08-26,2.2821863240579
1955-09-02,1.4089545806384773
1955-09-09,0.6629374435984658
1955-09-16,2.6974006023316566
1955-09-23,1.1904922530423967
1955-09-30,-4.390409277937124
1955-10-07,-2.99847475246815
1955-10-14,-2.7752972966784473
1955-10-21,3.269588244118493
1955-10-28,-0.5178948088604418
1955-11-04,3.6839569279813578
1955-11-11,2.8701579640259656
1955-11-18,0.6609392390092506
1955-11-25,0.3069491289085846
1955-12-02,-0.5267827837663663
1955-12-09,0.9854470915602764
1955-12-16,-1.6699977599993865
1955-12-23,0.8165088450474034
1955-12-30,-0.043966713973375704
1956-01-06,-0.7503900949083153
1956-01-13,-1.0466663494764106
1956-01-20,-3.2998715050643224
1956-01-27,0.3003288704817475
1956-02-03,3.245491588310312
1956-02-10,-2.57874369317892
1956-02-17,1.9964389710735109
1956-02-24,1.7809892736459165
1956-03-02,1.0754008450618802
1956-03-09,1.9241743135259615
1956-03-16,3.036923866436325
1956-03-23,1.4231495895880464
1956-03-30,-0.7193583253389146
1956-04-06,0.7603014934045582
1956-04-13,-1.859553001219183
1956-04-20,-0.3970383300023972
1956-04-27,0.48042569049293604
1956-05-04,1.0777236811197355
1956-05-11,-2.9072410981345165
1956-05-18,-1.5613611068662436
1956-05-25,-3.8901740540339347
1956-06-01,2.1286898923515984
1956-06-08,-0.9700306121776858
1956-06-15,2.6883917500663213
1956-06-22,0.47332537350754933
1956-06-29,0.8123196924072484
1956-07-06,2.2524890241488738
1956-07-13,1.405563218773631
1956-07-20,1.2848086502833755
1956-07-27,-0.5486077809695011
1956-08-03,1.1345290890584447
1956-08-10,-1.1141596862557002
1956-08-17,-0.5515292464516541
1956-08-24,-1.798124147318081
1956-08-31,-0.9218637370469018
1956-09-07,0.6294671491815951
1956-09-14,-1.2629136196401713
1956-09-21,-1.3434411399453783
1956-09-28,-2.676116085166269
1956-10-05,2.396633877038701
1956-10-12,1.1771120025249715
1956-10-19,-1.6302341046914748
1956-10-26,0.06485521490793289
1956-11-02,1.5228156674744753
1956-11-09,-1.37164471899478
1956-11-16,-1.303229700656594
1956-11-23,-1.320446742236614
1956-11-30,-0.13300280786183727
1956-12-07,4.255959326364289
1956-12-14,-1.0686145507128764
1956-12-21,-0.3659502177232543
1956-12-28,0.40891575495130006
1957-01-04,0.21454304048122985
1957-01-11,-1.0340452788329735
1957-01-18,-3.3916506134441526
1957-01-25,0.4024157163556197
1957-02-01,-0.44722964975125734
1957-02-08,-2.9567749978244517
1957-02-15,0.43763430679084614
1957-02-22,-0.06897064311472967
1957-03-01,0.5962001897481972
1957-03-08,0.7516218306751643
1957-03-15,-0.04539368667622057
1957-03-22,0.02270374805166675
1957-03-29,0.11341554110284591
1957-04-05,0.8577954590900827
1957-04-12,1.0953453809337432
1957-04-19,0.9514405395512959
1957-04-26,0.19799842072716345
1957-05-03,1.829319634011517
1957-05-10,0.5380406806806626
1957-05-17,1.1948112337864192
1957-05-24,0.12716737238473996
1957-05-31,0.46492311581873835
1957-06-07,0.8816139686441016
1957-06-14,0.6250083924079775
1957-06-21,-2.0987128492555573
1957-06-28,0.46550529456217404
1957-07-05,2.7484547602510734
1957-07-12,0.7978015160439611
1957-07-19,-1.023969588470397
1957-07-26,-0.26796071818395717
1957-08-02,-1.602032492612615
1957-08-09,-1.6068044397355319
1957-08-16,-2.350504628601602
1957-08-23,-2.9225093156340254
1957-08-30,1.5825648526703429
1957-09-06,-1.2013512813330518
1957-09-13,0.2682141359786172
1957-09-20,-2.5088910860313174
1957-09-27,-2.643937444176636
1957-10-04,0.5624614735588729
1957-10-11,-4.419690513539853
1957-10-18,-1.5011892402073457
1957-10-25,0.6426080322976979
1957-11-01,-0.37023744165143313
1957-11-08,-0.6201185902399597
1957-11-15,0.4468734115564921
1957-11-22,1.2309363035023502
1957-11-29,2.0584387950264738
1957-12-06,-0.9876024739772227
1957-12-13,-1.4139724230881168
1957-12-20,-3.117070745088446
1957-12-27,0.7570039769016379
1958-01-03,2.703202870225674
1958-01-10,-1.2309363035023502
1958-01-17,1.7921175969474845
1958-01-24,1.4732801882844537
1958-01-31,-0.023973915835950876
1958-02-07,0.07191365331413735
1958-02-14,-0.9631610806883906
1958-02-21,-1.094770080341112
1958-02-28,-0.09789749908111212
1958-03-07,2.9672893315728643
1958-03-14,0.6161207441067962
1958-03-21,0.2123808182146636
1958-03-28,-0.5199666850544293
1958-04-04,-1.7208866795541677
1958-04-11,0.6248569535924897
1958-04-18,2.2973121555990517
1958-04-25,1.5104307790290594
1958-05-02,0.7581840322963274
1958-05-09,0.9113791299946605
1958-05-16,-1.669563162290988
1958-05-23,1.1693319623076626
1958-05-30,0.5002311999833253
1958-06-06,1.2397301569631036
1958-06-13,0.8476541246287717
1958-06-20,-0.3783291163614422
1958-06-27,0.11142742491694335
1958-07-04,1.2614965951112111
1958-07-11,0.5483070942892798
1958-07-18,0.10929990407890777
1958-07-25,2.5880261360957224
1958-08-01,1.1010071876714544
1958-08-08,1.1722921633655403
1958-08-15,-1.1512408497673654
1958-08-22,0.48304103865191017
1958-08-29,0.041894549962462335
1958-09-05,0.45967740344527996
1958-09-12,1.160629730235474
1958-09-19,1.776831681856672
1958-09-26,0.5249321925255401
1958-10-03,1.4195961544805513
1958-10-10,2.0047850575109383
1958-10-17,0.13611999352658444
1958-10-24,-1.2711576428942273
1958-10-31,1.0182199610816678
1958-11-07,1.7955815730422486
1958-11-14,1.5757361494869837
1958-11-21,-0.7373119445370335
1958-11-28,-0.41833341111434663
1958-12-05,-0.038117892638789286
1958-12-12,1.4383331499653096
1958-12-19,1.584520926335875
1958-12-26,0.07395251846467055
1959-01-02,2.428230717641311
1959-01-09,0.5934768498638832
1959-01-16,0.07169907973567646
1959-01-23,0.33986013282678584
1959-01-30,-0.9869963179720997
1959-02-06,-1.9669216042904392
1959-02-13,0.09191881958519055
1959-02-20,2.0011624735195355
1959-02-27,-0.19832443181098114
1959-03-06,1.4334580600897873
1959-03-13,0.8150277144338247
1959-03-20,-0.4953110875362654
1959-03-27,-1.1235090644695411
1959-04-03,1.212136630209848
1959-04-10,-0.3905515461383402
1959-04-17,2.9790129272591948
1959-04-24,0.06903851926871596
1959-05-01,-0.5362828473588266
1959-05-08,-0.5740675547146523
1959-05-15,1.4548232965776897
1959-05-22,0.2918741555172133
1959-05-29,0.5982386318610367
1959-06-05,-2.0140141935447
1959-06-12,-0.3832712138946981
1959-06-19,-0.2796712968470061
1959-06-26,1.4768724165715064
1959-07-03,2.217384479736406
1959-07-10,1.0571473153207833
1959-07-17,-1.2090848047650482
1959-07-24,0.7741588623228601
1959-07-31,1.4314438771101834
1959-08-07,-1.0633085798875896
1959-08-14,-0.9734853935895238
1959-08-21,-0.35481845048108696
1959-08-28,0.8763059813329477
1959-09-04,-1.7945251566223064
1959-09-11,-1.9491795381402888
1959-09-18,-2.1479720837707994
1959-09-25,0.9564382585336872
1959-10-02,0.8250748454542212
1959-10-09,-0.3502643889303769
1959-10-16,0.5772811024598035
1959-10-23,-1.352203299058008
1959-10-30,1.683067550256201
1959-11-06,0.1389819839761941
1959-11-13,-1.3106347854785483
1959-11-20,0.21086415633186917
1959-11-27,1.2732351817149379
1959-12-04,1.973462104143664
1959-12-11,0.05096847831529416
1959-12-18,0.4406011542713806
1959-12-25,-0.23700601981584413
1960-01-01,1.4972092179441177
1960-01-08,-0.653322353357666
1960-01-15,-1.9002928829705112
1960-01-22,-1.7277554553895236
1960-01-29,-3.1332776992939237
1960-02-05,0.6631423734990705
1960-02-12,-0.9332452230289334
1960-02-19,1.396625366737858
1960-02-26,-0.14235203465897683
1960-03-04,-2.8720481394767017
1960-03-11,-0.606560102844389
1960-03-18,1.4096281798011923
1960-03-25,1.7479519534699506
1960-04-01,-0.9873506972715163
1960-04-08,1.7170858058014993
1960-04-15,0.07091103937550969
1960-04-22,-1.8060430993859455
1960-04-29,-1.9127994882706556
1960-05-06,0.6964857184085904
1960-05-13,0.9995526035305069
1960-05-20,0.774569863557506
1960-05-27,0.017945879874048387
1960-06-03,0.8752361996964275
1960-06-10,3.0475242245943335
1960-06-17,-0.9184755577440029
1960-06-24,0.41695974358377796
1960-07-01,-1.0807128414692002
1960-07-08,0.5592459315139742
1960-07-15,-2.3451693261580253
1960-07-22,-2.4014840283937744
1960-07-29,1.4333858842406677
1960-08-05,-0.12618243539863627
1960-08-12,2.1767161598440055
1960-08-19,0.6158169892542809
1960-08-26,1.0295879609023117
1960-09-02,-1.0471273376341905
1960-09-09,-1.5737207193901703
1960-09-16,-1.7982861670353678
1960-09-23,-2.2200692745902195
1960-09-30,-0.7075081851287024
1960-10-07,0.9484000889806943
1960-10-14,1.5245071372165242
1960-10-21,-2.099910225660251
1960-10-28,-0.5787402883712378
1960-11-04,2.7515384814508437
1960-11-11,1.7514168043918588
1960-11-18,-0.0895321712154562
1960-11-25,0.5538225342383463
1960-12-02,-1.3271386957571352
1960-12-09,2.249295338336399
1960-12-16,0.9661897314642509
1960-12-23,0.4186989107844319
1960-12-30,1.1596875758698388
1961-01-06,0.49781393718477673
1961-01-13,2.0339632507064387
1961-01-20,0.6022109496119477
1961-01-27,2.112294023206829
1961-02-03,1.58759128911381
1961-02-10,-1.1639336276162204
1961-02-17,0.970878955564114
1961-02-24,1.184585144750372
1961-03-03,1.7509724139483929
1961-03-10,-0.7376651508041121
1961-03-17,0.8158194912611272
1961-03-24,0.6541032119681489
1961-03-31,0.9885768040394538
1961-04-07,1.3738600291612002
1961-04-14,0.6196704729357627
1961-04-21,-0.9081432267957545
1961-04-28,-0.7018629740008109
1961-05-05,1.8357477326946814
1961-05-12,-0.030065619788999243
1961-05-19,1.1512374473317877
1961-05-26,-1.2565555864030742
1961-06-02,0.4505910950631353
1961-06-09,-0.10495494050006826
1961-06-16,-2.24524497252645
1961-06-23,-0.030683815581777907
1961-06-30,-0.8012435165124288
1961-07-07,1.733035150224005
1961-07-14,-0.747806431640452
1961-07-21,-0.6454581666891279
1961-07-28,2.812374270797058
1961-08-04,1.4435866809631825
1961-08-11,0.5598913394311289
1961-08-18,0.33737231780834875
1961-08-25,-0.9120433193915645
1961-09-01,0.7655039150010978
1961-09-08,-0.4556562431847766
1961-09-15,-0.3394022731421309
1961-09-22,-1.3842600825886286
1961-09-29,0.014990087532584795
1961-10-06,0.35900989278427886
1961-10-13,1.5851004833813853
1961-10-20,-0.05880758072764891
1961-10-27,0.49874879244207193
1961-11-03,1.6399829175920644
1961-11-10,2.2770280268338716
1961-11-17,0.7709100374871269
1961-11-24,0.3066970098374533
1961-12-01,-0.0835504304744994
1961-12-08,0.3615664303064925
1961-12-15,-0.04165050898308209
1961-12-22,-1.5393508966147884
1961-12-29,0.8985029694185798
1962-01-05,-2.677023114551247
1962-01-12,-0.07180735603133925
1962-01-19,-1.2431507402053121
1962-01-26,-0.9059132074946241
1962-02-02,2.4359626538418055
1962-02-09,0.9551798247361631
1962-02-16,0.15594102712794822
1962-02-23,-0.6110039268325984
1962-03-02,0.0
1962-03-09,0.3698887464525846
1962-03-16,0.7357196035568059
1962-03-23,-0.6931288733940555
1962-03-30,-1.2857232778553218
1962-04-06,-1.0261044102136019
1962-04-13,-1.3748861108838106
1962-04-20,1.0110641082833105
1962-04-27,-3.3956754898581742
1962-05-04,-0.09054653941973356
1962-05-11,-5.572077212946169
1962-05-18,1.8502910370591152
1962-05-25,-7.059461182340687
1962-06-01,-0.15145169214623166
1962-06-08,-1.578578635247485
1962-06-15,-4.478623860991249
1962-06-22,-5.914957969293022
1962-06-29,3.854148602851959
1962-07-06,2.560540524928534
1962-07-13,2.912492988694382
1962-07-20,-1.7795313090401166
1962-07-27,0.6841520981415883
1962-08-03,1.5955908600471247
1962-08-10,-0.9855698413417713
1962-08-17,2.5052770714400374
1962-08-24,0.9613085392534693
1962-08-31,-0.7750719444798548
1962-09-07,-1.2595874851164979
1962-09-14,0.8697902870335561
1962-09-21,-2.0587462128079714
1962-09-28,-2.4922282883818703
1962-10-05,1.4117037620906103
1962-10-12,-0.2104875911377313
1962-10-19,-2.417037157958646
1962-10-26,-1.9068937506469652
1962-11-02,5.71889551981144
1962-11-09,1.7678290821546483
1962-11-16,2.3206036881767034
1962-11-23,2.267970766562666
1962-11-30,1.1631753283626978
1962-12-07,1.2767537839973642
1962-12-14,-0.7800750761521869
1962-12-21,0.11181168058262969
1962-12-28,0.5095547628986452
1963-01-04,1.8412640764686294
1963-01-11,1.1164656900672476
1963-01-18,0.5075790858367846
1963-01-25,1.1289179732832721
1963-02-01,0.5898820738410748
1963-02-08,-0.21135182107139272
1963-02-15,0.3620542344574318
1963-02-22,-0.7405844872271139
1963-03-01,-2.7997517702333496
1963-03-08,1.9007036758474705
1963-03-15,0.9142200873557549
1963-03-22,0.3935853261658018
1963-03-29,0.5724590012676778
1963-04-05,2.536285902001012
1963-04-12,0.7150674469481366
1963-04-19,0.6666788661693346
1963-04-26,0.6765930802777653
1963-05-03,0.4723430253990024
1963-05-10,0.697260569081326
1963-05-17,-0.3266755714278702
1963-05-24,-0.38486866287925636
1963-05-31,1.107817621957441
1963-06-07,-0.5523693261345386
1963-06-14,-0.22750423283959265
1963-06-21,0.0
1963-06-28,-1.260577122342088
1963-07-05,1.2178651133831764
1963-07-12,-0.8294081988660551
1963-07-19,-1.8697565290137774
1963-07-26,0.27759889585574626
1963-08-02,1.1027420428740164
1963-08-09,1.6884079024748644
1963-08-16,1.4228520639717246
1963-08-23,0.37696976224061984
1963-08-30,1.0259314340991033
1963-09-06,0.4678642722701021
1963-09-13,0.45202712879444107
1963-09-20,0.1775174655134215
1963-09-27,-1.6090642089047869
1963-10-04,0.9932503258363923
1963-10-11,-0.7993452850726612
1963-10-18,1.4424359964261946
1963-10-25,0.9366829264193299
1963-11-01,-0.24350702014217518
1963-11-08,-0.6386341603871415
1963-11-15,-1.3863404280908043
1963-11-22,-3.8607188038517926
1963-11-29,5.069697496520487
1963-12-06,1.045987429023132
1963-12-13,0.0810449316047901
1963-12-20,0.29661775304807847
1963-12-27,0.21517445203178553
1964-01-03,1.413919168396216
1964-01-10,0.9753575071155041
1964-01-17,0.41884839297683385
1964-01-24,0.7158266504302624
1964-01-31,-0.09082023865429889
1964-02-07,0.18155806898896287
1964-02-14,0.38795218016955957
1964-02-21,0.18052794604912492
1964-02-28,0.2316309084285706
1964-03-06,0.6533807176646533
1964-03-13,1.0543150658305578
1964-03-20,-0.2783770291964416
1964-03-27,0.3415401099037929
1964-04-03,0.9426324771610872
1964-04-10,-0.11265282719552516
1964-04-17,0.8728291957780243
1964-04-24,-0.9981405844531999
1964-05-01,0.5252615550257467
1964-05-08,1.0299797457228088
1964-05-15,0.12337876341446119
1964-05-22,-0.45726473174285687
1964-05-29,-0.44692885903092616
1964-06-05,-1.6940063897677327
1964-06-12,0.7313131179835786
1964-06-19,1.6076125803405894
1964-06-26,0.7021891496875377
1964-07-03,1.3897571072535975
1964-07-10,0.9158923273110631
1964-07-17,0.7767279478111178
1964-07-24,-0.6568400611291381
1964-07-31,-0.3360526210125947
1964-08-07,-1.5996459463327284
1964-08-14,0.5967959574158854
1964-08-21,-0.34059001713186987
1964-08-28,-0.097527536982156
1964-09-04,0.9347616136379244
1964-09-11,0.830273484825117
1964-09-18,0.03595088834806859
1964-09-25,0.8706545748516703
1964-10-02,0.1779694675710708
1964-10-09,1.0142799550249215
1964-10-16,-0.45868869912721877
1964-10-23,0.36476778265743803
1964-10-30,-0.32941062645752694
1964-11-06,0.43506769543339985
1964-11-13,-0.023473682546626407
1964-11-20,1.2479020277297082
1964-11-27,-1.3065924344825675
1964-12-04,-0.9557092125844768
1964-12-11,-0.8213781114355889
1964-12-18,0.7502235083256537
1964-12-25,-0.16623061013669727
1965-01-01,0.7104807490899923
1965-01-08,0.7289036934338355
1965-01-15,0.9791386407200342
1965-01-22,0.6128944177147488
1965-01-29,0.9409130992749759
1965-02-05,-0.30883255363960416
1965-02-12,-1.2913851233253837
1965-02-19,0.0464101599752631
1965-02-26,1.4052307081216853
1965-03-05,-0.7231819858511734
1965-03-12,0.4712335916127408
1965-03-19,-0.4251689901607847
1965-03-26,-0.7397160572899075
1965-04-02,0.3821018244940966
1965-04-09,1.1833084260630677
1965-04-16,0.6715681381910699
1965-04-23,0.8247188275329442
1965-04-30,0.2584454044809448
1965-05-07,0.8270027773008337
1965-05-14,0.2778551431845244
1965-05-21,-1.5096719323373975
1965-05-28,-0.37252606660311827
1965-06-04,-1.4926472852017092
1965-06-11,-2.3109636976966996
1965-06-18,0.25811769873511636
1965-06-25,-2.7080026038539096
1965-07-02,2.4968674218649234
1965-07-09,0.6437611201133286
1965-07-16,-0.023333305693196138
1965-07-23,-1.9086379654987162
1965-07-30,1.3938334646440786
1965-08-06,0.9572798952087069
1965-08-13,0.8099986001963266
1965-08-20,-0.0922336074637542
1965-08-27,0.5865730874671904
1965-09-03,0.9814076685546347
1965-09-10,1.1965434394634933
1965-09-17,1.0381298513665094
1965-09-24,-0.03332749377467081
1965-10-01,-0.1333872123167268
1965-10-08,1.0511819595951266
1965-10-15,0.5816828031822041
1965-10-22,0.6544592529703408
1965-10-29,0.4772187021679919
1965-11-05,-0.05411052907140501
1965-11-12,0.1946791654572344
1965-11-19,-0.335521919233539
1965-11-26,-0.2279255214744147
1965-12-03,-0.8292487838045481
1965-12-10,0.5790221121459993
1965-12-17,0.3045453429110445
1965-12-24,0.11939069937314528
1965-12-31,0.25999132855476503
1966-01-07,0.7652126422793337
1966-01-14,0.38577052934654077
1966-01-21,-0.03208940403105487
1966-01-28,-0.17132851728653975
1966-02-04,-0.05359427951097118
1966-02-11,0.5880119826493058
1966-02-18,-1.5036196583970707
1966-02-25,-1.3838458389998642
1966-03-04,-2.106743351258533
1966-03-11,-0.43798081992854065
1966-03-18,-0.3608073592632266
1966-03-25,1.1343999203228705
1966-04-01,0.44573454497882636
1966-04-08,2.0033687614350093
1966-04-15,0.25033561649010494
1966-04-22,0.30391729421825886
1966-04-29,-1.3200422113153643
1966-05-06,-3.600166702513441
1966-05-13,-2.7351484610371735
1966-05-20,-0.046812072440793884
1966-05-27,2.199673665695734
1966-06-03,-1.4649368350916347
1966-06-10,0.4405860840825504
1966-06-17,0.08094790031076826
1966-06-24,0.08088242768033993
1966-07-01,-1.126675727870019
1966-07-08,2.3093047761124197
1966-07-15,-0.6067896251344074
1966-07-22,-1.9364024558740311
1966-07-29,-2.1419730996361075
1966-08-05,0.4773297004797783
1966-08-12,-0.993011497852514
1966-08-19,-4.362133179648531
1966-08-26,-4.115172648173271
1966-09-02,1.3131495912005242
1966-09-09,-1.4703241395817024
1966-09-16,4.73597200517526
1966-09-23,-2.9432541297754966
1966-09-30,-1.4394343600853787
1966-10-07,-4.487933597931804
1966-10-14,4.540167754987134
1966-10-21,2.0544736533988583
1966-10-28,2.588032367022386
1966-11-04,0.7078573003003186
1966-11-11,1.388661188010154
1966-11-18,-0.833338506536041
1966-11-25,-0.5058349698257913
1966-12-02,-0.8945285636751343
1966-12-09,2.477481958438421
1966-12-16,-0.6840944763478518
1966-12-23,-0.13492870282902913
1966-12-30,-1.4091696326139491
1967-01-06,2.2768794188888997
1967-01-13,2.819451933100403
1967-01-20,1.8054428615941198
1967-01-27,0.10451602360097567
1967-02-03,1.3831443631496576
1967-02-10,0.30858547415970605
1967-02-17,0.2962651907242986
1967-02-24,-0.5476291143892809
1967-03-03,1.0017126794871878
1967-03-10,0.6772782104175867
1967-03-17,1.5183953825776086
1967-03-24,0.7616378030214754
1967-03-31,-0.8170582007863025
1967-04-07,-0.9356231644142454
1967-04-14,1.1902912535907362
1967-04-21,2.046810044516345
1967-04-28,1.835700774162774
1967-05-05,0.45635557548138195
1967-05-12,-1.0217192487341542
1967-05-19,-1.5198391596221938
1967-05-26,-1.1909414945802332
1967-06-02,-1.316611831031178
1967-06-09,1.9520847690780663
1967-06-16,1.0646524952353076
1967-06-23,-0.585241632312794
1967-06-30,-1.4892967063088847
1967-07-07,1.1517738702602642
1967-07-14,1.138650724014223
1967-07-21,1.39203774786818
1967-07-28,0.47737527791502643
1967-08-04,1.4081821276463735
1967-08-11,-0.712119768427133
1967-08-18,-0.38962061186111896
1967-08-25,-2.2189964009096563
1967-09-01,1.0516282896089635
1967-09-08,0.7232538460701043
1967-09-15,2.0039447912084007
1967-09-22,0.7554269583494921
1967-09-29,-0.2994178241239709
1967-10-06,0.5671026677617874
1967-10-13,-1.3039635471924882
1967-10-20,-0.6479307393963296
1967-10-27,-0.4413143413649401
1967-11-03,-3.406134499385338
1967-11-10,0.46741789559590075
1967-11-17,0.6593555902877135
1967-11-24,1.1568271939052188
1967-12-01,0.6369432035438827
1967-12-08,0.9688346398841752
1967-12-15,-0.40955625207654833
1967-12-22,0.17872913632661636
1967-12-29,1.3252182095129683
1968-01-05,-0.5509070315032005
1968-01-12,0.8097197406399914
1968-01-19,-1.542021973884733
1968-01-26,-1.8973497943703066
1968-02-02,-1.2707476036159626
1968-02-09,-2.6466114774563287
1968-02-16,0.11122064798021469
1968-02-23,1.028486050133548
1968-03-01,-1.9778408941355963
1968-03-08,-0.0898190599609272
1968-03-15,0.07859394768621186
1968-03-22,-0.7661149661804423
1968-03-29,1.9931225545848363
1968-04-05,3.36835375513056
1968-04-12,3.4140897428033945
1968-04-19,-0.7069374642474813
1968-04-26,1.4089123842733642
1968-05-03,1.4806055509132499
1968-05-10,-0.16230847460301234
1968-05-17,-1.637701353437837
1968-05-24,0.257665688620623
1968-05-31,1.562610322386515
1968-06-07,2.590788944210498
1968-06-14,-0.1383393440686831
1968-06-21,-0.46582530259620114
1968-06-28,-1.078717812738006
1968-07-05,1.3267707165471876
1968-07-12,1.4071500825907357
1968-07-19,-1.8540938384644434
1968-07-26,-2.13288044640203
1968-08-02,-1.754160115700909
1968-08-09,0.39248644063984983
1968-08-16,1.7068206759820015
1968-08-23,0.010135416831147381
1968-08-30,0.17210651306633906
1968-09-06,2.339401264494434
1968-09-13,-0.3365303997602709
1968-09-20,0.7900525341812958
1968-09-27,0.6373447986152136
1968-10-04,1.3591137745861737
1968-10-11,-0.5123494999672573
1968-10-18,1.576955168838623
1968-10-25,-0.5932490430829773
1968-11-01,-1.1000780820858758
1968-11-08,0.8598665735177313
1968-11-15,1.745146915173379
1968-11-22,0.49038599590023324
1968-11-29,1.9286009222572176
1968-12-06,-0.40684516146010097
1968-12-13,-0.324809779929236
1968-12-20,-1.15933002270463
1968-12-27,-1.516040518266415
1969-01-03,-0.7186348326298386
1969-01-10,-2.986750985508202
1969-01-17,1.0839665448648894
1969-01-24,0.3424478479051807
1969-01-31,0.6134737431583659
1969-02-07,0.5035322353515781
1969-02-14,0.07724421673103166
1969-02-21,-3.7565869083755032
1969-02-28,-1.677488484157852
1969-03-07,0.5285145707042638
1969-03-14,-0.6610769265653182
1969-03-21,1.6495817818371172
1969-03-28,1.869404035192801
1969-04-04,-0.8210163542610616
1969-04-11,0.9588381787200895
1969-04-18,-0.4041640509194977
1969-04-25,0.4730037978272428
1969-05-02,2.216694658683327
1969-05-09,1.0045557200163202
1969-05-16,0.8436462820023749
1969-05-23,-1.282500940933673
1969-05-30,-1.086285402594811
1969-06-06,-1.3036436457358747
1969-06-13,-3.4570371332690364
1969-06-20,-2.027515040100347
1969-06-27,0.6804187716030086
1969-07-04,2.3155282033235025
1969-07-11,-3.9313118802996705
1969-07-18,-0.8599043363878067
1969-07-25,-3.0909893248246334
1969-08-01,1.5200030384964869
1969-08-08,0.501576433351314
1969-08-15,0.06384756821598003
1969-08-22,2.0219709359860616
1969-08-29,-0.4283515216655154
1969-09-05,-1.9773340308564258
1969-09-12,0.5219140275879219
1969-09-19,1.119814353040649
1969-09-26,-1.0879418066499724
1969-10-03,-1.0355055848710215
1969-10-10,0.39624696257059
1969-10-17,2.8449970445833195
1969-10-24,1.9138361315099495
1969-10-31,-1.0243891790878479
1969-11-07,1.1669692889611838
1969-11-14,-1.2184683900831494
1969-11-21,-2.8739111586681965
1969-11-28,-0.5421818880730456
1969-12-05,-2.242191799547566
1969-12-12,-1.0080131300409967
1969-12-19,0.6257221261453338
1969-12-26,0.5565596792179051
1970-01-02,1.2007290282660676
1970-01-09,-0.6472497991777182
1970-01-16,-1.614701631632176
1970-01-23,-1.719489271915009
1970-01-30,-4.989860267941015
1970-02-06,1.5290700010780256
1970-02-13,0.24295619186007755
1970-02-20,1.7070906229937677
1970-02-27,1.656097367489373
1970-03-06,-0.06705885774396236
1970-03-13,-1.7823391208871442
1970-03-20,-0.9147137413147988
1970-03-27,3.2322857700877172
1970-04-03,-0.5911553510428824
1970-04-10,-1.2948461535873257
1970-04-17,-2.955766613332056
1970-04-24,-3.4437048262672576
1970-05-01,-1.619905355974538
1970-05-08,-2.4864532310563625
1970-05-15,-3.2496154115646547
1970-05-22,-6.237356936143534
1970-05-29,5.781183497735309
1970-06-05,-0.49765016242515614
1970-06-12,-3.0525542190863675
1970-06-19,4.201248321884421
1970-06-26,-4.757742512645002
1970-07-03,-0.7514251547171114
1970-07-10,2.0764793439312257
1970-07-17,4.259886224798848
1970-07-24,0.16718832475444145
1970-07-31,0.2951222426628597
1970-08-07,-0.9914511953061478
1970-08-14,-2.754993191311428
1970-08-21,5.259595267605821
1970-08-28,3.2529283648940144
1970-09-04,1.1779858196050874
1970-09-11,-0.374968919354135
1970-09-18,0.12111676893589163
1970-09-25,0.2538521504182434
1970-10-02,2.774154631162151
1970-10-09,-0.09398711743706656
1970-10-16,-0.9447437401512992
1970-10-23,-0.6069666359589831
1970-10-30,-0.622677923194459
1970-11-06,1.1584308367447171
1970-11-13,-1.0143871860989861
1970-11-20,0.41893467915707916
1970-11-27,2.605510271799716
1970-12-04,4.025857289419399
1970-12-11,0.8902830295603792
1970-12-18,-0.044327255583276326
1970-12-25,0.43134434594547244
1971-01-01,1.685311170447612
1971-01-08,0.04339906183608022
1971-01-15,0.9070317366024483
1971-01-22,1.9690897642600014
1971-01-29,1.0484474618686512
1971-02-05,1.0891690732784731
1971-02-12,1.5356567088623763
1971-02-19,-1.7318693428901355
1971-02-26,0.01033865972379644
1971-03-05,2.258538692285228
1971-03-12,0.6145192502312824
1971-03-19,1.435863165473883
1971-03-26,-1.054951257623049
1971-04-02,0.6084509590322362
1971-04-09,1.51981702217876
1971-04-16,1.3522258812504795
1971-04-23,0.5396613131187777
1971-04-30,-0.09615972232852599
1971-05-07,-1.0443903103600327
1971-05-14,-0.6436570458813407
1971-05-21,-1.2008030498093625
1971-05-28,-1.3558184396631034
1971-06-04,1.6623144891634745
1971-06-11,-0.22730983134566785
1971-06-18,-2.0996556824449897
1971-06-25,-0.9951375395439221
1971-07-02,1.8102339351712793
1971-07-09,0.90787639753378
1971-07-16,-1.581616359734106
1971-07-23,-0.1716720101756053
1971-07-30,-3.455001816787462
1971-08-06,-1.40127859791912
1971-08-13,1.5162998976753883
1971-08-20,2.7215362108717223
1971-08-27,2.1629548715269564
1971-09-03,0.20877780454222616
1971-09-10,-0.2685141801688218
1971-09-17,-0.45912755647803394
1971-09-24,-1.827316053894723
1971-10-01,0.7915596151028659
1971-10-08,0.4337091908102053
1971-10-15,-1.5927292641636726
1971-10-22,-2.296337160148987
1971-10-29,-1.4120322241314653
1971-11-05,0.24378169321916943
1971-11-12,-2.508435000800091
1971-11-19,-0.5551662078130626
1971-11-26,0.3595774242807437
1971-12-03,5.419310189106774
1971-12-10,0.6469905832721778
1971-12-17,2.596760848605051
1971-12-24,0.4776085969854904
1971-12-31,1.3311822197421996
1972-01-07,1.342698610497095
1972-01-14,-0.07734877193010803
1972-01-21,0.2511613908033006
1972-01-28,0.49083600155146456
1972-02-04,0.6697919346260406
1972-02-11,0.20958492776594895
1972-02-18,0.19014737395037784
1972-02-25,0.8512314047479208
1972-03-03,1.6439769779013957
1972-03-10,0.40680049871442137
1972-03-17,-0.4253349863097
1972-03-24,-0.371334937936485
1972-03-31,-0.2980625384546798
1972-04-07,2.232364450464175
1972-04-14,0.20048634458635917
1972-04-21,-0.8686535366559056
1972-04-28,-1.1267215931304975
1972-05-05,-0.9706104549425554
1972-05-12,-0.23473087764500633
1972-05-19,2.4146846462582694
1972-05-26,1.5298060605147157
1972-06-02,-0.8439636967930042
1972-06-09,-2.650326135405834
1972-06-16,1.3939450608203785
1972-06-23,-0.08309465319209508
1972-06-30,-1.049169156155294
1972-07-07,1.4363431281152472
1972-07-14,-1.7541860936595377
1972-07-21,-0.13117155937285574
1972-07-28,0.672767990939338
1972-08-04,2.8007919406292103
1972-08-11,1.3670476962194478
1972-08-18,-0.16985817216044197
1972-08-25,-0.9800950331634972
1972-09-01,0.7561508403052919
1972-09-08,-1.2271205033481891
1972-09-15,-1.2239867575501329
1972-09-22,-0.26687626686348054
1972-09-29,1.8533478051729446
1972-10-06,-0.8448070235228755
1972-10-13,-1.56296697407301
1972-10-20,1.215708211739397
1972-10-27,1.2553652345397737
1972-11-03,3.20254945284999
1972-11-10,-0.4299176210968092
1972-11-17,1.5356679916846083
1972-11-24,1.5295012217399595
1972-12-01,0.09375718838331437
1972-12-08,1.2529823342435797
1972-12-15,-0.5060726617030831
1972-12-22,-2.076199370415477
1972-12-29,1.898467463054665
1973-01-05,1.5299555749092697
1973-01-12,-0.47664904476096837
1973-01-19,-0.43683223736996624
1973-01-26,-1.9811062186948725
1973-02-02,-1.8198062998901143
1973-02-09,0.2881736551421099
1973-02-16,0.26125857146723774
1973-02-23,-1.59554505953583
1973-03-02,-0.7807038173863745
1973-03-09,1.3358911792953343
1973-03-16,-0.21994466086212583
1973-03-23,-4.190887268862031
1973-03-30,2.3957583793146497
1973-04-06,-2.0290532258521843
1973-04-13,2.5299533713721623
1973-04-20,0.08026429674217184
1973-04-27,-4.503946979523477
1973-05-04,3.455410977436202
1973-05-11,-2.5826154597700324
1973-05-18,-4.066020242178503
1973-05-25,3.8531695515827025
1973-06-01,-3.7857941271986384
1973-06-08,2.9391559054352534
1973-06-15,-1.8196894226489846
1973-06-22,-1.3410177557786618
1973-06-29,0.5385714022648536
1973-07-06,-2.899885348630349
1973-07-13,2.7366928002122037
1973-07-20,2.888051041081585
1973-07-27,2.260971130279632
1973-08-03,-2.869503209193791
1973-08-10,-1.6283624643015138
1973-08-17,-2.376004329587378
1973-08-24,-0.6767002834465075
1973-08-31,2.555146748535808
1973-09-07,0.48801793522619263
1973-09-14,-0.3059272824083692
1973-09-21,2.608345296172221
1973-09-28,1.1408586129775244
1973-10-05,1.3010978641464277
1973-10-12,1.437056643930834
1973-10-19,-1.1007971849118725
1973-10-26,1.0469373971719875
1973-11-02,-3.9464930182027125
1973-11-09,-1.666937519844769
1973-11-16,-1.3577087766888596
1973-11-23,-4.368188860059075
1973-11-30,-3.562304332323052
1973-12-07,0.5715223623078636
1973-12-14,-3.3933721267206174
1973-12-21,0.2676231298641696
1973-12-28,4.187339758279052
1974-01-04,1.3846694389088476
1974-01-11,-5.443801120173752
1974-01-18,2.0083054053765537
1974-01-25,1.1134926678320944
1974-02-01,-1.3649574558568744
1974-02-08,-3.1870513412779466
1974-02-15,-0.0650110407342197
1974-02-22,3.325471954980408
1974-03-01,0.14665767450683376
1974-03-08,2.327972316262006
1974-03-15,1.522408393447261
1974-03-22,-2.0453546230943864
1974-03-29,-3.440855297551959
1974-04-05,-1.0374992172202724
1974-04-12,-0.9614932454378611
1974-04-19,1.7539560082772354
1974-04-26,-3.882398847350821
1974-05-03,1.2233586228758142
1974-05-10,0.19698004078962938
1974-05-17,-3.629073812194239
1974-05-24,0.41857942745258114
1974-05-31,-1.4784791627492133
1974-06-07,5.862774445490082
1974-06-14,-1.3598250967130632
1974-06-21,-4.296928550970769
1974-06-28,-1.6834239263312512
1974-07-05,-2.75862864657368
1974-07-12,-0.6114785797914912
1974-07-19,0.46793460383227625
1974-07-26,-1.3740114594805064
1974-08-02,-4.734103715294147
1974-08-09,2.8474853480443763
1974-08-16,-6.633751525234022
1974-08-23,-5.598520785397554
1974-08-30,0.8350757714022272
1974-09-06,-1.0169389840122278
1974-09-13,-9.111849440195474
1974-09-20,7.30338138836224
1974-09-27,-7.702943174062948
1974-10-04,-4.08605274826348
1974-10-11,13.204648115386242
1974-10-18,1.5897690894769667
1974-10-25,-3.033934961272422
1974-11-01,5.22340189320083
1974-11-08,1.384532369180036
1974-11-15,-4.087205380589065
1974-11-22,-4.275918787479327
1974-11-29,1.5410396038002538
1974-12-06,-7.352545912749253
1974-12-13,3.1195708485131313
1974-12-20,-0.23883580349437494
1974-12-27,0.34314949345661816
1975-01-03,5.180701020735334
1975-01-10,2.6515669129531183
1975-01-17,-2.2986336698740395
1975-01-24,2.806915190699044
1975-01-31,5.336021445717165
1975-02-07,2.1207579609498595
1975-02-14,3.584974917385253
1975-02-21,1.364879496535032
1975-02-28,-1.2545154655751567
1975-03-07,3.2675240652554116
1975-03-14,0.5441857394413496
1975-03-21,-1.6295367823730977
1975-03-28,0.5501079291843958
1975-04-04,-3.606292931801036
1975-04-11,3.999082621421479
1975-04-18,2.4872266483880523
1975-04-25,0.37011340433039663
1975-05-02,2.9574475887178764
1975-05-09,1.457603062132229
1975-05-16,-0.1105199876278995
1975-05-23,0.16573842157390217
1975-05-30,0.6273059522131419
1975-06-06,1.4485923358111386
1975-06-13,-2.142165754274661
1975-06-20,2.2826350092392644
1975-06-27,2.347772940661841
1975-07-04,-0.4757602171549635
1975-07-11,0.31743021572756547
1975-07-18,-1.5543874217716969
1975-07-25,-4.285817916482326
1975-08-01,-1.4666362403175093
1975-08-08,-2.264335904881065
1975-08-15,0.39448243835789043
1975-08-22,-2.4380038262044934
1975-08-29,3.0383250120023853
1975-09-05,-1.46088917765681
1975-09-12,-2.747034698699924
1975-09-19,3.0502355220409783
1975-09-26,0.360324895621833
1975-10-03,-0.2788493662513325
1975-10-10,2.595462856906483
1975-10-17,0.7341779484725919
1975-10-24,1.0856911248219525
1975-10-31,-0.8833298375177101
1975-11-07,0.32516809619007603
1975-11-14,1.8192397041321584
1975-11-21,-1.5956044241220546
1975-11-28,1.891962299138239
1975-12-05,-4.965636764646852
1975-12-12,1.1566142420331715
1975-12-19,1.0983535588026783
1975-12-26,1.6196912848224443
1976-01-02,0.7176420756788815
1976-01-09,4.359038714783292
1976-01-16,2.1360573385770465
1976-01-23,2.252782793025254
1976-01-30,1.649461626641724
1976-02-06,-1.3977878618440798
1976-02-13,0.21091665265808857
1976-02-20,2.408799961748187
1976-02-27,-2.368674656687375
1976-03-05,-0.6035613081858848
1976-03-12,1.7503072123110641
1976-03-19,-0.27799737512763656
1976-03-26,2.2318152314225514
1976-04-02,-0.5850806340090386
1976-04-09,-1.8756734886133941
1976-04-16,0.3183762515871713
1976-04-23,1.596410286657779
1976-04-30,-0.6374772972296938
1976-05-07,0.2358470705334348
1976-05-14,-0.5314459241360758
1976-05-21,-0.07896762726513629
1976-05-28,-1.0722916662507131
1976-06-04,-1.033470062033981
1976-06-11,1.7694235273825853
1976-06-18,2.775245496714618
1976-06-25,-0.0385588156697203
1976-07-02,0.37530659095459384
1976-07-09,0.8321849451814245
1976-07-16,-0.2861807223774271
1976-07-23,-0.5940448176633417
1976-07-30,-0.5975874334882114
1976-08-06,0.3377877732406276
1976-08-13,0.44222248807539444
1976-08-20,-1.8198132917280674
1976-08-27,-0.8731959950793566
1976-09-03,2.7409623455312726
1976-09-10,0.3350072206641741
1976-09-17,1.5361530323088957
1976-09-24,0.49749613047254115
1976-10-01,-2.493379268181073
1976-10-08,-1.557619305109803
1976-10-15,-1.6516304937262305
1976-10-22,-0.9161567622619771
1976-10-29,2.898756086094423
1976-11-05,-2.0420912041211103
1976-11-12,-1.5795608329849387
1976-11-19,2.664703656054801
1976-11-26,1.1996080451829982
1976-12-03,-0.3788061279852428
1976-12-10,1.8702895698628375
1976-12-17,-0.4211288899438337
1976-12-24,0.5547543695331392
1976-12-31,2.4683333256226625
1977-01-07,-2.3063072719955002
1977-01-14,-0.9568535157272073
1977-01-21,-0.6656103629800292
1977-01-28,-1.3544659099649081
1977-02-04,-0.04906830220310354
1977-02-11,-1.642784144045084
1977-02-18,0.269041709091411
1977-02-25,-1.0101546122715632
1977-03-04,1.7142074017643338
1977-03-11,-0.54495594516073
1977-03-18,1.195016020247408
1977-03-25,-2.7873624934162677
1977-04-01,0.15131039192759488
1977-04-08,-0.8706277113350147
1977-04-15,2.6983957782989343
1977-04-22,-2.606923677946238
1977-04-29,0.0
1977-05-06,1.060986480564452
1977-05-13,-0.4634292922844452
1977-05-20,0.423215240701591
1977-05-27,-3.249826569374026
1977-06-03,1.4642515736325912
1977-06-10,0.7851140375370491
1977-06-17,1.5219788158199243
1977-06-24,1.2129808678836618
1977-07-01,-1.0830290790990738
1977-07-08,-0.3101684006868055
1977-07-15,0.3900583904983712
1977-07-22,1.4763685301541152
1977-07-29,-2.812872209696682
1977-08-05,-0.09108480728174939
1977-08-12,-0.8950475593739071
1977-08-19,-0.378725175892658
1977-08-26,-1.4981987933588847
1977-09-02,1.4366423816182028
1977-09-09,-1.114441627384899
1977-09-16,0.11407894093817816
1977-09-23,-1.503790252555337
1977-09-30,1.5555962967273018
1977-10-07,-0.581817286551356
1977-10-14,-2.5432739727741627
1977-10-21,-1.3342116167267548
1977-10-28,0.3136334318575962
1977-11-04,-1.118420654974095
1977-11-11,4.692694418244958
1977-11-18,-0.6795295692418435
1977-11-25,1.4165434032261892
1977-12-02,-2.111286894593345
1977-12-09,-1.0832695615834886
1977-12-16,-0.2673083611688831
1977-12-23,1.371706220672575
1977-12-30,0.4320529727794842
1978-01-06,-3.727933506978065
1978-01-13,-2.129031108616264
1978-01-20,0.22273864449173786
1978-01-27,-1.4680574629075238
1978-02-03,1.1672420838723774
1978-02-10,0.5119644713389881
1978-02-17,-2.381602944025385
1978-02-24,0.600737186022382
1978-03-03,-1.182236057089625
1978-03-10,1.6219947861799255
1978-03-17,1.4742278806106235
1978-03-24,-0.9356231644142454
1978-03-31,-0.1680030928116416
1978-04-07,1.0703626542036382
1978-04-14,3.0042130991377647
1978-04-21,1.516635084141349
1978-04-28,2.605164349552247
1978-05-05,-0.31030543187515747
1978-05-12,1.5827678077731555
1978-05-19,0.05097410899459476
1978-05-26,-1.5819547978020765
1978-06-02,1.6023325038226233
1978-06-09,1.8074919485028929
1978-06-16,-2.5438434344667193
1978-06-23,-1.6247056010719518
1978-06-30,-0.3344132068507477
1978-07-07,-0.6722001950233647
1978-07-14,2.7954253598876377
1978-07-21,0.17406257131327152
1978-07-28,2.2756987122616756
1978-08-04,3.8451168754403575
1978-08-11,0.038484622425905
1978-08-18,0.7379440871518206
1978-08-25,0.16218881100122928
1978-09-01,-1.1698294400881437
1978-09-08,2.9555062209206007
1978-09-15,-2.532019125123952
1978-09-22,-2.214118821565947
1978-09-29,0.685005699433372
1978-10-06,0.9511823040670997
1978-10-13,1.0952237609880733
1978-10-20,-6.625992270032821
1978-10-27,-3.490538972479751
1978-11-03,1.6669715513011774
1978-11-10,-1.4768570962280236
1978-11-17,-0.36999723347186375
1978-11-24,1.440540922696787
1978-12-01,0.5102295283742286
1978-12-08,0.36286233513243005
1978-12-15,-1.3544647874492277
1978-12-22,1.0227554510289671
1978-12-29,-0.2078755037570268
1979-01-05,3.0938717152190875
1979-01-12,0.8037851589658196
1979-01-19,-0.18028881576208633
1979-01-26,2.0932271678549164
1979-02-02,-2.3441683283975223
1979-02-09,-1.6517548663244952
1979-02-16,0.8140834810413722
1979-02-23,-0.9060885645395977
1979-03-02,-0.8318379761402817
1979-03-09,2.6157917723073965
1979-03-16,1.1486931546292212
1979-03-23,0.8997005951605352
1979-03-30,-0.009845107036721146
1979-04-06,1.5529969718685699
1979-04-13,-1.150222548993618
1979-04-20,-0.7577624512160597
1979-04-27,0.561494532228668
1979-05-04,-1.0963619920113743
1979-05-11,-2.1786974995571917
1979-05-18,1.4210404748882688
1979-05-25,0.28978377842197034
1979-06-01,-1.053225097757604
1979-06-08,2.3124719677809935
1979-06-15,0.5894490897493831
1979-06-22,0.537297305131279
1979-06-29,0.2627141072699679
1979-07-06,0.6875532459380551
1979-07-13,-1.2625233604909525
1979-07-20,-0.48986088110432036
1979-07-27,1.2492830745943095
1979-08-03,0.9076073157289422
1979-08-10,2.2430141868296616
1979-08-17,1.769959093717599
1979-08-24,0.27662112636983593
1979-08-31,0.6607964818900136
1979-09-07,-1.5301211119968627
1979-09-14,1.0165492257645958
1979-09-21,1.5600362528308764
1979-09-28,-1.0464643665986095
1979-10-05,1.768029173206287
1979-10-12,-6.286829739868249
1979-10-19,-2.8047832475777135
1979-10-26,-1.0189520703960397
1979-11-02,1.910637621262179
1979-11-09,-0.9803038793678276
1979-11-16,2.221229895728527
1979-11-23,0.8442890575039996
1979-11-30,1.4134898146886954
1979-12-07,1.2729421033274235
1979-12-14,1.2936805441195354
1979-12-21,-1.2285978426373134
1979-12-28,0.23209406370865437
1980-01-04,-1.2315883774120628
1980-01-11,3.142008238482674
1980-01-18,1.0407818615457032
1980-01-25,2.261090552272371
1980-02-01,1.3203550483384952
1980-02-08,2.4285693542827502
1980-02-15,-2.1769742816752924
1980-02-22,-0.32111352325374654
1980-02-29,-1.2068333842240264
1980-03-07,-6.1317735783945615
1980-03-14,-1.3846603821449754
1980-03-21,-3.00398324554223
1980-03-28,-1.6060222729756823
1980-04-04,1.449516290299968
1980-04-11,1.5927299596896205
1980-04-18,-3.1714489228846787
1980-04-25,4.4827888116536485
1980-05-02,0.39859420524415157
1980-05-09,-0.8178843479814901
1980-05-16,2.4804376852261
1980-05-23,3.000641928478043
1980-05-30,0.5589080766451815
1980-06-06,1.7466128648124801
1980-06-13,2.2794757305059754
1980-06-20,-1.5226291791337054
1980-06-27,1.686558678255068
1980-07-04,1.2507651193633507
1980-07-11,0.3229898777412643
1980-07-18,3.502112627292142
1980-07-25,-1.0378168577408253
1980-08-01,0.3553872156263793
1980-08-08,1.9606881908264207
1980-08-15,1.6925768801612229
1980-08-22,0.23833762367431177
1980-08-29,-2.9309662284475735
1980-09-05,2.022231862207491
1980-09-12,0.5271185968693359
1980-09-19,2.9124073206438617
1980-09-26,-2.2692691630939343
1980-10-03,2.331146982755783
1980-10-10,0.7395392099502018
1980-10-17,0.9396280108466826
1980-10-24,-1.277897868001343
1980-10-31,-1.849893274188652
1980-11-07,1.332567153532338
1980-11-14,5.9868448974578214
1980-11-21,1.4189818577897917
1980-11-28,1.00848663432469
1980-12-05,-4.728621141955269
1980-12-12,-3.6469916906526123
1980-12-19,3.40047318062906
1980-12-26,2.1238896037625743
1981-01-02,-0.16856182455953217
1981-01-09,-2.120011719958992
1981-01-16,0.9618031608012778
1981-01-23,-3.426756831036659
1981-01-30,-0.5235154607849957
1981-02-06,0.8072333012031585
1981-02-13,-2.810964339773747
1981-02-20,-0.3155086366263049
1981-02-27,3.6381769549687526
1981-03-06,-1.0876318249327
1981-03-13,2.4795873531132884
1981-03-20,0.7260791745961725
1981-03-27,0.42421235386544964
1981-04-03,0.6219103472425935
1981-04-10,-0.725937251912967
1981-04-17,0.141155587820041
1981-04-24,0.3261212847231576
1981-05-01,-1.8069618527817966
1981-05-08,-0.801878522514432
1981-05-15,0.38660890613035903
1981-05-22,-0.63757053764677
1981-05-29,0.9548378967362936
1981-06-05,-0.27944213690300757
1981-06-12,0.9559398680222486
1981-06-19,-0.9181289479005095
1981-06-26,0.21900343619263296
1981-07-03,-3.001755401493167
1981-07-10,0.5658677500797182
1981-07-17,1.068706165968969
1981-07-24,-1.7745915752587216
1981-07-31,1.896881155301422
1981-08-07,0.6319751774549687
1981-08-14,0.5601024919529962
1981-08-21,-2.4913482864808323
1981-08-28,-4.066719585086087
1981-09-04,-3.2851630124354436
1981-09-11,1.2744304510856175
1981-09-18,-4.499012736403429
1981-09-25,-3.0478764171570916
1981-10-02,5.679382509275666
1981-10-09,1.7358488751506584
1981-10-16,-1.8783751342560606
1981-10-23,-0.496240528006453
1981-10-30,2.736251996248118
1981-11-06,0.6378814457641546
1981-11-13,-0.8185361367984534
1981-11-20,0.032871161425696016
1981-11-27,2.7392290586591095
1981-12-04,0.930984090792375
1981-12-11,-1.0589706972265134
1981-12-18,-0.7472017281474841
1981-12-25,-1.18440508362756
1982-01-01,0.008162010750378812
1982-01-08,-2.4784415444890406
1982-01-15,-2.7303723862523555
1982-01-22,-0.8199990544771829
1982-01-29,4.258854052405425
1982-02-05,-2.6425835794168684
1982-02-12,-2.4867495279577767
1982-02-19,-1.019337508418161
1982-02-26,-0.09720374508273011
1982-03-05,-3.389854196538611
1982-03-12,-0.6698770062384618
1982-03-19,1.8247016520605897
1982-03-26,1.1952528840953214
1982-04-02,2.8012051164371776
1982-04-09,0.9509870712803625
1982-04-16,0.5063705116601369
1982-04-23,1.554503041816524
1982-04-30,-1.8717552840611162
1982-05-07,2.568916420228895
1982-05-14,-1.2295919307015346
1982-05-21,-2.6794241186983925
1982-05-28,-2.654829976838524
1982-06-04,-1.61286639667777
1982-06-11,1.039183034434199
1982-06-18,-3.6247782567207842
1982-06-25,1.7189228570954285
1982-07-02,-1.3746218180896719
1982-07-09,1.0901810548061164
1982-07-16,2.037358189855265
1982-07-23,0.0899914343331254
1982-07-30,-3.7390976558535627
1982-08-06,-3.2071034442346047
1982-08-13,0.13490018551376437
1982-08-20,8.461722887055956
1982-08-27,3.5548904766248945
1982-09-03,4.646567246780098
1982-09-10,-1.4036750670912035
1982-09-17,1.2976543813550734
1982-09-24,0.6263465667018409
1982-10-01,-1.1007477679912725
1982-10-08,7.18038301930175
1982-10-15,1.904678676693372
1982-10-22,3.862443641257496
1982-10-29,-3.750210555519917
1982-11-05,6.120513892617474
1982-11-12,-1.8673586451435575
1982-11-19,-1.8152691399389909
1982-11-26,-1.5741401301342606
1982-12-03,2.785571381687202
1982-12-10,0.6325075726002716
1982-12-17,-1.5015092855247936
1982-12-24,1.6089201533081798
1982-12-31,0.656300092163864
1983-01-07,3.1770871810414825
1983-01-14,1.0074452396383826
1983-01-21,-1.9277621376571297
1983-01-28,0.4577538870613296
1983-02-04,1.1216390888693972
1983-02-11,1.0279504665615669
1983-02-18,0.23677069119125704
1983-02-25,1.1688219723104076
1983-03-04,2.590694066452315
1983-03-11,-1.593941880816896
1983-03-18,-0.8899650952271188
1983-03-25,1.83103528840034
1983-04-01,0.18977759207450262
1983-04-08,-0.07194049277998715
1983-04-15,3.7873549504550574
1983-04-22,1.0464726751847842
1983-04-29,2.468953865840451
1983-05-06,1.010515018222513
1983-05-13,-0.71901606178848
1983-05-20,-1.693973695218176
1983-05-27,1.420726457124566
1983-06-03,-0.024330177891762617
1983-06-10,-1.063908257076207
1983-06-17,3.888264283934628
1983-06-24,0.7539640753168264
1983-07-01,-1.0441057875552495
1983-07-08,-0.9293511145616051
1983-07-15,-1.6839632535830873
1983-07-22,2.7614493763636894
1983-07-29,-3.820046244430575
1983-08-05,-0.5057007741020136
1983-08-12,0.2593383096449742
1983-08-19,1.116091838620914
1983-08-26,-1.1284287318050978
1983-09-02,1.7485318105368464
1983-09-09,1.156917085311715
1983-09-16,-0.40219652177340137
1983-09-23,1.9419210188295288
1983-09-30,-2.05024594023957
1983-10-07,2.8083868900040443
1983-10-14,-0.5518727276777824
1983-10-21,-2.3288052168764395
1983-10-28,-1.5668982626005246
1983-11-04,-0.5708819302671309
1983-11-11,2.3424493877688413
1983-11-18,-0.7242454168099322
1983-11-25,1.2580274903358557
1983-12-02,-1.046242638351913
1983-12-09,-0.21783901008092244
1983-12-16,-1.6429370257861287
1983-12-23,0.5098145801536447
1983-12-30,1.0422105532036596
1984-01-06,2.603304440677068
1984-01-13,-1.3440550153168473
1984-01-20,-0.4861501828717252
1984-01-27,-1.3751567359943984
1984-02-03,-1.8655296887154726
1984-02-10,-2.9067968277368905
1984-02-17,-0.3589271532217886
1984-02-24,1.1300928018409984
1984-03-02,1.0923619189623146
1984-03-09,-3.1189742136733756
1984-03-16,3.137811159744608
1984-03-23,-1.5247210413380508
1984-03-30,1.468189968994249
1984-04-06,-2.351851286066786
1984-04-13,1.1701286809844724
1984-04-20,0.4503269017356537
1984-04-27,1.1764440647951346
1984-05-04,-0.4890284224207342
1984-05-11,-0.3904256252093674
1984-05-18,-1.7246786847974427
1984-05-25,-2.7067389231851813
1984-06-01,1.0627997255370225
1984-06-08,1.2515922615828678
1984-06-15,-4.037365852536645
1984-06-22,3.5787586838108787
1984-06-29,-0.8321553940833226
1984-07-06,-0.6155393596829484
1984-07-13,-0.8973407822787216
1984-07-20,-0.8854045765144036
1984-07-27,1.090653465781699
1984-08-03,7.121719600360876
1984-08-10,1.8733147050982168
1984-08-17,-0.7767964711550945
1984-08-24,2.0323299699458452
1984-08-31,-0.4967255570088369
1984-09-07,-1.3955808100247324
1984-09-14,2.6476129985102403
1984-09-21,-1.8598237599285028
1984-09-28,0.2592206467253888
1984-10-05,-2.08050173485006
1984-10-12,0.9178306292434435
1984-10-19,2.2762553479791947
1984-10-26,-1.6024429478457058
1984-11-02,1.280414798447005
1984-11-09,0.10746101701224475
1984-11-16,-2.110418917521528
1984-11-23,1.7038609463773113
1984-11-30,-2.021246625323503
1984-12-07,-0.8102225387630391
1984-12-14,0.26466114147396524
1984-12-21,1.7185018235558402
1984-12-28,0.4521212300210742
1985-01-04,-1.563953760720782
1985-01-11,2.551488592519835
1985-01-18,2.010505211752367
1985-01-25,3.4592020135861823
1985-02-01,0.7191439160860291
1985-02-08,1.9733457182347536
1985-02-15,-0.32436122010652824
1985-02-22,-1.2411537050068588
1985-03-01,2.134720824781766
1985-03-08,-2.2797827829128536
1985-03-15,-1.4453516459277616
1985-03-22,1.4118380378153716
1985-03-29,0.900762492806706
1985-04-05,-0.9063449247669553
1985-04-12,0.8398939937555916
1985-04-19,0.3152262164195285
1985-04-26,0.5890584266959209
1985-05-03,-1.159396234698029
1985-05-10,2.305512667705667
1985-05-17,1.68957444823441
1985-05-24,0.463121392539545
1985-05-31,0.6669566211078504
1985-06-07,0.06855450812377484
1985-06-14,-1.3695137241876765
1985-06-21,1.3326068363377352
1985-06-28,1.1744514241862625
1985-07-05,0.3486218120245965
1985-07-12,0.3991550456770021
1985-07-19,0.9474411046313413
1985-07-26,-1.4089521621737155
1985-08-02,-0.4793164297074881
1985-08-09,-1.6640659807100278
1985-08-16,-1.1858485959204579
1985-08-23,0.5733088562790201
1985-08-30,0.7770165235333693
1985-09-06,-0.2069676642484808
1985-09-13,-2.8723524991603355
1985-09-20,-0.4712857224470568
1985-09-27,-0.4183469377013971
1985-10-04,1.0589701241839222
1985-10-11,0.5768710193978066
1985-10-18,1.4866128384862343
1985-10-25,0.2563067344272696
1985-11-01,2.1158918768463764
1985-11-08,1.1369375895267986
1985-11-15,2.240861123070026
1985-11-22,1.7066218178422687
1985-11-29,0.32202653237005663
1985-12-06,0.404782523670022
1985-12-13,3.3665043430787023
1985-12-20,0.47519571856868836
1985-12-27,-0.6325080278092088
1986-01-03,0.6040610324289375
1986-01-10,-2.36072666927436
1986-01-17,1.192121053777484
1986-01-24,-0.9641881911534256
1986-01-31,2.558665783619407
1986-02-07,1.3041413916410782
1986-02-14,2.394660863611797
1986-02-21,2.1874047005965735
1986-02-28,1.0187460592415043
1986-03-07,-0.5966959861331667
1986-03-14,4.752905045039668
1986-03-21,-1.366301327686248
1986-03-28,2.384142444706594
1986-04-04,-4.397064080456481
1986-04-11,3.13372981305049
1986-04-18,2.680207921120825
1986-04-25,-0.037143457632904386
1986-05-02,-3.1443859095325877
1986-05-09,1.2948779525522092
1986-05-16,-2.1632392351138563
1986-05-23,3.624033120721748
1986-05-30,2.455617495377549
1986-06-06,-0.6815197852444221
1986-06-13,0.024419031191325047
1986-06-20,0.7500414690664314
1986-06-27,0.8125891448985456
1986-07-04,0.8735719149835397
1986-07-11,-3.8748970965744256
1986-07-18,-2.4490340072780725
1986-07-25,1.6199106148178544
1986-08-01,-2.235269755286051
1986-08-08,0.8351226751268648
1986-08-15,4.244171065101909
1986-08-22,1.2225223909321237
1986-08-29,1.0892102678503157
1986-09-05,-0.9773583897531246
1986-09-12,-8.235104797345372
1986-09-19,0.6654053797295667
1986-09-26,0.008607791567971645
1986-10-03,0.6352817771085206
1986-10-10,0.7544906758158554
1986-10-17,1.4167890329458643
1986-10-24,-0.24313650300129552
1986-10-31,2.3723745893189374
1986-11-07,0.7309919410564802
1986-11-14,-0.5180847704707503
1986-11-21,0.5546961806785156
1986-11-28,1.3573774691104212
1986-12-05,0.7793948007591922
1986-12-12,-1.5325631071067214
1986-12-19,0.9575954784340368
1986-12-26,-1.1315927023565209
1987-01-02,-0.19052693415977373
1987-01-09,4.8625968600202185
1987-01-16,2.8763292779498073
1987-01-23,1.4243901247595225
1987-01-30,1.462770218796905
1987-02-06,2.151249503843289
1987-02-13,-0.12148367710018704
1987-02-20,2.0454368735356887
1987-02-27,-0.44937539713147956
1987-03-06,2.247595318205775
1987-03-13,-0.2652620586967913
1987-03-20,2.8162247471497537
1987-03-27,-0.6865275095190526
1987-04-03,1.4349656887702622
1987-04-10,-2.671777580895096
1987-04-17,-1.9261854171257475
1987-04-24,-1.8965136505854296
1987-05-01,2.2861183151237974
1987-05-08,1.8369957208891563
1987-05-15,-2.045526749927884
1987-05-22,-1.850502794250719
1987-05-29,2.775141326007269
1987-06-05,1.1481596435968022
1987-06-12,2.7460622141238566
1987-06-19,1.7582096175297046
1987-06-26,0.06187694656114573
1987-07-03,-0.4993560395088359
1987-07-10,0.8925108868938381
1987-07-17,1.9969847223986648
1987-07-24,-1.7055545829678387
1987-07-31,2.9910068901595643
1987-08-07,1.35276080680784
1987-08-14,3.345869994679518
1987-08-21,0.5702455278162155
1987-08-28,-2.6730964744265506
1987-09-04,-3.212752161429222
1987-09-11,1.6534473846242292
1987-09-18,-2.2361416872469952
1987-09-25,1.6692833210967706
1987-10-02,2.440614030000088
1987-10-09,-5.320903179025738
1987-10-16,-9.563168290383572
1987-10-23,-13.007085326050127
1987-10-30,1.4279925479092626
1987-11-06,-0.5495790943086831
1987-11-13,-1.923254217874959
1987-11-20,-1.4929320819772052
1987-11-27,-0.6883153910735906
1987-12-04,-7.076573521602469
1987-12-11,4.965748409083481
1987-12-18,5.714895396300612
1987-12-25,1.14528481176146
1988-01-01,-1.9835944962906638
1988-01-08,-1.5006022761118842
1988-01-15,3.492133715903112
1988-01-22,-2.2265499153642843
1988-01-29,4.198645635753806
1988-02-05,-2.4054859205121737
1988-02-12,2.6230875394281483
1988-02-19,1.5330323129271406
1988-02-26,0.3243867752382279
1988-03-04,1.8272920565870265
1988-03-11,-0.8868183005910524
1988-03-18,2.305811481795672
1988-03-25,-4.762709359264328
1988-04-01,0.1468901945144374
1988-04-08,3.990527152532941
1988-04-15,-3.651200733154525
1988-04-22,0.14234221101192546
1988-04-29,0.45639211711998584
1988-05-06,-1.4841835263536218
1988-05-13,-0.27224074440299617
1988-05-20,-1.4751128536664382
1988-05-27,0.1579630273000454
1988-06-03,5.013847041099417
1988-06-10,1.7891151979164022
1988-06-17,-0.21405222301087434
1988-06-24,1.13875754032291
1988-07-01,-0.733194870782583
1988-07-08,-0.6496921358830399
1988-07-15,0.7489838419381556
1988-07-22,-3.1932460079973524
1988-07-29,3.1822184635246664
1988-08-05,-0.32034018393325425
1988-08-12,-3.2230657187584555
1988-08-19,-0.883724895010829
1988-08-26,-0.21541690781434752
1988-09-02,1.8315600050571312
1988-09-09,0.8883538505259025
1988-09-16,1.4177236574338004
1988-09-23,-0.32937396770131855
1988-09-30,0.7938431642855903
1988-10-07,2.2401764237822697
1988-10-14,-0.9285278302359146
1988-10-21,2.9188722183699056
1988-10-28,-1.825058166518101
1988-11-04,-0.8002354128465505
1988-11-11,-3.0834936378626665
1988-11-18,-0.5426807110471721
1988-11-25,0.2848080427132693
1988-12-02,1.699353189580055
1988-12-09,1.9022515348812163
1988-12-16,-0.26747295082349964
1988-12-23,0.5702291190542219
1988-12-30,-0.05399445674578729
1989-01-06,1.0566233549448967
1989-01-13,1.1336719853588306
1989-01-20,0.9675832773594628
1989-01-27,2.4775157412700644
1989-02-03,1.0663767840501492
1989-02-10,-1.680887225876937
1989-02-17,1.6101508777225604
1989-02-24,-3.298867234730274
1989-03-03,1.4006515610096137
1989-03-10,0.5821377992095478
1989-03-17,-0.06489487019409879
1989-03-24,-1.2756517198685202
1989-03-31,2.0177045104372127
1989-04-07,0.7736161919857487
1989-04-14,1.4034788168713952
1989-04-21,2.700787884698652
1989-04-28,0.009698602147256707
1989-05-05,-0.6577680408651254
1989-05-12,2.005059099675943
1989-05-19,2.3305186687899493
1989-05-26,0.10889539860112762
1989-06-02,1.2146439036854417
1989-06-09,0.35878465468490717
1989-06-16,-1.648082567954301
1989-06-23,2.048271757349074
1989-06-30,-3.102508611320687
1989-07-07,2.155970990275158
1989-07-14,2.1104681831705108
1989-07-21,1.2160564442219801
1989-07-28,1.8435741112179826
1989-08-04,0.5159891671422834
1989-08-11,0.23813701675203802
1989-08-18,0.37349915748832174
1989-08-25,1.2892261871087385
1989-09-01,0.9116206470497268
1989-09-08,-1.4149906754601815
1989-09-15,-1.0665726682194787
1989-09-22,0.5750518733488086
1989-09-29,0.6032785199077573
1989-10-06,2.7207772057598945
1989-10-13,-7.261686281212576
1989-10-20,3.969325826836201
1989-10-27,-3.547616634589712
1989-11-03,0.7611375231880046
1989-11-10,0.4374078919962443
1989-11-17,0.7374625479280361
1989-11-24,0.6884755206950643
1989-12-01,1.9177102533679324
1989-12-08,-0.554826802528563
1989-12-15,0.41498340153509616
1989-12-22,-0.7798655017093203
1989-12-29,1.7066081291116753
1990-01-05,-0.3401311893274972
1990-01-12,-3.545953820714942
1990-01-19,-0.22972231187488035
1990-01-26,-4.015881069550353
1990-02-02,1.5593036198884747
1990-02-09,0.8125911191097401
1990-02-16,-0.27013069865429173
1990-02-23,-2.6094946311805423
1990-03-02,3.453484701672327
1990-03-09,0.7097551960804971
1990-03-16,1.1708803477255891
1990-03-23,-1.3812015276759126
1990-03-30,0.8033598661343788
1990-04-06,0.041170593540851286
1990-04-13,1.2448686146682597
1990-04-20,-2.714086864473142
1990-04-27,-1.8096665189090366
1990-05-04,2.7807122877285373
1990-05-11,3.94320558414627
1990-05-18,0.7472056143791761
1990-05-25,-0.016927914106190656
1990-06-01,2.3909565986740766
1990-06-08,-1.232927980922316
1990-06-15,1.1640640952479409
1990-06-22,-2.082657624918216
1990-06-29,0.7260516594050692
1990-07-06,0.11167005032355348
1990-07-13,2.4500650930423973
1990-07-20,-1.5639929015402565
1990-07-27,-2.2852495914587045
1990-08-03,-2.4575251483853755
1990-08-10,-2.745696068608172
1990-08-17,-2.3186394027733925
1990-08-24,-5.106366859142053
1990-08-31,3.4857686083832995
1990-09-07,0.26007703959400885
1990-09-14,-2.0524618225064906
1990-09-21,-1.7543964427457759
1990-09-28,-1.7072898206186515
1990-10-05,1.765089081617166
1990-10-12,-3.7516872639576704
1990-10-19,4.065803669893775
1990-10-26,-2.518002571015021
1990-11-02,2.3161845967372585
1990-11-09,0.60422637575126
1990-11-16,1.0715649442653685
1990-11-23,-0.6390167610938136
1990-11-30,2.2344477717936684
1990-12-07,1.7016576792553195
1990-12-14,-0.2841539609613086
1990-12-21,1.4972090178121178
1990-12-28,-0.9175344923658457
1991-01-04,-2.3765205158643
1991-01-11,-1.8138557158639657
1991-01-18,5.252496724277211
1991-01-25,1.1491960177743898
1991-02-01,2.0556680161181617
1991-02-08,4.642068734625493
1991-02-15,2.6662364933801364
1991-02-22,-0.9282650808404291
1991-03-01,1.3095898068127276
1991-03-08,1.2020243210969284
1991-03-15,-0.36337867051381423
1991-03-22,-1.6490004299021699
1991-03-29,2.0843598569102006
1991-04-05,0.03730025713091223
1991-04-12,1.333778818616782
1991-04-19,0.9939967480810274
1991-04-26,-1.357433695453203
1991-05-03,0.4685325708410737
1991-05-10,-1.33768820121567
1991-05-17,-0.8955657316527699
1991-05-24,1.3602320869849471
1991-05-31,3.2166659809691467
1991-06-07,-2.7040604920837374
1991-06-14,0.7509397953284314
1991-06-21,-1.194690409138488
1991-06-28,-1.759935480121122
1991-07-05,0.7836396036710269
1991-07-12,1.6359288751053747
1991-07-19,1.0386377237988853
1991-07-26,-0.859969639189373
1991-08-02,1.627407027347516
1991-08-09,-0.015497238708483962
1991-08-16,-0.39860505253335177
1991-08-23,2.2033663041131746
1991-08-30,0.3191439482636227
1991-09-06,-1.6137366193574643
1991-09-13,-1.42621313758875
1991-09-20,1.1224903110936602
1991-09-27,-0.5220914684537448
1991-10-04,-1.2122924805637147
1991-10-11,0.052448461627108145
1991-10-18,2.8556724684570156
1991-10-25,-2.1373255115411105
1991-11-01,1.8362376198875374
1991-11-08,0.40040534495000557
1991-11-15,-2.648739496171082
1991-11-22,-1.7080863335674934
1991-11-29,-0.24489295892768936
1991-12-06,1.0287514753539284
1991-12-13,1.4065727047416487
1991-12-20,0.6662303269616032
1991-12-27,4.89574332000382
1992-01-03,3.11965358446864
1992-01-10,-1.0162568221343982
1992-01-17,0.9017230475491189
1992-01-24,-0.8102195436102022
1992-01-31,-1.625739377468438
1992-02-07,0.5635048690506572
1992-02-14,0.3375586667708319
1992-02-21,-0.25488678966230083
1992-02-28,0.30820878479840275
1992-03-06,-2.021756607728875
1992-03-13,0.3455583975195964
1992-03-20,1.3363861322330806
1992-03-27,-1.9146357847231954
1992-04-03,-0.48444594753123127
1992-04-10,0.6800435133429872
1992-04-17,2.864896665551342
1992-04-24,-1.701740228101034
1992-05-01,0.8544899701274034
1992-05-08,0.8496488562241389
1992-05-15,-1.4428777131954895
1992-05-22,0.9537616427279794
1992-05-29,0.32072976784887075
1992-06-05,-0.4512380709272179
1992-06-12,-0.9037525986918205
1992-06-19,-1.4973900530422135
1992-06-26,-0.05451512022105476
1992-07-03,2.041231980956848
1992-07-10,0.6897511967671299
1992-07-17,0.24089431859373178
1992-07-24,-0.9719350725657883
1992-07-31,3.0176576706884006
1992-08-07,-1.2644101117169626
1992-08-14,0.24559169434770212
1992-08-21,-1.212338749896258
1992-08-28,-0.00241289291080804
1992-09-04,0.5385122832996636
1992-09-11,0.5976161214264586
1992-09-18,0.7952484459780251
1992-09-25,-2.0495621375421713
1992-10-02,-0.9408194437377837
1992-10-09,-1.921030509501609
1992-10-16,2.227527890504355
1992-10-23,0.5739683892713288
1992-10-30,1.0999382202333763
1992-11-06,-0.26307769479343435
1992-11-13,1.154762471387638
1992-11-20,0.9940255417891564
1992-11-27,0.8193250337868108
1992-12-04,0.44072208234231525
1992-12-11,0.3857784179572832
1992-12-18,1.7257345820874903
1992-12-25,-0.342775385059646
1993-01-01,-0.9274973167356038
1993-01-08,-1.540343101887931
1993-01-15,1.8702937863009694
1993-01-22,-0.23819001473537327
1993-01-29,0.6103674211392018
1993-02-05,2.286881154010878
1993-02-12,-0.9736971209411749
1993-02-19,-2.3578665142226285
1993-02-26,2.0875880261164603
1993-03-05,0.6138324367072734
1993-03-12,0.830417821431606
1993-03-19,0.0777782756259171
1993-03-26,-0.5345448870929914
1993-04-02,-1.4373166080202004
1993-04-09,0.10189457395899382
1993-04-16,1.59414366569397
1993-04-23,-2.6887414129857845
1993-04-30,0.7204617602042163
1993-05-07,0.4804530754140224
1993-05-14,-0.6236767163362522
1993-05-21,1.4185914022808
1993-05-28,0.9709586251598346
1993-06-04,-0.02888195139485461
1993-06-11,-0.6240798952069859
1993-06-18,-0.8036537473324223
1993-06-25,0.879642471428177
1993-07-02,-0.39398550265374865
1993-07-09,0.5078570253605363
1993-07-16,-0.5280448557681616
1993-07-23,0.3024040148027929
1993-07-30,0.2301082897449902
1993-08-06,0.122654266436939
1993-08-13,0.32487555793112577
1993-08-20,1.3284955160077772
1993-08-27,0.9556099391122785
1993-09-03,0.1735557750551564
1993-09-10,0.08233590563673232
1993-09-17,-0.6278907569561731
1993-09-24,-0.2618733793962491
1993-10-01,0.7944223216749258
1993-10-08,-0.21050609983905844
1993-10-15,1.9768128402954943
1993-10-22,-1.3358284896931139
1993-10-29,0.9794939610359599
1993-11-05,-1.7813667731919836
1993-11-12,1.2584509590140236
1993-11-19,-0.6013032228690207
1993-11-26,0.09938670594440424
1993-12-03,0.39442199217942786
1993-12-10,-0.20671869833872591
1993-12-17,0.5267099950656551
1993-12-24,0.2141878795076657
1993-12-31,-0.19917821578161465
1994-01-07,0.736903354275853
1994-01-14,1.0605426989386935
1994-01-21,-0.04001609952606344
1994-01-28,0.8348962784912928
1994-02-04,-1.8745769443678562
1994-02-11,0.07872320772346342
1994-02-18,-0.5309896036283845
1994-02-25,-0.34698353444291286
1994-03-04,-0.28577647393115413
1994-03-11,0.36513114738854213
1994-03-18,0.9856069369167386
1994-03-25,-2.2498933589524484
1994-04-01,-3.2683436375268826
1994-04-08,0.29791976006450227
1994-04-15,-0.2059855262164234
1994-04-22,0.3244567599470116
1994-04-29,0.7300761940615352
1994-05-06,-0.6876388850733051
1994-05-13,-0.8251521290776331
1994-05-20,2.398174780524709
1994-05-27,0.5283592767334255
1994-06-03,0.6103867264016571
1994-06-10,-0.3178042348285004
1994-06-17,-0.04797653933481527
1994-06-24,-3.4733087855994604
1994-07-01,0.7649136089528774
1994-07-08,0.7479745920702108
1994-07-15,1.0202511649057833
1994-07-22,-0.23146776418734305
1994-07-29,1.1301840657348627
1994-08-05,-0.2556429905795632
1994-08-12,1.0554717767500499
1994-08-19,0.3759625533340305
1994-08-26,2.159062262411382
1994-09-02,-0.594842432631193
1994-09-09,-0.598401992156905
1994-09-16,0.6408593169973109
1994-09-23,-2.4752544940476184
1994-09-30,0.6591619545863736
1994-10-07,-1.6583301054094335
1994-10-14,3.0298789911562096
1994-10-21,-0.901512837301599
1994-10-28,1.8921098702715078
1994-11-04,-2.455118320860361
1994-11-11,0.015142775809362519
1994-11-18,-0.1905144166625128
1994-11-25,-2.0093463145681056
1994-12-02,0.22305451051343184
1994-12-09,-1.4085044984521566
1994-12-16,2.6145272615756276
1994-12-23,0.2242468109392881
1994-12-30,-0.12185782673599377
1995-01-06,0.3065394411178701
1995-01-13,1.1417614088619743
1995-01-20,-0.2557084265005116
1995-01-27,1.1997996270489253
1995-02-03,1.7407459644743106
1995-02-10,0.5853507670654956
1995-02-17,0.1058737670909693
1995-02-24,1.2658886295301208
1995-03-03,-0.5526237040498927
1995-03-10,0.8512946534258603
1995-03-17,1.2080224282114749
1995-03-24,1.0938527435548018
1995-03-31,-0.05191473791343881
1995-04-07,1.133931692587531
1995-04-14,0.5533411432880442
1995-04-21,-0.14542720620376315
1995-04-28,1.2158147546120546
1995-05-05,1.0455866842427497
1995-05-12,1.038576524694701
1995-05-19,-1.2175400536091452
1995-05-26,0.8553659335900576
1995-06-02,1.6778126246813407
1995-06-09,-0.8619049578905802
1995-06-16,2.2271661326818126
1995-06-23,1.8136599576712875
1995-06-30,-0.9063932588726509
1995-07-07,2.1106557950159477
1995-07-14,0.6306830251322282
1995-07-21,-1.1261840027482428
1995-07-28,1.6676751474571816
1995-08-04,-0.7113136236981177
1995-08-11,-0.6875871318706039
1995-08-18,0.7358846823965592
1995-08-25,0.15901828854500977
1995-09-01,0.6655275310321507
1995-09-08,1.555651276540182
1995-09-15,1.8460223715630164
1995-09-22,-0.2780918430171475
1995-09-29,0.45963563562203547
1995-10-06,-0.32907441992202635
1995-10-13,0.3444779766912376
1995-10-20,0.5051415084722954
1995-10-27,-1.3297446593662166
1995-11-03,1.8577435217555838
1995-11-10,0.36338780598104137
1995-11-17,1.2324264602843193
1995-11-24,-0.016672214785717898
1995-12-01,1.1616204274224273
1995-12-08,1.7150838273299662
1995-12-15,-0.1847844792402853
1995-12-22,-0.7148203114550888
1995-12-29,0.6482709045359414
1996-01-05,0.12656240130555219
1996-01-12,-2.445715601718934
1996-01-19,1.651271726216308
1996-01-26,1.5874471633532394
1996-02-02,2.2618035886628363
1996-02-09,3.1777645293589174
1996-02-16,-1.2864845356559407
1996-02-23,1.6985147582391669
1996-03-01,-2.2571861412449046
1996-03-08,-1.7013087945434435
1996-03-15,1.2440047670225773
1996-03-22,1.4225699485075793
1996-03-29,-0.7900536629798616
1996-04-05,1.5922118912399696
1996-04-12,-2.963300180579864
1996-04-19,1.3044521999759695
1996-04-26,1.2922506547689672
1996-05-03,-1.8269534766817586
1996-05-10,1.617080922001879
1996-05-17,2.546685138833471
1996-05-24,1.4249750170296949
1996-05-31,-1.393582300967644
1996-06-07,0.6242435092468135
1996-06-14,-1.114146075322875
1996-06-21,0.1485794070418045
1996-06-28,0.5667399017134755
1996-07-05,-1.9864067521091933
1996-07-12,-1.7259926884904075
1996-07-19,-1.1611782668846438
1996-07-26,-0.4440442628564689
1996-08-02,4.096409199975604
1996-08-09,-0.05888836089233962
1996-08-16,0.4686248252572689
1996-08-23,0.27322530270899037
1996-08-30,-2.280585692924575
1996-09-06,0.5643644472580256
1996-09-13,3.721371450541344
1996-09-20,0.9491433648451064
1996-09-27,-0.12234411686895541
1996-10-04,2.2009347705663984
1996-10-11,-0.11411989241132403
1996-10-18,1.4396533851779303
1996-10-25,-1.4025510040423406
1996-11-01,0.40578925271503863
1996-11-08,3.771557543468962
1996-11-15,0.9261578802515658
1996-11-22,1.494963157920548
1996-11-29,1.1011287166120098
1996-12-06,-2.3280232464731654
1996-12-13,-1.4929663523968628
1996-12-20,2.7385594200688423
1996-12-27,1.0520377905823608
1997-01-03,-1.1642651798233317
1997-01-10,1.52171987483678
1997-01-17,2.171122430136574
1997-01-24,-0.7305909395094901
1997-01-31,2.00946629517631
1997-02-07,0.43155252888151807
1997-02-14,2.368009220293299
1997-02-21,-0.833410933144485
1997-02-28,-1.3751416971246933
1997-03-07,1.7734582165474855
1997-03-14,-1.4767420346860405
1997-03-21,-1.1501020801071071
1997-03-28,-1.3119702980653791
1997-04-04,-2.0865346089049552
1997-04-11,-2.708199257010069
1997-04-18,3.815648007491479
1997-04-25,-0.1266599883853914
1997-05-02,6.0334801809406535
1997-05-09,1.4422547165846566
1997-05-16,0.6007730973112579
1997-05-23,2.061169713882105
1997-05-30,0.14746567687549117
1997-06-06,1.140496130575297
1997-06-13,4.027314285267458
1997-06-20,0.6060379581228403
1997-06-27,-1.2766158163525887
1997-07-04,3.2837078725370894
1997-07-11,-0.026176945783262795
1997-07-18,-0.15065722972398277
1997-07-25,2.5339921564715873
1997-08-01,0.8855144375957025
1997-08-08,-1.446314497675516
1997-08-15,-3.5689432161094103
1997-08-22,2.491973253392654
1997-08-29,-2.640841998984733
1997-09-05,3.235687713851032
1997-09-12,-0.5547910306352932
1997-09-19,2.8384057692619535
1997-09-26,-0.5581019288690037
1997-10-03,2.0741545660096783
1997-10-10,0.2018573220770925
1997-10-17,-2.3882177652856384
1997-10-24,-0.26725633814042027
1997-10-31,-2.9114378354392123
1997-11-07,1.3994913494196126
1997-11-14,0.09052039316523874
1997-11-21,3.673810270468003
1997-11-28,-0.8016766750200688
1997-12-05,2.928231079764032
1997-12-12,-3.1388368003971934
1997-12-19,-0.6957284728255075
1997-12-26,-1.0959952365930725
1998-01-02,4.037164105310698
1998-01-09,-4.97808453761488
1998-01-16,3.5807347661255484
1998-01-23,-0.408523608682998
1998-01-30,2.341853556752227
1998-02-06,3.2300038701701617
1998-02-13,0.7507850276786243
1998-02-20,1.3746927448111457
1998-02-27,1.4523550061987578
1998-03-06,0.6033163543399667
1998-03-13,1.2164198750507893
1998-03-20,2.8187557989741485
1998-03-27,-0.33902272650498944
1998-04-03,2.458039943784307
1998-04-10,-1.0772978591949922
1998-04-17,1.0790810028337816
1998-04-24,-1.3287932846458794
1998-05-01,1.1754790509192148
1998-05-08,-1.1538196737343576
1998-05-15,0.05322511789502826
1998-05-22,0.15681242152254526
1998-05-29,-1.785366499784402
1998-06-05,2.0901789457927755
1998-06-12,-1.3576400386680731
1998-06-19,0.16458897384401538
1998-06-26,2.9144509326815893
1998-07-03,1.1598635744433317
1998-07-10,1.550169491093989
1998-07-17,1.9072701908402934
1998-07-24,-3.948866496974457
1998-07-31,-1.7803053532239765
1998-08-07,-2.825382302821744
1998-08-14,-2.48130486623257
1998-08-21,1.7248633377632494
1998-08-28,-5.133026634040672
1998-09-04,-5.323515831518666
1998-09-11,3.547610502187215
1998-09-18,1.0871683023686352
1998-09-25,2.3886737321527463
1998-10-02,-4.118102084937281
1998-10-09,-1.8329705604789304
1998-10-16,7.061897919087823
1998-10-23,1.3398786698670229
1998-10-30,2.5815735572466636
1998-11-06,3.7813446288439856
1998-11-13,-1.3491038723469018
1998-11-20,3.3052913668925044
1998-11-27,2.443362052175324
1998-12-04,-1.316144412699316
1998-12-11,-0.8774407192006173
1998-12-18,1.832301001652148
1998-12-25,3.168055977275319
1999-01-01,0.24108836254912447
1999-01-08,3.662879634358873
1999-01-15,-2.527976767898288
1999-01-22,-1.4641083683549994
1999-01-29,4.348291363442591
1999-02-05,-3.1951388576477058
1999-02-12,-0.7507552418483776
1999-02-19,0.7362266968024223
1999-02-26,-0.07184635733148426
1999-03-05,2.9551052945102185
1999-03-12,1.4879301138375212
1999-03-19,0.3623975185631956
1999-03-26,-1.2772764588925511
1999-04-02,0.8476539810866157
1999-04-09,4.1359837887323
1999-04-16,-2.200773086358243
1999-04-23,2.829194506322974
1999-04-30,-1.6099664346977072
1999-05-07,0.7327858602372395
1999-05-14,-0.5367502852809736
1999-05-21,-0.5629517259031047
1999-05-28,-2.161837082664686
1999-06-04,1.970715820505653
1999-06-11,-2.602581873475085
1999-06-18,3.7326787142808016
1999-06-25,-2.0714324889000046
1999-07-02,5.610861513497323
1999-07-09,0.8631335456412259
1999-07-16,1.0984993616993677
1999-07-23,-4.456524653393856
1999-07-30,-2.101607075420908
1999-08-06,-2.1628704205673976
1999-08-13,2.0845752063110012
1999-08-20,0.6703448160262582
1999-08-27,0.8685756878104911
1999-09-03,0.6630915086227596
1999-09-10,-0.4119726749885366
1999-09-17,-1.2087609968859603
1999-09-24,-4.445044544138099
1999-10-01,0.4257593348464539
1999-10-08,4.064202975123443
1999-10-15,-6.862563052830506
1999-10-22,4.25632800475384
1999-10-29,4.600412430342704
1999-11-05,0.5341761202984685
1999-11-12,1.8675430623148692
1999-11-19,1.8410306050991032
1999-11-26,-0.37905822786807875
1999-12-03,1.1705762911589979
1999-12-10,-1.1409295485488968
1999-12-17,0.2811764873322353
1999-12-24,2.591679772040578
1999-12-31,0.7453287388425878
2000-01-07,-1.908866060970027
2000-01-14,1.6294237068384732
2000-01-21,-1.6370540806927458
2000-01-28,-5.798473714630248
2000-02-04,4.612724225598175
2000-02-11,-2.649995553788731
2000-02-18,-3.002558335426908
2000-02-25,-0.9502007114227773
2000-03-03,5.52988485034831
2000-03-10,-1.0056355043827736
2000-03-17,4.85488275382977
2000-03-24,4.211281730423089
2000-03-31,-1.9088235822881217
2000-04-07,1.178815144051537
2000-04-14,-11.135398837586674
2000-04-21,5.589214075111659
2000-04-28,1.2393785230844223
2000-05-05,-1.3726133457815592
2000-05-12,-0.8179247295933223
2000-05-19,-0.9908465844675085
2000-05-26,-2.077650574550649
2000-06-02,6.954132671862467
2000-06-09,-1.3843851145903585
2000-06-16,0.5141371142474149
2000-06-23,-1.5816197148576627
2000-06-30,0.9060581939988488
2000-07-07,1.6567652744579497
2000-07-14,2.0797808072386736
2000-07-21,-1.9925974441918015
2000-07-28,-4.159100418882655
2000-08-04,2.986189657748195
2000-08-11,0.6071984806321318
2000-08-18,1.3416501445536966
2000-08-25,0.9826060142785309
2000-09-01,0.9460941268144119
2000-09-08,-1.7425095638899712
2000-09-15,-1.9383672068756574
2000-09-22,-1.1727642944742378
2000-09-29,-0.8463820152792678
2000-10-06,-1.9343438847226224
2000-10-13,-2.5023184255688946
2000-10-20,1.6427065623085824
2000-10-27,-1.2497936930031983
2000-11-03,3.3577961696621195
2000-11-10,-4.348492940768622
2000-11-17,0.12729930134440792
2000-11-24,-1.915544604157482
2000-12-01,-1.9978111997963843
2000-12-08,4.071891491026314
2000-12-15,-4.3063423477557095
2000-12-22,-0.4736323968066891
2000-12-29,1.0913149612590267
2001-01-05,-1.6749648767003578
2001-01-12,1.5438476266026235
2001-01-19,1.80306862064743
2001-01-26,0.9201146033708696
2001-02-02,-0.40526161817933115
2001-02-09,-2.6057754168360425
2001-02-16,-1.0113628871884828
2001-02-23,-4.371447527873862
2001-03-02,-0.9419217280178138
2001-03-09,-0.061599105169296564
2001-03-16,-6.956810317590634
2001-03-23,-0.9343641311217787
2001-03-30,1.7825319621024072
2001-04-06,-2.787707583909338
2001-04-13,4.76488162647648
2001-04-20,4.903555660939407
2001-04-27,0.8068911733750461
2001-05-04,1.0763410341283475
2001-05-11,-1.6670455602948664
2001-05-18,3.6486841840374318
2001-05-25,-1.0950123167310366
2001-06-01,-1.356693119944019
2001-06-08,0.3397109718755509
2001-06-15,-4.082329326809919
2001-06-22,0.9009320572035406
2001-06-29,-0.07919001371972101
2001-07-06,-2.798564354530342
2001-07-13,2.0854681331733183
2001-07-20,-0.39810630373029454
2001-07-27,-0.4162783270503567
2001-08-03,0.7049145220336506
2001-08-10,-2.0121153526043045
2001-08-17,-2.3970965258021337
2001-08-24,1.9566931113301322
2001-08-31,-4.430301887639043
2001-09-07,-4.308207786085738
2001-09-14,0.6206646640061209
2001-09-21,-12.330381452549943
2001-09-28,7.49226129768763
2001-10-05,2.8823446888643467
2001-10-12,1.8742793807827063
2001-10-19,-1.678464616995612
2001-10-26,2.8586628912264267
2001-11-02,-1.5886779290683606
2001-11-09,2.999994608157941
2001-11-16,1.623788656542402
2001-11-23,1.02141495499124
2001-11-30,-0.9511874145617938
2001-12-07,1.6416449852133752
2001-12-14,-3.0878312259445373
2001-12-21,1.9224790729858832
2001-12-28,1.3990370601900004
2002-01-04,0.9847812496669661
2002-01-11,-2.321826250230963
2002-01-18,-1.585479157178149
2002-01-25,0.5042404533270428
2002-02-01,-0.98251080509133
2002-02-08,-2.3423129239747986
2002-02-15,0.7235155102386592
2002-02-22,-1.3072161572747376
2002-03-01,3.776077537566014
2002-03-08,2.8337046711276237
2002-03-15,0.1587641892734304
2002-03-22,-1.5085503431294
2002-03-29,-0.11410151039861205
2002-04-05,-2.1726608531693614
2002-04-12,-1.049368171931242
2002-04-19,1.2664654101020467
2002-04-26,-4.43864090151882
2002-05-03,-0.2688586411371041
2002-05-10,-1.7327900027882315
2002-05-17,4.775190491116721
2002-05-24,-2.0791395852914896
2002-05-31,-1.5509601575293352
2002-06-07,-3.7824293882216864
2002-06-14,-1.991417222810199
2002-06-21,-1.8163105766167753
2002-06-28,0.06872222733083078
2002-07-05,-0.0798421360578061
2002-07-12,-7.0841279163446735
2002-07-19,-8.329763428566128
2002-07-26,0.5986207110512787
2002-08-02,1.3278508592800442
2002-08-09,5.009849554133883
2002-08-16,2.1912158899188405
2002-08-23,1.2933183902206657
2002-08-30,-2.6701546088229833
2002-09-06,-2.4476522370593834
2002-09-13,-0.4608312547362381
2002-09-20,-5.120987737558025
2002-09-27,-2.1546087359753052
2002-10-04,-3.2915502981063938
2002-10-11,4.2478407407522845
2002-10-18,5.708326464509472
2002-10-25,1.488210613276042
2002-11-01,0.36806213797664356
2002-11-08,-0.6927723531391372
2002-11-15,1.672462529291785
2002-11-22,2.2518008416007262
2002-11-29,0.6170819545941342
2002-12-06,-2.6054485766793256
2002-12-13,-2.5255129497860906
2002-12-20,0.7035530500819398
2002-12-27,-2.2991578208165997
2003-01-03,3.7213024232998215
2003-01-10,2.0674294349165123
2003-01-17,-2.8197650865602775
2003-01-24,-4.581161940007572
2003-01-31,-0.6639139272756722
2003-02-07,-3.086772169851315
2003-02-14,0.6247857200195384
2003-02-21,1.5781070057930613
2003-02-28,-0.8311035059378469
2003-03-07,-1.468255817417674
2003-03-14,0.5270268723700511
2003-03-21,7.2348243236698195
2003-03-28,-3.6712088389282194
2003-04-04,1.7620309292618153
2003-04-11,-1.2076943871292656
2003-04-18,2.869862224291353
2003-04-25,0.5835778227749167
2003-05-02,3.4198958848914884
2003-05-09,0.35738958797990605
2003-05-16,1.1599381134518971
2003-05-23,-1.1802959184564088
2003-05-30,3.2024980649596912
2003-06-06,2.4773842339138596
2003-06-13,0.08601381729542723
2003-06-20,0.7136065290801241
2003-06-27,-1.9748025772228672
2003-07-04,0.9664120217864891
2003-07-11,1.2541500654405624
2003-07-18,-0.4840686413987605
2003-07-25,0.5381524384886482
2003-08-01,-1.8728753595892655
2003-08-08,-0.2615259381389734
2003-08-15,1.3291077947096497
2003-08-22,0.2409618071400388
2003-08-29,1.4942296183012793
2003-09-05,1.3186359118586566
2003-09-12,-0.2705867024049624
2003-09-19,1.7198132308335445
2003-09-26,-3.88117205102958
2003-10-03,3.256813304643469
2003-10-10,0.7940506124860747
2003-10-17,0.12129584831086504
2003-10-24,-1.0066578780675073
2003-10-31,2.0966066265389216
2003-11-07,0.2376517424107938
2003-11-14,-0.2719187662902911
2003-11-21,-1.445146888603066
2003-11-28,2.1897355515488215
2003-12-05,0.3113696815904454
2003-12-12,1.1837352885046393
2003-12-19,1.3427258512587414
2003-12-26,0.6619218333316468
2004-01-02,1.142285799985121
2004-01-09,1.199831918233052
2004-01-16,1.5891080850900074
2004-01-23,0.15079408916500725
2004-01-30,-0.9169893442766863
2004-02-06,1.0229260183376887
2004-02-13,0.26654640608123614
2004-02-20,-0.14848322403500092
2004-02-27,0.07251533322660819
2004-03-05,1.0357242924789567
2004-03-12,-3.187198914857703
2004-03-19,-0.9675612605407835
2004-03-26,-0.1551032517923545
2004-04-02,3.0003982564386966
2004-04-09,-0.2183227863776338
2004-04-16,-0.41425794239158265
2004-04-23,0.5265451695952272
2004-04-30,-2.9629754517234375
2004-05-07,-0.7797045535517633
2004-05-14,-0.27342344171676913
2004-05-21,-0.19549009711692378
2004-05-28,2.449720895995089
2004-06-04,0.16226487796879852
2004-06-11,1.2368600716568423
2004-06-18,-0.12766522195049035
2004-06-25,-0.05199196409364504
2004-07-02,-0.80096087514967
2004-07-09,-1.123236015755591
2004-07-16,-1.031536882991535
2004-07-23,-1.3887710085986882
2004-07-30,1.4187246704084444
2004-08-06,-3.4865400871732177
2004-08-13,0.07798664575826564
2004-08-20,3.102199749473389
2004-08-27,0.8539971730717966
2004-09-03,0.5275951094084519
2004-09-10,0.9197659386377843
2004-09-17,0.4111052500582524
2004-09-24,-1.6474569844008968
2004-10-01,1.908508977358725
2004-10-08,-0.8306596537355659
2004-10-15,-1.250055616373924
2004-10-22,-1.1307108196868754
2004-10-29,3.096463981703046
2004-11-05,3.1330347572422035
2004-11-12,1.5317231763819272
2004-11-19,-1.1747868666926564
2004-11-26,1.046342819716184
2004-12-03,0.7178350398375777
2004-12-10,-0.26648333349204023
2004-12-17,0.5205243302572882
2004-12-24,1.3251331646050524
2004-12-31,0.14781192397554932
2005-01-07,-2.1459474420048252
2005-01-14,-0.1408794984377515
2005-01-21,-1.4156073063647412
2005-01-28,0.29838817499401316
2005-02-04,2.6677944279336785
2005-02-11,0.1885140433303789
2005-02-18,-0.3082887812637658
2005-02-25,0.8106295181520728
2005-03-04,0.8835105113213615
2005-03-11,-1.81988669855917
2005-03-18,-0.8729017882489032
2005-03-25,-1.5442441107837546
2005-04-01,0.12796779890811294
2005-04-08,0.7034425931301769
2005-04-15,-3.3206962729829925
2005-04-22,0.8279852457213188
2005-04-29,0.40970537903559645
2005-05-06,1.245613588434491
2005-05-13,-1.4879371938130603
2005-05-20,3.007056961511889
2005-05-27,0.7956290781120146
2005-06-03,-0.2305003283241902
2005-06-10,0.17459088244464738
2005-06-17,1.5610610708033157
2005-06-24,-2.1084193428676734
2005-07-01,0.24056870142263875
2005-07-08,1.4478950091547205
2005-07-15,1.3165359475003413
2005-07-22,0.46798992930021655
2005-07-29,0.04052093595889872
2005-08-05,-0.630743329632022
2005-08-12,0.323181203580436
2005-08-19,-0.8718110658722189
2005-08-26,-1.2050562752527583
2005-09-02,1.0664074757128716
2005-09-09,1.9077595009801662
2005-09-16,-0.28796992284405576
2005-09-23,-1.8441737748416287
2005-09-30,1.1063505499985915
2005-10-07,-2.7147208674890067
2005-10-14,-0.7832313469569918
2005-10-21,-0.5899855440694601
2005-10-28,1.582881522898294
2005-11-04,1.7969911539171157
2005-11-11,1.1878581734293903
2005-11-18,1.0914408348672744
2005-11-25,1.5879389116379095
2005-12-02,-0.2502670915275118
2005-12-09,-0.45237345048692035
2005-12-16,0.6292800138216315
2005-12-23,0.10568600901272873
2005-12-30,-1.6186606232089673
2006-01-06,2.9334167569900593
2006-01-13,0.16789618123072003
2006-01-20,-2.0494221167711935
2006-01-27,1.7468535874417768
2006-02-03,-1.54570373320988
2006-02-10,0.23389481427056324
2006-02-17,1.585638288842528
2006-02-24,0.16999180854364582
2006-03-03,-0.1707694261300574
2006-03-10,-0.452373532881456
2006-03-17,1.9956821762064259
2006-03-24,-0.32948071401319723
2006-03-31,-0.6220586704768216
2006-04-07,0.048642077882465884
2006-04-14,-0.49369097609881507
2006-04-21,1.7043970482124138
2006-04-28,-0.051111523073466
2006-05-05,1.14932207625289
2006-05-12,-2.6382897847905262
2006-05-19,-1.8927387264411344
2006-05-26,1.0309494658578444
2006-06-02,0.6276300988290018
2006-06-09,-2.8279498228903854
2006-06-16,-0.060707534210457936
2006-06-23,-0.564098141099123
2006-06-30,2.0440487119937956
2006-07-07,-0.3722848531185541
2006-07-14,-2.34093626697911
2006-07-21,0.33031359913149316
2006-07-28,3.0381406768915653
2006-08-04,0.06332799353252483
2006-08-11,-0.99132780240474
2006-08-18,2.768530606930142
2006-08-25,-0.5551805070908244
2006-09-01,1.2217675552095741
2006-09-08,-0.9264656177556674
2006-09-15,1.5840969773832647
2006-09-22,-0.37047800267941966
2006-09-29,1.589840154999056
2006-10-06,1.0233042207405063
2006-10-13,1.1807717099010517
2006-10-20,0.21797673051908717
2006-10-27,0.6365776335353068
2006-11-03,-0.9512565656335958
2006-11-10,1.2093965812423058
2006-11-17,1.4593499304843327
2006-11-24,-0.01784344231214874
2006-12-01,-0.30311000006033595
2006-12-08,0.9356755460206756
2006-12-15,1.216118340129313
2006-12-22,-1.1508808739231213
2006-12-29,0.5330432553268594
2007-01-05,-0.6075023977779814
2007-01-12,1.4800808107751529
2007-01-19,-0.01607563675873891
2007-01-26,-0.5833090092735027
2007-02-02,1.8261661413704111
2007-02-09,-0.7157581038069516
2007-02-16,1.2081968837070356
2007-02-23,-0.2993123498304051
2007-03-02,-4.511813693715094
2007-03-09,1.1232996719949817
2007-03-16,-1.139167246165318
2007-03-23,3.4831002712663484
2007-03-30,-1.0675747379211842
2007-04-06,1.5988516650637052
2007-04-13,0.6276299333040747
2007-04-20,2.144982177816157
2007-04-27,0.6526954200463564
2007-05-04,0.7700866511799909
2007-05-11,0.015273635230261817
2007-05-18,1.1160404123760514
2007-05-25,-0.46207525255699267
2007-06-01,1.350578394056523
2007-06-08,-1.8837500254512918
2007-06-15,1.6602470153714854
2007-06-22,-1.9997552978541222
2007-06-29,0.05255759496378687
2007-07-06,1.7859302454690251
2007-07-13,1.4311297351055963
2007-07-20,-1.1922660871164226
2007-07-27,-5.022690851688516
2007-08-03,-1.7904906378415575
2007-08-10,1.4258706625882134
2007-08-17,-0.5311177108112908
2007-08-24,2.2856729597334535
2007-08-31,-0.36433153158190734
2007-09-07,-1.3964129116052604
2007-09-14,2.090072042638358
2007-09-21,2.757649827381936
2007-09-28,0.065520067864
2007-10-05,1.999843985664107
2007-10-12,0.26993005326954034
2007-10-19,-3.995401032374879
2007-10-26,2.28277707235911
2007-11-02,-1.6834941857929664
2007-11-09,-3.7765855191073783
2007-11-16,0.34610458550545786
2007-11-23,-1.2443970022991913
2007-11-30,2.7682998737029507
2007-12-07,1.5754910342763218
2007-12-14,-2.47001453691702
2007-12-21,1.1184207041041283
2007-12-28,-0.4029753374390488
2008-01-04,-4.6276221539026
2008-01-11,-0.7544511820393396
2008-01-18,-5.564475554221282
2008-01-25,0.4081671526193098
2008-02-01,4.755800402543731
2008-02-08,-4.704705040622059
2008-02-15,1.3948751467250275
2008-02-22,0.23084580895256224
2008-02-29,-1.675311791038414
2008-03-07,-2.840130665538343
2008-03-14,-0.40518825062383357
2008-03-21,3.1611131843436446
2008-03-28,-1.080653090106054
2008-04-04,4.109875610151281
2008-04-11,-2.7798217633767663
2008-04-18,4.223662922011506
2008-04-25,0.5387066167455323
2008-05-02,1.142369728597803
2008-05-09,-1.828626893317331
2008-05-16,2.6351788519382247
2008-05-23,-3.5287475308847682
2008-05-30,1.7613726689151399
2008-06-06,-2.875901758613786
2008-06-13,-0.04778343936679974
2008-06-20,-3.144441521954011
2008-06-27,-3.046870947866953
2008-07-04,-1.2182972169599182
2008-07-11,-1.8710686189176151
2008-07-18,1.6951303718999
2008-07-25,-0.2318931703947591
2008-08-01,0.20254001125001864
2008-08-08,2.8171670658684533
2008-08-15,0.144921240626239
2008-08-22,-0.4632497649945222
2008-08-29,-0.7277613705864994
2008-09-05,-3.209594369354374
2008-09-12,0.752999138669086
2008-09-19,0.26966922156939077
2008-09-26,-3.3880070644072724
2008-10-03,-9.870929299220155
2008-10-10,-20.083750759931007
2008-10-17,4.493710925578043
2008-10-24,-7.02200750041273
2008-10-31,9.97618581112647
2008-11-07,-3.975805507624308
2008-11-14,-6.398086221669974
2008-11-21,-8.76183997900748
2008-11-28,11.355895976971198
2008-12-05,-2.276221857427707
2008-12-12,0.4169015230717221
2008-12-19,0.9221584214174072
2008-12-26,-1.7130183692062317
2009-01-02,6.541176574940888
2009-01-09,-4.550356985563653
2009-01-16,-4.6237106179759735
2009-01-23,-2.160515271250496
2009-01-30,-0.7322867105377995
2009-02-06,5.043320156441755
2009-02-13,-4.927145358267193
2009-02-20,-7.115580645846187
2009-02-27,-4.64624547224739
2009-03-06,-7.2941896269219875
2009-03-13,10.171752780192822
2009-03-20,1.57239737185213
2009-03-27,5.984824336008998
2009-04-03,3.203283638545429
2009-04-10,1.6550702773252546
2009-04-17,1.5108942732180886
2009-04-24,-0.3882868064875922
2009-05-01,1.2949329693332068
2009-05-08,5.725649583320358
2009-05-15,-5.116696863413761
2009-05-22,0.4655685750106997
2009-05-29,3.5593483880193233
2009-06-05,2.253717773881103
2009-06-12,0.6488911024521649
2009-06-19,-2.6754842520141153
2009-06-26,-0.2532383357333856
2009-07-03,-2.4768294994210294
2009-07-10,-1.9476246441929135
2009-07-17,6.7351266446923574
2009-07-24,4.05131402766985
2009-07-31,0.8359029263627527
2009-08-07,2.3024501510294115
2009-08-14,-0.6343760722573144
2009-08-21,2.1712763701265736
2009-08-28,0.27250303942505383
2009-09-04,-1.2252483043836193
2009-09-11,2.557525864334931
2009-09-18,2.4226390548728993
2009-09-25,-2.2645233092336348
2009-10-02,-1.8525981031186411
2009-10-09,4.415276251017097
2009-10-16,1.499684284407632
2009-10-23,-0.7456457359083402
2009-10-30,-4.104011138963859
2009-11-06,3.145380628602279
2009-11-13,2.2360978766929662
2009-11-20,-0.19222982220137297
2009-11-27,0.010077132573371728
2009-12-04,1.3188075779565267
2009-12-11,0.03887684481549414
2009-12-18,-0.356748003204288
2009-12-25,2.1544618778182034
2010-01-01,-1.0153644193494848
2010-01-08,2.6443087451459846
2010-01-15,-0.7847398356793711
2010-01-22,-3.97486722972209
2010-01-29,-1.6522140509639627
2010-02-05,-0.717745007994619
2010-02-12,0.8703485460364035
2010-02-19,3.0817050730358453
2010-02-26,-0.4228346368935654
2010-03-05,3.0503536829065148
2010-03-12,0.9866020239422291
2010-03-19,0.8580577360857156
2010-03-26,0.5751118529351729
2010-04-02,0.9818016463220225
2010-04-09,1.3715895078861173
2010-04-16,-0.18772184304847173
2010-04-23,2.0877258367208107
2010-04-30,-2.545101601419031
2010-05-07,-6.601537112980704
2010-05-14,2.2079139351798283
2010-05-21,-4.3175510276066476
2010-05-28,0.15801691705847887
2010-06-04,-2.2774175322644474
2010-06-11,2.47823661447093
2010-06-18,2.345851726349313
2010-06-25,-3.714646356486373
2010-07-02,-5.16276789897443
2010-07-09,5.2741467614009
2010-07-16,-1.2208208467603399
2010-07-23,3.4863352181385032
2010-07-30,-0.09618272533877814
2010-08-06,1.8028266790252268
2010-08-13,-3.852555760674381
2010-08-20,-0.7029568403818409
2010-08-27,-0.6647070642515907
2010-09-03,3.681209014205322
2010-09-10,0.45527651778218825
2010-09-17,1.435274053489266
2010-09-24,2.029747734435894
2010-10-01,-0.21177776757905775
2010-10-08,1.6362843117336823
2010-10-15,0.9430496187768256
2010-10-22,0.5840819012419729
2010-10-29,0.015217907307096823
2010-11-05,3.5361111688908764
2010-11-12,-2.1971486919406757
2010-11-19,0.04335411074025686
2010-11-26,-0.8647516381227405
2010-12-03,2.92550505647009
2010-12-10,1.2729878545141737
2010-12-17,0.2825743983970064
2010-12-24,1.0285281158267878
2010-12-31,0.06920073815166461
2011-01-07,1.0960345429714913
2011-01-14,1.6953383983280723
2011-01-21,-0.7676862326776224
2011-01-28,-0.5477247206688851
2011-02-04,2.669445486423161
2011-02-11,1.384862335337722
2011-02-18,1.0373712253745282
2011-02-25,-1.737254372688124
2011-03-04,0.09617608395640076
2011-03-11,-1.2851401070824942
2011-03-18,-1.940851748657213
2011-03-25,2.6681069285311665
2011-04-01,1.406561957362662
2011-04-08,-0.31872702187252244
2011-04-15,-0.6412764330386622
2011-04-22,1.3323156121519908
2011-04-29,1.9423104253380785
2011-05-06,-1.7316763917747835
2011-05-13,-0.18147569495488014
2011-05-20,-0.3369477201169424
2011-05-27,-0.1628936243185386
2011-06-03,-2.351828962351199
2011-06-10,-2.269911903085209
2011-06-17,0.040906480483293706
2011-06-24,-0.24016617278368457
2011-07-01,5.4627703627885715
2011-07-08,0.3078110059683503
2011-07-15,-2.0798236486340826
2011-07-22,2.170567599945361
2011-07-29,-4.0000774535542405
2011-08-05,-7.460336213715202
2011-08-12,-1.7299255925663282
2011-08-19,-4.802996412234517
2011-08-26,4.632339116519901
2011-09-02,-0.2407789336052346
2011-09-09,-1.695770439672728
2011-09-16,5.214157716064882
2011-09-23,-6.768319815771218
2011-09-30,-0.44182972419388733
2011-10-07,2.102497945173898
2011-10-14,5.809939290152055
2011-10-21,1.1101200307353842
2011-10-28,3.712963572175365
2011-11-04,-2.5104525266434585
2011-11-11,0.8438395537899268
2011-11-18,-3.888366523038833
2011-11-25,-4.800609972080139
2011-12-02,7.128423939305417
2011-12-09,0.8729835944605746
2011-12-16,-2.871474946223973
2011-12-23,3.6760763590176104
2011-12-30,-0.612779971424704
2012-01-06,1.5942597681569914
2012-01-13,0.8788795611001099
2012-01-20,2.0189084408926306
2012-01-27,0.07219269807334783
2012-02-03,2.1472151038617326
2012-02-10,-0.16818430724736544
2012-02-17,1.3750852502571576
2012-02-24,0.3307710701665023
2012-03-02,0.2844234803915491
2012-03-09,0.0904937288082941
2012-03-16,2.400084096688637
2012-03-23,-0.504060534343509
2012-03-30,0.809818120478667
2012-04-06,-0.7404152704117983
2012-04-13,-2.0099325365684706
2012-04-20,0.6017225300170459
2012-04-27,1.7851615500013907
2012-05-04,-2.471577895744126
2012-05-11,-1.1541005011750372
2012-05-18,-4.393202454014844
2012-05-25,1.7298273161357791
2012-06-01,-3.0651130500373824
2012-06-08,3.658278947721705
2012-06-15,1.287627431675098
2012-06-22,-0.5840461085095505
2012-06-29,2.012541257918876
2012-07-06,-0.5506396494771693
2012-07-13,0.15489632460141678
2012-07-20,0.43244299627192007
2012-07-27,1.6961537437151897
2012-08-03,0.3615482448590335
2012-08-10,1.0640607936381663
2012-08-17,0.8703956066216989
2012-08-24,-0.4969475499101428
2012-08-31,-0.32296104610471943
2012-09-07,2.2036460624972776
2012-09-14,1.9183059496049815
2012-09-21,-0.3841528096547364
2012-09-28,-1.3430873228220896
2012-10-05,1.3964942335916497
2012-10-12,-2.238533606808435
2012-10-19,0.32147682188616855
2012-10-26,-1.4938084396024287
2012-11-02,0.1599361909374153
2012-11-09,-2.4589185745107933
2012-11-16,-1.457831576436508
2012-11-23,3.5590238905315097
2012-11-30,0.4976440706521146
2012-12-07,0.13336105553323208
2012-12-14,-0.3171291757274375
2012-12-21,1.1653888385189326
2012-12-28,-1.957286635242017
2013-01-04,4.465164778403974
2013-01-11,0.3797887913059128
2013-01-18,0.9418453819846739
2013-01-25,1.1361996875417724
2013-02-01,0.6770346100278601
2013-02-08,0.31407829007283894
2013-02-15,0.12245931337968585
2013-02-22,-0.2760809067535952
2013-03-01,0.17140063848817277
2013-03-08,2.149057580642566
2013-03-15,0.6118441035225963
2013-03-22,-0.24441561987877947
2013-03-29,0.7869274237314983
2013-04-05,-1.0190682341514545
2013-04-12,2.264162576242512
2013-04-19,-2.137416432677419
2013-04-26,1.7205253954526434
2013-05-03,2.01342278969161
2013-05-10,1.1871564897830034
2013-05-17,2.0460138909382586
2013-05-24,-1.0774670591078284
2013-05-31,-1.1498925941549665
2013-06-07,0.7721205981390256
2013-06-14,-1.018324666160808
2013-06-21,-2.131066767575618
2013-06-28,0.8659779585693528
2013-07-05,1.5817896517140717
2013-07-12,2.916798609930993
2013-07-19,0.705758367389997
2013-07-26,-0.026003263253038256
2013-08-02,1.059599671233169
2013-08-09,-1.0731956337439286
2013-08-16,-2.1266071652554785
2013-08-23,0.4621449327497196
2013-08-30,-1.8523391693811675
2013-09-06,1.3503324354768864
2013-09-13,1.9634717062892548
2013-09-20,1.2902291339460525
2013-09-27,-1.0677261409506755
2013-10-04,-0.07391529643943073
2013-10-11,0.7484462762866961
2013-10-18,2.3959175716021797
2013-10-25,0.8715148146325014
2013-11-01,0.10620718830329778
2013-11-08,0.5078910034715278
2013-11-15,1.5450960434184147
2013-11-22,0.3652552223518235
2013-11-29,0.058165266860843445
2013-12-06,-0.0398843932600812
2013-12-13,-1.662977498797602
2013-12-20,2.3932310214496155
2013-12-27,1.2613196801037674
2014-01-03,-0.5461847149693
2014-01-10,0.5988465652150055
2014-01-17,-0.19940100106188297
2014-01-24,-2.668113389932536
2014-01-31,-0.4310295981435175
2014-02-07,0.8062404527610312
2014-02-14,2.2890983464113113
2014-02-21,-0.1295283226884436
2014-02-28,1.2555270307435862
2014-03-07,0.9947981799995453
2014-03-14,-1.984918440655381
2014-03-21,1.3696228814690237
2014-03-28,-0.4779649165984168
2014-04-04,0.40131951225239604
2014-04-11,-2.684376248729148
2014-04-18,2.6715079324304725
2014-04-25,-0.07778186789924035
2014-05-02,0.9475194695633071
2014-05-09,-0.1415055046525282
2014-05-16,-0.03301059693523456
2014-05-23,1.1999987241506638
2014-05-30,1.204999656193273
2014-06-06,1.335931516856892
2014-06-13,-0.6835474066898328
2014-06-20,1.3701037727246401
2014-06-27,-0.09735561183550345
2014-07-04,1.2406393202616606
2014-07-11,-0.9041271009171403
2014-07-18,0.5398184140693374
2014-07-25,0.006065628684925883
2014-08-01,-2.7254192487278672
2014-08-08,0.3339580789909036
2014-08-15,1.2077433220323286
2014-08-22,1.690939404284908
2014-08-29,0.750045258620613
2014-09-05,0.21639895297420608
2014-09-12,-1.11038125139169
2014-09-19,1.2442782272471753
2014-09-26,-1.3798527992359588
2014-10-03,-0.7568194661711658
2014-10-10,-3.1891985602993778
2014-10-17,-1.0213933670145003
2014-10-24,4.041738218473601
2014-10-31,2.685326317845149
2014-11-07,0.6849457662848835
2014-11-14,0.38803618478757684
2014-11-21,1.1542027872669003
2014-11-28,0.1965626179912583
2014-12-05,0.3770311115176561
2014-12-12,-3.582802697863574
2014-12-19,3.3551039959320406
2014-12-26,0.8712864850678237
2015-01-02,-1.4743594640800772
2015-01-09,-0.652688639833432
2015-01-16,-1.249454106556236
2015-01-23,1.5916874246918233
2015-01-30,-2.808820457631178
2015-02-06,2.986548510424658
2015-02-13,1.9998460527117956
2015-02-20,0.6327162079906579
2015-02-27,-0.2752231385643178
2015-03-06,-1.5920786764270112
2015-03-13,-0.8660214139809774
2015-03-20,2.629020588401154
2015-03-27,-2.258609884351337
2015-04-03,0.28778945314851256
2015-04-10,1.6838934269007844
2015-04-17,-0.9982836464490497
2015-04-24,1.739083660246088
2015-05-01,-0.4448633400754076
2015-05-08,0.3697607105137557
2015-05-15,0.3128168903525186
2015-05-22,0.15675421831957692
2015-05-29,-0.8820365079976966
2015-06-05,-0.6932909644278062
2015-06-12,0.06114390366374067
2015-06-19,0.7554510105114431
2015-06-26,-0.4036591213088414
2015-07-03,-1.182798091105397
2015-07-10,-0.007700298734203415
2015-07-17,2.3801590512044335
2015-07-24,-2.2343655546952057
2015-07-31,1.1564724767179513
2015-08-07,-1.256531370524705
2015-08-14,0.6701680996036075
2015-08-21,-5.941543061185239
2015-08-28,0.9081410991923278
2015-09-04,-3.4606250138055294
2015-09-11,2.0519683317876236
2015-09-18,-0.15411882731797277
2015-09-25,-1.3724835887826359
2015-10-02,1.031251304848091
2015-10-09,3.2038052736985456
2015-10-16,0.9002022600318682
2015-10-23,2.0466759958481795
2015-10-30,0.2026812552870183
2015-11-06,0.9496090787712852
2015-11-13,-3.6954946593409588
2015-11-20,3.2165470604329727
2015-11-27,0.044992704779023285
2015-12-04,0.07555760873731998
2015-12-11,-3.865919412890584
2015-12-18,-0.3394767822229028
2015-12-25,2.7268083442415936
2016-01-01,-0.8307156108529945
2016-01-08,-6.149735462626449
2016-01-15,-2.1934664428090223
2016-01-22,1.4031629679691626
2016-01-29,1.7332772069166502
2016-02-05,-3.151327352602795
2016-02-12,-0.8155298822788204
2016-02-19,2.80251829615894
2016-02-26,1.5660614963805664
2016-03-04,2.6313278357408265
2016-03-11,1.1038877913644995
2016-03-18,1.345387865047254
2016-03-25,-0.6677332302523098
2016-04-01,1.7933115642854602
2016-04-08,-1.2222351891024275
2016-04-15,1.605042061432993
2016-04-22,0.5201014288148009
2016-04-29,-1.2644280626898485
2016-05-06,-0.3958901535865422
2016-05-13,-0.5131857763938541
2016-05-20,0.27861352239355597
2016-05-27,2.2518759506982455
2016-06-03,0.0033263963628016313
2016-06-10,-0.14587218875439234
2016-06-17,-1.192640395905542
2016-06-24,-1.6458381347570494
2016-07-01,3.166168750613707
2016-07-08,1.2733886751936652
2016-07-15,1.4838464036151855
2016-07-22,0.6129022570202203
2016-07-29,-0.06576469602688206
2016-08-05,0.425575434478187
2016-08-12,0.05403953470555223
2016-08-19,-0.00823877881863666
2016-08-26,-0.6813894599991599
2016-09-02,0.503100212561236
2016-09-09,-2.4222384171594946
2016-09-16,0.5319878209278706
2016-09-23,1.1863949541968566
2016-09-30,0.1652486508970874
2016-10-07,-0.6723762325702154
2016-10-14,-0.9685807427145754
2016-10-21,0.3827643377673162
2016-10-28,-0.6912626784099984
2016-11-04,-1.9579920740690149
2016-11-11,3.731111537457643
2016-11-18,0.802974703817938
2016-11-25,1.4311236944799965
2016-12-02,-0.9715712703308732
2016-12-09,3.036530369018209
2016-12-16,-0.06463436146475487
2016-12-23,0.2529920704368749
2016-12-30,-1.1086974233945668
2017-01-06,1.6896552101805185
2017-01-13,-0.10282440810414073
2017-01-20,-0.14649675494275982
2017-01-27,1.0240949253856435
2017-02-03,0.1188987577231515
2017-02-10,0.8098058656715423
2017-02-17,1.5024007171105858
2017-02-24,0.6858213076555764
2017-03-03,0.6643603632693562
2017-03-10,-0.44241613110944655
2017-03-17,0.23784816995497948
2017-03-24,-1.4514592181788188
2017-03-31,0.7963154421046781
2017-04-07,-0.30434682140842995
2017-04-14,-1.1352515864966328
2017-04-21,0.8440199704264018
2017-04-28,1.5005916852985024
2017-05-05,0.6309258712225763
2017-05-12,-0.35030532823361327
2017-05-19,-0.38427170696699875
2017-05-26,1.4211696100246307
2017-06-02,0.9578044853408407
2017-06-09,-0.29974518408080186
2017-06-16,0.05672787514132693
2017-06-23,0.21144211496615384
2017-06-30,-0.6125492222656348
2017-07-07,0.07301172781852827
2017-07-14,1.3958845628734728
2017-07-21,0.5381412259641394
2017-07-28,-0.017794678490101745
2017-08-04,0.19115169303196566
2017-08-11,-1.4440643651571605
2017-08-18,-0.648058170604493
2017-08-25,0.7188955764351412
2017-09-01,1.3619203650415912
2017-09-08,-0.6124028247312729
2017-09-15,1.5640265735444636
2017-09-22,0.07956062964220578
2017-09-29,0.682661752546565
2017-10-06,1.1825666541540159
2017-10-13,0.15050835766228232
2017-10-20,0.8595375249109694
2017-10-27,0.22729991046306353
2017-11-03,0.26195167638238814
2017-11-10,-0.21430913036688537
2017-11-17,-0.13368925870382853
2017-11-24,0.9098150343445965
2017-12-01,1.517771045420524
2017-12-08,0.350605579985519
2017-12-15,0.9126642553015429
2017-12-22,0.28101598374510317
2017-12-29,-0.363266067964485
2018-01-05,2.56772002062462
2018-01-12,1.558615364105087
2018-01-19,0.8598243434415842
2018-01-26,2.202031430812035
2018-02-02,-3.9309492100227494
2018-02-09,-5.29995128594738
2018-02-16,4.211188889405726
2018-02-23,0.5504174140551044
2018-03-02,-2.0612859274173445
2018-03-09,3.48057036668985
2018-03-16,-1.2479916029366045
2018-03-23,-6.134571828988911
2018-03-30,2.012261365509449
2018-04-06,-1.3879264336722485
2018-04-13,1.9705007062396085
2018-04-20,0.5196669838798407
2018-04-27,-0.008613420372682867
2018-05-04,-0.24337491360251207
2018-05-11,2.385510275293523
2018-05-18,-0.542211972951101
2018-05-25,0.30767951500489943
2018-06-01,0.48717693059368017
2018-06-08,1.6109427091007156
2018-06-15,0.022662995124189678
2018-06-22,-0.8954744496251443
2018-06-29,-1.3341362868667161
2018-07-06,1.5133005899877539
2018-07-13,1.4921700849027886
2018-07-20,0.0185617178958708
2018-07-27,0.6045578905944815
2018-08-03,0.7608936483701534
2018-08-10,-0.2492256936292847
2018-08-17,0.5929504696959853
2018-08-24,0.858025580726185
2018-08-31,0.928992237646753
2018-09-07,-1.0337543781777647
2018-09-14,1.1529298314459702
2018-09-21,0.8463263157570289
2018-09-28,-0.5369924403918702
2018-10-05,-0.9797359836994701
2018-10-12,-4.191183814927069
2018-10-19,0.0234925770315364
2018-10-26,-4.0212067169601795
2018-11-02,2.3922771243904073
2018-11-09,2.105790509851335
2018-11-16,-1.621848834596662
2018-11-23,-3.863890719339569
2018-11-30,4.733546468431715
2018-12-07,-4.713795041466007
2018-12-14,-1.266209802315288
2018-12-21,-7.312227713336927
2018-12-28,2.820047985107621
2019-01-04,1.8415386166265257
2019-01-11,2.508616749452841
2019-01-18,2.8272388367691192
2019-01-25,-0.22303390970259684
2019-02-01,1.5553381502311225
2019-02-08,0.04986152011037248
2019-02-15,2.470097758162737
2019-02-22,0.6131124256201659
2019-03-01,0.3938286330376073
2019-03-08,-2.185862975887254
2019-03-15,2.8538168125148644
2019-03-22,-0.7742981661372106
2019-03-29,1.1957297596611127
2019-04-05,2.037390635908576
2019-04-12,0.5058473799241625
2019-04-19,-0.08188929157055824
2019-04-26,1.1924996971923285
2019-05-03,0.1957350182968831
2019-05-10,-2.204982125940713
2019-05-17,-0.7618967345103478
2019-05-24,-1.1773749715358939
2019-05-31,-2.6533792742947426
2019-06-07,4.312540332884751
2019-06-14,0.47358195062745523
2019-06-21,2.1750110874492634
2019-06-28,-0.29530321465882636
2019-07-05,1.6402427344077708
2019-07-12,0.7781320865428043
2019-07-19,-1.2406688048744563
2019-07-26,1.6410278926184851
2019-08-02,-3.1493530361611732
2019-08-09,-0.4580706591461592
2019-08-16,-1.032152043272383
2019-08-23,-1.449514427248122
2019-08-30,2.7489005661775145
2019-09-06,1.7696819671872532
2019-09-13,0.9582249474686222
2019-09-20,-0.510707884257755
2019-09-27,-1.017164992815811
2019-10-04,-0.33075309046814994
2019-10-11,0.6166566774625792
2019-10-18,0.5348795410051288
2019-10-25,1.2099202362614747
2019-11-01,1.4569649285602893
2019-11-08,0.849687207517924
2019-11-15,0.8813030850470582
2019-11-22,-0.3264432341635981
2019-11-29,0.9818864927717996
2019-12-06,0.15683216138171474
2019-12-13,0.7249814201662375
2019-12-20,1.6407177956679675
2019-12-27,0.5819347961541155
2020-01-03,-0.15969194377962737
2020-01-10,0.9384395224719455
2020-01-17,1.949123412244269
2020-01-24,-1.030942930573886
2020-01-31,-2.145460564122814
2020-02-07,3.1190184385254227
2020-02-14,1.5638651650276003
2020-02-21,-1.2626092362680197
2020-02-28,-12.206228058123791
2020-03-06,0.6125007114764713
2020-03-13,-9.203469877635584
2020-03-20,-16.227902025217134
2020-03-27,9.769670746182868
2020-04-03,-2.1002286720212204
2020-04-10,11.423674659145266
2020-04-17,2.9922537316123154
2020-04-24,-1.32441373628982
2020-05-01,-0.21279522975055087
2020-05-08,3.440662819770335
2020-05-15,-2.281970002174205
2020-05-22,3.1536429048748538
2020-05-29,2.9623386739163315
2020-06-05,4.797781831135417
2020-06-12,-4.8963749140176205
2020-06-19,1.8384447290385353
2020-06-26,-2.9048379654133427
2020-07-03,3.941177200197643
2020-07-10,1.742865752419931
2020-07-17,1.2384359676667955
2020-07-24,-0.28259612523484634
2020-07-31,1.7109211233298893
2020-08-07,2.4209901416632817
2020-08-14,0.6415742093192733
2020-08-21,0.7181649333377393
2020-08-28,3.2109165336663636
2020-09-04,-2.337536850739319
2020-09-11,-2.5412384191595194
2020-09-18,-0.6456052413009061
2020-09-25,-0.634944176447938
2020-10-02,1.503288841571404
2020-10-09,3.7721516461241222
2020-10-16,0.19164533875191125
2020-10-23,-0.5301389882630403
2020-10-30,-5.804740894960858
2020-11-06,7.067872342108927
2020-11-13,2.134382304769211
2020-11-20,-0.77309811914823
2020-11-27,2.2461003266274204
2020-12-04,1.6564676188117744
2020-12-11,-0.9686939829268937
2020-12-18,1.2464765254229349
2020-12-25,-0.17132899273750724
2021-01-01,1.4213695517916847
2021-01-08,1.8101569555078356
2021-01-15,-1.4864083066347789
2021-01-22,1.9244395510648715
2021-01-29,-3.3681019650268595
2021-02-05,4.54198569160198
2021-02-12,1.2273763272926175
2021-02-19,-0.7172121187240421
2021-02-26,-2.4764622329168873
2021-03-05,0.8046476865702701
2021-03-12,2.6050670119081687
2021-03-19,-0.7698178528725563
2021-03-26,1.5579104270104338
2021-04-02,1.1340564984058332
2021-04-09,2.6737167595833
2021-04-16,1.3632294273229206
2021-04-23,-0.1267157944004893
2021-04-30,0.02391961153236366
2021-05-07,1.222539152459845
2021-05-14,-1.397758986150599
2021-05-21,-0.43195411201164546
2021-05-28,1.1543232173748308
2021-06-04,0.6113434605238055
2021-06-11,0.4140414398674963
2021-06-18,-1.9252033547122238
2021-06-25,2.705219208326426
2021-07-02,1.6597002353012869
2021-07-09,0.3946388676499879
2021-07-16,-0.97485104896613
2021-07-23,1.9369037862457361
2021-07-30,-0.3753877453990029
2021-08-06,0.9343655546510732
2021-08-13,0.7070591463325115
2021-08-20,-0.591046694349906
2021-08-27,1.5127065902474257
2021-09-03,0.576245574515788
2021-09-10,-1.7089588702416947
2021-09-17,-0.5755994386371199
2021-09-24,0.5060442020591083
2021-10-01,-2.234185815547818
2021-10-08,0.7841447422226366
2021-10-15,1.8060491462238204
2021-10-22,1.6310828128297317
2021-10-29,1.3219456157893106
2021-11-05,1.9811633067282841
2021-11-12,-0.3129873132440508
2021-11-19,0.32214438313982185
2021-11-26,-2.2242284316419614
2021-12-03,-1.230490330866374
2021-12-10,3.7535518968210724
2021-12-17,-1.958344174069282
2021-12-24,2.2501497776318047
2021-12-31,0.8510431361198556
2022-01-07,-1.8881935208833411
2022-01-14,-0.3036377035282811
2022-01-21,-5.84906339684359
2022-01-28,0.7680889990282935
2022-02-04,1.537799373936899
2022-02-11,-1.8363132505070823
2022-02-18,-1.5915919190083727
2022-02-25,0.8193714620185588
2022-03-04,-1.2803217756335528
2022-03-11,-2.919636152145877
2022-03-18,5.973789575759447
2022-03-25,1.7752707433132286
2022-04-01,0.06160918569264595
2022-04-08,-1.2747391577866196
2022-04-15,-2.1550512229755014
2022-04-22,-2.7888442857880946
2022-04-29,-3.3285899203383096
2022-05-06,-0.20811760515471178
2022-05-13,-2.4414406912136144
2022-05-20,-3.0923831912865296
2022-05-27,6.376672636097602
2022-06-03,-1.2024220429093901
2022-06-10,-5.187067457796424
2022-06-17,-5.9687450965823174
2022-06-24,6.247266708077248
2022-07-01,-2.2337526809735664
2022-07-08,1.9172777596061508
2022-07-15,-0.9332057423966589
2022-07-22,2.5170048494643993
2022-07-29,4.169210472633722
2022-08-05,0.3600979877800725
2022-08-12,3.2039421131649704
2022-08-19,-1.2145447092120065
2022-08-26,-4.123615468314057
2022-09-02,-3.3428630201123966
2022-09-09,3.581636583692749
2022-09-16,-4.887954441294617
2022-09-23,-4.76132137081855
2022-09-30,-2.9569974033259783
2022-10-07,1.4958811945918526
2022-10-14,-1.5670252633039894
2022-10-21,4.626891064664562
2022-10-28,3.8759421539667827
2022-11-04,-3.4027433734571844
2022-11-11,5.730438776538449
2022-11-18,-0.693365623819453
2022-11-25,1.5211538249088719
2022-12-02,1.1257428532237768
2022-12-09,-3.4307311357618886
2022-12-16,-2.106730391656697
2022-12-23,-0.1959169800390015
2022-12-30,-0.13846558087244887
2023-01-06,1.4372088533439964
2023-01-13,2.635261889359519
2023-01-20,-0.6643520758201404
2023-01-27,2.4357260064389763
2023-02-03,1.60645833875801
2023-02-10,-1.118775629077362
2023-02-17,-0.2783477748426577
2023-02-24,-2.7097765815652153
2023-03-03,1.886355141279239
2023-03-10,-4.6560692946361115
2023-03-17,1.4155077440349828
2023-03-24,1.3781315468142097
2023-03-31,3.4239714031945923
2023-04-07,-0.10445257036781896
2023-04-14,0.7914990273818034
2023-04-21,-0.09962610928688775
2023-04-28,0.8661974172291309
2023-05-05,-0.8001742857159044
2023-05-12,-0.2946596701407955
2023-05-19,1.6330187803522023
2023-05-26,0.32081782438648787
2023-06-02,1.8125272420412841
2023-06-09,0.3843217447347058
2023-06-16,2.5431839713627724
2023-06-23,-1.398979787132859
2023-06-30,2.319757814903589
2023-07-07,-1.1623538976568426
2023-07-14,2.391517863699022
2023-07-21,0.6839385961438182
2023-07-28,1.006528984927435
2023-08-04,-2.3002605333680037
2023-08-11,-0.3126787615395088
2023-08-18,-2.1359745570789457
2023-08-25,0.8204781600333888
2023-09-01,2.4674301278624355
2023-09-08,-1.2989839366289502
2023-09-15,-0.16099157161608701
2023-09-22,-2.970665959489871
2023-09-29,-0.7437266011452337
2023-10-06,0.47577770974989164
2023-10-13,0.4464843118594075
2023-10-20,-2.4234197352219766
2023-10-27,-2.560582298725045
2023-11-03,5.687657659080436
2023-11-10,1.2971030729936217
2023-11-17,2.2125867574946056
2023-11-24,0.9989728565996003
2023-12-01,0.7710362814890459
2023-12-08,0.21176732286214417
2023-12-15,2.4631284303199052
2023-12-22,0.7481693208946538
2023-12-29,0.31918257369945024
2024-01-05,-1.5335529150803495
2024-01-12,1.8266345150603769
2024-01-19,1.1633978635327225
2024-01-26,1.0515215883765805
2024-02-02,1.3734740204215612
2024-02-09,1.3620341485358622
2024-02-16,-0.4194516160200834
2024-02-23,1.6490750722191194
2024-03-01,0.9442831862127576
2024-03-08,-0.26099687049452314
2024-03-15,-0.12889835947156314
2024-03-22,2.2624340059387293
2024-03-29,0.38460959186288335
2024-04-05,-0.9563460690854342
2024-04-12,-1.5672599367524853
2024-04-19,-3.0957926745509567
2024-04-26,2.6370352164699185
2024-05-03,0.5442085856673273
2024-05-10,1.833593900415309
2024-05-17,1.5312901354693764
2024-05-24,0.027341565923322264
2024-05-31,-0.5142679612681889
2024-06-07,1.307947842535917
2024-06-14,1.5699938231456656
2024-06-21,0.6060839439602006
2024-06-28,-0.07579128575354588
2024-07-05,1.9353733383116634
2024-07-12,0.8613508888274168
2024-07-19,-1.9847166500595037
2024-07-26,-0.8372811280764836
2024-08-02,-2.083058448816466
2024-08-09,-0.044896926228332745
2024-08-16,3.855899533166962
2024-08-23,1.4364510064581282
2024-08-30,0.24443913840901388
2024-09-06,-4.341531792187681
2024-09-13,3.944528445461337
2024-09-20,1.351114051560387
2024-09-27,0.6226921580973155
2024-10-04,0.22455633357001403
2024-10-11,1.1060014193617462
2024-10-18,0.8500293134096282
2024-10-25,-0.9689242573923451
2024-11-01,-1.3750908025073727
2024-11-08,4.550981538327292
2024-11-15,-2.1055595970876695
2024-11-22,1.6676072323962288
2024-11-29,1.0505264288612537
2024-12-06,0.9550812278895648
2024-12-13,-0.6454023638973183
2024-12-20,-2.0070837124528396
2024-12-27,0.6720036697572596
2025-01-03,-0.4762686842335384
2025-01-10,-1.9615748576219616
2025-01-17,2.8693514184261915
2025-01-24,1.7289394002652614
2025-01-31,-1.0000346749402311
2025-02-07,-0.24099007492459634
2025-02-14,1.4602421068142135
2025-02-21,-1.6738849034453551
2025-02-28,-0.9798155932925212
2025-03-07,-3.144046041308002
2025-03-14,-2.301068161974129
2025-03-21,0.5062606167289374
2025-03-28,-1.5401489872290952
2025-04-04,-9.521196738488591
2025-04-11,5.5445375761683735
2025-04-18,-1.5153251240086263
2025-04-25,4.488388103659524
2025-05-02,2.8803577162056726
2025-05-09,-0.4716807188410499
2025-05-16,5.1390593746399205
2025-05-23,-2.6454636385176755
2025-05-30,1.8587760639375617
2025-06-06,1.488770800739303
2025-06-13,-0.39056581086747144
2025-06-20,-0.15287598257636148
2025-06-27,3.381122786853652
2025-07-04,1.7070232913404482
2025-07-11,-0.31262392782345216
2025-07-18,0.5899737727851573
2025-07-25,1.4481448646655792
2025-08-01,-2.3860250896653667
2025-08-08,2.3987039575366964
2025-08-15,0.9400869027521352
2025-08-22,0.2649337427619969
2025-08-29,-0.10289013375519573
2025-09-05,0.3282436674847844
2025-09-12,1.5734549452025348
2025-09-19,1.2087389989172692
2025-09-26,-0.31048378913851593
2025-10-03,1.0792409322894159
2025-10-10,-2.461332935008187
2025-10-17,1.687322371280331
2025-10-24,1.8978427115076357
2025-10-31,0.7117202118225308
2025-11-07,-1.642020688695034
2025-11-14,0.07888426796380799
2025-11-21,-1.9663023075931818
2025-11-28,3.659316167720128
2025-12-05,0.3106540567619831
2025-12-12,-0.6276899308359063
2025-12-19,0.10378994306616818
2025-12-26,1.3867832089941245
2026-01-02,-1.0366730582722639
2026-01-09,1.5596919411677845
2026-01-16,-0.37781538611678656
2026-01-23,-0.3522026184317184
2026-01-30,0.33808088519808877
2026-02-06,-0.09703440399455587
2026-02-13,-1.396399843600804
2026-02-20,1.0671067762430653
2026-02-27,-0.4442858662546456
2026-03-06,-2.0392935783227983
2026-03-13,-1.6127837614130058
2026-03-20,-1.9136457183627442
2026-03-27,-2.1379665511558343
2026-04-03,3.3024532616439117
2026-04-10,3.4959908692290043
2026-04-17,4.43551190654734
2026-04-24,0.546074226712534
2026-05-01,0.9036412242869218
2026-05-08,2.3079769166834296
2026-05-15,0.12925707482711601
2026-05-22,0.8731455133096588
2026-05-29,1.4161678120469645
2026-06-05,-2.6240805865160866
2026-06-12,0.6442017787458454
2026-06-19,0.9258026458875079
2026-06-26,-1.9733256161773127
2026-07-03,1.7418779462390788
