fold,split,date,model,innovation_true,innovation_pred,future_rv_true,predicted_future_rv
1,val,2003-05-29,esn_selected,0.05742686588364603,0.25919285777785195,0.1596823540446101,0.19538120479245294
1,val,2003-05-30,esn_selected,-0.038323939046925076,0.15583059997117568,0.1549432010008219,0.1881450379073039
1,val,2003-06-02,esn_selected,0.003916285936905728,0.2294729051580811,0.15425625480039,0.1932861688610994
1,val,2003-06-03,esn_selected,0.017972200387473998,0.2084368708772283,0.1569847490115405,0.18992197521709508
1,val,2003-06-04,esn_selected,-0.02458624902302479,0.14240800867424008,0.1550182406132407,0.18319241509596854
1,val,2003-06-05,esn_selected,-0.0015518555008038864,0.13135119886288005,0.1583719024133142,0.18088276862212913
1,val,2003-06-06,esn_selected,0.10616974837255636,0.2123288769314032,0.1725006383935782,0.1918205051693667
1,val,2003-06-09,esn_selected,0.11052239689582674,0.24117603637577434,0.1693777270269197,0.19301828618944636
1,val,2003-06-10,esn_selected,0.1075650564710359,0.17231929104574378,0.1667296470653611,0.17788332455470612
1,val,2003-06-11,esn_selected,0.09016907968675533,0.07638563530488465,0.1687324672622308,0.1664227074749616
1,val,2003-06-12,esn_selected,0.10606094170491193,0.07397247891813927,0.1716652153701681,0.16624418392575124
1,val,2003-06-13,esn_selected,0.06909176172094438,0.1480471677689428,0.1684685845908456,0.18230930030381962
1,val,2003-06-16,esn_selected,-0.13601893839703016,0.06210375344676581,0.1514997853151157,0.18469520017575003
1,val,2003-06-17,esn_selected,0.007003422568140322,0.1639817877066088,0.1529345378634452,0.17892886737104888
1,val,2003-06-18,esn_selected,0.060101379042679606,0.11059042225984672,0.1611233865592461,0.16946721577049786
1,val,2003-06-19,esn_selected,-0.03295636448081465,0.17737497528465812,0.1558598383690905,0.19234458387645367
1,val,2003-06-20,esn_selected,0.027488036436318565,0.19927775491652888,0.1618014434340711,0.192127582620516
1,val,2003-06-23,esn_selected,-0.003906300951704448,0.20217327303067092,0.1608231188787516,0.1976276479920888
1,val,2003-06-24,esn_selected,0.07419899299245343,0.20572702383309655,0.1608022495303657,0.18340620219438758
1,val,2003-06-25,esn_selected,0.03736484796150601,0.20177591814213036,0.1590513801487098,0.18747366192117548
1,val,2003-06-26,esn_selected,0.029585908328330073,0.05399807938542249,0.1644772829410306,0.1685419422255399
1,val,2003-06-27,esn_selected,0.030707154799430803,0.11855436739902867,0.1597748696027085,0.17444560467807954
1,val,2003-06-30,esn_selected,0.04036003927966379,0.11680022537191995,0.1606093872623991,0.17336781522182892
1,val,2003-07-01,esn_selected,0.003310890307058128,0.10180627685577177,0.1575053696787725,0.17380864235043478
1,val,2003-07-02,esn_selected,-0.023991788431340734,0.058521415903273075,0.1513433358236108,0.16436083219938027
1,val,2003-07-03,esn_selected,-0.05332966325942278,0.0851834697299503,0.1501472405991176,0.17245383019820493
1,val,2003-07-07,esn_selected,-0.2604302612445978,0.010641493325103859,0.132949675384794,0.17434610462870193
1,val,2003-07-08,esn_selected,-0.10574949783062446,0.0067700177223678,0.1523806694307043,0.1705283075714485
1,val,2003-07-09,esn_selected,-0.089550860079132,0.01836110816245598,0.1524478790165174,0.16981926576068884
1,val,2003-07-10,esn_selected,-0.11651897588242019,0.07864005717837329,0.1501741244869507,0.1825372905312899
1,val,2003-07-11,esn_selected,-0.15679372554850377,0.01663027192306356,0.1467532246537177,0.1745439250985065
1,val,2003-07-14,esn_selected,-0.14083061654859882,0.017354328395751115,0.1463379502019055,0.17141776019594607
1,val,2003-07-15,esn_selected,-0.012319681809868302,0.08558728906124262,0.1496448060047006,0.16503729801772501
1,val,2003-07-16,esn_selected,-0.024083327290146967,0.11671681111885297,0.1492953629481596,0.17186800748208902
1,val,2003-07-17,esn_selected,-0.13543103050439378,0.12221440807416492,0.1407154008782136,0.18206883970270218
1,val,2003-07-18,esn_selected,-0.13318573369087278,0.062306593901508674,0.1364245067734214,0.1658798490346658
1,val,2003-07-21,esn_selected,-0.19873441565449546,0.09809087058233211,0.1326395780255691,0.1784771882737891
1,val,2003-07-22,esn_selected,-0.21726131605363141,0.059526432030447295,0.1294175248466518,0.1706870141094449
1,val,2003-07-23,esn_selected,-0.21111506539439528,0.02856743540085424,0.1301985093610826,0.16546220194020447
1,val,2003-07-24,esn_selected,-0.2181077065230514,0.07353928888240625,0.1278834866822556,0.17118872184973555
1,val,2003-07-25,esn_selected,-0.33862495973545614,-0.006062851984027708,0.1172311355218865,0.16348309836216293
1,val,2003-07-28,esn_selected,-0.3147413818817938,0.05904394234676687,0.1166320814932494,0.1694926735092376
1,val,2003-07-29,esn_selected,-0.32839169822303466,0.07140987768497996,0.1156517537416904,0.1724979114199082
1,val,2003-07-30,esn_selected,-0.3115935431361595,0.08889940401813527,0.1153378915532826,0.17214875451934292
1,val,2003-07-31,esn_selected,-0.2564214725902246,0.12717188663119267,0.1171118581166034,0.17186733818095215
1,val,2003-08-01,esn_selected,-0.2642811242729435,0.11163077390446335,0.1152766961995501,0.1678796226181519
1,val,2003-08-04,esn_selected,-0.06491494180475381,0.1702261843289954,0.1245934123097713,0.15762154270633244
1,val,2003-08-05,esn_selected,-0.4162019116167653,0.22247517104078668,0.1005022266107854,0.19034856903287378
1,val,2003-08-06,esn_selected,-0.4378647331753967,0.1691119133790499,0.0983918551249749,0.18053680703328714
1,val,2003-08-07,esn_selected,-0.47622753337491075,0.09858789777540874,0.0932764735966779,0.16573387653751134
1,val,2003-08-08,esn_selected,-0.4117675810806322,0.04674257098468394,0.0972208166085637,0.15377569324191023
1,val,2003-08-11,esn_selected,-0.38985103559061957,0.052103028875172576,0.0990938755454025,0.15416472955229577
1,val,2003-08-12,esn_selected,-0.3991878203597275,-0.05852112128623149,0.1003914160122863,0.14113874374917607
1,val,2003-08-13,esn_selected,-0.4080636480140311,-0.019857093317772086,0.0992719444034574,0.14636003102464656
1,val,2003-08-14,esn_selected,-0.35141645703541147,0.006290019758470984,0.0990201099260765,0.14160329303225058
1,val,2003-08-15,esn_selected,-0.31873170071255297,0.010077482007284552,0.0991902474027155,0.13780627295386774
1,val,2003-08-18,esn_selected,-0.21029331183748318,0.007971069348379137,0.1074840213798729,0.13370108234213338
1,val,2003-08-19,esn_selected,-0.1914693056244371,0.021819716907215497,0.1068658702294009,0.1322724117468708
1,val,2003-08-20,esn_selected,-0.13480860314345885,0.02013231048612109,0.113778284028874,0.1328462695114046
1,val,2003-08-21,esn_selected,-0.10914884210259615,0.06876289558206974,0.1146599449062761,0.1369865142248965
1,val,2003-08-22,esn_selected,-0.013376148864955906,0.21844410551761984,0.1156734753733716,0.14585188330241214
1,val,2003-08-25,esn_selected,-0.0027094363415673295,0.2102498896965148,0.1163165020073797,0.1439224002569978
1,val,2003-08-26,esn_selected,0.13561390984975039,0.2162433056990305,0.1324489731073554,0.1435705939989677
1,val,2003-08-27,esn_selected,0.16212234021130031,0.1360524412085705,0.1356378339415499,0.13214746378900935
1,val,2003-08-28,esn_selected,0.13744442296225334,0.07852614987649004,0.1343668778719861,0.1266789179744405
1,val,2003-08-29,esn_selected,0.17036878378393228,0.057159317260435744,0.136688426430858,0.12205778859839242
1,val,2003-09-02,esn_selected,0.06414263449157317,0.043913377085729934,0.1328470370174918,0.13018663976447248
1,val,2003-09-03,esn_selected,0.40880671082886477,0.18580100971298796,0.1512579403044683,0.12102303414300611
1,val,2003-09-04,esn_selected,0.43355613824257466,0.2096997488121862,0.1517924558478778,0.12134743276496807
1,val,2003-09-05,esn_selected,0.500912053068887,0.2699638699903259,0.1539272318769437,0.12218444989630024
1,val,2003-09-08,esn_selected,0.44678405241381225,0.25744342128819464,0.1519830351238813,0.1257666583864956
1,val,2003-09-09,esn_selected,0.41985763996604225,0.27054484851397576,0.1507956001824845,0.1298802000092208
1,val,2003-09-10,esn_selected,0.3792939797377815,0.2981175153204924,0.1466972127713285,0.13525937359759033
1,val,2003-09-11,esn_selected,0.3900958525244014,0.2696362267771129,0.1466368100901029,0.12999542066830713
1,val,2003-09-12,esn_selected,0.39388516759629316,0.24417774751364696,0.1468201146644764,0.1264062223035822
1,val,2003-09-15,esn_selected,0.3914472959427932,0.2200604207289583,0.1467142757457489,0.12360612733642884
1,val,2003-09-16,esn_selected,0.2497067492711616,0.11416893382286483,0.137971749090497,0.12048329733747916
1,val,2003-09-17,esn_selected,0.25658535175387487,0.158360593623731,0.1381251075076654,0.12520283378528332
1,val,2003-09-18,esn_selected,0.1520174121722869,0.08676855119681928,0.1324584604053479,0.12409162808837536
1,val,2003-09-19,esn_selected,0.17703876166176452,0.1563282543107224,0.1368669804651617,0.13406154711020185
1,val,2003-09-22,esn_selected,0.14678631106601295,0.20721964915434765,0.1339621993178414,0.1423076130408013
1,val,2003-09-23,esn_selected,0.13720399347171777,0.18011973584446392,0.1334222531322295,0.13927281077012177
1,val,2003-09-24,esn_selected,-0.053285959898133776,0.24532293323984264,0.1255760439212352,0.1692742864222858
1,val,2003-09-25,esn_selected,-0.10355982468253036,0.2459745479870905,0.1222940662192009,0.17346275295156036
1,val,2003-09-26,esn_selected,-0.0966442766933685,0.2258573028030358,0.1219888535992084,0.16841501425451094
1,val,2003-09-29,esn_selected,-0.15568367206743886,0.09098494385843532,0.1169820382843998,0.14970834280029957
1,val,2003-09-30,esn_selected,-0.08845085189859203,0.12999349957042972,0.1216012825594733,0.15128899294945652
1,val,2003-10-01,esn_selected,-0.4551384057168688,-0.05762803110092951,0.0959520116361712,0.14278765010583414
1,val,2003-10-02,esn_selected,-0.4646710267207543,-0.0682524119127282,0.0953775417231918,0.14177790073793795
1,val,2003-10-03,esn_selected,-0.5393285522123012,-0.13010497474935018,0.0897610750147857,0.13514861106914755
1,val,2003-10-06,esn_selected,-0.5096368463488811,-0.13148224129066666,0.0912982899341838,0.13325794183720163
1,val,2003-10-07,esn_selected,-0.5094498398426174,-0.0958934127995073,0.0906019230731725,0.13700697895937708
1,val,2003-10-08,esn_selected,-0.4862614053383813,-0.10297493428157546,0.0902072030324911,0.13234282980210546
1,val,2003-10-09,esn_selected,-0.47013563607712594,-0.10392881043975213,0.0916359089418835,0.13216221102114567
1,val,2003-10-10,esn_selected,-0.4367258511494762,-0.1858968141585723,0.094867603909563,0.12191344351038108
1,val,2003-10-13,esn_selected,-0.4313228722980949,-0.25642076726246693,0.0953128005997225,0.11352989855975251
1,val,2003-10-14,esn_selected,-0.37849907917527015,-0.23088980628649108,0.0944952783110596,0.10952569082869473
1,val,2003-10-15,esn_selected,-0.3029390476043307,-0.15144878016289107,0.1020252980880567,0.11871326770147471
1,val,2003-10-16,esn_selected,-0.2707443383735986,-0.13703123586135968,0.101040835956111,0.11549622599231539
1,val,2003-10-17,esn_selected,-0.33410005015261207,-0.03810721510667343,0.0979943141875274,0.13174948698195077
1,val,2003-10-20,esn_selected,-0.33284502262413057,-0.07121800773509138,0.0960349937126668,0.124753483460978
1,val,2003-10-21,esn_selected,-0.26112473147613563,-0.08144768977120634,0.1027597976591615,0.12298608819652901
1,val,2003-10-22,esn_selected,-0.256814655653147,0.037805364720907925,0.0971345224454117,0.13041437321398383
1,val,2003-10-23,esn_selected,-0.18082488821082252,0.08861063357212956,0.1020643641206314,0.13362523885525027
1,val,2003-10-24,esn_selected,-0.17103090951483554,0.08504152942645948,0.1028116596288518,0.132816862554024
1,val,2003-10-27,esn_selected,-0.035446342607242665,0.06877156593848582,0.1129080828356499,0.12531016325861788
1,val,2003-10-28,esn_selected,-0.16517682343201898,-0.017083355923140697,0.1030867321297453,0.11954156807877897
1,val,2003-10-29,esn_selected,0.0782240309634061,0.08379299893174207,0.103759136580536,0.10433857984151355
1,val,2003-10-30,esn_selected,0.08199919584858158,0.13694258946346932,0.1035280235384583,0.10937537010590166
1,val,2003-10-31,esn_selected,0.20586541737563896,0.17675147683903203,0.1102793658332534,0.1071149862270153
1,val,2003-11-03,esn_selected,0.16968924862961796,0.20051203374861004,0.1081826828353507,0.1115690956601824
1,val,2003-11-04,esn_selected,0.17615645927845094,0.171200337276887,0.1080540860012342,0.10751988165268499
1,val,2003-11-05,esn_selected,0.18919874988247504,0.16571163600880978,0.1089956561934436,0.1064654922406526
1,val,2003-11-06,esn_selected,0.18454091610965695,0.12779481055371544,0.1102074093551802,0.10412769936561733
1,val,2003-11-07,esn_selected,0.14443512525928562,0.17744652673767564,0.109608771339211,0.11328749636079677
1,val,2003-11-10,esn_selected,0.16198333213043456,0.19309634905661507,0.1120726646860452,0.11561439465076286
1,val,2003-11-11,esn_selected,0.17056122374681584,0.19277249155593762,0.1120685897168504,0.1145856249693298
1,val,2003-11-12,esn_selected,0.09412037959199822,0.08542125869055998,0.1120943786081406,0.11112348513875837
1,val,2003-11-13,esn_selected,0.105666973485748,0.08540044761447768,0.1123020060626778,0.11004894255295984
1,val,2003-11-14,esn_selected,0.11215025363751545,0.18771352537893096,0.109624370911944,0.11822894823021102
1,val,2003-11-17,esn_selected,0.13316497436973931,0.24939136346461663,0.1097140699246017,0.12323634384678883
1,val,2003-11-18,esn_selected,0.010669225726992795,0.29827784961929954,0.1038620346880448,0.13847254193514377
1,val,2003-11-19,esn_selected,0.09742964377382947,0.25646541249716426,0.1070746752795245,0.12553219500475302
1,val,2003-11-20,esn_selected,0.005843505921561762,0.2697902220488142,0.1026625238095023,0.13367264416983995
1,val,2003-11-21,esn_selected,0.016903409631798778,0.2016722394104019,0.1045642982801174,0.1257846108521078
1,val,2003-11-24,esn_selected,-0.18771844509064564,0.06513416437738857,0.0935836432282637,0.12050704619228535
1,val,2003-11-25,esn_selected,-0.10636750543373821,0.07059207168442173,0.0926846793840208,0.11062684322309133
1,val,2003-11-26,esn_selected,-0.12195574250164595,0.06521093362071144,0.0918462952588144,0.11075085757997191
1,val,2003-11-28,esn_selected,-0.004058976102825959,0.08464803850433222,0.1031086574391951,0.11267306254864363
1,val,2003-12-01,esn_selected,-0.14079142637394412,0.08718572124393349,0.095796429051979,0.12032573899982556
1,val,2003-12-02,esn_selected,-0.12538904802461528,0.06210975660009052,0.0954337469814592,0.11511493481899299
1,val,2003-12-03,esn_selected,-0.1258020695268356,0.08848187693519403,0.09528094361029,0.11805065063188838
1,val,2003-12-04,esn_selected,-0.06932080188300027,0.053240730275011076,0.1016959244603924,0.11495592111946754
1,val,2003-12-05,esn_selected,-0.11048916240047225,0.0912106206659916,0.0986792772629188,0.12073218563218902
1,val,2003-12-08,esn_selected,-0.12736522412086515,0.03954068103070085,0.0965008848427705,0.11402960216602646
1,val,2003-12-09,esn_selected,-0.18041150285281196,0.11377980720324733,0.093572445074032,0.1255780226677521
1,val,2003-12-10,esn_selected,-0.1278875371116472,0.0953603082238675,0.0986150172644089,0.12328162844683606
1,val,2003-12-11,esn_selected,-0.1762626694197271,0.04105795883660946,0.0939796729032755,0.11679253333589776
1,val,2003-12-12,esn_selected,-0.15688076990283517,0.018117495760453538,0.0959964253759574,0.11435518020686067
1,val,2003-12-15,esn_selected,-0.1034619069777744,0.11640516400021694,0.0988494321613577,0.12315760493991276
1,val,2003-12-16,esn_selected,-0.11792803001340882,0.05431957119720138,0.0975094783616,0.11583852418662116
1,val,2003-12-17,esn_selected,-0.05933022314400546,0.056657398906460266,0.0978791158721582,0.10991648254339188
1,val,2003-12-18,esn_selected,-0.17954684624319314,-0.005435207599129507,0.0894768242309986,0.10649428090154618
1,val,2003-12-19,esn_selected,-0.09685701891970498,0.07006137708495272,0.0931853128723403,0.11011315491095844
1,val,2003-12-22,esn_selected,-0.14631258816386353,0.06479688383706962,0.090331802770812,0.11156407177033963
1,val,2003-12-23,esn_selected,-0.02769264952833638,0.10869831886550833,0.0910276190807105,0.10432947655302972
1,val,2003-12-24,esn_selected,0.08802561957640335,0.10695094896895842,0.101213161986463,0.10314689496627574
1,val,2003-12-26,esn_selected,0.15841527058221117,0.06316224730326674,0.1076119549178963,0.09783464165373564
1,val,2003-12-29,esn_selected,0.01888013040995462,0.003123287279705079,0.1050738555606974,0.10343119882991665
1,val,2003-12-30,esn_selected,0.0929560905192094,0.0439206940072808,0.1051282990294964,0.10009763936319481
1,val,2003-12-31,esn_selected,0.09628958670736562,0.06596456482691129,0.1050799873626968,0.10194126587445095
1,val,2004-01-02,esn_selected,0.10825565645847762,0.10285033273336998,0.1061746611756908,0.10560230105009381
1,val,2004-01-05,esn_selected,-0.025240097073468727,0.043734423885148636,0.0991612319591274,0.1062422274801712
1,val,2004-01-06,esn_selected,0.0456954661037252,-0.00660225589783623,0.1032930850778372,0.09802991740138951
1,val,2004-01-07,esn_selected,0.06634145601600336,-0.047685172375153066,0.1031200283624492,0.09200721568046642
1,val,2004-01-08,esn_selected,0.15772606100859812,0.005573026405907082,0.1095588678699181,0.09409538260013975
1,val,2004-01-09,esn_selected,0.06318015081057093,0.09680125275373273,0.1050465626567596,0.10863838604176358
1,val,2004-01-12,esn_selected,0.0857131045815917,0.1099223967540981,0.1023902627505408,0.10489930708822752
1,val,2004-01-13,esn_selected,0.10898415112742997,0.17220592214564298,0.1070499027129185,0.11403630667012038
1,val,2004-01-14,esn_selected,0.04790035832449981,0.05861971771899308,0.103699590203461,0.10481716250833736
1,val,2004-01-15,esn_selected,0.06982537056175911,0.044303478403599425,0.1045614521905727,0.10192661215458754
1,val,2004-01-16,esn_selected,0.10230695759976653,-0.006580321416539541,0.1084229912978941,0.09723715430292734
1,val,2004-01-20,esn_selected,0.20228785385669562,0.05559563830069209,0.1095375593784608,0.09459222484767794
1,val,2004-01-21,esn_selected,0.13595216907400545,0.005775652440127087,0.1067556193645636,0.09372507609394119
1,val,2004-01-22,esn_selected,0.1684013430841005,0.12659231177593427,0.1068996914469154,0.10252246039178575
1,val,2004-01-23,esn_selected,0.15849950544569738,0.16311295155647534,0.106661735065428,0.10715495006785783
1,val,2004-01-26,esn_selected,-0.04063873445590599,0.03646011611104081,0.0971824435360604,0.10497150408544122
1,val,2004-01-27,esn_selected,-0.16517572310638315,0.09326775301805942,0.0912274668770386,0.11813162864573379
1,val,2004-01-28,esn_selected,-0.252412307166684,0.2149416579606199,0.0816344359404156,0.13026946946879697
1,val,2004-01-29,esn_selected,-0.25336203332523816,0.24250805182901647,0.0815992006890307,0.133979868233234
1,val,2004-01-30,esn_selected,-0.1684354543702264,0.167477636363355,0.0887910973747536,0.12423804970530662
1,val,2004-02-02,esn_selected,-0.16624846555475242,0.10066394882102818,0.0899125039794139,0.11741908215398653
1,val,2004-02-03,esn_selected,-0.0975072987624377,0.10272882804279262,0.0899487291848807,0.10988957072942682
1,val,2004-02-04,esn_selected,-0.18793367630057667,0.08230623661638374,0.0855958462958573,0.1121544198445695
1,val,2004-02-05,esn_selected,-0.18390489857158407,0.04335221463103157,0.085797402753924,0.10768882822763857
1,val,2004-02-06,esn_selected,-0.22253972584528592,-0.06525805494980065,0.0877000338252571,0.10263756085701711
1,val,2004-02-09,esn_selected,-0.16753755460977804,-0.016686485941679673,0.0888425899102087,0.10330824818013513
1,val,2004-02-10,esn_selected,0.040353049423576086,-0.010953001201258911,0.1066065193702214,0.10127490150679593
1,val,2004-02-11,esn_selected,0.02739430281920537,-0.018072078483179148,0.110022997162402,0.10513266488625327
1,val,2004-02-12,esn_selected,0.1349819243329904,0.046161038735159615,0.1186858501647228,0.10859867451385355
1,val,2004-02-13,esn_selected,0.18243925144114906,0.07633042062261441,0.1254885110856252,0.11285517713109619
1,val,2004-02-17,esn_selected,0.12457041152561535,0.03204353230523214,0.1228065772425547,0.11195350998091062
1,val,2004-02-18,esn_selected,0.15612233718049373,0.048493079800895886,0.1280460334566098,0.114980273430926
1,val,2004-02-19,esn_selected,0.17651477098682916,0.07485237675394146,0.1273650104449654,0.11505320434972278
1,val,2004-02-20,esn_selected,0.24721782381102175,0.08347609699351909,0.1368805647519872,0.11620629637825901
1,val,2004-02-23,esn_selected,0.2995816510325836,0.0626722867363178,0.1439180619410726,0.11356038921925263
1,val,2004-02-24,esn_selected,0.39264140540204595,0.07551428042743474,0.1439162421330789,0.10480530108949607
1,val,2004-02-25,esn_selected,0.45072026303222695,0.019761680168582166,0.1431762353746087,0.0930482060798058
1,val,2004-02-26,esn_selected,0.612221978109623,0.049583863038422625,0.150576786011209,0.08578421756081632
1,val,2004-02-27,esn_selected,0.6125395030032492,0.053996973749892055,0.1505595925265784,0.0861264392348937
1,val,2004-03-01,esn_selected,0.5544349722634802,0.033438440360198045,0.1545814840938759,0.09181033110308444
1,val,2004-03-02,esn_selected,0.535754983811431,0.1165560149781009,0.1536368964704579,0.10102752802725994
1,val,2004-03-03,esn_selected,0.5348237675401656,0.10952149503108839,0.1535557356500115,0.10035975971965191
1,val,2004-03-04,esn_selected,0.5921771226637331,0.1182370178700343,0.1547504593742404,0.09633905337332084
1,val,2004-03-05,esn_selected,0.6016362191943372,0.12032359330735556,0.1565890651196899,0.09676760976377638
1,val,2004-03-08,esn_selected,0.5476986419040976,0.2011448547579285,0.1516569294775522,0.1072397669099327
1,val,2004-03-09,esn_selected,0.5331805532447526,0.23796968692067585,0.1514183755287145,0.1127119938340605
1,val,2004-03-10,esn_selected,0.26721709234743674,0.22767407846672783,0.1392626557154576,0.13386324855056372
1,val,2004-03-11,esn_selected,0.17889677945654256,0.259068989268566,0.1315762048734217,0.14255934915808496
1,val,2004-03-12,esn_selected,0.043273666337308475,0.10446170687738564,0.123934568648475,0.13175469134081275
1,val,2004-03-15,esn_selected,0.006552866842738344,0.0920060588787191,0.1263135207260599,0.13758202271984238
1,val,2004-03-16,esn_selected,0.017991822896364796,0.07746388188840625,0.1250360877682945,0.13269781251639923
1,val,2004-03-17,esn_selected,-0.06986097884760335,-0.05396087807915115,0.1194059290544548,0.121319669372658
1,val,2004-03-18,esn_selected,-0.03920403698545857,-0.07011969457821018,0.1224683984836194,0.11874013521012514
1,val,2004-03-19,esn_selected,-0.2076970326175366,-0.037777807070284025,0.1112090454907056,0.1318059741454137
1,val,2004-03-22,esn_selected,-0.1987578850313675,0.016567276114055528,0.1179765927539467,0.14632225266630802
1,val,2004-03-23,esn_selected,-0.1802667000302589,-0.008345808119510866,0.1201768945361979,0.1427201429407323
1,val,2004-03-24,esn_selected,-0.09720670923131926,-0.06419397485144529,0.1299135952346572,0.13427397629449078
1,val,2004-03-25,esn_selected,-0.21631195218043833,-0.20632079964744082,0.1212871904262727,0.122505063090928
1,val,2004-03-26,esn_selected,-0.21539142560465088,-0.25170807508128906,0.1213850280807295,0.11705581757984701
1,val,2004-03-29,esn_selected,-0.3323980880016067,-0.2908653252137477,0.1108661119305703,0.11556764589148914
1,val,2004-03-30,esn_selected,-0.2509969123218538,-0.2659066875429577,0.1195333116307279,0.11776431724789281
1,val,2004-03-31,esn_selected,-0.21787627865820308,-0.21986199703841514,0.1234933515680424,0.12324837186085125
1,val,2004-04-01,esn_selected,-0.21538136654713771,-0.23647945946628385,0.1247650680744909,0.1221603371225228
1,val,2004-04-02,esn_selected,-0.204600383663391,-0.25885119303721194,0.1276158488688103,0.12087703162195827
1,val,2004-04-05,esn_selected,-0.1840987596852434,-0.3152962022159992,0.1261563697521723,0.11064476176067234
1,val,2004-04-06,esn_selected,-0.1705242482611557,-0.2820563346085554,0.1276794027663397,0.11420446217116434
1,val,2004-04-07,esn_selected,-0.060827460760077605,-0.1738282110982692,0.1310441512378125,0.11704208236121784
1,val,2004-04-08,esn_selected,0.08729941521631873,-0.06717305567101078,0.1435790283369262,0.12302814284756887
1,val,2004-04-12,esn_selected,0.17428377370642562,-0.10499454171363569,0.1475308826634632,0.11158194039489461
1,val,2004-04-13,esn_selected,0.11661615911732673,0.048422895320966275,0.141936991203397,0.132580495133838
1,val,2004-04-14,esn_selected,0.13849257787327987,-0.002909289002548117,0.1436090929022143,0.12467285029083014
1,val,2004-04-15,esn_selected,0.1854739111546052,0.06994565973409594,0.1437395193216556,0.12805687696734736
1,val,2004-04-16,esn_selected,0.1419376765508347,-0.014602991459647175,0.1411454193324527,0.12069298820705678
1,val,2004-04-19,esn_selected,0.26112868305798126,0.04886952825838047,0.1443932392706126,0.11677876543780331
1,val,2004-04-20,esn_selected,0.11621449555623277,0.17431472649429058,0.1325156476403836,0.1404428949884453
1,val,2004-04-21,esn_selected,0.08592146412589824,0.14063979072689764,0.1309592547781795,0.13832480363532285
1,val,2004-04-22,esn_selected,-0.0644769899687004,0.03706625363021845,0.1218014898899636,0.13481936306333253
1,val,2004-04-23,esn_selected,0.005110613385588268,0.024790526452987897,0.1219086289786782,0.12433154337261464
1,val,2004-04-26,esn_selected,0.010840569912316406,0.07778154647058096,0.1227080692674553,0.1312034392961252
1,val,2004-04-27,esn_selected,0.17944547980977413,0.15771714975639767,0.1326572526607696,0.12980592160221138
1,val,2004-04-28,esn_selected,0.04425807259143904,0.1981587562162232,0.1249424415348431,0.1457297453534287
1,val,2004-04-29,esn_selected,-0.007406668258223075,0.20322480085460712,0.12258205627787,0.1513223185808737
1,val,2004-04-30,esn_selected,-0.04389680356974777,0.23386492448847665,0.1194067473625646,0.1576373967021212
1,val,2004-05-03,esn_selected,-0.11861767960338196,0.11775089460679408,0.113341670676617,0.14356321563082422
1,val,2004-05-04,esn_selected,-0.10068728523482814,0.11473731051108362,0.1140725765299065,0.14149430625608192
1,val,2004-05-05,esn_selected,-0.09170301321566453,0.01345145816040879,0.1164916320923978,0.1294084801448283
1,val,2004-05-06,esn_selected,-0.12336028495223839,0.06666152605531084,0.1158358397017949,0.1400774977517277
1,val,2004-05-07,esn_selected,-0.23879427243609236,0.11607298767497756,0.1130795248914741,0.16125042501138623
1,val,2004-05-10,esn_selected,-0.3204311781815188,0.15368446699882077,0.1070832264782417,0.17203913755481456
1,val,2004-05-11,esn_selected,-0.27267239624081896,0.0760870651973538,0.1080626162237238,0.15315803555106977
1,val,2004-05-12,esn_selected,-0.2932654307940208,0.026803452491738752,0.107107129606669,0.14751036258817887
1,val,2004-05-13,esn_selected,-0.2514548078862834,0.02969922878521227,0.1117817109429117,0.1480724967503383
1,val,2004-05-14,esn_selected,-0.2089475438554813,0.002026404896979449,0.1145307284621163,0.14143172709112378
1,val,2004-05-17,esn_selected,-0.26834247351171203,0.005428133205023115,0.1104096933857072,0.14517915610819135
1,val,2004-05-18,esn_selected,-0.19456550513043577,-0.020218443424067624,0.1090858545619575,0.12986329112891123
1,val,2004-05-19,esn_selected,-0.18729844083086414,0.0274477111026959,0.1085909207964234,0.1346035718582767
1,val,2004-05-20,esn_selected,-0.11259661433221312,0.04384915796797656,0.1088309730997976,0.1272612099467488
1,val,2004-05-21,esn_selected,-0.10179192918333946,0.05646435351713041,0.1101100028660456,0.1289901667684224
1,val,2004-05-24,esn_selected,-0.08000410847129434,0.023386052652258564,0.1132733591930309,0.12561154472466698
1,val,2004-05-25,esn_selected,-0.2627524816007053,-0.12720321008315347,0.10200443295208,0.11681196955052306
1,val,2004-05-26,esn_selected,-0.19614806970802767,-0.04005172970318193,0.1026890093148129,0.12003716868086695
1,val,2004-05-27,esn_selected,-0.1889025430856035,-0.032405004144489935,0.1014816617574248,0.1186734553744321
1,val,2004-05-28,esn_selected,-0.15231847661760906,0.027495002211431724,0.102536335999841,0.12273538692669002
1,val,2004-06-01,esn_selected,-0.0844058504804781,0.11954887379038329,0.1041675895917131,0.1277347393519185
1,val,2004-06-02,esn_selected,0.00484779154227637,0.06919000399457233,0.1146269191847935,0.12224471374244393
1,val,2004-06-03,esn_selected,-0.05865208034569575,0.1111990230244504,0.1098556644203124,0.13019306523049998
1,val,2004-06-04,esn_selected,-0.045209822011839804,0.07123849373460164,0.1107155380666879,0.12438884520948869
1,val,2004-06-07,esn_selected,-0.1490546512371348,0.014021303645246085,0.0974205018775038,0.11467621492531925
1,val,2004-06-08,esn_selected,-0.06291326825050021,0.05428609274860122,0.1005538174736369,0.11305703686893087
1,val,2004-06-09,esn_selected,-0.12444305627347882,0.1462740758850744,0.0954180517920266,0.12508392535486712
1,val,2004-06-10,esn_selected,-0.13237956126765868,0.14655115758911316,0.0938267487803835,0.12401229357821106
1,val,2004-06-14,esn_selected,-0.25074985308018216,0.20790283538088478,0.0869904295112978,0.13761374279109018
1,val,2004-06-15,esn_selected,-0.30979098455366627,0.10180425047713465,0.08401977378003,0.126804611332142
1,val,2004-06-16,esn_selected,-0.2370613039043802,0.09488533033108024,0.0871069460344433,0.12139907543338695
1,val,2004-06-17,esn_selected,-0.22630187422080128,0.07040525373081793,0.0869934957618222,0.11704289393652714
1,val,2004-06-18,esn_selected,-0.20974496816655455,0.06896949969574775,0.0880445409506612,0.11634469592330796
1,val,2004-06-21,esn_selected,-0.10620179584127003,0.07890362081878541,0.097865508834607,0.11776599872620835
1,val,2004-06-22,esn_selected,0.058569853292534765,0.0062428537576819255,0.1167517336217078,0.11079955365406036
1,val,2004-06-23,esn_selected,-0.0012687779208674895,-0.0385595084365301,0.1131297315908971,0.1089887315759181
1,val,2004-06-24,esn_selected,0.13260484538322614,0.05679856563340185,0.1164685311971321,0.10796583541060016
1,val,2004-06-25,esn_selected,0.11676952665871433,0.12208191121757014,0.1154081090285972,0.1160228326634427
1,val,2004-06-28,esn_selected,0.16303817602736623,0.20019729708550274,0.1194521993424308,0.12397443895591441
1,val,2004-06-29,esn_selected,0.14912158574370674,0.13483081415051712,0.1190256265470587,0.11733675488646327
1,val,2004-06-30,esn_selected,0.12870125176467434,0.0425932923948501,0.1184750384404716,0.10870027596978304
1,val,2004-07-01,esn_selected,-0.06021620547096659,0.10941069617465092,0.1079282298857695,0.1278801337088606
1,val,2004-07-02,esn_selected,-0.015534639174859902,0.15631190062037106,0.1081622833982728,0.1284422340978965
1,val,2004-07-06,esn_selected,-0.03266588447152392,0.221865529176426,0.1071573491790268,0.138217664422033
1,val,2004-07-07,esn_selected,0.09048883321123864,0.2224822086135573,0.1066471277779496,0.12169511854950364
1,val,2004-07-08,esn_selected,0.16789404730309315,0.25969805631797394,0.1189361897522877,0.1303719002954497
1,val,2004-07-09,esn_selected,0.30218191147701134,0.19970225661677554,0.1290822365867145,0.11650917663577579
1,val,2004-07-12,esn_selected,0.3196675370378921,0.165628665213446,0.129168469911332,0.11072821096061021
1,val,2004-07-13,esn_selected,0.4536076471742238,0.13484290992935882,0.1369212241385261,0.09954810721465283
1,val,2004-07-14,esn_selected,0.4866257522029105,0.15826369465012768,0.1366848519855079,0.09842707000818995
1,val,2004-07-15,esn_selected,0.47629708358915673,0.2108512586019132,0.140251005270348,0.10755344503000197
1,val,2004-07-16,esn_selected,0.47861958266355464,0.2366274820212257,0.1403940254856122,0.1102180676473482
1,val,2004-07-19,esn_selected,0.49398878664068974,0.24751642218197964,0.1442909316730141,0.1127710047325487
1,val,2004-07-20,esn_selected,0.3480106051618259,0.12064791035069895,0.1386017596350837,0.11041456866079495
1,val,2004-07-21,esn_selected,0.08504499024199749,0.19611650392048957,0.1271153237811105,0.14204817340034806
1,val,2004-07-22,esn_selected,0.11694963152666153,0.22843706932382438,0.1271649240926037,0.1421627171073999
1,val,2004-07-23,esn_selected,0.07929928999251006,0.2710127918113952,0.1260804768254479,0.15272423505022412
1,val,2004-07-26,esn_selected,0.08952333498893417,0.24076033052922308,0.1262164077436803,0.1468240529237434
1,val,2004-07-27,esn_selected,0.020156074738294807,0.1410464277703437,0.1218843154164894,0.1375465924122248
1,val,2004-07-28,esn_selected,0.03913613113856735,0.05416652159336035,0.1237761819273329,0.1256506378846944
1,val,2004-07-29,esn_selected,0.0362529957223762,-0.005964808105278182,0.1228489175819449,0.11777046099454724
1,val,2004-07-30,esn_selected,0.1311300024360032,-0.012134732044836739,0.1230507006148706,0.10662646400003618
1,val,2004-08-02,esn_selected,0.15506801232220002,0.031140492038033145,0.1263051413151519,0.11158350288514876
1,val,2004-08-03,esn_selected,0.15119017274545896,0.12695335797441304,0.1246473412573813,0.12166260311563329
1,val,2004-08-04,esn_selected,0.1574030056522501,0.08708276595532874,0.1248269675733824,0.11635062706675667
1,val,2004-08-05,esn_selected,-0.013789485054982292,0.10639169723251572,0.1173073769955848,0.13228766423999763
1,val,2004-08-06,esn_selected,-0.19158692024770627,0.1337255284995176,0.1065764719463358,0.1475511982997615
1,val,2004-08-09,esn_selected,-0.16985846346584835,0.1001154946314304,0.108990318498088,0.14276972466289609
1,val,2004-08-10,esn_selected,-0.3199067630946569,-0.03710983136387894,0.0994344855946784,0.13193322492326243
1,val,2004-08-11,esn_selected,-0.32031228811148343,-0.051800673478467604,0.0992225827800551,0.12978474261321182
1,val,2004-08-12,esn_selected,-0.41007439055846573,-0.020905392865128547,0.0930706908913336,0.13734943778278644
1,val,2004-08-13,esn_selected,-0.40614968909730975,-0.05949467598449783,0.0935319648634525,0.13228494380167324
1,val,2004-08-16,esn_selected,-0.5130137210008309,-0.12969342396775507,0.0863853325490836,0.1267400573337801
1,val,2004-08-17,esn_selected,-0.4511781809768227,-0.1580871672423921,0.0882723217474485,0.11833476687998165
1,val,2004-08-18,esn_selected,-0.44865033623224276,-0.13792906090223225,0.0811617761653826,0.11073784761093768
1,val,2004-08-19,esn_selected,-0.44013154573449526,-0.060773518052706865,0.0818880698650749,0.11966681517513353
1,val,2004-08-20,esn_selected,-0.4435283658782078,-0.08345934218769073,0.0809144191281146,0.11598502243639816
1,val,2004-08-23,esn_selected,-0.4327672474560897,-0.06599640773562863,0.0818780305823593,0.1181554993139029
1,val,2004-08-24,esn_selected,-0.26933552414176126,-0.05965924904874134,0.0931058330987165,0.114825445673784
1,val,2004-08-25,esn_selected,-0.2971055953694159,-0.10453976243129973,0.0919614396392155,0.11149003199651607
1,val,2004-08-26,esn_selected,-0.27415848494971856,-0.09622864286656917,0.0933911701807856,0.1115783065355908
1,val,2004-08-27,esn_selected,-0.25393297288228733,-0.13060720804742978,0.0954558176169349,0.10798466891043967
1,val,2004-08-30,esn_selected,-0.3128375837297316,-0.06757518468850686,0.0923756256299592,0.11805204080401477
1,val,2004-08-31,esn_selected,-0.3012473821450104,-0.05919759053928898,0.0922259088311595,0.11748267660180989
1,val,2004-09-01,esn_selected,-0.30495392617816713,-0.09776653666586962,0.0920171150352643,0.11320065842770752
1,val,2004-09-02,esn_selected,-0.13931986288840917,-0.11176135797620233,0.1020515196915037,0.10490301804698467
1,val,2004-09-03,esn_selected,-0.05191062124597257,-0.020572320006729622,0.101185164744729,0.10440634546475229
1,val,2004-09-07,esn_selected,-0.10148285310710663,0.0012857062396395775,0.0984723899745845,0.10913053815196752
1,val,2004-09-08,esn_selected,0.011605897386801595,0.08282906635071505,0.1005952347700342,0.10802125976378445
1,val,2004-09-09,esn_selected,0.074879973107389,0.10592916505920535,0.1069376132287139,0.11031002409756774
1,val,2004-09-10,esn_selected,0.161910896766542,0.09803030223122056,0.1094283741950129,0.10265661911495659
1,val,2004-09-13,esn_selected,0.16009760846058865,0.060192632517233564,0.1097714916559005,0.09933479183030551
1,val,2004-09-14,esn_selected,0.24536818108153294,0.07724863589391766,0.1104083848091169,0.09332299449797188
1,val,2004-09-15,esn_selected,0.23418855569961275,0.1534105425099595,0.111565867587632,0.10290818099334152
1,val,2004-09-16,esn_selected,0.346016090626646,0.1847820974580322,0.1147161125758479,0.09763406868588025
1,val,2004-09-17,esn_selected,0.3434608634061566,0.17731572945072857,0.1154473032073657,0.09777501192508856
1,val,2004-09-20,esn_selected,0.3448462776088224,0.21070849033205793,0.1142327826783954,0.09989309183712923
1,val,2004-09-21,esn_selected,0.3577570311559288,0.18889118858942563,0.1170952538656164,0.09890125188189981
1,val,2004-09-22,esn_selected,0.15305152942303013,0.24563211456833273,0.1085041440070929,0.11902921307508738
1,val,2004-09-23,esn_selected,0.17236745403757953,0.2882115236576349,0.1092607042814502,0.12268018883446621
1,val,2004-09-24,esn_selected,0.21027419126022778,0.23650440568929143,0.1152462328237773,0.11830916124548153
1,val,2004-09-27,esn_selected,0.16934453890585915,0.17889891254254975,0.1130701063580569,0.11415559773895205
1,val,2004-09-28,esn_selected,0.2951830689800228,0.19213229102700174,0.1240948535226481,0.11194363022030208
1,val,2004-09-29,esn_selected,0.34267450019603773,0.1473978716498344,0.1299195740860067,0.1068727601720597
1,val,2004-09-30,esn_selected,0.34811584106341514,0.1283241337315257,0.1303327028454309,0.10461623254764735
1,val,2004-10-01,esn_selected,0.12764318574948452,0.043747332649187974,0.1159455827172133,0.10661509580987444
1,val,2004-10-04,esn_selected,0.13836325630532123,0.11728049834526295,0.1162002980026581,0.11377611922366497
1,val,2004-10-05,esn_selected,0.16546729577197586,0.1587291390809217,0.116191942438358,0.11541165472666859
1,val,2004-10-06,esn_selected,0.1959282615533233,0.12386314328434375,0.1223680308388282,0.11385981875939392
1,val,2004-10-07,esn_selected,0.16683736442213748,0.18553833047380355,0.1263534293208004,0.1287385934371779
1,val,2004-10-08,esn_selected,0.13173624713863205,0.2015266630056806,0.1248366977790244,0.13386032174914658
1,val,2004-10-11,esn_selected,0.12269227809229538,0.16156458045727237,0.1241006754049209,0.12901974271908237
1,val,2004-10-12,esn_selected,0.11223604812765182,0.13754565801869936,0.1235223521110004,0.12668855329988837
1,val,2004-10-13,esn_selected,0.06873817362279233,0.17303589976298855,0.1195044167333914,0.13264164017720093
1,val,2004-10-14,esn_selected,0.03726942752830981,0.17877441078258766,0.1190721864011063,0.1371719023382774
1,val,2004-10-15,esn_selected,0.04430382092704221,0.10186128579325333,0.1206770534162811,0.12782670281786357
1,val,2004-10-18,esn_selected,0.051333945522433706,0.021019336622479824,0.120249922594778,0.11665929246598249
1,val,2004-10-19,esn_selected,0.017876789020454052,0.06467146817634173,0.1192073636360144,0.12491821052559159
1,val,2004-10-20,esn_selected,0.10767776808583633,0.10548468854112898,0.1208398522650072,0.12057513124005192
1,val,2004-10-21,esn_selected,0.08301308214255408,0.0856675586456254,0.1187178763072439,0.11903342874837794
1,val,2004-10-22,esn_selected,0.028465262132594565,0.11136289206098597,0.1185738835879614,0.12882229369779308
1,val,2004-10-25,esn_selected,0.056954029510298064,0.12713200467823838,0.1196968224299725,0.12839867106792172
1,val,2004-10-26,esn_selected,-0.14796348797091954,0.046381891059232364,0.1070271705899326,0.12998617673629725
1,val,2004-10-27,esn_selected,-0.2755175877307625,-0.025592155746706757,0.0986322226947462,0.12663683743466284
1,val,2004-10-28,esn_selected,-0.2842068353483877,-0.047419051142109175,0.0980898208758424,0.12429669169308794
1,val,2004-10-29,esn_selected,-0.15374292971792936,0.03758858474655315,0.0994224592981009,0.12038675894384435
1,val,2004-11-01,esn_selected,-0.160431411434661,0.0404576646413197,0.0989766533470841,0.12099788590959851
1,val,2004-11-02,esn_selected,-0.08436483820135303,0.03546327639497777,0.1067915348445293,0.12038642486481602
1,val,2004-11-03,esn_selected,-0.2306970970138604,-0.11498640954926383,0.0971577603768675,0.10907620217095745
1,val,2004-11-04,esn_selected,-0.4032011664695646,-0.1529633917429032,0.084426540108705,0.10843160257230125
1,val,2004-11-05,esn_selected,-0.4267223108056757,-0.1142219511471988,0.0814740165943371,0.11136181715317778
1,val,2004-11-08,esn_selected,-0.3456774813837234,-0.06865973386853215,0.0878311001046761,0.11586588990248768
1,val,2004-11-09,esn_selected,-0.31703221333780796,-0.013749811620266275,0.0899622299575268,0.12183556610832515
1,val,2004-11-10,esn_selected,-0.274810415013224,-0.03192288052108593,0.0907894342351374,0.11574974040929281
1,val,2004-11-11,esn_selected,-0.3163004306968373,-0.09408915093484575,0.086784626065242,0.10837969616130774
1,val,2004-11-12,esn_selected,-0.31849539706547253,-0.11336546696923247,0.0877614730162372,0.10774340606722674
1,val,2004-11-15,esn_selected,-0.3099859110017169,-0.11812638274076305,0.0881981823286321,0.10685212641921034
1,val,2004-11-16,esn_selected,-0.34445665243808227,-0.06445587676505081,0.0844709658368241,0.11176613986958604
1,val,2004-11-17,esn_selected,-0.3896942190411299,-0.04763512445840643,0.0818404741222834,0.11521857879173912
1,val,2004-11-18,esn_selected,-0.33310697862893185,-0.060992559500897686,0.0850843325583667,0.11169336805802184
1,val,2004-11-19,esn_selected,-0.45446011051908974,0.030230736076474446,0.075269585783869,0.1222131916910233
1,val,2004-11-22,esn_selected,-0.42515964171060233,-0.007632450898638902,0.0782416742489849,0.11878671988465933
1,val,2004-11-23,esn_selected,-0.30972338443256126,0.03743008647592168,0.0785204694829395,0.11110912421820823
1,val,2004-11-24,esn_selected,-0.23322219087924007,0.05414869087748826,0.0781145094124093,0.10412027291444009
1,val,2004-11-26,esn_selected,-0.22388616148453444,0.07732446849366915,0.0784136043338808,0.10597551394916264
1,val,2004-11-29,esn_selected,-0.2283451713785028,0.1249362751750299,0.0791253153113934,0.11265322691783591
1,val,2004-11-30,esn_selected,-0.22209895544939623,0.0943520662053437,0.0792640783755116,0.10877005467284213
1,val,2004-12-01,esn_selected,-0.44125230839608837,0.017013309613418362,0.0686915609985015,0.10862395586428536
1,val,2004-12-02,esn_selected,-0.34150918510898287,0.07241133670771573,0.0690497229738755,0.10445406336131077
1,val,2004-12-03,esn_selected,-0.17292876924119346,0.16513360217392462,0.0710193971620043,0.09958538437592451
1,val,2004-12-06,esn_selected,0.022734862372625397,0.21393465086660138,0.0833475335263734,0.10090896820166846
1,val,2004-12-07,esn_selected,-0.08964296823337271,0.279609763731807,0.0803002460436534,0.11616660572985364
1,val,2004-12-08,esn_selected,-0.12172099557390158,0.20031506349857564,0.0796521412738154,0.10991474046826873
1,val,2004-12-09,esn_selected,-0.14131136777879333,0.16100749848204732,0.0788251058287407,0.10664978343161953
1,val,2004-12-10,esn_selected,-0.07511060385982594,0.14453042738318672,0.0805049668929785,0.10027936232230297
1,val,2004-12-13,esn_selected,-0.1137720660435657,0.1284019871341785,0.078323723120334,0.09978567017202053
1,val,2004-12-14,esn_selected,-0.12004800820104683,0.1398773888574296,0.0782210150482105,0.10143961984923934
1,val,2004-12-15,esn_selected,-0.01482394910542679,0.1506197462796443,0.083228008071227,0.0982021021579148
1,val,2004-12-16,esn_selected,0.041055845825366755,0.17276912498193386,0.0852704321478376,0.09727490476985849
1,val,2004-12-17,esn_selected,0.05344212974309588,0.1824445316652899,0.0897551172203395,0.10211375572391947
1,val,2004-12-20,esn_selected,0.25576319365810735,0.21690670701661594,0.0972066708853082,0.0935020024812645
1,val,2004-12-21,esn_selected,0.20247320861353288,0.18047014181383056,0.0958012404285545,0.09371634054534063
1,val,2004-12-22,esn_selected,0.22041325281590862,0.17922601310221856,0.0978829719543046,0.09393333810957777
1,val,2004-12-23,esn_selected,0.22778045678073378,0.18280053665232116,0.0980969500917792,0.09378232038129217
1,val,2004-12-27,esn_selected,0.226373298211968,0.21677749848174396,0.0983340873080212,0.09739500592382992
1,val,2004-12-28,esn_selected,0.20354915052616807,0.17695645086408335,0.0969874914399434,0.09444232363802213
1,val,2004-12-29,esn_selected,0.20226590783222392,0.12001398997418633,0.0970329828346219,0.08937124910445238
1,val,2004-12-30,esn_selected,0.3430102842433311,0.17938667906400602,0.0967989974663788,0.08218830625718251
1,val,2004-12-31,esn_selected,0.3600202335224903,0.22454172186324559,0.0989730015578922,0.08643291723301814
1,val,2005-01-03,esn_selected,0.34314124287236303,0.28845178056188886,0.1000924523186592,0.09476544321481983
1,val,2005-01-04,esn_selected,0.08470287797452476,0.3082342477251084,0.0907149248105578,0.11343764069205042
1,val,2005-01-05,esn_selected,0.08531381971283206,0.36215765807223127,0.0874516880856541,0.11534531209315636
1,val,2005-01-06,esn_selected,0.14195917602538563,0.2910319111394732,0.0918014502615961,0.10655921400358015
1,val,2005-01-07,esn_selected,0.1521826145329444,0.2774431459519535,0.0917818130010071,0.10402951884964519
1,val,2005-01-10,esn_selected,0.11521687965719524,0.21563163643447683,0.0903359738604808,0.09987810769922807
1,val,2005-01-11,esn_selected,0.1493384601765454,0.23541852081157155,0.0909390038631808,0.0991138366989282
1,val,2005-01-12,esn_selected,0.1522439559427707,0.1934626948338874,0.0910840131485941,0.09491683061210819
1,val,2005-01-13,esn_selected,0.09671841950051076,0.21262165138388894,0.0916798251832497,0.10294610285618815
1,val,2005-01-14,esn_selected,0.05174242472735648,0.16852435816917688,0.0897986718816678,0.10092242161770515
1,val,2005-01-18,esn_selected,-0.07824652639660742,0.13284147366837426,0.0829998263585728,0.10250653122266634
1,val,2005-01-19,esn_selected,-0.2705417446662032,0.17212820947251628,0.0741653896770561,0.11546501101020856
1,val,2005-01-20,esn_selected,-0.224262445813839,0.23057566902371,0.0765552871145607,0.12064487368457663
1,val,2005-01-21,esn_selected,-0.28606240676144973,0.23933703289469532,0.0735312285780151,0.12435117685429387
1,val,2005-01-24,esn_selected,-0.08090030544687422,0.20648999729585982,0.090473407780961,0.12059601897560346
1,val,2005-01-25,esn_selected,-0.05126221425655966,0.12194185355092861,0.0934202864122387,0.11108687898571296
1,val,2005-01-26,esn_selected,-0.013156822956199717,0.027840013062898086,0.095719801856389,0.0997255615762035
1,val,2005-01-27,esn_selected,0.04720734249242605,-0.026181450670965778,0.1017234943320271,0.09452548675599129
1,val,2005-01-28,esn_selected,0.07554255872356702,-0.031636691850940854,0.104394730099483,0.09378453268114163
1,val,2005-01-31,esn_selected,0.04530396008933903,-0.06835846732185902,0.1035599903286974,0.09243342300573691
1,val,2005-02-01,esn_selected,0.010120837224800821,-0.027112631568160503,0.1011106153763254,0.09741514101808904
1,val,2005-02-02,esn_selected,0.1029341208090994,-0.023988731754408382,0.1005500904506735,0.08856468271728375
1,val,2005-02-03,esn_selected,0.22602791620312163,0.021456582138958395,0.1096303684925916,0.08934837788779731
1,val,2005-02-04,esn_selected,0.12946362664321664,-0.01854874917347582,0.10449003648326,0.09011434341909638
1,val,2005-02-07,esn_selected,0.13673623474471666,0.022574903575159396,0.1052302069385281,0.09387734277677527
1,val,2005-02-08,esn_selected,0.21842186877938755,0.01674088585733189,0.1123880518442887,0.09186100767958696
1,val,2005-02-09,esn_selected,0.18539161322033154,0.08274014962481815,0.1094623448838808,0.09878335749724372
1,val,2005-02-10,esn_selected,0.20265711888653717,0.05214996592722392,0.1115462631410726,0.09596007964481125
1,val,2005-02-11,esn_selected,0.17820589492088013,0.01727367390571411,0.1095639329104275,0.09327722938762628
1,val,2005-02-14,esn_selected,0.23348066179566804,0.018984898436194164,0.1134146812566263,0.0915197763498339
1,val,2005-02-15,esn_selected,0.3402339077372903,0.048162155826393084,0.1166376853261908,0.0870951040460127
1,val,2005-02-16,esn_selected,0.4544462820753281,0.08962756880654646,0.1168328028202268,0.0811196450128576
1,val,2005-02-17,esn_selected,0.39567267519392446,0.1645356834752508,0.1137139247390931,0.0902468659830456
1,val,2005-02-18,esn_selected,0.441817013967038,0.14562598255406467,0.1143801109573181,0.08505823819806438
1,val,2005-02-22,esn_selected,0.17302033793270613,0.17684965482785303,0.1075629555081357,0.10797563779229025
1,val,2005-02-23,esn_selected,0.11281910864884369,0.12964362066233548,0.1045774169910078,0.1063517654183828
1,val,2005-02-24,esn_selected,0.06368291392664552,0.08826360936564362,0.1020138008855446,0.10455244404116944
1,val,2005-02-25,esn_selected,-0.05816378183923359,0.018979084166752536,0.0959756497237522,0.10367255023598879
1,val,2005-02-28,esn_selected,-0.08352402382388259,0.0733017151107927,0.0960294746910647,0.11233448696065879
1,val,2005-03-01,esn_selected,0.030641650468216073,0.051780328185426085,0.1067823565421957,0.10906362087200383
1,val,2005-03-02,esn_selected,0.05635592461795931,0.07000355415998892,0.1069724199659396,0.10844234762352548
1,val,2005-03-03,esn_selected,0.07286473282492811,0.052140749313414184,0.1081501726295221,0.10593193498615597
1,val,2005-03-04,esn_selected,-0.10195813205491759,-0.062304076534768646,0.0990036074999888,0.10300838002484683
1,val,2005-03-07,esn_selected,-0.039791189711302806,-0.042076720763296,0.100413888813912,0.10018465181690173
1,val,2005-03-08,esn_selected,-0.0481641432888204,-0.02114966780613415,0.1002820036853505,0.10302799315207559
1,val,2005-03-09,esn_selected,-0.1780641084624656,0.051172231526620204,0.0940562984837744,0.11828889120921747
1,val,2005-03-10,esn_selected,-0.08243658332125077,0.05814670556042033,0.1008005714184698,0.116015907269337
1,val,2005-03-11,esn_selected,-0.132584335044072,0.06623563170346464,0.0976954596755164,0.11918477889135262
1,val,2005-03-14,esn_selected,-0.1226487181324137,0.018391658740221403,0.0969174439616039,0.11159763966978713
1,val,2005-03-15,esn_selected,-0.11104081678932023,0.060594033270257495,0.1014950501673632,0.12049941287693657
1,val,2005-03-16,esn_selected,-0.08153534109517141,0.06369015993898988,0.1075049703562688,0.12430802816090364
1,val,2005-03-17,esn_selected,0.012966518746345334,0.043679533094059364,0.1183575817218488,0.12204909845451123
1,val,2005-03-18,esn_selected,0.04026610606327591,0.026573758063410127,0.1183861771324584,0.11677623946276985
1,val,2005-03-21,esn_selected,0.05591219127054233,0.02686412378368435,0.1209575188216227,0.11749447748436449
1,val,2005-03-22,esn_selected,0.15589497315370376,0.13901809814230418,0.1257091973458005,0.12360542145027832
1,val,2005-03-23,esn_selected,0.3130541853889812,0.12820920845167358,0.1430196187581766,0.1188826459482653
1,val,2005-03-24,esn_selected,0.3418647978602829,0.08621115369383388,0.1435915634860914,0.1111987633303798
1,val,2005-03-28,esn_selected,0.41520870539832677,0.08809849691105791,0.145373052735581,0.10481459290749132
1,val,2005-03-29,esn_selected,0.42955582999306363,0.15312814275953796,0.1475564777318485,0.11191988637647986
1,val,2005-03-30,esn_selected,0.26761101847041047,0.05583166838375734,0.1395473165422699,0.11291376438668228
1,val,2005-03-31,esn_selected,0.31383856857565484,0.08454195401257998,0.1464098107328954,0.1164093662262851
1,val,2005-04-01,esn_selected,0.34822658468923645,0.10908585020570377,0.1532004712416405,0.12061535510794782
1,test,2005-08-23,esn_selected,0.22645079046709754,0.06784197749044706,0.1056615978520788,0.09016422242657382
1,test,2005-08-24,esn_selected,0.13057900026067276,0.1123200762251386,0.1015487446451608,0.09971139885490317
1,test,2005-08-25,esn_selected,0.14421570066732553,0.055600558380439126,0.1007722156460037,0.0922265026747352
1,test,2005-08-26,esn_selected,0.11324270161718215,0.10527215075947428,0.0978799207354492,0.09710286474526232
1,test,2005-08-29,esn_selected,0.027072456850905712,0.04098724977364039,0.0940193585450174,0.09533676289787126
1,test,2005-08-30,esn_selected,0.013482351481786156,0.09730206220635157,0.0922041289552838,0.10026579630284656
1,test,2005-08-31,esn_selected,-0.16321223510713995,-0.0017471468793082614,0.0856803876462626,0.10069428432770702
1,test,2005-09-01,esn_selected,-0.11405333642635841,0.07674456802869085,0.0863418989127169,0.10449224809771203
1,test,2005-09-02,esn_selected,-0.07607758099408833,0.11091365477076401,0.0870400007311712,0.10493688007674253
1,test,2005-09-06,esn_selected,-0.16819424871975266,0.041544955108454906,0.086526050216837,0.10671745463410488
1,test,2005-09-07,esn_selected,-0.02101079630700862,0.008875009897157251,0.0982193338004659,0.10119900087868515
1,test,2005-09-08,esn_selected,-0.026407495577835262,-0.0017719194304904387,0.098346108535839,0.10079901186817686
1,test,2005-09-09,esn_selected,-0.10938127921414306,-0.056781226679536265,0.0939671794645577,0.09904216011242853
1,test,2005-09-12,esn_selected,-0.04333945717461262,-0.04127074072715819,0.098413257630801,0.09861705748488286
1,test,2005-09-13,esn_selected,-0.058347900187464906,0.0064204853310758404,0.096544700860251,0.10300468863887184
1,test,2005-09-14,esn_selected,0.07904189394856626,0.1146621066984332,0.0996817204609468,0.10329640019774007
1,test,2005-09-15,esn_selected,0.07894634779200962,0.11891715856196163,0.0996892657072169,0.10375463325733995
1,test,2005-09-16,esn_selected,0.07977161488363746,-0.005857639078097528,0.1034210592671834,0.09493375716096902
1,test,2005-09-19,esn_selected,0.07731916961070526,0.0017972540296600503,0.1035819813501933,0.0960473667976681
1,test,2005-09-20,esn_selected,0.05689827474868318,0.071084608012325,0.1063781008744658,0.10789797126972922
1,test,2005-09-21,esn_selected,0.10001601746318312,0.12481272816446629,0.1167759955437512,0.11970785614545142
1,test,2005-09-22,esn_selected,0.2632373274246148,0.10168522574933643,0.1321286743476981,0.112418009530129
1,test,2005-09-23,esn_selected,0.27613537208287725,0.056365130513688494,0.1328204281034336,0.10661538327575026
1,test,2005-09-26,esn_selected,0.3828277283059057,0.05673769914486255,0.1435336004210315,0.1035939704565622
1,test,2005-09-27,esn_selected,0.4242740319454283,0.05165009018595157,0.1437067457087228,0.09900306341295896
1,test,2005-09-28,esn_selected,0.4460820121903936,0.011083669413849508,0.1440394073579767,0.09323177355543215
1,test,2005-09-29,esn_selected,0.5340534935185962,0.019569506809078065,0.1461564237902858,0.08737362444294651
1,test,2005-09-30,esn_selected,0.5807189050298193,0.008133636538248591,0.1543208518097829,0.0870470363147432
1,test,2005-10-03,esn_selected,0.5712697567005536,0.049771096441722715,0.1541055177852804,0.09148169411506943
1,test,2005-10-04,esn_selected,0.5445296862922601,0.18499890256082369,0.1491533861172579,0.10410962491826956
1,test,2005-10-05,esn_selected,0.39869018650199134,0.2404403761081693,0.146334231816192,0.12491624265696973
1,test,2005-10-06,esn_selected,0.39892910306508245,0.2799103675296011,0.146558120920276,0.13011300525837127
1,test,2005-10-07,esn_selected,0.44151298467053085,0.23652708949579118,0.1461244347234377,0.11904155765811156
1,test,2005-10-10,esn_selected,0.3738979442381779,0.21781438753539767,0.1430327280049332,0.1223627403141717
1,test,2005-10-11,esn_selected,0.3924338339041417,0.197762511016938,0.1429421433374909,0.11765641425100139
1,test,2005-10-12,esn_selected,0.3414678800275498,0.1835931047925484,0.1402533170016385,0.11977026140600977
1,test,2005-10-13,esn_selected,0.36007328387768156,0.13566828295760266,0.1428980285920142,0.11417430686078808
1,test,2005-10-14,esn_selected,0.29187790139493314,0.020147625119027533,0.1384745439712453,0.10552588037220201
1,test,2005-10-17,esn_selected,0.28590699584141643,-0.038174823274911944,0.1378643713192064,0.09970228208581347
1,test,2005-10-18,esn_selected,0.22308702630607047,0.044650731507725555,0.1329651100267349,0.11123559932328739
1,test,2005-10-19,esn_selected,0.023796752656308314,-0.0489192063839328,0.1195882131406141,0.1112008833170615
1,test,2005-10-20,esn_selected,-0.21292019871245782,0.08048051731521769,0.1067891206456734,0.14320207873849677
1,test,2005-10-21,esn_selected,-0.21804914049098142,0.07299124428302414,0.1067990371249438,0.14287773943442206
1,test,2005-10-24,esn_selected,-0.42836724398732684,-0.029058661112312173,0.0935224872830795,0.13942272372121545
1,test,2005-10-25,esn_selected,-0.4193406893337251,-0.06915973912608073,0.0944843342520442,0.13410391652370682
1,test,2005-10-26,esn_selected,-0.4045537350279435,-0.07789054573996453,0.0961138272227604,0.1332459113610434
1,test,2005-10-27,esn_selected,-0.5034862897193143,-0.025742335534781113,0.0883398364041562,0.14244202979200685
1,test,2005-10-28,esn_selected,-0.7005637828831495,-0.12752166579806118,0.0765902746170245,0.1358446865586503
1,test,2005-10-31,esn_selected,-0.7060198961094982,-0.1310691835023078,0.0760672374228118,0.13517474714704708
1,test,2005-11-01,esn_selected,-0.6517386667307575,-0.16672940427975297,0.0777296318322774,0.12624769482632
1,test,2005-11-02,esn_selected,-0.637988272508332,-0.2055169040092782,0.0773163148243844,0.11914918463648212
1,test,2005-11-03,esn_selected,-0.6572997598079372,-0.20768146009662322,0.075953576627599,0.11907346070698382
1,test,2005-11-04,esn_selected,-0.6512618853122175,-0.21120639895995477,0.0761874435287634,0.11830335756669853
1,test,2005-11-07,esn_selected,-0.6270358599734477,-0.1684672552878188,0.0764041956284781,0.1208567809391807
1,test,2005-11-08,esn_selected,-0.5907408956280046,-0.16529991129220775,0.0791780457856205,0.12116339966325584
1,test,2005-11-09,esn_selected,-0.5730669410161278,-0.21668491954921593,0.0790739312730816,0.11292967447679755
1,test,2005-11-10,esn_selected,-0.6481613913539943,-0.2566285588749214,0.074736597442699,0.11055384974360988
1,test,2005-11-11,esn_selected,-0.6288819528098278,-0.23519256916027412,0.0738329093145909,0.10945285860468404
1,test,2005-11-14,esn_selected,-0.5743310450457237,-0.1892863059735589,0.0776288658251014,0.11408959712234266
1,test,2005-11-15,esn_selected,-0.5359753475594125,-0.113932837167824,0.0777976648242636,0.11864714568687441
1,test,2005-11-16,esn_selected,-0.42548825036307436,-0.03787753031375985,0.0781449967700091,0.1151432210592088
1,test,2005-11-17,esn_selected,-0.3969807831111,-0.046783257999990835,0.0717993391241429,0.1019082396099616
1,test,2005-11-18,esn_selected,-0.3835736216509185,-0.008645014872302114,0.0727752037352659,0.10587973726653913
1,test,2005-11-21,esn_selected,-0.2806143069141499,0.0498582598839952,0.0706393677655975,0.09830355319734323
1,test,2005-11-22,esn_selected,-0.3112549827578914,0.06508439272076075,0.0692123325571604,0.10083831962106941
1,test,2005-11-23,esn_selected,-0.33622764307582387,0.0854422888688214,0.0686695277998637,0.10468705572467475
1,test,2005-11-25,esn_selected,-0.2523037310891877,0.10839948851569571,0.0686408214890615,0.0984541190085732
1,test,2005-11-28,esn_selected,-0.041946682963981255,0.2535824563753677,0.0734440155288459,0.09869680369151299
1,test,2005-11-29,esn_selected,-0.030744679743730165,0.2825745254113183,0.0737641596728614,0.10090628123572239
1,test,2005-11-30,esn_selected,-0.06327572159530516,0.3138003882897387,0.0729636101045095,0.10638205801674007
1,test,2005-12-01,esn_selected,-0.15345114596454207,0.22312402737141465,0.0663175021083719,0.09664350664976555
1,test,2005-12-02,esn_selected,0.1763385907088723,0.2325747554594573,0.0906006067922602,0.09584162362925107
1,test,2005-12-05,esn_selected,0.18672713609558186,0.25224780911657174,0.0918286005671426,0.09804675680491057
1,test,2005-12-06,esn_selected,0.18149281709840934,0.2675572227958472,0.0916090832027653,0.09984258882909845
1,test,2005-12-07,esn_selected,0.17103167343049877,0.3023315283464544,0.0939469944267312,0.10712866503877541
1,test,2005-12-08,esn_selected,0.1767403999155064,0.27444987126706516,0.0943606038227637,0.10404600166111236
1,test,2005-12-09,esn_selected,0.2290159281733059,0.23679486015705414,0.0939709625911181,0.09470480687944943
1,test,2005-12-12,esn_selected,0.24769087135270954,0.20914790088842844,0.094584671612627,0.0910084590483121
1,test,2005-12-13,esn_selected,0.1757294137740479,0.16737455119335687,0.0925425699268549,0.09177261040408667
1,test,2005-12-14,esn_selected,0.16278011584303073,0.12395524891558861,0.0915505731362965,0.08806425024886148
1,test,2005-12-15,esn_selected,0.15758467249317085,0.17722009093332558,0.0914827752982505,0.09329682944378698
1,test,2005-12-16,esn_selected,0.246354183929291,0.27078731769152686,0.0918566725828143,0.09412866183343736
1,test,2005-12-19,esn_selected,0.22384802162276038,0.3430696186735753,0.0910331122101485,0.10255968356716681
1,test,2005-12-20,esn_selected,0.46091053134172477,0.3175641291769017,0.1119999178157346,0.097042762836652
1,test,2005-12-21,esn_selected,0.48641210182367567,0.2743908940379904,0.1125717914921746,0.09106467395841807
1,test,2005-12-22,esn_selected,0.4810758415266388,0.1969756629984702,0.1110945219188018,0.08361987317462756
1,test,2005-12-23,esn_selected,0.48172357000599997,0.2083517542498607,0.1111200327524842,0.08454121588838896
1,test,2005-12-27,esn_selected,0.37468413071034024,0.30056625304423806,0.1068266634574623,0.09919520491201818
1,test,2005-12-28,esn_selected,0.41269765414591236,0.2995570432839083,0.1114493944569493,0.09952710465283453
1,test,2005-12-29,esn_selected,0.4137155433349804,0.33659872329297247,0.1103521226879966,0.10216197545736523
1,test,2005-12-30,esn_selected,0.5216386440332209,0.3579490436802117,0.1117308093039114,0.09486007295875994
1,test,2006-01-03,esn_selected,0.06042775622729758,0.20615794680468655,0.0962441956813473,0.11134337082077414
1,test,2006-01-04,esn_selected,0.11901107424984002,0.2186381046414705,0.1034341187662769,0.11426975290347181
1,test,2006-01-05,esn_selected,0.13555228014460877,0.1950708375171967,0.1049078880536412,0.11134141214842386
1,test,2006-01-06,esn_selected,0.07361955061829752,0.17703702420865586,0.1011242829643106,0.11214220555314504
1,test,2006-01-09,esn_selected,0.11194116119841384,0.18510735691640656,0.1055373390407525,0.11354860811523346
1,test,2006-01-10,esn_selected,0.15980083061698286,0.11550581089320883,0.1102539847531762,0.1054768646906121
1,test,2006-01-11,esn_selected,0.14947884013411727,0.08905826188182195,0.1098344540888695,0.10339469871897802
1,test,2006-01-12,esn_selected,0.1648312064229571,0.11246552620454628,0.1091256488963243,0.10355825248100352
1,test,2006-01-13,esn_selected,0.1768957870971616,0.09769626553042231,0.1092662231454433,0.10094620962440459
1,test,2006-01-17,esn_selected,0.22959586662308254,0.0808621227992114,0.1150936992933613,0.09918758242153472
1,test,2006-01-18,esn_selected,0.223854018008424,0.07867800688330731,0.1149024460971728,0.09937568464153125
1,test,2006-01-19,esn_selected,0.2520639156748814,0.0560097274524038,0.1171303276559784,0.09627734514552552
1,test,2006-01-20,esn_selected,-0.13667134749503373,0.017234372944786663,0.0976926953381669,0.11394689544717551
1,test,2006-01-23,esn_selected,-0.14608969523868978,0.017818815827506933,0.0972710556374091,0.1145956654813123
1,test,2006-01-24,esn_selected,-0.10973270161037463,0.030058563086476447,0.0995488706761434,0.11448455818139236
1,test,2006-01-25,esn_selected,-0.10906766038964205,-0.015247876521996271,0.0996379715904989,0.10943854038641088
1,test,2006-01-26,esn_selected,-0.08503572787424905,-0.04389938380964266,0.0981180970736419,0.10223848468860282
1,test,2006-01-27,esn_selected,-0.18629709341530737,-0.140071507955064,0.0925060023872429,0.09688252078271144
1,test,2006-01-30,esn_selected,-0.11384523128189374,-0.12984422319955363,0.0984777995202942,0.09691479062488846
1,test,2006-01-31,esn_selected,-0.11067011787542833,-0.08063786914119946,0.1000252217860594,0.10307476727632928
1,test,2006-02-01,esn_selected,0.007100730734078381,-0.009160273604700652,0.0969300318870364,0.09536659816934101
1,test,2006-02-02,esn_selected,-0.14841760232212112,0.06434872337049569,0.0891675580152397,0.11030878833535078
1,test,2006-02-03,esn_selected,-0.16548624892655675,0.10070437872942528,0.0889074961030394,0.11602284220021844
1,test,2006-02-06,esn_selected,-0.13224970817565326,0.12079012527606972,0.0885972285448908,0.11410743421930668
1,test,2006-02-07,esn_selected,-0.23866799673317143,0.11404379729540351,0.0831292660135829,0.11828637749451298
1,test,2006-02-08,esn_selected,-0.31685146894378,0.03563547326242909,0.0803132961037262,0.11425378174305834
1,test,2006-02-09,esn_selected,-0.23486190051312653,0.04416755437216691,0.086843909958867,0.11479429915709269
1,test,2006-02-10,esn_selected,-0.2282453145861775,0.005756903737204026,0.086856266733833,0.10975568654527337
1,test,2006-02-13,esn_selected,-0.14847889803257677,0.007640253230977653,0.0941894726970791,0.11010424202157822
1,test,2006-02-14,esn_selected,-0.2699779516925756,-0.062085424529580616,0.0878621071573176,0.1081653579738166
1,test,2006-02-15,esn_selected,-0.2749754370318222,-0.029322799828163493,0.0872788387467816,0.11158210344842293
1,test,2006-02-16,esn_selected,-0.34183442685315035,-0.13894228051709545,0.0832170953431564,0.10193597763085077
1,test,2006-02-17,esn_selected,-0.16473489288413634,-0.005231571131261995,0.0828549838470725,0.097182943617324
1,test,2006-02-21,esn_selected,-0.1304828165597019,0.07495484590715061,0.0853720405289078,0.10484219505028806
1,test,2006-02-22,esn_selected,-0.15337082801740298,0.03289135230043145,0.0853941722762063,0.10287761094520244
1,test,2006-02-23,esn_selected,-0.15242782813706418,0.029855436789725576,0.085551240854423,0.10265755800047054
1,test,2006-02-24,esn_selected,-0.14218579947464477,-0.026625240417076833,0.0851135311484555,0.09554015066240211
1,test,2006-02-27,esn_selected,-0.08156586474366646,0.0008393005785217863,0.0852601924324836,0.09258367531947216
1,test,2006-02-28,esn_selected,-0.1923311494709437,0.08430702485339388,0.0812474948178305,0.10714018980882495
1,test,2006-03-01,esn_selected,-0.24689899213136238,0.025567219655052077,0.0781416636408781,0.10261556138984168
1,test,2006-03-02,esn_selected,-0.2122462406303498,0.05220196189660713,0.0783936678475479,0.10212436745917777
1,test,2006-03-03,esn_selected,-0.15137879972181104,0.11863244910623384,0.0766414822829891,0.1003987466041022
1,test,2006-03-06,esn_selected,-0.17093657912663687,0.1921217318681596,0.0749379082358692,0.10773970632270427
1,test,2006-03-07,esn_selected,-0.12629352055560847,0.17988311310608518,0.0780857089443252,0.10605774285373912
1,test,2006-03-08,esn_selected,-0.055004449022511635,0.14208708791439123,0.078680265591079,0.09582119532197357
1,test,2006-03-09,esn_selected,-0.06759582585581003,0.18357204296433155,0.0750638707978849,0.09649654750747579
1,test,2006-03-10,esn_selected,-0.12933512007880285,0.10803776508519095,0.076307959305314,0.09675191586557322
1,test,2006-03-13,esn_selected,-0.1306672672348542,0.08972436793610683,0.0762172167428686,0.0950097021090989
1,test,2006-03-14,esn_selected,-0.25259306248024815,0.02401226989019816,0.0731648678278811,0.09647854870477786
1,test,2006-03-15,esn_selected,-0.20260056780406901,0.1087599488000223,0.0717485792880634,0.0979569964063817
1,test,2006-03-16,esn_selected,-0.1990231215225689,0.16516971114614637,0.0715277091364857,0.10295353270656733
1,test,2006-03-17,esn_selected,-0.1520480103675814,0.18357370472591555,0.0714790778379059,0.09998563286545195
1,test,2006-03-20,esn_selected,0.08854556246990773,0.17841892322022707,0.0905260323480776,0.09903871361855034
1,test,2006-03-21,esn_selected,0.030030907936206268,0.17696560813698542,0.0879747253110534,0.10189921749482135
1,test,2006-03-22,esn_selected,0.0003928550561731769,0.11411220420035352,0.0854277263990746,0.09571643921530244
1,test,2006-03-23,esn_selected,-0.005145992314486437,0.11507852415305732,0.0851121256372834,0.09598520152663562
1,test,2006-03-24,esn_selected,0.0023815666350990258,0.11130971055118725,0.0853164762621669,0.09513488592541168
1,test,2006-03-27,esn_selected,0.013437698394826593,0.12145073321489634,0.0864136255703891,0.09627015959339234
1,test,2006-03-28,esn_selected,0.02847338004093018,0.21393838511784927,0.0835941354712086,0.10062878730469055
1,test,2006-03-29,esn_selected,0.05297396532208915,0.1701619517571582,0.082392741565475,0.09263669446443362
1,test,2006-03-30,esn_selected,0.057216259876553335,0.18144605998257765,0.0830098617264946,0.09399007737205613
1,test,2006-03-31,esn_selected,0.1373806120780933,0.1688081808406305,0.0879280693435886,0.09073531620680096
1,test,2006-04-03,esn_selected,0.2031265029136118,0.20212571527563647,0.0918159824624845,0.09172414012726993
1,test,2006-04-04,esn_selected,0.1416102954016218,0.12743512881688843,0.0899646982247543,0.08869842962792936
1,test,2006-04-05,esn_selected,0.1348120992571072,0.10424356948864423,0.0900355388373587,0.08732492559009883
1,test,2006-04-06,esn_selected,0.2377948215224657,0.13748216074283803,0.0952146849218859,0.08612687695714921
1,test,2006-04-07,esn_selected,0.14420663980723322,0.2508313214234653,0.0881450619525155,0.09806284711324939
1,test,2006-04-10,esn_selected,0.1465913747713674,0.2558792962991335,0.0882504463376015,0.09844191462300897
1,test,2006-04-11,esn_selected,0.1253497471532522,0.34555664926021823,0.0829356582364927,0.10336557820805103
1,test,2006-04-12,esn_selected,0.26196910172161125,0.29940258324747016,0.0932363022807066,0.09679260888058201
1,test,2006-04-13,esn_selected,0.37577798566292214,0.2798215742607243,0.1041532008861326,0.0946235595818185
1,test,2006-04-17,esn_selected,0.37870920211706943,0.24770620388483708,0.1043879232780908,0.09157066718077236
1,test,2006-04-18,esn_selected,-0.024335272111336435,0.06555695914632909,0.0883496456041614,0.09665949276124616
1,test,2006-04-19,esn_selected,0.23599775729307557,0.08819801728681544,0.1113910873150008,0.09608637995893334
1,test,2006-04-20,esn_selected,0.2772665772869172,0.12179564158146061,0.1127234293206929,0.09649260321431088
1,test,2006-04-21,esn_selected,0.304858682242781,0.16601043167850718,0.1154489215630244,0.10048213434972288
1,test,2006-04-24,esn_selected,0.32795322528604576,0.18571783892544802,0.1184298518497308,0.10272807323387727
1,test,2006-04-25,esn_selected,0.33338920299450675,0.12096084039028586,0.1206066676081981,0.09752475148074256
1,test,2006-04-26,esn_selected,0.39324029749335465,0.09770129640087097,0.1238676510372308,0.0921736837545252
1,test,2006-04-27,esn_selected,0.45760509995727244,0.08187294833604926,0.1302039992091855,0.0894223180439639
1,test,2006-04-28,esn_selected,0.45551339025719395,0.030510979221005603,0.1309051227489182,0.08558160763135472
1,test,2006-05-01,esn_selected,0.4836722579904942,0.08008409266491125,0.142621083031469,0.0952593506813856
1,test,2006-05-02,esn_selected,0.46091631016531354,0.04290776591352594,0.1455766414857751,0.09584134319911067
1,test,2006-05-03,esn_selected,0.5035840405910702,0.0870228496091318,0.1488592743234703,0.09814443312155595
1,test,2006-05-04,esn_selected,0.5003846657921829,0.04674870471919642,0.1485006201235359,0.09434451854335658
1,test,2006-05-05,esn_selected,0.48245769612887207,0.004859271078278212,0.1542526556874244,0.09567848483869192
1,test,2006-05-08,esn_selected,0.5607988243707304,0.04635444496455577,0.1544364543392142,0.0923271579200072
1,test,2006-05-09,esn_selected,0.5733336435416024,0.035041584504821255,0.1565714408684624,0.09139770218674628
1,test,2006-05-10,esn_selected,0.6355723991116231,0.06890778163571394,0.1565910303274571,0.08885207309346575
1,test,2006-05-11,esn_selected,0.4819058695736427,0.1162627183693208,0.1509642456308775,0.10473149386747062
1,test,2006-05-12,esn_selected,0.35609010165369037,0.12978145011335454,0.1487032935699519,0.11858670144078434
1,test,2006-05-15,esn_selected,0.39021408183446377,0.1039502129262664,0.1542119682424979,0.1158231205192703
1,test,2006-05-16,esn_selected,0.5720256202303012,0.17089265026705153,0.1565425421268859,0.10481478474557018
1,test,2006-05-17,esn_selected,0.358401931968399,0.08902172806332556,0.1594051779947744,0.121762088456811
1,test,2006-05-18,esn_selected,0.3533690625910913,0.15818017413456142,0.1605019918983654,0.13204165812030583
1,test,2006-05-19,esn_selected,0.33262897998579616,0.12242145785759827,0.1610085025697435,0.13048387454907584
1,test,2006-05-22,esn_selected,0.2955331368866126,0.08380516253932675,0.1591510823731114,0.12878263463519624
1,test,2006-05-23,esn_selected,0.2763676923908786,0.12592100097790151,0.1589996915247619,0.13679118564726161
1,test,2006-05-24,esn_selected,0.23863156938946684,0.027496423514306416,0.1572513113236566,0.12732082584576393
1,test,2006-05-25,esn_selected,0.14871999859818338,-0.1442717813897016,0.1510819558866405,0.1127114106366278
1,test,2006-05-26,esn_selected,0.14160241389549222,-0.2582503471437262,0.1508182125068214,0.10111135758584099
1,test,2006-05-30,esn_selected,-0.017298711761825382,-0.21726048903855924,0.1401751388610399,0.11477008374382293
1,test,2006-05-31,esn_selected,-0.06346625581551892,-0.2011765055110658,0.1366245206143553,0.11904793034475757
1,test,2006-06-01,esn_selected,0.009028959773509171,-0.2353081495189624,0.1502094046875126,0.11764754435657104
1,test,2006-06-02,esn_selected,0.01024220776654474,-0.23819890878223965,0.1500294100558531,0.11702530873362396
1,test,2006-06-05,esn_selected,-0.08571766474040675,-0.14992944322544552,0.1415813147640076,0.13277585904077838
1,test,2006-06-06,esn_selected,-0.07853997717413308,-0.07298782734182917,0.1427711124654165,0.14356600370922576
1,test,2006-06-07,esn_selected,-0.10736061376253048,-0.05516453414544112,0.140632736032121,0.1481681626479778
1,test,2006-06-08,esn_selected,-0.0943051746296068,-0.08619203927107089,0.1424986220281743,0.143659435186895
1,test,2006-06-09,esn_selected,-0.05975116845326484,-0.07918014723544542,0.1422081538471456,0.13947186239295514
1,test,2006-06-12,esn_selected,-0.0766906532855807,-0.06018361634245192,0.1377254690464611,0.14001777599894877
1,test,2006-06-13,esn_selected,-0.12019184936332812,-0.05922189381231416,0.1367475087814147,0.145344411743206
1,test,2006-06-14,esn_selected,-0.06924443022382083,-0.14908176107533758,0.1460696229397567,0.134861192617387
1,test,2006-06-15,esn_selected,-0.23211969512029945,-0.3697815544936008,0.1263845894019486,0.11013068384791126
1,test,2006-06-16,esn_selected,-0.25963298560644144,-0.21568778553898404,0.1238007436958022,0.12936250343347488
1,test,2006-06-19,esn_selected,-0.2779515198001852,-0.12188064300962533,0.121937138626401,0.142533424710029
1,test,2006-06-20,esn_selected,-0.1959660024240829,-0.1050793855865495,0.130828584652105,0.14327624773621328
1,test,2006-06-21,esn_selected,-0.19775616410746752,-0.1480855808433195,0.1304703630642522,0.1371145463564998
1,test,2006-06-22,esn_selected,-0.17549616690687578,-0.1817655193305143,0.1319402366933597,0.13111564438144185
1,test,2006-06-23,esn_selected,-0.02941560472573532,-0.17939331828779548,0.1467025165014453,0.1262708402103084
1,test,2006-06-26,esn_selected,-0.029657075621494576,-0.20377875037369464,0.1464110600190017,0.12301379093368964
1,test,2006-06-27,esn_selected,0.02143951672651396,-0.0707772438232944,0.1432128735190667,0.13059688809634545
1,test,2006-06-28,esn_selected,0.03315423664425222,-0.09111717185741101,0.1412301281358114,0.12472599183166763
1,test,2006-06-29,esn_selected,-0.16688032464822292,-0.24455356423327126,0.127122352367703,0.11762208172017825
1,test,2006-06-30,esn_selected,-0.16531756791207963,-0.1618322543135706,0.1271686011341218,0.12761259687169904
1,test,2006-07-03,esn_selected,-0.10564006645815027,-0.12894041493560188,0.1273875670132499,0.12445370504638238
1,test,2006-07-05,esn_selected,-0.10915288001944173,-0.0239790746524617,0.1280076279831531,0.13938831358461318
1,test,2006-07-06,esn_selected,-0.09460959395789002,-0.03461362514028633,0.1279375416884623,0.13584820980996404
1,test,2006-07-07,esn_selected,-0.1233305886568314,-0.057258792633226044,0.1259647040381593,0.13456852341153244
1,test,2006-07-10,esn_selected,-0.12120144481007829,-0.09713573794603594,0.1259758738973647,0.12904434674166593
1,test,2006-07-11,esn_selected,-0.0897733949928522,-0.14103372648819318,0.1259001275347371,0.119609063753696
1,test,2006-07-12,esn_selected,-0.12567696396374908,-0.006332366065670166,0.1205975850765663,0.13588430942882704
1,test,2006-07-13,esn_selected,-0.31893469451321577,0.024009982994740352,0.1061813714110362,0.1496191941552994
1,test,2006-07-14,esn_selected,-0.1781238139029482,0.1885897804893241,0.1057635287397122,0.15261514120894434
1,test,2006-07-17,esn_selected,-0.15831737704975993,0.21091506939655613,0.1056736942841443,0.15287008405589037
1,test,2006-07-18,esn_selected,-0.08197163301538951,0.1608228495826691,0.1123404532548823,0.14321235150947267
1,test,2006-07-19,esn_selected,-0.21011534414397454,-0.010718349063992822,0.1060353583785414,0.1294338064271971
1,test,2006-07-20,esn_selected,-0.23248906998356628,0.07285226423422309,0.1034053837601234,0.14033022038650483
1,test,2006-07-21,esn_selected,-0.258293347704608,0.13509783838572426,0.1019064993695721,0.15102522957342474
1,test,2006-07-24,esn_selected,-0.5983569038952309,-0.04099734405835235,0.0806444458742361,0.1408097227566453
1,test,2006-07-25,esn_selected,-0.6087867145432071,-0.01738349256460038,0.0796491552646424,0.1438879184896053
1,test,2006-07-26,esn_selected,-0.5808987898026625,-0.03332437414385722,0.0801126171829659,0.13851903807668334
1,test,2006-07-27,esn_selected,-0.5671326800672382,0.031005009396062246,0.08009856944469,0.1456775596388914
1,test,2006-07-28,esn_selected,-0.5686996930128543,0.07107726510434247,0.0719844651650466,0.13648671614315677
1,test,2006-07-31,esn_selected,-0.5433957571656088,0.050310778382556376,0.073856056528915,0.13373022874568402
1,test,2006-08-01,esn_selected,-0.5725100075497521,0.05975936825499347,0.0718603132368299,0.135232229147351
1,test,2006-08-02,esn_selected,-0.6355302290915676,0.006765322010389961,0.0677998258711416,0.1288765768514145
1,test,2006-08-03,esn_selected,-0.6446780966935065,0.006226452331253123,0.067145646780351,0.12873662383499673
1,test,2006-08-04,esn_selected,-0.5856817761626695,0.05116410577901935,0.0701278472044576,0.13257729672045437
1,test,2006-08-07,esn_selected,-0.5860246898219675,0.06349544591887539,0.0701100199513128,0.13423417609874672
1,test,2006-08-08,esn_selected,-0.5134261721847543,0.08382362543992215,0.0753438861061962,0.13690846714073485
1,test,2006-08-09,esn_selected,-0.4596410436108111,0.12221734245496808,0.076158615862302,0.13627523158000068
1,test,2006-08-10,esn_selected,-0.33376710303179036,0.12008524410667695,0.0760492821858657,0.1197293677503227
1,test,2006-08-11,esn_selected,-0.33752749454111863,0.10053926311198097,0.0754656998608373,0.1169498258815149
1,test,2006-08-14,esn_selected,-0.2414949571513043,0.12210124504044238,0.0830016953313797,0.11939737734816555
1,test,2006-08-15,esn_selected,-0.43266735905040493,0.05405838424269229,0.0728838197237331,0.11858054164267268
1,test,2006-08-16,esn_selected,-0.48096201998809823,0.041212066256053156,0.0655498281216469,0.11049659150296345
1,test,2006-08-17,esn_selected,-0.4527816650578063,0.08950947232069752,0.0657510317515588,0.11308802529269325
1,test,2006-08-18,esn_selected,-0.47408316118282373,0.10123304773086447,0.0634322596202559,0.11276305600885175
1,test,2006-08-21,esn_selected,-0.2595302607142753,0.26926269547880205,0.062210243610552,0.1055634961012227
1,test,2006-08-22,esn_selected,-0.20341301034927503,0.3011329780797215,0.064989025706654,0.10763699504846574
1,test,2006-08-23,esn_selected,-0.18623787220838267,0.2975849180749191,0.0664995703907191,0.10787986831773654
1,test,2006-08-24,esn_selected,-0.17408300306507665,0.266055169419825,0.0673009929907087,0.10451317747747346
1,test,2006-08-25,esn_selected,0.006375419309707702,0.25869949035317047,0.072444862367426,0.0932374835166825
1,test,2006-08-28,esn_selected,0.03272636379938059,0.2208733357595693,0.076313082172534,0.09211072192401616
1,test,2006-08-29,esn_selected,0.06024096231235038,0.2319769399114523,0.0763222954222856,0.09062236895880194
1,test,2006-08-30,esn_selected,0.11815067647251026,0.2534258724052317,0.0763028509915396,0.08735545626942733
1,test,2006-08-31,esn_selected,0.12855423697257023,0.2616830132353086,0.0763568945548806,0.08722989509450411
1,test,2006-09-01,esn_selected,0.06146068709852683,0.22741612235077918,0.0745731596282278,0.0880351430162395
1,test,2006-09-05,esn_selected,0.06262640337135188,0.23847379750546444,0.0746411620510418,0.08899138072856888
1,test,2006-09-06,esn_selected,0.051198694443537085,0.2846900929152734,0.0793018514904316,0.10015839418895156
1,test,2006-09-07,esn_selected,0.022576074530008775,0.32397757835539787,0.0778975335610163,0.10529814415192484
1,test,2006-09-08,esn_selected,0.01721276973795865,0.27587841198674695,0.0773696318066564,0.1002091991112645
1,test,2006-09-11,esn_selected,0.02423856176006088,0.23766721991194587,0.0773172284344406,0.09571217075150472
1,test,2006-09-12,esn_selected,-0.1808530266255419,0.12306603848219184,0.06926972947397,0.09387152309070705
1,test,2006-09-13,esn_selected,-0.07058591391527021,0.15215009402242563,0.0679166181299088,0.08486118100182327
1,test,2006-09-14,esn_selected,0.12791533630268961,0.23201845400448276,0.0744945467271848,0.08266770700167436
1,test,2006-09-15,esn_selected,0.12606246287648062,0.2830920921175887,0.0745848815027472,0.0872665698254667
1,test,2006-09-18,esn_selected,0.1625307787608913,0.31134528049434357,0.0746270720591098,0.08660156087329152
1,test,2006-09-19,esn_selected,0.18609752668613466,0.3076296068672538,0.0749347100056499,0.0846181922004557
1,test,2006-09-20,esn_selected,0.11196313427450316,0.2304577415379019,0.072688381294377,0.08183263802550364
1,test,2006-09-21,esn_selected,0.06348547786236398,0.2755174800862882,0.0708582190112722,0.08759404073046552
1,test,2006-09-22,esn_selected,0.03985091237048058,0.28141573230963446,0.070037156166584,0.08917410756760207
1,test,2006-09-25,esn_selected,-0.08440095414162567,0.22533171681740488,0.0665813693756482,0.09075444659773323
1,test,2006-09-26,esn_selected,-0.22904697935430354,0.14835695429172432,0.0606911204349097,0.0885175940367209
1,test,2006-09-27,esn_selected,-0.21210648386341588,0.16793942873429096,0.0617354684526638,0.0902789689866664
1,test,2006-09-28,esn_selected,-0.19639732066228668,0.1791990829537347,0.0626969613082389,0.09127796270272169
1,test,2006-09-29,esn_selected,-0.13839371012950757,0.2013609302493782,0.0664882087174961,0.0933895318070777
1,test,2006-10-02,esn_selected,-0.13442848451409908,0.22710268875933548,0.065193004318609,0.0935862378094143
1,test,2006-10-03,esn_selected,-0.14190055971480106,0.1757818457547005,0.064766698903096,0.08898554767895604
1,test,2006-10-04,esn_selected,-0.358778585341154,0.11736050416277063,0.0553946429238281,0.08917689491850539
1,test,2006-10-05,esn_selected,-0.3478681331663063,0.1381016197086606,0.0550106145045952,0.08943355170442262
1,test,2006-10-06,esn_selected,-0.33795389148294025,0.12773986165186418,0.0551822011417375,0.08791181513820927
1,test,2006-10-09,esn_selected,-0.12824155112128785,0.14572553502721125,0.0680113944912529,0.0894466486736311
1,test,2006-10-10,esn_selected,-0.0010658211397434017,0.1975034428417604,0.0691959396623082,0.08439527777331564
1,test,2006-10-11,esn_selected,0.022951194328687183,0.1752349577012272,0.0694934110561954,0.08092442597591414
1,test,2006-10-12,esn_selected,-0.13429353944850392,0.07540886255044638,0.0651330685033335,0.08032932818520944
1,test,2006-10-13,esn_selected,-0.14508758957262452,0.04967942761571826,0.0645119344086624,0.07838379844126277
1,test,2006-10-16,esn_selected,-0.14011870704966192,0.06769404517306654,0.0648699586998071,0.07985379361393928
1,test,2006-10-17,esn_selected,-0.07971887022500557,0.09557879512709305,0.0691929051697811,0.08245032545269673
1,test,2006-10-18,esn_selected,-0.04087385239207399,0.1130288958652742,0.0697772274502595,0.08138658455333216
1,test,2006-10-19,esn_selected,-0.010220108147063046,0.05339674399094143,0.0701377283673152,0.0747446553368622
1,test,2006-10-20,esn_selected,0.001477712279193734,0.01747322826190381,0.0701407274376739,0.07127168558048383
1,test,2006-10-23,esn_selected,0.02473732427228955,0.04634937332911153,0.0682489550673912,0.06974000916308946
1,test,2006-10-24,esn_selected,0.10659923162196325,0.07562141962913645,0.0675181623073961,0.06545866147714059
1,test,2006-10-25,esn_selected,0.07888860165762769,0.08411849389973919,0.0668029486322511,0.06715323603933472
1,test,2006-10-26,esn_selected,0.07293056168414253,0.08747081839656917,0.0674403527439252,0.06842811655265982
1,test,2006-10-27,esn_selected,0.1901171209504136,0.13908613218479163,0.0804102568147997,0.07640978406156071
1,test,2006-10-30,esn_selected,0.22720362973743205,0.161413071451186,0.0818227888564823,0.07661288230410823
1,test,2006-10-31,esn_selected,0.32599440655422507,0.16787534367708362,0.0897282781598433,0.07660534934689274
1,test,2006-11-01,esn_selected,0.44520866282570126,0.2797580032824643,0.0864608364646053,0.0732765686614163
1,test,2006-11-02,esn_selected,0.45597268542989233,0.27324922205580543,0.0867906453188977,0.0722964754967582
1,test,2006-11-03,esn_selected,0.4966343027058531,0.2730401244114825,0.0906743721448549,0.0725068168250844
1,test,2006-11-06,esn_selected,0.1978440148269173,0.17341708782226092,0.0828904015541013,0.08089017294128362
1,test,2006-11-07,esn_selected,0.16761248467387446,0.16105539192245222,0.0818226966413736,0.08128793279443054
1,test,2006-11-08,esn_selected,0.17681902762679588,0.12400215875749124,0.0829344859952135,0.07866781407003239
1,test,2006-11-09,esn_selected,0.21877605958923732,0.2049138827629679,0.081061525835447,0.07994558915610064
1,test,2006-11-10,esn_selected,0.23615476942280716,0.19464806324172776,0.0816959971113326,0.0783744749336325
1,test,2006-11-13,esn_selected,0.2254686263240478,0.14567323503189683,0.0812762021228648,0.0750427435799233
1,test,2006-11-14,esn_selected,0.10577350005404354,0.09214970760519933,0.0769127629571044,0.07587202493468308
1,test,2006-11-15,esn_selected,0.16571111716262588,0.06178389034727556,0.0823533239420568,0.0742243002054705
1,test,2006-11-16,esn_selected,0.15440403866327654,0.058009544054624204,0.0818480840704571,0.0743267118907119
1,test,2006-11-17,esn_selected,0.16131534612801643,0.054601670517031554,0.0824192447148159,0.0740770143444165
1,test,2006-11-20,esn_selected,0.19169553300704198,0.07741340687492261,0.0826700725282769,0.07374222238371798
1,test,2006-11-21,esn_selected,0.2018374123833688,0.03738140148287927,0.0826185346085559,0.07008985308286797
1,test,2006-11-22,esn_selected,0.22115950722759573,0.03330911703309067,0.0833381750409164,0.06906556962636101
1,test,2006-11-24,esn_selected,0.23083030287870618,0.05129846717557304,0.0849509343638967,0.07099021220997513
1,test,2006-11-27,esn_selected,-0.10545671310158275,0.1267680800039215,0.0723622697331179,0.09127800234278845
1,test,2006-11-28,esn_selected,-0.09462958462187818,0.11581145336956608,0.0744349963702284,0.09186933084641692
1,test,2006-11-29,esn_selected,-0.32062325454953017,0.04269165413786944,0.0651155065987534,0.09364187127516747
1,test,2006-11-30,esn_selected,-0.25873721321058246,0.05169299898480117,0.0667500028893797,0.09104779175368108
1,test,2006-12-01,esn_selected,-0.2650342228614914,0.10121906689402378,0.0665840207561904,0.09603549953425139
1,test,2006-12-04,esn_selected,-0.39092967576959897,0.03505093840970699,0.0613346591411409,0.09390895032699849
1,test,2006-12-05,esn_selected,-0.2301447881254383,0.06184064831153823,0.0658496744185518,0.08817821352612651
1,test,2006-12-06,esn_selected,-0.18813646837006398,0.009126204285429602,0.0677902379679201,0.08257284508357311
1,test,2006-12-07,esn_selected,-0.2276459253697787,0.05404711792139933,0.0660495386039421,0.08754019757056998
1,test,2006-12-08,esn_selected,-0.19383442667812045,0.04113587914701379,0.0667780222301132,0.0844655977040429
1,test,2006-12-11,esn_selected,-0.18672226548307055,-0.04999366523221946,0.0677810556165401,0.07771212860295408
1,test,2006-12-12,esn_selected,-0.10932421714415509,-0.06427037398702848,0.0728592166253917,0.07621687408793366
1,test,2006-12-13,esn_selected,-0.0509366155034183,-0.05174509284622403,0.073093190958139,0.07303412065105597
1,test,2006-12-14,esn_selected,-0.21916387809453255,-0.0527169953598413,0.0661453730188532,0.07812435281422427
1,test,2006-12-15,esn_selected,-0.1970102509707654,-0.012333966163262744,0.0672121909995099,0.08084477269445918
1,test,2006-12-18,esn_selected,-0.20911790812030864,0.030736830772056967,0.0668666978954504,0.08499188597215176
1,test,2006-12-19,esn_selected,-0.20389857996181832,0.02949877234007743,0.067421170881123,0.08514506330094788
1,test,2006-12-20,esn_selected,-0.19182439372637458,0.001950223831634938,0.0681976189554312,0.08277981646042189
1,test,2006-12-21,esn_selected,-0.1359138835757301,-0.011568605105993513,0.0727473765637229,0.08237962384417634
1,test,2006-12-22,esn_selected,-0.04687343339115805,0.03811174213026875,0.081060874840925,0.0882510495953268
1,test,2006-12-26,esn_selected,0.07973092786934559,0.08886131196438037,0.0783680215018036,0.07908682813567407
1,test,2006-12-27,esn_selected,0.006141277370107528,0.04646332092015633,0.0748935288754904,0.07797509910558592
1,test,2006-12-28,esn_selected,0.16462436946502348,0.13499594711254975,0.0767679386055375,0.07452679048463806
1,test,2006-12-29,esn_selected,0.16851203302161616,0.17802761882596005,0.0790014631821515,0.07975679640338704
1,test,2007-01-03,esn_selected,0.20274136204476192,0.23896452374600058,0.0815491562188199,0.08455727741115251
1,test,2007-01-04,esn_selected,0.2824088202879755,0.21604099832509382,0.0813494363897763,0.07612571233799015
1,test,2007-01-05,esn_selected,0.1463436984363216,0.2172123299944511,0.0762271868846814,0.08182532676838146
1,test,2007-01-08,esn_selected,0.09374503922315042,0.17568632935514553,0.0744526416742407,0.08081030796067519
1,test,2007-01-09,esn_selected,0.12444438117105754,0.18260242824058137,0.0748023593471897,0.0792817111667114
1,test,2007-01-10,esn_selected,0.10283495623911806,0.12246047735066386,0.0740106479534237,0.0754774921980172
1,test,2007-01-11,esn_selected,0.12852456214712696,0.07613257493431135,0.0770771834571691,0.07314291852198283
1,test,2007-01-12,esn_selected,0.005360535463806894,0.0001409902855125881,0.0732508297301846,0.07286948979133723
1,test,2007-01-16,esn_selected,0.07494477381254662,0.045679710269871054,0.0787816411415388,0.07650950073531138
1,test,2007-01-17,esn_selected,0.2163625210781819,0.11412529956323428,0.0821229457167006,0.07414185672241079
1,test,2007-01-18,esn_selected,0.1913135623011021,0.16617513050605778,0.081383146576731,0.07936280243267578
1,test,2007-01-19,esn_selected,0.19301072141862008,0.12879979548182482,0.0811023368642762,0.07605835308091421
1,test,2007-01-22,esn_selected,0.17993460408901737,0.12667799110693648,0.0807125179796497,0.07652649859614592
1,test,2007-01-23,esn_selected,0.16019140611140537,0.08280347196954999,0.0800459670410402,0.07408500302799069
1,test,2007-01-24,esn_selected,0.028622526622763714,0.02415693779097347,0.0748596757497114,0.07452612851442182
1,test,2007-01-25,esn_selected,-0.243191443047707,0.11768908245792258,0.0635615654344811,0.09118491667900074
1,test,2007-01-26,esn_selected,-0.20893239380797854,0.1855720778832958,0.0635917383233131,0.09434780744546452
1,test,2007-01-29,esn_selected,0.727598785123387,0.2381721807196257,0.1550373840190871,0.09503447026228697
1,test,2007-01-30,esn_selected,0.7226655093593604,0.15355937777309192,0.1581355531077273,0.0895096521475333
1,test,2007-01-31,esn_selected,0.6848345589353427,0.0885861775058788,0.1566949517027948,0.08631924298939794
1,test,2007-02-01,esn_selected,0.6873467742312516,0.02195338457460866,0.16215501435481,0.08335923215685902
1,test,2007-02-02,esn_selected,0.7108148849609941,0.00904473894806856,0.1655989316245638,0.08208855834929069
1,test,2007-02-05,esn_selected,0.8379332174757093,0.05187299673860382,0.1762055832141192,0.08028567239459432
1,test,2007-02-06,esn_selected,0.8616763610084216,0.08303292003116408,0.1762387486199503,0.08089857107556879
1,test,2007-02-07,esn_selected,0.8702060447592772,0.04706106261938623,0.1785833557690125,0.07840678674047835
1,test,2007-02-08,esn_selected,0.8805234746141777,0.027970414087271148,0.178525678627355,0.07610997914002282
1,test,2007-02-09,esn_selected,0.829206872843237,0.10853998568550449,0.1766224096725885,0.08591404228086486
1,test,2007-02-12,esn_selected,0.9503820307463295,0.16177926097245268,0.1894777504875297,0.08611372756488618
1,test,2007-02-13,esn_selected,0.8748710038679386,0.07360421927220646,0.1889629554900186,0.08479903886161501
1,test,2007-02-14,esn_selected,0.8260493563622676,0.0295352821663106,0.1875915173283703,0.08458464462760032
1,test,2007-02-15,esn_selected,0.836199001709881,0.03342781436524881,0.1877980547768546,0.08414958773234957
1,test,2007-02-16,esn_selected,0.8646274474363382,0.03682296919639319,0.1925467964730054,0.08414443146278663
1,test,2007-02-20,esn_selected,0.8737590776789468,0.07744034937386801,0.1933791478415329,0.08721131050136373
1,test,2007-02-21,esn_selected,0.9250097999462193,0.055663910840965565,0.2018673619300705,0.08462798200760611
1,test,2007-02-22,esn_selected,0.9919987858667225,0.05325025759241774,0.2018680279502395,0.07895401770470681
1,test,2007-02-23,esn_selected,1.1535629204810929,0.13974829443051134,0.2014561804697565,0.07309480264902513
1,test,2007-02-26,esn_selected,1.1532370211289866,0.15514554149049392,0.2014861374932141,0.07426420725063787
1,test,2007-02-27,esn_selected,-0.07550509009469081,-0.16964026443843497,0.143762291910374,0.13084664788100467
1,test,2007-02-28,esn_selected,-0.1109650491301982,-0.2555286488270748,0.1415265804500758,0.12247708453297064
1,test,2007-03-01,esn_selected,-0.10426928301179729,-0.11198749577012981,0.1411794321109143,0.14009397350547545
1,test,2007-03-02,esn_selected,-0.19668218204185609,-0.10929299429105865,0.1332025063548752,0.1453667358579442
1,test,2007-03-05,esn_selected,-0.25080658466625805,-0.03233828591877738,0.1288645954886926,0.16032940890740183
1,test,2007-03-06,esn_selected,-0.38334149644694504,-0.26230816654743233,0.1200982194426596,0.13555036019854066
1,test,2007-03-07,esn_selected,-0.3834271290324311,-0.33003508254248926,0.1201105385070099,0.12669777417520983
1,test,2007-03-08,esn_selected,-0.42520014575173737,-0.41771293378109686,0.1167290369698798,0.11760629201190982
1,test,2007-03-09,esn_selected,-0.42402755655579927,-0.3819225708815227,0.1168282481992286,0.12185232708631645
1,test,2007-03-12,esn_selected,-0.41369579792207267,-0.3511335636205094,0.116783101067528,0.12432270087733283
1,test,2007-03-13,esn_selected,-0.6920070949487831,-0.2850793543568057,0.0948469472662209,0.14247866249175908
1,test,2007-03-14,esn_selected,-0.7147428468798424,-0.2972023067552515,0.0924629613295226,0.14037939006324698
1,test,2007-03-15,esn_selected,-0.6937494179988571,-0.3048401137195402,0.0937392883526811,0.13830020279771307
1,test,2007-03-16,esn_selected,-0.6396086508915058,-0.30134667300956197,0.0990632522643317,0.1389369920504053
1,test,2007-03-19,esn_selected,-0.7609408117668303,-0.38807167505770646,0.0899629942683311,0.13061676108384235
1,test,2007-03-20,esn_selected,-0.7879579848578777,-0.4530184520395495,0.0879435185306706,0.12293236257434162
1,test,2007-03-21,esn_selected,-1.115445887274485,-0.4998885549366279,0.0661658831843283,0.1224523901598748
1,test,2007-03-22,esn_selected,-1.0029006883651512,-0.40215433262130523,0.0740479953331071,0.13502498350141257
1,test,2007-03-23,esn_selected,-0.9871404941556807,-0.3746925771684653,0.075070779631936,0.1385012448837937
1,test,2007-03-26,esn_selected,-0.9890738664332844,-0.347615375338362,0.0749369217274835,0.14232386599946703
1,test,2007-03-27,esn_selected,-0.5709878432384917,-0.08404324995350855,0.0812209599827722,0.13217382799473212
1,test,2007-03-28,esn_selected,-0.607713989885816,-0.036686532594779275,0.0770745825234534,0.13642854729785747
1,test,2007-03-29,esn_selected,-0.6057585706523881,-0.050766249433158946,0.0770360180108458,0.13419116664837985
1,test,2007-03-30,esn_selected,-0.4789679519736401,-0.03425031263894342,0.0825086075991785,0.1287175233331491
1,test,2007-04-02,esn_selected,-0.44099626966765293,-0.021257508802099243,0.0829108501573485,0.126154165772942
1,test,2007-04-03,esn_selected,-0.45040668544845003,-0.0426915758881134,0.076546868847586,0.11507893997784856
1,test,2007-04-04,esn_selected,-0.421340055836993,-0.03550305767239387,0.0788125633213615,0.11592105688456575
1,test,2007-04-05,esn_selected,-0.3857446160025027,-0.004957340985408929,0.0793692258653033,0.11615180328496094
1,test,2007-04-09,esn_selected,-0.38847772939810876,0.024453323617058716,0.0792198709175951,0.11972030322794665
1,test,2007-04-10,esn_selected,-0.38771401599001204,0.016627050952528165,0.0792497581720177,0.11874109234125264
1,test,2007-04-11,esn_selected,-0.1891096674653557,0.15455275791082781,0.0785044132960375,0.110699272614978
1,test,2007-04-12,esn_selected,-0.07855575552384804,0.1415958426387719,0.0854774322446398,0.10652758747288756
1,test,2007-04-13,esn_selected,-0.04941178560678249,0.12039237910925903,0.0892200343893492,0.10573223146746746
1,test,2007-04-16,esn_selected,-0.17646452299266757,0.09477864788083665,0.0830376429819181,0.10891167207229205
1,test,2007-04-17,esn_selected,-0.0865248827183604,0.18075396292698848,0.0825062071143445,0.10778649516939902
1,test,2007-04-18,esn_selected,-0.023842993507863782,0.23213370880810144,0.0858714817290892,0.1109221365167829
1,test,2007-04-19,esn_selected,0.26396492823622403,0.3451111796619866,0.0861534405213644,0.0934359476818045
1,test,2007-04-20,esn_selected,0.14039181081449736,0.29732867110778255,0.0852088480981566,0.09968768409054309
1,test,2007-04-23,esn_selected,0.11439668438981679,0.3253287089717196,0.0841691177428278,0.10393441818957604
1,test,2007-04-24,esn_selected,0.11658540147948429,0.3428765166724742,0.0842031319832003,0.10558573033095103
1,test,2007-04-25,esn_selected,-0.044266061135771965,0.3048911544126169,0.0777040423090017,0.11017439243167632
1,test,2007-04-26,esn_selected,0.08657568117439765,0.3002012187256316,0.0840447368344269,0.10406074092268869
1,test,2007-04-27,esn_selected,0.10172846243457938,0.281909331857611,0.0852852517788733,0.10212345358769101
1,test,2007-04-30,esn_selected,-0.018152403781942467,0.3286082063045566,0.0810243898535908,0.11460722283044383
1,test,2007-05-01,esn_selected,0.03083858263189142,0.3130773270240179,0.0855075365366778,0.11339114060643005
1,test,2007-05-02,esn_selected,0.08145655030102983,0.3065231153584502,0.0830431015012645,0.10400368521392823
1,test,2007-05-03,esn_selected,0.04795114250428639,0.2877508960258496,0.0826837888861261,0.10509065022708025
1,test,2007-05-04,esn_selected,0.027557229707432553,0.2851973477488118,0.0815868371294539,0.10556301332461404
1,test,2007-05-07,esn_selected,0.04407304394929378,0.28864175551677757,0.0827894143103553,0.10572791117095448
1,test,2007-05-08,esn_selected,0.1396353354556066,0.2991783850604574,0.091125684025302,0.10688812709732654
1,test,2007-05-09,esn_selected,0.3491317770363399,0.2930361477822567,0.1113063846065037,0.1052344787440139
1,test,2007-05-10,esn_selected,0.2920742752356014,0.33435861551684803,0.1144715895473875,0.11941573859060249
1,test,2007-05-11,esn_selected,0.21455768556698576,0.25012549041256615,0.1105716028517101,0.1145751690167903
1,test,2007-05-14,esn_selected,0.34256986567335124,0.33266876645604904,0.1169637316165735,0.11581137631105538
1,test,2007-05-15,esn_selected,0.4415015705664658,0.348584864158342,0.1283004910313313,0.11691631148652391
1,test,2007-05-16,esn_selected,0.3992432981303848,0.2970664880636741,0.12800829649135,0.11557483798902035
1,test,2007-05-17,esn_selected,0.40670372436869756,0.29257889327806236,0.1293903265320169,0.11543513746886806
1,test,2007-05-18,esn_selected,0.3890476723334019,0.2145183589730721,0.1257320369793929,0.10559633226537758
1,test,2007-05-21,esn_selected,0.4036657739900441,0.2636748761049558,0.1260267083235023,0.10956335401493975
1,test,2007-05-22,esn_selected,0.475260282218492,0.2680909256512903,0.1354350784571869,0.11009273357695928
1,test,2007-05-23,esn_selected,0.5660199315047328,0.25009888311031775,0.1368557172481307,0.09978383175196029
1,test,2007-05-24,esn_selected,0.4898230800501818,0.2924077836772913,0.1371633180625894,0.11259046390515792
1,test,2007-05-25,esn_selected,0.4770644981924276,0.2078937054357964,0.1374233132201717,0.10499316436263408
1,test,2007-05-29,esn_selected,0.5586154596868106,0.21008409977245235,0.1416509139375315,0.09996641888332777
1,test,2007-05-30,esn_selected,0.5451043091475993,0.10616144910233666,0.1474823972283489,0.0950844997956373
1,test,2007-05-31,esn_selected,0.5740393798311931,0.14654401837401065,0.147436731980714,0.09614945334502577
1,test,2007-06-01,esn_selected,0.5712714269701877,0.13147570127931402,0.1463930293468209,0.094301704140132
1,test,2007-06-04,esn_selected,0.6078861692498572,0.14399045311224884,0.1498379098041493,0.09422244213024415
1,test,2007-06-05,esn_selected,0.5925108708131128,0.165567562143707,0.1497266169470166,0.09769669875517263
1,test,2007-06-06,esn_selected,0.46294594456218363,0.18705622240941483,0.1447756990045569,0.10986978800030171
1,test,2007-06-07,esn_selected,0.16195570866300782,0.15946174785560377,0.1308749555088411,0.13054896517166087
1,test,2007-06-08,esn_selected,0.0683303438732659,0.06443363873893376,0.1225669007957408,0.12209022306356249
1,test,2007-06-11,esn_selected,0.1748936320629464,0.06328660485639516,0.1317039937346636,0.11779548061316487
1,test,2007-06-12,esn_selected,0.09247578425819408,0.0932123296914247,0.1282959474769962,0.1283904780799808
1,test,2007-06-13,esn_selected,0.009334853874834079,-0.02737804432578851,0.1295037648219717,0.12483552295561302
1,test,2007-06-14,esn_selected,-0.0004239414170060893,-0.09566764377736706,0.1279540399743519,0.11632958755873726
1,test,2007-06-15,esn_selected,-0.023685061729867903,-0.1634789591084694,0.126361716648564,0.10987624245564186
1,test,2007-06-18,esn_selected,0.0045552287284086855,-0.1535156864237761,0.1263060816260319,0.10783877258354665
1,test,2007-06-19,esn_selected,0.001073623990968072,-0.1542262712046121,0.1261620862805686,0.10801472755807674
1,test,2007-06-20,esn_selected,-0.14816612913589336,-0.0776229467031092,0.1167840228756447,0.1253198730431352
1,test,2007-06-21,esn_selected,-0.12603595938404427,-0.09766119770927434,0.1206496936264717,0.124122131755044
1,test,2007-06-22,esn_selected,-0.16417625870211247,-0.04198549668234455,0.1163957543275036,0.13152366820897557
1,test,2007-06-25,esn_selected,-0.0492396973461575,-0.04254544388727412,0.1308205245379049,0.13169920807055444
1,test,2007-06-26,esn_selected,-0.11879120190472221,-0.01115294543602288,0.1257850473153818,0.14007986621314555
1,test,2007-06-27,esn_selected,-0.028590879260915133,-0.17489875848918895,0.1433254543091629,0.123817668646515
1,test,2007-06-28,esn_selected,0.08000658412116389,-0.16214602977772205,0.1597173566499327,0.12536796314658022
1,test,2007-06-29,esn_selected,0.14330971858114233,-0.15868617346520542,0.1689503196643903,0.12491191553444382
1,test,2007-07-02,esn_selected,0.13038192063217086,-0.2152990832088105,0.1707048478381935,0.12081434462073291
1,test,2007-07-03,esn_selected,0.1333978298202195,-0.2327181691102954,0.1710932804292653,0.11863990634538389
1,test,2007-07-05,esn_selected,0.1802409497994976,-0.23289149487587707,0.1733697489803655,0.114697031866459
1,test,2007-07-06,esn_selected,0.4021260991924269,-0.20045073958106455,0.195658037423085,0.10710306441092299
1,test,2007-07-09,esn_selected,0.5112176907930202,-0.11842260945277623,0.2043582744294334,0.10887869802722051
1,test,2007-07-10,esn_selected,0.4279188662452841,-0.042096900916059936,0.2020420409011658,0.12627474284175452
1,test,2007-07-11,esn_selected,0.47554972964788245,-0.05808271453282009,0.2064151463647376,0.12105645055114254
1,test,2007-07-12,esn_selected,0.5552572638098741,-0.08152722711166882,0.225645958698442,0.11936460608793341
1,test,2007-07-13,esn_selected,0.5689167590596028,-0.0800436256489544,0.2260119549315377,0.1181113130914546
1,test,2007-07-16,esn_selected,0.5830210218233093,-0.02854614209059754,0.2263697180177357,0.1228055756662509
1,test,2007-07-17,esn_selected,0.6117819199603919,0.0035029026718202076,0.2328722687324781,0.12674929535089938
1,test,2007-07-18,esn_selected,0.6344246904460652,0.029525686157280802,0.2379337252953617,0.1299426456061311
1,test,2007-07-19,esn_selected,0.7162112178491259,-0.0515275734457592,0.2390176714784075,0.11091883272797254
1,test,2007-07-20,esn_selected,0.7081469570110549,0.052426873882709946,0.2449461057267943,0.12714372336014768
1,test,2007-07-23,esn_selected,0.7430841781694737,0.03876568867414724,0.2447115666314271,0.12099651559621794
1,test,2007-07-24,esn_selected,0.5934292290507623,0.14713555283121496,0.2368093936116869,0.15155701563435173
1,test,2007-07-25,esn_selected,0.6476230898886952,0.15225653266898942,0.2403743659909957,0.1464715203331805
1,test,2007-07-26,esn_selected,0.45028331259928966,0.2119170619187035,0.2248427482446461,0.17715676357080493
1,test,2007-07-27,esn_selected,0.3106899977700315,0.16497148282864277,0.2179129628158115,0.1883641796815217
1,test,2007-07-30,esn_selected,0.23368967685518655,-0.004042245562240887,0.2134268993164498,0.16826875942944863
1,test,2007-07-31,esn_selected,0.2715314557779931,0.08033954834163212,0.2239600045798741,0.18498515479252606
1,test,2007-08-01,esn_selected,0.3118481870887509,0.0656271829355002,0.2337044059647607,0.18269828754443362
1,test,2007-08-02,esn_selected,0.29210102995418813,-0.07801413205380026,0.2321834103213682,0.16035858423346833
1,test,2007-08-03,esn_selected,0.09776118099839061,-0.03526061509403298,0.2157520020541594,0.18887922947698813
1,test,2007-08-06,esn_selected,0.029944209974047238,-0.16437464164234478,0.2105701623941931,0.17338248655848237
1,test,2007-08-07,esn_selected,0.0360431833499824,-0.18747826904495843,0.2094571078014492,0.16750237495069134
1,test,2007-08-08,esn_selected,-0.012878558062570945,-0.22968083085960034,0.2037738613944659,0.16405612314900794
1,test,2007-08-09,esn_selected,-0.22303630890464204,-0.09183304554693895,0.1805361270499025,0.20584720514172516
1,test,2007-08-10,esn_selected,-0.22820593320618363,-0.07074650842219853,0.1798965498457113,0.21057489538147475
1,test,2007-08-13,esn_selected,-0.20666998310771809,-0.163546779308045,0.1841037762422833,0.1922165889597527
1,test,2007-08-14,esn_selected,-0.2798121695356865,-0.1201481053718791,0.176034136012345,0.2065085869874372
1,test,2007-08-15,esn_selected,-0.3313279990830317,-0.0687297953887942,0.1708291903882083,0.22212990632535365
1,test,2007-08-16,esn_selected,-0.3481234818746917,-0.1573372025131213,0.1687492704634345,0.20422049866456068
1,test,2007-08-17,esn_selected,-0.44440876816244845,-0.19512251594002744,0.1570602424398586,0.20152545355495238
1,test,2007-08-20,esn_selected,-0.2646527646738937,-0.29016007137893385,0.1878093726753103,0.18307944175104254
1,test,2007-08-21,esn_selected,-0.2263876985978455,-0.3448814050721545,0.1888339150907417,0.16773312356633474
1,test,2007-08-22,esn_selected,-0.2573526951088048,-0.4451901194929554,0.1858323403444033,0.15400844627166493
1,test,2007-08-23,esn_selected,-0.18937818207204773,-0.3671934920349982,0.1860514185077498,0.15574308663977415
1,test,2007-08-24,esn_selected,-0.18563684264158317,-0.40680258656288276,0.1809930960713732,0.14508113582855142
1,test,2007-08-27,esn_selected,-0.1811489497786935,-0.26499909775158165,0.1780644266541386,0.16374253477685455
1,test,2007-08-28,esn_selected,-0.3317578388197951,-0.12747591797069574,0.1607273813325273,0.1971552652835722
1,test,2007-08-29,esn_selected,-0.4658271884807451,-0.21613758621916704,0.1466765622663733,0.18827798385109842
1,test,2007-08-30,esn_selected,-0.45811902164261,-0.21616052922083406,0.1468495509010476,0.18704834107063892
1,test,2007-08-31,esn_selected,-0.37617299828914574,-0.21549579991563678,0.1481102029407403,0.173926676245845
1,test,2007-09-04,esn_selected,-0.38114774874298407,-0.22075644497839647,0.143835626058417,0.16885873294732762
1,test,2007-09-05,esn_selected,-0.39810213251289567,-0.16012586768759018,0.1406700180180193,0.17846510906349608
1,test,2007-09-06,esn_selected,-0.3715017113693715,-0.19395020324630854,0.1405423890975798,0.16784830971371292
1,test,2007-09-07,esn_selected,-0.26881313866052947,-0.047189740274941265,0.1379812448374549,0.17221456448909467
1,test,2007-09-10,esn_selected,-0.25711331832958434,-0.03627635309648338,0.1391105087530695,0.17348751020380165
1,test,2007-09-11,esn_selected,-0.29561335131634003,-0.1022820912778337,0.1369870298365459,0.16620425913526096
1,test,2007-09-12,esn_selected,-0.25208781990587936,-0.1105725871548197,0.1368095908031444,0.15760711836465127
1,test,2007-09-13,esn_selected,-0.23088787690004978,-0.084056444045962,0.1356090744193956,0.15705683192311307
1,test,2007-09-14,esn_selected,-0.20831958219819674,-0.08112073346801398,0.1370155501820583,0.1556007253079592
1,test,2007-09-17,esn_selected,-0.12234401192734078,0.01740254093199704,0.1389738004829988,0.15981741102394775
1,test,2007-09-18,esn_selected,-0.6555925264512258,-0.3904360798758629,0.0974983004750589,0.12710218807161794
1,test,2007-09-19,esn_selected,-0.6781040644221533,-0.07639444431684737,0.0958480196329057,0.17494531305832453
1,test,2007-09-20,esn_selected,-0.6879138313306181,0.03925110841508073,0.0934037075537343,0.1932715084069977
1,test,2007-09-21,esn_selected,-0.34148577712607303,-0.0019639017557245616,0.1322292689558988,0.18568639035732354
1,test,2007-09-24,esn_selected,-0.30315966852777615,0.05837937331970917,0.133659994209257,0.19187387605029654
1,test,2007-09-25,esn_selected,-0.265706024548609,-0.06168977636830175,0.1365156701611538,0.16741163434878192
1,test,2007-09-26,esn_selected,-0.17157701095135675,-0.0815624197760864,0.1353863624786251,0.1481384376866427
1,test,2007-09-27,esn_selected,-0.0902104668709948,-0.07731862022968003,0.1340240738075696,0.1357630770095498
1,test,2007-09-28,esn_selected,-0.04945617140740263,-0.026860274308224498,0.1397636005702221,0.14295763464129463
1,test,2007-10-01,esn_selected,-0.09642342442945215,0.0027610319722656063,0.1344958289062151,0.14851970501048573
1,test,2007-10-02,esn_selected,-0.051142058503068064,0.07963792877612498,0.1366645117709746,0.15575886756532448
1,test,2007-10-03,esn_selected,0.004622538183090905,0.09758915018709347,0.1413217757745262,0.15509006303982936
1,test,2007-10-04,esn_selected,0.15647256739909982,0.09517673777229194,0.164347273837728,0.15457599969552357
1,test,2007-10-05,esn_selected,0.14153225556490218,0.01759116750118387,0.158959590879991,0.14042997085616427
1,test,2007-10-08,esn_selected,0.1407532514197186,0.04371849235324945,0.1601357504275889,0.14532711057472825
1,test,2007-10-09,esn_selected,0.17799681447820523,0.03003744045249941,0.163675050538181,0.14116419114014755
1,test,2007-10-10,esn_selected,0.3332329366571994,0.1032066457015077,0.1909139967029252,0.15168359760951747
1,test,2007-10-11,esn_selected,0.34251019272801186,0.2185005646962316,0.1910024941793981,0.1687261284080584
1,test,2007-10-12,esn_selected,0.3591859106521598,0.15005228460530803,0.1962286056684306,0.15919768135811257
1,test,2007-10-15,esn_selected,0.34947715860371303,0.2416187793701369,0.197110126090534,0.17695654766217409
1,test,2007-10-16,esn_selected,0.8241355571624356,0.4092176328219776,0.222287258800299,0.14679727886238214
1,test,2007-10-17,esn_selected,0.8409991425973717,0.4332569708650595,0.222241127151394,0.14782376379340195
1,test,2007-10-18,esn_selected,0.8914539389612425,0.4300827651045211,0.2277810769459574,0.14359743652931264
1,test,2007-10-19,esn_selected,0.45074918314511436,0.33381731356074107,0.2075321951778742,0.18463014643505576
1,test,2007-10-22,esn_selected,0.46328120205372464,0.3436041701259123,0.2124231807836515,0.18846331807590772
1,test,2007-10-23,esn_selected,0.43822916651084004,0.25364019331151466,0.2115938370870044,0.17592884104946116
1,test,2007-10-24,esn_selected,0.5029141739391166,0.275258777769726,0.2238658098327208,0.17828642975747802
1,test,2007-10-25,esn_selected,0.5480156608102932,0.33177252726433926,0.2318371301476342,0.18675394837496948
1,test,2007-10-26,esn_selected,0.5468004722770324,0.1719317469453141,0.2414718493099754,0.1659828010675945
1,test,2007-10-29,esn_selected,0.5979814571010321,0.12956273799054924,0.244573198337281,0.1531007076356877
1,test,2007-10-30,esn_selected,0.672547193401269,0.09608107017380418,0.2677560478580111,0.15044689631986186
1,test,2007-10-31,esn_selected,0.6295727336057428,-0.0013261346163391877,0.2652339115241169,0.14113448828728659
1,test,2007-11-01,esn_selected,0.4355517512991457,0.055725638813223365,0.2540506010046655,0.17376561505821947
1,test,2007-11-02,esn_selected,0.47301344249593985,0.10501883390302968,0.2551020004661069,0.17656142951773596
1,test,2007-11-05,esn_selected,0.46779639756790903,0.17187320538236298,0.2556522936321045,0.1901655675887928
1,test,2007-11-06,esn_selected,0.4551756006480701,0.03258358911981291,0.2580255636032595,0.1690960086637893
1,test,2007-11-07,esn_selected,0.24444335761026945,0.08432006016609991,0.2437800550896258,0.2077100481215078
1,test,2007-11-08,esn_selected,0.24123706642058326,0.1107797475653582,0.2431123185758105,0.21337821194588755
1,test,2007-11-09,esn_selected,0.200036813996392,0.10958734477840204,0.2396829837194277,0.2189553176043898
1,test,2007-11-12,esn_selected,0.26444791893647607,0.046344551174527605,0.2567776427725903,0.2064600929838237
1,test,2007-11-13,esn_selected,0.06071878592706925,-0.24626054644045917,0.2362024532220985,0.17376606794472055
1,test,2007-11-14,esn_selected,0.060545801534765444,-0.18043841726991255,0.2361125864043299,0.1855500270888517
1,test,2007-11-15,esn_selected,0.030440378117151567,-0.12670966288661106,0.2348214309409445,0.20067271872754083
1,test,2007-11-16,esn_selected,0.14627475247815103,-0.09370988066401248,0.2402214575322125,0.18896779513978645
1,test,2007-11-19,esn_selected,0.10456551032881123,-0.05650593053755633,0.235838189260463,0.2007528381127062
1,test,2007-11-20,esn_selected,0.10424091660864765,-0.126010581345707,0.2348411882170704,0.1865422943848255
1,test,2007-11-21,esn_selected,0.0014502874977060255,-0.08180672404438595,0.2241907151640063,0.20628115844512918
1,test,2007-11-23,esn_selected,-0.04481850302618968,-0.22958583514216216,0.2216759424783678,0.18427869616752116
1,test,2007-11-26,esn_selected,-0.14582814877959882,-0.08169886296613704,0.2087056219176291,0.222528244990669
1,test,2007-11-27,esn_selected,-0.17715868447151006,-0.19902727379900914,0.2048659697754855,0.200434471925361
1,test,2007-11-28,esn_selected,-0.41124091646955785,-0.29733707652972885,0.1774759985450863,0.19888747653407
1,test,2007-11-29,esn_selected,-0.4005420131674365,-0.34748806153175876,0.1776952685015187,0.18737726794283738
1,test,2007-11-30,esn_selected,-0.36651374430504,-0.3194416733114678,0.176094312752882,0.18458162737196376
1,test,2007-12-03,esn_selected,-0.36387282891377304,-0.2639035513163025,0.1772906786998331,0.19593048259732804
1,test,2007-12-04,esn_selected,-0.38240222193757406,-0.23572948581217212,0.1744112595995169,0.2019638674598246
1,test,2007-12-05,esn_selected,-0.3257491713326633,-0.36231198693905414,0.1862909115401451,0.17960260797967995
1,test,2007-12-06,esn_selected,-0.3068968647514178,-0.4005984406177105,0.1793554409300131,0.1633128954306732
1,test,2007-12-07,esn_selected,-0.2547712289892446,-0.39487293070757123,0.1884348500224632,0.16380072904041687
1,test,2007-12-10,esn_selected,-0.23182633682935835,-0.37168441686486764,0.1900887013032038,0.1652786326074921
1,test,2007-12-11,esn_selected,-0.44768072557527255,-0.12127301474519626,0.1641088261097094,0.2274516054410617
1,test,2007-12-12,esn_selected,-0.3714277865164375,-0.050302762787215356,0.1629203617837629,0.22461470837323
1,test,2007-12-13,esn_selected,-0.35696438434307753,-0.06527262098761136,0.1652309790398051,0.22119311230812644
1,test,2007-12-14,esn_selected,-0.2800726459674668,-0.08544565824989207,0.1774613273324405,0.21559026796596065
1,test,2007-12-17,esn_selected,-0.32987929375917846,-0.05912538120087442,0.172721754434976,0.2264300022669386
1,test,2007-12-18,esn_selected,-0.1887722778104769,-0.13005776819667508,0.1952681326571788,0.20707647364620396
1,test,2007-12-19,esn_selected,-0.16723970988969997,-0.207370215980971,0.1986748921502966,0.19085982820715408
1,test,2007-12-20,esn_selected,-0.11063751387629345,-0.2487415418354236,0.2007096994466715,0.17481976951888276
1,test,2007-12-21,esn_selected,-0.04621932085683565,-0.31429975274342525,0.2116633997857643,0.1618899598322577
1,test,2007-12-24,esn_selected,0.0163084967482126,-0.2653842260866728,0.2121372027797177,0.1600586843904551
1,test,2007-12-26,esn_selected,0.06306759200173832,-0.20610125687884587,0.2182025045016677,0.166709821037253
1,test,2007-12-27,esn_selected,0.22080180398804072,0.0421991479918093,0.221326101050154,0.18512560271467224
1,test,2007-12-28,esn_selected,0.22189309735849036,0.09944658679158838,0.2218415095218737,0.19627499179284194
1,test,2007-12-31,esn_selected,0.23086184372608923,0.13345930114582094,0.2218233985248882,0.2012361352126523
1,test,2008-01-02,esn_selected,0.2550228898946638,0.16949150658899706,0.2287920535667104,0.21003667213421623
1,test,2008-01-03,esn_selected,0.3011226797488798,0.13849680154992433,0.2356950364745956,0.20031935596279501
1,test,2008-01-04,esn_selected,0.18081358684349083,0.18364900451591723,0.2232122425768277,0.22384604063061003
1,test,2008-01-07,esn_selected,0.30407934491852473,0.21313163355153242,0.2430941666554193,0.22196088530054264
1,test,2008-01-08,esn_selected,0.23293996722985286,0.2998336397997068,0.237862384761668,0.25431813002262305
1,test,2008-01-09,esn_selected,0.21681241401659102,0.23256614124537586,0.2361112816256438,0.239860367855921
1,test,2008-01-10,esn_selected,0.36364015491569746,0.264508894021097,0.2360798125235477,0.21379950334879347
1,test,2008-01-11,esn_selected,0.36640582489170337,0.23162552752821983,0.2350192271111659,0.2053851569836096
1,test,2008-01-14,esn_selected,0.3546742802523529,0.18955715801729833,0.235572482687251,0.19971703225180942
1,test,2008-01-15,esn_selected,0.23665391568147773,0.24821744384705466,0.2248439546424742,0.227459034681089
1,test,2008-01-16,esn_selected,0.26413751424205684,0.30778000688267115,0.2249367964507172,0.23497096438933512
1,test,2008-01-17,esn_selected,0.04726369454736019,0.31779770021244436,0.2047188036252166,0.26831760001393407
1,test,2008-01-18,esn_selected,0.014917513148462319,0.3294590913923127,0.2016608435787426,0.2762010029940461
1,test,2008-01-22,esn_selected,-0.010264623310082132,0.19505979520855274,0.1986600275387072,0.2439392887971498
1,test,2008-01-23,esn_selected,-0.14917379863846317,-0.14633454889823605,0.1823309563840551,0.1828493751164672
1,test,2008-01-24,esn_selected,-0.157700678344961,-0.007674683321412664,0.1811875295762923,0.21051534849739512
1,test,2008-01-25,esn_selected,-0.19650819842690537,0.12035928025189079,0.1792739984197318,0.24611104378778248
1,test,2008-01-28,esn_selected,-0.2543549888657409,0.05773645393573658,0.1716199081921659,0.2344807835934512
1,test,2008-01-29,esn_selected,-0.261711337153851,-0.006062003350368184,0.170758771692394,0.2205007734270163
1,test,2008-01-30,esn_selected,-0.2526767146492686,0.017359303106540734,0.1722944356560529,0.225707715107542
1,test,2008-01-31,esn_selected,-0.24653887307131245,-0.11012336129068226,0.1788012144453822,0.2049344489321143
1,test,2008-02-01,esn_selected,-0.3279038112845407,-0.1796501683454808,0.1698023204859772,0.19693792601577675
1,test,2008-02-04,esn_selected,-0.3065392982840339,-0.10837776246574736,0.1642818878977399,0.20028579405003075
1,test,2008-02-05,esn_selected,-0.5886400242783705,-0.013809299512670436,0.1349371158095038,0.23976027880618142
1,test,2008-02-06,esn_selected,-0.45232399027647685,0.08328123382228386,0.1513156876097376,0.2585201201035154
1,test,2008-02-07,esn_selected,-0.4276943337210332,-0.000502045716383008,0.1539470777657219,0.23599277271904756
1,test,2008-02-08,esn_selected,-0.39299702710897527,-0.057285304232880946,0.1593611339407201,0.22293597715476954
1,test,2008-02-11,esn_selected,-0.15174391925919142,-0.10692181173016052,0.2019304657201146,0.21118732093143744
1,test,2008-02-12,esn_selected,-0.15361462763739211,-0.2027352315092674,0.2020275391582478,0.19234361168270653
1,test,2008-02-13,esn_selected,-0.12245585348880446,-0.2395100137987862,0.1989295562150768,0.17695520348328775
1,test,2008-02-14,esn_selected,-0.09715186026826682,-0.17896345323840412,0.2041117418016746,0.18807785601487703
1,test,2008-02-15,esn_selected,0.012389314742435422,-0.07391424110024862,0.2072709060727405,0.1901328630097755
1,test,2008-02-19,esn_selected,0.2246732645169648,-0.006960151276302184,0.2524619536243166,0.2002621268873905
1,test,2008-02-20,esn_selected,0.29751299029687,-0.002793634536748699,0.2674968925696081,0.19810581851387854
1,test,2008-02-21,esn_selected,0.40627041443215234,0.08395654232544583,0.2737167716919636,0.19829979856373087
1,test,2008-02-22,esn_selected,0.4414745388712167,0.053166046753749224,0.2817463248400672,0.19108122829478888
1,test,2008-02-25,esn_selected,0.43954970821785033,0.007508254860466724,0.278234716419351,0.18062509914679473
1,test,2008-02-26,esn_selected,0.49091386973259177,-0.051681327804242484,0.2803940864271015,0.16297566050896845
1,test,2008-02-27,esn_selected,0.4966611086955156,-0.034853455093013325,0.2805951764460677,0.16490975973440053
1,test,2008-02-28,esn_selected,0.4873891490625268,0.027436867979587276,0.2805056865227568,0.17708710257665036
1,test,2008-02-29,esn_selected,0.40897050534730517,0.1834268044098777,0.2691436253268619,0.21479873197310687
1,test,2008-03-03,esn_selected,0.5545559058654784,0.2015772570922843,0.2956542938677864,0.20772439911897045
1,test,2008-03-04,esn_selected,0.5865811458541674,0.18912933885612632,0.2953511321007024,0.1984849184838802
1,test,2008-03-05,esn_selected,0.7809319437750256,0.258246812672971,0.2946360320319141,0.17469745929178337
1,test,2008-03-06,esn_selected,0.6336656518393115,0.31668473863762453,0.2851553024459787,0.20769134088348098
1,test,2008-03-07,esn_selected,0.6080694633250396,0.3269194606350793,0.2827825862163427,0.21347684087151803
1,test,2008-03-10,esn_selected,0.5595190403423296,0.32540095725492063,0.2788550045406519,0.22064914629404903
1,test,2008-03-11,esn_selected,0.21527247939365057,0.048026158780494606,0.2504341191240112,0.2118650611086891
1,test,2008-03-12,esn_selected,0.20604505049676367,0.1503031885439152,0.2482531697126871,0.2347936889344359
1,test,2008-03-13,esn_selected,0.2588394413289395,0.1442355905817119,0.2576984787646168,0.22979471428247947
1,test,2008-03-14,esn_selected,0.21056767521339112,0.23041712196439457,0.2519511634821765,0.25700221917393234
1,test,2008-03-17,esn_selected,0.1854103578219945,0.18908344191950235,0.2494945373198697,0.2504126368334611
1,test,2008-03-18,esn_selected,-0.11761748997991196,-0.28025192042681407,0.2244477787278314,0.19075857784940745
1,test,2008-03-19,esn_selected,-0.2607515662650587,-0.031240682602812306,0.2060989479744897,0.2592692941013501
1,test,2008-03-20,esn_selected,-0.31892997388138916,-0.11566194880588351,0.1989719615242978,0.24382041324435266
1,test,2008-03-24,esn_selected,-0.4143632295911779,-0.21546697548465635,0.1861669551054412,0.22713399582442667
1,test,2008-03-25,esn_selected,-0.3984626385292752,-0.2391194208093965,0.1867932560457549,0.21905999461737224
1,test,2008-03-26,esn_selected,-0.43385191438750714,-0.2085947277348362,0.1816976697802982,0.22760264818147988
1,test,2008-03-27,esn_selected,-0.43287033800801433,-0.198418446135635,0.1820065434350399,0.2300955209633231
1,test,2008-03-28,esn_selected,-0.433981123835677,-0.2212182262258753,0.1817465026758969,0.22483701711380422
1,test,2008-03-31,esn_selected,-0.394953625205865,-0.2913461688856289,0.1813250967928403,0.20111944622412495
1,test,2008-04-01,esn_selected,-0.78930438118894,-0.4397801392823476,0.1342745338871727,0.1904540020512278
1,test,2008-04-02,esn_selected,-0.7763538918950433,-0.38188242187854904,0.1358852846988414,0.20159938890131146
1,test,2008-04-03,esn_selected,-0.6497722208144876,-0.3744667232045844,0.1538485357072536,0.2026082034103281
1,test,2008-04-04,esn_selected,-0.6153602619167184,-0.32527340277078076,0.1541110876586294,0.20597618389493974
1,test,2008-04-07,esn_selected,-0.6009551553114508,-0.28354737086582044,0.1550462098409093,0.21296567126262944
1,test,2008-04-08,esn_selected,-0.5681050645273099,-0.4113069666406419,0.1579987126514057,0.18482048139104812
1,test,2008-04-09,esn_selected,-0.3966766110064472,-0.31407934865056186,0.1684298390162545,0.18293237330756287
1,test,2008-04-10,esn_selected,-0.3868823828032053,-0.33881540001886906,0.1686063466788671,0.17690868067607815
1,test,2008-04-11,esn_selected,-0.5166111743962173,-0.20358002869924016,0.1537271134688514,0.21023168528177583
1,test,2008-04-14,esn_selected,-0.4647276491288346,-0.18780013480607452,0.158302478523953,0.20881216968016644
1,test,2008-04-15,esn_selected,-0.45629047654904653,-0.18881427282246263,0.158087162750273,0.20656657295150813
1,test,2008-04-16,esn_selected,-0.5722013988446871,-0.21153524984768515,0.126651810268802,0.1816547338882663
1,test,2008-04-17,esn_selected,-0.4304369773594586,-0.07648421075950707,0.1340106676461463,0.19092337559932343
1,test,2008-04-18,esn_selected,-0.4342256599273762,-0.03702533254984182,0.1288872843924445,0.1917396736081937
1,test,2008-04-21,esn_selected,-0.3649831881533037,0.0724769298139084,0.1292386494604465,0.20016075306199135
1,test,2008-04-22,esn_selected,-0.3509850805923197,0.13987375659174683,0.1315013794940606,0.21483626485833154
1,test,2008-04-23,esn_selected,-0.22793977780633023,0.08801337448241663,0.144662634506539,0.19841435087178858
1,test,2008-04-24,esn_selected,-0.2353524036851915,0.07847872480237085,0.1438383695773432,0.19686562003390695
1,test,2008-04-25,esn_selected,-0.20515168350503724,0.024065207244854808,0.1480368442215797,0.1861733224550314
1,test,2008-04-28,esn_selected,-0.1874121848080932,-0.0034599752364865826,0.1503369863898092,0.18069880055772058
1,test,2008-04-29,esn_selected,0.1145580447934301,0.1840476724569688,0.1505724719150374,0.16140780889467618
1,test,2008-04-30,esn_selected,0.0998912699974444,0.28765069998931686,0.15016013704386,0.1811746956129578
1,test,2008-05-01,esn_selected,-0.1554596705463891,0.08183690245187628,0.1316976695578037,0.16696855253480491
1,test,2008-05-02,esn_selected,-0.12202702936604418,0.15016015077265296,0.1364074907513733,0.17908021636448712
1,test,2008-05-05,esn_selected,-0.12436678104525,0.17335075059958535,0.1369144693359993,0.18439384851323803
1,test,2008-05-06,esn_selected,-0.16879059872080887,0.1483492747870687,0.1334592631722555,0.18326554378459092
1,test,2008-05-07,esn_selected,-0.20887954406673637,0.2615088034552828,0.1366796317990364,0.2187715601080517
1,test,2008-05-08,esn_selected,0.05659138581914645,0.23478023505134032,0.1784231674474388,0.21322478189547395
1,test,2008-05-09,esn_selected,0.14944449526994863,0.27599153091829093,0.1785062358582058,0.20258723239291904
1,test,2008-05-12,esn_selected,0.0999789926441623,0.12346324795704845,0.1749476202984518,0.179104757458249
1,test,2008-05-13,esn_selected,0.14462719734340038,0.15820515277464928,0.1826868968335944,0.18518432801236145
1,test,2008-05-14,esn_selected,0.3682519248085487,0.2695197343826698,0.1830379657851303,0.16582970763843916
1,test,2008-05-15,esn_selected,0.31243501668078627,0.17443843321325705,0.1831589623967311,0.1595500776324001
1,test,2008-05-16,esn_selected,0.3513247291004353,0.2542476952618408,0.1831422159026943,0.16619901457784045
1,test,2008-05-19,esn_selected,0.3516239537853613,0.2770258005635286,0.1836964459186011,0.1704916789308447
1,test,2008-05-20,esn_selected,0.3397332018734965,0.31574753171045755,0.184703261217629,0.1803257384923716
1,test,2008-05-21,esn_selected,0.18782364878438096,0.3821075762591526,0.1745529304053588,0.21198424359151222
1,test,2008-05-22,esn_selected,0.24604128662045166,0.3570705095930347,0.1839624245414149,0.20556468335850703
1,test,2008-05-23,esn_selected,0.1823616998999889,0.37903381505698375,0.1776513443995131,0.21626294499781173
1,test,2008-05-27,esn_selected,0.15673975919435057,0.31267786957543897,0.1758478459428696,0.20552284997045644
1,test,2008-05-28,esn_selected,0.15538348197194607,0.29043250696925466,0.1758845811898993,0.20131624225837713
1,test,2008-05-29,esn_selected,0.28876773862073407,0.2075686071357906,0.2004309991350794,0.18479939992918465
1,test,2008-05-30,esn_selected,0.4236685908413043,0.2494366861811193,0.2011754684004352,0.1690079237117955
1,test,2008-06-02,esn_selected,0.373450606513123,0.2802073000166094,0.1981644552349003,0.1805222360232614
1,test,2008-06-03,esn_selected,0.36580026598364074,0.32029606808510597,0.1973851083963646,0.18860454858409645
1,test,2008-06-04,esn_selected,0.43744183859045427,0.3310704107720188,0.2066937284863795,0.18583639637561672
1,test,2008-06-05,esn_selected,0.35234324916212967,0.13365359707193214,0.1944126540028225,0.15622438363261248
1,test,2008-06-06,esn_selected,-0.1034204790430345,0.1696525251105154,0.1608926858206603,0.2114123727082363
1,test,2008-06-09,esn_selected,-0.034902419213014874,0.21803795338927434,0.1723834086684236,0.22199647176124662
1,test,2008-06-10,esn_selected,0.05499096119779657,0.24078092140854976,0.1848375955681245,0.22257575998120954
1,test,2008-06-11,esn_selected,-0.027216842335604872,0.25088994408021453,0.1777817899136178,0.2347834700427089
1,test,2008-06-12,esn_selected,-0.005215709329785027,0.1981596860588993,0.1820857782844736,0.22315202835663353
1,test,2008-06-13,esn_selected,-0.020403756426931416,-0.023344910081263624,0.1794596993088847,0.17893265619577314
1,test,2008-06-16,esn_selected,0.017573885204409934,-0.10815240560927665,0.1863891835331663,0.1643684544821994
1,test,2008-06-17,esn_selected,0.10768287168465457,-0.11456867048100543,0.2045817224656116,0.1638114341189665
1,test,2008-06-18,esn_selected,0.10272070773231161,-0.047213894597308896,0.2046848034212771,0.17618536469334262
1,test,2008-06-19,esn_selected,0.16477116408193884,0.012303943055641458,0.2058194207055281,0.17671388660059079
1,test,2008-06-20,esn_selected,0.07082196514782117,0.06377317158893005,0.1974634467477082,0.19607646170452378
1,test,2008-06-23,esn_selected,0.12572719159276458,0.024835902408707505,0.2014517868856105,0.18211872189853842
1,test,2008-06-24,esn_selected,0.13983202335465097,0.033382818838328734,0.202239195458588,0.1818172257368384
1,test,2008-06-25,esn_selected,0.2001321827982941,-0.0700646423019177,0.2148543107502939,0.16398309593079205
1,test,2008-06-26,esn_selected,-0.04644168729329029,0.03114140107704961,0.1913354855787313,0.20677090569907627
1,test,2008-06-27,esn_selected,-0.01875969532907659,0.033285502164934304,0.1974366570347687,0.20798438536393443
1,test,2008-06-30,esn_selected,0.06195172685110737,0.0067285661658764255,0.2108293407916676,0.19950231377104452
1,test,2008-07-01,esn_selected,0.10698252881824709,-0.05762972733374304,0.2196728104813039,0.18633142782600973
1,test,2008-07-02,esn_selected,0.044781690942563304,0.04533941341055833,0.2161602035835137,0.2162807946107754
1,test,2008-07-03,esn_selected,0.10966202519965719,0.017952062143803963,0.2169452478643319,0.1979342776749796
1,test,2008-07-07,esn_selected,0.2964169644679908,0.2083908729128115,0.216405629187019,0.1981706380645746
1,test,2008-07-08,esn_selected,0.27830696425391793,0.017743842187223653,0.2276997967460907,0.175469450821963
1,test,2008-07-09,esn_selected,0.1629924001022045,0.1480762782279946,0.2175589781851993,0.21433792448750338
1,test,2008-07-10,esn_selected,0.22892315696230692,0.12868554618208278,0.2235153419710295,0.20219699502638336
1,test,2008-07-11,esn_selected,0.22979806695652882,0.15972392539562486,0.2291268893948758,0.21362065688996498
1,test,2008-07-14,esn_selected,0.24715668228349602,0.1950367629668622,0.2297765577361792,0.21810736232857886
1,test,2008-07-15,esn_selected,0.19815392389807854,0.2019812394380412,0.2272363797596394,0.22810775153081952
1,test,2008-07-16,esn_selected,0.03275451708620651,-0.15452098154705618,0.2113936496741599,0.17529083959429642
1,test,2008-07-17,esn_selected,0.026210649062196188,-0.11652033092916776,0.2101206523383393,0.18217193167640183
1,test,2008-07-18,esn_selected,0.018533088704000986,-0.15191748901434501,0.2096694566162461,0.17681105858784052
1,test,2008-07-21,esn_selected,0.08639257150418776,-0.13170396528666684,0.2152814106351965,0.17309654841773534
1,test,2008-07-22,esn_selected,0.06543952577088442,-0.1892389926477288,0.215075602852021,0.16671922150360635
1,test,2008-07-23,esn_selected,0.06049469218056416,-0.21811124498967366,0.2148512278193462,0.1626075920843163
1,test,2008-07-24,esn_selected,-0.0635006459681238,-0.06437104120512532,0.201635079809457,0.20145965395236867
1,test,2008-07-25,esn_selected,0.08345050222585598,-0.0028852655350780597,0.2079876823514044,0.19078422754188495
1,test,2008-07-28,esn_selected,0.08062046488014456,0.05523895017597735,0.2140133238155022,0.20864969790884128
1,test,2008-07-29,esn_selected,-0.04919064317084538,-0.11171422181153082,0.2007094523545795,0.1885446356934014
1,test,2008-07-30,esn_selected,-0.12560348265618654,-0.17041454335666933,0.193743618631243,0.18525340987581057
1,test,2008-07-31,esn_selected,-0.1148763991126902,-0.11398839849192582,0.192701703764015,0.19287289899606636
1,test,2008-08-01,esn_selected,-0.10364975383809524,-0.08505126640660125,0.1955850364439501,0.19925665977111795
1,test,2008-08-04,esn_selected,-0.10912679722624029,-0.03406395369618508,0.1940329058157356,0.2091581377515815
1,test,2008-08-05,esn_selected,-0.2950228532880575,-0.2149032223875251,0.169525816870436,0.1836670959986409
1,test,2008-08-06,esn_selected,-0.08084636468252686,-0.19167035836001928,0.2006623436543214,0.17961211687346526
1,test,2008-08-07,esn_selected,-0.14272799260676458,-0.12669117305027125,0.1937855360442083,0.19691829230202734
1,test,2008-08-08,esn_selected,-0.15443600125006576,-0.14358834091226463,0.1963384490659887,0.19847985549897937
1,test,2008-08-11,esn_selected,-0.040861487253149295,-0.14942927628488742,0.2205767840746995,0.19788342057826017
1,test,2008-08-12,esn_selected,-0.04193603982982454,-0.11325364308849144,0.2179040343316263,0.2029048506442332
1,test,2008-08-13,esn_selected,0.052364494795589155,-0.012296666072259812,0.2227581220686679,0.2088101294510521
1,test,2008-08-14,esn_selected,0.053911028737093414,-0.05778700085921555,0.2217593820478788,0.19832258057522748
1,test,2008-08-15,esn_selected,0.291998024944897,-0.1551993757482492,0.2807684475279035,0.1795283077417832
1,test,2008-08-18,esn_selected,0.2724055070547941,-0.07851814645190772,0.2826901908513125,0.1990244959759961
1,test,2008-08-19,esn_selected,0.410184553984541,-0.03409084452300824,0.3241395592487155,0.20786706461740137
1,test,2008-08-20,esn_selected,0.45886166867382344,-0.06381195226125198,0.3399530410977694,0.20156942696108243
1,test,2008-08-21,esn_selected,0.5987245894374773,-0.08307367195373086,0.3669347786783661,0.18556140584756442
1,test,2008-08-22,esn_selected,0.5823604162612032,-0.16596043404281502,0.3723518627182723,0.17618215377118937
1,test,2008-08-25,esn_selected,0.558758593004801,0.0014948902950751262,0.3742024147460773,0.21433348950295747
1,test,2008-08-26,esn_selected,0.6230186363854664,0.041334728903716055,0.3742323974576735,0.20917957227011258
1,test,2008-08-27,esn_selected,0.6649112628540185,0.04026231563821226,0.3766992013027712,0.20170334870611828
1,test,2008-08-28,esn_selected,0.6638206351588491,-0.006276103219098982,0.3742649810694364,0.19149607526257512
1,test,2008-08-29,esn_selected,0.880354991090971,0.04225628602338889,0.4717033277030371,0.20402683716049622
1,test,2008-09-02,esn_selected,0.9318460712117391,0.10589683422060729,0.4926868765922512,0.21570777463942678
1,test,2008-09-03,esn_selected,1.066858844688272,0.1805861081285266,0.4926820671699876,0.20307824238910213
1,test,2008-09-04,esn_selected,0.9092976093136427,0.18849857339757475,0.4981599561156968,0.24228680924003532
1,test,2008-09-05,esn_selected,0.9485895288535899,0.17363699327058316,0.5003668813801566,0.23053185593896455
1,test,2008-09-08,esn_selected,0.9905993593281807,0.1749043452811281,0.5287095944556861,0.23386506325857093
1,test,2008-09-09,esn_selected,0.9003465037144948,0.24707049174931342,0.5427193660584032,0.2823976977423359
1,test,2008-09-10,esn_selected,0.9259296703336316,0.21275545315892092,0.5500363828715082,0.2695651781521495
1,test,2008-09-11,esn_selected,0.999086195984976,0.060119670670588085,0.6049662820815963,0.2365610227747186
1,test,2008-09-12,esn_selected,1.013492682966551,-0.020804633275008713,0.6109930671518516,0.21719342069511155
1,test,2008-09-15,esn_selected,0.9934989424414367,0.016295681484234586,0.7582622044028217,0.2853812429656709
1,test,2008-09-16,esn_selected,0.9860943080389618,-0.08488760932297722,0.7578199875923373,0.25968359735198454
1,test,2008-09-17,esn_selected,0.9359187879214418,0.00818368686121694,0.826411595786619,0.32680309982659006
1,test,2008-09-18,esn_selected,0.8957089471792207,-0.17551453580159043,0.8325692826818196,0.2852291686991389
1,test,2008-09-19,esn_selected,0.805689171378439,-0.2716225775745294,0.821287547643077,0.2796563533416514
1,test,2008-09-22,esn_selected,0.8172306099373494,-0.14888236954961284,0.8430867716567829,0.3208446036687302
1,test,2008-09-23,esn_selected,0.8157094837003324,-0.07029989910027837,0.8459889944599045,0.3487993985903254
1,test,2008-09-24,esn_selected,0.8424063617517606,-0.24589144438733265,0.8689480566418832,0.29265239619517464
1,test,2008-09-25,esn_selected,0.8349329590849004,-0.38631522276628233,0.8681634067208648,0.2559883080308226
1,test,2008-09-26,esn_selected,0.8635584565844288,-0.49983560263451116,0.8876011695044991,0.2270405076688152
1,test,2008-09-29,esn_selected,0.5874278310005862,-0.10980533900879139,0.8487613708607461,0.4226502081906043
1,test,2008-09-30,esn_selected,0.6287172050154998,-0.28523710744756453,0.923888172157604,0.3704197144271417
1,test,2008-10-01,esn_selected,0.629115239967842,-0.4943587855019526,0.9242469629024572,0.30051728896948615
1,test,2008-10-02,esn_selected,0.6165174419633921,-0.3328072499633142,0.9228241205863932,0.3571350396238145
1,test,2008-10-03,esn_selected,0.6109518585268289,-0.17670233922376427,0.92176789458834,0.41932205521902904
1,test,2008-10-06,esn_selected,0.5352332046689977,-0.2080136890481721,0.9029548164439596,0.42941577466056435
1,test,2008-10-07,esn_selected,0.5014283816261645,-0.1713391053028858,0.8960719819149321,0.4572605042993404
1,test,2008-10-08,esn_selected,0.49730735974405865,-0.26369817249051636,0.904418129833288,0.4225409031174771
1,test,2008-10-09,esn_selected,0.3865366123344986,-0.13903299115198658,0.8904343137872658,0.5264412467499059
1,test,2008-10-10,esn_selected,0.3802058523100771,-0.4135177281661174,0.8936296831493754,0.4040618192567936
1,test,2008-10-13,esn_selected,-0.005064201869788451,-0.7939440983734202,0.7544319183862993,0.34277873226069766
1,test,2008-10-14,esn_selected,0.0038754395857563345,-0.19520482178987314,0.7607625713911033,0.6234328446494407
1,test,2008-10-15,esn_selected,-0.18797725469433868,-0.20323857992636027,0.6847923781312399,0.6744208816224867
1,test,2008-10-16,esn_selected,-0.1693380053942816,-0.3010774563990614,0.7028745563635604,0.6161182962316165
1,test,2008-10-17,esn_selected,-0.1237696286269006,-0.3294775648858825,0.7256760188821348,0.5907516587775975
1,test,2008-10-20,esn_selected,-0.19012217931360864,-0.5235222151816897,0.6971131285214589,0.49947006656705184
1,test,2008-10-21,esn_selected,-0.20100919265333517,-0.630530066272704,0.6919385547460057,0.45032803521272446
1,test,2008-10-22,esn_selected,-0.21159795689442637,-0.4052222354567079,0.703230974180054,0.5794394173272176
1,test,2008-10-23,esn_selected,-0.14159516338455455,-0.6258312308954301,0.7535420254357407,0.46430827743396685
1,test,2008-10-24,esn_selected,-0.16316874827349606,-0.6319073768408091,0.7539708904158497,0.4718282922627337
1,test,2008-10-27,esn_selected,-0.08434896831669221,-0.5470175899572038,0.7801054537427683,0.49115535645710906
1,test,2008-10-28,esn_selected,-0.314177958130317,-0.7207461153132935,0.6747977932131861,0.4493692456665728
1,test,2008-10-29,esn_selected,-0.2957693419845684,-0.6803408958883699,0.6876018539818518,0.4680796229289286
1,test,2008-10-30,esn_selected,-0.30773609939996277,-0.6556634661963504,0.6783765824141477,0.479035735129306
1,test,2008-10-31,esn_selected,-0.20117276711554555,-0.7433015419838498,0.7537951777219969,0.4383387041372123
1,test,2008-11-03,esn_selected,-0.1650752012470178,-0.7872224285764711,0.7655521312990222,0.4109411785735518
1,test,2008-11-04,esn_selected,-0.163396474042556,-1.068857251265513,0.7609930861960921,0.30771175839959586
1,test,2008-11-05,esn_selected,-0.18696643847036074,-0.697113432620096,0.7501891299358482,0.4504190419689949
1,test,2008-11-06,esn_selected,-0.19814209393928925,-0.5911585551888288,0.7303816770470649,0.49302051291645066
1,test,2008-11-07,esn_selected,-0.20027949303281403,-0.8432222624405078,0.7314376431612417,0.38454822444064246
1,test,2008-11-10,esn_selected,-0.029750559685898133,-0.684048696880457,0.7323177323489136,0.3806637133244428
1,test,2008-11-11,esn_selected,-0.049242436704492736,-0.6504039224238755,0.724208168733137,0.39699250094964844
1,test,2008-11-12,esn_selected,0.0384758383659311,-0.37116082155425456,0.711653782820875,0.47246084375778985
1,test,2008-11-13,esn_selected,-0.03336052113354606,-0.7221923028021014,0.6798131046598581,0.3413765542300358
1,test,2008-11-14,esn_selected,-0.09947488881185106,-0.3895395254102521,0.6569637036866269,0.4915502315284301
1,test,2008-11-17,esn_selected,-0.03182228443641399,-0.531606888995579,0.6752786502897975,0.409665435814698
1,test,2008-11-18,esn_selected,-0.02788664340321139,-0.5038646549996986,0.6729092755585246,0.41806315221032647
1,test,2008-11-19,esn_selected,-0.10354316684522266,-0.22003833821333305,0.634059136944171,0.564334440100064
1,test,2008-11-20,esn_selected,-0.2754662215300173,-0.19084664389169248,0.5721027274040636,0.6226210991815847
1,test,2008-11-21,esn_selected,-0.32863465375037815,-0.4902000548684402,0.5427881555146016,0.461810071320527
1,test,2008-11-24,esn_selected,-0.46643228625296407,-0.5320854745146824,0.4893102867126243,0.4582173492088235
1,test,2008-11-25,esn_selected,-0.3219694648937605,-0.5889276844228428,0.4890396722305687,0.37446015269989325
1,test,2008-11-26,esn_selected,-0.37919993739740704,-0.330372386133929,0.4706007323120889,0.49414924338657323
1,test,2008-11-28,esn_selected,-0.3699274640570376,-0.6529301838482962,0.4686119845533131,0.3531074428092913
1,test,2008-12-01,esn_selected,-0.785392627967325,-0.18794083369267056,0.3436858644934255,0.6246427272117815
1,test,2008-12-02,esn_selected,-0.8708956859131336,-0.541841010005025,0.3204421073797554,0.44530360312602496
1,test,2008-12-03,esn_selected,-0.8458151588689115,-0.4861415523784391,0.3266238208710089,0.46800675065294717
1,test,2008-12-04,esn_selected,-0.8648735610606482,-0.48617146791592547,0.3159082385011613,0.46134857260714585
1,test,2008-12-05,esn_selected,-0.8968501558937446,-0.37099408663556216,0.2978878540196046,0.5039984315894654
1,test,2008-12-08,esn_selected,-0.9165743673446571,-0.6092015197008341,0.2924920843680568,0.3977447436659048
1,test,2008-12-09,esn_selected,-0.9372613761092334,-0.7145056312956203,0.286848185166919,0.3584212064291811
1,test,2008-12-10,esn_selected,-0.8947001973438038,-0.8049922390495516,0.2960056907330564,0.3237872414432322
1,test,2008-12-11,esn_selected,-0.8774330072825045,-0.6961719198684987,0.2959405311267377,0.3547522339236607
1,test,2008-12-12,esn_selected,-0.8416470599954186,-0.7061745613305155,0.2929994858710406,0.3355071786234665
1,test,2008-12-15,esn_selected,-0.7503361780569774,-0.6568584737703964,0.3102233721639202,0.34062095756836236
1,test,2008-12-16,esn_selected,-0.939941506567671,-0.6704548876284244,0.2637980674296518,0.34538872894979916
1,test,2008-12-17,esn_selected,-0.9395201634152449,-0.6809066096910967,0.2629832524195817,0.3405983435411369
1,test,2008-12-18,esn_selected,-0.6870856412191244,-0.5701514054693482,0.3189570916505782,0.35852228523741303
1,test,2008-12-19,esn_selected,-0.4851875949995107,-0.4304520473346593,0.3521759728751693,0.37198983226696886
1,test,2008-12-22,esn_selected,-0.42870745859647486,-0.2602467293146392,0.3535453084191137,0.4184144202251784
1,test,2008-12-23,esn_selected,-0.3294985642928595,-0.2372996364173111,0.3519532157999603,0.3859458925819058
1,test,2008-12-24,esn_selected,-0.32827206920954366,-0.2673859727278061,0.352190261881509,0.3743000104249083
1,test,2008-12-26,esn_selected,-0.2863447479486436,-0.2840743908008261,0.3534228744075735,0.35422618210932266
1,test,2008-12-29,esn_selected,-0.22954334816580038,-0.2318013596828516,0.3724980313398645,0.3716578753928917
1,test,2008-12-30,esn_selected,0.10455785130867595,0.06575215742938773,0.3815667897625884,0.3670434424999272
1,test,2008-12-31,esn_selected,0.18407943129934745,0.1739636619708809,0.3852070797404844,0.3813300563760246
1,test,2009-01-02,esn_selected,0.12647229900750803,0.16656659177827185,0.3706585961032953,0.3858218388664009
1,test,2009-01-05,esn_selected,0.16860986117944965,0.2284792844943844,0.3739273952071564,0.3969979319269316
1,test,2009-01-06,esn_selected,0.22643354385207198,0.2337988999066398,0.3735868959782094,0.37634865466736356
1,test,2009-01-07,esn_selected,0.2117451275017438,0.24377286191216407,0.361471330651101,0.37323582789528603
1,test,2009-01-08,esn_selected,0.26713637958702324,0.22343924240211924,0.3746864278805272,0.3586662702001526
1,test,2009-01-09,esn_selected,0.214263602096164,0.21653090559163052,0.36673601413141,0.36756845932450144
1,test,2009-01-12,esn_selected,0.28463130390149954,0.2717717204955218,0.3933854144658502,0.38835902979141884
1,test,2009-01-13,esn_selected,0.2958871029081148,0.2526600530948553,0.3938845937852996,0.37722088110434243
1,test,2009-01-14,esn_selected,0.1954875056199104,0.23825932756575227,0.3772017155969751,0.39368532431365616
1,test,2009-01-15,esn_selected,0.3627445362040695,0.34041665313774444,0.3791486901987704,0.3707769124156464
1,test,2009-01-16,esn_selected,0.44098908629343164,0.3340302112843473,0.4087400737163533,0.36727855383070485
1,test,2009-01-20,esn_selected,0.12291998415753287,0.26553432526760723,0.3606747450501304,0.41596075217321377
1,test,2009-01-21,esn_selected,-0.06445000798701686,0.10620793727598273,0.3301941998059629,0.3916383787740106
1,test,2009-01-22,esn_selected,-0.07691658695186025,0.07446101777672434,0.3273713197562408,0.38087554408457625
1,test,2009-01-23,esn_selected,-0.0008457821467181353,0.10737611142924074,0.3516556659024898,0.3918481406902635
1,test,2009-01-26,esn_selected,0.06237522330397582,0.005580471645228001,0.374857805820963,0.35416114376218066
1,test,2009-01-27,esn_selected,0.057081211275736565,-0.04584616701920741,0.3741835662091406,0.3375856032627071
1,test,2009-01-28,esn_selected,-0.0346671934612842,-0.2204203509274164,0.3598058424202077,0.2988110404533877
1,test,2009-01-29,esn_selected,-0.08781001597171784,-0.08588857211157108,0.3494903291952385,0.3501625008056565
1,test,2009-01-30,esn_selected,-0.016439905001979806,0.0007355778111066925,0.3789260829024914,0.38549053375948533
1,test,2009-02-02,esn_selected,0.024145612975151155,-0.036410895243733594,0.3797172989717516,0.35740533060131635
1,test,2009-02-03,esn_selected,0.030581748515162554,-0.05560973555042466,0.385539401508349,0.35370099614254663
1,test,2009-02-04,esn_selected,0.09936955173592302,-0.0662391965690661,0.4126171570212197,0.3496425805112491
1,test,2009-02-05,esn_selected,0.1243114552231233,-0.18282099444076713,0.4093187478193777,0.3010757027793019
1,test,2009-02-06,esn_selected,0.06338024089200074,-0.10349361141446789,0.399202866387127,0.3378479264301472
1,test,2009-02-09,esn_selected,0.20232402098876012,-0.09065760333504157,0.4489745940230221,0.33495114264891007
1,test,2009-02-10,esn_selected,0.059775005413164856,0.0994638017247677,0.4176170378136397,0.43452506559606446
1,test,2009-02-11,esn_selected,0.1085359143388932,-0.053682053175995136,0.4390414692316965,0.37329758032232296
1,test,2009-02-12,esn_selected,0.15377395873531785,-0.06120932141411102,0.4399029162703427,0.35480586387832075
1,test,2009-02-13,esn_selected,0.1451026357241801,-0.18064069625360324,0.4383558775492491,0.31648876847848256
1,test,2009-02-17,esn_selected,0.03591744585447145,0.03388512467280568,0.4236878084843929,0.42282761316945017
1,test,2009-02-18,esn_selected,0.1777323485122352,-0.06340861539121823,0.4308279909300009,0.3385148473483539
1,test,2009-02-19,esn_selected,0.26733718598260625,-0.07728768099368762,0.4313924150450369,0.3056355211411639
1,test,2009-02-20,esn_selected,0.2882093663259426,-0.00787311175577463,0.4367253148889254,0.3248040083961985
1,test,2009-02-23,esn_selected,0.3202303463640182,0.09491998343660654,0.4843863447840198,0.38667032569642035
1,test,2009-02-24,esn_selected,0.22906239452418448,-0.1792479221407791,0.4713538868936899,0.31334312855203217
1,test,2009-02-25,esn_selected,0.23222214498425717,-0.17715222356029725,0.471995117252342,0.3134357115391521
1,test,2009-02-26,esn_selected,0.2752745235862125,0.031249102893717094,0.4738254869618402,0.37122697286651113
1,test,2009-02-27,esn_selected,0.2993125790288541,-0.03233603128142931,0.4714384109624593,0.3383699622006143
1,test,2009-03-02,esn_selected,0.19263486671291707,0.06361274338556926,0.4594251439255209,0.40381380682370716
1,test,2009-03-03,esn_selected,0.19139183036818808,-0.1490806112838811,0.4598125268777041,0.3271263260508896
1,test,2009-03-04,esn_selected,0.1707743813472119,-0.16400791572197643,0.4573357381589746,0.3272209009507525
1,test,2009-03-05,esn_selected,0.07474626315470725,-0.015016773502986256,0.4446406579036986,0.40646726992952903
1,test,2009-03-06,esn_selected,0.08578917902850314,-0.05388528571821546,0.4459841289484655,0.38784621242508494
1,test,2009-03-09,esn_selected,0.1083404788201393,-0.2119333645895111,0.4448825005355175,0.32296254609936814
1,test,2009-03-10,esn_selected,-0.1071378120159948,-0.28357818060385304,0.4033596076188789,0.3381156923817208
1,test,2009-03-11,esn_selected,-0.03192642137316896,-0.42794233955586236,0.4044946109740607,0.2722232483222416
1,test,2009-03-12,esn_selected,-0.0808908997554977,-0.3175164259078824,0.4049254482636548,0.31960231127763483
1,test,2009-03-13,esn_selected,-0.08518308910374287,-0.41063556616436725,0.4039822610167548,0.291756191116073
1,test,2009-03-16,esn_selected,-0.07046284947296785,-0.3463892842131714,0.4085311789390108,0.31002154717484226
1,test,2009-03-17,esn_selected,-0.06737140764737534,-0.4352932436329093,0.3960836695336401,0.2741577415027492
1,test,2009-03-18,esn_selected,-0.09537948724543072,-0.4124244200915468,0.3916346657991951,0.28522675553707977
1,test,2009-03-19,esn_selected,-0.10125364062564883,-0.43706637095729844,0.3898509595130253,0.2786486810528655
1,test,2009-03-20,esn_selected,-0.059736545523976906,-0.35024819835879467,0.4114007835826245,0.3076787530416767
1,test,2009-03-23,esn_selected,-0.3638128751678971,-0.42524406161071177,0.336658797171211,0.3165998772432173
1,test,2009-03-24,esn_selected,-0.35686931085302853,-0.43422696896239676,0.3298835961372678,0.30532665245054613
1,test,2009-03-25,esn_selected,-0.3590751193833752,-0.2638147636112174,0.3296045232336817,0.36254691155805946
2,val,2007-02-26,esn_selected,1.1532370211289866,0.12983489879845114,0.2014861374932141,0.07240812089286043
2,val,2007-02-27,esn_selected,-0.07550509009469081,-0.0525396786137429,0.143762291910374,0.14710205483028432
2,val,2007-02-28,esn_selected,-0.1109650491301982,-0.19353612962943034,0.1415265804500758,0.13031003120791837
2,val,2007-03-01,esn_selected,-0.10426928301179729,-0.21798143279763932,0.1411794321109143,0.1260047367786569
2,val,2007-03-02,esn_selected,-0.19668218204185609,-0.09178961156160725,0.1332025063548752,0.14793354385107355
2,val,2007-03-05,esn_selected,-0.25080658466625805,-0.049458584932264286,0.1288645954886926,0.1576078846150384
2,val,2007-03-06,esn_selected,-0.38334149644694504,-0.28952178623744695,0.1200982194426596,0.13191128503411148
2,val,2007-03-07,esn_selected,-0.3834271290324311,-0.36551765607554093,0.1201105385070099,0.12228103314064893
2,val,2007-03-08,esn_selected,-0.42520014575173737,-0.43744430600884343,0.1167290369698798,0.11530850230868893
2,val,2007-03-09,esn_selected,-0.42402755655579927,-0.4347502997368561,0.1168282481992286,0.11558222124968728
2,val,2007-03-12,esn_selected,-0.41369579792207267,-0.4186861770798149,0.116783101067528,0.11620176087444423
2,val,2007-03-13,esn_selected,-0.6920070949487831,-0.2512199047394959,0.0948469472662209,0.14738551445490003
2,val,2007-03-14,esn_selected,-0.7147428468798424,-0.3270745325700573,0.0924629613295226,0.13624795994904748
2,val,2007-03-15,esn_selected,-0.6937494179988571,-0.37182065392296315,0.0937392883526811,0.12934020290987283
2,val,2007-03-16,esn_selected,-0.6396086508915058,-0.3549073814742652,0.0990632522643317,0.13169120517621616
2,val,2007-03-19,esn_selected,-0.7609408117668303,-0.41916768377868935,0.0899629942683311,0.12661760232746044
2,val,2007-03-20,esn_selected,-0.7879579848578777,-0.45913957769032526,0.0879435185306706,0.12218217647051964
2,val,2007-03-21,esn_selected,-1.115445887274485,-0.5235575226986847,0.0661658831843283,0.1195880996033798
2,val,2007-03-22,esn_selected,-1.0029006883651512,-0.4860732130360612,0.0740479953331071,0.12415626128086071
2,val,2007-03-23,esn_selected,-0.9871404941556807,-0.45143879238949775,0.075070779631936,0.12826944605243049
2,val,2007-03-26,esn_selected,-0.9890738664332844,-0.40710101124316805,0.0749369217274835,0.1341045300991762
2,val,2007-03-27,esn_selected,-0.5709878432384917,-0.18681403623615292,0.0812209599827722,0.1192649094428118
2,val,2007-03-28,esn_selected,-0.607713989885816,-0.10324992906219703,0.0770745825234534,0.12764303999641916
2,val,2007-03-29,esn_selected,-0.6057585706523881,-0.09833047645057923,0.0770360180108458,0.12795788330065502
2,val,2007-03-30,esn_selected,-0.4789679519736401,-0.09238263120345344,0.0825086075991785,0.12144821321106977
2,val,2007-04-02,esn_selected,-0.44099626966765293,-0.0764241840249011,0.0829108501573485,0.11938314438600041
2,val,2007-04-03,esn_selected,-0.45040668544845003,-0.11055260425789191,0.076546868847586,0.10752864735557861
2,val,2007-04-04,esn_selected,-0.421340055836993,-0.10787800464588367,0.0788125633213615,0.10782768766059228
2,val,2007-04-05,esn_selected,-0.3857446160025027,-0.10757305678370911,0.0793692258653033,0.10482394921061089
2,val,2007-04-09,esn_selected,-0.38847772939810876,-0.09437159885060228,0.0792198709175951,0.10630722949358955
2,val,2007-04-10,esn_selected,-0.38771401599001204,-0.10169033843547991,0.0792497581720177,0.10549125292866492
2,val,2007-04-11,esn_selected,-0.1891096674653557,0.0384784865659169,0.0785044132960375,0.09856763847774817
2,val,2007-04-12,esn_selected,-0.07855575552384804,0.045093911677211086,0.0854774322446398,0.09672791701473507
2,val,2007-04-13,esn_selected,-0.04941178560678249,0.026268395926621915,0.0892200343893492,0.09623429554416685
2,val,2007-04-16,esn_selected,-0.17646452299266757,-0.017412391815520983,0.0830376429819181,0.09735325487812001
2,val,2007-04-17,esn_selected,-0.0865248827183604,0.0270391599453751,0.0825062071143445,0.09242870318357864
2,val,2007-04-18,esn_selected,-0.023842993507863782,0.06564437810450288,0.0858714817290892,0.0939102136288954
2,val,2007-04-19,esn_selected,0.26396492823622403,0.15960740494115938,0.0861534405213644,0.0776159056022698
2,val,2007-04-20,esn_selected,0.14039181081449736,0.13824540581383055,0.0852088480981566,0.08502615154104064
2,val,2007-04-23,esn_selected,0.11439668438981679,0.19729414923073965,0.0841691177428278,0.09144388872181276
2,val,2007-04-24,esn_selected,0.11658540147948429,0.2141177213788303,0.0842031319832003,0.09282949630524058
2,val,2007-04-25,esn_selected,-0.044266061135771965,0.17294679058119747,0.0777040423090017,0.09655570853608245
2,val,2007-04-26,esn_selected,0.08657568117439765,0.1655304476869573,0.0840447368344269,0.09094946339502298
2,val,2007-04-27,esn_selected,0.10172846243457938,0.1589960112682788,0.0852852517788733,0.09031188694468706
2,val,2007-04-30,esn_selected,-0.018152403781942467,0.22107892315270308,0.0810243898535908,0.10292304217210722
2,val,2007-05-01,esn_selected,0.03083858263189142,0.22022953006806956,0.0855075365366778,0.1033369973204205
2,val,2007-05-02,esn_selected,0.08145655030102983,0.20476493422850459,0.0830431015012645,0.09394111521853225
2,val,2007-05-03,esn_selected,0.04795114250428639,0.18645953112154434,0.0826837888861261,0.0949672360366298
2,val,2007-05-04,esn_selected,0.027557229707432553,0.16308359643041354,0.0815868371294539,0.0934283008216348
2,val,2007-05-07,esn_selected,0.04407304394929378,0.16885269628285754,0.0827894143103553,0.09379202762455646
2,val,2007-05-08,esn_selected,0.1396353354556066,0.17054839157685042,0.091125684025302,0.0939866501846803
2,val,2007-05-09,esn_selected,0.3491317770363399,0.16946510229117964,0.1113063846065037,0.093001902118475
2,val,2007-05-10,esn_selected,0.2920742752356014,0.20788898339943543,0.1144715895473875,0.10522925743589834
2,val,2007-05-11,esn_selected,0.21455768556698576,0.13085900785639945,0.1105716028517101,0.10169362563831628
2,val,2007-05-14,esn_selected,0.34256986567335124,0.19891736196140603,0.1169637316165735,0.10131266183176614
2,val,2007-05-15,esn_selected,0.4415015705664658,0.218409493435429,0.1283004910313313,0.10264567629142614
2,val,2007-05-16,esn_selected,0.3992432981303848,0.16398993301853526,0.12800829649135,0.10117399050962216
2,val,2007-05-17,esn_selected,0.40670372436869756,0.16750641101220387,0.1293903265320169,0.10186376768142637
2,val,2007-05-18,esn_selected,0.3890476723334019,0.10949644640527739,0.1257320369793929,0.09506888420749204
2,val,2007-05-21,esn_selected,0.4036657739900441,0.1381861527047597,0.1260267083235023,0.09664207776672792
2,val,2007-05-22,esn_selected,0.475260282218492,0.14308528916833016,0.1354350784571869,0.09715594875934469
2,val,2007-05-23,esn_selected,0.5660199315047328,0.11142684225141326,0.1368557172481307,0.08686317007730071
2,val,2007-05-24,esn_selected,0.4898230800501818,0.12981704403039376,0.1371633180625894,0.09569502219882879
2,val,2007-05-25,esn_selected,0.4770644981924276,0.09235119910419802,0.1374233132201717,0.09353659409295284
2,val,2007-05-29,esn_selected,0.5586154596868106,0.09726458920978842,0.1416509139375315,0.08930118948205161
2,val,2007-05-30,esn_selected,0.5451043091475993,0.005323755642600803,0.1474823972283489,0.08596397166330283
2,val,2007-05-31,esn_selected,0.5740393798311931,0.02132465240247767,0.147436731980714,0.08483298325110691
2,val,2007-06-01,esn_selected,0.5712714269701877,0.006228707002998603,0.1463930293468209,0.08320040924916555
2,val,2007-06-04,esn_selected,0.6078861692498572,0.024969651838900764,0.1498379098041493,0.08364967909213447
2,val,2007-06-05,esn_selected,0.5925108708131128,0.04956100531369192,0.1497266169470166,0.08699591922011385
2,val,2007-06-06,esn_selected,0.46294594456218363,0.06570029345338553,0.1447756990045569,0.09731372036579375
2,val,2007-06-07,esn_selected,0.16195570866300782,0.05280208995517536,0.1308749555088411,0.11734152625524258
2,val,2007-06-08,esn_selected,0.0683303438732659,-0.041481884920638534,0.1225669007957408,0.10982023273198048
2,val,2007-06-11,esn_selected,0.1748936320629464,-0.03263376168873939,0.1317039937346636,0.1070214775432521
2,val,2007-06-12,esn_selected,0.09247578425819408,0.016626775627549717,0.1282959474769962,0.11892471860810622
2,val,2007-06-13,esn_selected,0.009334853874834079,-0.10714921797893799,0.1295037648219717,0.11526408429191223
2,val,2007-06-14,esn_selected,-0.0004239414170060893,-0.20382745469623204,0.1279540399743519,0.10440396184773204
2,val,2007-06-15,esn_selected,-0.023685061729867903,-0.27029142728405264,0.126361716648564,0.09874514081827636
2,val,2007-06-18,esn_selected,0.0045552287284086855,-0.28445799161855023,0.1263060816260319,0.09460354605451403
2,val,2007-06-19,esn_selected,0.001073623990968072,-0.29502795884371535,0.1261620862805686,0.09382824184537748
2,val,2007-06-20,esn_selected,-0.14816612913589336,-0.22439528798980352,0.1167840228756447,0.10821252436874465
2,val,2007-06-21,esn_selected,-0.12603595938404427,-0.24815621759976783,0.1206496936264717,0.10678003752486614
2,val,2007-06-22,esn_selected,-0.16417625870211247,-0.21452845321897532,0.1163957543275036,0.11068007862122287
2,val,2007-06-25,esn_selected,-0.0492396973461575,-0.19453217439134285,0.1308205245379049,0.11312957747800126
2,val,2007-06-26,esn_selected,-0.11879120190472221,-0.12392097838845699,0.1257850473153818,0.12514145030339932
2,val,2007-06-27,esn_selected,-0.028590879260915133,-0.2736192299663441,0.1433254543091629,0.1121783031542483
2,val,2007-06-28,esn_selected,0.08000658412116389,-0.270764624575196,0.1597173566499327,0.11246415216703426
2,val,2007-06-29,esn_selected,0.14330971858114233,-0.27342238132639163,0.1689503196643903,0.11137162756316245
2,val,2007-07-02,esn_selected,0.13038192063217086,-0.3295677918485751,0.1707048478381935,0.10776859792818097
2,val,2007-07-03,esn_selected,0.1333978298202195,-0.33353266152137984,0.1710932804292653,0.107262426512701
2,val,2007-07-05,esn_selected,0.1802409497994976,-0.28909232474023633,0.1733697489803655,0.1084287544813947
2,val,2007-07-06,esn_selected,0.4021260991924269,-0.2728746315959643,0.195658037423085,0.0996204731959239
2,val,2007-07-09,esn_selected,0.5112176907930202,-0.20414119976214942,0.2043582744294334,0.09993458381624369
2,val,2007-07-10,esn_selected,0.4279188662452841,-0.15141927806090022,0.2020420409011658,0.11319790456789955
2,val,2007-07-11,esn_selected,0.47554972964788245,-0.18433813429577778,0.2064151463647376,0.10669790786971117
2,val,2007-07-12,esn_selected,0.5552572638098741,-0.23797472504030903,0.225645958698442,0.10207779591902547
2,val,2007-07-13,esn_selected,0.5689167590596028,-0.2308935967674894,0.2260119549315377,0.1015729784845743
2,val,2007-07-16,esn_selected,0.5830210218233093,-0.19766573632225015,0.2263697180177357,0.10369799961139436
2,val,2007-07-17,esn_selected,0.6117819199603919,-0.17418999591068537,0.2328722687324781,0.10611444531966724
2,val,2007-07-18,esn_selected,0.6344246904460652,-0.15466791570367117,0.2379337252953617,0.10808301222569963
2,val,2007-07-19,esn_selected,0.7162112178491259,-0.15200885697873034,0.2390176714784075,0.1003152185342905
2,val,2007-07-20,esn_selected,0.7081469570110549,-0.0944658327685501,0.2449461057267943,0.10977418805151325
2,val,2007-07-23,esn_selected,0.7430841781694737,-0.08413896296452142,0.2447115666314271,0.10700302411483262
2,val,2007-07-24,esn_selected,0.5934292290507623,-0.022657823230948275,0.2368093936116869,0.12788974415175688
2,val,2007-07-25,esn_selected,0.6476230898886952,-0.024866741981495962,0.2403743659909957,0.1226957525351576
2,val,2007-07-26,esn_selected,0.45028331259928966,0.04764167731589974,0.2248427482446461,0.15031898846753605
2,val,2007-07-27,esn_selected,0.3106899977700315,0.11452967103714132,0.2179129628158115,0.17909840496548088
2,val,2007-07-30,esn_selected,0.23368967685518655,-0.018834906503268297,0.2134268993164498,0.16579793680080349
2,val,2007-07-31,esn_selected,0.2715314557779931,0.07127741004879745,0.2239600045798741,0.18331636655296435
2,val,2007-08-01,esn_selected,0.3118481870887509,0.039123651963291595,0.2337044059647607,0.17791974170647631
2,val,2007-08-02,esn_selected,0.29210102995418813,-0.09322768900175867,0.2321834103213682,0.15793742371030864
2,val,2007-08-03,esn_selected,0.09776118099839061,0.024313311696302603,0.2157520020541594,0.20047343418304284
2,val,2007-08-06,esn_selected,0.029944209974047238,-0.11852882989098451,0.2105701623941931,0.1815163751336932
2,val,2007-08-07,esn_selected,0.0360431833499824,-0.19955914587760015,0.2094571078014492,0.1654909735989375
2,val,2007-08-08,esn_selected,-0.012878558062570945,-0.2548895461373163,0.2037738613944659,0.15997217091548713
2,val,2007-08-09,esn_selected,-0.22303630890464204,-0.07453968676355234,0.1805361270499025,0.2094379532756293
2,val,2007-08-10,esn_selected,-0.22820593320618363,-0.08053886505117508,0.1798965498457113,0.20852293407414213
2,val,2007-08-13,esn_selected,-0.20666998310771809,-0.16666739054381774,0.1841037762422833,0.19161769066293663
2,val,2007-08-14,esn_selected,-0.2798121695356865,-0.07841040179921566,0.176034136012345,0.21531018268487756
2,val,2007-08-15,esn_selected,-0.3313279990830317,0.002324597791541135,0.1708291903882083,0.23848746887390848
2,val,2007-08-16,esn_selected,-0.3481234818746917,-0.05852184486037689,0.1687492704634345,0.22543134223944608
2,val,2007-08-17,esn_selected,-0.44440876816244845,-0.11600752457860235,0.1570602424398586,0.2181167969497555
2,val,2007-08-20,esn_selected,-0.2646527646738937,-0.21389630981859156,0.1878093726753103,0.1975879749870615
2,val,2007-08-21,esn_selected,-0.2263876985978455,-0.2568072181829344,0.1888339150907417,0.18317616737110162
2,val,2007-08-22,esn_selected,-0.2573526951088048,-0.34130360851341884,0.1858323403444033,0.17086844925053415
2,val,2007-08-23,esn_selected,-0.18937818207204773,-0.265532845973763,0.1860514185077498,0.17240880244607326
2,val,2007-08-24,esn_selected,-0.18563684264158317,-0.31414871901699315,0.1809930960713732,0.15916589306414136
2,val,2007-08-27,esn_selected,-0.1811489497786935,-0.19120428387273913,0.1780644266541386,0.1762829012810508
2,val,2007-08-28,esn_selected,-0.3317578388197951,-0.048263496005455854,0.1607273813325273,0.21340760785779497
2,val,2007-08-29,esn_selected,-0.4658271884807451,-0.1687163732363922,0.1466765622663733,0.197421437661267
2,val,2007-08-30,esn_selected,-0.45811902164261,-0.17834948945515425,0.1468495509010476,0.1942562437545722
2,val,2007-08-31,esn_selected,-0.37617299828914574,-0.17351520561436,0.1481102029407403,0.1813836504536362
2,val,2007-09-04,esn_selected,-0.38114774874298407,-0.1956437790763104,0.143835626058417,0.1731529194544346
2,val,2007-09-05,esn_selected,-0.39810213251289567,-0.12057094324383792,0.1406700180180193,0.18566575464947746
2,val,2007-09-06,esn_selected,-0.3715017113693715,-0.11778347513326755,0.1405423890975798,0.18113224163607458
2,val,2007-09-07,esn_selected,-0.26881313866052947,0.01544134934035014,0.1379812448374549,0.18334548275711346
2,val,2007-09-10,esn_selected,-0.25711331832958434,0.04582006586654481,0.1391105087530695,0.18833118370562518
2,val,2007-09-11,esn_selected,-0.29561335131634003,-0.04353713018988395,0.1369870298365459,0.17626040400166929
2,val,2007-09-12,esn_selected,-0.25208781990587936,-0.024018576239754078,0.1368095908031444,0.171856418942739
2,val,2007-09-13,esn_selected,-0.23088787690004978,-0.011178622487355619,0.1356090744193956,0.16893018924263667
2,val,2007-09-14,esn_selected,-0.20831958219819674,-0.023326856543137285,0.1370155501820583,0.1648584373217929
2,val,2007-09-17,esn_selected,-0.12234401192734078,0.0544896957436155,0.1389738004829988,0.16585586653487833
2,val,2007-09-18,esn_selected,-0.6555925264512258,-0.29367759410026506,0.0974983004750589,0.1400150447279028
2,val,2007-09-19,esn_selected,-0.6781040644221533,-0.19681471510996995,0.0958480196329057,0.1550973768625707
2,val,2007-09-20,esn_selected,-0.6879138313306181,-0.12187613602149698,0.0934037075537343,0.1645095684185954
2,val,2007-09-21,esn_selected,-0.34148577712607303,-0.14373745160865758,0.1322292689558988,0.16114194580013907
2,val,2007-09-24,esn_selected,-0.30315966852777615,-0.04811688439473686,0.133659994209257,0.17249047247059296
2,val,2007-09-25,esn_selected,-0.265706024548609,-0.06336178405062978,0.1365156701611538,0.16713195468846626
2,val,2007-09-26,esn_selected,-0.17157701095135675,-0.03992192268779679,0.1353863624786251,0.15443722813986022
2,val,2007-09-27,esn_selected,-0.0902104668709948,-0.0065346700497006275,0.1340240738075696,0.14572120420243406
2,val,2007-09-28,esn_selected,-0.04945617140740263,0.0481928601526928,0.1397636005702221,0.15409995642839033
2,val,2007-10-01,esn_selected,-0.09642342442945215,0.019713378163007188,0.1344958289062151,0.15105892451984287
2,val,2007-10-02,esn_selected,-0.051142058503068064,0.07680734373502626,0.1366645117709746,0.15531860224295158
2,val,2007-10-03,esn_selected,0.004622538183090905,0.10649944094966451,0.1413217757745262,0.1564781354767828
2,val,2007-10-04,esn_selected,0.15647256739909982,0.10037397020542439,0.164347273837728,0.15538145835943623
2,val,2007-10-05,esn_selected,0.14153225556490218,0.02843556028962283,0.158959590879991,0.1419611358914337
2,val,2007-10-08,esn_selected,0.1407532514197186,0.07240608420957576,0.1601357504275889,0.14955657187960236
2,val,2007-10-09,esn_selected,0.17799681447820523,0.01638527305969436,0.163675050538181,0.13925008952005755
2,val,2007-10-10,esn_selected,0.3332329366571994,0.0618249231708343,0.1909139967029252,0.1455347710153651
2,val,2007-10-11,esn_selected,0.34251019272801186,0.15111721302827105,0.1910024941793981,0.15773138744541673
2,val,2007-10-12,esn_selected,0.3591859106521598,0.12216588696237062,0.1962286056684306,0.15481956024234958
2,val,2007-10-15,esn_selected,0.34947715860371303,0.19607301333867924,0.197110126090534,0.16907771190171217
2,val,2007-10-16,esn_selected,0.8241355571624356,0.3991123106146929,0.222287258800299,0.14532131516481697
2,val,2007-10-17,esn_selected,0.8409991425973717,0.42040690160149013,0.222241127151394,0.1459363707268022
2,val,2007-10-18,esn_selected,0.8914539389612425,0.41716022967727956,0.2277810769459574,0.1417537318946413
2,val,2007-10-19,esn_selected,0.45074918314511436,0.3066832285692106,0.2075321951778742,0.17968773351326395
2,val,2007-10-22,esn_selected,0.46328120205372464,0.278805512359353,0.2124231807836515,0.17663840459986824
2,val,2007-10-23,esn_selected,0.43822916651084004,0.2300872146919617,0.2115938370870044,0.17183360958218707
2,val,2007-10-24,esn_selected,0.5029141739391166,0.24575099754298774,0.2238658098327208,0.17310245293437138
2,val,2007-10-25,esn_selected,0.5480156608102932,0.2572752651986414,0.2318371301476342,0.17334688530340592
2,val,2007-10-26,esn_selected,0.5468004722770324,0.13436355855242604,0.2414718493099754,0.15986280626646873
2,val,2007-10-29,esn_selected,0.5979814571010321,0.06953759724996533,0.244573198337281,0.14418119165043977
2,val,2007-10-30,esn_selected,0.672547193401269,0.0725667032276853,0.2677560478580111,0.14695050164983753
2,val,2007-10-31,esn_selected,0.6295727336057428,-0.06582592387142833,0.2652339115241169,0.13231870762271675
2,val,2007-11-01,esn_selected,0.4355517512991457,-0.015958374578909976,0.2540506010046655,0.16174537473952402
2,val,2007-11-02,esn_selected,0.47301344249593985,0.004863618854624895,0.2551020004661069,0.1597345928727622
2,val,2007-11-05,esn_selected,0.46779639756790903,0.05013956971307166,0.2556522936321045,0.1683695835756598
2,val,2007-11-06,esn_selected,0.4551756006480701,-0.03900371468886284,0.2580255636032595,0.15741401117950274
2,val,2007-11-07,esn_selected,0.24444335761026945,0.07605669383775611,0.2437800550896258,0.20600073596648927
2,val,2007-11-08,esn_selected,0.24123706642058326,0.08279751078860277,0.2431123185758105,0.2074901766866267
2,val,2007-11-09,esn_selected,0.200036813996392,0.10330884966886172,0.2396829837194277,0.217584914250695
2,val,2007-11-12,esn_selected,0.26444791893647607,0.10998515763409143,0.2567776427725903,0.2200264454829971
2,val,2007-11-13,esn_selected,0.06071878592706925,-0.10252965442710936,0.2362024532220985,0.20062567323400593
2,val,2007-11-14,esn_selected,0.060545801534765444,-0.08402575038167491,0.2361125864043299,0.20433017704501147
2,val,2007-11-15,esn_selected,0.030440378117151567,-0.02205759901293249,0.2348214309409445,0.2228117801436127
2,val,2007-11-16,esn_selected,0.14627475247815103,-0.0433021251908457,0.2402214575322125,0.19873740092006678
2,val,2007-11-19,esn_selected,0.10456551032881123,0.018464773041282207,0.235838189260463,0.21638196313681132
2,val,2007-11-20,esn_selected,0.10424091660864765,-0.029398467178730087,0.2348411882170704,0.20546385021171532
2,val,2007-11-21,esn_selected,0.0014502874977060255,0.006702863411537497,0.2241907151640063,0.2253713919974023
2,val,2007-11-23,esn_selected,-0.04481850302618968,-0.12690642510897743,0.2216759424783678,0.20420587472777274
2,val,2007-11-26,esn_selected,-0.14582814877959882,0.0003356647375096324,0.2087056219176291,0.24155291649982732
2,val,2007-11-27,esn_selected,-0.17715868447151006,-0.122485425128637,0.2048659697754855,0.21637850642582096
2,val,2007-11-28,esn_selected,-0.41124091646955785,-0.24481974685854005,0.1774759985450863,0.20961165355414993
2,val,2007-11-29,esn_selected,-0.4005420131674365,-0.29334547368365826,0.1776952685015187,0.19780202326170832
2,val,2007-11-30,esn_selected,-0.36651374430504,-0.3061848036345834,0.176094312752882,0.1870448934742606
2,val,2007-12-03,esn_selected,-0.36387282891377304,-0.26018431315961676,0.1772906786998331,0.1966605515328123
2,val,2007-12-04,esn_selected,-0.38240222193757406,-0.21843261998873265,0.1744112595995169,0.20548759625609983
2,val,2007-12-05,esn_selected,-0.3257491713326633,-0.2732368191707314,0.1862909115401451,0.19633489410953206
2,val,2007-12-06,esn_selected,-0.3068968647514178,-0.32263755068508054,0.1793554409300131,0.17655436651491951
2,val,2007-12-07,esn_selected,-0.2547712289892446,-0.2846246834823138,0.1884348500224632,0.1828925586881428
2,val,2007-12-10,esn_selected,-0.23182633682935835,-0.300066466309443,0.1900887013032038,0.17754972005988096
2,val,2007-12-11,esn_selected,-0.44768072557527255,-0.12247513974954205,0.1641088261097094,0.22717834445871976
2,val,2007-12-12,esn_selected,-0.3714277865164375,-0.10279060071590679,0.1629203617837629,0.21312922868974268
2,val,2007-12-13,esn_selected,-0.35696438434307753,-0.11273533368418573,0.1652309790398051,0.21093993371650607
2,val,2007-12-14,esn_selected,-0.2800726459674668,-0.08505091022907015,0.1774613273324405,0.2156753885970437
2,val,2007-12-17,esn_selected,-0.32987929375917846,-0.030977031738509027,0.172721754434976,0.23289418431929496
2,val,2007-12-18,esn_selected,-0.1887722778104769,-0.07018848532342231,0.1952681326571788,0.2198526272651433
2,val,2007-12-19,esn_selected,-0.16723970988969997,-0.09110962111967832,0.1986748921502966,0.21439066105830862
2,val,2007-12-20,esn_selected,-0.11063751387629345,-0.10317591366822561,0.2007096994466715,0.20221291620872348
2,val,2007-12-21,esn_selected,-0.04621932085683565,-0.20298704957054878,0.2116633997857643,0.1809515918782575
2,val,2007-12-24,esn_selected,0.0163084967482126,-0.17043998345618935,0.2121372027797177,0.1760001360515902
2,val,2007-12-26,esn_selected,0.06306759200173832,-0.14105941494718113,0.2182025045016677,0.17791333405520557
2,val,2007-12-27,esn_selected,0.22080180398804072,0.041720459991795036,0.221326101050154,0.18503700651681745
2,val,2007-12-28,esn_selected,0.22189309735849036,0.10760608319247725,0.2218415095218737,0.1978830484264438
2,val,2007-12-31,esn_selected,0.23086184372608923,0.15820982697725489,0.2218233985248882,0.2062789845316085
2,val,2008-01-02,esn_selected,0.2550228898946638,0.21680198695547942,0.2287920535667104,0.22021241979759598
2,val,2008-01-03,esn_selected,0.3011226797488798,0.20308455772781134,0.2356950364745956,0.21368450019963933
2,val,2008-01-04,esn_selected,0.18081358684349083,0.2628900239570396,0.2232122425768277,0.24230554595879714
2,val,2008-01-07,esn_selected,0.30407934491852473,0.27531646718596087,0.2430941666554193,0.23620167794238148
2,val,2008-01-08,esn_selected,0.23293996722985286,0.33064635413400006,0.237862384761668,0.26227633929498034
2,val,2008-01-09,esn_selected,0.21681241401659102,0.2713661225915765,0.2361112816256438,0.24934985108425686
2,val,2008-01-10,esn_selected,0.36364015491569746,0.3056399004230124,0.2360798125235477,0.22277664598370103
2,val,2008-01-11,esn_selected,0.36640582489170337,0.30129506215232527,0.2350192271111659,0.22020447919181302
2,val,2008-01-14,esn_selected,0.3546742802523529,0.2258932554159705,0.235572482687251,0.2071074256984092
2,val,2008-01-15,esn_selected,0.23665391568147773,0.2708370797016616,0.2248439546424742,0.23266270592297358
2,val,2008-01-16,esn_selected,0.26413751424205684,0.2858224474730809,0.2249367964507172,0.22986780695285955
2,val,2008-01-17,esn_selected,0.04726369454736019,0.31252298467836764,0.2047188036252166,0.26690602709667516
2,val,2008-01-18,esn_selected,0.014917513148462319,0.32175365551320345,0.2016608435787426,0.27408093239944276
2,val,2008-01-22,esn_selected,-0.010264623310082132,0.2651671635617571,0.1986600275387072,0.26165497491992257
2,val,2008-01-23,esn_selected,-0.14917379863846317,-0.011490956166889417,0.1823309563840551,0.2092451058014317
2,val,2008-01-24,esn_selected,-0.157700678344961,0.015148195377485626,0.1811875295762923,0.21537516127114723
2,val,2008-01-25,esn_selected,-0.19650819842690537,0.09856466314222537,0.1792739984197318,0.24080517750853303
2,val,2008-01-28,esn_selected,-0.2543549888657409,0.044661398057910966,0.1716199081921659,0.2314348902514765
2,val,2008-01-29,esn_selected,-0.261711337153851,0.01951544436367725,0.170758771692394,0.22621336576530168
2,val,2008-01-30,esn_selected,-0.2526767146492686,0.04699338388979876,0.1722944356560529,0.23249644789557372
2,val,2008-01-31,esn_selected,-0.24653887307131245,-0.09462702185516668,0.1788012144453822,0.20813491643467405
2,val,2008-02-01,esn_selected,-0.3279038112845407,-0.1761659758174298,0.1698023204859772,0.19762529242918914
2,val,2008-02-04,esn_selected,-0.3065392982840339,-0.08761312429930032,0.1642818878977399,0.2044881351469217
2,val,2008-02-05,esn_selected,-0.5886400242783705,0.02118141372932955,0.1349371158095038,0.24829816422330397
2,val,2008-02-06,esn_selected,-0.45232399027647685,0.048190804648226476,0.1513156876097376,0.24960585551155864
2,val,2008-02-07,esn_selected,-0.4276943337210332,-0.020132987661234142,0.1539470777657219,0.23140518892096748
2,val,2008-02-08,esn_selected,-0.39299702710897527,-0.01303509113514436,0.1593611339407201,0.23302246037443688
2,val,2008-02-11,esn_selected,-0.15174391925919142,-0.06268053139501861,0.2019304657201146,0.2207402778129117
2,val,2008-02-12,esn_selected,-0.15361462763739211,-0.10687280481230406,0.2020275391582478,0.21169484839814337
2,val,2008-02-13,esn_selected,-0.12245585348880446,-0.14407365918174878,0.1989295562150768,0.19467528539973336
2,val,2008-02-14,esn_selected,-0.09715186026826682,-0.07949498210156321,0.2041117418016746,0.20774772353839657
2,val,2008-02-15,esn_selected,0.012389314742435422,-0.03452719720000687,0.2072709060727405,0.19777107020439344
2,val,2008-02-19,esn_selected,0.2246732645169648,0.014775576471365189,0.2524619536243166,0.20466262067630048
2,val,2008-02-20,esn_selected,0.29751299029687,-0.03228279778167011,0.2674968925696081,0.19234914066473996
2,val,2008-02-21,esn_selected,0.40627041443215234,0.07944880297160267,0.2737167716919636,0.1974079264316552
2,val,2008-02-22,esn_selected,0.4414745388712167,0.042459186401909224,0.2817463248400672,0.18904626175898204
2,val,2008-02-25,esn_selected,0.43954970821785033,-0.021803578139406685,0.278234716419351,0.17540748883448293
2,val,2008-02-26,esn_selected,0.49091386973259177,-0.05385552815644989,0.2803940864271015,0.16262170369643564
2,val,2008-02-27,esn_selected,0.4966611086955156,-0.0317618840341815,0.2805951764460677,0.1654203788758942
2,val,2008-02-28,esn_selected,0.4873891490625268,0.01974263806431857,0.2805056865227568,0.17572978215832077
2,val,2008-02-29,esn_selected,0.40897050534730517,0.14179513972857008,0.2691436253268619,0.2060398907880441
2,val,2008-03-03,esn_selected,0.5545559058654784,0.16728363536076293,0.2956542938677864,0.2007215401468513
2,val,2008-03-04,esn_selected,0.5865811458541674,0.18055166762971564,0.2953511321007024,0.196789661183844
2,val,2008-03-05,esn_selected,0.7809319437750256,0.2572832078157014,0.2946360320319141,0.1745292010517053
2,val,2008-03-06,esn_selected,0.6336656518393115,0.32470284415508444,0.2851553024459787,0.20936332608899483
2,val,2008-03-07,esn_selected,0.6080694633250396,0.3359537632704966,0.2827825862163427,0.21541419339512297
2,val,2008-03-10,esn_selected,0.5595190403423296,0.3454762726722266,0.2788550045406519,0.2251235093575205
2,val,2008-03-11,esn_selected,0.21527247939365057,0.09122545108087819,0.2504341191240112,0.22121804854716928
2,val,2008-03-12,esn_selected,0.20604505049676367,0.16101195673807273,0.2482531697126871,0.2373215511103111
2,val,2008-03-13,esn_selected,0.2588394413289395,0.1342571665539326,0.2576984787646168,0.2275131274357679
2,val,2008-03-14,esn_selected,0.21056767521339112,0.20796288314094438,0.2519511634821765,0.2512957370842229
2,val,2008-03-17,esn_selected,0.1854103578219945,0.18275303860772277,0.2494945373198697,0.24883243079580142
2,val,2008-03-18,esn_selected,-0.11761748997991196,-0.12079617700541538,0.2244477787278314,0.2237354622011104
2,val,2008-03-19,esn_selected,-0.2607515662650587,0.032291723108074065,0.2060989479744897,0.276275808475657
2,val,2008-03-20,esn_selected,-0.31892997388138916,-0.08989939760433976,0.1989719615242978,0.25018346137062775
2,val,2008-03-24,esn_selected,-0.4143632295911779,-0.1735651329604203,0.1861669551054412,0.23685354009520573
2,val,2008-03-25,esn_selected,-0.3984626385292752,-0.18398042695491726,0.1867932560457549,0.23147795314089153
2,val,2008-03-26,esn_selected,-0.43385191438750714,-0.1547938389536237,0.1816976697802982,0.24018326262173692
2,val,2008-03-27,esn_selected,-0.43287033800801433,-0.11839863887515219,0.1820065434350399,0.24926443938628395
2,val,2008-03-28,esn_selected,-0.433981123835677,-0.09617488425193887,0.1817465026758969,0.254784760769821
2,val,2008-03-31,esn_selected,-0.394953625205865,-0.11601904038289328,0.1813250967928403,0.23966116657820918
2,val,2008-04-01,esn_selected,-0.78930438118894,-0.32858864850560626,0.1342745338871727,0.21285308738284944
2,val,2008-04-02,esn_selected,-0.7763538918950433,-0.32957890698115855,0.1358852846988414,0.21242437015165536
2,val,2008-04-03,esn_selected,-0.6497722208144876,-0.3506643175229578,0.1538485357072536,0.20748861845546948
2,val,2008-04-04,esn_selected,-0.6153602619167184,-0.319688213811409,0.1541110876586294,0.2071298184376752
2,val,2008-04-07,esn_selected,-0.6009551553114508,-0.2670696355274044,0.1550462098409093,0.21650393445459065
2,val,2008-04-08,esn_selected,-0.5681050645273099,-0.25060652437890624,0.1579987126514057,0.21704081542419487
2,val,2008-04-09,esn_selected,-0.3966766110064472,-0.14906951161384002,0.1684298390162545,0.21575130461155037
2,val,2008-04-10,esn_selected,-0.3868823828032053,-0.16349894176707902,0.1686063466788671,0.2108084980753432
2,val,2008-04-11,esn_selected,-0.5166111743962173,-0.11340437973037915,0.1537271134688514,0.2300705117545569
2,val,2008-04-14,esn_selected,-0.4647276491288346,-0.08448934187503532,0.158302478523953,0.23153844553187028
2,val,2008-04-15,esn_selected,-0.45629047654904653,-0.09150796379981023,0.158087162750273,0.2276772501660958
2,val,2008-04-16,esn_selected,-0.5722013988446871,-0.16032713334589088,0.126651810268802,0.19119922271689963
2,val,2008-04-17,esn_selected,-0.4304369773594586,-0.05809658403039283,0.1340106676461463,0.19446647815960266
2,val,2008-04-18,esn_selected,-0.4342256599273762,-0.03115873132417219,0.1288872843924445,0.19286783982738134
2,val,2008-04-21,esn_selected,-0.3649831881533037,0.028490126033019883,0.1292386494604465,0.19154715245497386
2,val,2008-04-22,esn_selected,-0.3509850805923197,0.07637327816669637,0.1315013794940606,0.2016181779975568
2,val,2008-04-23,esn_selected,-0.22793977780633023,0.06855976972390916,0.144662634506539,0.19459177846915726
2,val,2008-04-24,esn_selected,-0.2353524036851915,0.056218322745930666,0.1438383695773432,0.19253172822922962
2,val,2008-04-25,esn_selected,-0.20515168350503724,0.02684808293059443,0.1480368442215797,0.1866921412366831
2,val,2008-04-28,esn_selected,-0.1874121848080932,0.020763214933668422,0.1503369863898092,0.18512934630536435
2,val,2008-04-29,esn_selected,0.1145580447934301,0.1775557183893834,0.1505724719150374,0.16036335076853467
2,val,2008-04-30,esn_selected,0.0998912699974444,0.2794876880201657,0.15016013704386,0.17970178427950007
2,val,2008-05-01,esn_selected,-0.1554596705463891,0.06998772490112634,0.1316976695578037,0.16500178779432031
2,val,2008-05-02,esn_selected,-0.12202702936604418,0.08773242812096874,0.1364074907513733,0.16824245422328818
2,val,2008-05-05,esn_selected,-0.12436678104525,0.11023714828264886,0.1369144693359993,0.17311573318442597
2,val,2008-05-06,esn_selected,-0.16879059872080887,0.050417630605748935,0.1334592631722555,0.16616886258860233
2,val,2008-05-07,esn_selected,-0.20887954406673637,0.1554515010655774,0.1366796317990364,0.1967572584750641
2,val,2008-05-08,esn_selected,0.05659138581914645,0.15460442930284643,0.1784231674474388,0.19679668059326358
2,val,2008-05-09,esn_selected,0.14944449526994863,0.1915966660909738,0.1785062358582058,0.18619149855669562
2,val,2008-05-12,esn_selected,0.0999789926441623,0.08172158213119628,0.1749476202984518,0.171782511045011
2,val,2008-05-13,esn_selected,0.14462719734340038,0.10065260254518563,0.1826868968335944,0.1748273903720899
2,val,2008-05-14,esn_selected,0.3682519248085487,0.1901415432739993,0.1830379657851303,0.15317533001349434
2,val,2008-05-15,esn_selected,0.31243501668078627,0.11717947376456243,0.1831589623967311,0.15067103435810628
2,val,2008-05-16,esn_selected,0.3513247291004353,0.16614524398089833,0.1831422159026943,0.15218296316213872
2,val,2008-05-19,esn_selected,0.3516239537853613,0.18768161094628102,0.1836964459186011,0.15591988255975986
2,val,2008-05-20,esn_selected,0.3397332018734965,0.23566418347946222,0.184703261217629,0.16644776317177015
2,val,2008-05-21,esn_selected,0.18782364878438096,0.3085379138820586,0.1745529304053588,0.19694850268039488
2,val,2008-05-22,esn_selected,0.24604128662045166,0.2915946661835912,0.1839624245414149,0.1925363374463174
2,val,2008-05-23,esn_selected,0.1823616998999889,0.3431048633016435,0.1776513443995131,0.20863077305586497
2,val,2008-05-27,esn_selected,0.15673975919435057,0.30208149673193413,0.1758478459428696,0.2033565509502269
2,val,2008-05-28,esn_selected,0.15538348197194607,0.2687936832254357,0.1758845811898993,0.19700678947307296
2,val,2008-05-29,esn_selected,0.28876773862073407,0.19932332090277588,0.2004309991350794,0.18328194052165803
2,val,2008-05-30,esn_selected,0.4236685908413043,0.22658168243759125,0.2011754684004352,0.16518905336192508
2,val,2008-06-02,esn_selected,0.373450606513123,0.2648852030072106,0.1981644552349003,0.177777339298153
2,val,2008-06-03,esn_selected,0.36580026598364074,0.31358955553284645,0.1973851083963646,0.18734390180835497
2,val,2008-06-04,esn_selected,0.43744183859045427,0.31627160827494677,0.2066937284863795,0.18310648974506732
2,val,2008-06-05,esn_selected,0.35234324916212967,0.14127475207339504,0.1944126540028225,0.15741954233538516
2,val,2008-06-06,esn_selected,-0.1034204790430345,0.1510058560282791,0.1608926858206603,0.20750676262765638
2,val,2008-06-09,esn_selected,-0.034902419213014874,0.16530811470711126,0.1723834086684236,0.2105939033017706
2,val,2008-06-10,esn_selected,0.05499096119779657,0.1923103745181344,0.1848375955681245,0.2120446765807974
2,val,2008-06-11,esn_selected,-0.027216842335604872,0.2605151115406411,0.1777817899136178,0.23705421085829434
2,val,2008-06-12,esn_selected,-0.005215709329785027,0.18042168714715706,0.1820857782844736,0.21922865716658352
2,val,2008-06-13,esn_selected,-0.020403756426931416,0.022510219049039795,0.1794596993088847,0.18732866515462773
2,val,2008-06-16,esn_selected,0.017573885204409934,-0.05562264168220688,0.1863891835331663,0.17323349133594929
2,val,2008-06-17,esn_selected,0.10768287168465457,-0.05964153340859099,0.2045817224656116,0.17306082311730278
2,val,2008-06-18,esn_selected,0.10272070773231161,-0.027847670658723886,0.2046848034212771,0.17963066345492182
2,val,2008-06-19,esn_selected,0.16477116408193884,-0.001765414404829291,0.2058194207055281,0.17424504400112803
2,val,2008-06-20,esn_selected,0.07082196514782117,0.031757497214468716,0.1974634467477082,0.18989836719018624
2,val,2008-06-23,esn_selected,0.12572719159276458,0.04694955303454204,0.2014517868856105,0.18619089100535013
2,val,2008-06-24,esn_selected,0.13983202335465097,0.054220448701302916,0.202239195458588,0.1856456145388282
2,val,2008-06-25,esn_selected,0.2001321827982941,-0.04818543850341085,0.2148543107502939,0.16761045264454993
2,val,2008-06-26,esn_selected,-0.04644168729329029,0.03763286830531784,0.1913354855787313,0.2081175182741258
2,val,2008-06-27,esn_selected,-0.01875969532907659,0.007724534731723871,0.1974366570347687,0.20273547269001302
2,val,2008-06-30,esn_selected,0.06195172685110737,-0.016512907505267516,0.2108293407916676,0.19491905317178435
2,val,2008-07-01,esn_selected,0.10698252881824709,-0.05317043458733199,0.2196728104813039,0.1871641895948248
2,val,2008-07-02,esn_selected,0.044781690942563304,0.05048626319858666,0.2161602035835137,0.21739682893954618
2,val,2008-07-03,esn_selected,0.10966202519965719,0.054550640640050954,0.2169452478643319,0.20531258509715009
2,val,2008-07-07,esn_selected,0.2964169644679908,0.2228764296043069,0.216405629187019,0.20106214203871367
2,val,2008-07-08,esn_selected,0.27830696425391793,0.061882885920047113,0.2276997967460907,0.18338797710715646
2,val,2008-07-09,esn_selected,0.1629924001022045,0.14922255717282482,0.2175589781851993,0.21458375640648067
2,val,2008-07-10,esn_selected,0.22892315696230692,0.12792943788869296,0.2235153419710295,0.20204416998496688
2,val,2008-07-11,esn_selected,0.22979806695652882,0.14543201705713993,0.2291268893948758,0.21058932341043296
2,val,2008-07-14,esn_selected,0.24715668228349602,0.18162021619265917,0.2297765577361792,0.2152006572736117
2,val,2008-07-15,esn_selected,0.19815392389807854,0.2009494159079408,0.2272363797596394,0.22787250597221448
2,val,2008-07-16,esn_selected,0.03275451708620651,-0.07281315687939482,0.2113936496741599,0.19021487603313514
2,val,2008-07-17,esn_selected,0.026210649062196188,-0.06989040361690001,0.2101206523383393,0.1908677630088893
2,val,2008-07-18,esn_selected,0.018533088704000986,-0.12629578222545756,0.2096694566162461,0.18139979427965042
2,val,2008-07-21,esn_selected,0.08639257150418776,-0.12273588342433452,0.2152814106351965,0.17465587406314148
2,val,2008-07-22,esn_selected,0.06543952577088442,-0.19092271168045175,0.215075602852021,0.1664387493616412
2,val,2008-07-23,esn_selected,0.06049469218056416,-0.1760368744290588,0.2148512278193462,0.1695951724067371
2,val,2008-07-24,esn_selected,-0.0635006459681238,-0.0604989666295154,0.201635079809457,0.2022412329460088
2,val,2008-07-25,esn_selected,0.08345050222585598,0.005344751812506842,0.2079876823514044,0.1923608640177664
2,val,2008-07-28,esn_selected,0.08062046488014456,0.05838751727658076,0.2140133238155022,0.20930768079128145
2,val,2008-07-29,esn_selected,-0.04919064317084538,-0.09267424506234277,0.2007094523545795,0.19216891477892287
2,val,2008-07-30,esn_selected,-0.12560348265618654,-0.16269510095490716,0.193743618631243,0.18668899673927652
2,val,2008-07-31,esn_selected,-0.1148763991126902,-0.1047907207343636,0.192701703764015,0.19465506510011799
2,val,2008-08-01,esn_selected,-0.10364975383809524,-0.1026251523711735,0.1955850364439501,0.1957855358576547
2,val,2008-08-04,esn_selected,-0.10912679722624029,-0.06524108295153898,0.1940329058157356,0.20273779148557702
2,val,2008-08-05,esn_selected,-0.2950228532880575,-0.22212075264928705,0.169525816870436,0.18234624554811832
2,val,2008-08-06,esn_selected,-0.08084636468252686,-0.23197027271711748,0.2006623436543214,0.1725176767480689
2,val,2008-08-07,esn_selected,-0.14272799260676458,-0.14883934848020627,0.1937855360442083,0.1926048551256858
2,val,2008-08-08,esn_selected,-0.15443600125006576,-0.2091506334205337,0.1963384490659887,0.18588446389117227
2,val,2008-08-11,esn_selected,-0.040861487253149295,-0.23353975224798332,0.2205767840746995,0.1819201030338777
2,val,2008-08-12,esn_selected,-0.04193603982982454,-0.16913726797610298,0.2179040343316263,0.19187680553166728
2,val,2008-08-13,esn_selected,0.052364494795589155,-0.07804081892564839,0.2227581220686679,0.19552362471861381
2,val,2008-08-14,esn_selected,0.053911028737093414,-0.13019095873724054,0.2217593820478788,0.18447075509429367
2,val,2008-08-15,esn_selected,0.291998024944897,-0.1594832257689061,0.2807684475279035,0.1787608803425069
2,val,2008-08-18,esn_selected,0.2724055070547941,-0.08973625506910939,0.2826901908513125,0.1968042940792398
2,val,2008-08-19,esn_selected,0.410184553984541,-0.042180865226886265,0.3241395592487155,0.2061921997415171
2,val,2008-08-20,esn_selected,0.45886166867382344,-0.07273364871411364,0.3399530410977694,0.19977908404301759
2,val,2008-08-21,esn_selected,0.5987245894374773,-0.07186994947911651,0.3669347786783661,0.1876520741052163
2,val,2008-08-22,esn_selected,0.5823604162612032,-0.13968202833018717,0.3723518627182723,0.1808733079587428
2,val,2008-08-25,esn_selected,0.558758593004801,-0.02704930929013074,0.3742024147460773,0.20830200309466418
2,val,2008-08-26,esn_selected,0.6230186363854664,0.01063737099884726,0.3742323974576735,0.20285586913853676
2,val,2008-08-27,esn_selected,0.6649112628540185,-0.01009950088644687,0.3766992013027712,0.19179675251946474
2,val,2008-08-28,esn_selected,0.6638206351588491,-0.028982260972949432,0.3742649810694364,0.18719692842905492
2,val,2008-08-29,esn_selected,0.880354991090971,0.008498833494535443,0.4717033277030371,0.19725436472629274
2,val,2008-09-02,esn_selected,0.9318460712117391,0.04312068754481564,0.4926868765922512,0.2025827509685641
2,val,2008-09-03,esn_selected,1.066858844688272,0.10204407713986152,0.4926820671699876,0.18773836242118927
2,val,2008-09-04,esn_selected,0.9092976093136427,0.17647954102780214,0.4981599561156968,0.239392186365684
2,val,2008-09-05,esn_selected,0.9485895288535899,0.14806521737767986,0.5003668813801566,0.22471148278764044
2,val,2008-09-08,esn_selected,0.9905993593281807,0.15079242468870596,0.5287095944556861,0.22829356708981646
2,val,2008-09-09,esn_selected,0.9003465037144948,0.2221402020444508,0.5427193660584032,0.2754444743884358
2,val,2008-09-10,esn_selected,0.9259296703336316,0.18115217847164128,0.5500363828715082,0.26117924520652885
2,val,2008-09-11,esn_selected,0.999086195984976,0.06978747263420626,0.6049662820815963,0.23885913886113108
2,val,2008-09-12,esn_selected,1.013492682966551,0.011599724835815624,0.6109930671518516,0.22434670697691814
2,val,2008-09-15,esn_selected,0.9934989424414367,0.06378716534730006,0.7582622044028217,0.2992614077452418
2,val,2008-09-16,esn_selected,0.9860943080389618,-0.08365437244679594,0.7578199875923373,0.2600040462944913
2,val,2008-09-17,esn_selected,0.9359187879214418,0.0018024126659383444,0.826411595786619,0.3247243193270141
2,val,2008-09-18,esn_selected,0.8957089471792207,-0.14226045031181642,0.8325692826818196,0.29487367472077425
2,val,2008-09-19,esn_selected,0.805689171378439,-0.18476163780551344,0.821287547643077,0.30503376630705864
2,val,2008-09-22,esn_selected,0.8172306099373494,-0.12341070647547027,0.8430867716567829,0.32912202158119974
2,val,2008-09-23,esn_selected,0.8157094837003324,-0.1070117482461624,0.8459889944599045,0.3362265264491142
2,val,2008-09-24,esn_selected,0.8424063617517606,-0.2321638672847251,0.8689480566418832,0.29669750578142057
2,val,2008-09-25,esn_selected,0.8349329590849004,-0.3564786749446779,0.8681634067208648,0.26374120005244145
2,val,2008-09-26,esn_selected,0.8635584565844288,-0.40166529290307873,0.8876011695044991,0.25045988279408027
2,val,2008-09-29,esn_selected,0.5874278310005862,-0.21505939925167372,0.8487613708607461,0.3804256835899866
2,val,2008-09-30,esn_selected,0.6287172050154998,-0.3038404918422484,0.923888172157604,0.3635923569730599
2,val,2008-10-01,esn_selected,0.629115239967842,-0.44228710287895445,0.9242469629024572,0.316580314900359
2,val,2008-10-02,esn_selected,0.6165174419633921,-0.3444760983984206,0.9228241205863932,0.3529919047931332
2,val,2008-10-03,esn_selected,0.6109518585268289,-0.30920837284010694,0.92176789458834,0.3672832024491728
2,val,2008-10-06,esn_selected,0.5352332046689977,-0.18921318098824008,0.9029548164439596,0.43756537768729276
2,val,2008-10-07,esn_selected,0.5014283816261645,-0.0922328149868054,0.8960719819149321,0.49490189454808775
2,val,2008-10-08,esn_selected,0.49730735974405865,-0.1660260874813609,0.904418129833288,0.4658940926164775
2,val,2008-10-09,esn_selected,0.3865366123344986,-0.09144322283980082,0.8904343137872658,0.5521001723940335
2,val,2008-10-10,esn_selected,0.3802058523100771,-0.21121193096454696,0.8936296831493754,0.4946614956263478
2,val,2008-10-13,esn_selected,-0.005064201869788451,-0.47515077161601305,0.7544319183862993,0.47148084251265504
2,val,2008-10-14,esn_selected,0.0038754395857563345,-0.32706440303141776,0.7607625713911033,0.5464164811824308
2,val,2008-10-15,esn_selected,-0.18797725469433868,-0.22419447066522194,0.6847923781312399,0.6604348480370998
2,val,2008-10-16,esn_selected,-0.1693380053942816,-0.3341920823434362,0.7028745563635604,0.5960498821758167
2,val,2008-10-17,esn_selected,-0.1237696286269006,-0.4381505915336199,0.7256760188821348,0.5299182224269138
2,val,2008-10-20,esn_selected,-0.19012217931360864,-0.5716199636677799,0.6971131285214589,0.47601526403331096
2,val,2008-10-21,esn_selected,-0.20100919265333517,-0.6209126140524702,0.6919385547460057,0.454679937135031
2,val,2008-10-22,esn_selected,-0.21159795689442637,-0.43492320310924865,0.703230974180054,0.5624825698442277
2,val,2008-10-23,esn_selected,-0.14159516338455455,-0.42855274998782017,0.7535420254357407,0.5655661153325026
2,val,2008-10-24,esn_selected,-0.16316874827349606,-0.42094548106691515,0.7539708904158497,0.5826443859463615
2,val,2008-10-27,esn_selected,-0.08434896831669221,-0.3981871872145561,0.7801054537427683,0.5699740815065302
2,val,2008-10-28,esn_selected,-0.314177958130317,-0.5378596086447253,0.6747977932131861,0.539547826189556
2,val,2008-10-29,esn_selected,-0.2957693419845684,-0.5158413306956108,0.6876018539818518,0.5517736904277432
2,val,2008-10-30,esn_selected,-0.30773609939996277,-0.6346517493242029,0.6783765824141477,0.48920758818562565
2,val,2008-10-31,esn_selected,-0.20117276711554555,-0.7060058540313169,0.7537951777219969,0.4549955308548772
2,val,2008-11-03,esn_selected,-0.1650752012470178,-0.7521793004145491,0.7655521312990222,0.4255971385146113
2,val,2008-11-04,esn_selected,-0.163396474042556,-0.8125206884659799,0.7609930861960921,0.39762130535383045
2,val,2008-11-05,esn_selected,-0.18696643847036074,-0.608688568202219,0.7501891299358482,0.4920612586810476
2,val,2008-11-06,esn_selected,-0.19814209393928925,-0.4360836196536767,0.7303816770470649,0.575722467349819
2,val,2008-11-07,esn_selected,-0.20027949303281403,-0.5975929207224222,0.7314376431612417,0.4916163048133114
2,val,2008-11-10,esn_selected,-0.029750559685898133,-0.5029874607389642,0.7323177323489136,0.45622110861912035
2,val,2008-11-11,esn_selected,-0.049242436704492736,-0.46214060018117276,0.724208168733137,0.4792300308018647
2,val,2008-11-12,esn_selected,0.0384758383659311,-0.3085693604100743,0.711653782820875,0.5029779510710496
2,val,2008-11-13,esn_selected,-0.03336052113354606,-0.39609007656383194,0.6798131046598581,0.4729966750025531
2,val,2008-11-14,esn_selected,-0.09947488881185106,-0.17670500265415426,0.6569637036866269,0.6081360708009355
2,val,2008-11-17,esn_selected,-0.03182228443641399,-0.2692123693116232,0.6752786502897975,0.5325811796742292
2,val,2008-11-18,esn_selected,-0.02788664340321139,-0.3538769812378156,0.6729092755585246,0.48571409879634614
2,val,2008-11-19,esn_selected,-0.10354316684522266,-0.17080755855887897,0.634059136944171,0.5928123068507429
2,val,2008-11-20,esn_selected,-0.2754662215300173,-0.06605127980824493,0.5721027274040636,0.7053777749867223
2,val,2008-11-21,esn_selected,-0.32863465375037815,-0.1468914596017526,0.5427881555146016,0.6509691814630245
2,val,2008-11-24,esn_selected,-0.46643228625296407,-0.22125469351335483,0.4893102867126243,0.625264283611971
2,val,2008-11-25,esn_selected,-0.3219694648937605,-0.2564473272929315,0.4890396722305687,0.5221556654444977
2,val,2008-11-26,esn_selected,-0.37919993739740704,-0.3872179709352009,0.4706007323120889,0.4668425267010245
2,val,2008-11-28,esn_selected,-0.3699274640570376,-0.44195114977882743,0.4686119845533131,0.4360476015497686
2,val,2008-12-01,esn_selected,-0.785392627967325,-0.20028232847904973,0.3436858644934255,0.6169810776017391
2,val,2008-12-02,esn_selected,-0.8708956859131336,-0.3300800669880511,0.3204421073797554,0.5503295313781961
2,val,2008-12-03,esn_selected,-0.8458151588689115,-0.4076321775196732,0.3266238208710089,0.5062304979670376
2,val,2008-12-04,esn_selected,-0.8648735610606482,-0.348116629768045,0.3159082385011613,0.5296459255121156
2,val,2008-12-05,esn_selected,-0.8968501558937446,-0.3393054261474192,0.2978878540196046,0.5202252113831517
2,val,2008-12-08,esn_selected,-0.9165743673446571,-0.3561137244264392,0.2924920843680568,0.5122937788147524
2,val,2008-12-09,esn_selected,-0.9372613761092334,-0.35561932255788015,0.286848185166919,0.513163833540791
2,val,2008-12-10,esn_selected,-0.8947001973438038,-0.4333730959533549,0.2960056907330564,0.46951759828416784
2,val,2008-12-11,esn_selected,-0.8774330072825045,-0.4164704249232583,0.2959405311267377,0.4692431643331356
2,val,2008-12-12,esn_selected,-0.8416470599954186,-0.48792048593107146,0.2929994858710406,0.41733841038346753
2,val,2008-12-15,esn_selected,-0.7503361780569774,-0.3970847372404196,0.3102233721639202,0.4416616248211852
2,val,2008-12-16,esn_selected,-0.939941506567671,-0.4823070248526951,0.2637980674296518,0.41688833162942834
2,val,2008-12-17,esn_selected,-0.9395201634152449,-0.436544668230337,0.2629832524195817,0.4348781366994449
2,val,2008-12-18,esn_selected,-0.6870856412191244,-0.38407542532223043,0.3189570916505782,0.4318450315839447
2,val,2008-12-19,esn_selected,-0.4851875949995107,-0.30865764313380095,0.3521759728751693,0.42017064462388554
2,val,2008-12-22,esn_selected,-0.42870745859647486,-0.20647606004079627,0.3535453084191137,0.4415287101561466
2,val,2008-12-23,esn_selected,-0.3294985642928595,-0.09399979352724795,0.3519532157999603,0.4454108113467758
2,val,2008-12-24,esn_selected,-0.32827206920954366,-0.07138916930197059,0.352190261881509,0.4553445778037763
2,val,2008-12-26,esn_selected,-0.2863447479486436,-0.05131438511745845,0.3534228744075735,0.4470612667486238
2,test,2009-05-21,esn_selected,-0.24406666260578272,0.15182150813503062,0.1995252479093176,0.2964352919525469
2,test,2009-05-22,esn_selected,-0.09412022792916526,0.16838786919207577,0.2267868975316028,0.2948653750105539
2,test,2009-05-26,esn_selected,-0.2320686946065406,-0.0010566926426790206,0.2082827416300103,0.26241008587785347
2,test,2009-05-27,esn_selected,-0.29788101592248895,0.09849689054428695,0.2005392327565935,0.2980877209129542
2,test,2009-05-28,esn_selected,-0.23476809509480098,0.12279682461511776,0.2089174506451212,0.2987192355373928
2,test,2009-05-29,esn_selected,-0.3073242594599206,0.039531813749903603,0.1996243893693303,0.28239127827633453
2,test,2009-06-01,esn_selected,-0.43503283920728597,-0.00131084026498395,0.1836727093743864,0.2834051273289103
2,test,2009-06-02,esn_selected,-0.3267989051625225,-0.006557532614773287,0.1858988488999118,0.25606826656930404
2,test,2009-06-03,esn_selected,-0.3680389575396313,0.13232720363422024,0.1809149612220656,0.2983875827016852
2,test,2009-06-04,esn_selected,-0.23246257581858584,0.08434572088996317,0.2031663576987509,0.2788944615378341
2,test,2009-06-05,esn_selected,-0.21331867496521256,0.09196109236362045,0.2031653536786706,0.2756963185793691
2,test,2009-06-08,esn_selected,-0.10628061241693842,0.0889624626500657,0.2142063850254758,0.26039065988277693
2,test,2009-06-09,esn_selected,-0.07161679018141041,0.07941348036590837,0.2134580911456306,0.24825856145168546
2,test,2009-06-10,esn_selected,-0.07171388731882371,0.11540554573125526,0.2133776860844048,0.2572846868241482
2,test,2009-06-11,esn_selected,0.008265248984194989,0.137276437807466,0.2129631289872749,0.24228875957120088
2,test,2009-06-12,esn_selected,0.09124338233147126,0.13567630537454548,0.2292433453514457,0.2396589823082939
2,test,2009-06-15,esn_selected,-0.037009054262391795,0.21774752953514137,0.2148764884960876,0.2772223730012814
2,test,2009-06-16,esn_selected,0.1261851340219538,0.30228633956639367,0.2330061277855801,0.2778734955857328
2,test,2009-06-17,esn_selected,0.13651024417619959,0.23715443321690072,0.2354071580131787,0.2603327944713453
2,test,2009-06-18,esn_selected,0.12926986172157912,0.17375669980121944,0.2339849263565139,0.24462918516992246
2,test,2009-06-19,esn_selected,0.17049906390797878,0.14645623510027023,0.2366163015024393,0.23099522039086362
2,test,2009-06-22,esn_selected,-0.07154619412708191,0.22342571264344285,0.2111280043100817,0.28356362131591667
2,test,2009-06-23,esn_selected,0.013487453063722721,0.2149406106124983,0.2111109752922518,0.25822649877367354
2,test,2009-06-24,esn_selected,0.10548378097861032,0.18356881253087368,0.2228488375700469,0.24094741501693515
2,test,2009-06-25,esn_selected,0.00432867485589622,0.0426488521175074,0.2098237464755361,0.21802027282383166
2,test,2009-06-26,esn_selected,0.050103040757098254,0.0577161659601046,0.2098809758561863,0.21148492378428888
2,test,2009-06-29,esn_selected,0.12401630144471315,0.05256332615266565,0.2079238115121159,0.19358539762386615
2,test,2009-06-30,esn_selected,0.10313527498168515,0.12509219577287312,0.2060951545953186,0.2106704150842508
2,test,2009-07-01,esn_selected,0.14356113187001077,0.14288045847399905,0.2088441385580366,0.20870203227847578
2,test,2009-07-02,esn_selected,-0.09707470898634066,0.2174074188056421,0.1843710734831716,0.25250538072663953
2,test,2009-07-06,esn_selected,-0.0497660730852409,0.1670841420841889,0.1933020757279309,0.24011172592374974
2,test,2009-07-07,esn_selected,-0.17050205548959524,0.20332279421447305,0.1806276826483547,0.2625030656139683
2,test,2009-07-08,esn_selected,-0.16548921149682505,0.18020467436865176,0.180901250946364,0.2556080440798819
2,test,2009-07-09,esn_selected,-0.16065775022618103,0.11914904778398895,0.1817089115076946,0.24037803198254004
2,test,2009-07-10,esn_selected,-0.12825040713076363,0.08046186690465731,0.1873294141779417,0.23080678092280635
2,test,2009-07-13,esn_selected,-0.31741611189541996,-0.10641778027438348,0.1668955171664658,0.2061009922983829
2,test,2009-07-14,esn_selected,-0.22497614736163135,-0.10663669946357986,0.1715864538350094,0.193142197355032
2,test,2009-07-15,esn_selected,-0.4892340268270257,-0.19316675527603883,0.1428550851540986,0.19207731964597963
2,test,2009-07-16,esn_selected,-0.5095629837980252,-0.2178011335931975,0.1414227481372234,0.189334533443528
2,test,2009-07-17,esn_selected,-0.48513814268012334,-0.21814186961433188,0.1440439632491769,0.18812654091664396
2,test,2009-07-20,esn_selected,-0.361703061492301,-0.22702218462611554,0.1648006870854484,0.18856026491054517
2,test,2009-07-21,esn_selected,-0.238245664564656,-0.13509660476261795,0.1663707847353208,0.1844480773452243
2,test,2009-07-22,esn_selected,-0.22108127838827563,-0.11441268721496746,0.169237434379206,0.18828772730489549
2,test,2009-07-23,esn_selected,-0.3646568477948159,-0.18820928274992957,0.1547540117632087,0.18461718306516056
2,test,2009-07-24,esn_selected,-0.21761665486534726,-0.16340406828020623,0.1687893049651082,0.17819238968450682
2,test,2009-07-27,esn_selected,-0.21981889007012448,-0.13382440961754852,0.1684639361882585,0.18359205040133
2,test,2009-07-28,esn_selected,-0.21450977383845862,-0.09523464217508835,0.1677814010588993,0.18903592561555815
2,test,2009-07-29,esn_selected,-0.2070007519128677,-0.08248612274961829,0.1675592844631908,0.1897774092085867
2,test,2009-07-30,esn_selected,-0.2438150729096628,-0.09746395098023322,0.1636570618745652,0.18944983646400224
2,test,2009-07-31,esn_selected,-0.11964136467720887,-0.019541717969628027,0.1635811284639277,0.18080312146249405
2,test,2009-08-03,esn_selected,-0.21324014526640125,-0.056651050832857895,0.1561807482650021,0.18265572077118783
2,test,2009-08-04,esn_selected,-0.03244201155164295,-0.0377336383963612,0.1748617915345853,0.1739389320518307
2,test,2009-08-05,esn_selected,-0.032695870767941476,-0.0005728039133621739,0.1750821752797578,0.18079765967346548
2,test,2009-08-06,esn_selected,-0.02867010010424675,0.06353799008500313,0.1765732702748104,0.19362901015451273
2,test,2009-08-07,esn_selected,-0.054465182380443684,0.00937128330212932,0.1773993592310264,0.1890931826681591
2,test,2009-08-10,esn_selected,0.07472294351474734,0.0657090032451524,0.1798441989027019,0.17823037840379663
2,test,2009-08-11,esn_selected,0.02730089187326223,0.12327752303143039,0.176335447982173,0.19409830676418588
2,test,2009-08-12,esn_selected,0.20841499671766114,0.16671333075259992,0.1759580690499991,0.1687712177484611
2,test,2009-08-13,esn_selected,0.20657524503015792,0.1765204620475392,0.1738736460797437,0.16872565969180686
2,test,2009-08-14,esn_selected,0.18068455238662265,0.20457989872427504,0.1725700266534344,0.17674330965667387
2,test,2009-08-17,esn_selected,-0.10128811825437356,0.24093588119599296,0.1489258704550766,0.2096988948760728
2,test,2009-08-18,esn_selected,-0.06644735764073824,0.18120868807613755,0.1556751684512008,0.19942288665408103
2,test,2009-08-19,esn_selected,-0.10319423952491749,0.1221324717531578,0.1526440020981021,0.19122201550254042
2,test,2009-08-20,esn_selected,-0.04286774238691543,0.10757091313390933,0.1482602377750758,0.1723293977465699
2,test,2009-08-21,esn_selected,-0.24908870141371314,0.05740685609657968,0.1315730906355552,0.17876249425111584
2,test,2009-08-24,esn_selected,-0.2350390560205078,0.04445622336397079,0.1331774756803573,0.17612217347600972
2,test,2009-08-25,esn_selected,-0.20810410310208227,0.017247220725894793,0.1362590488413785,0.17070026268707963
2,test,2009-08-26,esn_selected,-0.1667612409216374,0.01627333668686837,0.1418224587461942,0.17030834060519587
2,test,2009-08-27,esn_selected,-0.13584915802672473,0.017722017255147614,0.1428684096395112,0.16658324752011663
2,test,2009-08-28,esn_selected,-0.04657529283021266,0.018192918360262482,0.1561369915711305,0.16658438272426707
2,test,2009-08-31,esn_selected,-0.018923402132596027,0.07983410891285636,0.1532530653856664,0.16916052026490144
2,test,2009-09-01,esn_selected,-0.28167592462707286,0.15726425782538797,0.1319363981947445,0.20464160013389895
2,test,2009-09-02,esn_selected,-0.1020116324297244,0.1356397985798621,0.1581025391207191,0.2005162388656623
2,test,2009-09-03,esn_selected,-0.12169197611016559,0.06937642991764945,0.1563416916649437,0.18925822439077722
2,test,2009-09-04,esn_selected,-0.11969162102703654,0.01301248434877545,0.157387644719938,0.1797228500250165
2,test,2009-09-08,esn_selected,-0.1017027385973546,0.0007412024017858412,0.1624529101084668,0.17997754926857654
2,test,2009-09-09,esn_selected,-0.09430470191337034,-0.06648362737677736,0.1604662168570082,0.16499324077788372
2,test,2009-09-10,esn_selected,-0.10334247999360284,-0.10652104701963123,0.158682165517516,0.15817858437577467
2,test,2009-09-11,esn_selected,-0.08227505036584506,-0.07596037619123736,0.1601408616288834,0.16115529854049815
2,test,2009-09-14,esn_selected,-0.07679791781185834,-0.10093878994417119,0.1598131288388455,0.15600129613384228
2,test,2009-09-15,esn_selected,0.06728767341728524,-0.00725804900491929,0.1592915772226596,0.1478488723696071
2,test,2009-09-16,esn_selected,0.03902689346622283,-0.04654404334974576,0.1618707984011374,0.1485954539786003
2,test,2009-09-17,esn_selected,0.06135701911619342,-0.016354976166239495,0.162303079046538,0.1501678172489603
2,test,2009-09-18,esn_selected,0.1036836394137427,0.011496617216561252,0.1644575911505093,0.1499745645745562
2,test,2009-09-21,esn_selected,0.23717362396092875,0.06765220564656088,0.166790101308488,0.14078229994108318
2,test,2009-09-22,esn_selected,0.22374463309965495,0.05725876037291813,0.1665719378731333,0.14102559555759983
2,test,2009-09-23,esn_selected,0.2035352228743865,0.12397871368907731,0.1670165764594756,0.1542441225323972
2,test,2009-09-24,esn_selected,0.15885989793863983,0.18556738853746424,0.1662405578032843,0.17074024616824446
2,test,2009-09-25,esn_selected,0.17459648657198287,0.20102238342395667,0.1701227917737777,0.17467836659244637
2,test,2009-09-28,esn_selected,0.04108499610696622,0.05778598354919714,0.1626854804667879,0.16542530382785825
2,test,2009-09-29,esn_selected,0.06258121948199502,0.07094377765670132,0.163150289359103,0.1645203638244274
2,test,2009-09-30,esn_selected,0.288707681328935,0.17482913780896006,0.1760957103331817,0.1571418832825472
2,test,2009-10-01,esn_selected,0.07283085452287962,0.24164260303213952,0.1700469641883432,0.2013181328522351
2,test,2009-10-02,esn_selected,0.23995406098629826,0.2136736722728524,0.1987401125544039,0.1935851786650253
2,test,2009-10-05,esn_selected,0.2060649727355875,0.12818694089329769,0.1934031382416498,0.17891284319456327
2,test,2009-10-06,esn_selected,0.14090012300166188,0.06006105027128534,0.187033603547928,0.17250896844366514
2,test,2009-10-07,esn_selected,0.1530431183881974,0.012642846620755188,0.1870033538892857,0.16250784542829855
2,test,2009-10-08,esn_selected,0.21132032136536885,-0.050225442293080375,0.1960213464954409,0.15090911985052002
2,test,2009-10-09,esn_selected,0.19720996556165613,-0.1188898269139876,0.1950515297268984,0.142189970819821
2,test,2009-10-12,esn_selected,0.2747179459247084,-0.12126200363533325,0.2103395508678784,0.1415627645217997
2,test,2009-10-13,esn_selected,0.277395684704317,-0.11245979234924992,0.2102152543678673,0.14234825419672703
2,test,2009-10-14,esn_selected,0.22199155827077502,-0.14157771721267937,0.2021055396682577,0.14050186449055732
2,test,2009-10-15,esn_selected,0.23318168831658392,-0.18026651868470672,0.204925630236762,0.13553080084317046
2,test,2009-10-16,esn_selected,0.2159019540996222,-0.1866211789199254,0.2040886965806195,0.13646000301641315
2,test,2009-10-19,esn_selected,0.2225056639586737,-0.2135786811724714,0.2083546774226125,0.13471446471462864
2,test,2009-10-20,esn_selected,0.21993885014246572,-0.17193147091383057,0.2075487237896152,0.1402597140641879
2,test,2009-10-21,esn_selected,0.20527697594336167,-0.09024922088015917,0.2050738265194422,0.1526036209352472
2,test,2009-10-22,esn_selected,0.22028228272638986,-0.15715511963730092,0.2072069734532168,0.14206444080077982
2,test,2009-10-23,esn_selected,0.17933687054300715,-0.08311089239174607,0.2035389427436744,0.1565553448180335
2,test,2009-10-26,esn_selected,0.23021199224863986,0.036328688627818344,0.2047993586058425,0.168704296536728
2,test,2009-10-27,esn_selected,0.22453307446578796,0.06447156337045047,0.2042214350494342,0.17401532324879315
2,test,2009-10-28,esn_selected,0.09208596744886671,0.12275183704585473,0.1930817401598027,0.1990944814057081
2,test,2009-10-29,esn_selected,0.09527039704618621,0.05684283851632742,0.1870442193242225,0.1799929165012923
2,test,2009-10-30,esn_selected,-0.24418762790993653,0.15445334453890538,0.1556812077382705,0.23193365215657877
2,test,2009-11-02,esn_selected,-0.19219809921193975,0.11511238144682899,0.1595853215207156,0.2169982287410178
2,test,2009-11-03,esn_selected,-0.16113382456469946,0.06409043171678444,0.1591989175794923,0.19941313551224737
2,test,2009-11-04,esn_selected,-0.14748482296042092,0.03314109684330649,0.1613606188690992,0.1933046900096654
2,test,2009-11-05,esn_selected,-0.2729869750256974,-0.0722205066303882,0.149192376253204,0.18236370231314225
2,test,2009-11-06,esn_selected,-0.26930160697731353,-0.14722066752942012,0.1490023640142375,0.16834965749694905
2,test,2009-11-09,esn_selected,-0.46715950505105036,-0.2456226424025219,0.1318366463771697,0.16453124500671393
2,test,2009-11-10,esn_selected,-0.46152926973688807,-0.27793760307394155,0.1325026647844556,0.15920527757662992
2,test,2009-11-11,esn_selected,-0.42021715425647516,-0.2564913988774326,0.1327639687145881,0.15638151579725215
2,test,2009-11-12,esn_selected,-0.46598006756872756,-0.17536421553993015,0.1285948888447987,0.1719636158094979
2,test,2009-11-13,esn_selected,-0.4553179947829016,-0.18448541589063458,0.1294424902448427,0.16970629571199325
2,test,2009-11-16,esn_selected,-0.5511979411394781,-0.24126307060992905,0.1200662731170898,0.1636907106916052
2,test,2009-11-17,esn_selected,-0.5468933437157402,-0.25782246427305927,0.1201177824514498,0.16037962501570024
2,test,2009-11-18,esn_selected,-0.47498337801747603,-0.2612835603394715,0.1275344680426219,0.1579196695757836
2,test,2009-11-19,esn_selected,-0.5428221219945787,-0.1762259093925909,0.1204092122300889,0.17372824293542893
2,test,2009-11-20,esn_selected,-0.4874771047081679,-0.15557842093083948,0.1250083139512308,0.17421304215572692
2,test,2009-11-23,esn_selected,-0.5564805743472817,-0.19558361026095666,0.1173956891055701,0.16841769122861053
2,test,2009-11-24,esn_selected,-0.5529586835756639,-0.20419378147012812,0.1174774250046074,0.16650262742236768
2,test,2009-11-25,esn_selected,-0.49232165456284255,-0.18573592226732893,0.1180126673142792,0.1603530105965314
2,test,2009-11-27,esn_selected,-0.5969529195951756,-0.09063179119363654,0.1029653100921924,0.1708375772852923
2,test,2009-11-30,esn_selected,-0.41903565860253367,0.05059430234777473,0.1023885323567456,0.16376044824904168
2,test,2009-12-01,esn_selected,-0.5439359187699594,-0.02744574656022219,0.0926327537760192,0.15526494244335948
2,test,2009-12-02,esn_selected,-0.47763223029802915,-0.027760820548843393,0.0987431707043406,0.15484020562844403
2,test,2009-12-03,esn_selected,-0.3654191185661402,0.03612803775088899,0.1119690630537298,0.1672968478849336
2,test,2009-12-04,esn_selected,-0.2999450629964225,0.07671988584931944,0.1105305027630101,0.16108891422563879
2,test,2009-12-07,esn_selected,-0.29962755201887925,0.09663288159813828,0.1104247860170405,0.16411953811955834
2,test,2009-12-08,esn_selected,-0.23569315869493343,0.1987975729910659,0.1041539892681664,0.16083213829003967
2,test,2009-12-09,esn_selected,-0.24246121593555128,0.17088066138365302,0.1039740699727709,0.15719442550284166
2,test,2009-12-10,esn_selected,-0.26194543290405337,0.13718613399258706,0.1021689123857835,0.15228579935714698
2,test,2009-12-11,esn_selected,-0.1895759156040006,0.12089379797261363,0.1063878257600228,0.14511998229859116
2,test,2009-12-14,esn_selected,-0.18281421585226307,0.06323508782498415,0.107815612446332,0.13789213920068644
2,test,2009-12-15,esn_selected,-0.11549327996155981,0.18493873461414545,0.1069702315935039,0.1444571033606022
2,test,2009-12-16,esn_selected,-0.05140073252932847,0.16893174403155328,0.1140996340176739,0.1422241772633842
2,test,2009-12-17,esn_selected,-0.1074365473548579,0.19988395403203393,0.114542979376771,0.15575287548577255
2,test,2009-12-18,esn_selected,-0.016245597892196182,0.1961449102107247,0.1184688960575877,0.14650227446535327
2,test,2009-12-21,esn_selected,0.05649587418104358,0.12534648343015667,0.1322740783230741,0.14170206648764766
2,test,2009-12-22,esn_selected,0.2718840068453364,0.10516454421743952,0.1540741829428708,0.13041409461934772
2,test,2009-12-23,esn_selected,0.2770677866132073,0.11227661895707239,0.1549827738231356,0.13143636346473686
2,test,2009-12-24,esn_selected,0.2712936269987066,0.09565904482656323,0.1547925132276801,0.12985922948723302
2,test,2009-12-28,esn_selected,0.4123980273799107,0.15828034357232368,0.1555224608043005,0.12062330163525245
2,test,2009-12-29,esn_selected,0.45106485982208694,0.18862732298188714,0.1607482662136862,0.1236434524910133
2,test,2009-12-30,esn_selected,0.5794595372440523,0.2124552559810558,0.1653562651327793,0.11455992489028993
2,test,2009-12-31,esn_selected,0.5479415140319309,0.2783129381979489,0.1707949574850281,0.13042980406573665
2,test,2010-01-04,esn_selected,0.39149642004668167,0.16109065730660965,0.1656238130875061,0.13154029989015578
2,test,2010-01-05,esn_selected,0.40853695850234645,0.1505911420169806,0.1663058369451575,0.12849405876647801
2,test,2010-01-06,esn_selected,0.5944437067522008,0.13219790885944036,0.2000922132261153,0.12603158227601646
2,test,2010-01-07,esn_selected,0.6507825149688438,0.13802107300427524,0.1996674005623829,0.11956875278966457
2,test,2010-01-08,esn_selected,0.6590222565824871,0.11327177141283011,0.2009716387690148,0.11644433088058229
2,test,2010-01-11,esn_selected,0.6999787418888883,0.10066447190986307,0.205738550276736,0.11298916388758011
2,test,2010-01-12,esn_selected,0.6468605168902123,0.14935088845917202,0.2031514312514283,0.12352481156767604
2,test,2010-01-13,esn_selected,0.6392454898622755,0.12016698130083732,0.204316030806767,0.12158206382058964
2,test,2010-01-14,esn_selected,0.6461200736042552,0.10122866685562963,0.2041123668214974,0.11836573180127322
2,test,2010-01-15,esn_selected,0.598891825414661,0.14967108911591487,0.2076728229533013,0.1325212670283817
2,test,2010-01-19,esn_selected,0.5753710365650248,0.09770231801169983,0.2036333667038719,0.12629904100186118
2,test,2010-01-20,esn_selected,0.5309355957664564,0.15276614387540313,0.2014590311502411,0.13802248262635516
2,test,2010-01-21,esn_selected,0.35923240701472275,0.18039002269366175,0.189446853343381,0.15842259962048494
2,test,2010-01-22,esn_selected,0.108402881930874,0.21939056094997925,0.1717151631322471,0.19187128465665915
2,test,2010-01-25,esn_selected,0.1281666476802965,0.17257025077380522,0.1761754937461735,0.1841746007685416
2,test,2010-01-26,esn_selected,0.14265459165920696,0.15786864064930162,0.1785270601989214,0.18126394640784507
2,test,2010-01-27,esn_selected,0.1338449882840791,0.09767669590341964,0.177795702423983,0.17148003735409412
2,test,2010-01-28,esn_selected,0.07361565896464056,0.10151904433341521,0.1730283123685549,0.17792437879386672
2,test,2010-01-29,esn_selected,0.042680510266344486,0.10298967767249037,0.1725665292804065,0.18329410730500909
2,test,2010-02-01,esn_selected,-0.04097832651731925,-0.03249761788172058,0.1639375285010068,0.1653337470075625
2,test,2010-02-02,esn_selected,-0.04517048261211622,-0.10127089372611069,0.1583089570180361,0.14967228490712955
2,test,2010-02-03,esn_selected,-0.05325854468367532,-0.11840448740709554,0.1576803590288267,0.1477355715545151
2,test,2010-02-04,esn_selected,-0.49047769119510004,0.013838315237092579,0.1225232288440351,0.20288039975687366
2,test,2010-02-05,esn_selected,-0.4901335014347122,-0.06292660632077283,0.1223051906343369,0.18749016275442892
2,test,2010-02-08,esn_selected,-0.5180469033732182,-0.08865363364851972,0.1197153562822436,0.18392170740134983
2,test,2010-02-09,esn_selected,-0.6051839175744798,-0.14481064734658874,0.1123278999052567,0.1780021345272664
2,test,2010-02-10,esn_selected,-0.585827139018303,-0.15076377856363732,0.1130832788992716,0.17472055850778792
2,test,2010-02-11,esn_selected,-0.6480208885441162,-0.2254976710721102,0.1068736266584088,0.16306848968418894
2,test,2010-02-12,esn_selected,-0.6473691224107498,-0.2639781945705452,0.1068367039620259,0.15675631493711362
2,test,2010-02-16,esn_selected,-0.7759893413577533,-0.306504057044294,0.0955810456711969,0.15285042329401782
2,test,2010-02-17,esn_selected,-0.7477375569871257,-0.28891570031884484,0.0964074612881588,0.1525367353446105
2,test,2010-02-18,esn_selected,-0.7607865438078256,-0.31490621083613474,0.0941415497059051,0.14703634932405463
2,test,2010-02-19,esn_selected,-0.6844506697284041,-0.26641805538355473,0.0955507823170531,0.14513879224611037
2,test,2010-02-22,esn_selected,-0.566803293892734,-0.19322735743236344,0.0974202195372731,0.1415438719790163
2,test,2010-02-23,esn_selected,-0.6640477390494139,-0.11484196998268173,0.0906887108770751,0.15706168901175765
2,test,2010-02-24,esn_selected,-0.7256468807248212,-0.17752714142092518,0.0864091269959579,0.1494875401773311
2,test,2010-02-25,esn_selected,-0.7208539568166681,-0.20963192174026377,0.0864685872780779,0.1441714519981474
2,test,2010-02-26,esn_selected,-0.6937254094086603,-0.20969209919089798,0.0864641456635058,0.14029721508919027
2,test,2010-03-01,esn_selected,-0.750875583712668,-0.24248755651735818,0.0814433148864032,0.13540838451321607
2,test,2010-03-02,esn_selected,-0.7064559273120861,-0.18997338705810723,0.080885089894524,0.13557324454487776
2,test,2010-03-03,esn_selected,-0.6611758395239749,-0.1564538054387649,0.081726042466585,0.1353812324129834
2,test,2010-03-04,esn_selected,-0.6232465454864481,-0.1489326381486649,0.0845483359841653,0.1358616789513985
2,test,2010-03-05,esn_selected,-0.5071565865879084,-0.08729876019073889,0.0737841580974309,0.11228068755326216
2,test,2010-03-08,esn_selected,-0.4990390215477492,-0.026094566387747226,0.0742531693828489,0.11915497028839307
2,test,2010-03-09,esn_selected,-0.444420190385994,0.0020099530303542244,0.0767610003852919,0.11995622050718328
2,test,2010-03-10,esn_selected,-0.38898348585005965,0.042456413929454616,0.0761297244517952,0.11719962595738898
2,test,2010-03-11,esn_selected,-0.36901113087578136,0.02489193140650093,0.0781877822246604,0.11593346629025532
2,test,2010-03-12,esn_selected,-0.30994633761555845,0.04790528634895394,0.0783903426730996,0.11211805330502563
2,test,2010-03-15,esn_selected,-0.3090925870159199,0.0733435302793159,0.0784301916283311,0.11496699277538143
2,test,2010-03-16,esn_selected,-0.13578920787108947,0.10464757270440629,0.0834447991728016,0.10612547347085124
2,test,2010-03-17,esn_selected,-0.17639409368558168,0.08778837105722255,0.0808171749491133,0.10525352555207541
2,test,2010-03-18,esn_selected,0.0487194836587449,0.10247680826871153,0.0988416407666547,0.1043005156411867
2,test,2010-03-19,esn_selected,0.02648838843496174,0.16484429860812602,0.098115587369304,0.11267439022698637
2,test,2010-03-22,esn_selected,0.03905241541498229,0.13325485996971517,0.1012999783268246,0.11130660958841869
2,test,2010-03-23,esn_selected,0.08191100567051506,0.1255138270020718,0.0984298280211341,0.10281658881017353
2,test,2010-03-24,esn_selected,0.12052966478681283,0.20805577712932002,0.0974776354356496,0.10639398931244724
2,test,2010-03-25,esn_selected,0.1456536200194863,0.2641470652918235,0.1000264664176056,0.11260974535643967
2,test,2010-03-26,esn_selected,0.1545229874065112,0.26240724700676327,0.1009124000657945,0.11240822084948918
2,test,2010-03-29,esn_selected,0.46761598662260256,0.2573652521302661,0.129998542910885,0.10534835310502284
2,test,2010-03-30,esn_selected,0.4952317823383876,0.2436403298414501,0.1327226067292256,0.10320010123531369
2,test,2010-03-31,esn_selected,0.5324988444835382,0.24752613247280028,0.1391944049542244,0.10467903308843866
2,test,2010-04-01,esn_selected,0.5724102048948014,0.22295059075215573,0.1498648067256808,0.10566502882957353
2,test,2010-04-05,esn_selected,0.7357302679767169,0.21612234268018138,0.1539879444587511,0.09158489820381242
2,test,2010-04-06,esn_selected,0.8597779919566201,0.18611779563120542,0.1754332193591947,0.08944270544771815
2,test,2010-04-07,esn_selected,0.8271497112413754,0.2391885022162031,0.175536397564705,0.09750320077327104
2,test,2010-04-08,esn_selected,1.0250091352668007,0.23126864085957696,0.2121827477708852,0.09593850628858332
2,test,2010-04-09,esn_selected,1.0232492334865209,0.1971761695794702,0.2175356252339721,0.09522948092002739
2,test,2010-04-12,esn_selected,1.2213545381306667,0.17022274265075168,0.2658827116006557,0.09293715222939754
2,test,2010-04-13,esn_selected,1.221516592259312,0.18979121654395145,0.266060983234295,0.0948218783644547
2,test,2010-04-14,esn_selected,1.1653376713876882,0.12386325733225648,0.267607939441741,0.09444792107219985
2,test,2010-04-15,esn_selected,1.2108541730315463,0.1417112141121236,0.2712507520056961,0.09312109270624346
2,test,2010-04-16,esn_selected,1.016034532195715,0.16772313000973857,0.2730223099863204,0.11689102742108053
2,test,2010-04-19,esn_selected,1.0222326634221706,0.1461452732930787,0.2727018053272347,0.11355547907231728
2,test,2010-04-20,esn_selected,0.9994032081152074,0.07249671089112632,0.2751976055943531,0.1089166497147822
2,test,2010-04-21,esn_selected,1.0305756259965873,0.10574376435447715,0.2758671790102715,0.10940839817113712
2,test,2010-04-22,esn_selected,1.1493948601430817,0.09250320421870747,0.3076669392143217,0.10692484192761832
2,test,2010-04-23,esn_selected,1.1346927034273655,0.05457325394886495,0.3111040800007579,0.10563693454774717
2,test,2010-04-26,esn_selected,1.1357679811837067,0.05830679443160959,0.31419719413656,0.10697119673663891
2,test,2010-04-27,esn_selected,0.8446027227625906,0.029412677005979746,0.3025135182123071,0.13387893467794432
2,test,2010-04-28,esn_selected,0.8224223214027149,-0.024405347658065943,0.3020775002837944,0.12952267195765657
2,test,2010-04-29,esn_selected,0.8354844837598442,-0.12227768882754365,0.3209726883723213,0.12317349179794347
2,test,2010-04-30,esn_selected,0.7535153589511124,0.004162643258308544,0.318381057093472,0.15048994065515145
2,test,2010-05-03,esn_selected,0.7339165037260164,-0.11566528175425801,0.3207913206641393,0.13716835429488564
2,test,2010-05-04,esn_selected,0.6092915669841587,-0.019606150154242927,0.3226441525449608,0.17202714839520067
2,test,2010-05-05,esn_selected,0.6072568116554461,-0.05668233564578833,0.3221776903061623,0.1658633205944076
2,test,2010-05-06,esn_selected,0.4260612487626766,-0.12686622482566945,0.3248973121858292,0.18690149181335688
2,test,2010-05-07,esn_selected,0.3970617982451164,-0.052709033089715925,0.3235728978085654,0.2063664760558376
2,test,2010-05-10,esn_selected,0.07858987970899753,-0.24884043661636926,0.2876214360788652,0.20730991366541188
2,test,2010-05-11,esn_selected,0.07948968954763162,-0.31844637208956694,0.2880733779788152,0.1935003208668961
2,test,2010-05-12,esn_selected,0.11986996996271163,-0.41052629205417357,0.3016878781416117,0.17750463208430656
2,test,2010-05-13,esn_selected,0.09705710572962255,-0.37351661241088124,0.2988975232237697,0.18670448351682903
2,test,2010-05-14,esn_selected,0.06661557618659489,-0.2089403168851232,0.2918293138052051,0.22154222348266603
2,test,2010-05-17,esn_selected,0.10386247767538097,-0.23394809951865478,0.3025484372219155,0.2158169965771055
2,test,2010-05-18,esn_selected,0.08168045880238148,-0.16037287790343802,0.298619403394652,0.23442050382091678
2,test,2010-05-19,esn_selected,0.07712479451598708,-0.18198072286021194,0.2979853454435123,0.22996768327611855
2,test,2010-05-20,esn_selected,-0.14988038828980382,-0.1035294930159686,0.2648430651015263,0.27740772036895206
2,test,2010-05-21,esn_selected,-0.1795844722429508,-0.28225097017216944,0.2599639704786965,0.23459873602143919
2,test,2010-05-24,esn_selected,-0.17938766739712358,-0.3331798471920608,0.262600306279228,0.22516668460673786
2,test,2010-05-25,esn_selected,-0.14070302157749476,-0.39954804404706756,0.2628077938673163,0.20287254419183479
2,test,2010-05-26,esn_selected,-0.1175841745863678,-0.34784359289709577,0.2685667357440545,0.21332994718981166
2,test,2010-05-27,esn_selected,-0.2815427991298833,-0.44256907716330973,0.2422119665036746,0.20618770833316682
2,test,2010-05-28,esn_selected,-0.28979819099567755,-0.3472384728338424,0.2382810280353186,0.22497976960905616
2,test,2010-06-01,esn_selected,-0.22553354094458594,-0.25772232281763385,0.2560204385543048,0.24791067442730785
2,test,2010-06-02,esn_selected,-0.28928634754174914,-0.3484650492011473,0.2415952181554241,0.22771275126844845
2,test,2010-06-03,esn_selected,-0.286962648174769,-0.3919697672851663,0.2418071671147794,0.2177033724306921
2,test,2010-06-04,esn_selected,-0.4522268601482743,-0.1902679917131488,0.2067028613807061,0.2686048063970922
2,test,2010-06-07,esn_selected,-0.4652801435951552,-0.18777300872794722,0.2031905656919391,0.26817812917233075
2,test,2010-06-08,esn_selected,-0.2325850863632642,-0.24027902016975136,0.2279349020940725,0.22618791526365697
2,test,2010-06-09,esn_selected,-0.22589636820523407,-0.21269980524697632,0.2298251641818586,0.23287816669392186
2,test,2010-06-10,esn_selected,-0.374255078847613,-0.2508600282300349,0.2075013587814927,0.234752774884189
2,test,2010-06-11,esn_selected,-0.36834620700905857,-0.33066615390776816,0.2068005032087782,0.21474142481277003
2,test,2010-06-14,esn_selected,-0.31275867129389323,-0.30229923478296905,0.2134516660043023,0.21569596675315292
2,test,2010-06-15,esn_selected,-0.42419131876760413,-0.3856862960155814,0.1979570462309719,0.2057280377974556
2,test,2010-06-16,esn_selected,-0.41112911285167736,-0.37642951319014234,0.1979552017624159,0.20494473368912736
2,test,2010-06-17,esn_selected,-0.29749857387850537,-0.3813827884505664,0.2213058618712919,0.2034990874264302
2,test,2010-06-18,esn_selected,-0.17529702165039115,-0.31501006476275484,0.2222583450560576,0.1932775770356612
2,test,2010-06-21,esn_selected,-0.14243630976275923,-0.19487134847292023,0.2254518783898888,0.21393488603514188
2,test,2010-06-22,esn_selected,-0.165857810814116,-0.08924619892878384,0.2224662305742367,0.24017958858171284
2,test,2010-06-23,esn_selected,-0.10921117090102689,-0.08177772245475333,0.2356179818010699,0.24217127427111093
2,test,2010-06-24,esn_selected,-0.15467360704654456,-0.04736571630358823,0.2300797128012964,0.256142445385656
2,test,2010-06-25,esn_selected,-0.040780338943389706,-0.024291031053859706,0.2325331739452872,0.23639927208824035
2,test,2010-06-28,esn_selected,-0.02556268955679649,0.0004471283921701644,0.2322671174327293,0.23838759407084334
2,test,2010-06-29,esn_selected,-0.2215431336136898,0.11070380744090332,0.2051444049985064,0.2859912130756971
2,test,2010-06-30,esn_selected,-0.17372335770213373,0.10569537950470519,0.2030678817007578,0.2685290368961885
2,test,2010-07-01,esn_selected,-0.17765240029147952,0.06269081077007727,0.2024490354586209,0.2574515093546193
2,test,2010-07-02,esn_selected,0.046519566792358504,0.10993245892734528,0.2165457575848189,0.23072228750333293
2,test,2010-07-06,esn_selected,0.0610087395639364,0.1538739684058756,0.2159729191479315,0.23699007304005612
2,test,2010-07-07,esn_selected,-0.19601022884011268,-0.026936012893624052,0.1873633617118304,0.221877196114553
2,test,2010-07-08,esn_selected,-0.2218536900075472,-0.06537791768027895,0.1840974384284579,0.21528031000952638
2,test,2010-07-09,esn_selected,-0.12693501007409572,-0.04543762120355501,0.1827653113066004,0.19828398420655677
2,test,2010-07-12,esn_selected,-0.11831330002072499,-0.03962061889748339,0.1837252207469989,0.19876713368623206
2,test,2010-07-13,esn_selected,-0.1876136751310137,-0.037063678835517436,0.1769375319013241,0.20568517836916628
2,test,2010-07-14,esn_selected,0.02268482022248983,0.019985680457701403,0.202498988030753,0.20195315193516922
2,test,2010-07-15,esn_selected,0.028459198852214082,0.05295681214559862,0.2036697786598488,0.20872081874488935
2,test,2010-07-16,esn_selected,-0.21643082172159084,0.13905471714332526,0.1782371404460997,0.25432181473084936
2,test,2010-07-19,esn_selected,-0.22760984019042302,0.08815346643901763,0.1770143108485987,0.24274072251878676
2,test,2010-07-20,esn_selected,-0.2363901229848868,-0.03074285813798652,0.1779880856646351,0.21862629974952894
2,test,2010-07-21,esn_selected,-0.2576034224182723,0.08818094798589042,0.1719445248709251,0.24297444309803837
2,test,2010-07-22,esn_selected,-0.3549018692552384,0.019356858930907668,0.1652252844660248,0.24022323364806927
2,test,2010-07-23,esn_selected,-0.3460962450198109,-0.03872753138186914,0.1627686034154391,0.22133962683381372
2,test,2010-07-26,esn_selected,-0.37932842856058774,-0.1001746767939005,0.1591272934925611,0.21036796710876768
2,test,2010-07-27,esn_selected,-0.3251993078424054,-0.0921965594093406,0.1677859013180118,0.21181039646198674
2,test,2010-07-28,esn_selected,-0.20707780964813033,0.010905793283036378,0.1667734552600581,0.20739391150343145
2,test,2010-07-29,esn_selected,-0.19208981212085885,0.08213174044013058,0.1675782663023038,0.22045025228219667
2,test,2010-07-30,esn_selected,-0.13866457443805402,0.07603727982377514,0.1762359291129172,0.21844307580167105
2,test,2010-08-02,esn_selected,-0.2675036261024483,-0.04544267381905471,0.1657197734990904,0.20692557813922122
2,test,2010-08-03,esn_selected,-0.270167823953474,-0.017910616880049104,0.1648416311138692,0.21213914604310444
2,test,2010-08-04,esn_selected,0.03379098926130684,0.011424183400010324,0.1938027388048152,0.18951610839169516
2,test,2010-08-05,esn_selected,0.06539579385894806,0.04380813573994241,0.1965390163284879,0.19234166770569064
2,test,2010-08-06,esn_selected,0.09648021259641357,0.07365736047880467,0.2012772056499819,0.1967355101127207
2,test,2010-08-09,esn_selected,0.10658333379167416,0.05985882317645579,0.2043889118836539,0.1950586142117799
2,test,2010-08-10,esn_selected,0.14708441476212558,0.11062202234961964,0.20497359335346,0.19763438147928708
2,test,2010-08-11,esn_selected,-0.11496497785564641,0.16777143556795493,0.1805070637397518,0.23948872170092825
2,test,2010-08-12,esn_selected,-0.12310940582214477,0.1412074653788838,0.1800780817623505,0.23455906103543273
2,test,2010-08-13,esn_selected,0.03181039621305615,0.1939327838834856,0.1839980775662906,0.21638250481988233
2,test,2010-08-16,esn_selected,0.038726710893827114,0.18232098879088393,0.1840039624536436,0.21241705236474617
2,test,2010-08-17,esn_selected,0.007551471687198504,0.15293600305921382,0.1793372453133526,0.20740068874487744
2,test,2010-08-18,esn_selected,0.04145793646118748,0.1463936005615518,0.1792228191481908,0.1990518802520095
2,test,2010-08-19,esn_selected,0.016969312254870004,0.24984937771243143,0.168052967978693,0.21212151210011412
2,test,2010-08-20,esn_selected,0.07870289495910102,0.2544036749394548,0.1760965591652091,0.2099214170571441
2,test,2010-08-23,esn_selected,0.0992371888937506,0.25301729196191536,0.175728758052141,0.20494092397703814
2,test,2010-08-24,esn_selected,0.0035990547102702167,0.2670501922640627,0.1683908599430497,0.21914617261189245
2,test,2010-08-25,esn_selected,0.020984195338264604,0.24402694311396952,0.1703100384255379,0.2128660892953536
2,test,2010-08-26,esn_selected,0.09110129575894971,0.2338523677103628,0.1835618741335002,0.2117280930160305
2,test,2010-08-27,esn_selected,-0.0008180195064092712,0.08731946704034323,0.1760918236337549,0.1923166189246096
2,test,2010-08-30,esn_selected,0.018101837553824385,0.18255558230879565,0.1687469217312029,0.1989102728313868
2,test,2010-08-31,esn_selected,0.024087934311930896,0.17180636344574704,0.1688605347173332,0.1957408450121118
2,test,2010-09-01,esn_selected,-0.37675416411728163,0.013923719993365898,0.1329650972857944,0.19652006763620497
2,test,2010-09-02,esn_selected,-0.4157168675815595,-0.045581304939101626,0.1296896255919263,0.18778161457866052
2,test,2010-09-03,esn_selected,-0.48229063624996543,-0.1404571032635752,0.1242620266512328,0.1749020297661625
2,test,2010-09-07,esn_selected,-0.39847947001613027,-0.040847837476873525,0.1372144649909239,0.1962082847405968
2,test,2010-09-08,esn_selected,-0.4179965894449287,-0.04850121762237104,0.1349473319329507,0.19526936030757713
2,test,2010-09-09,esn_selected,-0.29777674848553304,-0.0020885348024681618,0.1340205521995763,0.18013046186499512
2,test,2010-09-10,esn_selected,-0.29346713296913307,-0.03110082675506551,0.1342794950167357,0.17456369993622928
2,test,2010-09-13,esn_selected,-0.3591880443173342,-0.07715509779147803,0.1284753767341527,0.17033553238800156
2,test,2010-09-14,esn_selected,-0.3557566667348893,-0.06240034593441346,0.1289211046904495,0.17287295257258062
2,test,2010-09-15,esn_selected,-0.31311271113169736,-0.059656959189310466,0.1311255648120011,0.16895140447386092
2,test,2010-09-16,esn_selected,-0.3069334206603753,-0.057388838095481155,0.1318541530728613,0.16922699736436914
2,test,2010-09-17,esn_selected,-0.2411254244704861,0.0001888998991140241,0.1320464547804198,0.16808471616591028
2,test,2010-09-20,esn_selected,-0.3685107727140014,-0.07498807213035337,0.1218172174306706,0.1633743844271325
2,test,2010-09-21,esn_selected,-0.29903100044390873,-0.022514415805101624,0.1303092743339277,0.17181653370441305
2,test,2010-09-22,esn_selected,-0.23098944342247926,0.03180628439126127,0.1336598822398723,0.17383283322966017
2,test,2010-09-23,esn_selected,-0.26459675489804335,0.039789361661555264,0.1307155746097201,0.17722318901651074
2,test,2010-09-24,esn_selected,-0.5216748961020412,-0.09116437656338774,0.1089486753836053,0.1675676956638648
2,test,2010-09-27,esn_selected,-0.48771174451053445,-0.031615464040190375,0.1081256351731058,0.17061168395488574
2,test,2010-09-28,esn_selected,-0.4517118562730591,0.011979285861176334,0.1074137534124746,0.1707805457070321
2,test,2010-09-29,esn_selected,-0.4495608532098867,0.03233195322683103,0.1077175240534677,0.17440934418714518
2,test,2010-09-30,esn_selected,-0.21538942287885385,0.16931525939484893,0.1072001067545043,0.15749629383054126
2,test,2010-10-01,esn_selected,-0.19987742671284592,0.15522101565246296,0.1061939005650401,0.15146659658468475
2,test,2010-10-04,esn_selected,-0.1898043369892719,0.2301146896587224,0.1027797261649318,0.1564141260311582
2,test,2010-10-05,esn_selected,-0.5432840042706001,0.09487580107169205,0.07969932650841,0.15087036237767534
2,test,2010-10-06,esn_selected,-0.5112594487654917,0.0882884387666591,0.0809332806622372,0.14740339429226482
2,test,2010-10-07,esn_selected,-0.23989948391342686,0.10747420615904674,0.1054348976864027,0.14922681084416503
2,test,2010-10-08,esn_selected,-0.25134795830289,0.08175830794261092,0.1044361054316204,0.14571923456884847
2,test,2010-10-11,esn_selected,-0.2055803262104775,0.038665626634719084,0.1046014003299992,0.13354024483683746
2,test,2010-10-12,esn_selected,-0.18515498060672594,0.018357150671770017,0.1071302779850532,0.13130958460373404
2,test,2010-10-13,esn_selected,-0.22677562246513527,0.004959993153379274,0.1045201370280555,0.13177756233063823
2,test,2010-10-14,esn_selected,-0.23273028858618186,0.04123053543444927,0.1044769133569963,0.13740419988979172
2,test,2010-10-15,esn_selected,-0.1607443760897323,0.010281923894361208,0.1124388383546412,0.13341115020351854
2,test,2010-10-18,esn_selected,-0.0913038905975994,0.02698509510325229,0.1111874830414279,0.125149221660382
2,test,2010-10-19,esn_selected,-0.12302017026969816,0.09721525686203501,0.1152254320366821,0.1436135361760424
2,test,2010-10-20,esn_selected,-0.19523636676444803,0.04012743046513766,0.1099539909578068,0.13913237408608625
2,test,2010-10-21,esn_selected,-0.07463474361251976,0.04793792786496509,0.1213148258294366,0.137134432583186
2,test,2010-10-22,esn_selected,0.10934700735657624,0.1035077999607382,0.121537628041824,0.12083001259256239
2,test,2010-10-25,esn_selected,0.113430616802808,0.15681069559545333,0.1211130559996753,0.12648257292816273
2,test,2010-10-26,esn_selected,0.20413830995234655,0.14463831556097087,0.1317395070904594,0.1241296454546212
2,test,2010-10-27,esn_selected,0.2714730202843985,0.14167182442747925,0.1413141325791483,0.12411196566275069
2,test,2010-10-28,esn_selected,0.3178116086922978,0.15963814549255437,0.1473055282291608,0.1257549774083956
2,test,2010-10-29,esn_selected,0.32975727288262946,0.16661754935017825,0.1476764816858803,0.12544710843867768
2,test,2010-11-01,esn_selected,0.37149214689559806,0.20409128885768849,0.149019961112782,0.12605009485274843
2,test,2010-11-02,esn_selected,0.7231948344762641,0.2807181143861699,0.16426089219557,0.10552830912007637
2,test,2010-11-03,esn_selected,0.7408605799128702,0.24213534444280232,0.169776981053888,0.10310629683310121
2,test,2010-11-04,esn_selected,0.39165261007414465,0.09731120874005007,0.1559828848880547,0.11621069591471833
2,test,2010-11-05,esn_selected,0.3977175187560765,0.08366120273613203,0.1554451555352297,0.11354924913184407
2,test,2010-11-08,esn_selected,0.3952619713582003,0.09384202082766857,0.1553093462695273,0.11489273567602695
2,test,2010-11-09,esn_selected,0.3611864837743091,0.16430337190873817,0.1537352748680205,0.12626072524948517
2,test,2010-11-10,esn_selected,0.38556686290230485,0.15473109300819848,0.1536913875129717,0.12201095608567901
2,test,2010-11-11,esn_selected,0.3910455634927694,0.14011133370136458,0.1544718201230964,0.12019043652133186
2,test,2010-11-12,esn_selected,0.2789666179844701,0.15716851124748987,0.1486175210381219,0.13157511772626945
2,test,2010-11-15,esn_selected,0.2898223066377643,0.15241457617301346,0.1485676068377071,0.12949372043011986
2,test,2010-11-16,esn_selected,0.18528003550959973,0.22161353740048625,0.1386801945400308,0.1438115879021925
2,test,2010-11-17,esn_selected,0.24293253689004118,0.220653334944319,0.1401894260332135,0.13710065296110768
2,test,2010-11-18,esn_selected,0.07147466286885616,0.09666171932288116,0.1303031548226185,0.1336267883071872
2,test,2010-11-19,esn_selected,0.06895143408717504,0.056823237338789113,0.1302134913673769,0.1286437746823447
2,test,2010-11-22,esn_selected,0.08682867167143812,0.039890649739473275,0.1320991963871675,0.12604199010177347
2,test,2010-11-23,esn_selected,-0.07679054216688994,0.07269077110760389,0.1220018244958909,0.1416723947233618
2,test,2010-11-24,esn_selected,-0.24670928326694644,-0.012961968033526691,0.1104183153149413,0.13949424346253833
2,test,2010-11-26,esn_selected,-0.36463183971875796,-0.02779429298682122,0.1022966589873421,0.14326765014494075
2,test,2010-11-29,esn_selected,-0.37150960243785935,-0.08625432734713001,0.1018513445771922,0.13547262890581488
2,test,2010-11-30,esn_selected,-0.3999056364108245,-0.08507838926718299,0.0999004937177295,0.1368659356621957
2,test,2010-12-01,esn_selected,-0.901939579819467,-0.20990334535908076,0.0666540886669421,0.13316016136833905
2,test,2010-12-02,esn_selected,-1.2423339717816835,-0.3313271814835187,0.0490162427488499,0.12189481712491225
2,test,2010-12-03,esn_selected,-0.9492982785425735,-0.35038280514510417,0.0603673267321349,0.10987721156694118
2,test,2010-12-06,esn_selected,-0.9472601030880079,-0.325069194475821,0.0602819588327135,0.11230560566897496
2,test,2010-12-07,esn_selected,-0.9023478910441269,-0.27876611091056264,0.062995986583053,0.11752520244342092
2,test,2010-12-08,esn_selected,-0.9075296563228249,-0.26011789646710115,0.0620352314323152,0.11852385311363696
2,test,2010-12-09,esn_selected,-0.9259937374699868,-0.2519266858523064,0.0608829322677072,0.11946458035380973
2,test,2010-12-10,esn_selected,-0.9887527559536721,-0.2552366407755023,0.0574697619139725,0.11967443868040657
2,test,2010-12-13,esn_selected,-0.9275455566496597,-0.21933323143898292,0.0587816937749513,0.11934790524674957
2,test,2010-12-14,esn_selected,-0.7993110685390982,-0.2123990239355617,0.0668017348492432,0.12013800162995883
2,test,2010-12-15,esn_selected,-0.757123757657902,-0.13904056823161937,0.0650428813824186,0.12067849646827504
2,test,2010-12-16,esn_selected,-0.7407696511391837,-0.1621841240803624,0.0668348666377816,0.1192009145600388
2,test,2010-12-17,esn_selected,-0.6651821237904693,-0.1872818776027708,0.0669992598315531,0.10804867480453584
2,test,2010-12-20,esn_selected,-0.550426224406068,-0.1914052866487152,0.0750946351650302,0.1075300193218802
2,test,2010-12-21,esn_selected,-0.6094027572082651,-0.20783225979800937,0.0718190937907378,0.1073098955236077
2,test,2010-12-22,esn_selected,-0.5354515212349555,-0.20675761332559967,0.0714204668101109,0.09921392586880173
2,test,2010-12-23,esn_selected,-0.3998257826805952,-0.10676150464828757,0.0740285061296073,0.09923735590482524
2,test,2010-12-27,esn_selected,-0.32327140163300666,-0.021683278647669262,0.0740400091895269,0.10010240728230993
2,test,2010-12-28,esn_selected,-0.304326454195815,0.004664333981045187,0.0751275916376758,0.10232752292884055
2,test,2010-12-29,esn_selected,-0.2788142363876214,0.01537637803174357,0.0755927509266272,0.10144847212597463
2,test,2010-12-30,esn_selected,0.38489014830898705,0.1561873226211088,0.0979450432679243,0.07792164049589555
2,test,2010-12-31,esn_selected,0.7277508779099876,0.2675546194775524,0.1014841476769887,0.06405271058846758
2,test,2011-01-03,esn_selected,0.6018745103704323,0.2528831938418911,0.1102028238102015,0.0777369898760684
2,test,2011-01-04,esn_selected,0.6051065470894594,0.26259157126114935,0.1104032327848459,0.07838436175562817
2,test,2011-01-05,esn_selected,0.5496820991594261,0.20948930640436267,0.1091532784234971,0.07767708719076032
2,test,2011-01-06,esn_selected,0.5672347906530347,0.23828299809236972,0.1093919455274713,0.07872694482016009
2,test,2011-01-07,esn_selected,0.604075119865095,0.2565978578398969,0.1113889351294121,0.07869272684454022
2,test,2011-01-10,esn_selected,0.6713200342951133,0.2732713680645375,0.1124579038949254,0.07553002790548738
2,test,2011-01-11,esn_selected,0.6450729356968573,0.24505931972601172,0.1120453176990055,0.07510519988090118
2,test,2011-01-12,esn_selected,0.47501910214538867,0.1697843216822291,0.1074201899907525,0.07916334473504467
2,test,2011-01-13,esn_selected,0.5191950345518406,0.17244883617611567,0.1093158939575619,0.07728466879799074
2,test,2011-01-14,esn_selected,0.46680704204815693,0.09304799931650083,0.1065945028163041,0.07335222948909191
2,test,2011-01-18,esn_selected,0.4682468732606057,0.12206252537574586,0.1070106588905696,0.0756974214726995
2,test,2011-01-19,esn_selected,0.32152213047811695,0.1837283262589098,0.1035724378811707,0.0902404204149267
2,test,2011-01-20,esn_selected,0.37030045472720335,0.22537339810609738,0.1040062325448202,0.0899742725618247
2,test,2011-01-21,esn_selected,0.37541571796909573,0.23673724262336113,0.1039593748349512,0.09049745428784746
2,test,2011-01-24,esn_selected,0.5224688384406084,0.17627946822170068,0.1248257887777061,0.08829908147340756
2,test,2011-01-25,esn_selected,0.537325738536311,0.16801480784940834,0.1267138443822538,0.08758593447271713
2,test,2011-01-26,esn_selected,0.5170409018592624,0.1089423630272591,0.1259933076677015,0.08377463301077062
2,test,2011-01-27,esn_selected,0.5516383304556103,0.07709703054829041,0.131236195897951,0.08165127395454555
2,test,2011-01-28,esn_selected,0.18155003937933648,0.07249459765275777,0.1174434073250797,0.10530923699525836
2,test,2011-01-31,esn_selected,0.2401218023630102,0.05109751192093996,0.1290273513846813,0.10680450611062177
2,test,2011-02-01,esn_selected,0.05390462007340261,-0.04135567026939748,0.1163062898312348,0.1057382658492269
2,test,2011-02-02,esn_selected,0.17084523530058937,-0.02298888932149837,0.1309721429283681,0.10789413625831838
2,test,2011-02-03,esn_selected,0.20078400842935418,-0.03335362909783121,0.1334246804075,0.10557266561189908
2,test,2011-02-04,esn_selected,0.21739910714967917,-0.06940356729315257,0.1359566888073859,0.10205722607600336
2,test,2011-02-07,esn_selected,0.21177890935047866,-0.08231041713876999,0.1376627572681503,0.10258765253507791
2,test,2011-02-08,esn_selected,0.19603269020821898,-0.12870125922149978,0.1368125381629355,0.09887710395472166
2,test,2011-02-09,esn_selected,0.3039733879174392,-0.1240871849469026,0.1518475109249313,0.09896994585497358
2,test,2011-02-10,esn_selected,0.3590062872202859,-0.11959927446411019,0.1538155935414583,0.09531134785821355
2,test,2011-02-11,esn_selected,0.3418651447964172,-0.18222699537263265,0.1538698238551007,0.09110519292718905
2,test,2011-02-14,esn_selected,0.3997805400852535,-0.17858125481354095,0.1589854171791944,0.08916162083150182
2,test,2011-02-15,esn_selected,0.47432505515153506,-0.15704210510733788,0.1719585570593864,0.09145859353555498
2,test,2011-02-16,esn_selected,0.5348042869749035,-0.14879968715600125,0.1768099696057206,0.08925269030291365
2,test,2011-02-17,esn_selected,0.5314902152971938,-0.16233929886159257,0.1769630654381902,0.08842117938933787
2,test,2011-02-18,esn_selected,0.5765908024359692,-0.1730325873348405,0.1850435122318139,0.08744129106434922
2,test,2011-02-22,esn_selected,0.31428431057731626,-0.13901529894713022,0.1709213289485966,0.10862523820428067
2,test,2011-02-23,esn_selected,0.29279973557185407,-0.12287451084160932,0.1698186471102349,0.11206250987834852
2,test,2011-02-24,esn_selected,0.3178146038542122,-0.13762803066513166,0.173130110501248,0.10979343767541223
2,test,2011-02-25,esn_selected,0.25473665889141883,-0.2153509110281309,0.1693106817417978,0.10581029392847276
2,test,2011-02-28,esn_selected,0.35864960448035965,-0.21272002995529146,0.1681079247297173,0.0949391868132831
2,test,2011-03-01,esn_selected,0.20853295839411956,-0.12087512940038572,0.1589448626858904,0.1143368914679747
2,test,2011-03-02,esn_selected,0.3228779347738362,-0.10158668333742223,0.1606302396730005,0.10507143556417485
2,test,2011-03-03,esn_selected,0.12782718762820064,-0.20964696844068897,0.1488310602439051,0.10620144156197434
2,test,2011-03-04,esn_selected,0.09811553205046881,-0.19471091538751364,0.1471794600670647,0.10981819344092732
2,test,2011-03-07,esn_selected,0.06112189245204427,-0.13463568089799374,0.1445258324443351,0.1188308067590864
2,test,2011-03-08,esn_selected,0.02522649535969538,-0.20619482530351382,0.1411796794814087,0.11201268020674404
2,test,2011-03-09,esn_selected,0.033895298077299726,-0.21575856954008613,0.1415293268223553,0.11026130896208947
2,test,2011-03-10,esn_selected,-0.191940525366541,-0.16181346047617196,0.1253282473596322,0.12916147156976257
2,test,2011-03-11,esn_selected,-0.21944852396478182,-0.2582375099327557,0.123507998160386,0.11880897253142127
2,test,2011-03-14,esn_selected,-0.23132378128975142,-0.24503501363741859,0.1220930139916846,0.1204303926499398
2,test,2011-03-15,esn_selected,-0.29745056977150486,-0.1962749726023593,0.1180799470454164,0.13065202738899045
2,test,2011-03-16,esn_selected,-0.5664544410699162,-0.08122527088466917,0.0975923451381809,0.15854337728012527
2,test,2011-03-17,esn_selected,-0.7245237658827276,-0.20269744585128724,0.0856742035811499,0.14436980413239392
2,test,2011-03-18,esn_selected,-0.725339917539924,-0.24838310525372728,0.085678431837224,0.13804199296343364
2,test,2011-03-21,esn_selected,-0.8740244125402494,-0.3635314398899133,0.07721290344514,0.12864537126376238
2,test,2011-03-22,esn_selected,-0.7731841802383345,-0.3059570744021014,0.0788872174936141,0.12586958252852595
2,test,2011-03-23,esn_selected,-0.6149474738899811,-0.3355915611280035,0.091815728010268,0.12140590578938301
2,test,2011-03-24,esn_selected,-0.6850592310885381,-0.3471350960407775,0.0872680280155099,0.1223527540949019
2,test,2011-03-25,esn_selected,-0.6695891263146011,-0.3019380149461136,0.0866733326347986,0.12518559119923872
2,test,2011-03-28,esn_selected,-0.6087623687829483,-0.2575677271638556,0.0914547041839291,0.12993553659037235
2,test,2011-03-29,esn_selected,-0.5546579738890561,-0.2675318452322755,0.0912770505239843,0.12163509295621977
2,test,2011-03-30,esn_selected,-0.5938545168956788,-0.27073549683926285,0.0886991723830589,0.12253167632591029
2,test,2011-03-31,esn_selected,-0.5146305235311784,-0.20822896259078122,0.0889595093674744,0.12085396020750515
2,test,2011-04-01,esn_selected,-0.515874522896626,-0.20641851525226998,0.0878629431419602,0.11972939368757037
2,test,2011-04-04,esn_selected,-0.48773876162461843,-0.16567091697800143,0.0887407769434435,0.12246035510856267
2,test,2011-04-05,esn_selected,-0.4301178530477245,-0.15895263776462915,0.0918278426639161,0.12043145632597851
2,test,2011-04-06,esn_selected,-0.38102075956545384,-0.163881680156481,0.0966876996023589,0.12013610064628524
2,test,2011-04-07,esn_selected,-0.250810599440798,-0.0855618347974592,0.0975266500869768,0.11505087703434504
2,test,2011-04-08,esn_selected,-0.2341946191591491,-0.03589638526124581,0.0977204935707602,0.11915313697451435
2,test,2011-04-11,esn_selected,-0.1826481896771395,-0.044717152207827904,0.1017109507589933,0.11675363276284619
2,test,2011-04-12,esn_selected,-0.11642882872299788,0.015766135902852533,0.1051021867104934,0.11995636459656935
2,test,2011-04-13,esn_selected,0.08683066239379732,0.12456822705069942,0.1064451385859464,0.110538876922345
2,test,2011-04-14,esn_selected,0.24892897204388034,0.15655612435121521,0.1098900965371636,0.10019395888404777
2,test,2011-04-15,esn_selected,0.2628805210639261,0.13844469660116054,0.1114394779060452,0.09840049357185383
2,test,2011-04-18,esn_selected,0.29792317608494595,0.2540189476797425,0.1040102822684987,0.09954258413026322
2,test,2011-04-19,esn_selected,0.3027472242387332,0.22547635033750923,0.1067795501304785,0.09883932541842569
2,test,2011-04-20,esn_selected,0.04170086672637077,0.1434654995780395,0.0957254768459125,0.1059798637683724
2,test,2011-04-21,esn_selected,0.11774091009454278,0.14361826832434246,0.0981723958630079,0.1007459934592799
2,test,2011-04-25,esn_selected,0.20588827022602674,0.19692452647270356,0.1064882366046536,0.1055379686807938
2,test,2011-04-26,esn_selected,0.10998378826995561,0.15036128532539964,0.1020872256968639,0.10629360236192989
2,test,2011-04-27,esn_selected,0.09272146207214112,0.11253964086032682,0.100145172144309,0.10214966415452838
2,test,2011-04-28,esn_selected,0.12801444771871776,0.05829911423006477,0.100812767212692,0.09402396278094338
2,test,2011-04-29,esn_selected,0.13071580264366678,0.05170696673596643,0.101382157884381,0.09368033375712388
2,test,2011-05-02,esn_selected,0.2036100716019281,0.09894041960623276,0.1077041598327462,0.09700073498893895
2,test,2011-05-03,esn_selected,0.4116529068677158,0.13137410210179853,0.1339373841206987,0.10119947846104162
2,test,2011-05-04,esn_selected,0.36207456201927435,0.15849152037647002,0.1318928843095802,0.10759853893992162
2,test,2011-05-05,esn_selected,0.31672213604654387,0.18784302294835212,0.1327155782284914,0.11666764082237717
2,test,2011-05-06,esn_selected,0.3402602163048391,0.198585692388519,0.1370554914892057,0.11895096712925744
2,test,2011-05-09,esn_selected,0.3333809739731316,0.1366632898834644,0.1363864323950264,0.11203088443071121
2,test,2011-05-10,esn_selected,0.2744987706483091,0.0459163732731318,0.1338384860515815,0.10649002806897581
2,test,2011-05-11,esn_selected,0.22228126344823537,0.10312191952189449,0.1312644967910451,0.1165190761277814
2,test,2011-05-12,esn_selected,0.26936680911288363,0.0489255188155086,0.1393510837236793,0.11178252477539131
2,test,2011-05-13,esn_selected,0.2179604738946912,0.09262554334105902,0.1366525014651149,0.12055502494955685
2,test,2011-05-16,esn_selected,0.24240140061470566,0.12569506090503613,0.1420079504469874,0.1263652730437855
2,test,2011-05-17,esn_selected,0.40305168998372437,0.12332892876313364,0.1556393469496206,0.11766230398742658
2,test,2011-05-18,esn_selected,0.3570685652791221,0.010094256053167008,0.1526022701618638,0.10786286869962622
2,test,2011-05-19,esn_selected,0.4672161657025553,0.024291027702708044,0.1527344273839607,0.09807921872532913
2,test,2011-05-20,esn_selected,0.4317219996322912,0.08422007055559574,0.1511763557624856,0.10679863496398358
2,test,2011-05-23,esn_selected,0.3637617799086051,0.12320745122638749,0.153207973843856,0.12045087287998799
2,test,2011-05-24,esn_selected,0.41549370755072784,0.13992298996842145,0.1546742525925623,0.11741921811124321
2,test,2011-05-25,esn_selected,0.43395489243515123,0.08484186159178718,0.1545589763020113,0.10901251763179363
2,test,2011-05-26,esn_selected,0.45687709583992403,0.028563138920432912,0.1591969479905214,0.10373381483938632
2,test,2011-05-27,esn_selected,0.46691952887959226,-0.010561688360696249,0.1617119468734552,0.10031702582511384
2,test,2011-05-31,esn_selected,0.4208874208904149,-0.08274250761231262,0.1640671226540949,0.09915117444840355
2,test,2011-06-01,esn_selected,0.08659971601709571,-0.03643610312359421,0.1460533730990933,0.12914506467787695
2,test,2011-06-02,esn_selected,0.12772654632862837,-0.0328125404019342,0.1498622677054958,0.12763537553864784
2,test,2011-06-03,esn_selected,0.15283894588637809,-0.014589761860970954,0.1546318722997976,0.1307933460986622
2,test,2011-06-06,esn_selected,0.09034066298715189,0.027488503946825147,0.150013689636041,0.14087520043313886
2,test,2011-06-07,esn_selected,0.09551248643831615,0.0203310676553291,0.1500554297729132,0.1391876940073331
2,test,2011-06-08,esn_selected,0.13865714102412832,0.009348214330829599,0.1537443081762916,0.13509550318356828
2,test,2011-06-09,esn_selected,0.15616966564848248,-0.05836073694382871,0.1534514166103548,0.12382305988740122
2,test,2011-06-10,esn_selected,0.13168031128254476,-0.054193134282055674,0.1589638538614445,0.132000194570806
2,test,2011-06-13,esn_selected,0.15573353186572889,-0.08746070146306818,0.1596804690039673,0.12520852111564554
2,test,2011-06-14,esn_selected,0.07938554234594522,-0.17390669923199756,0.1537408799368185,0.11933997419526853
2,test,2011-06-15,esn_selected,-0.09124449012049318,-0.10211748787626304,0.1420667421165055,0.140530418107642
2,test,2011-06-16,esn_selected,-0.0626750976046663,-0.1321242807729754,0.1433314668111938,0.1337150060480046
2,test,2011-06-17,esn_selected,-0.045785147521239834,-0.16749977215075962,0.1458991306454946,0.1291792367697425
2,test,2011-06-20,esn_selected,0.02911643583297437,-0.25899106459125276,0.1556427800667611,0.11668243451792003
2,test,2011-06-21,esn_selected,-0.034786793072180536,-0.3090779623313625,0.1479699942224412,0.11247357916657419
2,test,2011-06-22,esn_selected,-0.0020482761755450975,-0.2985240510563159,0.1543577612474992,0.1147547518147653
2,test,2011-06-23,esn_selected,-0.0033701812142681122,-0.27022499446737247,0.1540389613081628,0.1179606097041447
2,test,2011-06-24,esn_selected,-0.061732655091456125,-0.20048725204572007,0.149666494272783,0.13027594442835028
2,test,2011-06-27,esn_selected,-0.095940886150333,-0.24458149119348807,0.1469181693448305,0.12662565757093389
2,test,2011-06-28,esn_selected,-0.03979639109927366,-0.3075913285011047,0.1576660577029277,0.12062472743679224
2,test,2011-06-29,esn_selected,0.059958675795610775,-0.31400796216110005,0.1550784006789014,0.10669391865820478
2,test,2011-06-30,esn_selected,0.022673843435031968,-0.3470141965059047,0.1532990364418456,0.10592194558683386
2,test,2011-07-01,esn_selected,-0.06446595882266347,-0.40179727871533927,0.1449778998314164,0.10346671801872316
2,test,2011-07-05,esn_selected,0.13447610378503635,-0.35172841140194033,0.1716062585211456,0.10553030288074347
2,test,2011-07-06,esn_selected,0.14010611892985156,-0.32728486363285914,0.1726231468557148,0.1081717123858182
2,test,2011-07-07,esn_selected,0.4440928739793876,-0.347660466403224,0.2396989497684529,0.10859554880601208
2,test,2011-07-08,esn_selected,0.4406629447440025,-0.3185369013651857,0.2384231312419952,0.11159174876284045
2,test,2011-07-11,esn_selected,0.7344785854565806,-0.20982145317151973,0.3313434423480182,0.1288766040736122
2,test,2011-07-12,esn_selected,0.8354851691910847,-0.17110918557342705,0.3682123901752994,0.13456745051220975
2,test,2011-07-13,esn_selected,0.9598139397491182,-0.1413220604518995,0.4014498131497953,0.13347931566422286
2,test,2011-07-14,esn_selected,1.1073422092173502,-0.032924349913344,0.4299372085088969,0.13746544991276524
2,test,2011-07-15,esn_selected,1.098872299746971,-0.057077932055075296,0.4301062182778516,0.1353795026894807
2,test,2011-07-18,esn_selected,1.0935893085643724,-0.031828458599782145,0.4355043590365506,0.14132850996100427
2,test,2011-07-19,esn_selected,1.0227351311811501,-0.1661222576460813,0.4328099171919136,0.1318205136834145
2,test,2011-07-20,esn_selected,1.0732919446427525,-0.14358376591019398,0.4328111354724347,0.12817874633942236
2,test,2011-07-21,esn_selected,1.0867556778649368,-0.24373524106703462,0.457615225023455,0.12096942068521668
2,test,2011-07-22,esn_selected,1.0969002547692153,-0.2479575498567695,0.4613264010138074,0.12021093797227063
2,test,2011-07-25,esn_selected,1.1247898429737817,-0.18527419651956617,0.4609083840632191,0.12435436233075585
2,test,2011-07-26,esn_selected,1.173097716018504,-0.13440160640159762,0.4748378971706878,0.128441577899373
2,test,2011-07-27,esn_selected,1.0959591465199772,-0.013144911445793831,0.4717449050040973,0.15560711330408716
2,test,2011-07-28,esn_selected,1.1189064896583583,0.0008299745013826217,0.4747732347564737,0.15520716522543354
2,test,2011-07-29,esn_selected,1.1349311450930517,0.05734794170834328,0.4769070678084083,0.1623473932605208
2,test,2011-08-01,esn_selected,1.212010999550386,0.12833554601529037,0.4871598558883316,0.16483036627253084
2,test,2011-08-02,esn_selected,1.0254780405786006,0.21007079539040457,0.4785117174805602,0.2117218644902949
2,test,2011-08-03,esn_selected,1.0193057480876224,0.11562633182592737,0.4783853717259916,0.19378265741144007
2,test,2011-08-04,esn_selected,0.6267680058929487,0.11788723480271422,0.4486090365979007,0.26968941843266414
2,test,2011-08-05,esn_selected,0.6525783034564274,0.05779237442275748,0.4578882968206224,0.2526081141506874
2,test,2011-08-08,esn_selected,0.16659481696721212,0.05233321263387245,0.3914079023021124,0.3491454649094722
2,test,2011-08-09,esn_selected,0.004925413905099384,-0.2157935531099907,0.3700304623052842,0.2967429766929157
2,test,2011-08-10,esn_selected,-0.1793941645667214,-0.12537500592820072,0.3355222800244974,0.35414538512424465
2,test,2011-08-11,esn_selected,-0.32150724153457505,-0.29498307420023967,0.3117282858743665,0.3201072503871602
2,test,2011-08-12,esn_selected,-0.3221238182718443,-0.40462239678130896,0.3116586066164085,0.2869792176168551
2,test,2011-08-15,esn_selected,-0.3581895420389381,-0.554698106816876,0.3043916709643159,0.2500864601552996
2,test,2011-08-16,esn_selected,-0.3441908902263447,-0.5491516964842584,0.3067729051051522,0.2499215190592497
2,test,2011-08-17,esn_selected,-0.3250000911030427,-0.5464107489546739,0.3127178558501692,0.25060818590628103
2,test,2011-08-18,esn_selected,-0.5217773218521529,-0.3140629232555396,0.2715785426666975,0.3342755950846321
2,test,2011-08-19,esn_selected,-0.5446599815955457,-0.3675260411545821,0.2675872922032794,0.31944329561012336
2,test,2011-08-22,esn_selected,-0.5436903143248021,-0.3999887889431799,0.2676041873348447,0.30895959296760483
2,test,2011-08-23,esn_selected,-0.5872421014665419,-0.5289625115774328,0.2639425260814037,0.27978206619664603
2,test,2011-08-24,esn_selected,-0.5065440419329009,-0.596389923042993,0.2842614297584201,0.2598354278879826
2,test,2011-08-25,esn_selected,-0.5287762417905235,-0.4503915580388975,0.2797960787726557,0.3026102674336112
2,test,2011-08-26,esn_selected,-0.5063054146898075,-0.5080245191224063,0.2874406001795649,0.28694688426588594
2,test,2011-08-29,esn_selected,-0.5822274541829467,-0.5887686739483656,0.2721531233026871,0.2703787196223937
2,test,2011-08-30,esn_selected,-0.5300571378884611,-0.5962522731198661,0.281638282281877,0.26359884616934204
2,test,2011-08-31,esn_selected,-0.5264939820115052,-0.6230198688069295,0.2825689644277037,0.25656877462551814
2,test,2011-09-01,esn_selected,-0.4221006135548692,-0.5197639426272871,0.2941386198557283,0.26677025591624864
2,test,2011-09-02,esn_selected,-0.4307931612934129,-0.41758690298678025,0.2976243436965732,0.3015809159113613
2,test,2011-09-06,esn_selected,-0.2451292712972439,-0.3635337197636582,0.3063171408618723,0.2721127560863433
2,test,2011-09-07,esn_selected,-0.21922115459855104,-0.4098756900789617,0.2971877750370118,0.24560133765229544
2,test,2011-09-08,esn_selected,-0.1064021334646141,-0.28589709308146377,0.3016556783957522,0.25209128640238443
2,test,2011-09-09,esn_selected,-0.08078278642571203,-0.08198331413441991,0.287536308684789,0.2871913205043233
2,test,2011-09-12,esn_selected,-0.006949718888797516,-0.1487223119357696,0.3095001758421349,0.2685900037367331
2,test,2011-09-13,esn_selected,0.011198126719473522,-0.19897289234848006,0.3078194439667563,0.249470923949449
2,test,2011-09-14,esn_selected,-0.004148641325776338,-0.2399112521843766,0.3055028506751505,0.24133753140439856
2,test,2011-09-15,esn_selected,-0.043225134274093795,-0.3026791775438728,0.2994885632655021,0.23104723900331456
2,test,2011-09-16,esn_selected,0.11524476074441461,-0.24126612453707172,0.3047513352681972,0.21336093552515537
2,test,2011-09-19,esn_selected,0.14811999839948328,-0.17274811087750172,0.310308150459882,0.22513443850117598
2,test,2011-09-20,esn_selected,0.17190643419110263,-0.10698908335657609,0.3177978249711237,0.24045185743292571
2,test,2011-09-21,esn_selected,0.13639682977026216,0.08370621726716475,0.3025141959041258,0.28698719340315726
2,test,2011-09-22,esn_selected,-0.016693779230569358,0.14152921345447866,0.2795554220229308,0.3274788770731284
2,test,2011-09-23,esn_selected,0.024114761566642284,0.016414417835334195,0.2866253061523797,0.28442666876877215
2,test,2011-09-26,esn_selected,-0.034807847212229646,-0.04634424870095933,0.2776075383234276,0.2744233486650445
2,test,2011-09-27,esn_selected,0.04083117869162769,-0.0033294414843038976,0.2834954404323844,0.27124851216445367
2,test,2011-09-28,esn_selected,-0.019285795102051813,0.09903147954182662,0.2762587055242332,0.3109571247668154
2,test,2011-09-29,esn_selected,0.06163622541588574,0.047537319608526335,0.3005333916428186,0.2963259296632264
2,test,2011-09-30,esn_selected,-0.02528053773233412,0.08159922296469665,0.2867958431134803,0.31914654157844496
2,test,2011-10-03,esn_selected,-0.05564225211080106,0.12455304572653322,0.2815161585577326,0.33710186186092894
2,test,2011-10-04,esn_selected,-0.05895345492146807,-0.009372857796255777,0.2887806832061054,0.30345948697227487
2,test,2011-10-05,esn_selected,-0.03441773131785693,-0.07988887998228107,0.2871332652643102,0.2743693793193844
2,test,2011-10-06,esn_selected,-0.048973588041428665,-0.1461005284380569,0.2872384310641909,0.2606518739521997
2,test,2011-10-07,esn_selected,-0.0016328215542703807,-0.09663127461488748,0.2870671962949692,0.2610515425149237
2,test,2011-10-10,esn_selected,-0.16219668311550675,-0.19456616781454492,0.263159938141683,0.25477797827199883
2,test,2011-10-11,esn_selected,-0.14226855350637668,-0.19499903654400022,0.2669989796040841,0.25328475094797503
2,test,2011-10-12,esn_selected,-0.028610696855657473,-0.24348114470085844,0.2968860552674993,0.23948192997446102
2,test,2011-10-13,esn_selected,-0.0027757962806213713,-0.244486127090295,0.29865839674511,0.23453154606691443
2,test,2011-10-14,esn_selected,-0.0159447689747882,-0.30389521138823195,0.2999306798822472,0.22488764872281652
2,test,2011-10-17,esn_selected,-0.054088162192905145,-0.16898762137543005,0.2939699864737421,0.26206123979424745
2,test,2011-10-18,esn_selected,-0.10414113064259113,-0.23227221167829232,0.2863670213156347,0.25192796623697333
2,test,2011-10-19,esn_selected,-0.04610910590340026,-0.1320807765128156,0.2888822307705543,0.2650841780239148
2,test,2011-10-20,esn_selected,0.05049936574951141,-0.09315714438102925,0.2940353295254923,0.25468905742069986
2,test,2011-10-21,esn_selected,-0.0008607640583773727,-0.14790231354938446,0.2863786955426234,0.24721873109644682
2,test,2011-10-24,esn_selected,0.04769558796139644,-0.1778156623700572,0.2911690340543647,0.23238435913714997
2,test,2011-10-25,esn_selected,-0.0015986528339307718,-0.075162304872191,0.2830425917135197,0.26296836375446114
2,test,2011-10-26,esn_selected,0.05443499869667433,-0.09464915374427697,0.2917136773659856,0.2513103455432498
2,test,2011-10-27,esn_selected,-0.12481087433515912,-0.18586172794544778,0.2652699518601811,0.24955944420290532
2,test,2011-10-28,esn_selected,-0.009889981638111986,-0.1779891407308891,0.2839734173661022,0.24003421456387966
2,test,2011-10-31,esn_selected,-0.03944024169279369,0.026049358792027504,0.2706291966438673,0.2889458228495483
2,test,2011-11-01,esn_selected,0.001591713331474507,0.12357607433143664,0.2892407052839498,0.3267657628666366
2,test,2011-11-02,esn_selected,-0.012757472643276514,-0.009394326168331756,0.2834934373561831,0.2844484723718403
2,test,2011-11-03,esn_selected,-0.039312816217707124,-0.09278041120665535,0.276165362252644,0.26178727066069973
2,test,2011-11-04,esn_selected,-0.03215005245910425,-0.10229549592975468,0.2779847536851419,0.25915357142806894
2,test,2011-11-07,esn_selected,0.05167932295777617,-0.10675362315153158,0.2771174157964833,0.23651422497440933
2,test,2011-11-08,esn_selected,0.02484330811357987,-0.177062486562838,0.2737151986414932,0.22367237064624393
2,test,2011-11-09,esn_selected,-0.16548922436795452,0.006796545396059915,0.2516046958300125,0.29891072741385377
2,test,2011-11-10,esn_selected,-0.1524469231715143,-0.10570406487373288,0.2564294328801058,0.2687002294588233
2,test,2011-11-11,esn_selected,-0.16945705105934702,-0.2243332258924794,0.2531783876609363,0.23965925771423108
2,test,2011-11-14,esn_selected,-0.1496366315720303,-0.18063414154901866,0.2531142692134652,0.24538871222222317
2,test,2011-11-15,esn_selected,-0.11465859136006368,-0.1802008427248665,0.2553450296516936,0.23914580691639412
2,test,2011-11-16,esn_selected,-0.14746372548725195,-0.11269821273857662,0.2492746681835267,0.2580932326065584
2,test,2011-11-17,esn_selected,-0.1917314255465385,-0.06676131597332628,0.2427345605848395,0.2750460704652647
2,test,2011-11-18,esn_selected,-0.15325167930016442,-0.10434010103519167,0.2456882279155384,0.2580039627275052
2,test,2011-11-21,esn_selected,-0.11825631685181187,-0.09249543048652734,0.2586944549608255,0.26544523310574364
2,test,2011-11-22,esn_selected,-0.09106258666169,-0.11195431734097686,0.2584067258528321,0.25306416412935495
2,test,2011-11-23,esn_selected,-0.16253176211258583,-0.039409210687234145,0.2479534438496357,0.2804410531147521
2,test,2011-11-25,esn_selected,-0.05981392947788422,-0.01198540305437065,0.2498683212912903,0.26210956167638794
2,test,2011-11-28,esn_selected,-0.21776240049859139,-0.0808375741049945,0.2284045120126438,0.26192103333641087
2,test,2011-11-29,esn_selected,-0.14992374694482305,-0.09544359447371556,0.2329504707127475,0.2459937210431738
2,test,2011-11-30,esn_selected,-0.43415770238563534,-0.18447283480679785,0.1873730462321926,0.24051594744760849
2,test,2011-12-01,esn_selected,-0.4097525619965507,-0.17415224280092848,0.1881870494807803,0.2381823916020758
2,test,2011-12-02,esn_selected,-0.3412885640456461,-0.12240111526785527,0.1963131838670344,0.24434928794505104
2,test,2011-12-05,esn_selected,-0.3669771822654104,-0.1257838347376877,0.1925949130578285,0.24512846856126091
2,test,2011-12-06,esn_selected,-0.3626697423232137,-0.10128615744820671,0.1928227856051211,0.2504239152037685
2,test,2011-12-07,esn_selected,-0.35152836962198636,-0.11023845414307351,0.1925892678206008,0.2451449554921574
2,test,2011-12-08,esn_selected,-0.35753975230963264,0.014680923661689837,0.1759710400297815,0.2553257324572191
2,test,2011-12-09,esn_selected,-0.42069237287749406,-0.10689111889436785,0.1683695285200835,0.23043351724339553
2,test,2011-12-12,esn_selected,-0.45839019816225973,-0.0620256912239123,0.1600848731334576,0.23795192051327452
2,test,2011-12-13,esn_selected,-0.47878920997565527,-0.021250387732765566,0.1568126583225485,0.24779224071142242
2,test,2011-12-14,esn_selected,-0.5105388677968236,0.018804684768668537,0.153250957117517,0.26019214383467704
2,test,2011-12-15,esn_selected,-0.4860239700805346,0.027121933928037318,0.1533206382717101,0.25612799692509003
2,test,2011-12-16,esn_selected,-0.4285688119329311,0.016474806023558126,0.1581271871387468,0.24676668844855484
2,test,2011-12-19,esn_selected,-0.46330819897758996,0.04647929058181901,0.1545867097355487,0.2573771854271146
2,test,2011-12-20,esn_selected,-0.8308318835815688,-0.1303005382712382,0.1127097320753191,0.22709015936488666
2,test,2011-12-21,esn_selected,-0.8314383757911984,-0.16232820863957365,0.1125161114884081,0.21968761198954853
2,test,2011-12-22,esn_selected,-0.8297290478107695,-0.16120264487712527,0.108149221530404,0.21103803064369311
2,test,2011-12-23,esn_selected,-0.8427194943361466,-0.18228358073839981,0.1075778283134082,0.20823150873726748
2,test,2011-12-27,esn_selected,-0.7390372085225496,-0.10022975736211891,0.1090799417467429,0.20662147065919734
2,test,2011-12-28,esn_selected,-0.8607638347461428,-0.021919667548692935,0.09850053938714,0.22789983024201033
2,test,2011-12-29,esn_selected,-0.7081290176545592,0.06297704157970746,0.0922933888024301,0.19955274171750706
2,test,2011-12-30,esn_selected,-0.7306467609822438,0.10828890893655971,0.090630395800105,0.2097099365085067
2,test,2012-01-03,esn_selected,-0.9268311758301212,0.07651405683241243,0.0777019291325429,0.2119234909285852
2,test,2012-01-04,esn_selected,-0.9077838284944644,0.0517316285731368,0.0776961151898952,0.20282037104966968
2,test,2012-01-05,esn_selected,-0.7443908519905922,0.020141312996528736,0.0915953682826733,0.19674586504542832
2,test,2012-01-06,esn_selected,-0.7478658181495216,0.018706699395686505,0.0911670882071325,0.19622588587149623
2,test,2012-01-09,esn_selected,-0.6572472386641961,0.07985036769877073,0.0912015778164465,0.1905986301040997
2,test,2012-01-10,esn_selected,-0.665544948689351,0.10931302127829885,0.0865408182325467,0.18781814102446026
2,test,2012-01-11,esn_selected,-0.6140088484985293,0.15920952933862312,0.0866342542676671,0.18771289870318808
2,test,2012-01-12,esn_selected,-0.5537360397674264,0.17819526387618626,0.0901356532588757,0.1874003237951794
2,test,2012-01-13,esn_selected,-0.50953780773028,0.23807279943147142,0.0920690659759315,0.19444505307828325
2,test,2012-01-17,esn_selected,-0.5200736991899112,0.2767419781783859,0.0911455522795322,0.20220325041120207
2,test,2012-01-18,esn_selected,-0.6323509019021977,0.21052216926440806,0.0840194894498356,0.19517993181284643
2,test,2012-01-19,esn_selected,-0.5325894715515117,0.1979019805338099,0.0907551930699041,0.18841691632152976
2,test,2012-01-20,esn_selected,-0.21158947675150902,0.27696707965539585,0.0912156327737878,0.14867799363077014
2,test,2012-01-23,esn_selected,-0.20993746144015013,0.3279161320258571,0.091209491322201,0.15618052607948177
2,test,2012-01-24,esn_selected,-0.16355725467339038,0.36054918437589484,0.0918314378872176,0.15509861473240466
2,test,2012-01-25,esn_selected,-0.19719393719010947,0.3256596732993509,0.0883247738435049,0.14898926304191465
2,test,2012-01-26,esn_selected,-0.22887771459364017,0.38210128746394095,0.0867649995487824,0.15984143800692438
2,test,2012-01-27,esn_selected,-0.1246793969038173,0.39794192477964424,0.0869542942596495,0.1466434234127624
2,test,2012-01-30,esn_selected,-0.062311011467275766,0.41964420583559753,0.0867180022117832,0.14041702114964058
2,test,2012-01-31,esn_selected,-0.031494739112341436,0.43433736258698796,0.0878204959226726,0.13992786136610394
2,test,2012-02-01,esn_selected,0.08041301710586199,0.4262639821568499,0.0842082672362372,0.11900244833967893
2,test,2012-02-02,esn_selected,0.08643225525339818,0.4164903589774891,0.0847103265896639,0.11783621096176386
2,test,2012-02-03,esn_selected,-0.26424889064840135,0.32156578524466717,0.070325313704891,0.12633618529407978
2,test,2012-02-06,esn_selected,-0.03981488304073749,0.3358656916395419,0.0876085918828102,0.1275565312475125
2,test,2012-02-07,esn_selected,-0.006896843477556008,0.3073704783386674,0.0905747388989965,0.12401997928450684
2,test,2012-02-08,esn_selected,0.10978646011097239,0.31468653586455847,0.0965829910691499,0.11854619615532716
2,test,2012-02-09,esn_selected,0.11762083890601609,0.3209218695211116,0.0974477290642543,0.1194164725738675
2,test,2012-02-10,esn_selected,0.04021282580948595,0.3344739741525658,0.093834127249847,0.12593800576600453
2,test,2012-02-13,esn_selected,0.1796521394799161,0.2952990804818855,0.1101883475493564,0.1236973792719398
2,test,2012-02-14,esn_selected,0.18952539412658895,0.315253252377992,0.1101654248552046,0.12492467512859867
2,test,2012-02-15,esn_selected,0.27686598056242717,0.3824877711453667,0.1108208318529108,0.12316643371150304
2,test,2012-02-16,esn_selected,0.1345219382855846,0.2862787988331174,0.1038230111667944,0.12083723735525652
2,test,2012-02-17,esn_selected,0.1342833996796013,0.25514187625180895,0.104324860996023,0.11772697479532979
2,test,2012-02-21,esn_selected,0.13913595896850192,0.2585948851292012,0.1048252755949583,0.11812623588879076
2,test,2012-02-22,esn_selected,0.1279349330763918,0.25194921098927975,0.1043645055744651,0.11814396351645343
2,test,2012-02-23,esn_selected,0.18558234028153392,0.1973242588959067,0.1063359022610463,0.10759184895307695
2,test,2012-02-24,esn_selected,0.20653009881089443,0.20112617811763403,0.106669301475447,0.10609442372573359
2,test,2012-02-27,esn_selected,0.30048572718560124,0.21420927693146907,0.1174330465353341,0.10772610103057438
2,test,2012-02-28,esn_selected,0.3037747494435803,0.1429762526385704,0.1174997551372575,0.10004676761771253
2,test,2012-02-29,esn_selected,0.29536563972633395,0.16100576565310876,0.1179971594690377,0.10316201130879991
2,test,2012-03-01,esn_selected,0.32648561894834965,0.12209870184394218,0.1167200953446069,0.09514402574129907
2,test,2012-03-02,esn_selected,0.32413469610745393,0.14276005562074817,0.117140282221859,0.09770938066571401
2,test,2012-03-05,esn_selected,0.5266333018902042,0.23322077299193308,0.1190763777482177,0.08879697535900388
2,test,2012-03-06,esn_selected,0.2088868511929072,0.281982540985868,0.1079605545951654,0.11614757896631281
2,test,2012-03-07,esn_selected,0.20236150701106365,0.20158069856660973,0.1108897939796504,0.11080324408594844
2,test,2012-03-08,esn_selected,0.08535102261744922,0.12781247448297023,0.1051884677813095,0.10975110544644782
2,test,2012-03-09,esn_selected,0.1367934400987967,0.0735139983068762,0.1117327168175155,0.1048813929136317
2,test,2012-03-12,esn_selected,0.30158975434179225,0.030406540529272084,0.1268643460359342,0.09673111899194366
2,test,2012-03-13,esn_selected,0.029738219358094706,-0.08390332874231589,0.1135143625685233,0.10132040509191904
2,test,2012-03-14,esn_selected,0.10571089976220077,-0.06585518414645392,0.1224489242579623,0.10314419021720193
2,test,2012-03-15,esn_selected,0.14387219805534307,-0.0801664444115255,0.1279688618859099,0.10228349547047798
2,test,2012-03-16,esn_selected,0.20852873508496886,-0.08575151013297207,0.1278958638070096,0.09529107203864025
2,test,2012-03-19,esn_selected,0.275777639521776,-0.13286028954151638,0.1374537275535663,0.09134553507625817
2,test,2012-03-20,esn_selected,0.2720095315934798,-0.13005784890939687,0.1375936056348609,0.09204127090376937
2,test,2012-03-21,esn_selected,0.289164390477316,-0.140996047911978,0.1393590955697419,0.09063981582785721
2,test,2012-03-22,esn_selected,0.25413522409639283,-0.12628602209536122,0.1371037854583656,0.09372050021166099
2,test,2012-03-23,esn_selected,0.27100796199981786,-0.15991284068590766,0.1398739094716998,0.09090550564190246
2,test,2012-03-26,esn_selected,0.11331709793262366,-0.25167681345957754,0.1315234880988482,0.09130372086086466
2,test,2012-03-27,esn_selected,0.17281708498885817,-0.22175206090235547,0.1396659269071756,0.09413069498151773
2,test,2012-03-28,esn_selected,0.1761294232324961,-0.18934187161766866,0.1407225153478476,0.0976430693359822
2,test,2012-03-29,esn_selected,0.18693639224437145,-0.19663835110430386,0.1407119810031225,0.09588411913256815
2,test,2012-03-30,esn_selected,0.18230218889406857,-0.2021235877087723,0.1405656161790849,0.09570290202790922
2,test,2012-04-02,esn_selected,0.16121115450041376,-0.21622097286329722,0.1399067699070004,0.0959228424837204
2,test,2012-04-03,esn_selected,0.2566069178076362,-0.1534011144040093,0.1395430063485917,0.09260700722594764
2,test,2012-04-04,esn_selected,0.21669978441184032,-0.12427179644291078,0.1377219290609364,0.09793118759524812
2,test,2012-04-05,esn_selected,0.35059278372115515,-0.09837060610188589,0.1493580519000253,0.09533367121341653
2,test,2012-04-09,esn_selected,0.2530104981879977,-0.06351708313600533,0.143900208148086,0.10485647171972051
2,test,2012-04-10,esn_selected,0.03612371012764728,-0.0030131317427681287,0.1315309367319254,0.1264826623682295
2,test,2012-04-11,esn_selected,0.13641867488270393,0.0325970517032435,0.1301058104912208,0.1172755651329697
2,test,2012-04-12,esn_selected,-0.004548234032360865,-0.09683801532583876,0.1218932624911933,0.11114725934934183
2,test,2012-04-13,esn_selected,-0.10891046453871094,-0.008171429127824927,0.1147638459196156,0.12692743417168656
2,test,2012-04-16,esn_selected,-0.05259045182249369,-0.021138386014413924,0.1213435667752795,0.1252207253336287
2,test,2012-04-17,esn_selected,-0.2100432667850469,-0.14572971129636106,0.111413005517953,0.11881380718713774
2,test,2012-04-18,esn_selected,-0.20944413258224626,-0.17402437069075288,0.1115932228731683,0.11561666226035502
2,test,2012-04-19,esn_selected,-0.13787414396857658,-0.17779054268557248,0.121410805154271,0.11665997190686357
2,test,2012-04-20,esn_selected,-0.09206032487922071,-0.2147374925088202,0.1250455251549679,0.11060891643580224
2,test,2012-04-23,esn_selected,-0.03076535931893476,-0.1904835352655408,0.1356361605710367,0.11561409003043294
2,test,2012-04-24,esn_selected,0.026883855037453747,-0.18313018624892397,0.1351073040358261,0.10951431443429763
2,test,2012-04-25,esn_selected,-0.10135680073496633,-0.26027609038129146,0.1262036073259274,0.1076599064562652
2,test,2012-04-26,esn_selected,-0.12675840036531635,-0.3169557047292757,0.1239690050079738,0.10249707590165973
2,test,2012-04-27,esn_selected,-0.12346604676793409,-0.31189388599484724,0.1243685166343057,0.10300950106549338
2,test,2012-04-30,esn_selected,-0.07166251966677775,-0.2717606741194896,0.1308447988393771,0.10711614624737749
2,test,2012-05-01,esn_selected,-0.006323897305031539,-0.29618698974593827,0.1390248055271798,0.1040414400502704
2,test,2012-05-02,esn_selected,-0.004982570374419633,-0.2771314063509374,0.1388494527737958,0.10576730409417537
2,test,2012-05-03,esn_selected,0.17147082294580804,-0.22687738548586509,0.1634827480801513,0.10976692563890207
2,test,2012-05-04,esn_selected,0.02359392246230565,-0.16683733719836594,0.1529238948913058,0.12640728555887062
2,test,2012-05-07,esn_selected,0.07578428125523619,-0.16456310473406888,0.1552294494912051,0.12206539865243692
2,test,2012-05-08,esn_selected,0.27711594993466865,-0.10661676966747055,0.1735313082648731,0.11822922379005897
2,test,2012-05-09,esn_selected,0.2806272380055294,-0.06320447360610873,0.1722548875535482,0.1221370252983495
2,test,2012-05-10,esn_selected,0.35809668681286055,-0.04456262241822449,0.1743809808879894,0.11658063059903294
2,test,2012-05-11,esn_selected,0.44913944105055137,-0.006156139881040662,0.1798307164700292,0.11405951383865491
2,test,2012-05-14,esn_selected,0.39454385921037916,0.012210308036067445,0.180038330632251,0.12283429168782009
2,test,2012-05-15,esn_selected,0.48147804112807396,0.07525702690517869,0.1803180268839269,0.12012118325877019
2,test,2012-05-16,esn_selected,0.4982078834172264,0.10612793494792244,0.1836566909159567,0.12408766059320346
2,test,2012-05-17,esn_selected,0.3910613026090318,0.1657564363558385,0.1795118427076901,0.14329942404293305
2,test,2012-05-18,esn_selected,0.34766099384161714,0.2035858089912593,0.1770334797963005,0.15327959641514663
2,test,2012-05-21,esn_selected,0.22494208349312442,0.05338217163016275,0.1698504075929854,0.14307345682552117
2,test,2012-05-22,esn_selected,0.22876154495391596,0.04429946657518286,0.1698355901591714,0.14122703517853027
2,test,2012-05-23,esn_selected,0.3983485206047428,0.060983784276796814,0.1879629848788412,0.1341395020065642
2,test,2012-05-24,esn_selected,0.42592579381630213,0.038169739877447116,0.1897974343744475,0.12879233675085616
2,test,2012-05-25,esn_selected,0.46474091398680073,0.05658771059658912,0.1979451516683147,0.13160918050749273
2,test,2012-05-29,esn_selected,0.39433199433582095,-0.013286865246408411,0.1940942514868853,0.12911778036722243
2,test,2012-05-30,esn_selected,0.31099696863997967,0.04056913979272958,0.1897389808929645,0.14478089259562033
2,test,2012-05-31,esn_selected,0.3128605363377833,0.01658033115519448,0.1898531367794095,0.14117081397048856
2,test,2012-06-01,esn_selected,0.14211331417279147,0.09213628264074104,0.1884477504670004,0.17926116253216087
2,test,2012-06-04,esn_selected,0.21040589633518933,0.07402495735088191,0.1887354454510118,0.16467360050749094
2,test,2012-06-05,esn_selected,0.19303894668341143,0.003897852611835218,0.1882824611699393,0.15583569176027817
2,test,2012-06-06,esn_selected,-0.010469844134750604,-0.14125140268375644,0.1717239404543942,0.150672202315036
2,test,2012-06-07,esn_selected,0.015948840200977747,-0.15172369625384813,0.1750241780137389,0.14800581862187537
2,test,2012-06-08,esn_selected,-0.009057671837171679,-0.24597902798482008,0.1728086268716394,0.13635522417446902
2,test,2012-06-11,esn_selected,-0.058226758356805776,-0.1186164846909253,0.1696587702383062,0.15971635482152796
2,test,2012-06-12,esn_selected,-0.08859041750424715,-0.1756845105706066,0.1647747448846561,0.15103102293389897
2,test,2012-06-13,esn_selected,-0.09423412573025232,-0.15808596354285342,0.1641019666029751,0.15395127317411345
2,test,2012-06-14,esn_selected,-0.07525236159292699,-0.2564719294720409,0.1703433051853641,0.14210927090676173
2,test,2012-06-15,esn_selected,-0.07416972686006577,-0.2777333352352045,0.1666792746810736,0.13598000414819225
2,test,2012-06-18,esn_selected,-0.05059223087761071,-0.3771791865394878,0.1682997532730738,0.12140835271824539
2,test,2012-06-19,esn_selected,-0.017742124989839625,-0.33583173172951136,0.1668634760408904,0.12139945175543919
2,test,2012-06-20,esn_selected,-0.016701339519515485,-0.33149710636415564,0.1670226635118593,0.12191617836507532
2,test,2012-06-21,esn_selected,-0.22624521642110268,-0.17147906117779668,0.1499047118766747,0.15834338432903977
2,test,2012-06-22,esn_selected,-0.22365161204123057,-0.2528771985021639,0.1517608241948821,0.1473897104102229
2,test,2012-06-25,esn_selected,-0.31942707443714485,-0.1747373333582873,0.1438200558643018,0.166210099410595
2,test,2012-06-26,esn_selected,-0.3074728435835221,-0.19250022534703737,0.1427180534660951,0.16010720916782367
2,test,2012-06-27,esn_selected,-0.23011195486779573,-0.20048171020282615,0.1507371193252357,0.1552703253970832
2,test,2012-06-28,esn_selected,-0.1480982568466386,-0.19021042501950552,0.1637191651086812,0.1569677521498164
2,test,2012-06-29,esn_selected,-0.30897060096773404,-0.2948932892915595,0.1383587821020874,0.1403202756867051
2,test,2012-07-02,esn_selected,-0.2973648483382658,-0.30284591032927355,0.1401875861233735,0.1394213111920329
2,test,2012-07-03,esn_selected,-0.3088091036400299,-0.3276425345490633,0.1382597530887505,0.13568021460734028
2,test,2012-07-05,esn_selected,-0.20779822241299487,-0.23385902992578753,0.1395035386566737,0.13591492793778703
2,test,2012-07-06,esn_selected,-0.13965681606689093,-0.193587093264584,0.1522109379361812,0.14421958460453985
2,test,2012-07-09,esn_selected,-0.12631972997138888,-0.1684132323118754,0.1523019478193394,0.1460240810546046
2,test,2012-07-10,esn_selected,-0.1221644719068392,-0.08843588158373704,0.1501484864397797,0.1552991573795598
2,test,2012-07-11,esn_selected,-0.09255157344384098,-0.09228942590122075,0.150209019164785,0.15024840125177155
2,test,2012-07-12,esn_selected,-0.09488411553441445,-0.08009683922473479,0.1492471813495089,0.1514705388455923
2,test,2012-07-13,esn_selected,-0.2164767985098686,-0.20687365194035112,0.1371861886591139,0.13850995371789676
2,test,2012-07-16,esn_selected,-0.19651781311799055,-0.16973310184019827,0.1369414746009261,0.14065897631671553
2,test,2012-07-17,esn_selected,-0.22217115572494353,-0.2047748244473252,0.1347707894438493,0.13713581851392978
2,test,2012-07-18,esn_selected,-0.23239184859831818,-0.24536821997039393,0.1322619096487697,0.13055671752144318
2,test,2012-07-19,esn_selected,-0.21663374674252875,-0.27334041445171886,0.1344907960867132,0.1270764785359096
2,test,2012-07-20,esn_selected,-0.13816498635063612,-0.16265249711211047,0.1305602559650772,0.12740198717918844
2,test,2012-07-23,esn_selected,-0.19018179968525564,-0.07429655602063187,0.1254771859561102,0.14089419244665313
2,test,2012-07-24,esn_selected,-0.16350283169321783,0.043295375350218664,0.1221268274983026,0.1501835603271481
2,test,2012-07-25,esn_selected,-0.15576396150034597,0.04572760016197458,0.1221325668606309,0.14939572085256084
2,test,2012-07-26,esn_selected,-0.3033996124050102,-0.03655188141473025,0.1112898184439837,0.14532687368864652
2,test,2012-07-27,esn_selected,-0.5654578703998165,-0.11973069076982805,0.0930088529565796,0.1452449839653258
2,test,2012-07-30,esn_selected,-0.39712388809167926,-0.002222214133407846,0.0930117931849527,0.13805166063224106
2,test,2012-07-31,esn_selected,-0.4467131702499019,0.06299981564385174,0.0896818364509219,0.14930351422341956
2,test,2012-08-01,esn_selected,-0.4329881165528548,0.09646819966889779,0.0896708790528948,0.15226194870584397
2,test,2012-08-02,esn_selected,-0.4385536009758155,0.06733979438418063,0.0899754060322942,0.1492211989867723
2,test,2012-08-03,esn_selected,-0.9414673618804061,-0.07827855480481898,0.0593706470313765,0.14075049073520124
2,test,2012-08-06,esn_selected,-0.9473227245284964,-0.07875468996546356,0.059059317762536,0.14076760782741893
2,test,2012-08-07,esn_selected,-0.9790006825311013,-0.09449557043384915,0.0564087355148864,0.13660986239611408
2,test,2012-08-08,esn_selected,-0.5030267702810349,-0.13541950445560585,0.0908310343264937,0.1311849659007806
2,test,2012-08-09,esn_selected,-0.485737948424882,-0.11525894514384842,0.0918232853249335,0.1329994405098575
2,test,2012-08-10,esn_selected,-0.3796966851518146,-0.10092800848882133,0.0938448005058926,0.1240160553665553
2,test,2012-08-13,esn_selected,-0.3725750283327507,-0.1328333520645273,0.0943469187410353,0.11990746134097634
2,test,2012-08-14,esn_selected,-0.3488222243128045,-0.07300450361021292,0.095083291029727,0.12528247350553592
2,test,2012-08-15,esn_selected,-0.19240307890456146,-0.07560717457138505,0.109112672591313,0.1226306443479598
2,test,2012-08-16,esn_selected,-0.22769181292029028,-0.08399218094359184,0.1071043885921336,0.12365600844876525
2,test,2012-08-17,esn_selected,-0.1926863818604347,-0.08396036704286597,0.1076783421686664,0.12004593781929852
2,test,2012-08-20,esn_selected,-0.15261507044422512,-0.029473065647648913,0.1077171582168122,0.12183295573187904
2,test,2012-08-21,esn_selected,-0.1303946067838682,0.05848225104191459,0.1071967003267869,0.12948205828184395
2,test,2012-08-22,esn_selected,-0.13053748602388468,0.07338575488151138,0.1071864222376343,0.13143242264461774
2,test,2012-08-23,esn_selected,-0.07555118410216528,0.1518978052748954,0.1031915109579019,0.12954594176383144
2,test,2012-08-24,esn_selected,0.08367380886364842,0.18686900650396607,0.1011261240297523,0.11211932301156814
2,test,2012-08-27,esn_selected,0.1491923289666582,0.22460017403670962,0.1079770411434916,0.11643421874771094
2,test,2012-08-28,esn_selected,0.20181527976104172,0.24034868790674702,0.1097366644490411,0.11404771851539532
2,test,2012-08-29,esn_selected,0.245350482977456,0.2505927576712176,0.1146055865208365,0.11520795800571151
2,test,2012-08-30,esn_selected,0.2269729949490017,0.2611469562758029,0.1129007779369427,0.11682572833227632
2,test,2012-08-31,esn_selected,0.6348044558244071,0.348178419767154,0.1120118201002538,0.08409762835455033
2,test,2012-09-04,esn_selected,0.6402140992231746,0.3862580751053214,0.1120288496036854,0.08690368181231653
2,test,2012-09-05,esn_selected,0.6940408791648668,0.3862730088076439,0.1129183409131662,0.08300468403276307
2,test,2012-09-06,esn_selected,0.003021711032037797,0.1464313620676031,0.0911059145601318,0.10515467663623268
2,test,2012-09-07,esn_selected,-0.019439919054969286,0.09952309918277147,0.0900554866941142,0.10143203998411644
2,test,2012-09-10,esn_selected,-0.05764728026169511,0.16716280792739724,0.0885878822492312,0.11091955038699682
2,test,2012-09-11,esn_selected,0.005388615062775807,0.19537051397346378,0.094856690216088,0.11470333820474236
2,test,2012-09-12,esn_selected,0.018103189577347203,0.1765362188661494,0.0968202769277609,0.11344174826515661
2,test,2012-09-13,esn_selected,-0.30282606899842573,-0.0005595167139580961,0.0806045397876955,0.10905163930345811
2,test,2012-09-14,esn_selected,-0.29284868952418597,0.010253710673104866,0.0799143362170403,0.10820825569998153
2,test,2012-09-17,esn_selected,-0.24471856890282642,-0.012114724529931035,0.0843040495286578,0.10638171869194721
2,test,2012-09-18,esn_selected,-0.1627386791008997,-0.04350943960413431,0.0915394665124768,0.10313094039109719
2,test,2012-09-19,esn_selected,-0.1429517687356908,-0.058054711811608005,0.0929176576084427,0.10115062634336415
2,test,2012-09-20,esn_selected,-0.13793891241134953,-0.04982364329166062,0.0933756561035649,0.10197686145727573
2,test,2012-09-21,esn_selected,0.07111124886633317,-0.026491102030662707,0.1107967941655343,0.10049374527307174
2,test,2012-09-24,esn_selected,0.09011547890869384,-0.015147499272750406,0.1106623827574988,0.09960585931211137
2,test,2012-09-25,esn_selected,0.0648422605061472,0.007161365138661025,0.1152104992033548,0.10875307959245849
2,test,2012-09-26,esn_selected,0.03746471063890598,0.029488692296659538,0.1139259011075359,0.11302084021985562
2,test,2012-09-27,esn_selected,-0.0457756210789375,-0.05734357955468869,0.109477705962751,0.10821856926785055
2,test,2012-09-28,esn_selected,-0.04207859449129801,-0.0049500073152024225,0.1082486360860324,0.1123432991605782
2,test,2012-10-01,esn_selected,-0.0378255060028175,0.01389995493239967,0.1078540469851792,0.1135796504943221
2,test,2012-10-02,esn_selected,0.01702431383858049,-0.00034183782566707854,0.1139523909262234,0.11199056045003826
2,test,2012-10-03,esn_selected,0.03886181697330415,-0.03156108599367835,0.1173929351123355,0.10941016752968019
2,test,2012-10-04,esn_selected,0.23184321575548172,-0.0060160993979069145,0.1148774538779196,0.09055945773985347
2,test,2012-10-05,esn_selected,0.2717031702956605,0.017710413179523675,0.1181705794868747,0.09166461366479697
2,test,2012-10-08,esn_selected,0.4786174810203583,0.041095167144288444,0.1429668178149485,0.09230425556160736
2,test,2012-10-09,esn_selected,0.4246218924865747,0.08526074878171697,0.1450370346340473,0.10329902911343038
2,test,2012-10-10,esn_selected,0.3919438578186814,0.10616814814490458,0.1432799347799191,0.10766500412645609
2,test,2012-10-11,esn_selected,0.5753266475811591,0.1646255529840934,0.1432915864710155,0.0950288496304813
2,test,2012-10-12,esn_selected,0.5842503023122267,0.212687807778035,0.1433380126649275,0.09885390681062002
2,test,2012-10-15,esn_selected,0.5651238174649487,0.14337645147397537,0.1483469398225997,0.09730071644681004
2,test,2012-10-16,esn_selected,0.4536745260300804,0.07367993258137139,0.1440909551724244,0.0985387764124772
2,test,2012-10-17,esn_selected,0.4398785994666498,0.023895041997804938,0.1442564038283549,0.09516466823175254
2,test,2012-10-18,esn_selected,0.5421070353465758,0.01565181640599064,0.1605712397268144,0.09484865219083577
2,test,2012-10-19,esn_selected,0.29681960012950515,0.028609048319726174,0.1490851233547644,0.11401236286402233
2,test,2012-10-22,esn_selected,0.2990143865404075,-0.015877244511119836,0.1492314350135564,0.10891924378847563
2,test,2012-10-23,esn_selected,0.25529003863460564,0.04166676016223009,0.1487178552125559,0.12011236061982382
2,test,2012-10-24,esn_selected,0.265502137348853,0.05563356769040173,0.1485691318298857,0.12044362660553327
2,test,2012-10-25,esn_selected,0.31037459967443526,0.07169116749745964,0.149320578711974,0.11761447298722409
2,test,2012-10-26,esn_selected,0.33942976928960755,0.04103897698785566,0.1519969623984238,0.11278346530274715
2,test,2012-10-31,esn_selected,0.34895575385364297,0.0008580712141086826,0.1528924373328241,0.1079466331553052
2,test,2012-11-01,esn_selected,0.26383851354734195,-0.13066732547519264,0.1483566617353885,0.09999432278596683
2,test,2012-11-02,esn_selected,0.21807887835830972,-0.1076783989201647,0.1459998517099818,0.10540903239094195
2,test,2012-11-05,esn_selected,0.23910472848041547,-0.10439152762502434,0.1459071805995324,0.10348994043430403
2,test,2012-11-06,esn_selected,0.19343906969614347,-0.15639514408988622,0.1433900069470963,0.1010619833751314
2,test,2012-11-07,esn_selected,-0.18624588021579805,-0.09295594861076036,0.1186723910096464,0.13027617387104717
2,test,2012-11-08,esn_selected,-0.26599004624010675,-0.058068632327462996,0.1111631647661985,0.13685479712322926
2,test,2012-11-09,esn_selected,-0.2541017927189543,-0.08559541788533576,0.111129758030541,0.13152604392555842
2,test,2012-11-12,esn_selected,-0.23165120368435035,-0.16921716940979872,0.1136621460192162,0.12098474351655708
2,test,2012-11-13,esn_selected,-0.23766446279329484,-0.18038360238431686,0.1130173224738926,0.11968005378128667
2,test,2012-11-14,esn_selected,-0.3502882009156051,-0.10649732644271431,0.1045081979402398,0.1333605539181968
2,test,2012-11-15,esn_selected,-0.31502851026253026,-0.08941511940083029,0.1051529779858921,0.13176626244486794
2,test,2012-11-16,esn_selected,-0.2564117834654035,-0.15295548451114546,0.1116289600450493,0.12379621841326202
2,test,2012-11-19,esn_selected,-0.529271657061243,-0.26819590670611065,0.0945818926632989,0.12279813135432797
2,test,2012-11-20,esn_selected,-0.417470120914338,-0.26072005635902373,0.0982040365178818,0.11486957842600246
2,test,2012-11-21,esn_selected,-0.3995924893155065,-0.2694652548713221,0.1000735951392765,0.11398115197190489
2,test,2012-11-23,esn_selected,-0.4633444257885282,-0.28584952793155377,0.09356968902859,0.11174297787704043
2,test,2012-11-26,esn_selected,-0.45874823357653294,-0.2684223099019912,0.0939067389126311,0.11359370309185955
2,test,2012-11-27,esn_selected,-0.46979784812705405,-0.24625277047394734,0.093344568268422,0.11672757012105792
2,test,2012-11-28,esn_selected,-0.5349696619317864,-0.294018470812989,0.0890226538064258,0.11327767049634356
2,test,2012-11-29,esn_selected,-0.46936237277956583,-0.3162004536840758,0.095619070024407,0.11144533442961717
2,test,2012-11-30,esn_selected,-0.2741002222548055,-0.2884317613357857,0.1127890239592725,0.11118411155662666
2,test,2012-12-03,esn_selected,-0.02001267289214315,-0.2260025288461023,0.1431070473574394,0.11646643002350662
2,test,2012-12-04,esn_selected,-0.01845892519450051,-0.2154434824095721,0.1432385962392714,0.11762801005057828
2,test,2012-12-05,esn_selected,0.0037807796460135783,-0.2197513535803799,0.1439331590890873,0.11510179210572243
2,test,2012-12-06,esn_selected,0.1917761725859819,-0.13276483762588145,0.1437596564106291,0.10391797044949627
2,test,2012-12-07,esn_selected,0.256820940104271,-0.09547654511687984,0.1437132528919656,0.10104061146346992
2,test,2012-12-10,esn_selected,0.25903781578868884,-0.08049126238530308,0.1439889161782047,0.10253531209109082
2,test,2012-12-11,esn_selected,0.24162504136634788,-0.12112029292696815,0.1447279043898151,0.10069640749904923
2,test,2012-12-12,esn_selected,0.24724409583770438,-0.10465703536430121,0.1447177362992845,0.10178717031441059
2,test,2012-12-13,esn_selected,0.3141482240515724,-0.025351847578296047,0.1430814060794716,0.10189202456955349
2,test,2012-12-14,esn_selected,0.3039399765595442,0.005377969641290222,0.1425020235015263,0.10572001088538154
2,test,2012-12-17,esn_selected,0.20021111964018198,-0.07286515840650466,0.136372707607581,0.10378436741880201
2,test,2012-12-18,esn_selected,0.33769957308523096,-0.05007950575085267,0.1325772668291359,0.08996192655143989
2,test,2012-12-19,esn_selected,0.2816271569366061,0.060692942040287086,0.1301482878986499,0.10434891769813857
3,val,2010-11-18,esn_selected,0.07147466286885616,0.19813806606613169,0.1303031548226185,0.14789862887140565
3,val,2010-11-19,esn_selected,0.06895143408717504,0.16803381373960385,0.1302134913673769,0.14377617130979384
3,val,2010-11-22,esn_selected,0.08682867167143812,0.17128960426476814,0.1320991963871675,0.14374114255002016
3,val,2010-11-23,esn_selected,-0.07679054216688994,0.1903478547092838,0.1220018244958909,0.1593613709075747
3,val,2010-11-24,esn_selected,-0.24670928326694644,0.07012701172835838,0.1104183153149413,0.15157981450961522
3,val,2010-11-26,esn_selected,-0.36463183971875796,0.07421485936607233,0.1022966589873421,0.15865367985162845
3,val,2010-11-29,esn_selected,-0.37150960243785935,0.04045591086243892,0.1018513445771922,0.15377336420175153
3,val,2010-11-30,esn_selected,-0.3999056364108245,0.0746748876403094,0.0999004937177295,0.1605740411563855
3,val,2010-12-01,esn_selected,-0.901939579819467,-0.08978065660766182,0.0666540886669421,0.1501560840310034
3,val,2010-12-02,esn_selected,-1.2423339717816835,-0.20883095751085212,0.0490162427488499,0.13777952217398934
3,val,2010-12-03,esn_selected,-0.9492982785425735,-0.21282995676866903,0.0603673267321349,0.12607996294464077
3,val,2010-12-06,esn_selected,-0.9472601030880079,-0.23749900249511732,0.0602819588327135,0.12258368865091901
3,val,2010-12-07,esn_selected,-0.9023478910441269,-0.2437907845622868,0.062995986583053,0.12170841290303279
3,val,2010-12-08,esn_selected,-0.9075296563228249,-0.2412330923845931,0.0620352314323152,0.12078342145835654
3,val,2010-12-09,esn_selected,-0.9259937374699868,-0.2379807386549671,0.0608829322677072,0.12114229857679905
3,val,2010-12-10,esn_selected,-0.9887527559536721,-0.2534719710743118,0.0574697619139725,0.11988581098264943
3,val,2010-12-13,esn_selected,-0.9275455566496597,-0.2229367813009651,0.0587816937749513,0.11891860308969524
3,val,2010-12-14,esn_selected,-0.7993110685390982,-0.21611708188927314,0.0668017348492432,0.11969215094042497
3,val,2010-12-15,esn_selected,-0.757123757657902,-0.1660384789774368,0.0650428813824186,0.11746401655958201
3,val,2010-12-16,esn_selected,-0.7407696511391837,-0.18697579704462694,0.0668348666377816,0.11628205566606004
3,val,2010-12-17,esn_selected,-0.6651821237904693,-0.16464888975601308,0.0669992598315531,0.11052202319973072
3,val,2010-12-20,esn_selected,-0.550426224406068,-0.15363564397843635,0.0750946351650302,0.11166906279148922
3,val,2010-12-21,esn_selected,-0.6094027572082651,-0.1826466710923442,0.0718190937907378,0.11004688002521375
3,val,2010-12-22,esn_selected,-0.5354515212349555,-0.16784486100249538,0.0714204668101109,0.10315071163286366
3,val,2010-12-23,esn_selected,-0.3998257826805952,-0.04822328149531541,0.0740285061296073,0.1052199307523273
3,val,2010-12-27,esn_selected,-0.32327140163300666,0.087020477856986,0.0740400091895269,0.11159737088716684
3,val,2010-12-28,esn_selected,-0.304326454195815,0.11334305199984725,0.0751275916376758,0.1140751447972491
3,val,2010-12-29,esn_selected,-0.2788142363876214,0.11928222113228253,0.0755927509266272,0.11255667233523903
3,val,2010-12-30,esn_selected,0.38489014830898705,0.2719482181011451,0.0979450432679243,0.08748476012417486
3,val,2010-12-31,esn_selected,0.7277508779099876,0.42007090013577636,0.1014841476769887,0.07460612646160435
3,val,2011-01-03,esn_selected,0.6018745103704323,0.42314044822776953,0.1102028238102015,0.09216573821803589
3,val,2011-01-04,esn_selected,0.6051065470894594,0.4801184382626278,0.1104032327848459,0.09743166953791874
3,val,2011-01-05,esn_selected,0.5496820991594261,0.46168923397386585,0.1091532784234971,0.09995901513280729
3,val,2011-01-06,esn_selected,0.5672347906530347,0.5121757569036721,0.1093919455274713,0.10353173970030882
3,val,2011-01-07,esn_selected,0.604075119865095,0.5376507040574902,0.1113889351294121,0.10423037370821217
3,val,2011-01-10,esn_selected,0.6713200342951133,0.5646667413543826,0.1124579038949254,0.10108135332444536
3,val,2011-01-11,esn_selected,0.6450729356968573,0.540511744327067,0.1120453176990055,0.10092142264167078
3,val,2011-01-12,esn_selected,0.47501910214538867,0.4519480073425014,0.1074201899907525,0.104970258572627
3,val,2011-01-13,esn_selected,0.5191950345518406,0.4507452880464349,0.1093158939575619,0.10208359679152154
3,val,2011-01-14,esn_selected,0.46680704204815693,0.3738678048366183,0.1065945028163041,0.097134120094195
3,val,2011-01-18,esn_selected,0.4682468732606057,0.39472627833804474,0.1070106588905696,0.09942542348021181
3,val,2011-01-19,esn_selected,0.32152213047811695,0.4301427760411716,0.1035724378811707,0.11545627609885387
3,val,2011-01-20,esn_selected,0.37030045472720335,0.48354809717543784,0.1040062325448202,0.11647754039482332
3,val,2011-01-21,esn_selected,0.37541571796909573,0.4810274159904311,0.1039593748349512,0.11553943430693148
3,val,2011-01-24,esn_selected,0.5224688384406084,0.42249760803701153,0.1248257887777061,0.11295029390954758
3,val,2011-01-25,esn_selected,0.537325738536311,0.4304347001030557,0.1267138443822538,0.11386804886582835
3,val,2011-01-26,esn_selected,0.5170409018592624,0.38623633651583744,0.1259933076677015,0.1105451711870115
3,val,2011-01-27,esn_selected,0.5516383304556103,0.34273651313373105,0.131236195897951,0.1064948795347618
3,val,2011-01-28,esn_selected,0.18155003937933648,0.35788063702018025,0.1174434073250797,0.14009029449817725
3,val,2011-01-31,esn_selected,0.2401218023630102,0.28186562434219564,0.1290273513846813,0.13452744497761387
3,val,2011-02-01,esn_selected,0.05390462007340261,0.13615251653655483,0.1163062898312348,0.12627663766919334
3,val,2011-02-02,esn_selected,0.17084523530058937,0.1170765579487326,0.1309721429283681,0.12411592077067196
3,val,2011-02-03,esn_selected,0.20078400842935418,0.10402952316998905,0.1334246804075,0.12112010319085054
3,val,2011-02-04,esn_selected,0.21739910714967917,0.07621847126198705,0.1359566888073859,0.1180556040780277
3,val,2011-02-07,esn_selected,0.21177890935047866,0.052138351701820324,0.1376627572681503,0.11735063678696285
3,val,2011-02-08,esn_selected,0.19603269020821898,0.01396059406463345,0.1368125381629355,0.11403889313750212
3,val,2011-02-09,esn_selected,0.3039733879174392,0.016555416065652,0.1518475109249313,0.11391571442981699
3,val,2011-02-10,esn_selected,0.3590062872202859,0.037196114058406254,0.1538155935414583,0.11149104426780704
3,val,2011-02-11,esn_selected,0.3418651447964172,-0.024300978166419338,0.1538698238551007,0.1066914284966983
3,val,2011-02-14,esn_selected,0.3997805400852535,-0.02399153228765051,0.1589854171791944,0.10406757104883255
3,val,2011-02-15,esn_selected,0.47432505515153506,-0.013668136599747725,0.1719585570593864,0.10555797295768908
3,val,2011-02-16,esn_selected,0.5348042869749035,-0.01730130237895978,0.1768099696057206,0.10179591223345058
3,val,2011-02-17,esn_selected,0.5314902152971938,-0.023113962334688945,0.1769630654381902,0.10162980651464841
3,val,2011-02-18,esn_selected,0.5765908024359692,-0.031190344426853246,0.1850435122318139,0.10076689225282955
3,val,2011-02-22,esn_selected,0.31428431057731626,0.06967421587133084,0.1709213289485966,0.13383307190190605
3,val,2011-02-23,esn_selected,0.29279973557185407,0.09811519695763378,0.1698186471102349,0.1397767556412476
3,val,2011-02-24,esn_selected,0.3178146038542122,0.07852467751320871,0.173130110501248,0.13628570705067766
3,val,2011-02-25,esn_selected,0.25473665889141883,-0.03701164186694344,0.1693106817417978,0.1264677177519357
3,val,2011-02-28,esn_selected,0.35864960448035965,-0.04141786012072315,0.1681079247297173,0.11267850977663488
3,val,2011-03-01,esn_selected,0.20853295839411956,0.05431681732152876,0.1589448626858904,0.13622953568381624
3,val,2011-03-02,esn_selected,0.3228779347738362,0.11887785312597259,0.1606302396730005,0.13098790543324504
3,val,2011-03-03,esn_selected,0.12782718762820064,-0.01648645073511835,0.1488310602439051,0.1288305790467696
3,val,2011-03-04,esn_selected,0.09811553205046881,-0.012740296801436778,0.1471794600670647,0.1317355929631341
3,val,2011-03-07,esn_selected,0.06112189245204427,0.033484544141285676,0.1445258324443351,0.14058621275510919
3,val,2011-03-08,esn_selected,0.02522649535969538,-0.031866231743223186,0.1411796794814087,0.13334512267300208
3,val,2011-03-09,esn_selected,0.033895298077299726,-0.04309155285955093,0.1415293268223553,0.13104229076460447
3,val,2011-03-10,esn_selected,-0.191940525366541,-0.05213549497478925,0.1253282473596322,0.14413369476481291
3,val,2011-03-11,esn_selected,-0.21944852396478182,-0.12094227682433464,0.123507998160386,0.13629370647116879
3,val,2011-03-14,esn_selected,-0.23132378128975142,-0.10026479136353629,0.1220930139916846,0.13919031285790656
3,val,2011-03-15,esn_selected,-0.29745056977150486,-0.028317251713115672,0.1180799470454164,0.15454653222571463
3,val,2011-03-16,esn_selected,-0.5664544410699162,0.10506506738440595,0.0975923451381809,0.1910086218944091
3,val,2011-03-17,esn_selected,-0.7245237658827276,-0.03947710366970783,0.0856742035811499,0.16996600290115968
3,val,2011-03-18,esn_selected,-0.725339917539924,-0.0992794708549089,0.085678431837224,0.16023821794017543
3,val,2011-03-21,esn_selected,-0.8740244125402494,-0.23644098628248814,0.07721290344514,0.14607935659888588
3,val,2011-03-22,esn_selected,-0.7731841802383345,-0.22433042746727647,0.0788872174936141,0.13657486947032405
3,val,2011-03-23,esn_selected,-0.6149474738899811,-0.24132860466280115,0.091815728010268,0.13340671656357775
3,val,2011-03-24,esn_selected,-0.6850592310885381,-0.30677430486517865,0.0872680280155099,0.12739201833981467
3,val,2011-03-25,esn_selected,-0.6695891263146011,-0.2905897558749137,0.0866733326347986,0.12661432118619004
3,val,2011-03-28,esn_selected,-0.6087623687829483,-0.20226987599581817,0.0914547041839291,0.13732306744269338
3,val,2011-03-29,esn_selected,-0.5546579738890561,-0.20576634954961165,0.0912770505239843,0.1293848138476062
3,val,2011-03-30,esn_selected,-0.5938545168956788,-0.2534874030423337,0.0886991723830589,0.12466344580294415
3,val,2011-03-31,esn_selected,-0.5146305235311784,-0.21357136559815365,0.0889595093674744,0.12021003124260415
3,val,2011-04-01,esn_selected,-0.515874522896626,-0.23275956166708356,0.0878629431419602,0.11661677101294468
3,val,2011-04-04,esn_selected,-0.48773876162461843,-0.22104753910232885,0.0887407769434435,0.11586326243703458
3,val,2011-04-05,esn_selected,-0.4301178530477245,-0.2069481907305783,0.0918278426639161,0.11478780051536151
3,val,2011-04-06,esn_selected,-0.38102075956545384,-0.21589644273418163,0.0966876996023589,0.11404698465356142
3,val,2011-04-07,esn_selected,-0.250810599440798,-0.1409599342124068,0.0975266500869768,0.10885060438347066
3,val,2011-04-08,esn_selected,-0.2341946191591491,-0.07416497878518231,0.0977204935707602,0.11467946061569594
3,val,2011-04-11,esn_selected,-0.1826481896771395,-0.058428772149607795,0.1017109507589933,0.11516367667077233
3,val,2011-04-12,esn_selected,-0.11642882872299788,-0.025296346231023406,0.1051021867104934,0.1151304192434175
3,val,2011-04-13,esn_selected,0.08683066239379732,0.09181767279520467,0.1064451385859464,0.10697730746218266
3,val,2011-04-14,esn_selected,0.24892897204388034,0.17919026994807416,0.1098900965371636,0.10248762318281461
3,val,2011-04-15,esn_selected,0.2628805210639261,0.20955982608666757,0.1114394779060452,0.10565308560013133
3,val,2011-04-18,esn_selected,0.29792317608494595,0.3632703766611,0.1040102822684987,0.11103405574799846
3,val,2011-04-19,esn_selected,0.3027472242387332,0.3746414109094634,0.1067795501304785,0.11473907261881908
3,val,2011-04-20,esn_selected,0.04170086672637077,0.2635455449652776,0.0957254768459125,0.11950152789289807
3,val,2011-04-21,esn_selected,0.11774091009454278,0.2577923810428066,0.0981723958630079,0.1129309472456116
3,val,2011-04-25,esn_selected,0.20588827022602674,0.3169031555096735,0.1064882366046536,0.1189911844263016
3,val,2011-04-26,esn_selected,0.10998378826995561,0.2659536401210808,0.1020872256968639,0.11931862710528489
3,val,2011-04-27,esn_selected,0.09272146207214112,0.2329997435589879,0.100145172144309,0.11522642852031073
3,val,2011-04-28,esn_selected,0.12801444771871776,0.21792102285763226,0.100812767212692,0.11029643244304825
3,val,2011-04-29,esn_selected,0.13071580264366678,0.21362963244215,0.101382157884381,0.11014646143049332
3,val,2011-05-02,esn_selected,0.2036100716019281,0.2766337130239761,0.1077041598327462,0.11586339282781812
3,val,2011-05-03,esn_selected,0.4116529068677158,0.29621625563304,0.1339373841206987,0.11933513039847593
3,val,2011-05-04,esn_selected,0.36207456201927435,0.2854842307803928,0.1318928843095802,0.12216832163984685
3,val,2011-05-05,esn_selected,0.31672213604654387,0.28452699840419077,0.1327155782284914,0.12851083131117988
3,val,2011-05-06,esn_selected,0.3402602163048391,0.2765735686468775,0.1370554914892057,0.12859902672333404
3,val,2011-05-09,esn_selected,0.3333809739731316,0.24988223718774916,0.1363864323950264,0.12546082198691813
3,val,2011-05-10,esn_selected,0.2744987706483091,0.18388113893253452,0.1338384860515815,0.12224364132121995
3,val,2011-05-11,esn_selected,0.22228126344823537,0.23662113648096048,0.1312644967910451,0.13316037383917997
3,val,2011-05-12,esn_selected,0.26936680911288363,0.21087872037486502,0.1393510837236793,0.13143447548543355
3,val,2011-05-13,esn_selected,0.2179604738946912,0.24950839381462658,0.1366525014651149,0.14103232758650583
3,val,2011-05-16,esn_selected,0.24240140061470566,0.28719064687560625,0.1420079504469874,0.14851296953395904
3,val,2011-05-17,esn_selected,0.40305168998372437,0.30227332107416993,0.1556393469496206,0.14071873111454813
3,val,2011-05-18,esn_selected,0.3570685652791221,0.20727167210264094,0.1526022701618638,0.1313726711252829
3,val,2011-05-19,esn_selected,0.4672161657025553,0.22429947918262944,0.1527344273839607,0.11979524071210478
3,val,2011-05-20,esn_selected,0.4317219996322912,0.2949502376702877,0.1511763557624856,0.13185137118432982
3,val,2011-05-23,esn_selected,0.3637617799086051,0.30841712701045165,0.153207973843856,0.14495910260591105
3,val,2011-05-24,esn_selected,0.41549370755072784,0.3009809774233605,0.1546742525925623,0.1379385890409634
3,val,2011-05-25,esn_selected,0.43395489243515123,0.2630035537699178,0.1545589763020113,0.13027197865515336
3,val,2011-05-26,esn_selected,0.45687709583992403,0.22764638677101443,0.1591969479905214,0.12658466758389206
3,val,2011-05-27,esn_selected,0.46691952887959226,0.1897780403751645,0.1617119468734552,0.12256912521478931
3,val,2011-05-31,esn_selected,0.4208874208904149,0.08784960341961566,0.1640671226540949,0.11759397616849233
3,val,2011-06-01,esn_selected,0.08659971601709571,0.12601268442066157,0.1460533730990933,0.15192471353933606
3,val,2011-06-02,esn_selected,0.12772654632862837,0.11315741902797034,0.1498622677054958,0.14769473313312853
3,val,2011-06-03,esn_selected,0.15283894588637809,0.06001817945676371,0.1546318722997976,0.14092481317217265
3,val,2011-06-06,esn_selected,0.09034066298715189,0.03534714550064255,0.150013689636041,0.14198664965760485
3,val,2011-06-07,esn_selected,0.09551248643831615,0.04201496412506095,0.1500554297729132,0.14223878578434093
3,val,2011-06-08,esn_selected,0.13865714102412832,0.09312791332482896,0.1537443081762916,0.14690140659342518
3,val,2011-06-09,esn_selected,0.15616966564848248,0.06427392228224975,0.1534514166103548,0.13997842021346768
3,val,2011-06-10,esn_selected,0.13168031128254476,0.07532629843128995,0.1589638538614445,0.15025334398687334
3,val,2011-06-13,esn_selected,0.15573353186572889,0.08934462478259539,0.1596804690039673,0.1494236922253445
3,val,2011-06-14,esn_selected,0.07938554234594522,-0.014728882019457712,0.1537408799368185,0.13993166035068483
3,val,2011-06-15,esn_selected,-0.09124449012049318,0.05025229415706695,0.1420667421165055,0.1636604322695338
3,val,2011-06-16,esn_selected,-0.0626750976046663,0.08964724295064887,0.1433314668111938,0.16691458896180916
3,val,2011-06-17,esn_selected,-0.045785147521239834,0.0491299549101322,0.1458991306454946,0.16042565064367498
3,val,2011-06-20,esn_selected,0.02911643583297437,-0.030663437084510154,0.1556427800667611,0.1466111197015447
3,val,2011-06-21,esn_selected,-0.034786793072180536,-0.10041831034087573,0.1479699942224412,0.1385703299479855
3,val,2011-06-22,esn_selected,-0.0020482761755450975,-0.10188845647540648,0.1543577612474992,0.13969100173108476
3,val,2011-06-23,esn_selected,-0.0033701812142681122,-0.06474937385456442,0.1540389613081628,0.14486849114759948
3,val,2011-06-24,esn_selected,-0.061732655091456125,-0.02014653220672651,0.149666494272783,0.1560217733249437
3,val,2011-06-27,esn_selected,-0.095940886150333,-0.08159237366037826,0.1469181693448305,0.1490414228697424
3,val,2011-06-28,esn_selected,-0.03979639109927366,-0.18247025419917964,0.1576660577029277,0.1367022734270175
3,val,2011-06-29,esn_selected,0.059958675795610775,-0.1822014310377087,0.1550784006789014,0.12172576577068399
3,val,2011-06-30,esn_selected,0.022673843435031968,-0.22099848156576632,0.1532990364418456,0.12014726220118813
3,val,2011-07-01,esn_selected,-0.06446595882266347,-0.28621014371580716,0.1449778998314164,0.11614473524179807
3,val,2011-07-05,esn_selected,0.13447610378503635,-0.24183013788119806,0.1716062585211456,0.11778917998660371
3,val,2011-07-06,esn_selected,0.14010611892985156,-0.21320625066747315,0.1726231468557148,0.12124320742219998
3,val,2011-07-07,esn_selected,0.4440928739793876,-0.2669500962229704,0.2396989497684529,0.11772375137491348
3,val,2011-07-08,esn_selected,0.4406629447440025,-0.2391622855383821,0.2384231312419952,0.12081032180109687
3,val,2011-07-11,esn_selected,0.7344785854565806,-0.1474846111203757,0.3313434423480182,0.13716604936342938
3,val,2011-07-12,esn_selected,0.8354851691910847,-0.09503221762295724,0.3682123901752994,0.14520441845883547
3,val,2011-07-13,esn_selected,0.9598139397491182,-0.09900849022865252,0.4014498131497953,0.13924849867128516
3,val,2011-07-14,esn_selected,1.1073422092173502,-0.010796221433745465,0.4299372085088969,0.14054120793047298
3,val,2011-07-15,esn_selected,1.098872299746971,-0.02204948835356522,0.4301062182778516,0.14020566906420295
3,val,2011-07-18,esn_selected,1.0935893085643724,0.06788794546251194,0.4355043590365506,0.15614786992245583
3,val,2011-07-19,esn_selected,1.0227351311811501,-0.04688707495529794,0.4328099171919136,0.1485135849439534
3,val,2011-07-20,esn_selected,1.0732919446427525,-0.03119811106593227,0.4328111354724347,0.14342487807662518
3,val,2011-07-21,esn_selected,1.0867556778649368,-0.12938272932731648,0.457615225023455,0.13562453609445943
3,val,2011-07-22,esn_selected,1.0969002547692153,-0.1448253584184322,0.4613264010138074,0.1332704080617896
3,val,2011-07-25,esn_selected,1.1247898429737817,-0.055259448811945396,0.4609083840632191,0.14162036597284866
3,val,2011-07-26,esn_selected,1.173097716018504,-0.0015624582163604045,0.4748378971706878,0.14668879508451768
3,val,2011-07-27,esn_selected,1.0959591465199772,0.05508363315968326,0.4717449050040973,0.16659452576288172
3,val,2011-07-28,esn_selected,1.1189064896583583,0.07995013442375516,0.4747732347564737,0.16798604900117642
3,val,2011-07-29,esn_selected,1.1349311450930517,0.1482128504621909,0.4769070678084083,0.17779004842118512
3,val,2011-08-01,esn_selected,1.212010999550386,0.21274784667533345,0.4871598558883316,0.17934819907418237
3,val,2011-08-02,esn_selected,1.0254780405786006,0.2068548376867884,0.4785117174805602,0.2110420696108446
3,val,2011-08-03,esn_selected,1.0193057480876224,0.1910907555290002,0.4783853717259916,0.20897228428914433
3,val,2011-08-04,esn_selected,0.6267680058929487,0.20661940402481624,0.4486090365979007,0.2947133426295016
3,val,2011-08-05,esn_selected,0.6525783034564274,0.26530320259787704,0.4578882968206224,0.3108623345826902
3,val,2011-08-08,esn_selected,0.16659481696721212,0.3570954113691517,0.3914079023021124,0.47354684395355934
3,val,2011-08-09,esn_selected,0.004925413905099384,0.1501050376468008,0.3700304623052842,0.4278467011530568
3,val,2011-08-10,esn_selected,-0.1793941645667214,0.10231341297051173,0.3355222800244974,0.444698240168224
3,val,2011-08-11,esn_selected,-0.32150724153457505,-0.06615409545163332,0.3117282858743665,0.4024154754201252
3,val,2011-08-12,esn_selected,-0.3221238182718443,-0.0899198240403073,0.3116586066164085,0.39311900329307803
3,val,2011-08-15,esn_selected,-0.3581895420389381,-0.2458848737668933,0.3043916709643159,0.3405697436374211
3,val,2011-08-16,esn_selected,-0.3441908902263447,-0.2754473499093156,0.3067729051051522,0.3286033142062035
3,val,2011-08-17,esn_selected,-0.3250000911030427,-0.3115306752597096,0.3127178558501692,0.3169584779305996
3,val,2011-08-18,esn_selected,-0.5217773218521529,-0.062007525289797125,0.2715785426666975,0.4301014820841254
3,val,2011-08-19,esn_selected,-0.5446599815955457,-0.14733594897358765,0.2675872922032794,0.39812653094979794
3,val,2011-08-22,esn_selected,-0.5436903143248021,-0.22213270057881396,0.2676041873348447,0.36909962336326857
3,val,2011-08-23,esn_selected,-0.5872421014665419,-0.4744643655441301,0.2639425260814037,0.2954528048203004
3,val,2011-08-24,esn_selected,-0.5065440419329009,-0.55365884238059,0.2842614297584201,0.2711791144827601
3,val,2011-08-25,esn_selected,-0.5287762417905235,-0.42284353337954533,0.2797960787726557,0.31106246874809035
3,val,2011-08-26,esn_selected,-0.5063054146898075,-0.49176566608331446,0.2874406001795649,0.2916504451243816
3,val,2011-08-29,esn_selected,-0.5822274541829467,-0.6525902707553805,0.2721531233026871,0.25366184081836674
3,val,2011-08-30,esn_selected,-0.5300571378884611,-0.6155175624894391,0.281638282281877,0.2585691430277773
3,val,2011-08-31,esn_selected,-0.5264939820115052,-0.6486620406712987,0.2825689644277037,0.25007342731591514
3,val,2011-09-01,esn_selected,-0.4221006135548692,-0.6312833268605004,0.2941386198557283,0.23861907190696147
3,val,2011-09-02,esn_selected,-0.4307931612934129,-0.5860322076467639,0.2976243436965732,0.2548290818861425
3,val,2011-09-06,esn_selected,-0.2451292712972439,-0.44958982000075914,0.3063171408618723,0.2496750880017089
3,val,2011-09-07,esn_selected,-0.21922115459855104,-0.5021846471667131,0.2971877750370118,0.22394504470961138
3,val,2011-09-08,esn_selected,-0.1064021334646141,-0.38976819797688106,0.3016556783957522,0.2272203302660837
3,val,2011-09-09,esn_selected,-0.08078278642571203,-0.16207988962428788,0.287536308684789,0.2650854005092508
3,val,2011-09-12,esn_selected,-0.006949718888797516,-0.14261031855096654,0.3095001758421349,0.27023665108557426
3,val,2011-09-13,esn_selected,0.011198126719473522,-0.16597450108916167,0.3078194439667563,0.25784039317431623
3,val,2011-09-14,esn_selected,-0.004148641325776338,-0.1743506393632038,0.3055028506751505,0.25768994836304693
3,val,2011-09-15,esn_selected,-0.043225134274093795,-0.2955273226435691,0.2994885632655021,0.2327055783644941
3,val,2011-09-16,esn_selected,0.11524476074441461,-0.2515375396791216,0.3047513352681972,0.21118063334451068
3,val,2011-09-19,esn_selected,0.14811999839948328,-0.18841899913300247,0.310308150459882,0.2216338819260652
3,val,2011-09-20,esn_selected,0.17190643419110263,-0.1388156597620762,0.3177978249711237,0.23291959684825975
3,val,2011-09-21,esn_selected,0.13639682977026216,-0.011274370136293456,0.3025141959041258,0.2609834525371238
3,val,2011-09-22,esn_selected,-0.016693779230569358,0.04959623090194731,0.2795554220229308,0.2987151886043039
3,val,2011-09-23,esn_selected,0.024114761566642284,0.0179403845620196,0.2866253061523797,0.2848610257243401
3,val,2011-09-26,esn_selected,-0.034807847212229646,-0.08936883587347867,0.2776075383234276,0.26286678815605624
3,val,2011-09-27,esn_selected,0.04083117869162769,-0.04701885961509638,0.2834954404323844,0.25965296815673644
3,val,2011-09-28,esn_selected,-0.019285795102051813,0.08849790352775982,0.2762587055242332,0.30769882515660824
3,val,2011-09-29,esn_selected,0.06163622541588574,0.1328812193231068,0.3005333916428186,0.32272606324892644
3,val,2011-09-30,esn_selected,-0.02528053773233412,0.15874905572717715,0.2867958431134803,0.344743343417866
3,val,2011-10-03,esn_selected,-0.05564225211080106,0.22295830432395405,0.2815161585577326,0.3719615184863329
3,val,2011-10-04,esn_selected,-0.05895345492146807,0.06527527487309251,0.2887806832061054,0.32697909793651014
3,val,2011-10-05,esn_selected,-0.03441773131785693,-0.010337650599084203,0.2871332652643102,0.29413137686352975
3,val,2011-10-06,esn_selected,-0.048973588041428665,-0.11794172131472655,0.2872384310641909,0.2680958344565767
3,val,2011-10-07,esn_selected,-0.0016328215542703807,-0.0815144444864955,0.2870671962949692,0.2650277927673926
3,val,2011-10-10,esn_selected,-0.16219668311550675,-0.28322675817210424,0.263159938141683,0.23316162954323727
3,val,2011-10-11,esn_selected,-0.14226855350637668,-0.2744240549960939,0.2669989796040841,0.23394576972708034
3,val,2011-10-12,esn_selected,-0.028610696855657473,-0.32587642632376923,0.2968860552674993,0.22054079374533284
3,val,2011-10-13,esn_selected,-0.0027757962806213713,-0.3225521287323886,0.29865839674511,0.2169190195301793
3,val,2011-10-14,esn_selected,-0.0159447689747882,-0.44282225284081517,0.2999306798822472,0.1957178139391917
3,val,2011-10-17,esn_selected,-0.054088162192905145,-0.2899928267119021,0.2939699864737421,0.23219394929993656
3,val,2011-10-18,esn_selected,-0.10414113064259113,-0.34478430865871346,0.2863670213156347,0.22511943900988524
3,val,2011-10-19,esn_selected,-0.04610910590340026,-0.25108063337022596,0.2888822307705543,0.23534383479592463
3,val,2011-10-20,esn_selected,0.05049936574951141,-0.20098126448734627,0.2940353295254923,0.22865613893069384
3,val,2011-10-21,esn_selected,-0.0008607640583773727,-0.28683264921661983,0.2863786955426234,0.21515165683456197
3,val,2011-10-24,esn_selected,0.04769558796139644,-0.33445580807634445,0.2911690340543647,0.19869134202958572
3,val,2011-10-25,esn_selected,-0.0015986528339307718,-0.23708781476386065,0.2830425917135197,0.22365579155096685
3,val,2011-10-26,esn_selected,0.05443499869667433,-0.24763854721220468,0.2917136773659856,0.2156591642930664
3,val,2011-10-27,esn_selected,-0.12481087433515912,-0.36312606416018034,0.2652699518601811,0.20902059837305514
3,val,2011-10-28,esn_selected,-0.009889981638111986,-0.3821319237000696,0.2839734173661022,0.19571092359249714
3,val,2011-10-31,esn_selected,-0.03944024169279369,-0.2095366624371468,0.2706291966438673,0.22829831779716414
3,val,2011-11-01,esn_selected,0.001591713331474507,-0.1315808456748993,0.2892407052839498,0.25317644904694914
3,val,2011-11-02,esn_selected,-0.012757472643276514,-0.2229135009837261,0.2834934373561831,0.2297594623723671
3,val,2011-11-03,esn_selected,-0.039312816217707124,-0.30923904217995546,0.276165362252644,0.21083452813048412
3,val,2011-11-04,esn_selected,-0.03215005245910425,-0.30785431245299516,0.2779847536851419,0.2110008178075286
3,val,2011-11-07,esn_selected,0.05167932295777617,-0.2705232029779542,0.2771174157964833,0.2007858212822047
3,val,2011-11-08,esn_selected,0.02484330811357987,-0.324684542514365,0.2737151986414932,0.19297493194450563
3,val,2011-11-09,esn_selected,-0.16548922436795452,-0.1452469391380826,0.2516046958300125,0.2567496469547677
3,val,2011-11-10,esn_selected,-0.1524469231715143,-0.189237578767093,0.2564294328801058,0.24716666240971336
3,val,2011-11-11,esn_selected,-0.16945705105934702,-0.34474927296182284,0.2531783876609363,0.2124702774876051
3,val,2011-11-14,esn_selected,-0.1496366315720303,-0.29860222742862197,0.2531142692134652,0.21808293972221005
3,val,2011-11-15,esn_selected,-0.11465859136006368,-0.2985338526615454,0.2553450296516936,0.21245717247479162
3,val,2011-11-16,esn_selected,-0.14746372548725195,-0.20004446356833294,0.2492746681835267,0.2365062502040152
3,val,2011-11-17,esn_selected,-0.1917314255465385,-0.1679513788515192,0.2427345605848395,0.24857597910291682
3,val,2011-11-18,esn_selected,-0.15325167930016442,-0.1620274921808155,0.2456882279155384,0.24354154721163965
3,val,2011-11-21,esn_selected,-0.11825631685181187,-0.16738964699435588,0.2586944549608255,0.2462911381495339
3,val,2011-11-22,esn_selected,-0.09106258666169,-0.1636025336115217,0.2584067258528321,0.24032564395415643
3,val,2011-11-23,esn_selected,-0.16253176211258583,-0.11829498235329804,0.2479534438496357,0.2591683322074888
3,val,2011-11-25,esn_selected,-0.05981392947788422,-0.028357707035802496,0.2498683212912903,0.2578531628615267
3,val,2011-11-28,esn_selected,-0.21776240049859139,-0.1658060851328541,0.2284045120126438,0.24058526232596422
3,val,2011-11-29,esn_selected,-0.14992374694482305,-0.12704222613076807,0.2329504707127475,0.23834218179154504
3,val,2011-11-30,esn_selected,-0.43415770238563534,-0.2299939209002594,0.1873730462321926,0.22981285661089235
3,val,2011-12-01,esn_selected,-0.4097525619965507,-0.23500668435770247,0.1881870494807803,0.22412014953059367
3,val,2011-12-02,esn_selected,-0.3412885640456461,-0.22054479146632996,0.1963131838670344,0.2215071864515682
3,val,2011-12-05,esn_selected,-0.3669771822654104,-0.262292328627104,0.1925949130578285,0.213849808824064
3,val,2011-12-06,esn_selected,-0.3626697423232137,-0.23386649021368827,0.1928227856051211,0.21932942205059497
3,val,2011-12-07,esn_selected,-0.35152836962198636,-0.174290082195095,0.1925892678206008,0.22993532244214668
3,val,2011-12-08,esn_selected,-0.35753975230963264,-0.10749400155713883,0.1759710400297815,0.2259616256771448
3,val,2011-12-09,esn_selected,-0.42069237287749406,-0.22861025768013749,0.1683695285200835,0.2040251465403977
3,val,2011-12-12,esn_selected,-0.45839019816225973,-0.24843740114313057,0.1600848731334576,0.1974838736681818
3,val,2011-12-13,esn_selected,-0.47878920997565527,-0.24497011837486565,0.1568126583225485,0.19811960725453817
3,val,2011-12-14,esn_selected,-0.5105388677968236,-0.2646056788604927,0.153250957117517,0.1959794896668854
3,val,2011-12-15,esn_selected,-0.4860239700805346,-0.24574129604019027,0.1533206382717101,0.19496383455596086
3,val,2011-12-16,esn_selected,-0.4285688119329311,-0.212254092717822,0.1581271871387468,0.1963138021470669
3,val,2011-12-19,esn_selected,-0.46330819897758996,-0.17909456530041484,0.1545867097355487,0.2054019519568502
3,val,2011-12-20,esn_selected,-0.8308318835815688,-0.3044948833640258,0.1127097320753191,0.1907860744624992
3,val,2011-12-21,esn_selected,-0.8314383757911984,-0.3387408016684578,0.1125161114884081,0.18415798415329804
3,val,2011-12-22,esn_selected,-0.8297290478107695,-0.3938135795392552,0.108149221530404,0.1672395845933801
3,val,2011-12-23,esn_selected,-0.8427194943361466,-0.4607572073062737,0.1075778283134082,0.1576183897674504
3,val,2011-12-27,esn_selected,-0.7390372085225496,-0.368655174163509,0.1090799417467429,0.15797914936820903
3,val,2011-12-28,esn_selected,-0.8607638347461428,-0.28526612365130144,0.09850053938714,0.17513546063588495
3,val,2011-12-29,esn_selected,-0.7081290176545592,-0.21671533881299368,0.0922933888024301,0.15086511968444005
3,val,2011-12-30,esn_selected,-0.7306467609822438,-0.14472229746850848,0.090630395800105,0.1628312054354804
3,val,2012-01-03,esn_selected,-0.9268311758301212,-0.19991493540407443,0.0777019291325429,0.1607413136799457
3,val,2012-01-04,esn_selected,-0.9077838284944644,-0.16171534596401574,0.0776961151898952,0.16383728015519472
3,val,2012-01-05,esn_selected,-0.7443908519905922,-0.15914954663941436,0.0915953682826733,0.16445253888390432
3,val,2012-01-06,esn_selected,-0.7478658181495216,-0.15881240495153875,0.0911670882071325,0.16430876484721932
3,val,2012-01-09,esn_selected,-0.6572472386641961,-0.11819290625983071,0.0912015778164465,0.15635460395771353
3,val,2012-01-10,esn_selected,-0.665544948689351,-0.11000708810170555,0.0865408182325467,0.15083010188918175
3,val,2012-01-11,esn_selected,-0.6140088484985293,-0.039779567083298877,0.0866342542676671,0.1538417635259474
3,val,2012-01-12,esn_selected,-0.5537360397674264,-0.00149912572277208,0.0901356532588757,0.15657775255343487
3,val,2012-01-13,esn_selected,-0.50953780773028,0.04907248407040111,0.0920690659759315,0.1609589404715524
3,val,2012-01-17,esn_selected,-0.5200736991899112,0.10624585457214301,0.0911455522795322,0.17050715456127868
3,val,2012-01-18,esn_selected,-0.6323509019021977,0.058929219498578655,0.0840194894498356,0.16772553288719713
3,val,2012-01-19,esn_selected,-0.5325894715515117,0.0590773163361886,0.0907551930699041,0.16399443319353396
3,val,2012-01-20,esn_selected,-0.21158947675150902,0.17917521736712944,0.0912156327737878,0.13482679955897675
3,val,2012-01-23,esn_selected,-0.20993746144015013,0.24885418626909425,0.091209491322201,0.14430810196681412
3,val,2012-01-24,esn_selected,-0.16355725467339038,0.29191354032990197,0.0918314378872176,0.14481042810359943
3,val,2012-01-25,esn_selected,-0.19719393719010947,0.27446105670361415,0.0883247738435049,0.14155320119991943
3,val,2012-01-26,esn_selected,-0.22887771459364017,0.31794714329414253,0.0867649995487824,0.1499089586096642
3,val,2012-01-27,esn_selected,-0.1246793969038173,0.35940237477223813,0.0869542942596495,0.14109937070783324
3,val,2012-01-30,esn_selected,-0.062311011467275766,0.4256037517536732,0.0867180022117832,0.14125634133433196
3,val,2012-01-31,esn_selected,-0.031494739112341436,0.44838761180672154,0.0878204959226726,0.14190775914894196
3,val,2012-02-01,esn_selected,0.08041301710586199,0.43122482347909025,0.0842082672362372,0.11959426734923011
3,val,2012-02-02,esn_selected,0.08643225525339818,0.4421528223304191,0.0847103265896639,0.12089931368617457
3,val,2012-02-03,esn_selected,-0.26424889064840135,0.3239195730287725,0.070325313704891,0.12663390410971642
3,val,2012-02-06,esn_selected,-0.03981488304073749,0.3587136690582768,0.0876085918828102,0.1305044891888632
3,val,2012-02-07,esn_selected,-0.006896843477556008,0.36854882951966905,0.0905747388989965,0.13184421379345793
3,val,2012-02-08,esn_selected,0.10978646011097239,0.3929289462961034,0.0965829910691499,0.1281940505715756
3,val,2012-02-09,esn_selected,0.11762083890601609,0.4202131842414266,0.0974477290642543,0.13188211658741664
3,val,2012-02-10,esn_selected,0.04021282580948595,0.435889260374256,0.093834127249847,0.13938014472560922
3,val,2012-02-13,esn_selected,0.1796521394799161,0.37863493231158996,0.1101883475493564,0.13444752105100216
3,val,2012-02-14,esn_selected,0.18952539412658895,0.3985453636343885,0.1101654248552046,0.13577553821735477
3,val,2012-02-15,esn_selected,0.27686598056242717,0.47955171621527853,0.1108208318529108,0.13572089107131868
3,val,2012-02-16,esn_selected,0.1345219382855846,0.39905693084035676,0.1038230111667944,0.13526321572462616
3,val,2012-02-17,esn_selected,0.1342833996796013,0.38501072942169806,0.104324860996023,0.13405323856968526
3,val,2012-02-21,esn_selected,0.13913595896850192,0.40333047313031334,0.1048252755949583,0.13652250001431712
3,val,2012-02-22,esn_selected,0.1279349330763918,0.3748085418871666,0.1043645055744651,0.13358837469125343
3,val,2012-02-23,esn_selected,0.18558234028153392,0.3268381816330154,0.1063359022610463,0.12246910748328516
3,val,2012-02-24,esn_selected,0.20653009881089443,0.33882580454284744,0.106669301475447,0.12175722631096847
3,val,2012-02-27,esn_selected,0.30048572718560124,0.3755663748032625,0.1174330465353341,0.12658942837469336
3,val,2012-02-28,esn_selected,0.3037747494435803,0.3378897413304499,0.1174997551372575,0.12157741757219064
3,val,2012-02-29,esn_selected,0.29536563972633395,0.33976787958696386,0.1179971594690377,0.12335455771435035
3,val,2012-03-01,esn_selected,0.32648561894834965,0.3063425776639355,0.1167200953446069,0.11439251858189879
3,val,2012-03-02,esn_selected,0.32413469610745393,0.3039332525221348,0.117140282221859,0.11479762165078115
3,val,2012-03-05,esn_selected,0.5266333018902042,0.39517704257889175,0.1190763777482177,0.1044082669577402
3,val,2012-03-06,esn_selected,0.2088868511929072,0.4306959164004328,0.1079605545951654,0.13477072352898573
3,val,2012-03-07,esn_selected,0.20236150701106365,0.37640120865616467,0.1108897939796504,0.13197025585041222
3,val,2012-03-08,esn_selected,0.08535102261744922,0.28916488359966724,0.1051884677813095,0.12896841551654847
3,val,2012-03-09,esn_selected,0.1367934400987967,0.24719217039175867,0.1117327168175155,0.12477452300092062
3,val,2012-03-12,esn_selected,0.30158975434179225,0.22582288034393727,0.1268643460359342,0.1176073460754768
3,val,2012-03-13,esn_selected,0.029738219358094706,0.06150211031502969,0.1135143625685233,0.11717789642811507
3,val,2012-03-14,esn_selected,0.10571089976220077,0.09497739029013509,0.1224489242579623,0.12114164596232327
3,val,2012-03-15,esn_selected,0.14387219805534307,0.0732629237859555,0.1279688618859099,0.11924470109746617
3,val,2012-03-16,esn_selected,0.20852873508496886,0.08321176342614406,0.1278958638070096,0.11283193346917773
3,val,2012-03-19,esn_selected,0.275777639521776,0.054327606251741496,0.1374537275535663,0.11014936411328827
3,val,2012-03-20,esn_selected,0.2720095315934798,0.05724718231497732,0.1375936056348609,0.11100132125770538
3,val,2012-03-21,esn_selected,0.289164390477316,0.01619993928970752,0.1393590955697419,0.10606897308762694
3,val,2012-03-22,esn_selected,0.25413522409639283,-0.019488614845713625,0.1371037854583656,0.10428362578568592
3,val,2012-03-23,esn_selected,0.27100796199981786,-0.06677773873498556,0.1398739094716998,0.09977879336626207
3,val,2012-03-26,esn_selected,0.11331709793262366,-0.1984540465681962,0.1315234880988482,0.09629479888926148
3,val,2012-03-27,esn_selected,0.17281708498885817,-0.14150823434697615,0.1396659269071756,0.10199543070762952
3,val,2012-03-28,esn_selected,0.1761294232324961,-0.11976756000260086,0.1407225153478476,0.1046784208319467
3,val,2012-03-29,esn_selected,0.18693639224437145,-0.13653979787425682,0.1407119810031225,0.10182329644855373
3,val,2012-03-30,esn_selected,0.18230218889406857,-0.16695688438868883,0.1405656161790849,0.09912833517469867
3,val,2012-04-02,esn_selected,0.16121115450041376,-0.18759240286481071,0.1399067699070004,0.09870866305605859
3,val,2012-04-03,esn_selected,0.2566069178076362,-0.10573331726922117,0.1395430063485917,0.09712828280497339
3,val,2012-04-04,esn_selected,0.21669978441184032,-0.06533777377537107,0.1377219290609364,0.1038761254015669
3,val,2012-04-05,esn_selected,0.35059278372115515,-0.011876877370417063,0.1493580519000253,0.10394654691835314
3,val,2012-04-09,esn_selected,0.2530104981879977,0.07383656364715775,0.143900208148086,0.12029488770125872
3,val,2012-04-10,esn_selected,0.03612371012764728,0.1000950694913832,0.1315309367319254,0.14022011580104174
3,val,2012-04-11,esn_selected,0.13641867488270393,0.10223639670001683,0.1301058104912208,0.1257336484187469
3,val,2012-04-12,esn_selected,-0.004548234032360865,0.027315013733523914,0.1218932624911933,0.12583971726170406
3,val,2012-04-13,esn_selected,-0.10891046453871094,0.1307015575434559,0.1147638459196156,0.1458368491582467
3,val,2012-04-16,esn_selected,-0.05259045182249369,0.15831849026412156,0.1213435667752795,0.1498350255320324
3,val,2012-04-17,esn_selected,-0.2100432667850469,0.03841047186545558,0.111413005517953,0.1428360980537061
3,val,2012-04-18,esn_selected,-0.20944413258224626,0.008352530261588444,0.1115932228731683,0.13874767337315053
3,val,2012-04-19,esn_selected,-0.13787414396857658,-0.006792100553769206,0.121410805154271,0.1384157618149452
3,val,2012-04-20,esn_selected,-0.09206032487922071,-0.04472974183740675,0.1250455251549679,0.1311063014085698
3,val,2012-04-23,esn_selected,-0.03076535931893476,-0.01936467963814323,0.1356361605710367,0.13719135327304938
3,val,2012-04-24,esn_selected,0.026883855037453747,-0.018149042044999862,0.1351073040358261,0.12915799344445955
3,val,2012-04-25,esn_selected,-0.10135680073496633,-0.12893142203857993,0.1262036073259274,0.12277113273051776
3,val,2012-04-26,esn_selected,-0.12675840036531635,-0.1817378927066575,0.1239690050079738,0.11733722833377117
3,val,2012-04-27,esn_selected,-0.12346604676793409,-0.18696740497297376,0.1243685166343057,0.11671647559209702
3,val,2012-04-30,esn_selected,-0.07166251966677775,-0.14818272421084763,0.1308447988393771,0.12120601178744522
3,val,2012-05-01,esn_selected,-0.006323897305031539,-0.17407771621691254,0.1390248055271798,0.11755408850021219
3,val,2012-05-02,esn_selected,-0.004982570374419633,-0.15581843941921533,0.1388494527737958,0.11940897952921894
3,val,2012-05-03,esn_selected,0.17147082294580804,-0.11696804434949848,0.1634827480801513,0.12251930398801321
3,val,2012-05-04,esn_selected,0.02359392246230565,-0.07163007191729004,0.1529238948913058,0.1390337047910076
3,val,2012-05-07,esn_selected,0.07578428125523619,-0.07025770884796728,0.1552294494912051,0.1341370919903454
3,val,2012-05-08,esn_selected,0.27711594993466865,-0.003373497214621091,0.1735313082648731,0.1310879650851346
3,val,2012-05-09,esn_selected,0.2806272380055294,0.09099215491902496,0.1722548875535482,0.1424997437086524
3,val,2012-05-10,esn_selected,0.35809668681286055,0.1493378194670486,0.1743809808879894,0.141526019509879
3,val,2012-05-11,esn_selected,0.44913944105055137,0.2641982174733575,0.1798307164700292,0.14946686369584022
3,val,2012-05-14,esn_selected,0.39454385921037916,0.32561802448446237,0.180038330632251,0.16804704020845748
3,val,2012-05-15,esn_selected,0.48147804112807396,0.3616616490111844,0.1803180268839269,0.15995710984213476
3,val,2012-05-16,esn_selected,0.4982078834172264,0.365990848968643,0.1836566909159567,0.1609109602586984
3,val,2012-05-17,esn_selected,0.3910613026090318,0.3943950362818086,0.1795118427076901,0.18011128601939017
3,val,2012-05-18,esn_selected,0.34766099384161714,0.40444514469283604,0.1770334797963005,0.1873770724739502
3,val,2012-05-21,esn_selected,0.22494208349312442,0.25763189758094673,0.1698504075929854,0.1754945359818571
3,val,2012-05-22,esn_selected,0.22876154495391596,0.275497245541392,0.1698355901591714,0.17796137866680545
3,val,2012-05-23,esn_selected,0.3983485206047428,0.31667514762779436,0.1879629848788412,0.17322159685716643
3,val,2012-05-24,esn_selected,0.42592579381630213,0.3032270462227828,0.1897974343744475,0.1678815415658835
3,val,2012-05-25,esn_selected,0.46474091398680073,0.30053437986105097,0.1979451516683147,0.16796967319601075
3,val,2012-05-29,esn_selected,0.39433199433582095,0.22946196597180452,0.1940942514868853,0.16459268482576325
3,val,2012-05-30,esn_selected,0.31099696863997967,0.2816350589880665,0.1897389808929645,0.1842488764760041
3,val,2012-05-31,esn_selected,0.3128605363377833,0.26241236291139747,0.1898531367794095,0.180512970790133
3,val,2012-06-01,esn_selected,0.14211331417279147,0.24345348336170472,0.1884477504670004,0.20854627348660165
3,val,2012-06-04,esn_selected,0.21040589633518933,0.22662999926279845,0.1887354454510118,0.19182248323923923
3,val,2012-06-05,esn_selected,0.19303894668341143,0.145209404771447,0.1882824611699393,0.17948896799402125
3,val,2012-06-06,esn_selected,-0.010469844134750604,-0.031329610148634224,0.1717239404543942,0.16817892191054976
3,val,2012-06-07,esn_selected,0.015948840200977747,-0.05891936073270418,0.1750241780137389,0.16239894372095529
3,val,2012-06-08,esn_selected,-0.009057671837171679,-0.14355434653514954,0.1728086268716394,0.15106166099936252
3,val,2012-06-11,esn_selected,-0.058226758356805776,-0.07035462901623846,0.1696587702383062,0.16761359747979684
3,val,2012-06-12,esn_selected,-0.08859041750424715,-0.1357408551745347,0.1647747448846561,0.15718585908241184
3,val,2012-06-13,esn_selected,-0.09423412573025232,-0.060050408587145374,0.1641019666029751,0.16980856245970707
3,val,2012-06-14,esn_selected,-0.07525236159292699,-0.14581636043458612,0.1703433051853641,0.15873749200404424
3,val,2012-06-15,esn_selected,-0.07416972686006577,-0.21861498359752743,0.1666792746810736,0.14426129418626474
3,val,2012-06-18,esn_selected,-0.05059223087761071,-0.24208555589516564,0.1682997532730738,0.13896933679294363
3,val,2012-06-19,esn_selected,-0.017742124989839625,-0.26870425801660586,0.1668634760408904,0.12982843347264028
3,val,2012-06-20,esn_selected,-0.016701339519515485,-0.27445022680901837,0.1670226635118593,0.12907332136545732
3,val,2012-06-21,esn_selected,-0.22624521642110268,-0.1705242998566992,0.1499047118766747,0.15849463666129737
3,val,2012-06-22,esn_selected,-0.22365161204123057,-0.22930657855702896,0.1517608241948821,0.15090504380094336
3,val,2012-06-25,esn_selected,-0.31942707443714485,-0.17984694479202293,0.1438200558643018,0.16536299641284777
3,val,2012-06-26,esn_selected,-0.3074728435835221,-0.19795246522431773,0.1427180534660951,0.15923664168533713
3,val,2012-06-27,esn_selected,-0.23011195486779573,-0.23897727926358747,0.1507371193252357,0.1494066919128486
3,val,2012-06-28,esn_selected,-0.1480982568466386,-0.21001133979949826,0.1637191651086812,0.15389021662731664
3,val,2012-06-29,esn_selected,-0.30897060096773404,-0.3181822178591871,0.1383587821020874,0.1370901261648781
3,val,2012-07-02,esn_selected,-0.2973648483382658,-0.3280939371662995,0.1401875861233735,0.135945264497775
3,val,2012-07-03,esn_selected,-0.3088091036400299,-0.37970235067050967,0.1382597530887505,0.12879743999245266
3,val,2012-07-05,esn_selected,-0.20779822241299487,-0.29392803630794695,0.1395035386566737,0.12799102621405287
3,val,2012-07-06,esn_selected,-0.13965681606689093,-0.2949122556850109,0.1522109379361812,0.13032246365512018
3,val,2012-07-09,esn_selected,-0.12631972997138888,-0.22329631547770673,0.1523019478193394,0.13822578393809243
3,val,2012-07-10,esn_selected,-0.1221644719068392,-0.16705360884454734,0.1501484864397797,0.14355748927818449
3,val,2012-07-11,esn_selected,-0.09255157344384098,-0.14904999208080766,0.150209019164785,0.1419577341680631
3,val,2012-07-12,esn_selected,-0.09488411553441445,-0.12710347387500803,0.1492471813495089,0.14451517340798697
3,val,2012-07-13,esn_selected,-0.2164767985098686,-0.22615039559236633,0.1371861886591139,0.13586550293449262
3,val,2012-07-16,esn_selected,-0.19651781311799055,-0.189855420176667,0.1369414746009261,0.1378568785189458
3,val,2012-07-17,esn_selected,-0.22217115572494353,-0.20354343059686042,0.1347707894438493,0.13730479073184984
3,val,2012-07-18,esn_selected,-0.23239184859831818,-0.23861129603722384,0.1322619096487697,0.13144186640484182
3,val,2012-07-19,esn_selected,-0.21663374674252875,-0.24601102675514522,0.1344907960867132,0.13059729259386466
3,val,2012-07-20,esn_selected,-0.13816498635063612,-0.14369748550082395,0.1305602559650772,0.12983992590996474
3,val,2012-07-23,esn_selected,-0.19018179968525564,-0.007941272952123069,0.1254771859561102,0.15056042273282733
3,val,2012-07-24,esn_selected,-0.16350283169321783,0.11101285305920569,0.1221268274983026,0.1607058634749981
3,val,2012-07-25,esn_selected,-0.15576396150034597,0.11608211262305249,0.1221325668606309,0.1602849457983088
3,val,2012-07-26,esn_selected,-0.3033996124050102,0.0017450322240843558,0.1112898184439837,0.15100039009700614
3,val,2012-07-27,esn_selected,-0.5654578703998165,-0.08081925941996336,0.0930088529565796,0.15100807205198324
3,val,2012-07-30,esn_selected,-0.39712388809167926,0.0860460594423926,0.0930117931849527,0.1507912215110785
3,val,2012-07-31,esn_selected,-0.4467131702499019,0.1504314225471106,0.0896818364509219,0.1629450209576119
3,val,2012-08-01,esn_selected,-0.4329881165528548,0.1623170879477919,0.0896708790528948,0.16262570510829324
3,val,2012-08-02,esn_selected,-0.4385536009758155,0.14082726006352872,0.0899754060322942,0.160600068448548
3,val,2012-08-03,esn_selected,-0.9414673618804061,0.01849235057858193,0.0593706470313765,0.15505186269258456
3,val,2012-08-06,esn_selected,-0.9473227245284964,-0.017321671040674634,0.059059317762536,0.1496865405858612
3,val,2012-08-07,esn_selected,-0.9790006825311013,-0.05881935821208693,0.0564087355148864,0.14157156597656495
3,val,2012-08-08,esn_selected,-0.5030267702810349,-0.0956668182625652,0.0908310343264937,0.1365049621847797
3,val,2012-08-09,esn_selected,-0.485737948424882,-0.10179809113035825,0.0918232853249335,0.13480183019949069
3,val,2012-08-10,esn_selected,-0.3796966851518146,-0.07707263260654312,0.0938448005058926,0.12701007472660675
3,val,2012-08-13,esn_selected,-0.3725750283327507,-0.09099654139918832,0.0943469187410353,0.12503042409688594
3,val,2012-08-14,esn_selected,-0.3488222243128045,-0.037119245483519206,0.095083291029727,0.12985990739843498
3,val,2012-08-15,esn_selected,-0.19240307890456146,-0.034521360992287024,0.109112672591313,0.1277739592886345
3,val,2012-08-16,esn_selected,-0.22769181292029028,-0.08308792169113281,0.1071043885921336,0.12376787610958816
3,val,2012-08-17,esn_selected,-0.1926863818604347,-0.09184960517708707,0.1076783421686664,0.1191025928581338
3,val,2012-08-20,esn_selected,-0.15261507044422512,-0.037514686193853036,0.1077171582168122,0.12085715011967411
3,val,2012-08-21,esn_selected,-0.1303946067838682,0.04689087648718216,0.1071967003267869,0.1279898483361145
3,val,2012-08-22,esn_selected,-0.13053748602388468,0.06196686050533741,0.1071864222376343,0.12994014598256332
3,val,2012-08-23,esn_selected,-0.07555118410216528,0.11968077532914512,0.1031915109579019,0.12543887033427112
3,val,2012-08-24,esn_selected,0.08367380886364842,0.17543878871156668,0.1011261240297523,0.11084507109266196
3,val,2012-08-27,esn_selected,0.1491923289666582,0.2639632204160102,0.1079770411434916,0.12110882408055183
3,val,2012-08-28,esn_selected,0.20181527976104172,0.3052812094643849,0.1097366644490411,0.12169883969891779
3,val,2012-08-29,esn_selected,0.245350482977456,0.332865997770421,0.1146055865208365,0.12508732155895622
3,val,2012-08-30,esn_selected,0.2269729949490017,0.3468230991398595,0.1129007779369427,0.12727619206703056
3,val,2012-08-31,esn_selected,0.6348044558244071,0.45177560895197755,0.1120118201002538,0.09327718605174624
3,val,2012-09-04,esn_selected,0.6402140992231746,0.5340346491360368,0.1120288496036854,0.10074342858992255
3,val,2012-09-05,esn_selected,0.6940408791648668,0.5770729203436803,0.1129183409131662,0.1004537027164179
3,val,2012-09-06,esn_selected,0.003021711032037797,0.31713133921889913,0.0911059145601318,0.12472762429394733
3,val,2012-09-07,esn_selected,-0.019439919054969286,0.2702344569843899,0.0900554866941142,0.12031344454602733
3,val,2012-09-10,esn_selected,-0.05764728026169511,0.3196585000134402,0.0885878822492312,0.1291921536622976
3,val,2012-09-11,esn_selected,0.005388615062775807,0.3225392332520206,0.094856690216088,0.1302580973923561
3,val,2012-09-12,esn_selected,0.018103189577347203,0.2877360510715907,0.0968202769277609,0.12678456484409056
3,val,2012-09-13,esn_selected,-0.30282606899842573,0.13544024658957818,0.0806045397876955,0.1249384590443148
3,val,2012-09-14,esn_selected,-0.29284868952418597,0.15827093751728094,0.0799143362170403,0.12547102942832591
3,val,2012-09-17,esn_selected,-0.24471856890282642,0.14434695490537888,0.0843040495286578,0.12439915961497743
3,val,2012-09-18,esn_selected,-0.1627386791008997,0.10156365555288488,0.0915394665124768,0.11923216298622104
3,val,2012-09-19,esn_selected,-0.1429517687356908,0.07003875917459568,0.0929176576084427,0.11497379430694302
3,val,2012-09-20,esn_selected,-0.13793891241134953,0.05732915857697704,0.0933756561035649,0.11351088563044777
3,val,2012-09-21,esn_selected,0.07111124886633317,0.05703393137819111,0.1107967941655343,0.10924799953137249
3,test,2013-02-19,esn_selected,0.36178015005716,0.14186066256435462,0.1174270279160231,0.09424498488604473
3,test,2013-02-20,esn_selected,0.20112367791899186,0.20183769346920918,0.1114352468977526,0.11151484180950068
3,test,2013-02-21,esn_selected,0.19374091337927232,0.23667058586275846,0.1134819615546307,0.11845978877315262
3,test,2013-02-22,esn_selected,0.1147591651742717,0.15426501624522346,0.1117786843103759,0.11628298364394246
3,test,2013-02-25,esn_selected,-0.28233220371612294,0.20993834748888768,0.0898075789735934,0.14692759601471606
3,test,2013-02-26,esn_selected,-0.28887936531564806,0.1817296815297186,0.090991364398095,0.1456743501606969
3,test,2013-02-27,esn_selected,-0.4821091038368571,0.07379850764246902,0.0794011499919192,0.13843770805974495
3,test,2013-02-28,esn_selected,-0.4722361190350138,0.09200615199693087,0.0798370890533136,0.14036279205518756
3,test,2013-03-01,esn_selected,-0.46924813656673486,0.0505621430604307,0.0802217811830093,0.13490965651947112
3,test,2013-03-04,esn_selected,-0.442956932568069,-0.011631192894692671,0.079908249326633,0.12300251874398195
3,test,2013-03-05,esn_selected,-0.39919855934273335,-0.06043893146550481,0.0818019153668434,0.1147849395228811
3,test,2013-03-06,esn_selected,-0.34151711724034856,-0.05576002816545416,0.0829154347742983,0.11034130328832535
3,test,2013-03-07,esn_selected,-0.327231088895795,-0.09112779038368637,0.0842117492796027,0.10663776850594447
3,test,2013-03-08,esn_selected,-0.3111165047281021,-0.13007352071662975,0.0862322405722508,0.10334646819655145
3,test,2013-03-11,esn_selected,-0.30566268580575806,-0.16805808449081272,0.0860531950056691,0.09874791137502698
3,test,2013-03-12,esn_selected,-0.19895333289253128,-0.12498500453130168,0.0959647288093076,0.10333220031751335
3,test,2013-03-13,esn_selected,-0.19280527407663556,-0.12750601329132688,0.0965289973767378,0.10304262266788891
3,test,2013-03-14,esn_selected,-0.22011044710016792,-0.1635539060032977,0.0950927915356991,0.10062590293765632
3,test,2013-03-15,esn_selected,0.0633916539471622,-0.16635583224395448,0.1263134689875377,0.10038564111977116
3,test,2013-03-18,esn_selected,0.1184755404374746,-0.07394832256609066,0.1352036970590739,0.11153725329233383
3,test,2013-03-19,esn_selected,0.20893092452880324,-0.02230174688812197,0.1447123568278897,0.11483718639774243
3,test,2013-03-20,esn_selected,0.25856198810848285,-0.05285003639894446,0.1443160469395349,0.10569881062965271
3,test,2013-03-21,esn_selected,0.24072803033850396,0.012231522375545442,0.1443689139018752,0.11487854244999728
3,test,2013-03-22,esn_selected,0.24220755944025263,0.00011284731713558896,0.142412594966267,0.1117912989467638
3,test,2013-03-25,esn_selected,0.487576456816116,0.12669892021531637,0.1462395202205033,0.1019383572929373
3,test,2013-03-26,esn_selected,0.4555289063234742,0.13208693698343804,0.1434940414890387,0.10384003004271262
3,test,2013-03-27,esn_selected,0.5967635770636665,0.23673989520094701,0.1442108448082073,0.10061010972237024
3,test,2013-03-28,esn_selected,0.589379565246742,0.24408097270531104,0.1439358532566522,0.1019078673976197
3,test,2013-04-01,esn_selected,0.5932715327540593,0.2621803503271053,0.1451933927061634,0.10426913720564496
3,test,2013-04-02,esn_selected,0.5916121833491048,0.22222797924331375,0.1443861454807979,0.09979390130941095
3,test,2013-04-03,esn_selected,0.560180269760471,0.2698705541473679,0.1432341821687785,0.10714373092314991
3,test,2013-04-04,esn_selected,0.5674270560530599,0.2498607459358942,0.1462398798805693,0.10645070096100026
3,test,2013-04-05,esn_selected,0.5752740654545094,0.22187908026754602,0.1496962913302642,0.10513166656877458
3,test,2013-04-08,esn_selected,0.5404319222990647,0.15858668709650392,0.1480390441209834,0.10105155330686592
3,test,2013-04-09,esn_selected,0.5464176722595385,0.1371201034048535,0.1486186046342048,0.09870007980642301
3,test,2013-04-10,esn_selected,0.3996144855255715,0.039698950872427925,0.1431073719411147,0.09985105908771887
3,test,2013-04-11,esn_selected,0.3928934343844919,0.0287675847466368,0.1429845937642612,0.09934623171663104
3,test,2013-04-12,esn_selected,0.4092681148214964,0.03196485210582484,0.1431826778845769,0.09818152095458507
3,test,2013-04-15,esn_selected,-0.08078421307161049,0.07530786992888017,0.1165106230018486,0.13619320960488035
3,test,2013-04-16,esn_selected,-0.20235985187316127,0.003299209182922697,0.1104345078903559,0.13565049897919684
3,test,2013-04-17,esn_selected,-0.37837637708811145,0.03052055968872325,0.0991240056952674,0.1491971500229796
3,test,2013-04-18,esn_selected,-0.38697730211989184,0.05692894398110119,0.0980059668340919,0.15277016600037166
3,test,2013-04-19,esn_selected,-0.37579575307146434,-0.013056258417472728,0.099144280950826,0.14249624766375626
3,test,2013-04-22,esn_selected,-0.37487556250566384,-0.043652026659728026,0.097890830216874,0.13632972720471348
3,test,2013-04-23,esn_selected,-0.4742564284403933,-0.13544479828835138,0.0910118209374601,0.1277149756959003
3,test,2013-04-24,esn_selected,-0.4151087314232168,-0.15004357048081796,0.0947445933618056,0.1235010849602024
3,test,2013-04-25,esn_selected,-0.4257205299363724,-0.1912771759590259,0.0942127854295751,0.11910426104748932
3,test,2013-04-26,esn_selected,-0.42551055564063256,-0.2149025743862085,0.0940528803671631,0.11610154109169012
3,test,2013-04-29,esn_selected,-0.440506719355698,-0.2769038562386403,0.0934624617640412,0.11007508681578773
3,test,2013-04-30,esn_selected,-0.4090904388761843,-0.2955745263194108,0.0959090970898423,0.10743830223551501
3,test,2013-05-01,esn_selected,-0.4469340805787656,-0.25535853882360965,0.0916105873806279,0.11095474211936263
3,test,2013-05-02,esn_selected,-0.3820790921426788,-0.31791721193993194,0.0998001008838592,0.10641335376898038
3,test,2013-05-03,esn_selected,-0.4525426172167045,-0.3497185244464963,0.0952081835620509,0.10551889038391692
3,test,2013-05-06,esn_selected,-0.4299239106235089,-0.3480359258777096,0.0963080723172345,0.10452644741785538
3,test,2013-05-07,esn_selected,-0.3283428053836819,-0.35145984950745596,0.1070226525880704,0.10457698245059927
3,test,2013-05-08,esn_selected,-0.25840126646568695,-0.32180220147080524,0.1105197164861909,0.10373016911442892
3,test,2013-05-09,esn_selected,-0.18478199669443238,-0.25340500000070926,0.1188610176728333,0.11097798946494028
3,test,2013-05-10,esn_selected,-0.19087793374578618,-0.24896270754318128,0.1183023160984687,0.11162651096362847
3,test,2013-05-13,esn_selected,0.06129967504844395,-0.12918446613430218,0.1238761317039072,0.10239091492968297
3,test,2013-05-14,esn_selected,0.09950840983300416,-0.08020301375817968,0.1219890231257632,0.10192320552524853
3,test,2013-05-15,esn_selected,0.2855234743368756,0.011736471521129922,0.1318803567650378,0.10029422545802352
3,test,2013-05-16,esn_selected,0.30338465244694107,0.09427969616990674,0.1327427461015461,0.10769552783816436
3,test,2013-05-17,esn_selected,0.2798580002620067,0.07665661739966206,0.1311621275386171,0.10704323196569816
3,test,2013-05-20,esn_selected,0.3146229454774145,0.1543477638731535,0.1340852545776756,0.11422847897885413
3,test,2013-05-21,esn_selected,0.45020113992829963,0.2136639209711474,0.1427636603845611,0.1126914236780022
3,test,2013-05-22,esn_selected,0.5618710486665505,0.263468576439904,0.1661773894356725,0.12330406236537664
3,test,2013-05-23,esn_selected,0.5679300221082215,0.2608673068009638,0.1662488763820895,0.12229341590097813
3,test,2013-05-24,esn_selected,0.6050373279929885,0.24704269587981373,0.1722409742143176,0.12040967382988974
3,test,2013-05-28,esn_selected,0.6231613532940765,0.23348978457454808,0.1742901136339138,0.11804308226778176
3,test,2013-05-29,esn_selected,0.6083952024905444,0.2258820738509838,0.1762310714763552,0.12021513284703583
3,test,2013-05-30,esn_selected,0.6584268258219417,0.2086337723233261,0.176968840301287,0.11286366886073129
3,test,2013-05-31,esn_selected,0.5323885117133323,0.2640859620828503,0.1699590806283309,0.1299636968244525
3,test,2013-06-03,esn_selected,0.58028533058921,0.2694081122577767,0.170094000861898,0.12464553788126496
3,test,2013-06-04,esn_selected,0.5639073384227277,0.287571278835738,0.1692639749751679,0.1283965367849709
3,test,2013-06-05,esn_selected,0.412802424701553,0.2975605973542129,0.1617161993683036,0.14411349024088052
3,test,2013-06-06,esn_selected,0.38880726315588693,0.24247006076148422,0.163040917667006,0.14084556346663987
3,test,2013-06-07,esn_selected,0.2848134263526478,0.1477839851766262,0.1580273814296583,0.1377911147281033
3,test,2013-06-10,esn_selected,0.3024399752409517,0.15461226626549168,0.1600815422079453,0.13808309135599658
3,test,2013-06-11,esn_selected,0.2292173950059021,0.17878620829416883,0.1557885319890112,0.14812675156880065
3,test,2013-06-12,esn_selected,0.27327364538562543,0.23247852959405665,0.1603252736200215,0.15391639969676926
3,test,2013-06-13,esn_selected,0.1361455091228362,0.10348156037803054,0.1511149238668604,0.1462586579185222
3,test,2013-06-14,esn_selected,0.12262350973328534,0.11968002682105582,0.15006019672007,0.14961914652551578
3,test,2013-06-17,esn_selected,0.12169287611456055,0.07823364604672067,0.1481354486632618,0.14183548347024008
3,test,2013-06-18,esn_selected,0.08357201367619578,0.005823428318763518,0.1457725950826562,0.134868368436925
3,test,2013-06-19,esn_selected,-0.029938141792677692,-0.03645567149315198,0.1385529269438368,0.13765284048367954
3,test,2013-06-20,esn_selected,-0.4465681131973424,0.04105423329811465,0.1063236469718851,0.17314165286586056
3,test,2013-06-21,esn_selected,-0.4506220854560202,-0.00035148478058975516,0.1059390401176839,0.16619045270036997
3,test,2013-06-24,esn_selected,-0.5831106219705063,-0.004720845830787331,0.0961379257776705,0.1714297674269689
3,test,2013-06-25,esn_selected,-0.6516548820180935,-0.07294122317011782,0.09083696883421,0.1620297576149973
3,test,2013-06-26,esn_selected,-0.7371296309863233,-0.16005510240302934,0.0843239904766004,0.15016593824940913
3,test,2013-06-27,esn_selected,-0.7715543337734146,-0.198944047505566,0.0818116242949169,0.14504290947771922
3,test,2013-06-28,esn_selected,-0.7381283500457071,-0.19479925849825444,0.0812417563573228,0.13987629815235808
3,test,2013-07-01,esn_selected,-0.7726127851828357,-0.22725507832720937,0.0785502419810165,0.13551687240352775
3,test,2013-07-02,esn_selected,-0.7680692695058483,-0.2042053202785663,0.0785228926896698,0.13800006526900058
3,test,2013-07-03,esn_selected,-0.6031539931924723,-0.18586802096243374,0.0884722505726862,0.13428641203827518
3,test,2013-07-05,esn_selected,-0.7109724325175606,-0.2602595139488522,0.0800802106436508,0.12568033808469048
3,test,2013-07-08,esn_selected,-0.7099857347661614,-0.2547237244122138,0.0776943534400567,0.12249186183619738
3,test,2013-07-09,esn_selected,-0.7435556681349815,-0.2810847439980216,0.0761060419108479,0.12085585811179071
3,test,2013-07-10,esn_selected,-0.7051900371563286,-0.2732565650909996,0.0769618224308747,0.11853911119249536
3,test,2013-07-11,esn_selected,-0.9571847621086917,-0.32829042744669606,0.0615604703579076,0.11545886094797451
3,test,2013-07-12,esn_selected,-0.8846102447861502,-0.28268853625331175,0.0623915835805288,0.11390355667881887
3,test,2013-07-15,esn_selected,-0.8997561933562525,-0.2850307290425907,0.0610247995590912,0.11284393929996811
3,test,2013-07-16,esn_selected,-0.8960814523396261,-0.2290605698611551,0.0604638458141945,0.11780921324167413
3,test,2013-07-17,esn_selected,-0.8466441286177594,-0.22124212429379672,0.0625148238921574,0.11684002777264085
3,test,2013-07-18,esn_selected,-0.5788562315044675,-0.20133941883448264,0.0776643367191479,0.11328570354778975
3,test,2013-07-19,esn_selected,-0.3059946760142624,-0.0765957524524502,0.0782957278060988,0.0984837897143396
3,test,2013-07-22,esn_selected,-0.2654179945524992,-0.03274535111690734,0.0812430956432476,0.10252621114093538
3,test,2013-07-23,esn_selected,-0.15004284168258403,0.06041877548974425,0.0827431346227568,0.10212552181143261
3,test,2013-07-24,esn_selected,-0.07110146570897134,0.16225953738315751,0.0846025901681373,0.10683930528995762
3,test,2013-07-25,esn_selected,0.06641744061442985,0.2038619499420085,0.090114749230988,0.10339207954567793
3,test,2013-07-26,esn_selected,0.10451575151668502,0.23293811672860973,0.0908250466129283,0.10327108835305157
3,test,2013-07-29,esn_selected,0.11486343386704892,0.27749643757257053,0.0911305222861043,0.10722461002493588
3,test,2013-07-30,esn_selected,0.3164009332162175,0.29564671205686893,0.107785094450556,0.1055711525510054
3,test,2013-07-31,esn_selected,0.32323574450618847,0.29425888878159007,0.1084865230125596,0.10538803372858653
3,test,2013-08-01,esn_selected,0.12929114877070158,0.19955396875736264,0.1006833152958119,0.10801206336950557
3,test,2013-08-02,esn_selected,0.23339569689533946,0.21567719680048297,0.1011317843939128,0.0993556624379031
3,test,2013-08-05,esn_selected,0.2747361771965329,0.2306479902958127,0.1022600174842581,0.09784949899827455
3,test,2013-08-06,esn_selected,0.31628040735257046,0.30481267138638857,0.1044186253664157,0.1032280199628779
3,test,2013-08-07,esn_selected,0.29991012080220997,0.3434086053724966,0.103878256941424,0.10849651923520928
3,test,2013-08-08,esn_selected,0.5154629218239546,0.4054170115466868,0.1030776792441496,0.09233626437324387
3,test,2013-08-09,esn_selected,0.5489569391602325,0.46255124358671257,0.1080276623201148,0.09908535311269996
3,test,2013-08-12,esn_selected,0.598712703848929,0.47719734257426166,0.1110513864914168,0.09834460362871439
3,test,2013-08-13,esn_selected,0.6085301449123451,0.4603472358627979,0.1111161156490584,0.0958124689367834
3,test,2013-08-14,esn_selected,0.5651917581706278,0.48615295466651737,0.1100126620886098,0.10165214742831087
3,test,2013-08-15,esn_selected,0.23583454052413924,0.4807662486279619,0.0983203185956301,0.12560755628776882
3,test,2013-08-16,esn_selected,0.2420832925491547,0.4647288263520851,0.0997409507337936,0.12461411295078834
3,test,2013-08-19,esn_selected,0.1914618428047122,0.45956371170689025,0.0983869018291141,0.12863893836121273
3,test,2013-08-20,esn_selected,0.23922878978407508,0.4180359886726765,0.1051060494602631,0.12568478099040506
3,test,2013-08-21,esn_selected,0.1964271152305472,0.45448620813191265,0.1029652958560798,0.1332798550582823
3,test,2013-08-22,esn_selected,0.11324020071384557,0.39633208736030257,0.100919588914852,0.1339432144047186
3,test,2013-08-23,esn_selected,0.11164295493137201,0.36693341941973184,0.1015527173345153,0.13108795508196305
3,test,2013-08-26,esn_selected,0.10316325510629924,0.392297644661022,0.1010338940115469,0.13490764515600476
3,test,2013-08-27,esn_selected,-0.2532666141098312,0.3894707013705267,0.0836693535759688,0.1591122741695028
3,test,2013-08-28,esn_selected,-0.25780778975422103,0.3227097378651401,0.0838322823024643,0.14980518619300545
3,test,2013-08-29,esn_selected,-0.16661602427679112,0.32168389028659194,0.0852309025866107,0.1388874633534371
3,test,2013-08-30,esn_selected,-0.15534626808221716,0.3187957232666804,0.0865808097188219,0.13910376780423087
3,test,2013-09-03,esn_selected,-0.13247758526210557,0.2917001334803063,0.0895718570634109,0.13689564142202404
3,test,2013-09-04,esn_selected,-0.20894526067017427,0.22502932470208137,0.0847294130390912,0.1307696512647287
3,test,2013-09-05,esn_selected,-0.1348291153489798,0.19776192943312176,0.0907755967990011,0.1265935469620559
3,test,2013-09-06,esn_selected,-0.08548899638985377,0.19294460180298842,0.0946318286948414,0.1250142177970098
3,test,2013-09-09,esn_selected,-0.1437090386904116,0.08770494175110953,0.0935670496855371,0.11793012271457279
3,test,2013-09-10,esn_selected,-0.11471203640282705,0.016180630404924793,0.099015955037994,0.11286288399538741
3,test,2013-09-11,esn_selected,-0.12130376172916166,-0.025601383565083315,0.0984227503170381,0.10830749504182995
3,test,2013-09-12,esn_selected,0.11818171564362194,-0.0011360502969796848,0.1238135970144498,0.10988775313603291
3,test,2013-09-13,esn_selected,0.24520555425719798,0.033629862501464804,0.1256419581440861,0.1016830444736804
3,test,2013-09-16,esn_selected,0.2238646332109227,0.010823013626923613,0.1247661225807126,0.1008263112438511
3,test,2013-09-17,esn_selected,0.2507859854991787,0.009603114241014916,0.1264306162062406,0.09933627365435038
3,test,2013-09-18,esn_selected,0.2077540621519812,-0.05661438401278844,0.1293761298947534,0.09932084329620716
3,test,2013-09-19,esn_selected,0.2437279408917584,-0.022545609577012415,0.1313834226835747,0.10066985379710036
3,test,2013-09-20,esn_selected,0.2623046493795299,-0.00810984510566105,0.1311876445932134,0.10010445644722439
3,test,2013-09-23,esn_selected,0.24811611620127508,0.05569113614670473,0.1301508500145268,0.10736875118207936
3,test,2013-09-24,esn_selected,0.26346747890513195,0.0773017015795745,0.131489042838399,0.10915378357588353
3,test,2013-09-25,esn_selected,0.4573674082489039,0.16767044759383185,0.1321899855991458,0.09894292928040394
3,test,2013-09-26,esn_selected,0.45407691486154345,0.17545478637901046,0.1320122971543029,0.09991031664322997
3,test,2013-09-27,esn_selected,0.43734473945510904,0.24277259145253602,0.1319877102313481,0.1086505388226442
3,test,2013-09-30,esn_selected,0.4121589694370757,0.29082892836861113,0.1307434706026868,0.11580492825891545
3,test,2013-10-01,esn_selected,0.3655520257266699,0.22805611634410292,0.129100762110827,0.11251620905022218
3,test,2013-10-02,esn_selected,0.43008305113553164,0.3015765595088122,0.1302617455968338,0.1145532021031117
3,test,2013-10-03,esn_selected,0.3314199099237959,0.3378737386884384,0.1264453756276149,0.12726407144963447
3,test,2013-10-04,esn_selected,0.26919056679954856,0.24941821234156356,0.1238640312511855,0.12143900100364663
3,test,2013-10-07,esn_selected,0.2539247780418454,0.32325965519418126,0.1206149290307259,0.12927448615138346
3,test,2013-10-08,esn_selected,0.13897018459361074,0.35200678936588176,0.1137782278243589,0.14079258634179626
3,test,2013-10-09,esn_selected,0.15719244679212166,0.3283000174778814,0.1151763493652775,0.1366703739631357
3,test,2013-10-10,esn_selected,-0.23540789086043898,0.1120404480386099,0.0978435029762252,0.13849270222826346
3,test,2013-10-11,esn_selected,-0.16643190598951368,0.021634485295825095,0.1063785920275696,0.12838977385373168
3,test,2013-10-14,esn_selected,-0.16834679712373915,-0.0286314802725172,0.1054349492842171,0.12124453845492852
3,test,2013-10-15,esn_selected,-0.21009799370625115,0.03528814668227362,0.1024726235408852,0.1309717715836438
3,test,2013-10-16,esn_selected,-0.31684663691940457,-0.015433915357749291,0.0942430666802646,0.12739467975608493
3,test,2013-10-17,esn_selected,-0.3463448651359822,-0.09015287294827132,0.0929233605936196,0.12005705233969181
3,test,2013-10-18,esn_selected,-0.364424248825966,-0.17192814956136157,0.091122472283408,0.11046520121254758
3,test,2013-10-21,esn_selected,-0.3472554585044397,-0.20642060054398229,0.0919678173053557,0.10587652555756806
3,test,2013-10-22,esn_selected,-0.3792628242746311,-0.24371447650192316,0.0899865936192636,0.1030494579465681
3,test,2013-10-23,esn_selected,-0.3949824852784949,-0.23483771576470422,0.0890553144521115,0.10452251020688012
3,test,2013-10-24,esn_selected,-0.3527968007055137,-0.2638507067121896,0.0927676776375428,0.10139708789849215
3,test,2013-10-25,esn_selected,-0.34959183490836027,-0.29688719037496486,0.0930481386415143,0.0980837419588344
3,test,2013-10-28,esn_selected,-0.34124036906701055,-0.2920644238839173,0.09294396592225,0.09762882029965263
3,test,2013-10-29,esn_selected,-0.3496099499564997,-0.2998114527640332,0.0910112614573164,0.09565823127047902
3,test,2013-10-30,esn_selected,-0.373129741660743,-0.26850216791014664,0.0896950974162575,0.09958820022986489
3,test,2013-10-31,esn_selected,-0.34940438000640966,-0.21800522063008645,0.0891576384650561,0.1016774127017044
3,test,2013-11-01,esn_selected,-0.3279366762310849,-0.19931347729768026,0.0892327179580841,0.10148093664322404
3,test,2013-11-04,esn_selected,-0.2963077016933589,-0.20738921577001834,0.0896842675974891,0.09802414741407106
3,test,2013-11-05,esn_selected,-0.24588841032812367,-0.15226672931016796,0.0889756532584995,0.09770809921470935
3,test,2013-11-06,esn_selected,-0.2633194346961658,-0.1665785539372533,0.0885126068224405,0.09750326577770908
3,test,2013-11-07,esn_selected,-0.1320425396523996,0.02681268106240298,0.0857406253062596,0.10050243689431829
3,test,2013-11-08,esn_selected,-0.39170160209727395,0.0034102715752889643,0.0719019044470554,0.10674199120893696
3,test,2013-11-11,esn_selected,-0.3673642246563118,0.03814462980542834,0.0730197493517868,0.10953441565414726
3,test,2013-11-12,esn_selected,-0.21088799278694045,0.09228254420701343,0.0829889679511571,0.11237912726269494
3,test,2013-11-13,esn_selected,-0.17810987931739952,0.10982247219596242,0.0788673542572248,0.10518279409993847
3,test,2013-11-14,esn_selected,-0.18973294326625384,0.1385868493890234,0.0768643462001325,0.10673636580585476
3,test,2013-11-15,esn_selected,-0.149815349984619,0.15180862118604752,0.0784443221339672,0.10606085913389456
3,test,2013-11-18,esn_selected,-0.16139157329404738,0.21357327321709418,0.0782608228202585,0.11386482248830754
3,test,2013-11-19,esn_selected,0.08903586118151048,0.239623865940981,0.0983661322763896,0.1143523607710721
3,test,2013-11-20,esn_selected,0.09388922537950137,0.22946738822844323,0.0978217468499935,0.11202533774787124
3,test,2013-11-21,esn_selected,0.03227005978150085,0.1407238372639947,0.0958101220543816,0.10678549632092171
3,test,2013-11-22,esn_selected,0.03163743488364593,0.1027249207311311,0.0960390052772054,0.10311469369844943
3,test,2013-11-25,esn_selected,0.035347595732669206,0.14544303904963235,0.0962880664278573,0.10749451614388914
3,test,2013-11-26,esn_selected,0.07330416074481882,0.16342169667095777,0.0979333761117511,0.10716877709915483
3,test,2013-11-27,esn_selected,0.08397241151913869,0.15437387996243102,0.0975522882263573,0.10466763954327336
3,test,2013-11-29,esn_selected,0.08970390308291556,0.1875895982984146,0.097525114043144,0.10755427673197046
3,test,2013-12-02,esn_selected,0.09904556346989236,0.21935483623624805,0.0985233256778794,0.11111910030678193
3,test,2013-12-03,esn_selected,0.13984760647529262,0.22495294326354237,0.1031457432459419,0.11230836060809224
3,test,2013-12-04,esn_selected,0.14779456280847245,0.2290624216859564,0.1031472249625558,0.11187981279885013
3,test,2013-12-05,esn_selected,0.1463693750693053,0.2399667240526182,0.1024642919751687,0.11251783201600683
3,test,2013-12-06,esn_selected,0.12368536817996438,0.20171278621501554,0.0970292153543367,0.10490335947710955
3,test,2013-12-09,esn_selected,0.29541034516709125,0.27046604571858696,0.0966129796389685,0.09423284534775395
3,test,2013-12-10,esn_selected,0.2715026071830825,0.33145031244954987,0.095797113190119,0.10171555651180178
3,test,2013-12-11,esn_selected,0.05336593850373787,0.382049237616444,0.087538055710248,0.12160242604095876
3,test,2013-12-12,esn_selected,0.22704260002354135,0.41945536531153543,0.0989693277332823,0.11996772479237322
3,test,2013-12-13,esn_selected,0.3234635573398378,0.44054134499378905,0.1062192854449342,0.11941245102964576
3,test,2013-12-16,esn_selected,0.2978238792692078,0.40788568307494477,0.1056585829493692,0.11795164873765947
3,test,2013-12-17,esn_selected,0.2954514566142645,0.4219323207653338,0.1051616391848966,0.11934034481309606
3,test,2013-12-18,esn_selected,-0.11567262665922967,0.22239086395536134,0.0876212837813019,0.12286515148648176
3,test,2013-12-19,esn_selected,-0.10404992007952779,0.23292675049391562,0.0881550320830912,0.1234793163686644
3,test,2013-12-20,esn_selected,-0.11096845326984811,0.20243432595218525,0.0857468957576008,0.11730796586430502
3,test,2013-12-23,esn_selected,-0.08077554680548533,0.14613533356078712,0.0885864460787755,0.11115101225541693
3,test,2013-12-24,esn_selected,0.1933301870121264,0.11063676862071681,0.1168247066247809,0.1075527213980597
3,test,2013-12-26,esn_selected,0.17587027913857128,0.0552557652131102,0.1167643371349365,0.10349705695629949
3,test,2013-12-27,esn_selected,0.19579755519266756,0.05924856852063677,0.1186509606018792,0.10350677735720513
3,test,2013-12-30,esn_selected,0.2361083553052851,0.10434301920212416,0.1234971748466504,0.10825103672441497
3,test,2013-12-31,esn_selected,0.26136004992246586,0.0746464608735385,0.1279517678170594,0.10615919317701328
3,test,2014-01-02,esn_selected,0.19259178647030312,0.08020609704388554,0.1250526386080432,0.11175948066925837
3,test,2014-01-03,esn_selected,0.36700642244566023,0.05502391964722579,0.1488834460662297,0.10898183923998213
3,test,2014-01-06,esn_selected,0.384910192883507,0.060700520852193324,0.1505694681060588,0.10887657353697215
3,test,2014-01-07,esn_selected,0.429310813567393,0.015053170358872997,0.1490561284387037,0.0985008613425134
3,test,2014-01-08,esn_selected,0.4800408122376975,0.03207112428582206,0.1561401356124142,0.09976168794340488
3,test,2014-01-09,esn_selected,0.5261733216179595,0.0484998669695414,0.1621311981230666,0.10055777297216818
3,test,2014-01-10,esn_selected,0.6153667018924411,0.06499434330873723,0.1619747280071903,0.09341649769845645
3,test,2014-01-13,esn_selected,0.47759750607070084,0.09243153042159946,0.1595579991760576,0.10855332334728313
3,test,2014-01-14,esn_selected,0.3768583293512383,0.018657001026850466,0.1548356167723292,0.10821962086924344
3,test,2014-01-15,esn_selected,0.3815254428214476,-0.004332366424709395,0.1547387828085639,0.10520182139575456
3,test,2014-01-16,esn_selected,0.39370927287286767,0.012986967885886392,0.1558989218120548,0.10653627688300661
3,test,2014-01-17,esn_selected,0.5718173990069064,0.10398331948693376,0.1552196690017571,0.09722299460106244
3,test,2014-01-21,esn_selected,0.5749055530727829,0.1532294497247398,0.1566482029758323,0.1027528348109718
3,test,2014-01-22,esn_selected,0.6113052974139089,0.1759233946872369,0.158017404453149,0.10224002948308035
3,test,2014-01-23,esn_selected,0.5616932824950988,0.21114098716559915,0.1553486816697275,0.10941192134297266
3,test,2014-01-24,esn_selected,0.15633780757870172,0.22040750381538893,0.1365939129375667,0.1456318819402436
3,test,2014-01-27,esn_selected,0.14862431851996416,0.20486857334671757,0.1354743074657015,0.1433123142313432
3,test,2014-01-28,esn_selected,0.12034739496900773,0.10147751512382333,0.133825066596062,0.13132348021471418
3,test,2014-01-29,esn_selected,0.05662794709843564,0.13198877869911863,0.1306923681974749,0.14092207228566686
3,test,2014-01-30,esn_selected,-0.019039561491821465,0.07804968621285724,0.125538667349378,0.13833842874577687
3,test,2014-01-31,esn_selected,0.00995128285067923,0.14398347055577385,0.1263032852344796,0.1444189178733606
3,test,2014-02-03,esn_selected,-0.31191415096677216,0.18849583985805057,0.108989288602898,0.17976664596688283
3,test,2014-02-04,esn_selected,-0.3490310425591566,0.08631589331881914,0.106207371430631,0.1641434028068381
3,test,2014-02-05,esn_selected,-0.3368525185948409,0.07158415940278712,0.1064281827546167,0.1601173678443074
3,test,2014-02-06,esn_selected,-0.4890916861273977,-0.06709629070851349,0.0957424930188506,0.14600744572350133
3,test,2014-02-07,esn_selected,-0.6434747507838476,-0.20215878662883524,0.08519400961174,0.13245554580806415
3,test,2014-02-10,esn_selected,-0.6244518581881711,-0.24601314016917472,0.0867463605748577,0.12664997549204332
3,test,2014-02-11,esn_selected,-0.71989729450959,-0.34002287538317477,0.0776731931091447,0.11356605067626004
3,test,2014-02-12,esn_selected,-0.5722916917762902,-0.3380403542166939,0.0873630413538706,0.11042357613401846
3,test,2014-02-13,esn_selected,-0.587269973176753,-0.35893129564120957,0.0860104198422916,0.1080730219054733
3,test,2014-02-14,esn_selected,-0.5532787758119119,-0.3859957787944132,0.0896514240372189,0.10597593937845898
3,test,2014-02-18,esn_selected,-0.5117911133582955,-0.38592289086526094,0.0930419270094653,0.10552189238136846
3,test,2014-02-19,esn_selected,-0.5324282080841793,-0.3080975951375507,0.091980292087464,0.11511192899276165
3,test,2014-02-20,esn_selected,-0.5417984337050569,-0.3507288187004991,0.0919189074896398,0.11127185631698641
3,test,2014-02-21,esn_selected,-0.5146596586738362,-0.34797475186000254,0.0928525258455584,0.10969429909043804
3,test,2014-02-24,esn_selected,-0.3959085046134606,-0.2964266717440934,0.0919370294605092,0.10155349593465614
3,test,2014-02-25,esn_selected,-0.37134836957066203,-0.25706586186188696,0.0934506640645534,0.10476462295550489
3,test,2014-02-26,esn_selected,-0.3228564892002305,-0.18688795684410198,0.0968997544380564,0.1110128007872255
3,test,2014-02-27,esn_selected,-0.3147981526834793,-0.17815161619715753,0.0953970899657862,0.10936540454686249
3,test,2014-02-28,esn_selected,-0.262389876973021,-0.13724478672480972,0.0965657323313405,0.10943918761756286
3,test,2014-03-03,esn_selected,-0.25723618717036206,-0.03367714004157962,0.0976558783048807,0.12212057793031275
3,test,2014-03-04,esn_selected,-0.2211780269441833,0.011664677124448167,0.0873629762976949,0.11026805717616463
3,test,2014-03-05,esn_selected,-0.1868577290007878,0.061143691892152185,0.0881055729673654,0.11290392198494713
3,test,2014-03-06,esn_selected,-0.19176347730819185,0.09282511648473878,0.087856687871493,0.11678043336868421
3,test,2014-03-07,esn_selected,0.017783358868793106,0.16605865166948822,0.0974603454523285,0.11303764160195655
3,test,2014-03-10,esn_selected,0.21020501077664785,0.24723873594161339,0.1051235297452351,0.10908963214630518
3,test,2014-03-11,esn_selected,0.18778162769529053,0.30277191119902136,0.1046655567217481,0.11742036699470755
3,test,2014-03-12,esn_selected,0.36000300321967843,0.34484446943500097,0.1113316067589328,0.1096567094021892
3,test,2014-03-13,esn_selected,0.3850581179365868,0.3946436306731623,0.1283974387156649,0.12963411160268304
3,test,2014-03-14,esn_selected,0.427984596890279,0.4596237067404418,0.1319539564232991,0.13619560937720887
3,test,2014-03-17,esn_selected,0.3794302942509761,0.39135408126617566,0.1310212309754596,0.13259285144132568
3,test,2014-03-18,esn_selected,0.3410328466841358,0.30970522982801496,0.1308541136389727,0.12681831218613565
3,test,2014-03-19,esn_selected,0.380945132582354,0.348725573890729,0.1346285453646384,0.13036000750641333
3,test,2014-03-20,esn_selected,0.37047145230303646,0.30928215679630333,0.1331369370367055,0.12523461584276704
3,test,2014-03-21,esn_selected,0.3593445922807112,0.35085918776010006,0.1330010580184032,0.13187726490198923
3,test,2014-03-24,esn_selected,0.3704568190204442,0.35212451758423496,0.1331612366128028,0.13074232454015947
3,test,2014-03-25,esn_selected,0.34807993829721645,0.28787103223926036,0.1323584242920192,0.12462443220086047
3,test,2014-03-26,esn_selected,0.29426751259744394,0.2979932275892385,0.1300533170218218,0.13053876236874914
3,test,2014-03-27,esn_selected,0.3329437959405681,0.29180171025215984,0.1330855121914051,0.1277212027310184
3,test,2014-03-28,esn_selected,0.3156351802886577,0.2374965887152718,0.1324041676599929,0.12245217299621791
3,test,2014-03-31,esn_selected,0.28804928703102484,0.17954493465002946,0.1302556607363042,0.11686212111346984
3,test,2014-04-01,esn_selected,0.3863327492573185,0.18081356913745394,0.1285611067245869,0.10467759994891707
3,test,2014-04-02,esn_selected,0.3735978533989745,0.18131887634369484,0.1280132330311442,0.10562073060751048
3,test,2014-04-03,esn_selected,0.37651368404099783,0.2135577033377301,0.128024368419887,0.1087731633246488
3,test,2014-04-04,esn_selected,0.216799181325585,0.22397823851943355,0.121054972824711,0.12192716039448327
3,test,2014-04-07,esn_selected,0.12045004077526694,0.27019151597848157,0.1185798025543563,0.13773446272648024
3,test,2014-04-08,esn_selected,0.13262085240000357,0.25143088097147837,0.1195089118826382,0.13458567345063807
3,test,2014-04-09,esn_selected,0.0182956289543557,0.15400931998077796,0.1133872356995259,0.12986851506111977
3,test,2014-04-10,esn_selected,-0.41475074695058317,0.2032035341765655,0.0848071365265034,0.15732818556822648
3,test,2014-04-11,esn_selected,-0.43168910479176514,0.23121589940729137,0.0856923830110644,0.1662793069105087
3,test,2014-04-14,esn_selected,-0.47962532129336444,0.17707685778825213,0.0811041440052328,0.15640303548155032
3,test,2014-04-15,esn_selected,-0.5024449388844422,0.13100102638976588,0.0791732213531743,0.14916962670666642
3,test,2014-04-16,esn_selected,-0.562301991892344,0.05165940542254134,0.0767242233815899,0.14176615093099476
3,test,2014-04-17,esn_selected,-0.5406075243734705,0.030929459601236577,0.0775381967281544,0.13731913369711113
3,test,2014-04-21,esn_selected,-0.5382324427734776,-0.03211863414982542,0.077643251797555,0.12879711947116718
3,test,2014-04-22,esn_selected,-0.5195127188801071,-0.09943314273607284,0.0792056773887268,0.12055758909875176
3,test,2014-04-23,esn_selected,-0.4522213633259589,-0.11789791346753856,0.0842081925275723,0.1176384178838012
3,test,2014-04-24,esn_selected,-0.43305708141094823,-0.12120828250739762,0.0843426287148822,0.11520765720019932
3,test,2014-04-25,esn_selected,-0.5041983234832115,-0.11210007197680102,0.080382263365637,0.11897243152907293
3,test,2014-04-28,esn_selected,-0.4727424000051442,-0.11396913117685287,0.0825262744481691,0.11814231884467617
3,test,2014-04-29,esn_selected,-0.47646907374182346,-0.13674684542001286,0.0808851353783937,0.11360781464572385
3,test,2014-04-30,esn_selected,-0.4465630772575202,-0.16394674644706397,0.0822564044903211,0.1091210245841144
3,test,2014-05-01,esn_selected,-0.4398912447148319,-0.16297300656386235,0.0824541512897928,0.108761850600168
3,test,2014-05-02,esn_selected,-0.4406622799904909,-0.1606523871666142,0.0823977675814138,0.10902402130712595
3,test,2014-05-05,esn_selected,-0.38786388965795054,-0.13898714734900078,0.0821363666259451,0.10534678431306703
3,test,2014-05-06,esn_selected,-0.43977396579289135,-0.09086572201690561,0.0763869757681402,0.10827999853074576
3,test,2014-05-07,esn_selected,-0.43924809379152024,-0.1044120822172366,0.0770259864454944,0.10766008070891946
3,test,2014-05-08,esn_selected,-0.36451133740410563,-0.05608287785361949,0.0787515127925446,0.1072031837263765
3,test,2014-05-09,esn_selected,-0.07530627275918582,0.0901865173722358,0.0786551748797827,0.09281109712963805
3,test,2014-05-12,esn_selected,-0.19114021869575978,0.11874044081631248,0.0707833443176741,0.09649627270552953
3,test,2014-05-13,esn_selected,-0.12212411035864036,0.18678152558481795,0.0717802915144583,0.0977600085493661
3,test,2014-05-14,esn_selected,-0.06499124874269502,0.23625701723180997,0.0741912989651428,0.10027286747374722
3,test,2014-05-15,esn_selected,-0.1188654832424389,0.3352277417195369,0.0681255274343057,0.10728031981255604
3,test,2014-05-16,esn_selected,-0.1450120252398347,0.3423331938827874,0.0670714621821916,0.1091915707977247
3,test,2014-05-19,esn_selected,-0.15443138575533627,0.32787522148567927,0.0665326799444535,0.10777005769136154
3,test,2014-05-20,esn_selected,-0.15604552061777496,0.35632412291537957,0.0677620605784211,0.11311127892213547
3,test,2014-05-21,esn_selected,-0.3223516860792213,0.28199550057888156,0.0610040666816276,0.11164092738092975
3,test,2014-05-22,esn_selected,-0.32699217394708596,0.2709974724590361,0.0608185743779494,0.11059610686798449
3,test,2014-05-23,esn_selected,-0.3067572798568632,0.24513970499730986,0.0591476149226334,0.10271244131862664
3,test,2014-05-27,esn_selected,-0.3349674835157748,0.20751909349765285,0.0590361068529869,0.10155858400530901
3,test,2014-05-28,esn_selected,-0.28031433322613425,0.23483330328419405,0.0611124575490608,0.10229526329448466
3,test,2014-05-29,esn_selected,-0.3432366320589822,0.19333490504791656,0.058358476651383,0.09980079585710465
3,test,2014-05-30,esn_selected,-0.3434559873462697,0.17857168969282247,0.0584859415264795,0.0985746458054878
3,test,2014-06-02,esn_selected,-0.34458556431769627,0.17933466193929576,0.0583799658095402,0.09858242556628363
3,test,2014-06-03,esn_selected,-0.2656417870213177,0.19346873515268376,0.0629750796238583,0.09966849298155887
3,test,2014-06-04,esn_selected,-0.1979484249386687,0.21370906698361344,0.0626688041566225,0.09458711619913927
3,test,2014-06-05,esn_selected,-0.23634121678344186,0.18974723425790682,0.0608128815688298,0.09312010257154014
3,test,2014-06-06,esn_selected,-0.2764706798995832,0.16728149605917303,0.0597295461099599,0.09309113724242699
3,test,2014-06-09,esn_selected,-0.2083731626561214,0.20228417252428477,0.0638604517285307,0.09628933800100654
3,test,2014-06-10,esn_selected,-0.07292697996577677,0.24664451602187823,0.0658050605420546,0.0905831523446095
3,test,2014-06-11,esn_selected,-0.08171412046417113,0.285754962887449,0.0661480774382059,0.09552279497286184
3,test,2014-06-12,esn_selected,-0.1901255401372443,0.33531650996283496,0.0613454705361246,0.10374784508597286
3,test,2014-06-13,esn_selected,-0.07880052024162924,0.3562739745385608,0.0629632658675997,0.09728316665456094
3,test,2014-06-16,esn_selected,-0.05872320582237567,0.3917533203413313,0.0632462251807214,0.09923710344793242
3,test,2014-06-17,esn_selected,-0.04138067299024429,0.38198263242206687,0.0638356991518357,0.09748279365617851
3,test,2014-06-18,esn_selected,0.04778397640413243,0.3205858875509595,0.071078609187849,0.0933717042878594
3,test,2014-06-19,esn_selected,0.2662166256416966,0.3594498495305001,0.0796113885223059,0.08739083184788392
3,test,2014-06-20,esn_selected,0.2686648694492319,0.370390597877924,0.0795638712783104,0.0880835538722219
3,test,2014-06-23,esn_selected,0.31490940428016617,0.38516842465202394,0.0810402278382786,0.08693882337744106
3,test,2014-06-24,esn_selected,0.2855361052779418,0.43936568546811877,0.0785460708589711,0.09160766275842551
3,test,2014-06-25,esn_selected,0.22976467053937055,0.40852252691825397,0.0768980411740377,0.09194938477715948
3,test,2014-06-26,esn_selected,0.2982792268134494,0.42166589766929,0.0786402651488391,0.08896744518407546
3,test,2014-06-27,esn_selected,0.29240673732649464,0.3958987048166242,0.0783505624057723,0.08689366366689466
3,test,2014-06-30,esn_selected,0.3126444687252454,0.4105933987722619,0.0798074811251724,0.08802018635274973
3,test,2014-07-01,esn_selected,0.19082796977709024,0.34707727312299597,0.0762156678500992,0.08910508109523785
3,test,2014-07-02,esn_selected,0.5061746793300753,0.31365996346040903,0.1039633529739863,0.08575751716390578
3,test,2014-07-03,esn_selected,0.527590360440769,0.2823783984879976,0.1030683123282944,0.08065493821812567
3,test,2014-07-07,esn_selected,0.5685173550998432,0.34919895871021595,0.1054613107370784,0.08469239129507143
3,test,2014-07-08,esn_selected,0.5309649995377927,0.36120744234604474,0.1085993324412896,0.0916436515376863
3,test,2014-07-09,esn_selected,0.49021012748252235,0.3010854340296501,0.1074372408231826,0.08892400933683138
3,test,2014-07-10,esn_selected,0.49246036487386174,0.31636130189563155,0.1082405636590574,0.09076349146388064
3,test,2014-07-11,esn_selected,0.6334585547313674,0.33438196710877954,0.1155819605286323,0.08570432624899756
3,test,2014-07-14,esn_selected,0.599345002458277,0.2818870755870623,0.1146514294675325,0.08346593215454995
3,test,2014-07-15,esn_selected,0.5940739909758314,0.28945499002794456,0.1145612295393185,0.08447793997688995
3,test,2014-07-16,esn_selected,0.5998612294299654,0.2433924029981368,0.1163000874113442,0.08142684295623859
3,test,2014-07-17,esn_selected,0.43912692265642383,0.2846346228382338,0.110267955075538,0.0944831072325944
3,test,2014-07-18,esn_selected,0.26913506096668466,0.23694757537003241,0.1041979249977214,0.10089745760582135
3,test,2014-07-21,esn_selected,0.30669815276596996,0.2649194511088195,0.1081217886181017,0.10369766130894553
3,test,2014-07-22,esn_selected,0.29270330496980296,0.20579761785858505,0.1085975640029475,0.09955828875010388
3,test,2014-07-23,esn_selected,0.3251397133566971,0.1691273148781881,0.1087253585138873,0.09301982639147208
3,test,2014-07-24,esn_selected,0.3508401094370647,0.1866101982531688,0.109215228994632,0.09267424498210451
3,test,2014-07-25,esn_selected,0.31797549467768266,0.21161624807343127,0.1080786650622311,0.09717369969519626
3,test,2014-07-28,esn_selected,0.33518969746910315,0.19210326580180592,0.1095501948156542,0.09494487050665269
3,test,2014-07-29,esn_selected,0.3071577820967757,0.18352072591443325,0.1085026970846034,0.09588388943628731
3,test,2014-07-30,esn_selected,0.3532807242008388,0.19095547936949867,0.1085105909423152,0.09225186834307088
3,test,2014-07-31,esn_selected,-0.2342175214620093,0.1818749754416594,0.0822547336800535,0.12470032229357238
3,test,2014-08-01,esn_selected,-0.2267651665588168,0.16692526868629687,0.0821565709351009,0.1217923156722477
3,test,2014-08-04,esn_selected,-0.3002751349480827,0.07205434547343394,0.0781061678780002,0.11334072056332517
3,test,2014-08-05,esn_selected,-0.4383292313134453,0.11825613034044674,0.0700588798510511,0.12223206265877029
3,test,2014-08-06,esn_selected,-0.4250157005194119,0.12465509572079246,0.0702381190643068,0.12170036102575196
3,test,2014-08-07,esn_selected,-0.4445658668282491,0.13485579583073937,0.0693933002392894,0.12386744317700565
3,test,2014-08-08,esn_selected,-0.7094112884416985,0.023123651510231876,0.0568586637264482,0.11828577809507755
3,test,2014-08-11,esn_selected,-0.6423499650679793,-0.04457957553341575,0.0603129302201171,0.10965256879271369
3,test,2014-08-12,esn_selected,-0.6208111011724,-0.07973551912684604,0.0615776102618321,0.10578131708562019
3,test,2014-08-13,esn_selected,-0.715277205280282,-0.17387725590820965,0.0568773164848884,0.09773859874845295
3,test,2014-08-14,esn_selected,-0.6389380793060089,-0.2045478054217314,0.0582052338616906,0.08987012328402506
3,test,2014-08-15,esn_selected,-0.5813539156061909,-0.12175607988313975,0.0582613136807495,0.0922531229614557
3,test,2014-08-18,esn_selected,-0.6436383712412153,-0.15186707559296983,0.0568047468153426,0.09288769553699276
3,test,2014-08-19,esn_selected,-0.7000047577057418,-0.16776453050490095,0.0539276977386832,0.09182498660507876
3,test,2014-08-20,esn_selected,-0.6573639389631352,-0.18706692158495944,0.0563431751022404,0.09017553271409748
3,test,2014-08-21,esn_selected,-0.6773075867629741,-0.22406834724154875,0.0554794635684378,0.08729141910742956
3,test,2014-08-22,esn_selected,-0.5608312966030892,-0.21967110253396913,0.0616842138952814,0.08676369203733203
3,test,2014-08-25,esn_selected,-0.5622931630993702,-0.22214566513673023,0.0624327315091786,0.08772765440217661
3,test,2014-08-26,esn_selected,-0.4635422740111605,-0.21483591110311084,0.0682537758662939,0.08752628248261625
3,test,2014-08-27,esn_selected,-0.19382749310625505,-0.2057500480100467,0.0893910251645713,0.08833158393196952
3,test,2014-08-28,esn_selected,0.130075079565013,-0.05159103155575251,0.0936810586467551,0.07811873468234712
3,test,2014-08-29,esn_selected,0.12783180950917714,-0.0047498548266167,0.0933595938711127,0.08176726445666661
3,test,2014-09-02,esn_selected,0.18320917266032716,0.05989421823593927,0.0938106323152965,0.08292721091282379
3,test,2014-09-03,esn_selected,0.40992199764346293,0.1452027846321028,0.1055577320916601,0.08100726271897435
3,test,2014-09-04,esn_selected,0.4061955127838345,0.19599128017627418,0.1054341600827188,0.08544581654609754
3,test,2014-09-05,esn_selected,0.4718685699160831,0.20259824822326544,0.1112365366036563,0.08497767481333938
3,test,2014-09-08,esn_selected,0.668369560326344,0.32618095248780044,0.1109343034358647,0.0787871220161091
3,test,2014-09-09,esn_selected,0.7032426724511044,0.39504154474833136,0.1218498056051664,0.0895312796040741
3,test,2014-09-10,esn_selected,0.7913121976806721,0.38630107792408946,0.1358580420827155,0.09061315603596556
3,test,2014-09-11,esn_selected,0.9914225748162494,0.40862328161670064,0.1532881035821289,0.08558584330015306
3,test,2014-09-12,esn_selected,0.9938165018883057,0.44788599555817926,0.1572429059672958,0.09109120662170413
3,test,2014-09-15,esn_selected,1.0581587642750858,0.5023842414839036,0.167854421347131,0.09628596265428353
3,test,2014-09-16,esn_selected,1.0712697408952194,0.45749550351209817,0.1658178064041264,0.08975784171673568
3,test,2014-09-17,esn_selected,1.133289559205209,0.4705703139760194,0.1674916966563762,0.08633322624337668
3,test,2014-09-18,esn_selected,1.083253564716109,0.4436144544277244,0.16645328203481,0.0878012354195968
3,test,2014-09-19,esn_selected,1.1289330571577236,0.4552903392422037,0.171562217254238,0.08747064625633048
3,test,2014-09-22,esn_selected,1.02998755275048,0.4860903202445044,0.1727793934407361,0.10029525299994235
3,test,2014-09-23,esn_selected,1.0871620907707369,0.5197270512956024,0.1851658244613407,0.10498492123533643
3,test,2014-09-24,esn_selected,0.9962017808111924,0.4176356649835918,0.1848296402656501,0.1036343067834235
3,test,2014-09-25,esn_selected,0.7016449455211737,0.38681035271049363,0.1803077716012373,0.13160837282959698
3,test,2014-09-26,esn_selected,0.6540190642629471,0.3165117898380215,0.180172564653674,0.12856155408178901
3,test,2014-09-29,esn_selected,0.6571802608198823,0.33409301015513154,0.1801228104734283,0.13039282800077379
3,test,2014-09-30,esn_selected,0.6757129923866919,0.3260634677867481,0.184378589040037,0.12997494073333235
3,test,2014-10-01,esn_selected,0.5224387240671362,0.26739467834968184,0.1779845503838258,0.13791708968366423
3,test,2014-10-02,esn_selected,0.5316606351660706,0.23379019534231332,0.179423210227479,0.13320334606477982
3,test,2014-10-03,esn_selected,0.47992526384362016,0.11361925915109636,0.1797530848370863,0.12462112737556363
3,test,2014-10-06,esn_selected,0.48243636941606843,0.13667666974890366,0.1797154082790584,0.12718145355679245
3,test,2014-10-07,esn_selected,0.34159464519430893,0.1566868643664689,0.1714658000158242,0.1425191033150087
3,test,2014-10-08,esn_selected,0.17346932828499945,0.014921227451691388,0.1615928436332248,0.1379004102566928
3,test,2014-10-09,esn_selected,-0.05010043071871035,0.08171660793235781,0.1457975112690859,0.16634031640466246
3,test,2014-10-10,esn_selected,-0.11596151763576006,0.1225441711323586,0.1400263002425797,0.17774251402555383
3,test,2014-10-13,esn_selected,-0.27440593189359275,0.14093022112429013,0.1275733039395069,0.19325823219963173
3,test,2014-10-14,esn_selected,-0.2627712527524836,0.08398639735387645,0.1275002571004617,0.1803457841565594
3,test,2014-10-15,esn_selected,-0.2905582982944238,0.16222548722610464,0.1252579836363584,0.1969912408505134
3,test,2014-10-16,esn_selected,-0.2841249636142627,0.1622830756088168,0.1252848215953006,0.19578120942376634
3,test,2014-10-17,esn_selected,-0.3729728912846286,0.034618303070615836,0.1181521372018595,0.1776054090950197
3,test,2014-10-20,esn_selected,-0.42386607116652636,-0.10316976316577302,0.1130861058454188,0.15584249272395567
3,test,2014-10-21,esn_selected,-0.705810299148481,-0.28680999092819004,0.0914179156464412,0.13899553094089165
3,test,2014-10-22,esn_selected,-0.741832103209291,-0.25632421417303997,0.0880233776388336,0.1430379991412885
3,test,2014-10-23,esn_selected,-0.8363368318933937,-0.3247903315386893,0.0781264291578581,0.13030461496031
3,test,2014-10-24,esn_selected,-0.8678689056662162,-0.38972287823738416,0.0756446092412871,0.12202088345207934
3,test,2014-10-27,esn_selected,-0.8610728397577286,-0.4097286738294149,0.0761394143286977,0.11957098656296085
3,test,2014-10-28,esn_selected,-1.0497520661785102,-0.5008669813404776,0.0645370273613629,0.11173435364256673
3,test,2014-10-29,esn_selected,-1.0080803840389065,-0.4529898187384737,0.0649499106141263,0.11314915817964874
3,test,2014-10-30,esn_selected,-1.073566870119385,-0.48151179246553044,0.0613245620157799,0.11085638400130837
3,test,2014-10-31,esn_selected,-1.2329195928069436,-0.5420836372403852,0.0523873193794974,0.10453276062029294
3,test,2014-11-03,esn_selected,-1.1466613112606403,-0.5028431720959352,0.057094810225509,0.10869343127794402
3,test,2014-11-04,esn_selected,-1.093961166911932,-0.46026661128838847,0.0574217219538682,0.10821470020672865
3,test,2014-11-05,esn_selected,-1.114042849470415,-0.453696322889099,0.0530395048903809,0.10265599435037337
3,test,2014-11-06,esn_selected,-1.0418626816178285,-0.39542783851252017,0.0514369130957508,0.09817885943007035
3,test,2014-11-07,esn_selected,-0.9061941322064969,-0.3396352273339828,0.056578900421481,0.09970292718909123
3,test,2014-11-10,esn_selected,-0.8319342983274477,-0.29100769272701027,0.0555207505089306,0.09536231119229974
3,test,2014-11-11,esn_selected,-0.46909316152720765,-0.2513775378873847,0.0797602467690375,0.09916060844924132
3,test,2014-11-12,esn_selected,-0.42769471037605455,-0.21141367385811122,0.0816695125781503,0.10138871628080731
3,test,2014-11-13,esn_selected,-0.2254742631322949,-0.1590676263559369,0.0999945270431763,0.1068602698398861
3,test,2014-11-14,esn_selected,-0.1378131696523074,-0.11509558832399522,0.1029414029251076,0.10530674835527579
3,test,2014-11-17,esn_selected,-0.057082769512650365,-0.05105736008458503,0.1068116237974082,0.10745715039045821
3,test,2014-11-18,esn_selected,0.3165587147088197,0.03776849925455368,0.1254616567013778,0.09493666377402908
3,test,2014-11-19,esn_selected,0.5489331034261565,0.1166089093170852,0.1524040987553556,0.09891009868752644
3,test,2014-11-20,esn_selected,0.6722466016492018,0.1825351073111102,0.1530209748866895,0.09377173785452045
3,test,2014-11-21,esn_selected,0.7025288906925087,0.23694707727505668,0.1527152489191577,0.09587001425379736
3,test,2014-11-24,esn_selected,0.6943767239304642,0.25810004582002144,0.1524661772346396,0.0985600596216986
3,test,2014-11-25,esn_selected,0.8595641742005968,0.3345315236479563,0.1524449124430463,0.09017666136021747
3,test,2014-11-26,esn_selected,0.8542257337020611,0.34639766320510096,0.1526033544506124,0.09183688644934472
3,test,2014-11-28,esn_selected,0.9109311824535871,0.439372016465456,0.1524919229763309,0.09515931286471034
3,test,2014-12-01,esn_selected,1.0630854629651654,0.556069207968421,0.1516765098719899,0.09135324212484963
3,test,2014-12-02,esn_selected,0.9927396039085156,0.5241525671806644,0.1540770538905998,0.09643467060075234
3,test,2014-12-03,esn_selected,0.9830964617373078,0.5165215450613578,0.1534721511335981,0.09624954135867754
3,test,2014-12-04,esn_selected,1.142339012610227,0.5447203577874095,0.1662306071147903,0.09144679877001198
3,test,2014-12-05,esn_selected,1.1932779418893742,0.5438706942469832,0.1696324453541363,0.08860840897865241
3,test,2014-12-08,esn_selected,1.1211894588988522,0.5869887910973892,0.1736124628975583,0.10176079608591004
3,test,2014-12-09,esn_selected,1.200795249384146,0.6463868008998973,0.1844820342320939,0.10596868594120212
3,test,2014-12-10,esn_selected,0.8007766796659601,0.6092352808686683,0.1776476153742874,0.1466810498231719
3,test,2014-12-11,esn_selected,0.7843099235090455,0.5756936958512536,0.178929288713588,0.14523810005105064
3,test,2014-12-12,esn_selected,0.5284405081358537,0.4981307310676181,0.1696192065406028,0.16455521806203033
3,test,2014-12-15,esn_selected,0.49701364740538445,0.4332570438831088,0.1692155879187775,0.15876370529065728
3,test,2014-12-16,esn_selected,0.46445829421486573,0.4979478960262067,0.169953530872144,0.1757415858175477
3,test,2014-12-17,esn_selected,0.25616143918531503,0.34152629221288094,0.162091603120042,0.17653629273754717
3,test,2014-12-18,esn_selected,-0.10544675015539934,0.21787074131694037,0.1371518611480108,0.18950326973805653
3,test,2014-12-19,esn_selected,-0.1069541563592588,0.0927989716479694,0.137499577778456,0.1679009083957741
3,test,2014-12-22,esn_selected,-0.04331790569495521,-0.049454591106275134,0.1462411780825889,0.14534648999592606
3,test,2014-12-23,esn_selected,-0.033386395392955175,-0.12786677731199866,0.1474599166658001,0.13416575397699324
3,test,2014-12-24,esn_selected,-0.0316667378403989,-0.18575804241771543,0.1476931134307591,0.126601614005682
3,test,2014-12-26,esn_selected,0.013063668983713372,-0.2245831221930731,0.1546099926499969,0.1219070633236412
3,test,2014-12-29,esn_selected,0.05544039311858791,-0.23274479775695195,0.1611848791177497,0.12082785332417129
3,test,2014-12-30,esn_selected,0.07413568785626039,-0.21496240294745758,0.1633484609629127,0.12233799017460617
3,test,2014-12-31,esn_selected,0.07256814205686012,-0.11400736772728848,0.1656738288975758,0.13747546426734936
3,test,2015-01-02,esn_selected,0.11005562259830944,-0.12979497212577273,0.1713271261314742,0.1347908277279678
3,test,2015-01-05,esn_selected,0.004025718728317744,-0.10517805844776376,0.1669011535932344,0.14963484586924877
3,test,2015-01-06,esn_selected,-0.034379804665182985,-0.06946284434686914,0.1638996262757188,0.15824922534349953
3,test,2015-01-07,esn_selected,-0.07003672564219571,-0.16983843290273326,0.161869242603284,0.14649439343129103
3,test,2015-01-08,esn_selected,-0.20914099345967832,-0.303994647269669,0.1496667401185435,0.13612280224976267
3,test,2015-01-09,esn_selected,-0.18409933965158556,-0.2514844731639838,0.1477767308761599,0.138146874346849
3,test,2015-01-12,esn_selected,-0.17693956021621438,-0.1540031874827406,0.1499124013426392,0.15339058402302178
3,test,2015-01-13,esn_selected,-0.1256397830045538,-0.03626463417416866,0.1495926869099072,0.16357822706037262
3,test,2015-01-14,esn_selected,-0.1080266870339496,-0.01941241511075229,0.1518885279537053,0.16596238312517234
3,test,2015-01-15,esn_selected,-0.13125106418139726,0.004378128298239937,0.1490488325805143,0.1706992404499968
3,test,2015-01-16,esn_selected,-0.1337340285311408,-0.05708341255447386,0.1418014157601218,0.15309799617374198
3,test,2015-01-20,esn_selected,0.031950820173628984,0.04126459577903631,0.1416047332530541,0.1429297689272116
3,test,2015-01-21,esn_selected,0.021471826574126926,0.024484704229937853,0.140483869306161,0.1409077682742005
3,test,2015-01-22,esn_selected,-0.10198806514111627,-0.07979332165018084,0.1320616816075771,0.13502552597209572
3,test,2015-01-23,esn_selected,-0.12132037734955953,-0.08647819456153782,0.1306126418087685,0.13524368061063807
3,test,2015-01-26,esn_selected,-0.12194075724594111,-0.13239990281946223,0.1307380634458273,0.12937778110426978
3,test,2015-01-27,esn_selected,-0.2370214416909854,-0.08539214058369045,0.1219833216845844,0.14195550011159314
3,test,2015-01-28,esn_selected,-0.3540095420841325,0.03737654532794122,0.1131305522625557,0.16732341711549845
3,test,2015-01-29,esn_selected,-0.4046538597149282,-0.029696993886307668,0.1089873539371416,0.15856882439813394
3,test,2015-01-30,esn_selected,-0.48721067133377266,0.028298443099424617,0.1017796617634032,0.17042910646144604
3,test,2015-02-02,esn_selected,-0.6101431275208997,-0.04570243619852981,0.093077419985785,0.1636732907182415
3,test,2015-02-03,esn_selected,-0.7439745924768744,-0.11867693460656886,0.0793149908144812,0.1482240244346815
3,test,2015-02-04,esn_selected,-0.7393865471297218,-0.057366467886946895,0.078246778435587,0.1547618892954528
3,test,2015-02-05,esn_selected,-0.6335745738847373,-0.12345998188333368,0.0859026167270998,0.14306926491254743
3,test,2015-02-06,esn_selected,-0.5472038261935769,-0.06428825285195065,0.0865919853747772,0.1403476890417448
3,test,2015-02-09,esn_selected,-0.3606960567062943,0.019368217818470958,0.1030285879726618,0.15066680018935996
3,test,2015-02-10,esn_selected,-0.44282662459439004,-0.03482632608465863,0.0962765238684172,0.1447813692645322
3,test,2015-02-11,esn_selected,-0.3426944724921934,-0.04502606657063017,0.1061891255444,0.14300650424879058
3,test,2015-02-12,esn_selected,-0.3888039401330298,-0.125852145975877,0.1029602450094015,0.13392698147941073
3,test,2015-02-13,esn_selected,-0.2830689691946472,-0.16033201324048424,0.1123034989578225,0.12696887458981543
3,test,2015-02-17,esn_selected,-0.230040498229659,-0.07492251330688508,0.1126614270232277,0.13156553400681623
3,test,2015-02-18,esn_selected,-0.16237369871422214,-0.062272854704000485,0.1203815050959256,0.13305555568547747
3,test,2015-02-19,esn_selected,-0.14564084641141214,-0.059364229290422836,0.1214438269887175,0.13238686659533389
3,test,2015-02-20,esn_selected,-0.06640631656286847,-0.06160079544147817,0.1235767946424335,0.12417207470910009
3,test,2015-02-23,esn_selected,-0.05381406013922447,-0.02956303380453038,0.1237696219314665,0.12680785350904591
3,test,2015-02-24,esn_selected,-0.04513072473459623,-0.0456347979254177,0.1249689218369663,0.12490594422777812
3,test,2015-02-25,esn_selected,0.10491826622695115,-0.016830478590927483,0.1354770961747354,0.11994746428474977
3,test,2015-02-26,esn_selected,0.18172935656954253,0.035815853255660855,0.135676291389249,0.11725585414773293
3,test,2015-02-27,esn_selected,0.21684211019470814,0.06081679300451366,0.1353784198115381,0.11582131894018846
3,test,2015-03-02,esn_selected,0.3208929344510527,0.06939298877763192,0.1402888108596878,0.10909327897944623
3,test,2015-03-03,esn_selected,0.4291622081444961,0.18622611599544014,0.1429641397667498,0.11212986805983531
3,test,2015-03-04,esn_selected,0.5875323009640405,0.30105839254623523,0.1427306733121168,0.10717741469195438
3,test,2015-03-05,esn_selected,0.6046443609071268,0.33843451424434057,0.1432386355305345,0.10976065951549631
3,test,2015-03-06,esn_selected,0.4611935688770865,0.3865510424072664,0.1362386135647382,0.12643967708110823
3,test,2015-03-09,esn_selected,0.4497659293291733,0.3799404522447461,0.1357714819874942,0.1266145859431871
3,test,2015-03-10,esn_selected,0.17967772492567904,0.38618022977488503,0.1233078689620185,0.15159109518932998
3,test,2015-03-11,esn_selected,0.2533063645293537,0.4127248059962551,0.1240309178955625,0.14546700830557924
3,test,2015-03-12,esn_selected,0.0990185946959489,0.3015684990727981,0.1172420149525509,0.14356533196832638
3,test,2015-03-13,esn_selected,0.12183356816967462,0.36937544635078,0.116300401420178,0.1489660442883194
3,test,2015-03-16,esn_selected,-0.05280875017253572,0.29742897782595273,0.1065267650207923,0.15120461659619552
3,test,2015-03-17,esn_selected,-0.04982186054498132,0.2874286294603412,0.1071859567380524,0.15017716985619714
3,test,2015-03-18,esn_selected,-0.2012086140197386,0.13588978927148082,0.0984409912340179,0.1379037114060521
3,test,2015-03-19,esn_selected,-0.14147039355020066,0.116110613558098,0.1054230637168326,0.1363960028171806
3,test,2015-03-20,esn_selected,-0.1557694475135348,0.02644622015228739,0.1057516408663064,0.12688853221212731
3,test,2015-03-23,esn_selected,-0.1586738214562798,0.02313163342203829,0.1056094787871063,0.12666598511461036
3,test,2015-03-24,esn_selected,-0.17269703295658925,0.009093721696141498,0.1051479123705566,0.12611053733239766
3,test,2015-03-25,esn_selected,-0.39142016557247794,0.05042657023070473,0.0915955260775378,0.14248392186737868
3,test,2015-03-26,esn_selected,-0.39312399383961993,0.058987033958208646,0.0915740417325917,0.1439201845739369
3,test,2015-03-27,esn_selected,-0.381897456433983,0.018705311644210305,0.092404576841154,0.13793454739597322
3,test,2015-03-30,esn_selected,-0.5304216486845336,-0.06776701200089202,0.0825398810916796,0.13109683130185543
3,test,2015-03-31,esn_selected,-0.6081787833413927,-0.027176271212140498,0.077821290036875,0.1391312255854041
3,test,2015-04-01,esn_selected,-0.521710290141087,-0.0287771855293895,0.0847113132209644,0.13868182291448727
3,test,2015-04-02,esn_selected,-0.4417339756343889,-0.07110304209101515,0.0920910759821593,0.13340758317245552
3,test,2015-04-06,esn_selected,-0.4201108519179299,-0.07593759715447002,0.089505225402876,0.12627603474900925
3,test,2015-04-07,esn_selected,-0.3265063274052079,-0.061210716667201945,0.0979509521945659,0.12771005208066283
3,test,2015-04-08,esn_selected,-0.22641735575728938,-0.042065143149850916,0.0983238745491948,0.11822848722754681
3,test,2015-04-09,esn_selected,-0.23477117091453184,-0.06825139576825917,0.0980776685965242,0.11584805671900884
3,test,2015-04-10,esn_selected,-0.0934800921345012,-0.060917112055924774,0.1067788859754798,0.11031315559726032
3,test,2015-04-13,esn_selected,-0.08400017148786885,0.0328474799050936,0.1069302058248868,0.12018401072712885
3,test,2015-04-14,esn_selected,0.006624551929616856,0.09717526266729852,0.1072347997245766,0.11739819482425373
3,test,2015-04-15,esn_selected,-0.010626291777992222,0.08880658804160013,0.1060529977247174,0.11714023742632476
3,test,2015-04-16,esn_selected,0.13135002559488143,0.135036311638107,0.1122588449601267,0.11267342683775736
3,test,2015-04-17,esn_selected,-0.0083428408751556,0.20159245032387266,0.1045471945703835,0.12896923445696926
3,test,2015-04-20,esn_selected,-0.055468821250688444,0.16529358389432564,0.1000454430255641,0.1247593794985738
3,test,2015-04-21,esn_selected,-0.05495046259477399,0.17321137463513733,0.099962754927953,0.125582071764923
3,test,2015-04-22,esn_selected,-0.06563135007069079,0.1387805398092256,0.0984684998011506,0.12080148614359863
3,test,2015-04-23,esn_selected,0.07374436207395821,0.18948963432968474,0.0986054753118487,0.1107053384318752
3,test,2015-04-24,esn_selected,0.07420505043761391,0.19046290730830626,0.0986277729391574,0.11078714543219248
3,test,2015-04-27,esn_selected,0.12578434935889887,0.23439291020457972,0.1047902632543864,0.1168124223574022
3,test,2015-04-28,esn_selected,0.28215693818476756,0.25242156318260567,0.1094467929348563,0.10624026147431982
3,test,2015-04-29,esn_selected,0.3326837887338175,0.32724520257715717,0.108537836244856,0.1079491461431328
3,test,2015-04-30,esn_selected,0.21320593885667646,0.36091519651055676,0.1048420675987773,0.12153039029429463
3,test,2015-05-01,esn_selected,0.06088332827743201,0.2652841117180439,0.0978720850968505,0.12006846904145548
3,test,2015-05-04,esn_selected,0.08467322629283679,0.2550267640199438,0.0974140289098886,0.11550614961751182
3,test,2015-05-05,esn_selected,-0.09677451493625855,0.2961150051028785,0.0889160219452957,0.1317072781969975
3,test,2015-05-06,esn_selected,-0.05856082798665197,0.33873569351913657,0.0927312981568622,0.13796534984354458
3,test,2015-05-07,esn_selected,-0.06561373572281436,0.2925254739714704,0.0918490038089799,0.13140513381936614
3,test,2015-05-08,esn_selected,-0.26137896830237006,0.15740606071850122,0.0822185743463856,0.12498156805144191
3,test,2015-05-11,esn_selected,-0.2847979819318082,0.19665062181242993,0.0804292855254069,0.13016813506218505
3,test,2015-05-12,esn_selected,-0.1722275936912856,0.1861570595715755,0.0902689210319504,0.1291762666513571
3,test,2015-05-13,esn_selected,-0.15322912048658358,0.15945823511803678,0.0909863802026697,0.12438693899824976
3,test,2015-05-14,esn_selected,-0.24848384262655052,0.05476748757314361,0.0875599304081284,0.11857845488707025
3,test,2015-05-15,esn_selected,-0.16332337786165246,0.06733920875651425,0.0887936567343997,0.1118297696140597
3,test,2015-05-18,esn_selected,-0.10363061676314694,0.09097520492195918,0.0901967951778597,0.10957395593478035
3,test,2015-05-19,esn_selected,-0.10086951707641023,0.10818281454156319,0.0903714273964174,0.11138364243846441
3,test,2015-05-20,esn_selected,-0.009717019957523993,0.12194585534610809,0.0975163131240161,0.11123916837717365
3,test,2015-05-21,esn_selected,-0.003654232415652302,0.0907577750503915,0.0982458055462963,0.10797336384741732
3,test,2015-05-22,esn_selected,0.00925434319468387,0.08121079591283925,0.0995447446395401,0.10697163337505133
3,test,2015-05-26,esn_selected,-0.13140271564578174,0.1609545078900805,0.0918868697776614,0.12308994737418913
3,test,2015-05-27,esn_selected,-0.2025796129417706,0.10695687792390947,0.0893766005362656,0.12180183243897331
3,test,2015-05-28,esn_selected,-0.18797156906646317,0.11069422140145359,0.0899386044058351,0.1212425463763899
3,test,2015-05-29,esn_selected,-0.18450063081714013,0.1567608032029052,0.0871782147551351,0.12263542173420416
3,test,2015-06-01,esn_selected,0.16059205720707687,0.20722119967767588,0.1149219760740503,0.12040759010757818
3,test,2015-06-02,esn_selected,0.16689479949486424,0.23406844315002603,0.1151073341784553,0.12310512651005842
3,test,2015-06-03,esn_selected,0.2844481780480067,0.25990674830333954,0.118171921818475,0.11530711096238984
3,test,2015-06-04,esn_selected,0.20924592097475217,0.2928017071537149,0.1143143334565366,0.12427635450623771
3,test,2015-06-05,esn_selected,0.22130314224237027,0.2947422951983001,0.1146001494061047,0.12333303042503446
3,test,2015-06-08,esn_selected,0.33266633630115683,0.3732865009635765,0.1146687546987339,0.11942251401630243
3,test,2015-06-09,esn_selected,0.4758672460155864,0.38756110304476504,0.1294436438386278,0.11850314031066497
3,test,2015-06-10,esn_selected,0.3053071796970287,0.26365896526465477,0.1224986986006028,0.11750162835486068
3,test,2015-06-11,esn_selected,0.35529364600431956,0.2388225988914328,0.1298011252342318,0.11553025296585517
3,test,2015-06-12,esn_selected,0.416138615279968,0.29874702200840614,0.1327492609856731,0.11804554208417659
3,test,2015-06-15,esn_selected,0.4022534783571778,0.3730044525303851,0.1327634127433335,0.12893645251270333
3,test,2015-06-16,esn_selected,0.3759380407248244,0.32798058953978393,0.1313587246686179,0.1252077660378031
3,test,2015-06-17,esn_selected,0.39588616618384337,0.3011752236883827,0.1342648464018739,0.12213211547108409
3,test,2015-06-18,esn_selected,0.2811852300729162,0.193020579632479,0.1291797581196444,0.11827829237428261
3,test,2015-06-19,esn_selected,0.26630658305812765,0.2068490919268038,0.1282240521617518,0.12082239412198106
3,test,2015-06-22,esn_selected,0.24915622940243784,0.13835883370425692,0.1277101786467641,0.11431594605998559
3,test,2015-06-23,esn_selected,0.3302570569844425,0.13722497932692618,0.1278445664002315,0.10540215938002237
3,test,2015-06-24,esn_selected,0.3496936498303981,0.1990536959525944,0.1267925845444411,0.10906157215557312
3,test,2015-06-25,esn_selected,0.3809490600819574,0.24716467703300854,0.1316407108951114,0.11515648485968485
3,test,2015-06-26,esn_selected,0.4243323856459614,0.2558732048530953,0.1332579674572042,0.11259841888863373
3,test,2015-06-29,esn_selected,0.028309435906344063,0.28040178479405176,0.1182218406628296,0.15211779897821812
3,test,2015-06-30,esn_selected,0.0455539623859228,0.24763034478913573,0.1204721970146835,0.14745092057476555
3,test,2015-07-01,esn_selected,-0.009159173998159001,0.14109518742328384,0.1170945062751217,0.1360790158759402
3,test,2015-07-02,esn_selected,0.02470355944887995,0.16755991138417156,0.1171734744673753,0.13516711156913547
3,test,2015-07-06,esn_selected,0.023715629021551905,0.17770664003358158,0.1173504476585392,0.1368869972719541
3,test,2015-07-07,esn_selected,0.006622984953326497,0.15524630292825087,0.1154307246080951,0.13392686683144736
3,test,2015-07-08,esn_selected,-0.2654471938389701,0.20555226538614568,0.0992655328776698,0.15898309393161753
3,test,2015-07-09,esn_selected,-0.17077902535929615,0.22039050812656036,0.1032673628501118,0.15270239773892788
3,test,2015-07-10,esn_selected,-0.3282977542238169,0.09888662328035781,0.0934760934891216,0.14329280102721076
3,test,2015-07-13,esn_selected,-0.3252601075622195,-0.015428070721477973,0.0958900272726377,0.13071691390853374
3,test,2015-07-14,esn_selected,-0.28370164556675453,-0.10601827145958197,0.0999696907019772,0.11940850399644472
3,test,2015-07-15,esn_selected,-0.27223184226192715,-0.1453843673138168,0.1000530049159669,0.11358455864978503
3,test,2015-07-16,esn_selected,-0.3349613024487368,-0.2370623596173579,0.0960484750584088,0.10592718831320504
3,test,2015-07-17,esn_selected,-0.2878856587519289,-0.21445530447251338,0.0968650961756509,0.10424559480315315
3,test,2015-07-20,esn_selected,-0.2602173403864379,-0.1898259259239429,0.0988458732224413,0.10605451086065334
3,test,2015-07-21,esn_selected,-0.2609038643958196,-0.19240797059685563,0.0983821714271141,0.1053570962470249
3,test,2015-07-22,esn_selected,-0.22449393365952935,-0.21574758376334294,0.1021376350933824,0.10303488469711036
3,test,2015-07-23,esn_selected,-0.013720108316172258,-0.19248170494440006,0.1250648559648453,0.1045923960872573
3,test,2015-07-24,esn_selected,0.21864996449328436,-0.15261709848377178,0.1638131237610726,0.11300806929735499
3,test,2015-07-27,esn_selected,0.5009489917171029,-0.08315098837369458,0.2199138428580392,0.12262560678666957
3,test,2015-07-28,esn_selected,0.6203331936036096,-0.06748397164749871,0.2198391315575895,0.11050700288079895
3,test,2015-07-29,esn_selected,0.7544096285063663,-0.0829918597894596,0.2561667564109937,0.1108776272941497
3,test,2015-07-30,esn_selected,0.8371058052814171,-0.05802053332076656,0.2704499788107197,0.11049395586052478
3,test,2015-07-31,esn_selected,0.8362330536962223,-0.05901336429865726,0.2703962776949788,0.11045875133244493
3,test,2015-08-03,esn_selected,0.8393883481002956,-0.039634606842052854,0.2716604891855252,0.11279027605675634
3,test,2015-08-04,esn_selected,0.9284162065330129,-0.023742216657844265,0.2920972426515595,0.11272242111932838
3,test,2015-08-05,esn_selected,1.1039751935162254,0.009465111288413892,0.2993979435477862,0.10020955277238822
3,test,2015-08-06,esn_selected,1.059715420532935,0.0825332372370625,0.2979831083273121,0.11215194662366085
3,test,2015-08-07,esn_selected,1.1753165256626026,0.15279588464192626,0.3027847765351801,0.1089077946544857
3,test,2015-08-10,esn_selected,1.1804259191516528,0.10445482546113975,0.3121949725751525,0.10644802214576642
3,test,2015-08-11,esn_selected,1.1451247286113324,0.18586861355589546,0.3141880762909201,0.12038990220421648
3,test,2015-08-12,esn_selected,1.1460767355543169,0.21999744601778462,0.3147494200268197,0.12467340283707098
3,test,2015-08-13,esn_selected,1.1881312719706647,0.24081878972215356,0.3151296950861016,0.12220155873619358
3,test,2015-08-14,esn_selected,1.17970312835327,0.20402838148337726,0.315141699630612,0.1187888599307702
3,test,2015-08-17,esn_selected,1.1672201441499692,0.1698439778772625,0.3175965749076335,0.11714421454864793
3,test,2015-08-18,esn_selected,1.1760308612146175,0.2037460761729192,0.3189041106975884,0.12061524418087331
3,test,2015-08-19,esn_selected,1.1349678135197534,0.2314318611949617,0.3177576803715317,0.12873462675459568
3,test,2015-08-20,esn_selected,0.9214877513985437,0.26669777364967745,0.3142912808295627,0.16329040218402416
3,test,2015-08-21,esn_selected,0.5855152933392818,0.31474470551965367,0.2941946379664001,0.22440916035699587
3,test,2015-08-24,esn_selected,0.16108052846081425,0.4984711477138845,0.2583502893529302,0.36202272785661926
3,test,2015-08-25,esn_selected,0.14765252761549721,0.44921279751261267,0.2548177506500748,0.344505086837261
3,test,2015-08-26,esn_selected,-0.1646159239070506,0.15451618815884702,0.2172856181444432,0.29897047204300914
3,test,2015-08-27,esn_selected,-0.30564234150278774,-0.03601887984922827,0.1992269881125729,0.26088202147274947
3,test,2015-08-28,esn_selected,-0.21216621727855373,-0.09523955597687979,0.2187046874892904,0.24583215889943957
3,test,2015-08-31,esn_selected,-0.22552764070758494,-0.1029023698611747,0.216810878179679,0.24509618252972526
3,test,2015-09-01,esn_selected,-0.381986771455977,-0.11196778076048021,0.1993575603574442,0.2611562765453923
3,test,2015-09-02,esn_selected,-0.46490375033038067,-0.20062973929680836,0.1880804605749824,0.24497198671956139
3,test,2015-09-03,esn_selected,-0.42255592893493993,-0.24193716808583077,0.1952890702663251,0.2339481789485657
3,test,2015-09-04,esn_selected,-0.425741039075476,-0.28114785220684063,0.1978049028090887,0.22857728768118213
3,test,2015-09-08,esn_selected,-0.5645512304443716,-0.4372568735489441,0.1775188276022089,0.20161723652616967
3,test,2015-09-09,esn_selected,-0.5943879102487841,-0.38443149036613306,0.1734004857083007,0.21391105233227478
3,test,2015-09-10,esn_selected,-0.5855388840843351,-0.43551396016923366,0.1752542797057309,0.2036214983284913
3,test,2015-09-11,esn_selected,-0.5909080056227959,-0.5006910815423008,0.1745264452546166,0.19100377704917687
3,test,2015-09-14,esn_selected,-0.593628041338668,-0.48195619046213506,0.1740590024780623,0.19462335681896653
3,test,2015-09-15,esn_selected,-0.6257495843200833,-0.5384839191846813,0.1698698168917325,0.18535965628915455
3,test,2015-09-16,esn_selected,-0.6412013327756682,-0.6055001253149667,0.1679538318799192,0.17405830666496347
3,test,2015-09-17,esn_selected,-0.5892842480765347,-0.6114349469469884,0.1762678710913486,0.1724063402498573
3,test,2015-09-18,esn_selected,-0.6319534097058578,-0.5927501417716127,0.1670622992343775,0.17374176021425183
3,test,2015-09-21,esn_selected,-0.5718527445353765,-0.5996875224992119,0.1660665875350695,0.1615079002932998
3,test,2015-09-22,esn_selected,-0.4820530286844195,-0.45602137108773855,0.1595350019403717,0.16374248881781328
3,test,2015-09-23,esn_selected,-0.459709063633751,-0.40582149694186714,0.160909086065719,0.1698179684198501
3,test,2015-09-24,esn_selected,-0.2391801214920975,-0.24720360563468927,0.1710631145339196,0.16969608385525067
3,test,2015-09-25,esn_selected,-0.12747117263937435,-0.12001992587448855,0.1753832616556395,0.1766949664658448
3,test,2015-09-28,esn_selected,-0.372767461745635,0.013653096167665583,0.1506493421961387,0.22171116075202293
3,test,2015-09-29,esn_selected,-0.3631283293926563,0.032601333049139834,0.1507913532923221,0.22399568257742883
3,test,2015-09-30,esn_selected,-0.34226560485227314,-0.029915080502468726,0.1415756769141231,0.1934820837317297
3,test,2015-10-01,esn_selected,-0.2860699041027482,0.019159884827787188,0.1412879418680353,0.19171880435921204
3,test,2015-10-02,esn_selected,-0.39158447675710056,-0.06341982954064361,0.1320124710455441,0.18328843195601022
3,test,2015-10-05,esn_selected,-0.47111385999261296,-0.14058768037620686,0.1234908847421145,0.17186229147952736
3,test,2015-10-06,esn_selected,-0.36431556895432565,-0.08006155134946794,0.1233173489341575,0.16386044540904618
3,test,2015-10-07,esn_selected,-0.36516839965242764,-0.09300125654986605,0.1203537672001338,0.15800119698908976
3,test,2015-10-08,esn_selected,-0.411750518964744,-0.13860065023464666,0.1161041260958046,0.15257210377653366
3,test,2015-10-09,esn_selected,-0.40762713102731574,-0.12380388800172715,0.116099681789612,0.15420338160703204
3,test,2015-10-12,esn_selected,-0.3658488299235469,-0.15498066396013466,0.1207286549749149,0.14906965388877366
3,test,2015-10-13,esn_selected,-0.35669519650956893,-0.08362978612253176,0.1189064636382491,0.1562414511650977
3,test,2015-10-14,esn_selected,-0.3487385327165923,-0.06224122061368392,0.1185044601994559,0.1578188586010985
3,test,2015-10-15,esn_selected,-0.41281112256338004,-0.16571210701192018,0.116651832794034,0.14935002705341918
3,test,2015-10-16,esn_selected,-0.31196567281824644,-0.17272739987793753,0.1222907149264632,0.1405606955491107
3,test,2015-10-19,esn_selected,-0.2182928284238641,-0.1791863346301594,0.133499269942653,0.13882338351681583
3,test,2015-10-20,esn_selected,-0.17865037949902696,-0.132776183648928,0.1334347996699528,0.1396985884978753
3,test,2015-10-21,esn_selected,-0.11786046672586054,-0.09217878248322303,0.1430192241648487,0.14673976916354348
3,test,2015-10-22,esn_selected,-0.2736797915849358,-0.16935081776745078,0.1301064273776481,0.14441365150227298
3,test,2015-10-23,esn_selected,-0.3395499421139663,-0.23289937228057567,0.1248887952966476,0.13894445841739395
3,test,2015-10-26,esn_selected,-0.18944583504156698,-0.10421099854423187,0.1246499070258183,0.13574035418807776
3,test,2015-10-27,esn_selected,-0.1911786725864219,-0.07270243612775834,0.1245513950581085,0.14021748463182732
3,test,2015-10-28,esn_selected,-0.18295557293680473,-0.10009381813278974,0.1179049534154644,0.12809095213797572
3,test,2015-10-29,esn_selected,-0.18047534349419073,-0.03443494410872155,0.1179575254032381,0.13650551337599112
3,test,2015-10-30,esn_selected,-0.11318156517995338,0.04291769399488771,0.1178856197908816,0.13780147876133172
3,test,2015-11-02,esn_selected,-0.0688231647709298,0.026077728893804036,0.1152777208361472,0.12675360380855719
3,test,2015-11-03,esn_selected,-0.023454523001821666,0.0876693941502181,0.1204586550375156,0.1346165678936618
3,test,2015-11-04,esn_selected,0.07703776009047311,0.17035689491404638,0.1299920410470631,0.1427068263900517
3,test,2015-11-05,esn_selected,0.2354151859937406,0.2028219426147389,0.1469221145273538,0.14221064441991682
3,test,2015-11-06,esn_selected,0.2460397733456028,0.20315478110225035,0.1484857391862434,0.14225254003379592
3,test,2015-11-09,esn_selected,0.1946864785470978,0.2785760432610028,0.1466768672210177,0.15951238207465093
3,test,2015-11-10,esn_selected,0.22591992527846866,0.2804883103444988,0.1490463139412582,0.15740553090502357
3,test,2015-11-11,esn_selected,0.22678311267149304,0.303725944357662,0.1486706878571049,0.1605614191239264
3,test,2015-11-12,esn_selected,0.2927798454983052,0.3794515877383479,0.1563306875659879,0.17048465590642167
3,test,2015-11-13,esn_selected,0.21854143373085125,0.42007436544554794,0.1521615146499217,0.18613560826996353
3,test,2015-11-16,esn_selected,0.09745176191642095,0.2798591042514559,0.1471640235434425,0.17661197835641632
3,test,2015-11-17,esn_selected,0.15566115415077825,0.3121458821875862,0.1559092521038685,0.1823191729624165
3,test,2015-11-18,esn_selected,0.08317230373242947,0.17943336145048652,0.1554231441620722,0.1711281031721738
3,test,2015-11-19,esn_selected,0.2554965187523929,0.20191843739191936,0.1679807360424345,0.1592175052640299
3,test,2015-11-20,esn_selected,0.30837370683034054,0.1755184262056256,0.1699998254939247,0.14885045287039986
3,test,2015-11-23,esn_selected,0.32749057021348815,0.1549925737468807,0.1729494982585399,0.1455473754140463
3,test,2015-11-24,esn_selected,0.358852275615574,0.14645256652753105,0.1783184002933066,0.1441956429344666
3,test,2015-11-25,esn_selected,0.4142281672488762,0.13318345941322193,0.1784140526693255,0.13470164285966546
3,test,2015-11-27,esn_selected,0.4145575044748325,0.0987307518314802,0.1785523989944769,0.1301978683197424
3,test,2015-11-30,esn_selected,0.4336689561572408,0.12864982600423663,0.1818866674359362,0.13407034924639813
3,test,2015-12-01,esn_selected,0.4484673736072483,0.07726218977466726,0.1805145807744503,0.12453743713606509
3,test,2015-12-02,esn_selected,0.4036847461737249,0.131913854977061,0.1803665787425731,0.13744453271862703
3,test,2015-12-03,esn_selected,0.3274371404020644,0.2022644885483422,0.1803519764518738,0.15913258368632624
3,test,2015-12-04,esn_selected,0.12761128383465928,0.05225150022369559,0.1669198733631204,0.15480311960567342
3,test,2015-12-07,esn_selected,0.14435384314012342,0.10647455660719884,0.1715445096388832,0.16516805617355415
3,test,2015-12-08,esn_selected,0.26133689592601156,0.18044659605602295,0.1904841294239895,0.17568253381486804
3,test,2015-12-09,esn_selected,0.2557183220512722,0.24326501876575907,0.1924767585279505,0.1900946504215861
3,test,2015-12-10,esn_selected,0.2572718511960403,0.18703339981009434,0.1922901756350501,0.17924742449762593
3,test,2015-12-11,esn_selected,0.1496074791936565,0.24582242107274735,0.1815590663038494,0.19989574923494674
3,test,2015-12-14,esn_selected,0.2818476286319877,0.2062291913920594,0.2017017622088092,0.1870118052354766
3,test,2015-12-15,esn_selected,0.33884861167799635,0.15220368096482503,0.2065198188436186,0.17135740312961453
3,test,2015-12-16,esn_selected,0.31812498806119777,0.03498300625600352,0.214304758859749,0.1614599504305981
3,test,2015-12-17,esn_selected,0.28806994429510857,0.06992509404479107,0.2073112534883862,0.16668010786975707
3,test,2015-12-18,esn_selected,0.18685768491980986,0.10335769160359476,0.2024933388290699,0.18627181874416074
3,test,2015-12-21,esn_selected,0.16931419217554872,0.026334251378895362,0.2013634738709179,0.174536111324783
3,test,2015-12-22,esn_selected,0.20103525404323594,-0.08412847136260618,0.2114597955266758,0.15899474684094536
3,test,2015-12-23,esn_selected,0.18168560664270147,-0.21189828935443378,0.2138460416770954,0.1442679636053249
3,test,2015-12-24,esn_selected,0.20547104147835016,-0.2653966610547356,0.2191109076147471,0.13682603844096164
3,test,2015-12-28,esn_selected,0.21950167557124683,-0.2356678245724985,0.2223791450011857,0.14106408425098765
3,test,2015-12-29,esn_selected,0.18996222168421098,-0.31137628076744717,0.2199380703692978,0.13322074722857366
3,test,2015-12-30,esn_selected,0.262157358803429,-0.27513061355844337,0.2346204056935521,0.13709593563444045
3,test,2015-12-31,esn_selected,0.2512895825281282,-0.25944870033146356,0.231894125299053,0.13914862801599928
3,test,2016-01-04,esn_selected,0.2666534033047632,-0.1750312884317898,0.2354653501648367,0.1513929959185969
3,test,2016-01-05,esn_selected,0.34777003614924423,-0.14057601452049398,0.2363429511944309,0.14502960333802617
3,test,2016-01-06,esn_selected,0.3022130428380508,-0.08525878167381401,0.2320738888061293,0.1575249695746269
3,test,2016-01-07,esn_selected,0.17109787096970094,0.036703555922260475,0.2260297780680754,0.19760546403061294
3,test,2016-01-08,esn_selected,0.16830021765512038,0.12155459477455312,0.2277561705221065,0.21735457501761077
3,test,2016-01-11,esn_selected,0.16915521928400237,0.09833336996539174,0.2277300148333276,0.21215962352586473
3,test,2016-01-12,esn_selected,0.21875637276474377,0.07653267003070827,0.22595534871807,0.1959998129658873
3,test,2016-01-13,esn_selected,0.052366139058291086,0.18908256589308897,0.2125455505157114,0.24368410810163676
3,test,2016-01-14,esn_selected,0.049427330001707556,0.13617601326212772,0.2169840205535807,0.23664766657985806
3,test,2016-01-15,esn_selected,-0.013775563958951183,0.15903807050286387,0.211372830793583,0.25124716588942114
3,test,2016-01-19,esn_selected,0.054882887568493584,0.17382800344498575,0.2190071092327522,0.24666948112127204
3,test,2016-01-20,esn_selected,0.05836258733309182,0.23304311630393287,0.2146630476814574,0.2556348624177702
3,test,2016-01-21,esn_selected,0.059703651972346006,0.18813622655274673,0.2137517414015039,0.24304529600240873
3,test,2016-01-22,esn_selected,-0.01842713335572074,0.009042991048120102,0.2075988797304442,0.21338069682103133
3,test,2016-01-25,esn_selected,-0.040058556667813966,0.039055147777629466,0.2054489876875189,0.22236306467198114
3,test,2016-01-26,esn_selected,-0.08928891581920441,-0.07556125629830131,0.2003947383787137,0.20316465787399698
3,test,2016-01-27,esn_selected,-0.10015972936163015,-0.06286363975269905,0.201184833696263,0.20882992104169407
3,test,2016-01-28,esn_selected,-0.09250614277324835,-0.08460329182989673,0.2005051366518441,0.20209597666627652
3,test,2016-01-29,esn_selected,-0.24577362872654032,-0.24256514170515067,0.1834964432551685,0.18408613471464505
3,test,2016-02-01,esn_selected,-0.1421071352600711,-0.2570187818737772,0.2011747183033219,0.17933617716415526
3,test,2016-02-02,esn_selected,-0.20825293644429166,-0.2021020495308601,0.1911982471842775,0.19237791024858591
3,test,2016-02-03,esn_selected,-0.2155399379740635,-0.22422801120405603,0.190517488829106,0.18886942853546926
3,test,2016-02-04,esn_selected,-0.19588017182427353,-0.2487177879963101,0.1907904366482476,0.18097122110376085
3,test,2016-02-05,esn_selected,-0.23788074897706019,-0.16794883345611575,0.1781785260452107,0.19108491654741072
3,test,2016-02-08,esn_selected,-0.258179772694039,-0.09729390795077471,0.1759317008694096,0.20664073820945533
3,test,2016-02-09,esn_selected,-0.2531477774562869,-0.07768124487867058,0.1767989134210446,0.21070931654741729
3,test,2016-02-10,esn_selected,-0.2453448931347966,-0.08540122765186885,0.1767952908833457,0.20745950833135093
3,test,2016-02-11,esn_selected,-0.1673514381087763,-0.011069400909100706,0.1797927651042137,0.21020577246758795
3,test,2016-02-12,esn_selected,-0.27620350017506456,-0.09779363390587431,0.1646167776127446,0.196768926612245
3,test,2016-02-16,esn_selected,-0.3190682583428137,-0.1511086479438951,0.1536312555187076,0.18172869659507643
3,test,2016-02-17,esn_selected,-0.41981684040409156,-0.256448290006685,0.1439242833378481,0.1694666075034486
3,test,2016-02-18,esn_selected,-0.39279075301035676,-0.24974623038210297,0.1449340520708323,0.1672221801555586
3,test,2016-02-19,esn_selected,-0.38401362021050667,-0.2613393303738575,0.1455910456887253,0.1645930270455609
3,test,2016-02-22,esn_selected,-0.41965780432764516,-0.32627975106332585,0.1364488679481411,0.14980403459405153
3,test,2016-02-23,esn_selected,-0.46702369498360047,-0.21411010548705345,0.1287888282913542,0.1658506463425108
3,test,2016-02-24,esn_selected,-0.433435817102145,-0.15672386867662233,0.1299114800939767,0.17132549806344768
3,test,2016-02-25,esn_selected,-0.49454748987839897,-0.21311048876374994,0.1226919283902865,0.1625707948280214
3,test,2016-02-26,esn_selected,-0.4932509698426432,-0.17481958109000403,0.1224360552560941,0.16834581469132276
3,test,2016-02-29,esn_selected,-0.3950639304654708,-0.08815770031993599,0.1236099883974656,0.16801236605779213
3,test,2016-03-01,esn_selected,-0.7675700527155727,-0.231702219611336,0.0933731399517163,0.1595682221991511
3,test,2016-03-02,esn_selected,-0.7270677054970986,-0.23843020518371658,0.0924107327894381,0.150638153706679
3,test,2016-03-03,esn_selected,-0.701155928044821,-0.26449781846732473,0.0944988879953342,0.1462395713795206
3,test,2016-03-04,esn_selected,-0.7027254223650883,-0.276521874664146,0.0944858618263977,0.14469871609240575
3,test,2016-03-07,esn_selected,-0.5681987406843122,-0.21587991208707147,0.100946155648407,0.14358196989424427
3,test,2016-03-08,esn_selected,-0.5570209696226163,-0.13319985121410663,0.1007936025500226,0.15399128428591413
3,test,2016-03-09,esn_selected,-0.4922197348437072,-0.16049468297844882,0.1080715242535133,0.1505835864029035
3,test,2016-03-10,esn_selected,-0.48865700970309206,-0.15661766881377268,0.1084550178370457,0.15116543691160245
3,test,2016-03-11,esn_selected,-0.6618858232420747,-0.23133485788668717,0.0927510534533686,0.14266083426618445
3,test,2016-03-14,esn_selected,-0.5155086592441939,-0.1596157303638539,0.0983086042073822,0.1403310792155447
3,test,2016-03-15,esn_selected,-0.3860812903533495,-0.10960114025557456,0.1044255101932197,0.13768302820908632
3,test,2016-03-16,esn_selected,-0.34043078366446206,-0.09419175261819097,0.1023969131847703,0.13098667474418602
3,test,2016-03-17,esn_selected,-0.3712776825541227,-0.10001117892339899,0.0999830971401757,0.1311402874458391
3,test,2016-03-18,esn_selected,-0.3550559876982304,-0.0950584255043038,0.1020788594855272,0.13238882134064184
3,test,2016-03-21,esn_selected,-0.2854302134994729,-0.07535510490837549,0.1025673583274554,0.12654460386628152
3,test,2016-03-22,esn_selected,-0.22728458699042592,-0.008237810720909226,0.1026052895062513,0.12773224822929155
3,test,2016-03-23,esn_selected,-0.24490446831609552,0.05182100827317478,0.1016920193851039,0.13682110976642892
3,test,2016-03-24,esn_selected,-0.18784540879969927,0.0804105161637023,0.1016800539495823,0.13296515247525484
3,test,2016-03-28,esn_selected,-0.18416262816183185,0.10745864935750593,0.1018423742618902,0.13632579127790914
3,test,2016-03-29,esn_selected,-0.24661148597294522,0.06825640308409174,0.096594313020563,0.13234177185069723
3,test,2016-03-30,esn_selected,0.02375747647924157,0.1750745567733942,0.0956180107747269,0.11123869298955988
3,test,2016-03-31,esn_selected,0.08481454655395317,0.2567401954884451,0.1005904853519083,0.11946020736078546
3,test,2016-04-01,esn_selected,0.05180221140212654,0.23277629192798951,0.0995231498176965,0.11926696205559706
3,test,2016-04-04,esn_selected,0.08402390132139789,0.3252573634483897,0.1027680096406923,0.13080498847091232
3,test,2016-04-05,esn_selected,0.00314178540781399,0.38344009136445084,0.1012638055398063,0.14812068100005518
3,test,2016-04-06,esn_selected,-0.051753734010622054,0.3028416521107626,0.0957098436711542,0.13644430903669202
3,test,2016-04-07,esn_selected,-0.23259912353661874,0.36247612793517286,0.0856435697443662,0.1552861272533491
3,test,2016-04-08,esn_selected,-0.230923439673516,0.37773367651532547,0.0860916188969638,0.15823308720105173
3,test,2016-04-11,esn_selected,-0.0786243916330572,0.45723128262124535,0.0857378742409187,0.14651830098172958
3,test,2016-04-12,esn_selected,-0.08256108469495349,0.37943703996012507,0.0905181577509607,0.14367425130781575
3,test,2016-04-13,esn_selected,-0.15282114161502344,0.29555326954932604,0.0896266630588186,0.14033427646696653
3,test,2016-04-14,esn_selected,-0.133139096757451,0.29196023820485395,0.0896324545820236,0.13711456341310221
3,test,2016-04-15,esn_selected,-0.05341886873539779,0.2667072385655648,0.0947822612719184,0.13054374504547045
3,test,2016-04-18,esn_selected,-0.0419871783647417,0.1869328255781893,0.0978815885899588,0.12306079140736241
3,test,2016-04-19,esn_selected,0.0020169742714603867,0.17542261931821648,0.1027744428221376,0.12223462535508764
3,test,2016-04-20,esn_selected,0.0011560733080425974,0.17100557508576683,0.1027239773354102,0.12174090551395932
3,test,2016-04-21,esn_selected,-0.00017902007112175107,0.1969838965546532,0.1016738161019862,0.12383285644186784
3,test,2016-04-22,esn_selected,0.023540046837464437,0.19402755382442627,0.1041020017247961,0.12345277710025922
3,test,2016-04-25,esn_selected,0.021297455497259005,0.225791015297916,0.1040346194548032,0.12764044438109903
3,test,2016-04-26,esn_selected,0.16141134743889238,0.23197661646906195,0.1135145719041899,0.12181414536471075
3,test,2016-04-27,esn_selected,0.19143681887888322,0.2135069279241541,0.115792294145994,0.11837625193540169
3,test,2016-04-28,esn_selected,0.10000668960937928,0.25663978205377447,0.1111704227302586,0.13002119247913166
3,test,2016-04-29,esn_selected,0.10517656858431453,0.2898462780598874,0.1105609383435516,0.13298502882328267
3,test,2016-05-02,esn_selected,0.041727000471066984,0.23058266001697883,0.1071469347906322,0.12941920338527885
3,test,2016-05-03,esn_selected,0.015139605918914561,0.28036273723152855,0.1028085636583516,0.134033770242306
3,test,2016-05-04,esn_selected,0.05825122151151084,0.3387636625825565,0.1014506399574024,0.13430117001330166
3,test,2016-05-05,esn_selected,0.17480208530973232,0.39900520422738633,0.1020023886661334,0.12763815546383248
3,test,2016-05-06,esn_selected,0.17704993301935715,0.37217367789369327,0.1027667644997966,0.1249090338389878
3,test,2016-05-09,esn_selected,0.1822139282348094,0.3804173989493083,0.1028743762723463,0.12542551378660136
3,test,2016-05-10,esn_selected,0.03521806025129974,0.2773502251991997,0.0937628318887504,0.11945033686623215
3,test,2016-05-11,esn_selected,-0.021039238208423464,0.3274145665086769,0.0877606845586794,0.12434592769792052
3,test,2016-05-12,esn_selected,0.04800623932146752,0.3385122001843995,0.0940403278581685,0.1257416834112345
3,test,2016-05-13,esn_selected,-0.01983120147333465,0.34142980982655785,0.0929211303779288,0.1333546451369345
3,test,2016-05-16,esn_selected,-0.12451740152870891,0.2633584302368632,0.0864218957632132,0.12737263175288185
3,test,2016-05-17,esn_selected,-0.2515894275510917,0.2878861770403498,0.079913698519783,0.13706056226449978
3,test,2016-05-18,esn_selected,-0.24249373799192508,0.3080598065670563,0.0806042857653027,0.1397849773574836
3,test,2016-05-19,esn_selected,-0.23041794846459585,0.3089327486627576,0.0807495072015391,0.138476765917161
3,test,2016-05-20,esn_selected,-0.2525186859388558,0.22428965643253918,0.0808707756484291,0.1302767274498534
3,test,2016-05-23,esn_selected,-0.2459571174262963,0.23377341357712006,0.0813504695560844,0.13143298956780744
3,test,2016-05-24,esn_selected,-0.519228507981427,0.0948704810662693,0.067538831065806,0.12481113772790668
3,test,2016-05-25,esn_selected,-0.39417841483443333,0.0063573272697046435,0.0780710729585344,0.11653076852970272
3,test,2016-05-26,esn_selected,0.32019321902295955,-0.005114217122893573,0.1531254596083225,0.11060332441876743
3,test,2016-05-27,esn_selected,0.3978531261625067,-0.04697106427776813,0.164583818161499,0.10548785026232185
3,test,2016-05-31,esn_selected,0.4977594249825369,0.039361178712869455,0.1762600638251283,0.11144846575394525
3,test,2016-06-01,esn_selected,0.5930420803945748,0.07968941406253884,0.1860305177195539,0.11133660250374554
3,test,2016-06-02,esn_selected,0.6370181922741388,0.06640906507093297,0.1918263559330057,0.10841662446059082
3,test,2016-06-03,esn_selected,0.630835790957041,0.05995570425762584,0.1916809023041826,0.10830506656104347
3,test,2016-06-06,esn_selected,0.6278776725689436,0.038828302873124575,0.1925468827417064,0.1068355035032753
3,test,2016-06-07,esn_selected,0.6324625285747468,0.028976928320905735,0.1936342605017104,0.10589896978080957
3,test,2016-06-08,esn_selected,0.723488793849238,0.05835838414380474,0.1933026939633894,0.0993974950964434
3,test,2016-06-09,esn_selected,0.8249818611924198,0.132921879834934,0.200255785612477,0.10023681096858256
3,test,2016-06-10,esn_selected,0.7434179213954429,0.20697058579896008,0.1977772962845305,0.11566456207937637
3,test,2016-06-13,esn_selected,0.7541623593467159,0.33113613121074154,0.1975345354793331,0.12939725960075005
3,test,2016-06-14,esn_selected,0.8260517568812928,0.3754874612309163,0.1974119819062288,0.1258044262066596
3,test,2016-06-15,esn_selected,0.9090212074037504,0.4058692093841976,0.1983371759614478,0.1199189974096104
3,test,2016-06-16,esn_selected,0.8992818213374888,0.40727293465532544,0.1981122209675884,0.12112520419392199
3,test,2016-06-17,esn_selected,0.8964011848894743,0.4408545340736135,0.1978982568248781,0.12548753028927226
3,test,2016-06-20,esn_selected,0.8883942981380315,0.39421590473467477,0.1966148652494252,0.11994921238817714
3,test,2016-06-21,esn_selected,0.8839507701093572,0.3621468659315253,0.1969042117676308,0.11685261871295413
3,test,2016-06-22,esn_selected,1.0719058508988584,0.4956952149896056,0.1972769459325575,0.1108743881801404
3,test,2016-06-23,esn_selected,0.9025788571580786,0.3863720046833077,0.1925196951074001,0.11489189103608467
3,test,2016-06-24,esn_selected,-0.08444546823138017,0.346816579685191,0.1407256309049066,0.21660472798265248
3,test,2016-06-27,esn_selected,-0.26531385299852445,0.2556976724109972,0.1262300606624887,0.21253733047200943
3,test,2016-06-28,esn_selected,-0.47885840096054044,0.0632299015478817,0.1091913817855663,0.18776486112884636
3,test,2016-06-29,esn_selected,-0.7110822556258052,-0.12334534050216137,0.0913618941392007,0.16444322823287974
3,test,2016-06-30,esn_selected,-0.9007493446139031,-0.25799104897391495,0.0779323561839546,0.1482054545712394
3,test,2016-07-01,esn_selected,-0.9039814007368672,-0.33628986531636773,0.0776219789925281,0.1369399018487351
3,test,2016-07-05,esn_selected,-0.9199193714790983,-0.3545584208793087,0.0767397862400617,0.13506839096569753
3,test,2016-07-06,esn_selected,-0.9555543785120019,-0.39337808820497977,0.0744715181871672,0.13065928228264004
3,test,2016-07-07,esn_selected,-0.9530255528209536,-0.4073476278221269,0.0745322389967308,0.12862609342481973
3,test,2016-07-08,esn_selected,-1.2009125267429528,-0.5298222654796918,0.0602608687766981,0.11789250232371987
3,test,2016-07-11,esn_selected,-1.2097968469832447,-0.558838735268751,0.0589886341868532,0.11310345107744162
3,test,2016-07-12,esn_selected,-1.3129200556619294,-0.602740956158161,0.0531433711091052,0.10811251345461195
3,test,2016-07-13,esn_selected,-1.2988324006202139,-0.6098771395055238,0.0538638961453104,0.10727715124869215
3,test,2016-07-14,esn_selected,-1.3247339286064184,-0.6515805648547527,0.0527326370477092,0.1033775609495652
3,test,2016-07-15,esn_selected,-1.3259778581375323,-0.6205677674991487,0.0526073468826763,0.10651287556906097
3,test,2016-07-18,esn_selected,-1.322379123413035,-0.6314238786172497,0.0527399862806467,0.10524902044560382
3,test,2016-07-19,esn_selected,-1.2607859678525137,-0.623497075233058,0.0557267815219153,0.1053986408925659
3,test,2016-07-20,esn_selected,-1.2905043378220435,-0.6405451819092375,0.0541746473522915,0.10376951044325396
3,test,2016-07-21,esn_selected,-1.3127738571310417,-0.5849388477277994,0.0530818308575933,0.10991086407300153
3,test,2016-07-22,esn_selected,-1.3305591282170524,-0.5830305216831108,0.0508886204886462,0.10746529293904744
3,test,2016-07-25,esn_selected,-1.0354977094229374,-0.3442284047498604,0.049964582536682,0.09974168658963375
3,test,2016-07-26,esn_selected,-0.9172120532820535,-0.1798275634854153,0.050445526305184,0.10545439207611301
3,test,2016-07-27,esn_selected,-0.7134921604845325,-0.03845324752825257,0.0534961654945476,0.10507232171434269
3,test,2016-07-28,esn_selected,-0.5371094819166511,0.08185124661616874,0.0533951008018273,0.09915454811879373
3,test,2016-07-29,esn_selected,-0.37602484577822864,0.18510651280573243,0.0535072081306445,0.0937796362433656
3,test,2016-08-01,esn_selected,-0.32287283833155833,0.2665388873901295,0.0562034297824012,0.10133070844666942
3,test,2016-08-02,esn_selected,-0.39510793810472816,0.3593922980709904,0.0516924823164486,0.10992656999417509
3,test,2016-08-03,esn_selected,-0.3661102962407088,0.37742307285716475,0.0516405104048561,0.1086182910217535
3,test,2016-08-04,esn_selected,-0.3695906720535516,0.39200860001228405,0.0515030535393879,0.11030401981835654
3,test,2016-08-05,esn_selected,-0.2807406644210075,0.3995168487542022,0.0455104643994273,0.08985522818758511
3,test,2016-08-08,esn_selected,-0.23340691951597564,0.452373522543151,0.0467090466781202,0.09273243532377216
3,test,2016-08-09,esn_selected,-0.13005583542796598,0.5028235357927029,0.046662345869831,0.08786635020765327
3,test,2016-08-10,esn_selected,-0.1461760393667787,0.5387514495669236,0.0465387074117678,0.0923154828889728
3,test,2016-08-11,esn_selected,0.6031420873698926,0.5324570992360149,0.096387512037813,0.0898095809683632
3,test,2016-08-12,esn_selected,0.7266739508434178,0.5325617388092466,0.1088020020458325,0.08960557359745214
3,test,2016-08-15,esn_selected,0.8212497951762042,0.5259617564673389,0.1198958819776459,0.0892405629005907
3,test,2016-08-16,esn_selected,0.754367827330127,0.544475283257594,0.118490012696051,0.0960564588775529
3,test,2016-08-17,esn_selected,0.8236640311903991,0.5309475222039526,0.12345504345311,0.0921263090758776
3,test,2016-08-18,esn_selected,0.8481501893942733,0.5054129015111284,0.1239632177660329,0.0879921497224164
3,test,2016-08-19,esn_selected,0.8894817191315885,0.5108674926830047,0.1238561797390548,0.08481791864113176
3,test,2016-08-22,esn_selected,0.9078066795966399,0.5589153995947629,0.1238561838393731,0.08737680031093228
3,test,2016-08-23,esn_selected,0.9456051685776636,0.5537062744252826,0.1298654917073521,0.08775951956024815
3,test,2016-08-24,esn_selected,0.8917836160617532,0.5690202886450975,0.1305026580032042,0.09450287591308434
3,test,2016-08-25,esn_selected,0.9045460581926712,0.571548012982649,0.1319291524540778,0.09456306907006516
3,test,2016-08-26,esn_selected,0.9246181455985829,0.5554772250961514,0.1348866130028343,0.09325088987152474
3,test,2016-08-29,esn_selected,0.8803268816468152,0.5058136114706793,0.1355451323372886,0.09320407040998896
3,test,2016-08-30,esn_selected,0.9714068104466487,0.5485365555046384,0.1365538676598894,0.08946512787798984
3,test,2016-08-31,esn_selected,0.9969676413829034,0.5679443565971216,0.1399484431007476,0.09112669640816994
3,test,2016-09-01,esn_selected,1.017488917989163,0.573123069717058,0.1424697955128076,0.09135601877767223
3,test,2016-09-02,esn_selected,1.1366863395715483,0.54944057905274,0.1418299246286685,0.07883703433802904
3,test,2016-09-06,esn_selected,1.1159841983342744,0.5413077870846793,0.1425826830352445,0.08025793631537516
3,test,2016-09-07,esn_selected,1.1229879435966377,0.5471421582994066,0.1434412415432291,0.08064684623367062
3,test,2016-09-08,esn_selected,1.12418727568976,0.5638915392608633,0.1432328545567125,0.08179171239768972
3,test,2016-09-09,esn_selected,0.17823742316744204,0.4735800026522224,0.1151935864132979,0.1547725550844138
3,test,2016-09-12,esn_selected,-0.03431309807281215,0.3200222833895783,0.1051319930469958,0.14983759668499333
3,test,2016-09-13,esn_selected,-0.15961249558514745,0.33553742974474965,0.1022081295785439,0.16769739679382897
3,test,2016-09-14,esn_selected,-0.14686654764489904,0.3469624616118152,0.1023053663255949,0.16763535887244102
3,test,2016-09-15,esn_selected,-0.24397642597019759,0.25110680619659537,0.0967277801695912,0.1586949610119035
3,test,2016-09-16,esn_selected,-0.25810573976060547,0.2231442154913704,0.0957632644826302,0.1549541251244978
4,val,2014-08-19,esn_selected,-0.7000047577057418,-0.2009396516339205,0.0539276977386832,0.08882865813710586
4,val,2014-08-20,esn_selected,-0.6573639389631352,-0.21902439414160907,0.0563431751022404,0.08733931121473226
4,val,2014-08-21,esn_selected,-0.6773075867629741,-0.24750152239727496,0.0554794635684378,0.08526968433904086
4,val,2014-08-22,esn_selected,-0.5608312966030892,-0.2619954633693552,0.0616842138952814,0.08316810149508773
4,val,2014-08-25,esn_selected,-0.5622931630993702,-0.2766646153978987,0.0624327315091786,0.08307287453069506
4,val,2014-08-26,esn_selected,-0.4635422740111605,-0.2803964128175348,0.0682537758662939,0.08197207313864185
4,val,2014-08-27,esn_selected,-0.19382749310625505,-0.27671731976610237,0.0893910251645713,0.08228019714619729
4,val,2014-08-28,esn_selected,0.130075079565013,-0.05165669427360561,0.0936810586467551,0.07811360536231701
4,val,2014-08-29,esn_selected,0.12783180950917714,0.007432906983265504,0.0933595938711127,0.0827695082158567
4,val,2014-09-02,esn_selected,0.18320917266032716,0.048779863412817606,0.0938106323152965,0.08201063149599447
4,val,2014-09-03,esn_selected,0.40992199764346293,0.13821525504269297,0.1055577320916601,0.0804431950884728
4,val,2014-09-04,esn_selected,0.4061955127838345,0.19775548328373693,0.1054341600827188,0.0855966933707167
4,val,2014-09-05,esn_selected,0.4718685699160831,0.2018019482083842,0.1112365366036563,0.08491003402437579
4,val,2014-09-08,esn_selected,0.668369560326344,0.3426342154272717,0.1109343034358647,0.0800941502047946
4,val,2014-09-09,esn_selected,0.7032426724511044,0.42397028196561826,0.1218498056051664,0.09215913344894622
4,val,2014-09-10,esn_selected,0.7913121976806721,0.43154540151993676,0.1358580420827155,0.09480704645690131
4,val,2014-09-11,esn_selected,0.9914225748162494,0.46533258622304846,0.1532881035821289,0.09057961539282008
4,val,2014-09-12,esn_selected,0.9938165018883057,0.4905264302265542,0.1572429059672958,0.09505937627819025
4,val,2014-09-15,esn_selected,1.0581587642750858,0.5202636987214044,0.167854421347131,0.09802298564697061
4,val,2014-09-16,esn_selected,1.0712697408952194,0.4545027012781548,0.1658178064041264,0.0894896158212667
4,val,2014-09-17,esn_selected,1.133289559205209,0.484001985519714,0.1674916966563762,0.08750064844622817
4,val,2014-09-18,esn_selected,1.083253564716109,0.42228738811099376,0.16645328203481,0.08594851937227752
4,val,2014-09-19,esn_selected,1.1289330571577236,0.44845789832301647,0.171562217254238,0.0868750452549454
4,val,2014-09-22,esn_selected,1.02998755275048,0.44166432138198686,0.1727793934407361,0.095937061488661
4,val,2014-09-23,esn_selected,1.0871620907707369,0.4952513876016086,0.1851658244613407,0.10244653665265054
4,val,2014-09-24,esn_selected,0.9962017808111924,0.36714459722354387,0.1848296402656501,0.098531604423576
4,val,2014-09-25,esn_selected,0.7016449455211737,0.3076436828989121,0.1803077716012373,0.12159112362721351
4,val,2014-09-26,esn_selected,0.6540190642629471,0.2540535877382701,0.180172564653674,0.12077745141839888
4,val,2014-09-29,esn_selected,0.6571802608198823,0.2912482871681802,0.1801228104734283,0.12492417147125376
4,val,2014-09-30,esn_selected,0.6757129923866919,0.30234184346001536,0.184378589040037,0.12692800601615414
4,val,2014-10-01,esn_selected,0.5224387240671362,0.18995244172867284,0.1779845503838258,0.12763957459958183
4,val,2014-10-02,esn_selected,0.5316606351660706,0.16944707949927496,0.179423210227479,0.12490254116914026
4,val,2014-10-03,esn_selected,0.47992526384362016,0.0037486170060100103,0.1797530848370863,0.1116543023090643
4,val,2014-10-06,esn_selected,0.48243636941606843,0.08117029044140381,0.1797154082790584,0.1203144167274995
4,val,2014-10-07,esn_selected,0.34159464519430893,0.08376700057274687,0.1714658000158242,0.13249649407712186
4,val,2014-10-08,esn_selected,0.17346932828499945,-0.07888428874899026,0.1615928436332248,0.12555278197035286
4,val,2014-10-09,esn_selected,-0.05010043071871035,-0.039468128145706306,0.1457975112690859,0.1473559447100558
4,val,2014-10-10,esn_selected,-0.11596151763576006,-0.007416102516421859,0.1400263002425797,0.1560810898552063
4,val,2014-10-13,esn_selected,-0.27440593189359275,-0.008028367576862872,0.1275733039395069,0.16651221940768005
4,val,2014-10-14,esn_selected,-0.2627712527524836,0.004411076867253803,0.1275002571004617,0.16655085707695036
4,val,2014-10-15,esn_selected,-0.2905582982944238,0.10076357469388937,0.1252579836363584,0.18524834912481095
4,val,2014-10-16,esn_selected,-0.2841249636142627,0.1359912753467529,0.1252848215953006,0.19070084755069386
4,val,2014-10-17,esn_selected,-0.3729728912846286,-0.02693771839586111,0.1181521372018595,0.16700241363957533
4,val,2014-10-20,esn_selected,-0.42386607116652636,-0.1821099505584743,0.1130861058454188,0.14401329875526014
4,val,2014-10-21,esn_selected,-0.705810299148481,-0.41961559582601793,0.0914179156464412,0.12170939270818923
4,val,2014-10-22,esn_selected,-0.741832103209291,-0.3491504142770152,0.0880233776388336,0.13035794934224032
4,val,2014-10-23,esn_selected,-0.8363368318933937,-0.43556594573177526,0.0781264291578581,0.11664081870032803
4,val,2014-10-24,esn_selected,-0.8678689056662162,-0.5103878141626136,0.0756446092412871,0.10815087792165327
4,val,2014-10-27,esn_selected,-0.8610728397577286,-0.5652118739807025,0.0761394143286977,0.10235293877298007
4,val,2014-10-28,esn_selected,-1.0497520661785102,-0.6997382135125775,0.0645370273613629,0.09158366988038172
4,val,2014-10-29,esn_selected,-1.0080803840389065,-0.6563672744501928,0.0649499106141263,0.09232634017540617
4,val,2014-10-30,esn_selected,-1.073566870119385,-0.6790202490338519,0.0613245620157799,0.09098794900101433
4,val,2014-10-31,esn_selected,-1.2329195928069436,-0.7726981348982763,0.0523873193794974,0.08300376957862966
4,val,2014-11-03,esn_selected,-1.1466613112606403,-0.7679996174449113,0.057094810225509,0.08337720220384714
4,val,2014-11-04,esn_selected,-1.093961166911932,-0.716515541673093,0.0574217219538682,0.0837526898858475
4,val,2014-11-05,esn_selected,-1.114042849470415,-0.6796173189918192,0.0530395048903809,0.08189701486555388
4,val,2014-11-06,esn_selected,-1.0418626816178285,-0.5823526198831063,0.0514369130957508,0.08143996557194327
4,val,2014-11-07,esn_selected,-0.9061941322064969,-0.5143429503209909,0.056578900421481,0.08372078830644376
4,val,2014-11-10,esn_selected,-0.8319342983274477,-0.43488551793264735,0.0555207505089306,0.08258314585056267
4,val,2014-11-11,esn_selected,-0.46909316152720765,-0.3757169060710597,0.0797602467690375,0.0875667600982669
4,val,2014-11-12,esn_selected,-0.42769471037605455,-0.3259139557441152,0.0816695125781503,0.09041964211207691
4,val,2014-11-13,esn_selected,-0.2254742631322949,-0.2778299840476367,0.0999945270431763,0.0948939292884763
4,val,2014-11-14,esn_selected,-0.1378131696523074,-0.23067656230373526,0.1029414029251076,0.09381235183806916
4,val,2014-11-17,esn_selected,-0.057082769512650365,-0.15218938068260512,0.1068116237974082,0.09712124500645146
4,val,2014-11-18,esn_selected,0.3165587147088197,-0.009124276516110672,0.1254616567013778,0.09058758713956816
4,val,2014-11-19,esn_selected,0.5489331034261565,0.08759787187717984,0.1524040987553556,0.09608183786371588
4,val,2014-11-20,esn_selected,0.6722466016492018,0.14177144038651165,0.1530209748866895,0.09002611919428218
4,val,2014-11-21,esn_selected,0.7025288906925087,0.21367971842256492,0.1527152489191577,0.09366512270139629
4,val,2014-11-24,esn_selected,0.6943767239304642,0.20568032533810052,0.1524661772346396,0.09352664642829668
4,val,2014-11-25,esn_selected,0.8595641742005968,0.2892147965404822,0.1524449124430463,0.08618136088418935
4,val,2014-11-26,esn_selected,0.8542257337020611,0.3053061994903902,0.1526033544506124,0.08813965686867652
4,val,2014-11-28,esn_selected,0.9109311824535871,0.3885410996078442,0.1524919229763309,0.09044315643818253
4,val,2014-12-01,esn_selected,1.0630854629651654,0.5013734703624516,0.1516765098719899,0.0864907987830051
4,val,2014-12-02,esn_selected,0.9927396039085156,0.48832741063642976,0.1540770538905998,0.09304103514431042
4,val,2014-12-03,esn_selected,0.9830964617373078,0.49630690306788616,0.1534721511335981,0.09432342480527667
4,val,2014-12-04,esn_selected,1.142339012610227,0.5204072754378586,0.1662306071147903,0.08925025578785332
4,val,2014-12-05,esn_selected,1.1932779418893742,0.536939331051499,0.1696324453541363,0.08799635554660917
4,val,2014-12-08,esn_selected,1.1211894588988522,0.5091383136338917,0.1736124628975583,0.0941391912745995
4,val,2014-12-09,esn_selected,1.200795249384146,0.5674910133007601,0.1844820342320939,0.09792950148736913
4,val,2014-12-10,esn_selected,0.8007766796659601,0.4905742850915812,0.1776476153742874,0.13026873442340003
4,val,2014-12-11,esn_selected,0.7843099235090455,0.48149029484063677,0.178929288713588,0.13218085044403016
4,val,2014-12-12,esn_selected,0.5284405081358537,0.425895436299251,0.1696192065406028,0.15308768950315052
4,val,2014-12-15,esn_selected,0.49701364740538445,0.3554261025708985,0.1692155879187775,0.14687560811888134
4,val,2014-12-16,esn_selected,0.46445829421486573,0.40694297737977525,0.169953530872144,0.16045439117258475
4,val,2014-12-17,esn_selected,0.25616143918531503,0.21721697671662937,0.162091603120042,0.1559003723287555
4,val,2014-12-18,esn_selected,-0.10544675015539934,0.11550114718981003,0.1371518611480108,0.17106381684419056
4,val,2014-12-19,esn_selected,-0.1069541563592588,0.042864844676159614,0.137499577778456,0.15972280554480012
4,val,2014-12-22,esn_selected,-0.04331790569495521,-0.12022741291756137,0.1462411780825889,0.1354154765342653
4,val,2014-12-23,esn_selected,-0.033386395392955175,-0.16702069878949935,0.1474599166658001,0.12901414945365933
4,val,2014-12-24,esn_selected,-0.0316667378403989,-0.2863182774371189,0.1476931134307591,0.11448971841605336
4,val,2014-12-26,esn_selected,0.013063668983713372,-0.3384351754337448,0.1546099926499969,0.10878864086510971
4,val,2014-12-29,esn_selected,0.05544039311858791,-0.3370799804530924,0.1611848791177497,0.10885662507619136
4,val,2014-12-30,esn_selected,0.07413568785626039,-0.31570907454602165,0.1633484609629127,0.11061336845447862
4,val,2014-12-31,esn_selected,0.07256814205686012,-0.20880378310010395,0.1656738288975758,0.12504192037981327
4,val,2015-01-02,esn_selected,0.11005562259830944,-0.2217737340806338,0.1713271261314742,0.12294601918750227
4,val,2015-01-05,esn_selected,0.004025718728317744,-0.12077513257609741,0.1669011535932344,0.14731908656659115
4,val,2015-01-06,esn_selected,-0.034379804665182985,-0.052470770911194516,0.1638996262757188,0.16096118344550236
4,val,2015-01-07,esn_selected,-0.07003672564219571,-0.21430351896390318,0.161869242603284,0.14012320503515144
4,val,2015-01-08,esn_selected,-0.20914099345967832,-0.4689613187703112,0.1496667401185435,0.11542151377212204
4,val,2015-01-09,esn_selected,-0.18409933965158556,-0.3898369840790192,0.1477767308761599,0.12029714797942355
4,val,2015-01-12,esn_selected,-0.17693956021621438,-0.26910227328730235,0.1499124013426392,0.136713626341408
4,val,2015-01-13,esn_selected,-0.1256397830045538,-0.1109927046421622,0.1495926869099072,0.1517999079263905
4,val,2015-01-14,esn_selected,-0.1080266870339496,-0.12126417451506699,0.1518885279537053,0.1498911547346203
4,val,2015-01-15,esn_selected,-0.13125106418139726,-0.0694631525494116,0.1490488325805143,0.15854871548689203
4,val,2015-01-16,esn_selected,-0.1337340285311408,-0.11896409694767941,0.1418014157601218,0.1439113564521917
4,val,2015-01-20,esn_selected,0.031950820173628984,0.02629665594039065,0.1416047332530541,0.14080633609639454
4,val,2015-01-21,esn_selected,0.021471826574126926,0.004683173494587549,0.140483869306161,0.13814502234139653
4,val,2015-01-22,esn_selected,-0.10198806514111627,-0.11637567275634861,0.1320616816075771,0.13017523323273492
4,val,2015-01-23,esn_selected,-0.12132037734955953,-0.11206953893270731,0.1306126418087685,0.13182652431199493
4,val,2015-01-26,esn_selected,-0.12194075724594111,-0.187202443610186,0.1307380634458273,0.12247833037707152
4,val,2015-01-27,esn_selected,-0.2370214416909854,-0.08945606515294409,0.1219833216845844,0.14137977431242474
4,val,2015-01-28,esn_selected,-0.3540095420841325,0.04619331684658205,0.1131305522625557,0.16880519209076433
4,val,2015-01-29,esn_selected,-0.4046538597149282,-0.0010015745421658347,0.1089873539371416,0.16318493720719557
4,val,2015-01-30,esn_selected,-0.48721067133377266,0.06383019708752051,0.1017796617634032,0.1765936210042393
4,val,2015-02-02,esn_selected,-0.6101431275208997,0.02149718975430987,0.093077419985785,0.17505005070845395
4,val,2015-02-03,esn_selected,-0.7439745924768744,-0.1102180479481226,0.0793149908144812,0.1494831525606538
4,val,2015-02-04,esn_selected,-0.7393865471297218,-0.05355237216110377,0.078246778435587,0.15535329307430543
4,val,2015-02-05,esn_selected,-0.6335745738847373,-0.19320181073753775,0.0859026167270998,0.13343134209904797
4,val,2015-02-06,esn_selected,-0.5472038261935769,-0.11814315255547139,0.0865919853747772,0.13298920204420878
4,val,2015-02-09,esn_selected,-0.3606960567062943,-0.037710916546416395,0.1030285879726618,0.14230770403392828
4,val,2015-02-10,esn_selected,-0.44282662459439004,-0.11119957043100115,0.0962765238684172,0.1341356447267187
4,val,2015-02-11,esn_selected,-0.3426944724921934,-0.13046438692577864,0.1061891255444,0.13129566872326345
4,val,2015-02-12,esn_selected,-0.3888039401330298,-0.24886892252883872,0.1029602450094015,0.1184247763825004
4,val,2015-02-13,esn_selected,-0.2830689691946472,-0.30251664639280595,0.1123034989578225,0.11014055703054673
4,val,2015-02-17,esn_selected,-0.230040498229659,-0.194444646043017,0.1126614270232277,0.11674393565582497
4,val,2015-02-18,esn_selected,-0.16237369871422214,-0.1995254630571325,0.1203815050959256,0.11599117893744301
4,val,2015-02-19,esn_selected,-0.14564084641141214,-0.20727427586716796,0.1214438269887175,0.11418482381532741
4,val,2015-02-20,esn_selected,-0.06640631656286847,-0.22736715417922457,0.1235767946424335,0.10520406541323664
4,val,2015-02-23,esn_selected,-0.05381406013922447,-0.20885109840881796,0.1237696219314665,0.10599425681695315
4,val,2015-02-24,esn_selected,-0.04513072473459623,-0.23378523386235517,0.1249689218369663,0.10348333362464777
4,val,2015-02-25,esn_selected,0.10491826622695115,-0.18569043058938048,0.1354770961747354,0.10131088892109662
4,val,2015-02-26,esn_selected,0.18172935656954253,-0.11396344605308277,0.135676291389249,0.10094532519225423
4,val,2015-02-27,esn_selected,0.21684211019470814,-0.10205084793206554,0.1353784198115381,0.09841379709813781
4,val,2015-03-02,esn_selected,0.3208929344510527,-0.060929013132586855,0.1402888108596878,0.09576346883093954
4,val,2015-03-03,esn_selected,0.4291622081444961,0.11347898658720251,0.1429641397667498,0.10426237997565684
4,val,2015-03-04,esn_selected,0.5875323009640405,0.2511991696143342,0.1427306733121168,0.10196466377298805
4,val,2015-03-05,esn_selected,0.6046443609071268,0.2700885928245476,0.1432386355305345,0.10250957934592628
4,val,2015-03-06,esn_selected,0.4611935688770865,0.33216805027685026,0.1362386135647382,0.11974713860708075
4,val,2015-03-09,esn_selected,0.4497659293291733,0.31614228689794865,0.1357714819874942,0.1187890879631898
4,val,2015-03-10,esn_selected,0.17967772492567904,0.3035501630529923,0.1233078689620185,0.1395686599088841
4,val,2015-03-11,esn_selected,0.2533063645293537,0.34613790956209334,0.1240309178955625,0.13609625835869557
4,val,2015-03-12,esn_selected,0.0990185946959489,0.15162826482105665,0.1172420149525509,0.12357521170754626
4,val,2015-03-13,esn_selected,0.12183356816967462,0.257060136779384,0.116300401420178,0.13314024944442213
4,val,2015-03-16,esn_selected,-0.05280875017253572,0.1510452875291023,0.1065267650207923,0.13061450905328212
4,val,2015-03-17,esn_selected,-0.04982186054498132,0.16951800136118447,0.1071859567380524,0.13347378631699902
4,val,2015-03-18,esn_selected,-0.2012086140197386,0.02565635349129475,0.0984409912340179,0.12351001703900229
4,val,2015-03-19,esn_selected,-0.14147039355020066,0.0282647043300209,0.1054230637168326,0.1249253714853077
4,val,2015-03-20,esn_selected,-0.1557694475135348,-0.10777813937432382,0.1057516408663064,0.11095055397838002
4,val,2015-03-23,esn_selected,-0.1586738214562798,-0.12388048488018649,0.1056094787871063,0.10934865696484616
4,val,2015-03-24,esn_selected,-0.17269703295658925,-0.09015572841510244,0.1051479123705566,0.11419521003269013
4,val,2015-03-25,esn_selected,-0.39142016557247794,0.009066334180661894,0.0915955260775378,0.1367109616691302
4,val,2015-03-26,esn_selected,-0.39312399383961993,0.038745729894293174,0.0915740417325917,0.14103633723366446
4,val,2015-03-27,esn_selected,-0.381897456433983,-0.021181192169368295,0.092404576841154,0.132541098487905
4,val,2015-03-30,esn_selected,-0.5304216486845336,-0.1403206702619329,0.0825398810916796,0.12192212998455658
4,val,2015-03-31,esn_selected,-0.6081787833413927,-0.07681651018196275,0.077821290036875,0.13239333704033027
4,val,2015-04-01,esn_selected,-0.521710290141087,-0.07740108795829692,0.0847113132209644,0.13209988791679894
4,val,2015-04-02,esn_selected,-0.4417339756343889,-0.13321932054224708,0.0920910759821593,0.12537292537476444
4,val,2015-04-06,esn_selected,-0.4201108519179299,-0.07997413976135359,0.089505225402876,0.12576734352212607
4,val,2015-04-07,esn_selected,-0.3265063274052079,-0.07403083927001554,0.0979509521945659,0.12608324377751173
4,val,2015-04-08,esn_selected,-0.22641735575728938,-0.06931566936737282,0.0983238745491948,0.11505020040904398
4,val,2015-04-09,esn_selected,-0.23477117091453184,-0.12118413708537293,0.0980776685965242,0.10987537130146126
4,val,2015-04-10,esn_selected,-0.0934800921345012,-0.12179667041417525,0.1067788859754798,0.1037976812492448
4,val,2015-04-13,esn_selected,-0.08400017148786885,0.0057271229103486344,0.1069302058248868,0.11696837908292111
4,val,2015-04-14,esn_selected,0.006624551929616856,0.07266685242166637,0.1072347997245766,0.11455592374519101
4,val,2015-04-15,esn_selected,-0.010626291777992222,0.028954828084186666,0.1060529977247174,0.1103348758982022
4,val,2015-04-16,esn_selected,0.13135002559488143,0.07792239341587003,0.1122588449601267,0.10641852706618996
4,val,2015-04-17,esn_selected,-0.0083428408751556,0.20060652419332162,0.1045471945703835,0.12884214298037977
4,val,2015-04-20,esn_selected,-0.055468821250688444,0.12558677752885458,0.1000454430255641,0.11990264379628851
4,val,2015-04-21,esn_selected,-0.05495046259477399,0.14233152545442307,0.099962754927953,0.12176338008338312
4,val,2015-04-22,esn_selected,-0.06563135007069079,0.10223457392528075,0.0984684998011506,0.11646637701704522
4,val,2015-04-23,esn_selected,0.07374436207395821,0.16014379754123143,0.0986054753118487,0.1075038032573717
4,val,2015-04-24,esn_selected,0.07420505043761391,0.1375831105865612,0.0986277729391574,0.10508094468277604
4,val,2015-04-27,esn_selected,0.12578434935889887,0.17395340886144595,0.1047902632543864,0.10996145762823234
4,val,2015-04-28,esn_selected,0.28215693818476756,0.17799209912334038,0.1094467929348563,0.09861996075282413
4,val,2015-04-29,esn_selected,0.3326837887338175,0.2880924999152409,0.108537836244856,0.10380431544929378
4,val,2015-04-30,esn_selected,0.21320593885667646,0.33435076823811427,0.1048420675987773,0.1183445078768429
4,val,2015-05-01,esn_selected,0.06088332827743201,0.18312522440144827,0.0978720850968505,0.11059813961376101
4,val,2015-05-04,esn_selected,0.08467322629283679,0.21459945609185688,0.0974140289098886,0.11092967745013682
4,val,2015-05-05,esn_selected,-0.09677451493625855,0.23818781069666267,0.0889160219452957,0.12429461516148811
4,val,2015-05-06,esn_selected,-0.05856082798665197,0.3181693916892454,0.0927312981568622,0.135156891607557
4,val,2015-05-07,esn_selected,-0.06561373572281436,0.2771828428906496,0.0918490038089799,0.12940442067742408
4,val,2015-05-08,esn_selected,-0.26137896830237006,0.016809172858874805,0.0822185743463856,0.10858892070250556
4,val,2015-05-11,esn_selected,-0.2847979819318082,0.08282829313070399,0.0804292855254069,0.11616419132324451
4,val,2015-05-12,esn_selected,-0.1722275936912856,0.10974013227352997,0.0902689210319504,0.11967275219538599
4,val,2015-05-13,esn_selected,-0.15322912048658358,0.1228618265240081,0.0909863802026697,0.11991711241263342
4,val,2015-05-14,esn_selected,-0.24848384262655052,-0.04148178776946939,0.0875599304081284,0.10769740969089106
4,val,2015-05-15,esn_selected,-0.16332337786165246,0.004205327227314757,0.0887936567343997,0.10498777547839612
4,val,2015-05-18,esn_selected,-0.10363061676314694,0.04019593140213541,0.0901967951778597,0.10414877902720421
4,val,2015-05-19,esn_selected,-0.10086951707641023,0.08196157107793423,0.0903714273964174,0.10850098344715983
4,val,2015-05-20,esn_selected,-0.009717019957523993,0.11997995925722878,0.0975163131240161,0.111020698545985
4,val,2015-05-21,esn_selected,-0.003654232415652302,0.04900212067157706,0.0982458055462963,0.10355769647852757
4,val,2015-05-22,esn_selected,0.00925434319468387,0.03776661866014882,0.0995447446395401,0.10242384157820227
4,val,2015-05-26,esn_selected,-0.13140271564578174,0.18085288356247337,0.0918868697776614,0.1255637682730459
4,val,2015-05-27,esn_selected,-0.2025796129417706,0.12292182677682852,0.0893766005362656,0.12376199780025264
4,val,2015-05-28,esn_selected,-0.18797156906646317,0.135189738591822,0.0899386044058351,0.12424911869256464
4,val,2015-05-29,esn_selected,-0.18450063081714013,0.17653876559523268,0.0871782147551351,0.12508504492023342
4,val,2015-06-01,esn_selected,0.16059205720707687,0.24740047984201963,0.1149219760740503,0.12534398675480926
4,val,2015-06-02,esn_selected,0.16689479949486424,0.2611247419531871,0.1151073341784553,0.1264813638805277
4,val,2015-06-03,esn_selected,0.2844481780480067,0.25564880757540626,0.118171921818475,0.11481718389880198
4,val,2015-06-04,esn_selected,0.20924592097475217,0.30229681818804605,0.1143143334565366,0.12546199226450183
4,val,2015-06-05,esn_selected,0.22130314224237027,0.298089314991683,0.1146001494061047,0.12374652011211726
4,val,2015-06-08,esn_selected,0.33266633630115683,0.3795586262429376,0.1146687546987339,0.12017390091851363
4,val,2015-06-09,esn_selected,0.4758672460155864,0.4045168400716269,0.1294436438386278,0.12052957973222134
4,val,2015-06-10,esn_selected,0.3053071796970287,0.22391081597449647,0.1224986986006028,0.11292275970276393
4,val,2015-06-11,esn_selected,0.35529364600431956,0.19015904163083658,0.1298011252342318,0.11004274363812797
4,val,2015-06-12,esn_selected,0.416138615279968,0.26168152807598993,0.1327492609856731,0.11375022159756915
4,val,2015-06-15,esn_selected,0.4022534783571778,0.3411350544286456,0.1327634127433335,0.12489211301044499
4,val,2015-06-16,esn_selected,0.3759380407248244,0.30960457244859535,0.1313587246686179,0.12292795704672005
4,val,2015-06-17,esn_selected,0.39588616618384337,0.30334992918361725,0.1342648464018739,0.12239800586560412
4,val,2015-06-18,esn_selected,0.2811852300729162,0.13664461563123925,0.1291797581196444,0.11179471567552601
4,val,2015-06-19,esn_selected,0.26630658305812765,0.16689138171338477,0.1282240521617518,0.11608978959411778
4,val,2015-06-22,esn_selected,0.24915622940243784,0.07136446436099737,0.1277101786467641,0.10690832615396488
4,val,2015-06-23,esn_selected,0.3302570569844425,0.11224776440049802,0.1278445664002315,0.10280211311955152
4,val,2015-06-24,esn_selected,0.3496936498303981,0.18718416737225765,0.1267925845444411,0.10777471500996999
4,val,2015-06-25,esn_selected,0.3809490600819574,0.23579760964812832,0.1316407108951114,0.1138549049246488
4,val,2015-06-26,esn_selected,0.4243323856459614,0.2696951683402338,0.1332579674572042,0.11416555562700138
4,val,2015-06-29,esn_selected,0.028309435906344063,0.1976762760301574,0.1182218406628296,0.14004022534154845
4,val,2015-06-30,esn_selected,0.0455539623859228,0.22492191239521575,0.1204721970146835,0.14414027338379465
4,val,2015-07-01,esn_selected,-0.009159173998159001,0.02279476970242203,0.1170945062751217,0.12089655932776425
4,val,2015-07-02,esn_selected,0.02470355944887995,0.08979305924382622,0.1171734744673753,0.1250539224958916
4,val,2015-07-06,esn_selected,0.023715629021551905,0.10304023577646974,0.1173504476585392,0.12703839248102594
4,val,2015-07-07,esn_selected,0.006622984953326497,0.05276841147299349,0.1154307246080951,0.12088213616550758
4,val,2015-07-08,esn_selected,-0.2654471938389701,0.09360596685970723,0.0992655328776698,0.14214555539002777
4,val,2015-07-09,esn_selected,-0.17077902535929615,0.1544793070284697,0.1032673628501118,0.1429621218905546
4,val,2015-07-10,esn_selected,-0.3282977542238169,-0.036811213998249,0.0934760934891216,0.125109863491264
4,val,2015-07-13,esn_selected,-0.3252601075622195,-0.2409122213905331,0.0958900272726377,0.10432905261207727
4,val,2015-07-14,esn_selected,-0.28370164556675453,-0.3121784160881137,0.0999696907019772,0.09716302875861776
4,val,2015-07-15,esn_selected,-0.27223184226192715,-0.32205119715799435,0.1000530049159669,0.09519055644067724
4,val,2015-07-16,esn_selected,-0.3349613024487368,-0.41830365326181174,0.0960484750584088,0.08836806615031373
4,val,2015-07-17,esn_selected,-0.2878856587519289,-0.36452840020993077,0.0968650961756509,0.08971845667780955
4,val,2015-07-20,esn_selected,-0.2602173403864379,-0.3601430016910042,0.0988458732224413,0.08944609376888177
4,val,2015-07-21,esn_selected,-0.2609038643958196,-0.3566385974594759,0.0983821714271141,0.08940037438253667
4,val,2015-07-22,esn_selected,-0.22449393365952935,-0.371710538432988,0.1021376350933824,0.08815570822827519
4,val,2015-07-23,esn_selected,-0.013720108316172258,-0.34030403582798385,0.1250648559648453,0.09021976461398717
4,val,2015-07-24,esn_selected,0.21864996449328436,-0.2589861318926752,0.1638131237610726,0.10160474049436247
4,val,2015-07-27,esn_selected,0.5009489917171029,-0.12375934163146018,0.2199138428580392,0.11774573517579977
4,val,2015-07-28,esn_selected,0.6203331936036096,-0.0783205660386733,0.2198391315575895,0.10931594845566066
4,val,2015-07-29,esn_selected,0.7544096285063663,-0.105305491612132,0.2561667564109937,0.10843094345826045
4,val,2015-07-30,esn_selected,0.8371058052814171,-0.08812940505384918,0.2704499788107197,0.10721669244638457
4,val,2015-07-31,esn_selected,0.8362330536962223,-0.09776390294163319,0.2703962776949788,0.1062602869547172
4,val,2015-08-03,esn_selected,0.8393883481002956,-0.07823209676995488,0.2716604891855252,0.10851979950501923
4,val,2015-08-04,esn_selected,0.9284162065330129,-0.08394952280464535,0.2920972426515595,0.1061359734294441
4,val,2015-08-05,esn_selected,1.1039751935162254,-0.0526186130330748,0.2993979435477862,0.09417735847822838
4,val,2015-08-06,esn_selected,1.059715420532935,0.0559725283664387,0.2979831083273121,0.10921232347372443
4,val,2015-08-07,esn_selected,1.1753165256626026,0.16911159593829705,0.3027847765351801,0.11069927770889378
4,val,2015-08-10,esn_selected,1.1804259191516528,0.05418688479959155,0.3121949725751525,0.10122936374820202
4,val,2015-08-11,esn_selected,1.1451247286113324,0.15493382430206665,0.3141880762909201,0.11672268075693397
4,val,2015-08-12,esn_selected,1.1460767355543169,0.18762740587901974,0.3147494200268197,0.12070233828301992
4,val,2015-08-13,esn_selected,1.1881312719706647,0.20807141643173124,0.3151296950861016,0.11826459314065545
4,val,2015-08-14,esn_selected,1.17970312835327,0.16689420684848674,0.315141699630612,0.11445863098524627
4,val,2015-08-17,esn_selected,1.1672201441499692,0.17285289900907447,0.3175965749076335,0.11749722307234288
4,val,2015-08-18,esn_selected,1.1760308612146175,0.17772876807966428,0.3189041106975884,0.11751763072343822
4,val,2015-08-19,esn_selected,1.1349678135197534,0.26675070810458457,0.3177576803715317,0.1333626321568193
4,val,2015-08-20,esn_selected,0.9214877513985437,0.24974101420260417,0.3142912808295627,0.1605448695675606
4,val,2015-08-21,esn_selected,0.5855152933392818,0.24270404251609382,0.2941946379664001,0.20881116595341653
4,val,2015-08-24,esn_selected,0.16108052846081425,0.31202291189477915,0.2583502893529302,0.3004432121270622
4,val,2015-08-25,esn_selected,0.14765252761549721,0.3144136520034657,0.2548177506500748,0.3010600392157211
4,val,2015-08-26,esn_selected,-0.1646159239070506,0.17759409254075642,0.2172856181444432,0.305950314295982
4,val,2015-08-27,esn_selected,-0.30564234150278774,0.062441182775330235,0.1992269881125729,0.2878755713183508
4,val,2015-08-28,esn_selected,-0.21216621727855373,-0.05118956741226895,0.2187046874892904,0.2569031102107933
4,val,2015-08-31,esn_selected,-0.22552764070758494,-0.08249213793386746,0.216810878179679,0.2501500523443298
4,val,2015-09-01,esn_selected,-0.381986771455977,-0.09713678329706052,0.1993575603574442,0.2650583489088234
4,val,2015-09-02,esn_selected,-0.46490375033038067,-0.167226406316461,0.1880804605749824,0.25329306982199806
4,val,2015-09-03,esn_selected,-0.42255592893493993,-0.2550801905788692,0.1952890702663251,0.23089351052988805
4,val,2015-09-04,esn_selected,-0.425741039075476,-0.31589036830859873,0.1978049028090887,0.22077230501438397
4,val,2015-09-08,esn_selected,-0.5645512304443716,-0.48393396107151276,0.1775188276022089,0.19242259013079896
4,val,2015-09-09,esn_selected,-0.5943879102487841,-0.4261585236663087,0.1734004857083007,0.20516884043020286
4,val,2015-09-10,esn_selected,-0.5855388840843351,-0.5005844451024946,0.1752542797057309,0.19079363237738625
4,val,2015-09-11,esn_selected,-0.5909080056227959,-0.584456259492877,0.1745264452546166,0.17565608573070116
4,val,2015-09-14,esn_selected,-0.593628041338668,-0.5646481639588058,0.1740590024780623,0.17917701249348883
4,val,2015-09-15,esn_selected,-0.6257495843200833,-0.634690989699991,0.1698698168917325,0.16835771224164325
4,val,2015-09-16,esn_selected,-0.6412013327756682,-0.676766444961253,0.1679538318799192,0.16208550736312133
4,val,2015-09-17,esn_selected,-0.5892842480765347,-0.6954046774769218,0.1762678710913486,0.15852057623590626
4,val,2015-09-18,esn_selected,-0.6319534097058578,-0.6452494152300762,0.1670622992343775,0.16485573970163267
4,val,2015-09-21,esn_selected,-0.5718527445353765,-0.6355923519466635,0.1660665875350695,0.15581185633362715
4,val,2015-09-22,esn_selected,-0.4820530286844195,-0.48071828393387855,0.1595350019403717,0.15974808261926357
4,val,2015-09-23,esn_selected,-0.459709063633751,-0.4568412856202119,0.160909086065719,0.1613711999081677
4,val,2015-09-24,esn_selected,-0.2391801214920975,-0.26591229745197165,0.1710631145339196,0.16655080587868462
4,val,2015-09-25,esn_selected,-0.12747117263937435,-0.16461508712841283,0.1753832616556395,0.16898834217622588
4,val,2015-09-28,esn_selected,-0.372767461745635,-0.0027317510202645333,0.1506493421961387,0.21810805603143008
4,val,2015-09-29,esn_selected,-0.3631283293926563,0.05514232419154758,0.1507913532923221,0.2291021029516201
4,val,2015-09-30,esn_selected,-0.34226560485227314,-0.021596228411231804,0.1415756769141231,0.19509834597097342
4,val,2015-10-01,esn_selected,-0.2860699041027482,0.04097955836260447,0.1412879418680353,0.19594801832273032
4,val,2015-10-02,esn_selected,-0.39158447675710056,-0.048283971935809654,0.1320124710455441,0.18608376104832663
4,val,2015-10-05,esn_selected,-0.47111385999261296,-0.12183766952779922,0.1234908847421145,0.17511511121485832
4,val,2015-10-06,esn_selected,-0.36431556895432565,-0.07156882093323078,0.1233173489341575,0.1652579940999163
4,val,2015-10-07,esn_selected,-0.36516839965242764,-0.13332708007352592,0.1203537672001338,0.15175642757039465
4,val,2015-10-08,esn_selected,-0.411750518964744,-0.1650195389959547,0.1161041260958046,0.1485940969691275
4,val,2015-10-09,esn_selected,-0.40762713102731574,-0.1882220340177146,0.116099681789612,0.1445830734141591
4,val,2015-10-12,esn_selected,-0.3658488299235469,-0.2525473348244824,0.1207286549749149,0.13521241706818649
4,val,2015-10-13,esn_selected,-0.35669519650956893,-0.16200245257047363,0.1189064636382491,0.14446393738401198
4,val,2015-10-14,esn_selected,-0.3487385327165923,-0.1384559415314856,0.1185044601994559,0.1462376721936205
4,val,2015-10-15,esn_selected,-0.41281112256338004,-0.239717215607525,0.116651832794034,0.1386964340531376
4,val,2015-10-16,esn_selected,-0.31196567281824644,-0.24642132157312513,0.1222907149264632,0.13057469918993012
4,val,2015-10-19,esn_selected,-0.2182928284238641,-0.2439660406473147,0.133499269942653,0.13011553636232112
4,val,2015-10-20,esn_selected,-0.17865037949902696,-0.1576089569321863,0.1334347996699528,0.13627220450638322
4,val,2015-10-21,esn_selected,-0.11786046672586054,-0.12041487972592275,0.1430192241648487,0.14265436020440064
4,val,2015-10-22,esn_selected,-0.2736797915849358,-0.25412292236187195,0.1301064273776481,0.13267594573348399
4,val,2015-10-23,esn_selected,-0.3395499421139663,-0.2609852985316646,0.1248887952966476,0.13509636617354825
4,val,2015-10-26,esn_selected,-0.18944583504156698,-0.23083576681742266,0.1246499070258183,0.11959596844703005
4,val,2015-10-27,esn_selected,-0.1911786725864219,-0.22808908207443718,0.1245513950581085,0.12003796082257333
4,val,2015-10-28,esn_selected,-0.18295557293680473,-0.22040808221282956,0.1179049534154644,0.1135707863822066
4,val,2015-10-29,esn_selected,-0.18047534349419073,-0.19529010010730413,0.1179575254032381,0.1162228941693334
4,val,2015-10-30,esn_selected,-0.11318156517995338,-0.11850011236784586,0.1178856197908816,0.11726030391925736
4,val,2015-11-02,esn_selected,-0.0688231647709298,-0.10673325156666112,0.1152777208361472,0.11098933260330922
4,val,2015-11-03,esn_selected,-0.023454523001821666,-0.058652471482240426,0.1204586550375156,0.11629250753564614
4,val,2015-11-04,esn_selected,0.07703776009047311,0.03117220101611421,0.1299920410470631,0.12416454562516151
4,val,2015-11-05,esn_selected,0.2354151859937406,0.04934539282963176,0.1469221145273538,0.12197703875040304
4,val,2015-11-06,esn_selected,0.2460397733456028,0.02222690465974522,0.1484857391862434,0.11870911068311364
4,val,2015-11-09,esn_selected,0.1946864785470978,0.10724304422048175,0.1466768672210177,0.13439571575168055
4,val,2015-11-10,esn_selected,0.22591992527846866,0.11490240083197818,0.1490463139412582,0.13338498421257294
4,val,2015-11-11,esn_selected,0.22678311267149304,0.14442427217530515,0.1486706878571049,0.13691699562398643
4,val,2015-11-12,esn_selected,0.2927798454983052,0.2504953300520532,0.1563306875659879,0.14985812906466808
4,val,2015-11-13,esn_selected,0.21854143373085125,0.3009999973371709,0.1521615146499217,0.1652403559519927
4,val,2015-11-16,esn_selected,0.09745176191642095,0.14271906202986895,0.1471640235434425,0.15397882165884788
4,val,2015-11-17,esn_selected,0.15566115415077825,0.17124055847248218,0.1559092521038685,0.15835724500135726
4,val,2015-11-18,esn_selected,0.08317230373242947,-0.008130231332474838,0.1554231441620722,0.141861158835975
4,val,2015-11-19,esn_selected,0.2554965187523929,0.02985536556519256,0.1679807360424345,0.13404936843098716
4,val,2015-11-20,esn_selected,0.30837370683034054,0.0009687496507544168,0.1699998254939247,0.12500983989496411
4,val,2015-11-23,esn_selected,0.32749057021348815,-0.01307795745803776,0.1729494982585399,0.12303035414940823
4,val,2015-11-24,esn_selected,0.358852275615574,0.018128763993221577,0.1783184002933066,0.1268299491851963
4,val,2015-11-25,esn_selected,0.4142281672488762,-0.0059379136470722235,0.1784140526693255,0.11720691847012475
4,val,2015-11-27,esn_selected,0.4145575044748325,-0.037178351615018077,0.1785523989944769,0.11365258028697324
4,val,2015-11-30,esn_selected,0.4336689561572408,0.06563141460558315,0.1818866674359362,0.12588216175212907
4,val,2015-12-01,esn_selected,0.4484673736072483,0.03224243798501513,0.1805145807744503,0.11905512472102188
4,val,2015-12-02,esn_selected,0.4036847461737249,0.12875498872439076,0.1803665787425731,0.13701104884186036
4,val,2015-12-03,esn_selected,0.3274371404020644,0.2304500813222992,0.1803519764518738,0.16368163762421542
4,val,2015-12-04,esn_selected,0.12761128383465928,-0.017685968931555822,0.1669198733631204,0.14434649784873899
4,val,2015-12-07,esn_selected,0.14435384314012342,0.045490406955168504,0.1715445096388832,0.15539640878434136
4,val,2015-12-08,esn_selected,0.26133689592601156,0.08935420806904137,0.1904841294239895,0.1603864464031978
4,val,2015-12-09,esn_selected,0.2557183220512722,0.19779652048376362,0.1924767585279505,0.1816448868577639
4,val,2015-12-10,esn_selected,0.2572718511960403,0.10914899942745185,0.1922901756350501,0.16581665844423676
4,val,2015-12-11,esn_selected,0.1496074791936565,0.15738064559200937,0.1815590663038494,0.18297585446866596
4,val,2015-12-14,esn_selected,0.2818476286319877,0.15375294361865552,0.2017017622088092,0.17745117429657378
4,val,2015-12-15,esn_selected,0.33884861167799635,0.09476835580751497,0.2065198188436186,0.16179273895601137
4,val,2015-12-16,esn_selected,0.31812498806119777,-0.07971906044777818,0.214304758859749,0.14396281833896973
4,val,2015-12-17,esn_selected,0.28806994429510857,-0.017575979270907312,0.2073112534883862,0.15271529644726237
4,val,2015-12-18,esn_selected,0.18685768491980986,0.022815964825198817,0.2024933388290699,0.17185743575701246
4,val,2015-12-21,esn_selected,0.16931419217554872,-0.11008659162437162,0.2013634738709179,0.15227846006178042
4,val,2015-12-22,esn_selected,0.20103525404323594,-0.23237406087322246,0.2114597955266758,0.1370883451938315
4,val,2015-12-23,esn_selected,0.18168560664270147,-0.3909712217943463,0.2138460416770954,0.12061449843395881
4,val,2015-12-24,esn_selected,0.20547104147835016,-0.4409835896947041,0.2191109076147471,0.1147921839968957
4,val,2015-12-28,esn_selected,0.21950167557124683,-0.37611611964290476,0.2223791450011857,0.12258025891756086
4,val,2015-12-29,esn_selected,0.18996222168421098,-0.46382528310833177,0.2199380703692978,0.11438369054432758
4,val,2015-12-30,esn_selected,0.262157358803429,-0.40396808076117524,0.2346204056935521,0.1205233456094432
4,val,2015-12-31,esn_selected,0.2512895825281282,-0.3767773628967408,0.231894125299053,0.12374388246610517
4,val,2016-01-04,esn_selected,0.2666534033047632,-0.22773472025475325,0.2354653501648367,0.14362067836649164
4,val,2016-01-05,esn_selected,0.34777003614924423,-0.19185959853592133,0.2363429511944309,0.13777946105446695
4,val,2016-01-06,esn_selected,0.3022130428380508,-0.13532064560339915,0.2320738888061293,0.14983311660086737
4,val,2016-01-07,esn_selected,0.17109787096970094,-0.027926983247942336,0.2260297780680754,0.18523807650107263
4,val,2016-01-08,esn_selected,0.16830021765512038,0.08025122616812636,0.2277561705221065,0.20855997248299882
4,val,2016-01-11,esn_selected,0.16915521928400237,0.11297015633440492,0.2277300148333276,0.21528779596043152
4,val,2016-01-12,esn_selected,0.21875637276474377,0.12534143138474366,0.22595534871807,0.20580363094670953
4,val,2016-01-13,esn_selected,0.052366139058291086,0.19532139576280758,0.2125455505157114,0.24520916412994534
4,val,2016-01-14,esn_selected,0.049427330001707556,0.15304911895827442,0.2169840205535807,0.24067452493681638
4,val,2016-01-15,esn_selected,-0.013775563958951183,0.11273463533108666,0.211372830793583,0.23987878760048223
4,val,2016-01-19,esn_selected,0.054882887568493584,0.12980283983547178,0.2190071092327522,0.23604539631791027
4,val,2016-01-20,esn_selected,0.05836258733309182,0.1572517848856354,0.2146630476814574,0.23697597773262494
4,val,2016-01-21,esn_selected,0.059703651972346006,0.15276251081099557,0.2137517414015039,0.2345981648042399
4,val,2016-01-22,esn_selected,-0.01842713335572074,-0.029413072672297154,0.2075988797304442,0.20533069292922065
4,val,2016-01-25,esn_selected,-0.040058556667813966,0.039988287386617034,0.2054489876875189,0.2225706572965893
4,val,2016-01-26,esn_selected,-0.08928891581920441,-0.13496762897016482,0.2003947383787137,0.19144688363988768
4,val,2016-01-27,esn_selected,-0.10015972936163015,-0.09264965103880589,0.201184833696263,0.20270143532501225
4,val,2016-01-28,esn_selected,-0.09250614277324835,-0.1700029891341445,0.2005051366518441,0.18555345715567279
4,val,2016-01-29,esn_selected,-0.24577362872654032,-0.33616802719824257,0.1834964432551685,0.16763699306369145
4,val,2016-02-01,esn_selected,-0.1421071352600711,-0.30728101235560906,0.2011747183033219,0.1705451206026025
4,val,2016-02-02,esn_selected,-0.20825293644429166,-0.24724675691147643,0.1911982471842775,0.18388618614423177
4,val,2016-02-03,esn_selected,-0.2155399379740635,-0.22870052575208144,0.190517488829106,0.1880265934696763
4,val,2016-02-04,esn_selected,-0.19588017182427353,-0.2420875211998589,0.1907904366482476,0.1821750951750667
4,val,2016-02-05,esn_selected,-0.23788074897706019,-0.13319054086263218,0.1781785260452107,0.19784347961675736
4,val,2016-02-08,esn_selected,-0.258179772694039,-0.054445643334727845,0.1759317008694096,0.21568736734817864
4,val,2016-02-09,esn_selected,-0.2531477774562869,0.004117011352018822,0.1767989134210446,0.22866951452802006
4,val,2016-02-10,esn_selected,-0.2453448931347966,0.021386561443113804,0.1767952908833457,0.23083980131812165
4,val,2016-02-11,esn_selected,-0.1673514381087763,0.07920457174983894,0.1797927651042137,0.23006477334444544
4,val,2016-02-12,esn_selected,-0.27620350017506456,-0.03722194740712769,0.1646167776127446,0.20905591779117946
4,val,2016-02-16,esn_selected,-0.3190682583428137,-0.12585746691018387,0.1536312555187076,0.18637598868670896
4,val,2016-02-17,esn_selected,-0.41981684040409156,-0.2885290700315767,0.1439242833378481,0.16411626695811435
4,val,2016-02-18,esn_selected,-0.39279075301035676,-0.3039218647039006,0.1449340520708323,0.158403838804488
4,val,2016-02-19,esn_selected,-0.38401362021050667,-0.31783063732369266,0.1455910456887253,0.15555270566395898
4,val,2016-02-22,esn_selected,-0.41965780432764516,-0.44009102750222384,0.1364488679481411,0.13368906958649465
4,val,2016-02-23,esn_selected,-0.46702369498360047,-0.2799920529612094,0.1287888282913542,0.15527623857415226
4,val,2016-02-24,esn_selected,-0.433435817102145,-0.15781422043885715,0.1299114800939767,0.17113879480932664
4,val,2016-02-25,esn_selected,-0.49454748987839897,-0.16845084838652252,0.1226919283902865,0.16999571107385428
4,val,2016-02-26,esn_selected,-0.4932509698426432,-0.18643007439753534,0.1224360552560941,0.166402539756791
4,val,2016-02-29,esn_selected,-0.3950639304654708,-0.13414040404175953,0.1236099883974656,0.16046163511721423
4,val,2016-03-01,esn_selected,-0.7675700527155727,-0.3384108273749161,0.0933731399517163,0.143417929022263
4,val,2016-03-02,esn_selected,-0.7270677054970986,-0.30767010314847143,0.0924107327894381,0.14056088357723476
4,val,2016-03-03,esn_selected,-0.701155928044821,-0.35272343754477814,0.0944988879953342,0.13389026649171806
4,val,2016-03-04,esn_selected,-0.7027254223650883,-0.36342153762283025,0.0944858618263977,0.13265530838285777
4,val,2016-03-07,esn_selected,-0.5681987406843122,-0.25860617219745463,0.100946155648407,0.1375764593806884
4,val,2016-03-08,esn_selected,-0.5570209696226163,-0.1812928644020211,0.1007936025500226,0.14676064465807587
4,val,2016-03-09,esn_selected,-0.4922197348437072,-0.2388083239617144,0.1080715242535133,0.1392407821788776
4,val,2016-03-10,esn_selected,-0.48865700970309206,-0.23807897360646738,0.1084550178370457,0.13933951946805326
4,val,2016-03-11,esn_selected,-0.6618858232420747,-0.30270217736426897,0.0927510534533686,0.1328343290194005
4,val,2016-03-14,esn_selected,-0.5155086592441939,-0.2419487054671753,0.0983086042073822,0.12924004733139025
4,val,2016-03-15,esn_selected,-0.3860812903533495,-0.2008904577973296,0.1044255101932197,0.1256706792530301
4,val,2016-03-16,esn_selected,-0.34043078366446206,-0.18325124169235577,0.1023969131847703,0.11982545106977718
4,val,2016-03-17,esn_selected,-0.3712776825541227,-0.18335482554110677,0.0999830971401757,0.12065364465566347
4,val,2016-03-18,esn_selected,-0.3550559876982304,-0.2452183108558539,0.1020788594855272,0.113929897339423
4,val,2016-03-21,esn_selected,-0.2854302134994729,-0.25715752437548883,0.1025673583274554,0.10550859579060076
4,val,2016-03-22,esn_selected,-0.22728458699042592,-0.17081178137097652,0.1026052895062513,0.10856643520874809
4,val,2016-03-23,esn_selected,-0.24490446831609552,-0.08086327567274704,0.1016920193851039,0.1198199285681437
4,val,2016-03-24,esn_selected,-0.18784540879969927,-0.06547049642640687,0.1016800539495823,0.11491653357383354
4,val,2016-03-28,esn_selected,-0.18416262816183185,-0.04719649606358447,0.1018423742618902,0.11679174595732454
4,val,2016-03-29,esn_selected,-0.24661148597294522,-0.0691787393508338,0.096594313020563,0.11534788104747043
4,val,2016-03-30,esn_selected,0.02375747647924157,0.06498281118265115,0.0956180107747269,0.09964227618695663
4,val,2016-03-31,esn_selected,0.08481454655395317,0.1272232839380829,0.1005904853519083,0.10494814925490786
4,val,2016-04-01,esn_selected,0.05180221140212654,0.10692079959275233,0.0995231498176965,0.10516272020010939
4,val,2016-04-04,esn_selected,0.08402390132139789,0.1879697900448626,0.1027680096406923,0.11402526002876602
4,val,2016-04-05,esn_selected,0.00314178540781399,0.28726799325460006,0.1012638055398063,0.13453915279775597
4,val,2016-04-06,esn_selected,-0.051753734010622054,0.211384576527644,0.0957098436711542,0.12451914303286873
4,val,2016-04-07,esn_selected,-0.23259912353661874,0.269047505620483,0.0856435697443662,0.14143507461647412
4,val,2016-04-08,esn_selected,-0.230923439673516,0.30498109600489015,0.0860916188969638,0.14713000752798996
4,val,2016-04-11,esn_selected,-0.0786243916330572,0.3553628387983159,0.0857378742409187,0.13232776303639224
4,val,2016-04-12,esn_selected,-0.08256108469495349,0.23063304753752523,0.0905181577509607,0.12380956276733973
4,val,2016-04-13,esn_selected,-0.15282114161502344,0.1514460424126032,0.0896266630588186,0.12150070175462882
4,val,2016-04-14,esn_selected,-0.133139096757451,0.15510184211017797,0.0896324545820236,0.11957674820105949
4,val,2016-04-15,esn_selected,-0.05341886873539779,0.14229243952829,0.0947822612719184,0.11527188814017024
4,val,2016-04-18,esn_selected,-0.0419871783647417,0.10800076959673105,0.0978815885899588,0.11372081078060416
4,val,2016-04-19,esn_selected,0.0020169742714603867,0.11217289615282339,0.1027744428221376,0.11474274623612796
4,val,2016-04-20,esn_selected,0.0011560733080425974,0.08734549104432597,0.1027239773354102,0.11197044774897442
4,val,2016-04-21,esn_selected,-0.00017902007112175107,0.1232177870177693,0.1016738161019862,0.11502696911013492
4,val,2016-04-22,esn_selected,0.023540046837464437,0.10721953982775274,0.1041020017247961,0.11318806159783827
4,val,2016-04-25,esn_selected,0.021297455497259005,0.1448191951687616,0.1040346194548032,0.11771252965858096
4,val,2016-04-26,esn_selected,0.16141134743889238,0.15432580784730157,0.1135145719041899,0.11271310268481838
4,val,2016-04-27,esn_selected,0.19143681887888322,0.12603024769334942,0.115792294145994,0.10846108523649718
4,val,2016-04-28,esn_selected,0.10000668960937928,0.23462368393020233,0.1111704227302586,0.12718991435698523
4,val,2016-04-29,esn_selected,0.10517656858431453,0.2797208883406853,0.1105609383435516,0.13164529767576427
4,val,2016-05-02,esn_selected,0.041727000471066984,0.18691545639246812,0.1071469347906322,0.12388944194996489
4,val,2016-05-03,esn_selected,0.015139605918914561,0.2576339249114473,0.1028085636583516,0.1310217018704288
4,val,2016-05-04,esn_selected,0.05825122151151084,0.32894265010101825,0.1014506399574024,0.13298865222271247
4,val,2016-05-05,esn_selected,0.17480208530973232,0.38179988349515165,0.1020023886661334,0.12546088409744263
4,val,2016-05-06,esn_selected,0.17704993301935715,0.32912782923497425,0.1027667644997966,0.11964630048848036
4,val,2016-05-09,esn_selected,0.1822139282348094,0.33875141094392286,0.1028743762723463,0.1203069121242203
4,val,2016-05-10,esn_selected,0.03521806025129974,0.20211307777671908,0.0937628318887504,0.1107929945786207
4,val,2016-05-11,esn_selected,-0.021039238208423464,0.27767327116174956,0.0877606845586794,0.11831210917739858
4,val,2016-05-12,esn_selected,0.04800623932146752,0.31377600826329854,0.0940403278581685,0.1226694671143674
4,val,2016-05-13,esn_selected,-0.01983120147333465,0.31252357664166475,0.0929211303779288,0.1295550452935777
4,val,2016-05-16,esn_selected,-0.12451740152870891,0.23273737752491497,0.0864218957632132,0.12353145820539965
4,val,2016-05-17,esn_selected,-0.2515894275510917,0.2469897342015447,0.079913698519783,0.13156834436728598
4,val,2016-05-18,esn_selected,-0.24249373799192508,0.2912520679185351,0.0806042857653027,0.13745514246698973
4,val,2016-05-19,esn_selected,-0.23041794846459585,0.3231746043325459,0.0807495072015391,0.1404630425908226
4,val,2016-05-20,esn_selected,-0.2525186859388558,0.21190965678798585,0.0808707756484291,0.1286738439310554
4,val,2016-05-23,esn_selected,-0.2459571174262963,0.21396759008889388,0.0813504695560844,0.12885546027784597
4,val,2016-05-24,esn_selected,-0.519228507981427,0.02064485804721286,0.067538831065806,0.11588242199236533
4,val,2016-05-25,esn_selected,-0.39417841483443333,-0.0716779442561988,0.0780710729585344,0.1077830137493468
4,val,2016-05-26,esn_selected,0.32019321902295955,-0.03475973835295115,0.1531254596083225,0.10737255672447983
4,val,2016-05-27,esn_selected,0.3978531261625067,-0.05082968574751974,0.164583818161499,0.10508159687158694
4,val,2016-05-31,esn_selected,0.4977594249825369,0.06558326727421063,0.1762600638251283,0.11440953027447591
4,val,2016-06-01,esn_selected,0.5930420803945748,0.09647817554400463,0.1860305177195539,0.11322158515410707
4,val,2016-06-02,esn_selected,0.6370181922741388,0.04048217807211916,0.1918263559330057,0.10564184501888013
4,val,2016-06-03,esn_selected,0.630835790957041,0.0167843970234932,0.1916809023041826,0.10372888583015061
4,val,2016-06-06,esn_selected,0.6278776725689436,-0.006112679153725368,0.1925468827417064,0.10214050026692442
4,val,2016-06-07,esn_selected,0.6324625285747468,-0.023868768610599077,0.1936342605017104,0.10044796451599237
4,val,2016-06-08,esn_selected,0.723488793849238,0.05060619000587425,0.1933026939633894,0.09862992543616012
4,val,2016-06-09,esn_selected,0.8249818611924198,0.14686330688839228,0.200255785612477,0.10164404176676076
4,val,2016-06-10,esn_selected,0.7434179213954429,0.25890484439197714,0.1977772962845305,0.12183023440854637
4,val,2016-06-13,esn_selected,0.7541623593467159,0.3553992220992728,0.1975345354793331,0.13257523491916423
4,val,2016-06-14,esn_selected,0.8260517568812928,0.3535461520782149,0.1974119819062288,0.12307417457850442
4,val,2016-06-15,esn_selected,0.9090212074037504,0.32309290536830193,0.1983371759614478,0.1103922783869704
4,val,2016-06-16,esn_selected,0.8992818213374888,0.32608209720110315,0.1981122209675884,0.11167958450122495
4,val,2016-06-17,esn_selected,0.8964011848894743,0.38197329964398874,0.1978982568248781,0.11831199480567114
4,val,2016-06-20,esn_selected,0.8883942981380315,0.28985273165957864,0.1966148652494252,0.10806201226941206
4,val,2016-06-21,esn_selected,0.8839507701093572,0.3004103712396537,0.1969042117676308,0.10985672062042848
4,val,2016-06-22,esn_selected,1.0719058508988584,0.4283460039260972,0.1972769459325575,0.10365299268451478
4,test,2016-11-11,esn_selected,-0.28680364599582797,0.11190774960612473,0.0772977093848817,0.1151661326885352
4,test,2016-11-14,esn_selected,-0.2359260669544553,0.0753593610331879,0.0807754858252268,0.11027298289444909
4,test,2016-11-15,esn_selected,-0.24072698437204323,0.004285028245005589,0.0814197152311546,0.10402481309713345
4,test,2016-11-16,esn_selected,-0.22610283885039484,-0.0022476925456139146,0.0824462547817888,0.10313118000335517
4,test,2016-11-17,esn_selected,-0.2606281716613027,-0.0495003507805225,0.0807120421416468,0.09968503905814734
4,test,2016-11-18,esn_selected,-0.2636546929923078,-0.08710911624537221,0.0806895636354178,0.09626981486226603
4,test,2016-11-21,esn_selected,-0.32736842265694194,-0.15235661066732095,0.0773594741940848,0.09215526948348265
4,test,2016-11-22,esn_selected,-0.3191222118264406,-0.14913329259965774,0.0776812597959597,0.09207495382549373
4,test,2016-11-23,esn_selected,-0.31425039611123384,-0.1470121607733353,0.0778993727271291,0.09207985004648213
4,test,2016-11-25,esn_selected,-0.3301112802088547,-0.1700888419072288,0.0769542607004845,0.09030868785199984
4,test,2016-11-28,esn_selected,-0.35474010160996794,-0.09887229884053461,0.0756326171059431,0.0976857248319117
4,test,2016-11-29,esn_selected,-0.2898171753019093,-0.10711501511635965,0.0808715588316894,0.09708281361539008
4,test,2016-11-30,esn_selected,-0.26927252585570277,-0.09112727322056645,0.0804246702044169,0.09610739125022696
4,test,2016-12-01,esn_selected,-0.2562411069725157,-0.042938839920854115,0.0804127288089502,0.09953155695666696
4,test,2016-12-02,esn_selected,-0.19057013684605417,-0.04259380805080726,0.0848223008552891,0.09835022364505211
4,test,2016-12-05,esn_selected,-0.21151791934676586,-0.11242026191824432,0.0847693107416888,0.0936000795234928
4,test,2016-12-06,esn_selected,0.16331073104284244,0.07415919346658145,0.0840701628521815,0.07689956229872387
4,test,2016-12-07,esn_selected,-0.1562908247064297,0.08597243179567406,0.0714171007236673,0.09099463994733045
4,test,2016-12-08,esn_selected,-0.04482090484909042,0.26322822854795563,0.0718523929888813,0.0977744260691523
4,test,2016-12-09,esn_selected,-0.12359387954606976,0.21404682208298267,0.0685989147776684,0.09615076387954122
4,test,2016-12-12,esn_selected,-0.11056970653834992,0.2879698643619749,0.0692064880253299,0.10309327765558152
4,test,2016-12-13,esn_selected,-0.20714163449171763,0.2844679504392948,0.0656627564434289,0.10735504045378567
4,test,2016-12-14,esn_selected,-0.31761447699228795,0.32017860811234367,0.0592640550872941,0.11214537869488657
4,test,2016-12-15,esn_selected,-0.33814533038993755,0.2898281805273696,0.0587917355684798,0.1101645111406996
4,test,2016-12-16,esn_selected,-0.31499662484744523,0.30077066468326025,0.058902949180613,0.10903385713472177
4,test,2016-12-19,esn_selected,-0.29855752610600916,0.24588143034557525,0.0598625869298137,0.10318161358900695
4,test,2016-12-20,esn_selected,-0.25883576914616657,0.2309067545051352,0.0597176299055971,0.09745296084911531
4,test,2016-12-21,esn_selected,-0.26471581511172415,0.2021944591414955,0.0596144638397911,0.09508854410777988
4,test,2016-12-22,esn_selected,-0.20455127446608448,0.19508165491282964,0.0634889976857275,0.09467969426248922
4,test,2016-12-23,esn_selected,-0.0906697187977329,0.18983820317505481,0.0702838125377501,0.09304185369565676
4,test,2016-12-27,esn_selected,-0.07982452587052218,0.19867520016910203,0.0698299574464818,0.09225558596098726
4,test,2016-12-28,esn_selected,-0.2409159348814233,0.24511851256957676,0.0635575800717881,0.10333547302224902
4,test,2016-12-29,esn_selected,-0.1784635484662324,0.2838417993478628,0.0672796237932066,0.1068218797166369
4,test,2016-12-30,esn_selected,-0.1973223202253192,0.3439496805733359,0.0660128989751299,0.11342276976843438
4,test,2017-01-03,esn_selected,-0.3423541404566978,0.2510617731424025,0.0602320347541005,0.10902969356424423
4,test,2017-01-04,esn_selected,-0.40602756504417187,0.19306099467392468,0.056481096707403,0.1028215097902698
4,test,2017-01-05,esn_selected,-0.31334482371816474,0.2171265888567483,0.0614551044036784,0.10445729327758896
4,test,2017-01-06,esn_selected,-0.16642175244462243,0.26219688717897355,0.060468078286229,0.09282669256031498
4,test,2017-01-09,esn_selected,-0.1916955990562122,0.2865767963158799,0.0593183272581513,0.09569736016819894
4,test,2017-01-10,esn_selected,-0.14229776990124374,0.32947075039699747,0.0595001566390949,0.09536841704712995
4,test,2017-01-11,esn_selected,-0.10519611502243262,0.29720846583857247,0.0622960798961047,0.09315856876061526
4,test,2017-01-12,esn_selected,-0.03792287306480028,0.32802378522054926,0.0632192610825018,0.09115448248857909
4,test,2017-01-13,esn_selected,0.10136988401303043,0.34472764567471825,0.0655866948230949,0.08365746080758872
4,test,2017-01-17,esn_selected,0.11438715844452199,0.37358209330420866,0.0659164777454656,0.08542026662704778
4,test,2017-01-18,esn_selected,0.14373985363280653,0.3935912655330585,0.0680083855180375,0.08731152113614883
4,test,2017-01-19,esn_selected,0.10947960390054966,0.4029711767664357,0.0667885274963521,0.08957021963532272
4,test,2017-01-20,esn_selected,0.09616474875214046,0.36544817716397643,0.0657455530044513,0.0860626450825811
4,test,2017-01-23,esn_selected,0.13774678139192253,0.3824654307077699,0.0684186198694198,0.0873884966928197
4,test,2017-01-24,esn_selected,0.017738230717017977,0.32816399824154097,0.064625227737822,0.08814918157446644
4,test,2017-01-25,esn_selected,-0.2099108741070008,0.2518676092050391,0.0569760290030009,0.09041490380294852
4,test,2017-01-26,esn_selected,-0.20243767111596475,0.2635376480649793,0.0570327370030132,0.09088552572310662
4,test,2017-01-27,esn_selected,-0.10837884231224859,0.30669728724581974,0.0570294285811928,0.08637027308218304
4,test,2017-01-30,esn_selected,-0.23013009877890092,0.3233525440690217,0.0534489677696951,0.0929637812207947
4,test,2017-01-31,esn_selected,0.09707282226334067,0.3801850595663651,0.0727422945942011,0.09654751026246217
4,test,2017-02-01,esn_selected,0.23394490606312593,0.3671301723031832,0.0761076857839418,0.08695011138775771
4,test,2017-02-02,esn_selected,0.298201977213967,0.3950295016826144,0.076104545053493,0.08384212048548699
4,test,2017-02-03,esn_selected,0.1703104877935858,0.2898399500387324,0.0728656537722892,0.08211714690655714
4,test,2017-02-06,esn_selected,0.19327343677833447,0.31800505712196087,0.0733607484950027,0.08310631163633385
4,test,2017-02-07,esn_selected,0.21649600226087473,0.34321716887611264,0.0736566418803921,0.08360768879830421
4,test,2017-02-08,esn_selected,0.21330923081481573,0.3507807269752139,0.0736473510813369,0.08450068764267588
4,test,2017-02-09,esn_selected,0.1402385122205447,0.3058214713678852,0.0716746417154037,0.0845818726321844
4,test,2017-02-10,esn_selected,0.1064585459716074,0.3125911499231592,0.0703207954137103,0.0864183613285458
4,test,2017-02-13,esn_selected,0.05052761545624511,0.291092702512494,0.0689857849403741,0.08774769156711983
4,test,2017-02-14,esn_selected,0.11732810656942759,0.28733686115890716,0.074122309397754,0.08785830208022719
4,test,2017-02-15,esn_selected,0.05870905640754875,0.3078394246812909,0.0721206254336566,0.09252421913153112
4,test,2017-02-16,esn_selected,0.07966298578742365,0.37624627885130707,0.0723267688489525,0.09729791891008074
4,test,2017-02-17,esn_selected,0.09386384379402396,0.3577785854014269,0.0722155847343092,0.09402593225330741
4,test,2017-02-21,esn_selected,0.19217752266101276,0.33414194235599004,0.0829155425885294,0.09556311796293832
4,test,2017-02-22,esn_selected,0.25353755880999257,0.38435183881662044,0.0832745029781551,0.09491262159145289
4,test,2017-02-23,esn_selected,0.3801301530966899,0.44856924162895506,0.0833260136112184,0.08922844484985673
4,test,2017-02-24,esn_selected,0.37815478252901064,0.4199779938540732,0.0832443466863674,0.08679972298190662
4,test,2017-02-27,esn_selected,0.3769529827205681,0.42893346038106117,0.0831395406025906,0.08757546561981303
4,test,2017-02-28,esn_selected,0.4814341561737875,0.5048494644626956,0.0865014763468049,0.08855083462712085
4,test,2017-03-01,esn_selected,-0.022484660907365457,0.3194288862872481,0.0711249595197376,0.10011823829745611
4,test,2017-03-02,esn_selected,-0.10628028226845981,0.24840934324666966,0.0684339449924795,0.09756888085329837
4,test,2017-03-03,esn_selected,-0.09951012333556818,0.2230810626392621,0.0688959823155637,0.0951247369123748
4,test,2017-03-06,esn_selected,-0.0638655383939347,0.2828436757293847,0.0683575383789577,0.0966852698046814
4,test,2017-03-07,esn_selected,-0.08228809018753701,0.279543598476446,0.0675657326287267,0.0970215025211177
4,test,2017-03-08,esn_selected,-0.0789031390186443,0.2977316247715229,0.0680682706382299,0.09920078675818073
4,test,2017-03-09,esn_selected,-0.07031527691990573,0.29273107359558276,0.0686466888719698,0.09869351592984353
4,test,2017-03-10,esn_selected,-0.058363420050856984,0.2766198257967,0.06761119615756,0.0945148380725807
4,test,2017-03-13,esn_selected,-0.03915653383889173,0.2661078291506483,0.0676204891336303,0.09175990098977327
4,test,2017-03-14,esn_selected,-0.03863106891843412,0.27760682154652966,0.066371609620777,0.0910589673541468
4,test,2017-03-15,esn_selected,-0.19595650553043298,0.20569071069034522,0.0609320953390882,0.09104986005630285
4,test,2017-03-16,esn_selected,-0.1070459553295208,0.2792930712730233,0.0647992555646903,0.09535751479616002
4,test,2017-03-17,esn_selected,-0.008747480522887593,0.3228858700627019,0.0716968509610786,0.09989105854317325
4,test,2017-03-20,esn_selected,0.0021734714840940853,0.3423285538373452,0.072372713944509,0.10169564005520713
4,test,2017-03-21,esn_selected,-0.38606942800921,0.2999716000101465,0.0563596288998025,0.11192109684491887
4,test,2017-03-22,esn_selected,-0.28333312537774163,0.3254913187515319,0.0627280860199391,0.11531110474317018
4,test,2017-03-23,esn_selected,-0.26966749801358864,0.34103380335685685,0.0636305238942006,0.11718977063094514
4,test,2017-03-24,esn_selected,-0.111043598887455,0.31775286992022367,0.0744953434940115,0.11438078354188663
4,test,2017-03-27,esn_selected,-0.07407283815950169,0.2345250034704209,0.0772037144153264,0.10511399329473911
4,test,2017-03-28,esn_selected,-0.1721446325473523,0.11029000230843039,0.0728219083525273,0.09658770770527042
4,test,2017-03-29,esn_selected,0.023376195915900934,0.2634941876995669,0.072807175814075,0.0925669818899095
4,test,2017-03-30,esn_selected,0.055549952932930226,0.30712115063581963,0.0723430166231888,0.09303633576355208
4,test,2017-03-31,esn_selected,0.049908682544216765,0.3514215952480208,0.0724217411936694,0.09790713816981897
4,test,2017-04-03,esn_selected,0.05427504262955932,0.39385954752927,0.072170176345762,0.10135319486183833
4,test,2017-04-04,esn_selected,0.0672200339228928,0.32579567578867885,0.0722636310804897,0.09358748025119941
4,test,2017-04-05,esn_selected,0.05069447979284045,0.3861928734535655,0.0716079184903399,0.10015350459434319
4,test,2017-04-06,esn_selected,0.05143508310659029,0.3588743301113355,0.0722699188296019,0.0982826222919399
4,test,2017-04-07,esn_selected,0.06541167495562863,0.382034291960339,0.0721816073732671,0.09906813888279313
4,test,2017-04-10,esn_selected,0.0658651370621885,0.42847941265752054,0.0722242720860243,0.10379216056685482
4,test,2017-04-11,esn_selected,0.08667840366131518,0.5062383835614982,0.0723812872625006,0.11011307393244858
4,test,2017-04-12,esn_selected,0.1536932129927842,0.5494507525691974,0.0710549318513453,0.1055527476318989
4,test,2017-04-13,esn_selected,0.04003643593227646,0.5231618527739548,0.0674462207725386,0.10933930836109629
4,test,2017-04-17,esn_selected,-0.13159673450193335,0.37461133295371685,0.0628562323548868,0.10427776539523272
4,test,2017-04-18,esn_selected,-0.15405549734063345,0.4039237068492706,0.0620396596176293,0.10839186672566867
4,test,2017-04-19,esn_selected,0.45206232229420307,0.5321623278987896,0.0885719684919801,0.09595846393024637
4,test,2017-04-20,esn_selected,0.30354026513510696,0.4329472728660101,0.0849743592736717,0.0967138446259217
4,test,2017-04-21,esn_selected,0.3162946772673233,0.4639855161178918,0.087303274254803,0.1011979810722281
4,test,2017-04-24,esn_selected,0.0742271401641806,0.19149754313702727,0.0802353154452337,0.09021846908359304
4,test,2017-04-25,esn_selected,0.009529452660081846,0.16009066293106683,0.077942940171342,0.09060761252668582
4,test,2017-04-26,esn_selected,0.07315552861783217,0.1770154146532053,0.0783489351252582,0.08692383396086027
4,test,2017-04-27,esn_selected,0.09547010807942122,0.1429801302640275,0.0801007027383901,0.08399813947439995
4,test,2017-04-28,esn_selected,0.09721181785413159,0.19974060531564977,0.0797287895179443,0.08833704290566631
4,test,2017-05-01,esn_selected,0.09056174221966792,0.11375225910589093,0.0792865328809757,0.08114671448059795
4,test,2017-05-02,esn_selected,0.09396098830174648,0.09060989173209164,0.0792801576752797,0.07901492686608821
4,test,2017-05-03,esn_selected,0.15058372339849288,0.09216115954219697,0.0840073838595419,0.07924007229727789
4,test,2017-05-04,esn_selected,0.16825388935708074,0.06243344378699465,0.08472913749017,0.07622115928707224
4,test,2017-05-05,esn_selected,0.14580428035822637,0.049721939115807,0.083614108055507,0.07595415398720773
4,test,2017-05-08,esn_selected,0.1561561462356984,0.016761729265657183,0.0843809288147992,0.07340169273862435
4,test,2017-05-09,esn_selected,0.15783729977763306,0.04576441796138982,0.0845728647611774,0.07560637354945483
4,test,2017-05-10,esn_selected,0.15303587929559723,0.06019727945501444,0.0843507484461664,0.07687225992306018
4,test,2017-05-11,esn_selected,0.16986756378584644,0.10209887942007893,0.0842106021617634,0.07869283783442114
4,test,2017-05-12,esn_selected,0.21953693970010593,0.1316151120762333,0.0840042582260229,0.07693382702655648
4,test,2017-05-15,esn_selected,0.284136976854635,0.1981642292138397,0.0835117273536037,0.07663196763234864
4,test,2017-05-16,esn_selected,0.29790887343478323,0.2550524768122087,0.0835698429901824,0.08006400110187994
4,test,2017-05-17,esn_selected,-0.48198128934125917,0.10722380560752012,0.054698382330127,0.09859684177834002
4,test,2017-05-18,esn_selected,-0.4756543792659302,0.22520587922753052,0.0528097153228897,0.10643723137166007
4,test,2017-05-19,esn_selected,-0.44574062701849193,0.045551464200598094,0.0559046376980208,0.09137203164501655
4,test,2017-05-22,esn_selected,-0.32227638951393145,0.037491770721996706,0.0581303190725507,0.08330058157842203
4,test,2017-05-23,esn_selected,-0.3023639692491552,0.08185527495493966,0.0576052122161945,0.08459137386784515
4,test,2017-05-24,esn_selected,-0.31758131799271017,0.03768393630584558,0.0570307764285078,0.08135776767668038
4,test,2017-05-25,esn_selected,-0.38276990616384987,0.02832224039188585,0.0546262600887125,0.08240176591483066
4,test,2017-05-26,esn_selected,-0.37729338892749603,0.028613900756258935,0.0546712160000044,0.08204309392500743
4,test,2017-05-30,esn_selected,-0.2511891670029662,0.034813947423957964,0.0616750283609071,0.08209542060846471
4,test,2017-05-31,esn_selected,-0.13443690197218355,0.04735146076547323,0.0693073510888353,0.083124488005589
4,test,2017-06-01,esn_selected,-0.17281777297024412,-0.04028442527299444,0.0706746481467983,0.0806904535546359
4,test,2017-06-02,esn_selected,-0.1910172988771993,-0.023552494147929818,0.0699962907788606,0.0827568720310278
4,test,2017-06-05,esn_selected,-0.1747867287974265,-0.005519154193749105,0.0702054212406462,0.08315390004805451
4,test,2017-06-06,esn_selected,-0.19024390356143808,0.026628142282294848,0.0697625624013787,0.08665801898624305
4,test,2017-06-07,esn_selected,-0.09735370857883353,0.052848751232480395,0.0767274674062064,0.08916264901618083
4,test,2017-06-08,esn_selected,-0.052133686740194904,0.017113981357660183,0.0800658959756085,0.08580674902903322
4,test,2017-06-09,esn_selected,-0.051607715672212194,-0.023263965797516335,0.079974922282266,0.08227414180259364
4,test,2017-06-12,esn_selected,-0.04865224134709906,-0.013479573348493423,0.0800150905994631,0.08287951423061539
4,test,2017-06-13,esn_selected,-0.011997032754082473,-0.02412952024974979,0.0825158203347015,0.08152074674123931
4,test,2017-06-14,esn_selected,-0.011575996048875188,-0.014343637320386874,0.08260801660779,0.08237970334201403
4,test,2017-06-15,esn_selected,0.42857267273610605,0.23271594615803215,0.0839655678480054,0.06903061360651958
4,test,2017-06-16,esn_selected,0.46368217927271876,0.3016060804707823,0.0839630948590442,0.07140024184924305
4,test,2017-06-19,esn_selected,0.3414765498162914,0.298287216734095,0.0786591444763703,0.07533422581533596
4,test,2017-06-20,esn_selected,0.2851972402173631,0.35595392031185474,0.0773147390573845,0.0829834583509748
4,test,2017-06-21,esn_selected,0.29441642893097814,0.40686000968020614,0.0773259405740467,0.086528432829033
4,test,2017-06-22,esn_selected,0.30505726239773423,0.40872120069258805,0.0773738077266727,0.08582516485384017
4,test,2017-06-23,esn_selected,0.3466953676751435,0.4226847259868199,0.0772626061452291,0.08336257328931375
4,test,2017-06-26,esn_selected,0.3516035620733815,0.4171985970442656,0.0777066560597392,0.08297471744107034
4,test,2017-06-27,esn_selected,0.15766852363255968,0.4137402072994372,0.0722077691375067,0.09328126926558718
4,test,2017-06-28,esn_selected,-0.0642367898240666,0.31838326584581184,0.0649952497895294,0.09529089281181646
4,test,2017-06-29,esn_selected,-0.2133693380747475,0.3034630542707169,0.0570950593714796,0.09573174712788925
4,test,2017-06-30,esn_selected,-0.20984505612021784,0.3485284245865398,0.0567466824516957,0.09918340146593595
4,test,2017-07-03,esn_selected,-0.2087652897444881,0.31737961584300545,0.0569777159959818,0.09642882288819583
4,test,2017-07-05,esn_selected,-0.21242779593985425,0.3033689462718758,0.05641131250141,0.09448739665443401
4,test,2017-07-06,esn_selected,-0.4998504712619275,0.3002322192752497,0.0465445206470876,0.10359530169413396
4,test,2017-07-07,esn_selected,-0.6690871926275161,0.2227444789666166,0.0410078209211343,0.10004243783161017
4,test,2017-07-10,esn_selected,-0.65941291261581,0.2318602765064786,0.0413594197747123,0.10084386106069466
4,test,2017-07-11,esn_selected,-0.6399883608793975,0.2115108431311103,0.0421918421552965,0.09886211410718532
4,test,2017-07-12,esn_selected,-0.9234566899279038,0.11301728176273368,0.0327706516035473,0.09238894405019404
4,test,2017-07-13,esn_selected,-0.3218988040296647,0.11225458147580421,0.0598719386347813,0.09242165481472217
4,test,2017-07-14,esn_selected,-0.3736603244494989,0.08875823153582595,0.0577859972251744,0.09175895090951235
4,test,2017-07-17,esn_selected,-0.2172832810607668,0.11217946364663468,0.0675652686954061,0.09393065704511365
4,test,2017-07-18,esn_selected,-0.1523959244302836,0.1747274866449816,0.0675405370352821,0.09367687658081261
4,test,2017-07-19,esn_selected,-0.17259024535646794,0.16073633825588868,0.0650589879645655,0.090796519113636
4,test,2017-07-20,esn_selected,0.10261154581956651,0.1637342960042341,0.0856818508864992,0.09108232595897227
4,test,2017-07-21,esn_selected,0.10340963424195768,0.14901735104846706,0.0858033419415225,0.08980724693698199
4,test,2017-07-24,esn_selected,0.10532045084161286,0.14056949999324347,0.0858439007723594,0.08892377915431164
4,test,2017-07-25,esn_selected,0.18020884132826082,0.1394199137732306,0.0930511887696547,0.08933209511131261
4,test,2017-07-26,esn_selected,0.26290194295130503,0.1411803911146301,0.0939205853830054,0.08315680455666086
4,test,2017-07-27,esn_selected,0.3713963149028575,0.1903645860597681,0.0942273521504812,0.07862413969807308
4,test,2017-07-28,esn_selected,0.5038705604346565,0.2736494539996233,0.0944988955811563,0.07506594853935919
4,test,2017-07-31,esn_selected,0.5097653487501848,0.30912095630083636,0.0944775787460385,0.07730187040119617
4,test,2017-08-01,esn_selected,0.5031221793921997,0.29454585390884863,0.0942341293554894,0.07649352508698895
4,test,2017-08-02,esn_selected,0.5285510330288945,0.3127462699880506,0.0957002343913496,0.07712411325423382
4,test,2017-08-03,esn_selected,0.7424887402438208,0.39840542271363705,0.0977974035442394,0.06932563217956203
4,test,2017-08-04,esn_selected,0.8682675257080349,0.43352429060859177,0.0977125815751815,0.06326214299524877
4,test,2017-08-07,esn_selected,0.8907496816026994,0.43011358593332416,0.1007910823573544,0.06358730143107001
4,test,2017-08-08,esn_selected,0.8742472253112666,0.5158271376568082,0.1011368058629722,0.07067232306376076
4,test,2017-08-09,esn_selected,1.1269488754470562,0.6008427100445229,0.1011376259137034,0.059762361515738396
4,test,2017-08-10,esn_selected,0.3822788582506887,0.40236076590254427,0.087749554323768,0.08952954576241126
4,test,2017-08-11,esn_selected,0.5007593650795102,0.45700221527241514,0.0953453772409338,0.09126329669571571
4,test,2017-08-14,esn_selected,0.28096639485047986,0.13989551697203656,0.08948405644886,0.0777104384469751
4,test,2017-08-15,esn_selected,0.2815018887787623,0.1794653849479323,0.0894992150696555,0.08081748585738903
4,test,2017-08-16,esn_selected,0.3166216517991899,0.20797213161912478,0.0892923678037218,0.08009925051196853
4,test,2017-08-17,esn_selected,-0.20371322366561204,0.13991270867600705,0.069890365320756,0.09854898526545845
4,test,2017-08-18,esn_selected,-0.20247058525454956,0.16101785261644624,0.0700764907772075,0.10079369546782652
4,test,2017-08-21,esn_selected,-0.20244309329548554,0.06631453783904577,0.0701115430776229,0.09172959620263225
4,test,2017-08-22,esn_selected,-0.4452851742419201,-0.1118252962520638,0.0596124583154489,0.08320641617613563
4,test,2017-08-23,esn_selected,-0.46480106600779797,-0.03879039717041302,0.0590065540208773,0.09034712462402648
4,test,2017-08-24,esn_selected,-0.4779396287141078,-0.036938976869901656,0.0584265770772545,0.09081019191762861
4,test,2017-08-25,esn_selected,-0.4831411074112657,-0.11716708141562526,0.0582909610929063,0.08405077378376935
4,test,2017-08-28,esn_selected,-0.4822466977662412,-0.09840832708613355,0.0583299595114204,0.08562302386060336
4,test,2017-08-29,esn_selected,-0.4547499820446955,-0.15156741536083498,0.0598016014861755,0.0809810363387155
4,test,2017-08-30,esn_selected,-0.5084283298828124,-0.19370195446801342,0.0575579587159427,0.07884775121502755
4,test,2017-08-31,esn_selected,-0.5772575591542172,-0.23734450791058215,0.0549069793530787,0.07713472128756337
4,test,2017-09-01,esn_selected,-0.5425689082964882,-0.21687082889691864,0.056795745519645,0.07866194548207589
4,test,2017-09-05,esn_selected,-0.6759130675459409,-0.10209516161653913,0.0512715909176629,0.09100866496961683
4,test,2017-09-06,esn_selected,-0.7044167269051714,-0.08709914223251344,0.050001719103395,0.09270060245979951
4,test,2017-09-07,esn_selected,-0.6234456675590427,-0.0872604337406474,0.0542192794469625,0.09268640337153415
4,test,2017-09-08,esn_selected,-0.4816261826683375,0.06269472368495714,0.0542097401970874,0.09342710504919534
4,test,2017-09-11,esn_selected,-0.8829217900007368,-0.0574082639733279,0.039432251950129,0.09002591604135722
4,test,2017-09-12,esn_selected,-0.8375527748118955,0.03747874611436924,0.0387258638892951,0.09290144641505345
4,test,2017-09-13,esn_selected,-0.8284246934495172,0.06903670390207062,0.0390875953281742,0.09589621941683688
4,test,2017-09-14,esn_selected,-0.817436872364056,0.07436488022719799,0.0394281151748403,0.09618571919480394
4,test,2017-09-15,esn_selected,-0.5737649516003945,0.22454708061723605,0.0393762504049163,0.08748565920877877
4,test,2017-09-18,esn_selected,-0.5876734792648926,0.20680206798122305,0.038935790487979,0.08617580370855239
4,test,2017-09-19,esn_selected,-0.5902777362476099,0.19869047878101545,0.0388539486541756,0.08552236538085564
4,test,2017-09-20,esn_selected,-0.42461280549732083,0.22475817407379456,0.0389879170489563,0.07463598461784494
4,test,2017-09-21,esn_selected,-0.4448287471055196,0.23519010159602036,0.0378193083730745,0.0746520977278168
4,test,2017-09-22,esn_selected,-0.3302158857481159,0.24609666467031185,0.0419951857832299,0.07472894780758227
4,test,2017-09-25,esn_selected,-0.2900746899260761,0.2793785288480304,0.0436137448759262,0.07707859140285747
4,test,2017-09-26,esn_selected,-0.28181493059901686,0.3163005601347801,0.0440048966856625,0.08003118784540936
4,test,2017-09-27,esn_selected,-0.2766846689639767,0.30134248529868873,0.0453471700568399,0.080832161653971
4,test,2017-09-28,esn_selected,-0.23773753128099862,0.2978324839495206,0.0453792470236582,0.07752689448347097
4,test,2017-09-29,esn_selected,-0.04786035452478477,0.32422512827873207,0.0523410058420968,0.07593408012922642
4,test,2017-10-02,esn_selected,-0.09287548984999844,0.30487267037638777,0.0517583582017352,0.07704071824612138
4,test,2017-10-03,esn_selected,0.004373361667053846,0.35749536653469427,0.0514963111612687,0.07330524649911863
4,test,2017-10-04,esn_selected,0.03026024290219835,0.37993912977210564,0.0515379087854328,0.07311229279273919
4,test,2017-10-05,esn_selected,-0.1407858610190125,0.32999165782582435,0.0470989493288549,0.07541666051745416
4,test,2017-10-06,esn_selected,-0.1134981605846972,0.3770086706421654,0.0483933515756896,0.07903329910971317
4,test,2017-10-09,esn_selected,0.20386680652295047,0.48196111971096883,0.0483492575184525,0.06385054886327897
4,test,2017-10-10,esn_selected,0.20422710469472766,0.5236479289439159,0.0475002416814693,0.0653760264558787
4,test,2017-10-11,esn_selected,0.196114212247866,0.5213245445044834,0.0475565426110138,0.06583355785519245
4,test,2017-10-12,esn_selected,0.21714145234729607,0.4909750350134262,0.0489902156367739,0.06442193495157117
4,test,2017-10-13,esn_selected,0.21480964929661295,0.47068613542623805,0.0488118202737625,0.06304501457965972
4,test,2017-10-16,esn_selected,0.22363845682480685,0.47201180097448314,0.0486938309929222,0.062422494085567284
4,test,2017-10-17,esn_selected,0.2386230955824337,0.47844960964857675,0.0493250865054071,0.06269359690881125
4,test,2017-10-18,esn_selected,0.29426509406799645,0.4652181729457282,0.0523272293334016,0.062082860460190514
4,test,2017-10-19,esn_selected,0.46706726259868053,0.4376008356654051,0.0603334718426133,0.058581597498155676
4,test,2017-10-20,esn_selected,0.3304774758286597,0.43675701337948936,0.0584418628894793,0.06499510769837755
4,test,2017-10-23,esn_selected,0.26947787344559987,0.4675422102654424,0.0571026327650154,0.06961044029905443
4,test,2017-10-24,esn_selected,0.33149319019769136,0.4971551736407684,0.0613008743460482,0.07234570518548601
4,test,2017-10-25,esn_selected,0.2597863171550415,0.4892781665254986,0.0587995433956501,0.073967509713533
4,test,2017-10-26,esn_selected,0.2656941851192457,0.48655856151239796,0.0591897906417364,0.07381880046671352
4,test,2017-10-27,esn_selected,-0.012654652705168511,0.36034034484444244,0.0516828219188621,0.0750474409247067
4,test,2017-10-30,esn_selected,0.1720738896531137,0.40907526800308996,0.061476797051137,0.07791832777038855
4,test,2017-10-31,esn_selected,0.1737159773964551,0.4386884673938819,0.0612660682970931,0.07985389437152761
4,test,2017-11-01,esn_selected,0.28416124702752926,0.4377150789236159,0.0684756958249556,0.07984064484853587
4,test,2017-11-02,esn_selected,0.37979497763169623,0.47402613531153476,0.0688579489150725,0.07566205870916012
4,test,2017-11-03,esn_selected,0.3397027882693242,0.3739640576635463,0.0679699182361767,0.07033900615672507
4,test,2017-11-06,esn_selected,0.35485365580195455,0.3644730937700444,0.0689446853286892,0.06961109455478215
4,test,2017-11-07,esn_selected,0.37197563496395347,0.3852834089155161,0.0689037383400143,0.0698268221869511
4,test,2017-11-08,esn_selected,0.3800221836016594,0.3816096371805353,0.0695427420782348,0.06965322562357985
4,test,2017-11-09,esn_selected,0.3711992631567553,0.41365912865590265,0.0710099395174239,0.0740899374322748
4,test,2017-11-10,esn_selected,0.3859130363467477,0.4002282434328177,0.07180007629085,0.07283530130339004
4,test,2017-11-13,esn_selected,0.39107057937491213,0.43373737772373633,0.0719968902983795,0.07513524273559369
4,test,2017-11-14,esn_selected,0.3715904904081612,0.44272489386491903,0.0715233018137691,0.0767963950467345
4,test,2017-11-15,esn_selected,0.3020373333068914,0.4647990704530641,0.0707784238407886,0.08328895467058606
4,test,2017-11-16,esn_selected,0.15604857457371796,0.323672240374701,0.0705227683432434,0.08339257517339636
4,test,2017-11-17,esn_selected,0.22605598914946812,0.36996317406571155,0.0732653991043234,0.08460519212789204
4,test,2017-11-20,esn_selected,0.2630160240053939,0.33031939794371934,0.0742818207059793,0.07945331540078332
4,test,2017-11-21,esn_selected,0.14133249458111125,0.21060127631521158,0.0706068101443658,0.07567102925847186
4,test,2017-11-22,esn_selected,0.18733359445182238,0.2952418969066194,0.0709139864333017,0.07899432278478231
4,test,2017-11-24,esn_selected,0.17409198078945495,0.2728012055170037,0.0704456191386102,0.07775402180824427
4,test,2017-11-27,esn_selected,0.31121540501337386,0.3347216904114856,0.0705513537539959,0.0722293990507419
4,test,2017-11-28,esn_selected,-0.011061802612202652,0.2666857058786599,0.0608005002837555,0.08026595237788725
4,test,2017-11-29,esn_selected,-0.001105086108482529,0.3102991520032804,0.0611984014118504,0.08355668857271646
4,test,2017-11-30,esn_selected,-0.22872081860597923,0.26863165909125036,0.0544758812708877,0.08957807003284267
4,test,2017-12-01,esn_selected,-0.1441195724908717,0.23691137138616827,0.0596161254472319,0.08726566116330149
4,test,2017-12-04,esn_selected,-0.06749325415059876,0.2536620387280008,0.0635337953313288,0.08759529330868392
4,test,2017-12-05,esn_selected,-0.0744397993505166,0.19972875360013204,0.0639988248735903,0.08418639046834314
4,test,2017-12-06,esn_selected,-0.01027102575529182,0.18888671195623102,0.0681996483220027,0.08322910829693103
4,test,2017-12-07,esn_selected,-0.02848400760831969,0.09001734505708019,0.0675898314814649,0.07609319982979693
4,test,2017-12-08,esn_selected,-0.08429171568908683,0.0542220259210218,0.0652697149084503,0.07496654042816868
4,test,2017-12-11,esn_selected,-0.10537555958705144,0.048343030995959546,0.0646190965293379,0.0753563782348003
4,test,2017-12-12,esn_selected,-0.038192841144995646,0.07728829262672406,0.0692989730122535,0.07778209166316288
4,test,2017-12-13,esn_selected,0.020918026973329444,0.13791408388897802,0.0730351858575198,0.08209994774584005
4,test,2017-12-14,esn_selected,0.02539829740746308,0.1780879994241253,0.0725990984457164,0.08457529525187885
4,test,2017-12-15,esn_selected,0.053739254627182174,0.08446248755085478,0.0744162898544685,0.07673808272376327
4,test,2017-12-18,esn_selected,-0.028545005254880476,0.11594350549640672,0.0712036048625274,0.08227209271201982
4,test,2017-12-19,esn_selected,-0.03516995414505295,0.16122854538434164,0.0717147391502094,0.08727768287180362
4,test,2017-12-20,esn_selected,0.08977529036469568,0.23566431574610117,0.077238797662157,0.08937052381414524
4,test,2017-12-21,esn_selected,0.08570909234586609,0.24465612361682798,0.0772600323761098,0.0905700702077287
4,test,2017-12-22,esn_selected,0.09242244671824097,0.2511805363463506,0.0772667328774213,0.09056081271830871
4,test,2017-12-26,esn_selected,0.08959823861167546,0.22356456127993293,0.0771644690255284,0.08822632853811427
4,test,2017-12-27,esn_selected,0.3617349395500804,0.2825068604991002,0.0872984717390561,0.08064887681280393
4,test,2017-12-28,esn_selected,0.3872506031652469,0.2561713002084476,0.0901406899665135,0.07906674495920796
4,test,2017-12-29,esn_selected,0.5703151003342583,0.3852055801507669,0.0963582636871053,0.08007499542645964
4,test,2018-01-02,esn_selected,0.4445673864601574,0.28141682373790444,0.0929901417765158,0.07899171096033193
4,test,2018-01-03,esn_selected,0.3520805515154217,0.22183084463665756,0.090346522381998,0.07931306101335348
4,test,2018-01-04,esn_selected,0.6161041208246295,0.26019473860072806,0.1185066222127413,0.08301816675739047
4,test,2018-01-05,esn_selected,1.0298931672203757,0.22671267202341525,0.1910112974953351,0.08555437000154163
4,test,2018-01-08,esn_selected,1.1001193297209368,0.2779763659805508,0.2030753067747722,0.08924933019763141
4,test,2018-01-09,esn_selected,1.1387741565480316,0.33245840376416497,0.203833258902823,0.09101156155680136
4,test,2018-01-10,esn_selected,1.3319886549823776,0.34398958636892285,0.2448139744047472,0.09114936780926082
4,test,2018-01-11,esn_selected,1.279570665015775,0.2890358715842468,0.2491364533170054,0.09252380458010306
4,test,2018-01-12,esn_selected,1.244051168871132,0.2683738277262534,0.2534058850443693,0.09551804197037737
4,test,2018-01-16,esn_selected,1.2494950322416978,0.335615769506814,0.2532678275948083,0.10155172485469997
4,test,2018-01-17,esn_selected,1.2335083735129928,0.3470332147944,0.2554899926184683,0.10528890861749021
4,test,2018-01-18,esn_selected,1.2926549236352816,0.3893688276209463,0.2593551533527689,0.10509999968112535
4,test,2018-01-19,esn_selected,1.2835765032134994,0.3033830364229616,0.2588562262699553,0.09713282093285289
4,test,2018-01-22,esn_selected,1.2069081873787273,0.21507894422138432,0.2582195206956675,0.09577300261547098
4,test,2018-01-23,esn_selected,1.2085543082494703,0.23188355799105403,0.2587160386940741,0.09742280631165251
4,test,2018-01-24,esn_selected,1.208611234724152,0.25275205342148616,0.2587532057496852,0.09948586289084102
4,test,2018-01-25,esn_selected,1.2329142229458996,0.24822263211683546,0.2647678298624609,0.09890519226662263
4,test,2018-01-26,esn_selected,1.1095903737685588,0.08858525162329493,0.2647863648842571,0.09538470192953322
4,test,2018-01-29,esn_selected,1.087659618920373,0.12309257254540532,0.2674763872671464,0.10194813913850938
4,test,2018-01-30,esn_selected,1.0207266246324531,0.18190711413129243,0.2674144716858734,0.11558200438316277
4,test,2018-01-31,esn_selected,1.0748379978636498,0.1804131390397881,0.2724163196241236,0.11137541636289118
4,test,2018-02-01,esn_selected,1.105809372607555,0.19220787109777698,0.2729972981884347,0.1094929755401475
4,test,2018-02-02,esn_selected,0.8037788806517844,0.15373203339813424,0.2647398705505739,0.1381998569257798
4,test,2018-02-05,esn_selected,0.12843123843933102,0.05851067583221401,0.2171881033841662,0.20252093244840172
4,test,2018-02-06,esn_selected,0.013592332639385148,0.13968707700647945,0.2058544184132595,0.23351911964156938
4,test,2018-02-07,esn_selected,0.008931616089910138,0.09703863879229892,0.205661973850684,0.2246044690888231
4,test,2018-02-08,esn_selected,-0.38713698603343194,0.15246244436277068,0.1662282174279896,0.2851345226935742
4,test,2018-02-09,esn_selected,-0.45768021651951163,0.11481092315539417,0.157641037717191,0.27944672740634363
4,test,2018-02-12,esn_selected,-0.5198686282856921,0.0025832162335417573,0.1506747987419086,0.25406133345829823
4,test,2018-02-13,esn_selected,-0.5137236786900878,-0.1451547916195005,0.1515209436338013,0.2190484075151046
4,test,2018-02-14,esn_selected,-0.5740197099226468,-0.3068899454946234,0.1439064637341202,0.1879720526285261
4,test,2018-02-15,esn_selected,-0.6401060189837661,-0.38899265256060916,0.1367415095350424,0.17577516702454188
4,test,2018-02-16,esn_selected,-0.5792899752739161,-0.48946046601806875,0.1450361209456293,0.15866774005985426
4,test,2018-02-20,esn_selected,-0.5878990824653494,-0.4990613931282068,0.1434391632877571,0.1567651280325564
4,test,2018-02-21,esn_selected,-0.5963461717167057,-0.4737583827576049,0.1425061152502524,0.1610915282316742
4,test,2018-02-22,esn_selected,-0.4294798027920435,-0.49813856205489493,0.1684088966846286,0.1572341619860947
4,test,2018-02-23,esn_selected,-0.40702644074330263,-0.7046164761328765,0.1762365078408192,0.13087423869241147
4,test,2018-02-26,esn_selected,-0.298943394934898,-0.7860707409226423,0.1963659353619825,0.12064502903459391
4,test,2018-02-27,esn_selected,-0.28722985922963834,-0.6535385573664931,0.2006980282344262,0.13914168536841348
4,test,2018-02-28,esn_selected,-0.3020680263804074,-0.5901869655160309,0.1976962490020116,0.14820742571997503
4,test,2018-03-01,esn_selected,-0.32927307571081016,-0.44560259878903363,0.1959889749286524,0.17446582622406592
4,test,2018-03-02,esn_selected,-0.26260216181836354,-0.45369097487111054,0.2099479696761148,0.1734294560821811
4,test,2018-03-05,esn_selected,-0.22759914073470114,-0.4919401813848972,0.2108503378642217,0.1618722658699491
4,test,2018-03-06,esn_selected,-0.01469870185104571,-0.3991850647049313,0.2140190676189896,0.14570423060965934
4,test,2018-03-07,esn_selected,0.04730567913939747,-0.3925210063068053,0.2158265101847633,0.13902422602808048
4,test,2018-03-08,esn_selected,0.10983396134915241,-0.4089107443247686,0.2295378360199728,0.13663637130382505
4,test,2018-03-09,esn_selected,0.2888867810928005,-0.35131981141759805,0.2219047928956941,0.11698454552515397
4,test,2018-03-12,esn_selected,0.37260566441736526,-0.19868590569011396,0.2288178333774904,0.1292352813383193
4,test,2018-03-13,esn_selected,0.41606477933133107,-0.05092460209046394,0.2284205946619033,0.14319384354065612
4,test,2018-03-14,esn_selected,0.41535065904687285,0.02384243005610954,0.2295393595834959,0.15517698236685812
4,test,2018-03-15,esn_selected,0.4677995862808183,0.025324230471876808,0.2297434191732215,0.147597320999554
4,test,2018-03-16,esn_selected,0.5266719118787739,0.010408700553644084,0.2315426902744098,0.1381722440875604
4,test,2018-03-19,esn_selected,0.4592073811496438,0.10243409255066539,0.2295659156714897,0.16068033813973095
4,test,2018-03-20,esn_selected,0.4699994609307038,0.09030422092543686,0.2295017046230124,0.15699519770574627
4,test,2018-03-21,esn_selected,0.47977519225225507,0.06243466578904016,0.2302487174976303,0.15168705936771731
4,test,2018-03-22,esn_selected,0.24020748904965464,0.08287288654517902,0.2141340926871895,0.1829600490172236
4,test,2018-03-23,esn_selected,0.1265517608454086,0.22030536781044324,0.2000122567359115,0.21967128179768902
4,test,2018-03-26,esn_selected,-0.07570640745337534,-0.012799235553332913,0.1820485715681989,0.1938686174731373
4,test,2018-03-27,esn_selected,-0.15557573300766092,0.12008552921959417,0.1717819084805562,0.22630574987896332
4,test,2018-03-28,esn_selected,-0.1209234053139754,0.14702131473137162,0.1751790075671419,0.22900711468072818
4,test,2018-03-29,esn_selected,-0.14629616085460018,0.08853284270517037,0.1693152304543501,0.2141317007924014
4,test,2018-04-02,esn_selected,-0.3162080057268346,0.1623145381682866,0.1530327163436691,0.24694713237240515
4,test,2018-04-03,esn_selected,-0.365222804089884,0.12529061054242202,0.1463389898238656,0.2389941783161688
4,test,2018-04-04,esn_selected,-0.4005035218496711,0.04026311594499152,0.1433890535573264,0.22281196913030682
4,test,2018-04-05,esn_selected,-0.42666788578144804,-0.10754628457777575,0.1408657072365079,0.1938197506464921
4,test,2018-04-06,esn_selected,-0.6108703205742175,-0.06709415084197556,0.1246110838893285,0.21464247305017886
4,test,2018-04-09,esn_selected,-0.582254728931782,-0.07686094397395832,0.1239643098174825,0.20548796856245655
4,test,2018-04-10,esn_selected,-0.7270445035712093,-0.2564614123928365,0.1105957538037937,0.17705577344692552
4,test,2018-04-11,esn_selected,-0.692945496271745,-0.31657778594487795,0.1142333340764707,0.166436000982514
4,test,2018-04-12,esn_selected,-0.6885100144960044,-0.3995374274059545,0.1153031217295763,0.153936024202464
4,test,2018-04-13,esn_selected,-0.6890874569551145,-0.41704374183138254,0.1153390048806097,0.1513990968360372
4,test,2018-04-16,esn_selected,-0.7295775327844168,-0.5217100306006371,0.11162965394164,0.1374216907648839
4,test,2018-04-17,esn_selected,-0.7552568347773576,-0.6158156463289999,0.1078707086383973,0.12401153136847548
4,test,2018-04-18,esn_selected,-0.7458246546632569,-0.5778097772534878,0.1088625200679495,0.12877937640506026
4,test,2018-04-19,esn_selected,-0.7654101041646879,-0.5945724260873697,0.1070986102214384,0.12705088544293053
4,test,2018-04-20,esn_selected,-0.7306300785331942,-0.5334135413370642,0.103128145045221,0.12561088054111685
4,test,2018-04-23,esn_selected,-0.6302414186134834,-0.4544689103355345,0.1064991740517037,0.12696478163167954
4,test,2018-04-24,esn_selected,-0.6449839764871783,-0.21992743486612493,0.0955155968289738,0.1461080027878087
4,test,2018-04-25,esn_selected,-0.5859332669113039,-0.15157448753244343,0.0956114355275591,0.14762144763225046
4,test,2018-04-26,esn_selected,-0.6781487052229268,-0.17559604272033869,0.0889131140512739,0.146967622700428
4,test,2018-04-27,esn_selected,-0.6402834121860751,-0.18946651249593602,0.0892533392248346,0.1400914934690421
4,test,2018-04-30,esn_selected,-0.48368377409928776,-0.07661326562351026,0.0943459133117746,0.14174624688018658
4,test,2018-05-01,esn_selected,-0.329673737185338,-0.055269972033176094,0.1052409035035223,0.13847029228181224
4,test,2018-05-02,esn_selected,-0.3136898767840453,0.012889895426756632,0.1047809220116972,0.14524928681277205
4,test,2018-05-03,esn_selected,-0.24648659971234194,0.011917198623875061,0.1100924432309449,0.1425544745502308
4,test,2018-05-04,esn_selected,-0.2043485974607437,0.05514839076828622,0.1015802331605271,0.1316762092519951
4,test,2018-05-07,esn_selected,-0.20583177499435254,0.050091574677254495,0.1009032286265733,0.1303320304604869
4,test,2018-05-08,esn_selected,-0.050565409473525766,0.11695625745172983,0.1051424698849083,0.12431739761341283
4,test,2018-05-09,esn_selected,-0.1386455874570935,0.06540350092222691,0.0994442871554945,0.1219543321041338
4,test,2018-05-10,esn_selected,-0.2002348023358407,0.02961085919359372,0.09438004842818,0.11876839794133619
4,test,2018-05-11,esn_selected,-0.20589136370128366,0.007295314831975889,0.0938768950418695,0.11618351597526057
4,test,2018-05-14,esn_selected,-0.17217284154873683,0.047753015265323814,0.0939735997805674,0.11708963425573102
4,test,2018-05-15,esn_selected,-0.1654435097098216,0.13978560584881944,0.0914223390221922,0.12405425045391258
4,test,2018-05-16,esn_selected,-0.18317445694666584,0.1307912903110984,0.0906414256600899,0.1240738673491368
4,test,2018-05-17,esn_selected,-0.16613406885809434,0.10928945541236465,0.090705312902038,0.1194669132332246
4,test,2018-05-18,esn_selected,-0.12990945717145497,0.09575944512913566,0.0905645525630634,0.11349193608942047
4,test,2018-05-21,esn_selected,-0.19489761566442085,0.06324213423734276,0.0876401839867588,0.11345194599593139
4,test,2018-05-22,esn_selected,-0.09004037891572275,0.14136391205563614,0.0872911578283243,0.11001904242760643
4,test,2018-05-23,esn_selected,-0.06526453945711438,0.10521056463425896,0.08957066724959,0.10621899952201069
4,test,2018-05-24,esn_selected,0.006670853752260389,0.140275638316166,0.0895082231678339,0.10230262010399006
4,test,2018-05-25,esn_selected,0.12881481342958867,0.20133548046895006,0.101523839992225,0.10915995839613275
4,test,2018-05-29,esn_selected,-0.012421245984232552,0.2531156494582649,0.093181267664095,0.12152057696819345
4,test,2018-05-30,esn_selected,-0.20567303811183416,0.1919337704709287,0.0856765366321679,0.1275088548229033
4,test,2018-05-31,esn_selected,-0.20582284040240595,0.21587624399332977,0.0852892885742378,0.1300277588706428
4,test,2018-06-01,esn_selected,-0.34348747152587766,0.10467980098915783,0.0780877296965117,0.12224169687893835
4,test,2018-06-04,esn_selected,-0.2818728057330332,0.10775680790242993,0.07662904289682,0.11313771218488744
4,test,2018-06-05,esn_selected,-0.2624922608841951,0.11085642010467468,0.0776079340010715,0.11273256646035482
4,test,2018-06-06,esn_selected,-0.30712420807997637,0.03292468284901598,0.0773385144867126,0.10866187203587797
4,test,2018-06-07,esn_selected,-0.181777387701989,0.13024181363521178,0.0829153469911078,0.11327736547207928
4,test,2018-06-08,esn_selected,-0.06782952801982908,0.1429013293855284,0.0881905814824425,0.10887833093242566
4,test,2018-06-11,esn_selected,-0.05354329872280652,0.14482144562218682,0.0889826136162444,0.10850602944594286
4,test,2018-06-12,esn_selected,-0.014653716164563709,0.13446061553988647,0.0926065777605482,0.1074982431845601
4,test,2018-06-13,esn_selected,0.06263850551914715,0.16284454621825745,0.0973320534034647,0.10759072060178042
4,test,2018-06-14,esn_selected,0.0674091753845711,0.13811971429710462,0.0969621329958796,0.10406659801372489
4,test,2018-06-15,esn_selected,0.06614558195218953,0.11818078329112827,0.0969079456518802,0.10208407263928813
4,test,2018-06-18,esn_selected,0.07572209374726423,0.12432974221214695,0.0976886107124202,0.10255432176550179
4,test,2018-06-19,esn_selected,0.10167889782196858,0.2545789088015704,0.097020132827924,0.11304868005280828
4,test,2018-06-20,esn_selected,0.11322263559265312,0.22492161828632778,0.0977557292508337,0.10930813177662628
4,test,2018-06-21,esn_selected,0.06157811051549925,0.2859265428586021,0.0952596196350494,0.11921808164670669
4,test,2018-06-22,esn_selected,0.06236755034536348,0.26611238748556576,0.0952683884889099,0.1167976426636206
4,test,2018-06-25,esn_selected,-0.1915734584664114,0.2915778631695665,0.0838240692840036,0.13589350273361553
4,test,2018-06-26,esn_selected,-0.048995800995376315,0.30048327560817384,0.0887258172704715,0.12584235670573815
4,test,2018-06-27,esn_selected,-0.01872601833406432,0.4164844264043592,0.0840870847357321,0.12993878170744774
4,test,2018-06-28,esn_selected,-0.0021118520172658745,0.3973693315107803,0.0851093602759531,0.1269023895279524
4,test,2018-06-29,esn_selected,0.10768658271467059,0.44670174722084727,0.0869661982291741,0.12206267978923484
4,test,2018-07-02,esn_selected,0.14262615133787276,0.4065897526263299,0.0883761649755435,0.11507290771379142
4,test,2018-07-03,esn_selected,0.12203426169231399,0.41731916020994797,0.0876808858124762,0.11780006517134817
4,test,2018-07-05,esn_selected,0.09467480270439556,0.34200139023875775,0.0850183300706251,0.10887424152419833
4,test,2018-07-06,esn_selected,-0.023096073521407547,0.2125842048074863,0.0810222734743933,0.10255552675792452
4,test,2018-07-09,esn_selected,-0.15355169921517922,0.12005383344812738,0.0756372186467039,0.09943995601203418
4,test,2018-07-10,esn_selected,-0.16473673189058888,0.10215442241605627,0.0754676634724793,0.09855309322154512
4,test,2018-07-11,esn_selected,-0.2679170485762279,0.13070049965389116,0.0708413680589724,0.10553690191211174
4,test,2018-07-12,esn_selected,-0.42913580821904007,0.048292348545569075,0.0633701262328388,0.10214779264726127
4,test,2018-07-13,esn_selected,-0.3598749487246184,0.05896280516685855,0.0676566447373092,0.10285120436685274
4,test,2018-07-16,esn_selected,-0.34138347681692266,0.08686599446724405,0.0688808387616917,0.10570239049568664
4,test,2018-07-17,esn_selected,-0.31831229638222897,0.0306996347986271,0.0710563114563152,0.10073412427461848
4,test,2018-07-18,esn_selected,-0.25069392382034283,0.03791488049620591,0.0755069411713543,0.10076926439153876
4,test,2018-07-19,esn_selected,-0.20517732926703797,0.013550962758755525,0.0796223218780914,0.09908942955018078
4,test,2018-07-20,esn_selected,-0.16845650608826812,0.016731051313869816,0.080491331577788,0.09686682081041845
4,test,2018-07-23,esn_selected,-0.1674622399847778,-0.034635811436309935,0.0805788179506574,0.09202518033921112
4,test,2018-07-24,esn_selected,-0.05898355894953906,0.03670917775263082,0.0790228167397613,0.08695835857127718
4,test,2018-07-25,esn_selected,-0.19390750027591186,0.056652516493610416,0.0730864808741671,0.09389746849440893
4,test,2018-07-26,esn_selected,-0.14472693715457607,0.13002456166184526,0.0727570673986915,0.09576311084033447
4,test,2018-07-27,esn_selected,-0.1691360497243294,0.19515557325419444,0.0718658345224251,0.10345043346521805
4,test,2018-07-30,esn_selected,-0.1504025812828701,0.2791591321508185,0.0748223723444592,0.11497085359132124
4,test,2018-07-31,esn_selected,-0.19418814341542975,0.21744566677386432,0.0727780328352071,0.10984254959485007
4,test,2018-08-01,esn_selected,-0.1562831149929219,0.2697224252978597,0.0749949524754365,0.11482696593828996
4,test,2018-08-02,esn_selected,-0.14029578715813457,0.22281390912183574,0.073889526601045,0.10623788632576996
4,test,2018-08-03,esn_selected,-0.1137050723719388,0.22535975945378006,0.0723140923902376,0.10150254352131641
4,test,2018-08-06,esn_selected,-0.057651773203256776,0.2441246456241463,0.0713999164358736,0.09655116912444538
4,test,2018-08-07,esn_selected,-0.0598827162653427,0.23232372828293463,0.0710811050594594,0.09520457471904055
4,test,2018-08-08,esn_selected,0.014366774853727093,0.2759465511117687,0.0718664761606956,0.09335315582554979
4,test,2018-08-09,esn_selected,0.12814815397400403,0.3346135336456011,0.0720341786105283,0.088553429142745
4,test,2018-08-10,esn_selected,0.00866870438779291,0.40494181654841954,0.0682456896297145,0.10143187477183298
4,test,2018-08-13,esn_selected,-0.013649546480114986,0.49417452951253626,0.0679470340548598,0.11290565592886063
4,test,2018-08-14,esn_selected,-0.10315402999052478,0.425198616782585,0.064091942359234,0.1087086424769435
4,test,2018-08-15,esn_selected,-0.1978729346317595,0.45062881350042766,0.0619514896283724,0.1184929424685284
4,test,2018-08-16,esn_selected,-0.3707800735400051,0.36422097033456946,0.0549549855513279,0.11460775240172465
4,test,2018-08-17,esn_selected,-0.34965830068770826,0.32772332929298875,0.0567406676234748,0.11170626873306155
4,test,2018-08-20,esn_selected,-0.30458146856353047,0.2985161899697724,0.0594213947103082,0.10860875273739631
4,test,2018-08-21,esn_selected,-0.2929105361386939,0.31776390098579077,0.0589580452865707,0.10858144442392192
4,test,2018-08-22,esn_selected,-0.10933458107916388,0.31884322196458686,0.0655169461096959,0.10053306028408655
4,test,2018-08-23,esn_selected,-0.10617977049637334,0.2958589274309224,0.0654277367061086,0.09780590711228529
4,test,2018-08-24,esn_selected,-0.13196391387924916,0.2538821464357607,0.0629812496455645,0.09263648937267424
4,test,2018-08-27,esn_selected,-0.27994237079473977,0.24343953939850935,0.0565527915136113,0.09544560224267848
4,test,2018-08-28,esn_selected,-0.23530058260715006,0.3009462440653111,0.0575188994733997,0.09833307169743324
4,test,2018-08-29,esn_selected,-0.30700846964704365,0.28502093169796333,0.0551696145844239,0.09972752754724827
4,test,2018-08-30,esn_selected,-0.3274096336359424,0.3412324895713524,0.0532587153817093,0.10393893711128202
4,test,2018-08-31,esn_selected,-0.27983504364050205,0.37140621863464746,0.0546628315446969,0.1048389375405629
4,test,2018-09-04,esn_selected,-0.2726922652901837,0.37838635184371083,0.0543586869177591,0.10423865718960064
4,test,2018-09-05,esn_selected,-0.2832900795807438,0.4181649788889299,0.0535454845005021,0.10798437370668612
4,test,2018-09-06,esn_selected,-0.19051355358902416,0.43740183227284074,0.0594001259032089,0.1112980493209121
4,test,2018-09-07,esn_selected,-0.14565522749445278,0.4428096368920332,0.0622703557448844,0.11216268322568344
4,test,2018-09-10,esn_selected,-0.09655452961796471,0.41209961881892754,0.0619643826660606,0.10304995753769466
4,test,2018-09-11,esn_selected,-0.10666059300250555,0.35399411213380827,0.0610728795472019,0.09680731918536735
4,test,2018-09-12,esn_selected,0.70345700397995,0.4203947356108073,0.1295122738976825,0.09758398456785028
4,test,2018-09-13,esn_selected,0.8861900357077928,0.3995140432584382,0.1502862320069511,0.09237586070177788
4,test,2018-09-14,esn_selected,1.05645531953682,0.4581265530181846,0.1580592124462908,0.08688982689527776
4,test,2018-09-17,esn_selected,1.0253721695957316,0.5147795375387454,0.1582005236329527,0.09494243240257282
4,test,2018-09-18,esn_selected,1.0789636336917525,0.5160494477979808,0.1747957196020606,0.09955435631523545
4,test,2018-09-19,esn_selected,1.0865644177565423,0.48557745868561425,0.1747559644523187,0.09581349608843032
4,test,2018-09-20,esn_selected,1.0104140317979076,0.4338605384898583,0.1799578866046567,0.10110598942982864
4,test,2018-09-21,esn_selected,1.0116708049012944,0.4361118910601706,0.179938852008579,0.10119589251879957
4,test,2018-09-24,esn_selected,1.0515609140692022,0.43822979497697834,0.1802595887120209,0.09761848318606606
4,test,2018-09-25,esn_selected,1.164082731249358,0.4980742063782919,0.1811376602808596,0.09306040247992589
4,test,2018-09-26,esn_selected,1.3009104812651133,0.5199245474201439,0.2112461542962432,0.09674107965508613
4,test,2018-09-27,esn_selected,1.3843573855407454,0.4831831666844322,0.220251423264821,0.08944245950633102
4,test,2018-09-28,esn_selected,1.4589093484124602,0.47178027728057825,0.22907989032204,0.085365474365631
4,test,2018-10-01,esn_selected,1.4351434872099036,0.4447441194638549,0.2295974295940455,0.08527898867655509
4,test,2018-10-02,esn_selected,1.4658976124079564,0.4384064371721188,0.2354508168733298,0.08426873099408096
4,test,2018-10-03,esn_selected,1.4936032288785217,0.4207236346313662,0.2384440518005149,0.08155316223183794
4,test,2018-10-04,esn_selected,1.395401656237129,0.4216972821159519,0.239774285129193,0.09055828060885082
4,test,2018-10-05,esn_selected,1.3486279353401418,0.39369039185968224,0.2398739116469192,0.09231215967932485
4,test,2018-10-08,esn_selected,1.3568571651944508,0.4449527215258134,0.2406676442118544,0.09669024016612209
4,test,2018-10-09,esn_selected,1.3754282745822748,0.4807273903602268,0.2416513952906652,0.09877013562583152
4,test,2018-10-10,esn_selected,0.5560622040830432,0.2854037968851982,0.2258425013993605,0.1722900601502228
4,test,2018-10-11,esn_selected,0.34239235878344315,0.42399835620815435,0.2116500171364739,0.2296462417134125
4,test,2018-10-12,esn_selected,0.27858203795585973,0.2145290066192394,0.208836523793762,0.1958793153858129
4,test,2018-10-15,esn_selected,0.3224349405556636,0.09750209011055397,0.2183934616290203,0.1744024318342589
4,test,2018-10-16,esn_selected,0.15724335299169223,-0.19424497783105593,0.2045599994943227,0.1439366104844365
4,test,2018-10-17,esn_selected,0.16450219125034993,-0.25432892491670894,0.2060034061013682,0.13551218831768946
4,test,2018-10-18,esn_selected,0.11951899900580562,-0.1788124039862584,0.2028043779918169,0.15049207969951459
4,test,2018-10-19,esn_selected,0.1206118964019112,-0.2923116866419286,0.2030046689465094,0.13433079743831206
4,test,2018-10-22,esn_selected,0.15860058125816334,-0.40412070621215856,0.2112407657268636,0.1203347286799725
4,test,2018-10-23,esn_selected,0.19736692937789765,-0.3501283385493067,0.2206602582329888,0.12762917100565896
4,test,2018-10-24,esn_selected,-0.09491128111103565,-0.21455094445793652,0.1921185790183191,0.1704553042333951
4,test,2018-10-25,esn_selected,-0.1852457788720987,-0.3382662007202672,0.1830069166384373,0.15704046737517485
4,test,2018-10-26,esn_selected,-0.23564588038257436,-0.361355403993374,0.1809869498458257,0.15960713743020025
4,test,2018-10-29,esn_selected,-0.24168392040351644,-0.23027373127175868,0.1803038618189168,0.18237294484961725
4,test,2018-10-30,esn_selected,-0.2115401154441665,-0.32647903980229837,0.1905590138632324,0.16986822786819028
4,test,2018-10-31,esn_selected,-0.24328664549535842,-0.42786636724225213,0.1869512810316343,0.15544132541956798
4,test,2018-11-01,esn_selected,-0.2625779328301315,-0.5787405970629235,0.1844023526332648,0.13441841097430138
4,test,2018-11-02,esn_selected,-0.23810242814978785,-0.5598749087123771,0.1890498976603113,0.13703529336277878
4,test,2018-11-05,esn_selected,-0.08333129735710218,-0.6195600783820953,0.2214253726554506,0.12952278785566868
4,test,2018-11-06,esn_selected,-0.09225044330370658,-0.6121902426381772,0.2203562883713659,0.13101422821755423
4,test,2018-11-07,esn_selected,-0.011275354629961237,-0.7370433954956135,0.2233103493882641,0.10807165338134558
4,test,2018-11-08,esn_selected,0.05366542400061636,-0.6222997887699788,0.2233186045874371,0.11359440566446653
4,test,2018-11-09,esn_selected,0.05473141924366183,-0.579735416033618,0.2205850163684906,0.11695816971431953
4,test,2018-11-12,esn_selected,-0.03475690227604894,-0.381115358492935,0.2109331805681212,0.14918437354531716
4,test,2018-11-13,esn_selected,0.030199515840093612,-0.3161799567146749,0.2108318390399713,0.14910956507560452
4,test,2018-11-14,esn_selected,0.06401364330975574,-0.20500915966890848,0.2196216617095678,0.16781858478237716
4,test,2018-11-15,esn_selected,0.11554078750488095,-0.16320018152947344,0.2276439183975895,0.17226632452561524
4,test,2018-11-16,esn_selected,0.11387944160299854,-0.15749938182106998,0.2274904865415369,0.17342228894124018
4,test,2018-11-19,esn_selected,0.0663398102775229,-0.0451983794748859,0.2257297219523549,0.2019055821988034
4,test,2018-11-20,esn_selected,0.012777415867523095,-0.01809815664757873,0.2234978158392349,0.21670263517840135
4,test,2018-11-21,esn_selected,0.20128966529000264,-0.02322516557924499,0.2349569828616767,0.18770800956901973
4,test,2018-11-23,esn_selected,0.3212412905319407,0.0009268412441516742,0.2523369350964627,0.18317661362567825
4,test,2018-11-26,esn_selected,0.511176000228039,-0.11147545293713566,0.3017506242059964,0.1618952425973483
4,test,2018-11-27,esn_selected,0.5182135019098272,-0.07789884344586802,0.3027347624637063,0.16679152935395702
4,test,2018-11-28,esn_selected,0.42606238063035473,-0.14349221705412218,0.2917870663083153,0.16508652222735543
4,test,2018-11-29,esn_selected,0.4504219405410904,-0.04780944945525001,0.2933217103491671,0.17822353984587816
4,test,2018-11-30,esn_selected,0.46151787395024935,-0.04629621837959045,0.292550687806921,0.17605982481046464
4,test,2018-12-03,esn_selected,0.4659501450167657,-0.2144922170467979,0.3012562206393623,0.15255402139162383
4,test,2018-12-04,esn_selected,0.30791181219975866,-0.10001157099686284,0.3012671542889019,0.20035164419954918
4,test,2018-12-06,esn_selected,0.3168560801134366,-0.03926275469859622,0.3025062108812328,0.21187213889155682
4,test,2018-12-07,esn_selected,0.2704354918260032,0.08690436192523261,0.292656040745483,0.24358522155872533
4,test,2018-12-10,esn_selected,0.27173176832388296,0.09500922847780963,0.2930464826401556,0.2455765473362404
4,test,2018-12-11,esn_selected,0.2849530720270389,0.08338315572768219,0.2933118138875255,0.23976669300777176
4,test,2018-12-12,esn_selected,0.32785519781054945,0.03016948451032358,0.2927727179544964,0.21739389405319395
4,test,2018-12-13,esn_selected,0.3310720404360937,-0.02259945049204657,0.2935749241214261,0.20612059164747665
4,test,2018-12-14,esn_selected,0.274070371020267,0.028168835290207264,0.2888699877332136,0.22589610512260355
4,test,2018-12-17,esn_selected,0.20810989107833697,0.08486386339684183,0.2803089920637748,0.2478060813149802
4,test,2018-12-18,esn_selected,0.21324782345366242,0.13918624150799785,0.2815630056213254,0.2614634914270889
4,test,2018-12-19,esn_selected,0.2168002802668158,0.16056611494166756,0.2803779861358968,0.265046286816432
4,test,2018-12-20,esn_selected,0.21993375985743038,0.23034011632751755,0.2784769806885131,0.281390042308637
4,test,2018-12-21,esn_selected,0.13423080521220804,0.33005592088931723,0.2687101396735368,0.3268359511666307
4,test,2018-12-24,esn_selected,-0.003943417622455689,0.38931509318091845,0.2513438245914903,0.37244163153589926
4,test,2018-12-26,esn_selected,-0.5005937085001171,0.08894413967757683,0.182912376292028,0.32981934602437035
4,test,2018-12-27,esn_selected,-0.5039051930722895,0.1672439282254359,0.1829022500994006,0.35784537474063
4,test,2018-12-28,esn_selected,-0.4670541016247756,0.17379139721221876,0.1829056067503273,0.34717039402846994
4,test,2018-12-31,esn_selected,-0.4411535985877587,0.02284913718527407,0.1886920640576236,0.3001010140241261
4,test,2019-01-02,esn_selected,-0.4253581413355023,0.013495976441959894,0.1911923141732583,0.29652570805298467
4,test,2019-01-03,esn_selected,-0.5668674958530037,0.0732642025778553,0.1709025717297939,0.3241561475545473
4,test,2019-01-04,esn_selected,-0.8631710933279131,-0.16987070394588732,0.1270812103350005,0.2542013635782113
4,test,2019-01-07,esn_selected,-0.8848137279097831,-0.26306904052822555,0.1248718587115342,0.23253314373596704
4,test,2019-01-08,esn_selected,-0.8875968141351757,-0.38297810729936027,0.1204700510366644,0.19954103207849871
4,test,2019-01-09,esn_selected,-0.8594287324535639,-0.46977157011725945,0.1240770207429064,0.18319655915163618
4,test,2019-01-10,esn_selected,-0.8648177530547787,-0.5299209980017777,0.1235219040797644,0.1726584311418467
4,test,2019-01-11,esn_selected,-0.8629126796550362,-0.48634122671052404,0.1235299851958312,0.18001773515050948
4,test,2019-01-14,esn_selected,-0.8162300765208852,-0.47391753455746044,0.1297880594679583,0.18276759082641256
4,test,2019-01-15,esn_selected,-0.8468318763616656,-0.5313414480044087,0.1238591262431151,0.16980237646508092
4,test,2019-01-16,esn_selected,-0.8171216447773901,-0.4785852147559322,0.123812818020482,0.17369611781279207
4,test,2019-01-17,esn_selected,-0.7973812169862939,-0.5188535868224886,0.1268461616454296,0.16758700625783512
4,test,2019-01-18,esn_selected,-0.8654267993740694,-0.597574920860359,0.1180032119389208,0.15424831245943973
4,test,2019-01-22,esn_selected,-0.9480459993400895,-0.48471748256487346,0.1079091211431212,0.17150594294858695
4,test,2019-01-23,esn_selected,-0.9078625868253805,-0.39190446793824396,0.1083937753214105,0.18158589328653063
4,test,2019-01-24,esn_selected,-0.821122259594149,-0.3976864632259344,0.1105756123136966,0.16887104184754637
4,test,2019-01-25,esn_selected,-0.5402666485517088,-0.272450589720918,0.106563448843709,0.13928979659137236
4,test,2019-01-28,esn_selected,-0.5732863969071339,-0.12789895284969865,0.1030965018494206,0.16094342485592691
4,test,2019-01-29,esn_selected,-0.5742416910598666,-0.1000907658484844,0.1029999516279793,0.16548481590485092
4,test,2019-01-30,esn_selected,-0.7758418673088043,-0.20422035899710678,0.0868579936619428,0.153837374795728
4,test,2019-01-31,esn_selected,-0.8215375583080358,-0.25867304993765816,0.0840777733467484,0.14761488471479992
4,test,2019-02-01,esn_selected,-0.6978562183331195,-0.19795079501496596,0.085049838489263,0.14021021654272442
4,test,2019-02-04,esn_selected,-0.44457900173442877,-0.07866955291657482,0.0814710165479689,0.11746692218546911
4,test,2019-02-05,esn_selected,-0.40895015844708393,-0.039801183453743894,0.0829582876254437,0.11999941859580857
4,test,2019-02-06,esn_selected,-0.3137191986484599,0.0051885897146357555,0.0880303801851065,0.12109674512769282
4,test,2019-02-07,esn_selected,-0.4201805724456468,0.08816319264503947,0.0815096921578475,0.1355127457469364
4,test,2019-02-08,esn_selected,-0.2509509909938309,0.08874131429164077,0.096107514769983,0.13498448090927018
4,test,2019-02-11,esn_selected,-0.24165026389622193,0.0974527086207153,0.0970119006226869,0.13617442902718288
4,test,2019-02-12,esn_selected,-0.3784277008174929,0.01642171855505263,0.0888967076431421,0.1319369987984555
4,test,2019-02-13,esn_selected,-0.33978527022331584,0.028515424030091944,0.088178182711886,0.12744186057669155
4,test,2019-02-14,esn_selected,-0.3239636749009877,0.0715565446493054,0.0895509035294012,0.1329971151879037
4,test,2019-02-15,esn_selected,-0.4377208568508799,0.01681090681269201,0.0818799516040375,0.12899658529073424
4,test,2019-02-19,esn_selected,-0.36821708604827036,0.016843679854478034,0.0816543225390052,0.1200076539627669
4,test,2019-02-20,esn_selected,-0.27406273371655443,0.03683366731318689,0.0820416190812086,0.11195791808483978
4,test,2019-02-21,esn_selected,-0.1822535779376659,0.07931003936021497,0.0903342867139516,0.11734058669971244
4,test,2019-02-22,esn_selected,0.008546025968009074,0.06556347099682863,0.1115246438158879,0.11806827186441797
4,test,2019-02-25,esn_selected,0.04485395308483365,0.1232768421051552,0.1114520579205513,0.12054431126175419
4,test,2019-02-26,esn_selected,0.10490317142056838,0.17532099314768526,0.1144992911542226,0.12285274633535169
4,test,2019-02-27,esn_selected,0.11879207227549474,0.15088542266639418,0.1159919266539735,0.11977487525385927
4,test,2019-02-28,esn_selected,0.29429474177878556,0.21306837957153277,0.1165790134429236,0.10748409766036707
4,test,2019-03-01,esn_selected,0.32718203556479575,0.2257348293735476,0.1166204074049251,0.10536990594939467
4,test,2019-03-04,esn_selected,0.37077031590696785,0.2827063792402529,0.1232244803793034,0.11283694353723721
4,test,2019-03-05,esn_selected,0.4130909876317385,0.320237131854456,0.123142019508566,0.11222260727688332
4,test,2019-03-06,esn_selected,0.38048494614798584,0.38565197245523775,0.1213674679777699,0.12199619981579787
4,test,2019-03-07,esn_selected,0.29319348992028915,0.40960193141066237,0.1180225224173991,0.1325929508976038
4,test,2019-03-08,esn_selected,0.37881136371633084,0.4025328372316116,0.1190487769034609,0.12190655060691942
4,test,2019-03-11,esn_selected,0.11254533944179188,0.2602438267386493,0.1075561298842655,0.1246751228827102
4,test,2019-03-12,esn_selected,0.10979628949854953,0.2566863010134449,0.1082701992154172,0.12540142086835157
4,test,2019-03-13,esn_selected,0.17969315020355708,0.2515731659836906,0.1063960293053313,0.11432534342004429
4,test,2019-03-14,esn_selected,0.1876234501653427,0.29092366560203753,0.1063763226901205,0.1179526457211769
4,test,2019-03-15,esn_selected,0.18382621359459295,0.2728415942129349,0.1076228979930368,0.11764231737163983
4,test,2019-03-18,esn_selected,0.2664396742998171,0.315209920260132,0.1068786249169263,0.11222032091269248
4,test,2019-03-19,esn_selected,0.2694017140382746,0.36675398359371364,0.1069002836996759,0.11783068739120849
4,test,2019-03-20,esn_selected,0.2629662299391427,0.3986984174417082,0.1067183262216723,0.12223251428813521
4,test,2019-03-21,esn_selected,0.09400665693996038,0.32739786285060296,0.0992382716811053,0.12532557472747052
4,test,2019-03-22,esn_selected,-0.4458638336398349,0.37466943084908666,0.0714059895876338,0.1622137675390584
4,test,2019-03-25,esn_selected,-0.3554715933029693,0.3498135120037832,0.07811037818634,0.15812850680076285
4,test,2019-03-26,esn_selected,-0.43719306071151576,0.20290389422879632,0.0739489929789763,0.14025644912493568
4,test,2019-03-27,esn_selected,-0.4823949769851783,0.2359800913658857,0.0716021866918038,0.1468630738437151
4,test,2019-03-28,esn_selected,-0.47858434846868064,0.18745720850515485,0.0722393507469472,0.14061511520278938
4,test,2019-03-29,esn_selected,-0.5258044095913227,0.10218849755474535,0.0689319557606178,0.12916785715700918
4,test,2019-04-01,esn_selected,-0.8102211016139499,-0.02863966272062821,0.054805285176156,0.11974543003515693
4,test,2019-04-02,esn_selected,-0.7028853221494579,-0.11782679310318236,0.0609743325224739,0.10945478332985582
4,test,2019-04-03,esn_selected,-0.6846599212913801,-0.07517177739518772,0.0612009644021169,0.11257853775954565
4,test,2019-04-04,esn_selected,-0.5272573224688231,-0.06936744844235523,0.0696594348360895,0.11011310070039543
4,test,2019-04-05,esn_selected,-0.5441792716058306,-0.12227927616628471,0.0690861327932812,0.10534640579934987
4,test,2019-04-08,esn_selected,-0.16365652394651467,-0.040662935310884,0.0913187675673892,0.10327030947638022
4,test,2019-04-09,esn_selected,-0.18910860965451892,0.05378621418991556,0.0896148764183353,0.1142530998415124
4,test,2019-04-10,esn_selected,-0.17354258493373892,0.049329193685878084,0.0894451575553019,0.11177606513342882
4,test,2019-04-11,esn_selected,-0.15402395519792064,0.05390379855580792,0.0911912606094647,0.11226776979219208
4,test,2019-04-12,esn_selected,0.15855500594650357,-0.011840134295406255,0.1261142746582929,0.10635614250380207
4,test,2019-04-15,esn_selected,0.19644996074572432,0.02285409805050827,0.1300792402022496,0.1093493652208095
4,test,2019-04-16,esn_selected,0.20863345869126504,0.023688272387147633,0.1317004374881884,0.10946279767769508
4,test,2019-04-17,esn_selected,0.23823240616280336,-0.011287989506699155,0.1354259916983245,0.1055204643205357
4,test,2019-04-18,esn_selected,0.3238533983717815,0.01778764111863883,0.1371914151439003,0.10101927944747494
4,test,2019-04-22,esn_selected,0.6672724427302473,0.1962197015192149,0.1391641534390855,0.08688639451145623
4,test,2019-04-23,esn_selected,0.5776709923795472,0.22416672157832146,0.1391835998381697,0.09773792412820148
4,test,2019-04-24,esn_selected,0.6338880039733606,0.33392755783949657,0.1393883016410994,0.10326547807372322
4,test,2019-04-25,esn_selected,0.7127779598008319,0.3923864298068641,0.1460433614270482,0.1060077329378911
4,test,2019-04-26,esn_selected,0.6990347995037903,0.3697569163752678,0.1453318460644067,0.10455798919275493
4,test,2019-04-29,esn_selected,0.7705900086384813,0.41610100284621704,0.1489647764411266,0.1045035322722986
4,test,2019-04-30,esn_selected,1.0125602154530546,0.5169389054039655,0.150859184626744,0.09190225251187437
4,test,2019-05-01,esn_selected,0.8920036428167626,0.5351929224477009,0.148778205032906,0.10413060408144427
4,test,2019-05-02,esn_selected,0.9369078469329915,0.561585687493999,0.1561896219678662,0.10731287521183155
4,test,2019-05-03,esn_selected,0.784090501550754,0.4229544162320231,0.152582991301723,0.10633266916073682
4,test,2019-05-06,esn_selected,0.9000606066890722,0.4008483152085296,0.1699347660275904,0.10315186735786491
4,test,2019-05-07,esn_selected,0.573194082777547,0.41108155696497756,0.1619925600548101,0.13774964663652006
4,test,2019-05-08,esn_selected,0.6015601215730279,0.43382475085474426,0.1635439005561434,0.1382890539657713
4,test,2019-05-09,esn_selected,0.6242088635256533,0.34749182921197497,0.1669734029973718,0.12661076047237857
4,test,2019-05-10,esn_selected,0.6039378865520946,0.2682624068578516,0.1668169247978402,0.1192499216441198
4,test,2019-05-13,esn_selected,0.10615483861672563,0.2111764393867938,0.1402383221316341,0.15576755703293105
4,test,2019-05-14,esn_selected,0.04959218750258507,0.13197245493083395,0.1366927890671862,0.14843041457640224
4,test,2019-05-15,esn_selected,0.03138866454952002,0.044431004347798154,0.135899901335313,0.13768396290630386
4,test,2019-05-16,esn_selected,-0.025928224929880495,-0.04796145269999555,0.1319597668383607,0.1290840640823933
4,test,2019-05-17,esn_selected,-0.0542824038078664,-0.06270380654115373,0.1299428499060466,0.12885314370223655
4,test,2019-05-20,esn_selected,-0.04505809039650599,-0.09647843312588708,0.1330328520936108,0.12636515398576026
4,test,2019-05-21,esn_selected,-0.0728119161764464,-0.20223184165855987,0.1294095274854526,0.11369985006274265
4,test,2019-05-22,esn_selected,-0.04471727181343414,-0.22202414527507874,0.1332925455987005,0.11163553688958201
4,test,2019-05-23,esn_selected,-0.14720408434482907,-0.14821750218801363,0.1260526263686881,0.12592494709510021
4,test,2019-05-24,esn_selected,-0.14376224309435073,-0.15995940205523565,0.1258709880492683,0.12384865786168682
4,test,2019-05-28,esn_selected,-0.16455655068096292,-0.06419573311057841,0.1263623189370117,0.13970235800239264
4,test,2019-05-29,esn_selected,-0.1950026463787539,-0.050302038945436604,0.1241318370966656,0.14345835881739905
4,test,2019-05-30,esn_selected,-0.17903608804274074,-0.08577552708025055,0.1243898458626401,0.13654867070832913
4,test,2019-05-31,esn_selected,-0.2963785668783659,-0.051826733789454786,0.1161279067054281,0.1483010101634677
4,test,2019-06-03,esn_selected,-0.23906706982612938,0.019405345433845055,0.1201380602388891,0.15557283258421975
4,test,2019-06-04,esn_selected,-0.5994235576623439,-0.19673344200487275,0.0933159527379914,0.139586040952685
4,test,2019-06-05,esn_selected,-0.559560954333568,-0.20046380598847935,0.0925722531050797,0.13256679115427078
4,test,2019-06-06,esn_selected,-0.5999586306046784,-0.21597519523822187,0.089758508815844,0.13177636272491683
4,test,2019-06-07,esn_selected,-0.6776198939584297,-0.24181788860155407,0.0847931399140699,0.13110737548350643
4,test,2019-06-10,esn_selected,-0.6939886528273321,-0.22184834234710177,0.0833383060124125,0.133626502046685
4,test,2019-06-11,esn_selected,-0.5002884510192809,-0.05397546101917828,0.085034310268085,0.13286954939277204
4,test,2019-06-12,esn_selected,-0.47262819624017977,-0.02111970744198929,0.0852090625418953,0.13383614923244563
4,test,2019-06-13,esn_selected,-0.4642177022778622,-0.0317081777498411,0.0854303046188045,0.1316583641817692
4,test,2019-06-14,esn_selected,-0.4357570911807937,-0.04470518751482008,0.0853482536737429,0.12619040182338048
4,test,2019-06-17,esn_selected,-0.4102061401342905,-0.061495608888379044,0.0862188298504035,0.12219267824743876
4,test,2019-06-18,esn_selected,-0.492081806072078,-0.12310918827099525,0.0813299469478175,0.11762327325019079
4,test,2019-06-19,esn_selected,-0.4566519079527981,-0.11667698174230835,0.0819680960975938,0.115157991631957
4,test,2019-06-20,esn_selected,-0.5452583514354291,-0.09713788555776158,0.0772686223074844,0.12095377140279528
4,test,2019-06-21,esn_selected,-0.48531305613047504,-0.008890103378752285,0.0775859561384999,0.12493697197840982
4,test,2019-06-24,esn_selected,-0.43480646620430097,0.01267740306259617,0.0814876122554209,0.12747686295286825
4,test,2019-06-25,esn_selected,-0.5156404052922307,0.07347485164314035,0.075453224582164,0.13599636796460612
4,test,2019-06-26,esn_selected,-0.47413089733084,0.09669979885619169,0.0772628547038271,0.13673489826679538
4,test,2019-06-27,esn_selected,-0.44346751476183727,0.058775900612647994,0.0798342840845793,0.13192010216370248
4,test,2019-06-28,esn_selected,-0.39803019227624,0.08045783602966212,0.0779963503630066,0.12585746842508128
4,test,2019-07-01,esn_selected,-0.5171760872208675,0.01592803054113028,0.0716265271470001,0.122066943809752
4,test,2019-07-02,esn_selected,-0.1408629098710299,0.1359567224941496,0.0810550186451628,0.1069057707202372
4,test,2019-07-03,esn_selected,-0.12047388743908745,0.13173038696249983,0.0820653242093889,0.10560649142590978
4,test,2019-07-05,esn_selected,-0.03993843116239065,0.2300533739968118,0.0862443371444512,0.11297608991141977
4,test,2019-07-08,esn_selected,0.480680258790235,0.3471085839195039,0.1371252718479215,0.11997977971456034
4,test,2019-07-09,esn_selected,0.5586107605950312,0.3728065182682287,0.1456955339200333,0.12099083728728602
4,test,2019-07-10,esn_selected,0.5317794805508765,0.3167321054754076,0.1447248430956164,0.11672105358006762
4,test,2019-07-11,esn_selected,0.6307113878362981,0.2891358994398216,0.1601032923102163,0.11377737582638182
4,test,2019-07-12,esn_selected,0.6346529179669056,0.2330399529218352,0.1611529333716523,0.10784994315833811
4,test,2019-07-15,esn_selected,0.6707170043454517,0.23485362344483132,0.1669103751509543,0.10794195314025404
4,test,2019-07-16,esn_selected,0.7092592712183683,0.23332634528612395,0.1752384939636192,0.10887657953380292
4,test,2019-07-17,esn_selected,0.9183392236367507,0.3254028042222637,0.2037418035848827,0.11260848905241405
4,test,2019-07-18,esn_selected,0.9095524359969466,0.3132579678268784,0.2035440687663316,0.11212205642364521
4,test,2019-07-19,esn_selected,0.9957487256006171,0.4082902610177294,0.2091468585712892,0.1162308399458027
4,test,2019-07-22,esn_selected,1.0110577340134725,0.3923676224826767,0.2132455177146032,0.11486460141370194
4,test,2019-07-23,esn_selected,0.9631574706018927,0.34074556538555734,0.213493947309843,0.11457121299431525
4,test,2019-07-24,esn_selected,1.0460953808289524,0.3239693439889677,0.2147787230723361,0.10432199963661765
4,test,2019-07-25,esn_selected,1.0192667094093508,0.35423726413529333,0.2141078832388318,0.1101067742511572
4,test,2019-07-26,esn_selected,1.0666845963541625,0.32261134009800185,0.2319768619381718,0.11022948031485018
4,test,2019-07-29,esn_selected,1.103560221586441,0.3667165610286277,0.2351496822120182,0.11254786484015895
4,test,2019-07-30,esn_selected,1.1898284632862497,0.4279811613824493,0.2354018278155374,0.10988635085053722
4,test,2019-07-31,esn_selected,1.057938520533058,0.5146190085593642,0.2334730580008,0.1356051257331548
4,test,2019-08-01,esn_selected,1.0552335994760027,0.555956654314931,0.2357446355179109,0.14308977366239337
4,test,2019-08-02,esn_selected,0.9990701648946139,0.46374334409180407,0.2342185285737796,0.13712977518101033
4,test,2019-08-05,esn_selected,0.41986741494691615,0.3139096857334519,0.2086717234705773,0.18769242518467602
4,test,2019-08-06,esn_selected,0.3495228590035641,0.14992021993091362,0.2066531779302153,0.1692605561633363
4,test,2019-08-07,esn_selected,0.37966751418974776,0.09407248337034543,0.2115585558542887,0.15900041132705128
4,test,2019-08-08,esn_selected,0.22259398413849005,-0.09775773587415246,0.2000191612114179,0.14519264516924005
4,test,2019-08-09,esn_selected,0.20868874479451383,-0.09118317295309926,0.1985503172938079,0.14710853355910197
4,test,2019-08-12,esn_selected,0.14902725180003995,0.0012351080334095392,0.1937336435750452,0.16711665485880162
4,test,2019-08-13,esn_selected,0.06775188614736619,-0.10444482279118167,0.1875226719036723,0.15785912888378617
4,test,2019-08-14,esn_selected,-0.27467451437193563,-0.028168075165852537,0.1548069735843747,0.19808286402881628
4,test,2019-08-15,esn_selected,-0.2754207976666946,-0.06166806737329743,0.1545413561563225,0.19137109871137642
4,test,2019-08-16,esn_selected,-0.35979519727105985,-0.22227956590954454,0.1459466991189772,0.16746210919041735
4,test,2019-08-19,esn_selected,-0.42146751504154123,-0.40918495244597786,0.1399068231613753,0.1416358340801324
4,test,2019-08-20,esn_selected,-0.4419296350549545,-0.4928380440764726,0.1372328128449709,0.13042135981667524
4,test,2019-08-21,esn_selected,-0.470386686080445,-0.6064717411249467,0.1341852914812593,0.11711268160979277
4,test,2019-08-22,esn_selected,-0.4594997757815617,-0.5927706421155409,0.1352304336846325,0.11835746068789933
4,test,2019-08-23,esn_selected,-0.8538665369366573,-0.3967019240779829,0.0987677462731684,0.1560124340605452
4,test,2019-08-26,esn_selected,-0.9070067449858588,-0.4998521078701587,0.0949371897088348,0.14264658663087093
4,test,2019-08-27,esn_selected,-0.8947502250025735,-0.4990985086047162,0.0962110036816357,0.1429071974794233
4,test,2019-08-28,esn_selected,-0.9180497927584043,-0.544318142265739,0.093225090273007,0.13546977394128923
4,test,2019-08-29,esn_selected,-1.0338577241065785,-0.6215986244597875,0.083838425634918,0.12661494374875973
4,test,2019-08-30,esn_selected,-1.0087028212306792,-0.544682221418589,0.0854175634899321,0.1358528535678393
4,test,2019-09-03,esn_selected,-0.8071223046884989,-0.42578014177881734,0.0930968185528443,0.13631687982946053
4,test,2019-09-04,esn_selected,-0.6753076323736009,-0.4606793470116799,0.105186428653596,0.13036817619838323
4,test,2019-09-05,esn_selected,-0.7570324500729452,-0.5343864039366379,0.0992328759255129,0.12397939916814953
4,test,2019-09-06,esn_selected,-0.5972714290852961,-0.4775821648383249,0.1100727751083119,0.12406814897909993
4,test,2019-09-09,esn_selected,-0.5804019863127792,-0.4843408004727337,0.1111233193008776,0.12232748542251982
4,test,2019-09-10,esn_selected,-0.44437399793698806,-0.49026738804163417,0.1242269638868916,0.11865461242907571
4,test,2019-09-11,esn_selected,-0.39606769422858895,-0.5048974172267348,0.1261954708370389,0.1131825880011018
4,test,2019-09-12,esn_selected,-0.1912759115980242,-0.36608064021013137,0.1278558039848184,0.10735041271867835
4,test,2019-09-13,esn_selected,-0.15031367534862786,-0.34445236541355123,0.1329732609548528,0.10950928853824486
4,test,2019-09-16,esn_selected,-0.09607009328658037,-0.21229524321104765,0.1325780312579678,0.11803087435446855
4,test,2019-09-17,esn_selected,-0.02232405237298449,-0.1773036960230785,0.1368181401472614,0.11717551701874215
4,test,2019-09-18,esn_selected,-0.002277824484710627,-0.19112680323387848,0.1369205763287606,0.11335812376681963
4,test,2019-09-19,esn_selected,0.023083232237730837,-0.18564319536640758,0.1373187477431881,0.11145026322868119
4,test,2019-09-20,esn_selected,0.014255031977157615,-0.14215386707728234,0.1371719531750561,0.11731074713805825
4,test,2019-09-23,esn_selected,0.3435016390127418,0.024621176942581025,0.1392502585786074,0.10122970826191591
4,test,2019-09-24,esn_selected,0.3660873737707739,0.21274964733169305,0.1369071399940365,0.11744441517439028
4,test,2019-09-25,esn_selected,0.343826700888517,0.24166590146310127,0.1356896693572556,0.12251207982978858
4,test,2019-09-26,esn_selected,0.37477770262113913,0.3002268289446818,0.1356115565297251,0.12586925674493377
4,test,2019-09-27,esn_selected,0.4766082734505082,0.411478237210657,0.135030369937405,0.12651611348677444
4,test,2019-09-30,esn_selected,0.46145430886439853,0.4280692649035991,0.1355046625902814,0.13105551420960573
4,test,2019-10-01,esn_selected,0.3236854900995286,0.5162594462362833,0.1286795881041006,0.15600677839736107
4,test,2019-10-02,esn_selected,0.06793534521546592,0.5500027760732978,0.1125806250422199,0.18231520102219756
4,test,2019-10-03,esn_selected,0.09573271242409129,0.5408163299312008,0.1092022953032048,0.1704233609638979
4,test,2019-10-04,esn_selected,-0.06120368756061395,0.3506574440771574,0.1035379333514938,0.15630343013186224
4,test,2019-10-07,esn_selected,-0.07224265553651689,0.36241350341294043,0.1033785934227086,0.15966120041036685
4,test,2019-10-08,esn_selected,-0.352980566700259,0.3836284534288246,0.0872807277654917,0.1823154994802297
4,test,2019-10-09,esn_selected,-0.4485956274463747,0.28474654395852467,0.0805788681395319,0.16776741818516155
4,test,2019-10-10,esn_selected,-0.4948705321520555,0.19268790028169086,0.0779472694501088,0.15502571367215076
4,test,2019-10-11,esn_selected,-0.6507252670877673,0.05280973963508431,0.0693678008721267,0.14018427431037653
4,test,2019-10-14,esn_selected,-0.6446002767270476,-0.03884151623831012,0.0695865367070163,0.1275272249724386
4,test,2019-10-15,esn_selected,-0.8139551499012435,-0.15959387417867266,0.0606243998551288,0.11663608765372208
4,test,2019-10-16,esn_selected,-0.8189701281857856,-0.17055652306265154,0.0603662935102622,0.11545080399973896
4,test,2019-10-17,esn_selected,-0.8333351336290007,-0.17375412965417875,0.0596783743248095,0.11541689182172936
4,test,2019-10-18,esn_selected,-0.7774614979357745,-0.13658450524593413,0.0630402728368809,0.11965956662390526
4,test,2019-10-21,esn_selected,-0.8696629571499898,-0.1953414809371027,0.0583587776590428,0.11454081871661011
4,test,2019-10-22,esn_selected,-0.8727416032285117,-0.15315999777802178,0.0572004223740313,0.11746529026804438
4,test,2019-10-23,esn_selected,-0.8534453448061389,-0.16966374264563597,0.0577963191195519,0.114515100083573
4,test,2019-10-24,esn_selected,-0.8530072112694119,-0.1721098460133392,0.0577883608342387,0.11416956447866998
4,test,2019-10-25,esn_selected,-0.8714104727803139,-0.1995191755938839,0.0564914468132907,0.11060668607774832
4,test,2019-10-28,esn_selected,-0.8224776944804301,-0.1686052162904459,0.0595328556239115,0.11448007995852372
4,test,2019-10-29,esn_selected,-0.7619278334826455,-0.14294794370638628,0.0600632196263842,0.11153936274771616
4,test,2019-10-30,esn_selected,-0.6104299563438225,-0.09837533250111945,0.0611444853458064,0.10203279686580786
4,test,2019-10-31,esn_selected,-0.5688110907632027,0.026719913222089595,0.061830142704815,0.11215950338867811
4,test,2019-11-01,esn_selected,-0.5361427045475414,0.03610626912180874,0.0605697350570851,0.1073446107538227
4,test,2019-11-04,esn_selected,-0.4868134649432364,0.07274318229113676,0.0635345878931155,0.11117895341727023
4,test,2019-11-05,esn_selected,-0.26343855758567997,0.16348664154854864,0.0670669330983574,0.1027826250099769
4,test,2019-11-06,esn_selected,-0.1791171448130972,0.22826545322149255,0.0673645751453967,0.10124080494116006
4,test,2019-11-07,esn_selected,-0.05670214691496012,0.2652826201661534,0.0736504621965872,0.10162760343045472
4,test,2019-11-08,esn_selected,0.06435849509282551,0.2958122683521424,0.0739790015843404,0.09324543135592395
4,test,2019-11-11,esn_selected,0.058428637954901795,0.34907750293950934,0.0737735117989392,0.09865694332822154
4,test,2019-11-12,esn_selected,0.20045174864826143,0.4128148440962347,0.0740802672975785,0.09160742194590822
4,test,2019-11-13,esn_selected,0.2827334353130452,0.4437936902823146,0.0800910674211659,0.09408744210103799
4,test,2019-11-14,esn_selected,0.2924652527048623,0.4555631460859907,0.0799526806951742,0.09411645154387865
4,test,2019-11-15,esn_selected,0.23259658500258018,0.44014170124368973,0.0795487752381585,0.09789695782862488
4,test,2019-11-18,esn_selected,0.30926663840449065,0.48209404570070774,0.0795094924960252,0.09450982754656548
4,test,2019-11-19,esn_selected,0.32923595638086245,0.5211036429469904,0.0795031973349095,0.09631893508294706
4,test,2019-11-20,esn_selected,0.32170882954306024,0.5224563083280758,0.0797290427375796,0.09745409035198736
4,test,2019-11-21,esn_selected,0.3379786177561329,0.5325531986729988,0.0810256688219549,0.09842950280994386
4,test,2019-11-22,esn_selected,0.3581709040198277,0.5158719953841885,0.0808228842931232,0.09462874026744121
4,test,2019-11-25,esn_selected,0.2446714581765175,0.47080601596292443,0.0760354602482265,0.09532902906556968
4,test,2019-11-26,esn_selected,0.26032395121801316,0.4656391505409723,0.0779230358094822,0.09568263394303562
4,test,2019-11-27,esn_selected,0.2215926225268843,0.431403500758531,0.0763121601289488,0.09412683454216637
4,test,2019-11-29,esn_selected,0.22825413046826096,0.4600426846572268,0.0776836742011243,0.09794770132202277
4,test,2019-12-02,esn_selected,0.1736310315398062,0.5094998554932345,0.0720547594860029,0.10081581138514543
4,test,2019-12-03,esn_selected,0.17367658678052855,0.5250262259520445,0.0755852407248705,0.10740542305457411
4,test,2019-12-04,esn_selected,0.14109148852067427,0.44115972530800757,0.0772295851314868,0.1042561495571674
4,test,2019-12-05,esn_selected,0.14843201134679193,0.4448261137915167,0.0781438453758929,0.1051034814258727
4,test,2019-12-06,esn_selected,-0.024530176170874374,0.3362810957271897,0.0718657821323598,0.10309094029740239
4,test,2019-12-09,esn_selected,-0.007099291059532105,0.37646054880024715,0.073455662984339,0.10779613876883462
4,test,2019-12-10,esn_selected,0.045032240469879595,0.41011882311630765,0.0771716366747151,0.11117644919621272
4,test,2019-12-11,esn_selected,0.04116868684449868,0.3742719208909302,0.0771937029272947,0.10770770462616097
4,test,2019-12-12,esn_selected,-0.06588144895340114,0.29365583355714925,0.074984609143998,0.10742792564301727
4,test,2019-12-13,esn_selected,-0.06195103376867603,0.25816209841161514,0.075149836052631,0.1035026345297492
4,test,2019-12-16,esn_selected,-0.10581011607951601,0.22838009614144986,0.0715617163026701,0.09995803567672662
4,test,2019-12-17,esn_selected,-0.027356807016666266,0.23897107480650245,0.0773638494393549,0.10097242823536043
4,test,2019-12-18,esn_selected,-0.017219490070216798,0.26004839191014095,0.0781459122338237,0.10311507842464512
4,test,2019-12-19,esn_selected,-0.033536685762323444,0.2617841270070294,0.0770995338400984,0.10358764305160562
4,test,2019-12-20,esn_selected,-0.07035639643042316,0.2725471193642523,0.0755209126827912,0.10641144350588164
4,test,2019-12-23,esn_selected,-0.06897515537733932,0.19882436342815688,0.0754360284280252,0.09860130633013221
4,test,2019-12-24,esn_selected,0.07343361921632918,0.19171738970848806,0.0818291414737041,0.0921038922403474
4,test,2019-12-26,esn_selected,0.23064728019412625,0.19779224716908536,0.0981374355078893,0.09496551885923708
4,test,2019-12-27,esn_selected,0.31796915878324017,0.2373120531891023,0.1048783866972864,0.09675135639279585
4,test,2019-12-30,esn_selected,0.2827411360356437,0.33458215224989707,0.1030677210487561,0.10855177784436097
4,test,2019-12-31,esn_selected,0.3606870910802253,0.3223048578715793,0.1033491921487442,0.09945758145535057
4,test,2020-01-02,esn_selected,0.4416881386051224,0.2443380988945541,0.1175600391090824,0.09650541632726072
4,test,2020-01-03,esn_selected,0.4187956505104292,0.2990324989080731,0.1173989849435858,0.10414822341517012
4,test,2020-01-06,esn_selected,0.4964820932504867,0.32186952852255735,0.1283849783064978,0.10781543481218007
4,test,2020-01-07,esn_selected,0.6254817212110391,0.3779168800575409,0.1343276498414228,0.10486954219216081
4,test,2020-01-08,esn_selected,0.5976393518528686,0.32759356730412365,0.1335293563415104,0.10192890564732397
4,test,2020-01-09,esn_selected,0.5422062868357016,0.2366744463577918,0.1327195527196908,0.0977786680639236
4,test,2020-01-10,esn_selected,0.5584585368237986,0.26418144970617674,0.1349327386730831,0.10053433742959661
4,test,2020-01-13,esn_selected,0.5720413974557973,0.26156417657853565,0.1328637648118875,0.09740203051840533
4,test,2020-01-14,esn_selected,0.5835397481569708,0.28256736363470336,0.1346964438774394,0.0996885970919388
4,test,2020-01-15,esn_selected,0.631087938440358,0.34023567912671265,0.1345112960342245,0.10056415897651683
4,test,2020-01-16,esn_selected,0.5295795301581119,0.27626196693191557,0.1313806900982833,0.1019804957551864
4,test,2020-01-17,esn_selected,0.5184259227742268,0.2806742560121323,0.1312368454892067,0.10346692587186054
4,test,2020-01-21,esn_selected,0.5387761583053433,0.3141743823643441,0.1321415098511126,0.10555916661845881
4,test,2020-01-22,esn_selected,0.5655363798087233,0.3596446332141898,0.1329463930085781,0.10820788524095458
4,test,2020-01-23,esn_selected,0.6030308780494732,0.36407885574086435,0.137870642112486,0.10856660409172612
4,test,2020-01-24,esn_selected,0.7873403513205173,0.37330377199647025,0.1798231349488632,0.11885891540251438
4,test,2020-01-27,esn_selected,0.7240071244855696,0.3167128172944362,0.2024263312072133,0.13470426106503214
4,test,2020-01-28,esn_selected,0.6427359630892527,0.21456761852958228,0.1994447827967727,0.1299785030332388
4,test,2020-01-29,esn_selected,0.9161509286847199,0.21196253325037517,0.2576332821495113,0.12740217195958056
4,test,2020-01-30,esn_selected,0.914109260277953,0.13518579175284187,0.2578099613821957,0.11830893082906398
4,test,2020-01-31,esn_selected,0.9075546013534389,0.19148355913096657,0.2913437307947697,0.1423704884337757
4,test,2020-02-03,esn_selected,0.9643130085252045,0.1580631331778768,0.3079357846208377,0.13750240314857617
4,test,2020-02-04,esn_selected,0.9638728645438713,-0.09099293849863943,0.3366036944801375,0.11721858674353777
4,test,2020-02-05,esn_selected,0.9719006425496484,-0.20612151082930247,0.3550230106333942,0.10930700170888875
4,test,2020-02-06,esn_selected,0.9910115302574289,-0.19751407020775658,0.359722493072086,0.10959670181670195
4,test,2020-02-07,esn_selected,1.2447536923205647,-0.18639304577714225,0.4608128374726579,0.11015023756585174
4,test,2020-02-10,esn_selected,1.2971143746504838,-0.2071358137486264,0.4936816108143324,0.1096880698082496
4,test,2020-02-11,esn_selected,1.3732189632631413,-0.19168030824189383,0.52455130592427,0.10968843855804418
4,test,2020-02-12,esn_selected,1.5491696361360923,-0.2662213604450278,0.6340915336687041,0.10321377494681229
4,test,2020-02-13,esn_selected,1.6461947354840352,-0.28349839082658207,0.6977374712908002,0.10130642047779004
4,test,2020-02-14,esn_selected,1.8188732687309437,-0.3015703294920281,0.8099499121239507,0.09717649008405432
4,test,2020-02-18,esn_selected,1.8457819589215314,-0.22744553201262846,0.8311295095333014,0.1045387838208441
4,test,2020-02-19,esn_selected,1.862750254259476,-0.2560035314402854,0.851180021171029,0.10229592734272386
4,test,2020-02-20,esn_selected,1.8565694546237212,-0.20987772812274774,0.8510879238500145,0.10777742907426711
4,test,2020-02-21,esn_selected,1.8358969004976533,-0.08693933841969309,0.8645531380593371,0.12639052660128797
4,test,2020-02-24,esn_selected,1.5662893891241128,-0.04690743292036982,0.8611452361859792,0.17158286903990927
4,test,2020-02-25,esn_selected,1.5008422318699453,0.2296240163977344,0.907976280732639,0.2546780097085132
4,test,2020-02-26,esn_selected,1.517261903496421,0.18993655230001077,0.9094129882929656,0.241163221614677
4,test,2020-02-27,esn_selected,1.269638246549334,0.28209109529288506,0.9170623224173668,0.3415958393899144
4,test,2020-02-28,esn_selected,1.2756245194799827,0.3407421969024907,0.9232012495028388,0.36247841461169983
4,test,2020-03-02,esn_selected,1.147575001407357,0.12428114698841168,0.917891119139974,0.3298984640984892
4,test,2020-03-03,esn_selected,1.0875419479427506,0.30493425009372926,0.9136368908040716,0.41772591839404183
4,test,2020-03-04,esn_selected,1.0017261384542095,0.05578162209928075,0.9165644585639228,0.3559135554771146
4,test,2020-03-05,esn_selected,0.9437599923863227,0.17017950199848764,0.91227602059658,0.4208860399391565
4,test,2020-03-06,esn_selected,0.930110728613484,0.1362674672061711,0.9118209191632692,0.4122377923779329
4,test,2020-03-09,esn_selected,0.6640380051296763,0.22509202901259245,0.8951846172161024,0.5771394954138099
4,test,2020-03-10,esn_selected,0.5747263823363672,0.07139381304414444,0.8770966391854239,0.5302160738229351
4,test,2020-03-11,esn_selected,0.502412681454753,0.1178666740036249,0.8669279955686815,0.5901695779087216
4,test,2020-03-12,esn_selected,0.22215794840803765,0.32384435162611497,0.7918335988644885,0.8765885013006508
4,test,2020-03-13,esn_selected,0.054847702119582856,0.09349143287996226,0.737075713182344,0.7661165783850394
4,test,2020-03-16,esn_selected,-0.2668471615514309,0.48211685041409563,0.6202516280015581,1.31171308356901
4,test,2020-03-17,esn_selected,-0.3318885916753405,0.2962711809084948,0.596391325997834,1.1177318884841823
4,test,2020-03-18,esn_selected,-0.40553762517846514,0.3241638422841872,0.567412198885068,1.1770746029396235
4,test,2020-03-19,esn_selected,-0.39180019990764076,0.27668199059380144,0.5751985247258079,1.1223695870923498
4,test,2020-03-20,esn_selected,-0.43943206759814285,0.24634304023088072,0.5571200255544214,1.1060559962015482
4,test,2020-03-23,esn_selected,-0.4298333461646953,0.1438929217704421,0.5602761724096167,0.9944164623478219
4,test,2020-03-24,esn_selected,-0.6488436433709515,-0.010158505749038422,0.4745536188236609,0.8987992896415515
4,test,2020-03-25,esn_selected,-0.6566400776258915,0.04960440722258961,0.4716132414245852,0.955661461702109
4,test,2020-03-26,esn_selected,-0.7591328249585474,-0.15392173967447775,0.4292513343637495,0.786233399006289
4,test,2020-03-27,esn_selected,-0.7906678267031371,-0.11032615529252161,0.4187103627322876,0.8267654951318271
4,test,2020-03-30,esn_selected,-0.8221972434372816,-0.4301006823576987,0.4033810035455642,0.5970364069070753
4,test,2020-03-31,esn_selected,-0.8007148716201719,-0.3761295990743266,0.4102301509843103,0.6272239278715129
4,test,2020-04-01,esn_selected,-0.886478074542323,-0.34483730193516066,0.3777204310128774,0.6492352255426088
4,test,2020-04-02,esn_selected,-0.873058564059934,-0.4857115295711562,0.3810322565434791,0.5612862746581669
4,test,2020-04-03,esn_selected,-0.8815083239392122,-0.4939280215002581,0.3776377060036913,0.5564156510159665
4,test,2020-04-06,esn_selected,-1.0908649574673077,-0.5823488155477023,0.3007156144814732,0.5000365309604742
4,test,2020-04-07,esn_selected,-1.067311270677693,-0.5437943311430014,0.3016616148498545,0.5091908250059197
4,test,2020-04-08,esn_selected,-1.1258700173387324,-0.6359846671315291,0.2812055526195198,0.4589637615656362
4,test,2020-04-09,esn_selected,-1.0319923842130418,-0.677744367668401,0.2821274398121022,0.4020622388429481
4,test,2020-04-13,esn_selected,-0.9670318749572244,-0.7328894752816311,0.2802434650929139,0.3541785424606449
4,test,2020-04-14,esn_selected,-0.8310281446139008,-0.6702366081310812,0.2701823503502518,0.3173129907179315
4,test,2020-04-15,esn_selected,-0.8042814166269487,-0.5584806010483583,0.2668310328277478,0.3411821291575634
4,test,2020-04-16,esn_selected,-0.7441054189099606,-0.48116005253251776,0.2696111141700713,0.35069818060334473
4,test,2020-04-17,esn_selected,-0.8213828807912106,-0.6328589922162139,0.2529855470497542,0.305471428157489
4,test,2020-04-20,esn_selected,-0.7350022435579936,-0.5192373844950489,0.2671414942094705,0.33147199219384554
4,test,2020-04-21,esn_selected,-0.8213452883738357,-0.4826369976738406,0.2464316169093808,0.3457765750072787
4,test,2020-04-22,esn_selected,-0.6762762849468933,-0.45173678033042725,0.2413138401029233,0.30206367273343154
4,test,2020-04-23,esn_selected,-0.6648955860398156,-0.35964707403620066,0.2425635310772559,0.3291495385251882
4,test,2020-04-24,esn_selected,-0.5913265794390501,-0.3960756419705172,0.2376302820153834,0.28886717095840475
4,test,2020-04-27,esn_selected,-0.5726371038853432,-0.4618918514036191,0.2361677407903995,0.2638254132918488
4,test,2020-04-28,esn_selected,-0.5135797280602443,-0.3816600361674211,0.2413629471772201,0.2753991493142822
4,test,2020-04-29,esn_selected,-0.6079829642208758,-0.438488218334785,0.2233489578622734,0.2646028778191025
4,test,2020-04-30,esn_selected,-0.5340471553402893,-0.32309813658510356,0.2214301447476907,0.27343288122795406
4,test,2020-05-01,esn_selected,-0.6424969069725426,-0.18165478988720726,0.2004143808599535,0.31773866746722784
4,test,2020-05-04,esn_selected,-0.6241612130281282,-0.11226951861899978,0.2023045172244171,0.3375338385537969
4,test,2020-05-05,esn_selected,-0.38269693831994295,-0.13461979069832283,0.2050939316640647,0.262839932457134
4,test,2020-05-06,esn_selected,-0.391765906294802,-0.06367199010787863,0.2038817160184683,0.28305293183207475
4,test,2020-05-07,esn_selected,-0.2514410023750138,-0.1414731215258918,0.218687747859732,0.24410849653030975
4,test,2020-05-08,esn_selected,-0.2714508754472011,-0.24920438704020262,0.2150580534305033,0.21989595354342847
4,test,2020-05-11,esn_selected,-0.2571829862002153,-0.24799186012021712,0.2166917327934761,0.21869255464780535
4,test,2020-05-12,esn_selected,-0.27350381149698855,-0.13110501156066587,0.205530263597585,0.23698387270095708
4,test,2020-05-13,esn_selected,0.07459186809598543,0.019773100054473018,0.2874955811826977,0.27215961724285814
4,test,2020-05-14,esn_selected,0.06424199791249072,-0.010615021585552439,0.2874999254023734,0.2667643224820713
4,test,2020-05-15,esn_selected,0.13284343359422005,-0.0031130872297282994,0.2889275008135583,0.25219920558377235
4,test,2020-05-18,esn_selected,0.036147532651748485,-0.033012990753729037,0.2769746516032362,0.2584663388195285
4,test,2020-05-19,esn_selected,0.10945634712160171,0.029181504628631685,0.2749366990585464,0.2537288160781662
4,test,2020-05-20,esn_selected,0.10622706631017793,-0.024969557754698547,0.2683589348857267,0.23536294502945085
4,test,2020-05-21,esn_selected,0.09973389774694913,-0.013545393344912476,0.2680028346846513,0.23930006500113102
4,test,2020-05-22,esn_selected,0.1235416559115178,-0.0630780540699089,0.2688779837898655,0.22310398759536645
4,test,2020-05-26,esn_selected,0.11835915243235819,0.003088878156390463,0.2658418202121995,0.23689836198518074
4,test,2020-05-27,esn_selected,0.13514889467809493,-0.019891843677728546,0.2762899064579848,0.2366092300088002
4,test,2020-05-28,esn_selected,0.22173620198473548,0.014880672038606857,0.2787935611731541,0.22669739214258722
4,test,2020-05-29,esn_selected,0.2736666110457919,-0.008031254725832175,0.2911311279505935,0.21965890501055754
4,test,2020-06-01,esn_selected,0.38779113652747477,0.04391479535270241,0.2953550712587017,0.20941164805876253
4,test,2020-06-02,esn_selected,0.385147566873361,-0.009433258059018892,0.2973534920929283,0.20040509944115792
4,test,2020-06-03,esn_selected,0.36239107078869615,-0.05301144030485469,0.29467090231058,0.19450476026512767
4,test,2020-06-04,esn_selected,0.37000257534426406,-0.036569293920093705,0.2951673777335289,0.1965605857712358
4,test,2020-06-05,esn_selected,0.26966214155014145,-0.10563178716295783,0.2863764044725382,0.19676558893581975
4,test,2020-06-08,esn_selected,0.28355812923097723,-0.07673572371837976,0.285563989938576,0.1991726992733383
4,test,2020-06-09,esn_selected,0.2761477063767798,-0.014038597385271589,0.2856089203576233,0.21367093827102418
4,test,2020-06-10,esn_selected,0.3291294426647967,0.03492540557593224,0.2856372742053463,0.2128353148165533
4,test,2020-06-11,esn_selected,-0.38244389501048115,0.06514860687967354,0.1961272327499756,0.30684910042897884
4,test,2020-06-12,esn_selected,-0.3934018935668155,0.10892490521474603,0.1939927344746757,0.32058501736771833
4,test,2020-06-15,esn_selected,-0.3852308894968023,-0.06077049903647556,0.1965555139023021,0.27189209971483197
4,test,2020-06-16,esn_selected,-0.3908307649842935,0.006955051981092949,0.1873718652678265,0.27890773927280416
5,val,2018-05-16,esn_selected,-0.18317445694666584,0.01960667341268189,0.0906414256600899,0.11101801392677144
5,val,2018-05-17,esn_selected,-0.16613406885809434,0.05148520642152481,0.090705312902038,0.11275701653254858
5,val,2018-05-18,esn_selected,-0.12990945717145497,0.06350662564116345,0.0905645525630634,0.1098899012946862
5,val,2018-05-21,esn_selected,-0.19489761566442085,0.0230340751043285,0.0876401839867588,0.10898075476384328
5,val,2018-05-22,esn_selected,-0.09004037891572275,0.08853269486637041,0.0872911578283243,0.10435747309204818
5,val,2018-05-23,esn_selected,-0.06526453945711438,0.09045350169493659,0.08957066724959,0.10466302808195566
5,val,2018-05-24,esn_selected,0.006670853752260389,0.14700067207202455,0.0895082231678339,0.1029929272452605
5,val,2018-05-25,esn_selected,0.12881481342958867,0.19713749817152626,0.101523839992225,0.10870266734463967
5,val,2018-05-29,esn_selected,-0.012421245984232552,0.3277289190404943,0.093181267664095,0.1309344577902416
5,val,2018-05-30,esn_selected,-0.20567303811183416,0.18453980650008453,0.0856765366321679,0.12656953586906183
5,val,2018-05-31,esn_selected,-0.20582284040240595,0.21365724924396035,0.0852892885742378,0.129739547844075
5,val,2018-06-01,esn_selected,-0.34348747152587766,0.07738686568373929,0.0780877296965117,0.1189504799408202
5,val,2018-06-04,esn_selected,-0.2818728057330332,0.05243725807650714,0.07662904289682,0.10704895131659509
5,val,2018-06-05,esn_selected,-0.2624922608841951,0.058205405713081845,0.0776079340010715,0.10695063050563718
5,val,2018-06-06,esn_selected,-0.30712420807997637,-0.006973559938446808,0.0773385144867126,0.10441180320409349
5,val,2018-06-07,esn_selected,-0.181777387701989,0.07516667780718564,0.0829153469911078,0.10720728860760063
5,val,2018-06-08,esn_selected,-0.06782952801982908,0.10727779102823512,0.0881905814824425,0.10506797172147857
5,val,2018-06-11,esn_selected,-0.05354329872280652,0.12579901150182438,0.0889826136162444,0.10646148837463448
5,val,2018-06-12,esn_selected,-0.014653716164563709,0.12628950968369518,0.0926065777605482,0.10662344257166016
5,val,2018-06-13,esn_selected,0.06263850551914715,0.18124932320596618,0.0973320534034647,0.10958923854511421
5,val,2018-06-14,esn_selected,0.0674091753845711,0.15566713885202588,0.0969621329958796,0.10590881459951099
5,val,2018-06-15,esn_selected,0.06614558195218953,0.17356943697274355,0.0969079456518802,0.1078978956212392
5,val,2018-06-18,esn_selected,0.07572209374726423,0.19114685353088814,0.0976886107124202,0.10964081863262258
5,val,2018-06-19,esn_selected,0.10167889782196858,0.2658972491123382,0.097020132827924,0.11433547192248258
5,val,2018-06-20,esn_selected,0.11322263559265312,0.22092602993362673,0.0977557292508337,0.10887225285470638
5,val,2018-06-21,esn_selected,0.06157811051549925,0.2890741949278776,0.0952596196350494,0.1195939298975429
5,val,2018-06-22,esn_selected,0.06236755034536348,0.25523612636083637,0.0952683884889099,0.11553420420121613
5,val,2018-06-25,esn_selected,-0.1915734584664114,0.3242796257435249,0.0838240692840036,0.14041092099296812
5,val,2018-06-26,esn_selected,-0.048995800995376315,0.2906808775357905,0.0887258172704715,0.12461482603222564
5,val,2018-06-27,esn_selected,-0.01872601833406432,0.4114446290768522,0.0840870847357321,0.12928556400768726
5,val,2018-06-28,esn_selected,-0.0021118520172658745,0.3778245027703114,0.0851093602759531,0.12444618529218023
5,val,2018-06-29,esn_selected,0.10768658271467059,0.40549356975841905,0.0869661982291741,0.11713492835068784
5,val,2018-07-02,esn_selected,0.14262615133787276,0.3890759964259192,0.0883761649755435,0.11307509453507708
5,val,2018-07-03,esn_selected,0.12203426169231399,0.4017034557614348,0.0876808858124762,0.11597482248512024
5,val,2018-07-05,esn_selected,0.09467480270439556,0.30442823181901535,0.0850183300706251,0.10485939004180704
5,val,2018-07-06,esn_selected,-0.023096073521407547,0.17214116125554563,0.0810222734743933,0.09849062173316085
5,val,2018-07-09,esn_selected,-0.15355169921517922,0.05091972783562781,0.0756372186467039,0.09279751850928895
5,val,2018-07-10,esn_selected,-0.16473673189058888,0.009675843114310967,0.0754676634724793,0.08984777425497681
5,val,2018-07-11,esn_selected,-0.2679170485762279,0.044099195206834786,0.0708413680589724,0.09678183952483112
5,val,2018-07-12,esn_selected,-0.42913580821904007,-0.06436498434574658,0.0633701262328388,0.09126463646382853
5,val,2018-07-13,esn_selected,-0.3598749487246184,-0.08163237692041198,0.0676566447373092,0.08936133943758355
5,val,2018-07-16,esn_selected,-0.34138347681692266,-0.03702047905746747,0.0688808387616917,0.09338596207435325
5,val,2018-07-17,esn_selected,-0.31831229638222897,-0.07940809909317167,0.0710563114563152,0.09023134561672233
5,val,2018-07-18,esn_selected,-0.25069392382034283,-0.0750978038397793,0.0755069411713543,0.09000099340062857
5,val,2018-07-19,esn_selected,-0.20517732926703797,-0.031618676445636436,0.0796223218780914,0.09471317669543176
5,val,2018-07-20,esn_selected,-0.16845650608826812,-0.014584085296886925,0.080491331577788,0.09388042679554323
5,val,2018-07-23,esn_selected,-0.1674622399847778,-0.04733383073955816,0.0805788179506574,0.0908640305758443
5,val,2018-07-24,esn_selected,-0.05898355894953906,0.006133028852714665,0.0790228167397613,0.08433974442835925
5,val,2018-07-25,esn_selected,-0.19390750027591186,-0.01812121615667161,0.0730864808741671,0.08713247778296196
5,val,2018-07-26,esn_selected,-0.14472693715457607,0.027443187407642622,0.0727570673986915,0.08642665820584224
5,val,2018-07-27,esn_selected,-0.1691360497243294,0.12272808051586415,0.0718658345224251,0.09622268123335445
5,val,2018-07-30,esn_selected,-0.1504025812828701,0.20111458280605696,0.0748223723444592,0.10633921221356678
5,val,2018-07-31,esn_selected,-0.19418814341542975,0.10987161508860943,0.0727780328352071,0.0986397102500361
5,val,2018-08-01,esn_selected,-0.1562831149929219,0.14593338691938096,0.0749949524754365,0.10145722822348835
5,val,2018-08-02,esn_selected,-0.14029578715813457,0.1223168530141483,0.073889526601045,0.09608024561670671
5,val,2018-08-03,esn_selected,-0.1137050723719388,0.10728064577365885,0.0723140923902376,0.09019777359764904
5,val,2018-08-06,esn_selected,-0.057651773203256776,0.12031648615242982,0.0713999164358736,0.08530772032664964
5,val,2018-08-07,esn_selected,-0.0598827162653427,0.10222926325652941,0.0710811050594594,0.08359080528291749
5,val,2018-08-08,esn_selected,0.014366774853727093,0.14265675493961633,0.0718664761606956,0.08170374829880568
5,val,2018-08-09,esn_selected,0.12814815397400403,0.23967565537241814,0.0720341786105283,0.0805330944162639
5,val,2018-08-10,esn_selected,0.00866870438779291,0.3377589530119768,0.0682456896297145,0.09484125795558208
5,val,2018-08-13,esn_selected,-0.013649546480114986,0.4327684840959654,0.0679470340548598,0.10618114187965942
5,val,2018-08-14,esn_selected,-0.10315402999052478,0.33527195345129296,0.064091942359234,0.09935950489608829
5,val,2018-08-15,esn_selected,-0.1978729346317595,0.3789225221115789,0.0619514896283724,0.11029373336502586
5,val,2018-08-16,esn_selected,-0.3707800735400051,0.2869311189034447,0.0549549855513279,0.10608340221078472
5,val,2018-08-17,esn_selected,-0.34965830068770826,0.23820397806476154,0.0567406676234748,0.10214092469886384
5,val,2018-08-20,esn_selected,-0.30458146856353047,0.20854961703435984,0.0594213947103082,0.09926424417696293
5,val,2018-08-21,esn_selected,-0.2929105361386939,0.23060095586003104,0.0589580452865707,0.09951790583526424
5,val,2018-08-22,esn_selected,-0.10933458107916388,0.23248334753879513,0.0655169461096959,0.09221536424022642
5,val,2018-08-23,esn_selected,-0.10617977049637334,0.23535701532967798,0.0654277367061086,0.09206391490229256
5,val,2018-08-24,esn_selected,-0.13196391387924916,0.18086292474303087,0.0629812496455645,0.0861133021521712
5,val,2018-08-27,esn_selected,-0.27994237079473977,0.13400016815173824,0.0565527915136113,0.0855513776730445
5,val,2018-08-28,esn_selected,-0.23530058260715006,0.1771105117140233,0.0575188994733997,0.08687972358539386
5,val,2018-08-29,esn_selected,-0.30700846964704365,0.1480390875240963,0.0551696145844239,0.08696101358168062
5,val,2018-08-30,esn_selected,-0.3274096336359424,0.2317725894870177,0.0532587153817093,0.09316235124312335
5,val,2018-08-31,esn_selected,-0.27983504364050205,0.24162354629077687,0.0546628315446969,0.0920786010891498
5,val,2018-09-04,esn_selected,-0.2726922652901837,0.2784644650408406,0.0543586869177591,0.0943264052802971
5,val,2018-09-05,esn_selected,-0.2832900795807438,0.33233929498077636,0.0535454845005021,0.09910311213678258
5,val,2018-09-06,esn_selected,-0.19051355358902416,0.3846436611022325,0.0594001259032089,0.10557837421194155
5,val,2018-09-07,esn_selected,-0.14565522749445278,0.38986304823141643,0.0622703557448844,0.106378528585581
5,val,2018-09-10,esn_selected,-0.09655452961796471,0.3655598541408404,0.0619643826660606,0.09836392594610398
5,val,2018-09-11,esn_selected,-0.10666059300250555,0.3287825703610093,0.0610728795472019,0.09439716690206383
5,val,2018-09-12,esn_selected,0.70345700397995,0.35667214215851706,0.1295122738976825,0.09155966112564215
5,val,2018-09-13,esn_selected,0.8861900357077928,0.3107482407126263,0.1502862320069511,0.08452944153018861
5,val,2018-09-14,esn_selected,1.05645531953682,0.36870776049711007,0.1580592124462908,0.07945749035220716
5,val,2018-09-17,esn_selected,1.0253721695957316,0.4726120026389964,0.1582005236329527,0.09102217865582292
5,val,2018-09-18,esn_selected,1.0789636336917525,0.43138493883520157,0.1747957196020606,0.09147258232550753
5,val,2018-09-19,esn_selected,1.0865644177565423,0.368573206195278,0.1747559644523187,0.08523390496836017
5,val,2018-09-20,esn_selected,1.0104140317979076,0.30828192039682867,0.1799578866046567,0.0891741098206262
5,val,2018-09-21,esn_selected,1.0116708049012944,0.2935054388714209,0.179938852008579,0.08774647723605064
5,val,2018-09-24,esn_selected,1.0515609140692022,0.32456405284626505,0.1802595887120209,0.08712998728093864
5,val,2018-09-25,esn_selected,1.164082731249358,0.3846783145591786,0.1811376602808596,0.0830840610937666
5,val,2018-09-26,esn_selected,1.3009104812651133,0.42936479045813514,0.2112461542962432,0.08836521270435578
5,val,2018-09-27,esn_selected,1.3843573855407454,0.4203900249611078,0.220251423264821,0.08399878767158997
5,val,2018-09-28,esn_selected,1.4589093484124602,0.41972065699357436,0.22907989032204,0.08103507756842257
5,val,2018-10-01,esn_selected,1.4351434872099036,0.3853721882992584,0.2295974295940455,0.08036318476024057
5,val,2018-10-02,esn_selected,1.4658976124079564,0.36612866638948477,0.2354508168733298,0.07839287946476946
5,val,2018-10-03,esn_selected,1.4936032288785217,0.3473204897638262,0.2384440518005149,0.07578133028854579
5,val,2018-10-04,esn_selected,1.395401656237129,0.40964302059359275,0.239774285129193,0.08947322035015105
5,val,2018-10-05,esn_selected,1.3486279353401418,0.4064767265434691,0.2398739116469192,0.09350007218751123
5,val,2018-10-08,esn_selected,1.3568571651944508,0.4275537767855127,0.2406676442118544,0.0950224827027232
5,val,2018-10-09,esn_selected,1.3754282745822748,0.4227316516403193,0.2416513952906652,0.09320483046268371
5,val,2018-10-10,esn_selected,0.5560622040830432,0.2968379770811215,0.2258425013993605,0.17427136143559743
5,val,2018-10-11,esn_selected,0.34239235878344315,0.21411056048445704,0.2116500171364739,0.18616851341060306
5,val,2018-10-12,esn_selected,0.27858203795585973,-0.042843261932439834,0.208836523793762,0.15143045296390856
5,val,2018-10-15,esn_selected,0.3224349405556636,-0.14243384176381046,0.2183934616290203,0.1371986016942636
5,val,2018-10-16,esn_selected,0.15724335299169223,-0.3647548094887541,0.2045599994943227,0.12137235883821436
5,val,2018-10-17,esn_selected,0.16450219125034993,-0.40738075034628074,0.2060034061013682,0.11628100999365726
5,val,2018-10-18,esn_selected,0.11951899900580562,-0.3236252928346423,0.2028043779918169,0.13020336409897368
5,val,2018-10-19,esn_selected,0.1206118964019112,-0.3399065831480789,0.2030046689465094,0.12808709970643403
5,val,2018-10-22,esn_selected,0.15860058125816334,-0.4021291315083667,0.2112407657268636,0.12057462308612214
5,val,2018-10-23,esn_selected,0.19736692937789765,-0.33250096369939713,0.2206602582329888,0.12989888401481314
5,val,2018-10-24,esn_selected,-0.09491128111103565,-0.22494559554221866,0.1921185790183191,0.16869265773902448
5,val,2018-10-25,esn_selected,-0.1852457788720987,-0.3428006325458353,0.1830069166384373,0.15632999010472745
5,val,2018-10-26,esn_selected,-0.23564588038257436,-0.2895635039237853,0.1809869498458257,0.1714869730495051
5,val,2018-10-29,esn_selected,-0.24168392040351644,-0.17822670476688682,0.1803038618189168,0.1921162705396185
5,val,2018-10-30,esn_selected,-0.2115401154441665,-0.29507109191610964,0.1905590138632324,0.17528810844637582
5,val,2018-10-31,esn_selected,-0.24328664549535842,-0.3948434372410688,0.1869512810316343,0.16066014960296224
5,val,2018-11-01,esn_selected,-0.2625779328301315,-0.513549434002122,0.1844023526332648,0.14347324447783943
5,val,2018-11-02,esn_selected,-0.23810242814978785,-0.480190657674619,0.1890498976603113,0.14840169603501352
5,val,2018-11-05,esn_selected,-0.08333129735710218,-0.5287466835277795,0.2214253726554506,0.1418358252485274
5,val,2018-11-06,esn_selected,-0.09225044330370658,-0.5760056510081853,0.2203562883713659,0.13584173858897278
5,val,2018-11-07,esn_selected,-0.011275354629961237,-0.697498373073295,0.2233103493882641,0.11243097601233783
5,val,2018-11-08,esn_selected,0.05366542400061636,-0.613948704391924,0.2233186045874371,0.11454701425210723
5,val,2018-11-09,esn_selected,0.05473141924366183,-0.5417750252111823,0.2205850163684906,0.12148329187399073
5,val,2018-11-12,esn_selected,-0.03475690227604894,-0.38881593652563173,0.2109331805681212,0.1480399795383513
5,val,2018-11-13,esn_selected,0.030199515840093612,-0.3252773059430102,0.2108318390399713,0.14775921490546626
5,val,2018-11-14,esn_selected,0.06401364330975574,-0.2234530022568834,0.2196216617095678,0.16475173441245614
5,val,2018-11-15,esn_selected,0.11554078750488095,-0.2421450753868179,0.2276439183975895,0.15918973358955055
5,val,2018-11-16,esn_selected,0.11387944160299854,-0.26619727904876345,0.2274904865415369,0.1555600295840127
5,val,2018-11-19,esn_selected,0.0663398102775229,-0.17453289792532142,0.2257297219523549,0.1774103932737743
5,val,2018-11-20,esn_selected,0.012777415867523095,-0.10376258527844372,0.2234978158392349,0.198911825845349
5,val,2018-11-21,esn_selected,0.20128966529000264,-0.07627818815235475,0.2349569828616767,0.17800908570810192
5,val,2018-11-23,esn_selected,0.3212412905319407,-0.008483466885762878,0.2523369350964627,0.18146095036991217
5,val,2018-11-26,esn_selected,0.511176000228039,-0.1084944270363256,0.3017506242059964,0.1623785765663596
5,val,2018-11-27,esn_selected,0.5182135019098272,-0.07434502253270939,0.3027347624637063,0.16738533108666226
5,val,2018-11-28,esn_selected,0.42606238063035473,-0.1632493384879282,0.2917870663083153,0.16185689686553673
5,val,2018-11-29,esn_selected,0.4504219405410904,-0.10676065143079279,0.2933217103491671,0.1680207363158033
5,val,2018-11-30,esn_selected,0.46151787395024935,-0.13394901862190547,0.292550687806921,0.16128468780858984
5,val,2018-12-03,esn_selected,0.4659501450167657,-0.26199707896511204,0.3012562206393623,0.145476405221433
5,val,2018-12-04,esn_selected,0.30791181219975866,-0.12856640461793165,0.3012671542889019,0.19471154560165563
5,val,2018-12-06,esn_selected,0.3168560801134366,-0.061374778503107116,0.3025062108812328,0.2072386339894562
5,val,2018-12-07,esn_selected,0.2704354918260032,0.00828521499138293,0.292656040745483,0.22516820939986842
5,val,2018-12-10,esn_selected,0.27173176832388296,0.006488931594798673,0.2930464826401556,0.22477241547494653
5,val,2018-12-11,esn_selected,0.2849530720270389,0.00119782437794219,0.2933118138875255,0.2208493967875503
5,val,2018-12-12,esn_selected,0.32785519781054945,-0.011448169949881792,0.2927727179544964,0.20853215158612845
5,val,2018-12-13,esn_selected,0.3310720404360937,-0.05171451218400478,0.2935749241214261,0.20020589903714023
5,val,2018-12-14,esn_selected,0.274070371020267,-0.037019567838330804,0.2888699877332136,0.21164001281713957
5,val,2018-12-17,esn_selected,0.20810989107833697,0.05380126526264259,0.2803089920637748,0.24022690446788303
5,val,2018-12-18,esn_selected,0.21324782345366242,0.08329704608092661,0.2815630056213254,0.247251358814298
5,val,2018-12-19,esn_selected,0.2168002802668158,0.11709327703832333,0.2803779861358968,0.2537708361933519
5,val,2018-12-20,esn_selected,0.21993375985743038,0.2116068017644105,0.2784769806885131,0.2761677423490818
5,val,2018-12-21,esn_selected,0.13423080521220804,0.28330799772292065,0.2687101396735368,0.31190867713031695
5,val,2018-12-24,esn_selected,-0.003943417622455689,0.3258334907382544,0.2513438245914903,0.34953326264564294
5,val,2018-12-26,esn_selected,-0.5005937085001171,0.014910407349282895,0.182912376292028,0.30628355890226033
5,val,2018-12-27,esn_selected,-0.5039051930722895,0.03983410470102535,0.1829022500994006,0.3150373349465794
5,val,2018-12-28,esn_selected,-0.4670541016247756,0.03328841654397789,0.1829056067503273,0.30166367197470767
5,val,2018-12-31,esn_selected,-0.4411535985877587,-0.13404265101673993,0.1886920640576236,0.25652531230512204
5,val,2019-01-02,esn_selected,-0.4253581413355023,-0.19026474514309866,0.1911923141732583,0.24186342278002151
5,val,2019-01-03,esn_selected,-0.5668674958530037,-0.16255990653728256,0.1709025717297939,0.2560572948585922
5,val,2019-01-04,esn_selected,-0.8631710933279131,-0.36876352213768787,0.1270812103350005,0.20835303086346832
5,val,2019-01-07,esn_selected,-0.8848137279097831,-0.40789592851220585,0.1248718587115342,0.20118117708358427
5,val,2019-01-08,esn_selected,-0.8875968141351757,-0.4907103651206957,0.1204700510366644,0.17916149968302775
5,val,2019-01-09,esn_selected,-0.8594287324535639,-0.5636238192153641,0.1240770207429064,0.16678531075724323
5,val,2019-01-10,esn_selected,-0.8648177530547787,-0.6191225934551395,0.1235219040797644,0.15792396150852284
5,val,2019-01-11,esn_selected,-0.8629126796550362,-0.6521374925126286,0.1235299851958312,0.15251441388328327
5,val,2019-01-14,esn_selected,-0.8162300765208852,-0.6633935701037329,0.1297880594679583,0.15122054205711208
5,val,2019-01-15,esn_selected,-0.8468318763616656,-0.7259024424171924,0.1238591262431151,0.13978063138620384
5,val,2019-01-16,esn_selected,-0.8171216447773901,-0.7109142495647713,0.123812818020482,0.1376863521964511
5,val,2019-01-17,esn_selected,-0.7973812169862939,-0.7467822493902874,0.1268461616454296,0.13342959950056107
5,val,2019-01-18,esn_selected,-0.8654267993740694,-0.79113895163197,0.1180032119389208,0.1271032428025485
5,val,2019-01-22,esn_selected,-0.9480459993400895,-0.6258522279760204,0.1079091211431212,0.14893100922132704
5,val,2019-01-23,esn_selected,-0.9078625868253805,-0.5920903035419661,0.1083937753214105,0.14864232955493692
5,val,2019-01-24,esn_selected,-0.821122259594149,-0.5784217834013794,0.1105756123136966,0.14094926986871517
5,val,2019-01-25,esn_selected,-0.5402666485517088,-0.4496215655167083,0.106563448843709,0.11667422560055149
5,val,2019-01-28,esn_selected,-0.5732863969071339,-0.28473731078008085,0.1030965018494206,0.13758123558276467
5,val,2019-01-29,esn_selected,-0.5742416910598666,-0.19813844895505503,0.1029999516279793,0.15002947288614601
5,val,2019-01-30,esn_selected,-0.7758418673088043,-0.2796837780044191,0.0868579936619428,0.14265549783091602
5,val,2019-01-31,esn_selected,-0.8215375583080358,-0.32561955036313966,0.0840777733467484,0.13805611757714353
5,val,2019-02-01,esn_selected,-0.6978562183331195,-0.26388726223172465,0.085049838489263,0.13126345046209012
5,val,2019-02-04,esn_selected,-0.44457900173442877,-0.1604479402637588,0.0814710165479689,0.10824296683704109
5,val,2019-02-05,esn_selected,-0.40895015844708393,-0.10139278332623937,0.0829582876254437,0.11283147094186285
5,val,2019-02-06,esn_selected,-0.3137191986484599,-0.03259269371815168,0.0880303801851065,0.11660690470728882
5,val,2019-02-07,esn_selected,-0.4201805724456468,0.06275363952935444,0.0815096921578475,0.13211280584050725
5,val,2019-02-08,esn_selected,-0.2509509909938309,0.0766278733500161,0.096107514769983,0.1333592180084138
5,val,2019-02-11,esn_selected,-0.24165026389622193,0.0922727045614619,0.0970119006226869,0.13547086872784483
5,val,2019-02-12,esn_selected,-0.3784277008174929,-0.0005426171125544081,0.0888967076431421,0.1297176533493956
5,val,2019-02-13,esn_selected,-0.33978527022331584,0.021181753394152347,0.088178182711886,0.12651066266889344
5,val,2019-02-14,esn_selected,-0.3239636749009877,0.09276890957936869,0.0895509035294012,0.13584843321399429
5,val,2019-02-15,esn_selected,-0.4377208568508799,-0.001555349340625887,0.0818799516040375,0.12664902489954866
5,val,2019-02-19,esn_selected,-0.36821708604827036,0.03370223723390871,0.0816543225390052,0.1220479598672715
5,val,2019-02-20,esn_selected,-0.27406273371655443,0.0510144393690185,0.0820416190812086,0.11355687825080873
5,val,2019-02-21,esn_selected,-0.1822535779376659,0.09507397984021244,0.0903342867139516,0.11920499331289869
5,val,2019-02-22,esn_selected,0.008546025968009074,0.04728585085676168,0.1115246438158879,0.1159298668493032
5,val,2019-02-25,esn_selected,0.04485395308483365,0.1498059874458974,0.1114520579205513,0.12378504570712828
5,val,2019-02-26,esn_selected,0.10490317142056838,0.1895066856325152,0.1144992911542226,0.12460791734062876
5,val,2019-02-27,esn_selected,0.11879207227549474,0.19478558579831015,0.1159919266539735,0.12515013597789962
5,val,2019-02-28,esn_selected,0.29429474177878556,0.2456602931070731,0.1165790134429236,0.11104492191948855
5,val,2019-03-01,esn_selected,0.32718203556479575,0.22672691529097078,0.1166204074049251,0.10547449382070617
5,val,2019-03-04,esn_selected,0.37077031590696785,0.3536063927050966,0.1232244803793034,0.12112751244017009
5,val,2019-03-05,esn_selected,0.4130909876317385,0.37604132563785464,0.123142019508566,0.11866313226501117
5,val,2019-03-06,esn_selected,0.38048494614798584,0.42222269629676895,0.1213674679777699,0.12654027273449567
5,val,2019-03-07,esn_selected,0.29319348992028915,0.45174727829262773,0.1180225224173991,0.13830055650626596
5,val,2019-03-08,esn_selected,0.37881136371633084,0.4632578022974382,0.1190487769034609,0.129538707702579
5,val,2019-03-11,esn_selected,0.11254533944179188,0.29480004891689326,0.1075561298842655,0.12905872834279425
5,val,2019-03-12,esn_selected,0.10979628949854953,0.24865681151037589,0.1082701992154172,0.12439854316200766
5,val,2019-03-13,esn_selected,0.17969315020355708,0.22575362582830744,0.1063960293053313,0.11141129717710961
5,val,2019-03-14,esn_selected,0.1876234501653427,0.23727329206571568,0.1063763226901205,0.11179120193387006
5,val,2019-03-15,esn_selected,0.18382621359459295,0.19160481248465533,0.1076228979930368,0.10846331775444808
5,val,2019-03-18,esn_selected,0.2664396742998171,0.2213361710656312,0.1068786249169263,0.10216512131462666
5,val,2019-03-19,esn_selected,0.2694017140382746,0.2893169924788024,0.1069002836996759,0.10905057335363433
5,val,2019-03-20,esn_selected,0.2629662299391427,0.3285532330259543,0.1067183262216723,0.11395229561532938
5,val,2019-03-21,esn_selected,0.09400665693996038,0.24937741284220707,0.0992382716811053,0.11591932778356877
5,val,2019-03-22,esn_selected,-0.4458638336398349,0.29516902576184995,0.0714059895876338,0.14981700954640065
5,val,2019-03-25,esn_selected,-0.3554715933029693,0.23877564118537825,0.07811037818634,0.1415099688464798
5,val,2019-03-26,esn_selected,-0.43719306071151576,0.08264798654529654,0.0739489929789763,0.12436448121140511
5,val,2019-03-27,esn_selected,-0.4823949769851783,0.08943585326082878,0.0716021866918038,0.12684380455492625
5,val,2019-03-28,esn_selected,-0.47858434846868064,0.02919925743704061,0.0722393507469472,0.12003321876661087
5,val,2019-03-29,esn_selected,-0.5258044095913227,-0.02166448507490315,0.0689319557606178,0.1141210576470697
5,val,2019-04-01,esn_selected,-0.8102211016139499,-0.13843199156023994,0.054805285176156,0.10729432339440047
5,val,2019-04-02,esn_selected,-0.7028853221494579,-0.20875193496340155,0.0609743325224739,0.09994163688780762
5,val,2019-04-03,esn_selected,-0.6846599212913801,-0.20125844194916503,0.0612009644021169,0.09924230915482167
5,val,2019-04-04,esn_selected,-0.5272573224688231,-0.21629708547756357,0.0696594348360895,0.09506666560640352
5,val,2019-04-05,esn_selected,-0.5441792716058306,-0.2729842424194194,0.0690861327932812,0.09060859323823034
5,val,2019-04-08,esn_selected,-0.16365652394651467,-0.15915092252158275,0.0913187675673892,0.09173114183609536
5,val,2019-04-09,esn_selected,-0.18910860965451892,-0.05954014107501105,0.0896148764183353,0.10201193397888621
5,val,2019-04-10,esn_selected,-0.17354258493373892,-0.06934307967853051,0.0894451575553019,0.09926819006352955
5,val,2019-04-11,esn_selected,-0.15402395519792064,-0.05901189608984134,0.0911912606094647,0.10028048652524381
5,val,2019-04-12,esn_selected,0.15855500594650357,-0.10826301907846045,0.1261142746582929,0.09657987755503085
5,val,2019-04-15,esn_selected,0.19644996074572432,-0.07126537682436945,0.1300792402022496,0.09952695054214558
5,val,2019-04-16,esn_selected,0.20863345869126504,-0.06710724362682771,0.1317004374881884,0.09996191148468339
5,val,2019-04-17,esn_selected,0.23823240616280336,-0.033572489695157866,0.1354259916983245,0.10319500064578574
5,val,2019-04-18,esn_selected,0.3238533983717815,-0.016009492487535387,0.1371914151439003,0.09766216729513867
5,val,2019-04-22,esn_selected,0.6672724427302473,0.17062478883882676,0.1391641534390855,0.0846907631885984
5,val,2019-04-23,esn_selected,0.5776709923795472,0.16874869235837664,0.1391835998381697,0.09246883082541064
5,val,2019-04-24,esn_selected,0.6338880039733606,0.28513851608493207,0.1393883016410994,0.09834818474332968
5,val,2019-04-25,esn_selected,0.7127779598008319,0.3566190471047521,0.1460433614270482,0.10228312066874076
5,val,2019-04-26,esn_selected,0.6990347995037903,0.32518616842238746,0.1453318460644067,0.10000009040576877
5,val,2019-04-29,esn_selected,0.7705900086384813,0.35772052615884736,0.1489647764411266,0.09857723925822205
5,val,2019-04-30,esn_selected,1.0125602154530546,0.4746282207782519,0.150859184626744,0.08809491871121242
5,val,2019-05-01,esn_selected,0.8920036428167626,0.5447787580612142,0.148778205032906,0.10513358244722563
5,val,2019-05-02,esn_selected,0.9369078469329915,0.5519932701018462,0.1561896219678662,0.1062884067413165
5,val,2019-05-03,esn_selected,0.784090501550754,0.3971591296948145,0.152582991301723,0.10362486196820223
5,val,2019-05-06,esn_selected,0.9000606066890722,0.4984056815738628,0.1699347660275904,0.11372232244310787
5,val,2019-05-07,esn_selected,0.573194082777547,0.5124343480830319,0.1619925600548101,0.152442987531627
5,val,2019-05-08,esn_selected,0.6015601215730279,0.4696112388787379,0.1635439005561434,0.14332755088351523
5,val,2019-05-09,esn_selected,0.6242088635256533,0.3967254622675317,0.1669734029973718,0.13300026689992128
5,val,2019-05-10,esn_selected,0.6039378865520946,0.27368095014576405,0.1668169247978402,0.11989783629816513
5,val,2019-05-13,esn_selected,0.10615483861672563,0.2810094097378867,0.1402383221316341,0.1670340773183478
5,val,2019-05-14,esn_selected,0.04959218750258507,0.1187134154139356,0.1366927890671862,0.1464753595616919
5,val,2019-05-15,esn_selected,0.03138866454952002,-0.010527889285544371,0.135899901335313,0.13032118292242093
5,val,2019-05-16,esn_selected,-0.025928224929880495,-0.14261208104882225,0.1319597668383607,0.11742657249747479
5,val,2019-05-17,esn_selected,-0.0542824038078664,-0.1348249645060163,0.1299428499060466,0.11988730505547526
5,val,2019-05-20,esn_selected,-0.04505809039650599,-0.1323443870563996,0.1330328520936108,0.12191326012496093
5,val,2019-05-21,esn_selected,-0.0728119161764464,-0.24940943348101194,0.1294095274854526,0.10846033067453069
5,val,2019-05-22,esn_selected,-0.04471727181343414,-0.264746256472105,0.1332925455987005,0.10696667303378858
5,val,2019-05-23,esn_selected,-0.14720408434482907,-0.17745427296044453,0.1260526263686881,0.12229660720484409
5,val,2019-05-24,esn_selected,-0.14376224309435073,-0.21130690666227853,0.1258709880492683,0.11764984697170015
5,val,2019-05-28,esn_selected,-0.16455655068096292,-0.14834433942684802,0.1263623189370117,0.12842762792274015
5,val,2019-05-29,esn_selected,-0.1950026463787539,-0.11389794029871178,0.1241318370966656,0.1346190461797018
5,val,2019-05-30,esn_selected,-0.17903608804274074,-0.11918950802662079,0.1243898458626401,0.13206142194058004
5,val,2019-05-31,esn_selected,-0.2963785668783659,-0.08422902934160577,0.1161279067054281,0.1435727341803549
5,val,2019-06-03,esn_selected,-0.23906706982612938,-0.018109453413774346,0.1201380602388891,0.14984466634934404
5,val,2019-06-04,esn_selected,-0.5994235576623439,-0.21912668463350268,0.0933159527379914,0.1364949953055131
5,val,2019-06-05,esn_selected,-0.559560954333568,-0.25977086577938313,0.0925722531050797,0.12493324352062124
5,val,2019-06-06,esn_selected,-0.5999586306046784,-0.28125266866716914,0.089758508815844,0.12344908335857367
5,val,2019-06-07,esn_selected,-0.6776198939584297,-0.3070651385030988,0.0847931399140699,0.1228260832827563
5,val,2019-06-10,esn_selected,-0.6939886528273321,-0.33039552310248244,0.0833383060124125,0.11988122120449887
5,val,2019-06-11,esn_selected,-0.5002884510192809,-0.17161678484459117,0.085034310268085,0.11812300436810581
5,val,2019-06-12,esn_selected,-0.47262819624017977,-0.12161615686731812,0.0852090625418953,0.12103985062874256
5,val,2019-06-13,esn_selected,-0.4642177022778622,-0.109639532877339,0.0854303046188045,0.12178766313672656
5,val,2019-06-14,esn_selected,-0.4357570911807937,-0.08508501936544238,0.0853482536737429,0.12119636241192637
5,val,2019-06-17,esn_selected,-0.4102061401342905,-0.06900134342779018,0.0862188298504035,0.12127896577306814
5,val,2019-06-18,esn_selected,-0.492081806072078,-0.14123568556713012,0.0813299469478175,0.1155103828094565
5,val,2019-06-19,esn_selected,-0.4566519079527981,-0.14218429110032021,0.0819680960975938,0.1122577668243751
5,val,2019-06-20,esn_selected,-0.5452583514354291,-0.13446297954622644,0.0772686223074844,0.11652237609928198
5,val,2019-06-21,esn_selected,-0.48531305613047504,-0.04661306853516842,0.0775859561384999,0.12031176565411988
5,val,2019-06-24,esn_selected,-0.43480646620430097,-0.035925353431277396,0.0814876122554209,0.12142929079445679
5,val,2019-06-25,esn_selected,-0.5156404052922307,0.03560038630346949,0.075453224582164,0.1309419000689654
5,val,2019-06-26,esn_selected,-0.47413089733084,0.052976044559914025,0.0772628547038271,0.1308851534888429
5,val,2019-06-27,esn_selected,-0.44346751476183727,0.019672479954358724,0.0798342840845793,0.1268611310664497
5,val,2019-06-28,esn_selected,-0.39803019227624,0.01845941586148504,0.0779963503630066,0.11829146762806102
5,val,2019-07-01,esn_selected,-0.5171760872208675,-0.046064249677130346,0.0716265271470001,0.11472951721308866
5,val,2019-07-02,esn_selected,-0.1408629098710299,0.04474023939297779,0.0810550186451628,0.09758573411572176
5,val,2019-07-03,esn_selected,-0.12047388743908745,0.05496495589446118,0.0820653242093889,0.09780291772170964
5,val,2019-07-05,esn_selected,-0.03993843116239065,0.18747535404282956,0.0862443371444512,0.10826676010577611
5,val,2019-07-08,esn_selected,0.480680258790235,0.2906392524275546,0.1371252718479215,0.11339234614609689
5,val,2019-07-09,esn_selected,0.5586107605950312,0.33279764090155595,0.1456955339200333,0.11624568673965568
5,val,2019-07-10,esn_selected,0.5317794805508765,0.27610119577329845,0.1447248430956164,0.11207362495914455
5,val,2019-07-11,esn_selected,0.6307113878362981,0.2684890144376322,0.1601032923102163,0.11145231268360126
5,val,2019-07-12,esn_selected,0.6346529179669056,0.2137582251454691,0.1611529333716523,0.10579033017282832
5,val,2019-07-15,esn_selected,0.6707170043454517,0.2262609886353915,0.1669103751509543,0.10701842082654055
5,val,2019-07-16,esn_selected,0.7092592712183683,0.2336013488349596,0.1752384939636192,0.10890652509693914
5,val,2019-07-17,esn_selected,0.9183392236367507,0.3225540096805983,0.2037418035848827,0.11228814711428678
5,val,2019-07-18,esn_selected,0.9095524359969466,0.3097882443299311,0.2035440687663316,0.11173369802769176
5,val,2019-07-19,esn_selected,0.9957487256006171,0.3991814870050106,0.2091468585712892,0.11517692670708912
5,val,2019-07-22,esn_selected,1.0110577340134725,0.36614704157232214,0.2132455177146032,0.11189192776570117
5,val,2019-07-23,esn_selected,0.9631574706018927,0.2883482309096962,0.213493947309843,0.10872255200308804
5,val,2019-07-24,esn_selected,1.0460953808289524,0.2873734333275746,0.2147787230723361,0.10057325381120862
5,val,2019-07-25,esn_selected,1.0192667094093508,0.3434144188663067,0.2141078832388318,0.1089215310913634
5,val,2019-07-26,esn_selected,1.0666845963541625,0.28479148002960064,0.2319768619381718,0.1061384652206687
5,val,2019-07-29,esn_selected,1.103560221586441,0.3359393301906383,0.2351496822120182,0.10913671535120593
5,val,2019-07-30,esn_selected,1.1898284632862497,0.43182257409676633,0.2354018278155374,0.11030928148129604
5,val,2019-07-31,esn_selected,1.057938520533058,0.5078426840614945,0.2334730580008,0.13468932777402728
5,val,2019-08-01,esn_selected,1.0552335994760027,0.5647295496353159,0.2357446355179109,0.14435060776442088
5,val,2019-08-02,esn_selected,0.9990701648946139,0.5118598718821122,0.2342185285737796,0.14388930221671545
5,val,2019-08-05,esn_selected,0.41986741494691615,0.4610047817665735,0.2086717234705773,0.21743494076055375
5,val,2019-08-06,esn_selected,0.3495228590035641,0.206710280186889,0.2066531779302153,0.17915105637788167
5,val,2019-08-07,esn_selected,0.37966751418974776,0.13769365602825687,0.2115585558542887,0.1660896930205341
5,val,2019-08-08,esn_selected,0.22259398413849005,-0.130164993276157,0.2000191612114179,0.14056277562672354
5,val,2019-08-09,esn_selected,0.20868874479451383,-0.13649984364512577,0.1985503172938079,0.14059085958387169
5,val,2019-08-12,esn_selected,0.14902725180003995,-0.03950262891539264,0.1937336435750452,0.16044550684369427
5,val,2019-08-13,esn_selected,0.06775188614736619,-0.20262093229004735,0.1875226719036723,0.1430976030836811
5,val,2019-08-14,esn_selected,-0.27467451437193563,-0.07269368011651098,0.1548069735843747,0.1894565751518608
5,val,2019-08-15,esn_selected,-0.2754207976666946,-0.12752626355980293,0.1545413561563225,0.17917379776356165
5,val,2019-08-16,esn_selected,-0.35979519727105985,-0.3008926462222453,0.1459466991189772,0.15480155890856234
5,val,2019-08-19,esn_selected,-0.42146751504154123,-0.48206683743520734,0.1399068231613753,0.13168034142872231
5,val,2019-08-20,esn_selected,-0.4419296350549545,-0.4811448732984302,0.1372328128449709,0.1319553501772119
5,val,2019-08-21,esn_selected,-0.470386686080445,-0.5867486759876653,0.1341852914812593,0.11944543152752275
5,val,2019-08-22,esn_selected,-0.4594997757815617,-0.5338706073650046,0.1352304336846325,0.12553811377846397
5,val,2019-08-23,esn_selected,-0.8538665369366573,-0.3689432989576107,0.0987677462731684,0.1604037917849275
5,val,2019-08-26,esn_selected,-0.9070067449858588,-0.4646276329662667,0.0949371897088348,0.14776078137264123
5,val,2019-08-27,esn_selected,-0.8947502250025735,-0.4412023148106665,0.0962110036816357,0.15142518047451933
5,val,2019-08-28,esn_selected,-0.9180497927584043,-0.5249618686875842,0.093225090273007,0.13811750639687437
5,val,2019-08-29,esn_selected,-1.0338577241065785,-0.6406136241008632,0.083838425634918,0.12423010633683566
5,val,2019-08-30,esn_selected,-1.0087028212306792,-0.5721953066730261,0.0854175634899321,0.13216607235079283
5,val,2019-09-03,esn_selected,-0.8071223046884989,-0.4537509938234666,0.0930968185528443,0.13255681184853435
5,val,2019-09-04,esn_selected,-0.6753076323736009,-0.5380317681894025,0.105186428653596,0.12066403951819246
5,val,2019-09-05,esn_selected,-0.7570324500729452,-0.5797875594048607,0.0992328759255129,0.11847645639136585
5,val,2019-09-06,esn_selected,-0.5972714290852961,-0.5676034579947964,0.1100727751083119,0.11338733605088268
5,val,2019-09-09,esn_selected,-0.5804019863127792,-0.5385178078101451,0.1111233193008776,0.11587647439532
5,val,2019-09-10,esn_selected,-0.44437399793698806,-0.49795829981213297,0.1242269638868916,0.11774555051214217
5,val,2019-09-11,esn_selected,-0.39606769422858895,-0.49934259065810754,0.1261954708370389,0.11381304707231114
5,val,2019-09-12,esn_selected,-0.1912759115980242,-0.3663209131522034,0.1278558039848184,0.10732462241766161
5,val,2019-09-13,esn_selected,-0.15031367534862786,-0.3270537208906158,0.1329732609548528,0.11143127320157564
5,val,2019-09-16,esn_selected,-0.09607009328658037,-0.20376696758566318,0.1325780312579678,0.11904177869163733
5,val,2019-09-17,esn_selected,-0.02232405237298449,-0.16201525341929365,0.1368181401472614,0.11898071233622275
5,val,2019-09-18,esn_selected,-0.002277824484710627,-0.11375102435959726,0.1369205763287606,0.12247755920197645
5,val,2019-09-19,esn_selected,0.023083232237730837,-0.0809500024876295,0.1373187477431881,0.12375101637697461
5,val,2019-09-20,esn_selected,0.014255031977157615,0.014817307725102244,0.1371719531750561,0.13724910332542126
5,val,2019-09-23,esn_selected,0.3435016390127418,0.1404353672966859,0.1392502585786074,0.11365942353596525
5,val,2019-09-24,esn_selected,0.3660873737707739,0.32717494654896,0.1369071399940365,0.1316820702362738
5,val,2019-09-25,esn_selected,0.343826700888517,0.32747105173559377,0.1356896693572556,0.1334884271744632
5,val,2019-09-26,esn_selected,0.37477770262113913,0.37587410155736445,0.1356115565297251,0.1357603224345315
5,val,2019-09-27,esn_selected,0.4766082734505082,0.5017213731479195,0.135030369937405,0.13846433941616607
5,val,2019-09-30,esn_selected,0.46145430886439853,0.45681014346024834,0.1355046625902814,0.1348768155653589
5,val,2019-10-01,esn_selected,0.3236854900995286,0.5375806136961035,0.1286795881041006,0.15936873813867086
5,val,2019-10-02,esn_selected,0.06793534521546592,0.5578593911762442,0.1125806250422199,0.18375322297957386
5,val,2019-10-03,esn_selected,0.09573271242409129,0.516495063698883,0.1092022953032048,0.1663284476198089
5,val,2019-10-04,esn_selected,-0.06120368756061395,0.3336825030830594,0.1035379333514938,0.1536725810547806
5,val,2019-10-07,esn_selected,-0.07224265553651689,0.3624643391075411,0.1033785934227086,0.15966931710469767
5,val,2019-10-08,esn_selected,-0.352980566700259,0.3838915337375246,0.0872807277654917,0.18236346940780876
5,val,2019-10-09,esn_selected,-0.4485956274463747,0.2757964026088059,0.0805788681395319,0.16627257558350483
5,val,2019-10-10,esn_selected,-0.4948705321520555,0.18137344659320256,0.0779472694501088,0.15328156804835671
5,val,2019-10-11,esn_selected,-0.6507252670877673,0.03314884860020796,0.0693678008721267,0.1374550440328138
5,val,2019-10-14,esn_selected,-0.6446002767270476,-0.04296019139451342,0.0695865367070163,0.12700306192882696
5,val,2019-10-15,esn_selected,-0.8139551499012435,-0.14833932125726984,0.0606243998551288,0.11795618931759567
5,val,2019-10-16,esn_selected,-0.8189701281857856,-0.15048220180876185,0.0603662935102622,0.11779181905807812
5,val,2019-10-17,esn_selected,-0.8333351336290007,-0.1583645025061771,0.0596783743248095,0.11720685284198502
5,val,2019-10-18,esn_selected,-0.7774614979357745,-0.11796402561764022,0.0630402728368809,0.12190855882233408
5,val,2019-10-21,esn_selected,-0.8696629571499898,-0.17283469896456827,0.0583587776590428,0.11714799345151011
5,val,2019-10-22,esn_selected,-0.8727416032285117,-0.12335276697213153,0.0572004223740313,0.12101930989535102
5,val,2019-10-23,esn_selected,-0.8534453448061389,-0.13797058935148376,0.0577963191195519,0.1182025698236388
5,val,2019-10-24,esn_selected,-0.8530072112694119,-0.14178543080250366,0.0577883608342387,0.11768471787689812
5,val,2019-10-25,esn_selected,-0.8714104727803139,-0.181469055238924,0.0564914468132907,0.11262127718246744
5,val,2019-10-28,esn_selected,-0.8224776944804301,-0.17458172312001718,0.0595328556239115,0.11379792944785047
5,val,2019-10-29,esn_selected,-0.7619278334826455,-0.1438890710116869,0.0600632196263842,0.11143443938868193
5,val,2019-10-30,esn_selected,-0.6104299563438225,-0.10115435603428964,0.0611444853458064,0.10174963895564561
5,val,2019-10-31,esn_selected,-0.5688110907632027,0.019497947538909835,0.061830142704815,0.11135240921532441
5,val,2019-11-01,esn_selected,-0.5361427045475414,-0.005943921901070179,0.0605697350570851,0.10292433735174342
5,val,2019-11-04,esn_selected,-0.4868134649432364,0.04558784204610737,0.0635345878931155,0.10820047493578341
5,val,2019-11-05,esn_selected,-0.26343855758567997,0.1572745417517554,0.0670669330983574,0.10214610818599544
5,val,2019-11-06,esn_selected,-0.1791171448130972,0.20998836051095493,0.0673645751453967,0.09940722466385171
5,val,2019-11-07,esn_selected,-0.05670214691496012,0.23673851070204693,0.0736504621965872,0.09876774423427866
5,val,2019-11-08,esn_selected,0.06435849509282551,0.2718335690018639,0.0739790015843404,0.09103612124087898
5,val,2019-11-11,esn_selected,0.058428637954901795,0.32347616149500696,0.0737735117989392,0.09616325038018443
5,val,2019-11-12,esn_selected,0.20045174864826143,0.3760271895018012,0.0740802672975785,0.08829863416882942
5,val,2019-11-13,esn_selected,0.2827334353130452,0.4196416265830511,0.0800910674211659,0.09184225825547403
5,val,2019-11-14,esn_selected,0.2924652527048623,0.42801730366037183,0.0799526806951742,0.09155931552148827
5,val,2019-11-15,esn_selected,0.23259658500258018,0.3494838772903541,0.0795487752381585,0.0894122458357018
5,val,2019-11-18,esn_selected,0.30926663840449065,0.38905466805059075,0.0795094924960252,0.08611334956642544
5,val,2019-11-19,esn_selected,0.32923595638086245,0.43300338258205995,0.0795031973349095,0.08819626940316534
5,val,2019-11-20,esn_selected,0.32170882954306024,0.4523927812857403,0.0797290427375796,0.09085981932981506
5,val,2019-11-21,esn_selected,0.3379786177561329,0.4689890532271519,0.0810256688219549,0.09236761581083257
5,val,2019-11-22,esn_selected,0.3581709040198277,0.430467912364004,0.0808228842931232,0.08688254553749684
5,val,2019-11-25,esn_selected,0.2446714581765175,0.3538192986555548,0.0760354602482265,0.08480441915892765
5,val,2019-11-26,esn_selected,0.26032395121801316,0.3310767456029789,0.0779230358094822,0.08363603045564474
5,val,2019-11-27,esn_selected,0.2215926225268843,0.3128681401926555,0.0763121601289488,0.08360537529845669
5,val,2019-11-29,esn_selected,0.22825413046826096,0.35778580997542603,0.0776836742011243,0.0884269512492001
5,val,2019-12-02,esn_selected,0.1736310315398062,0.4642895170424886,0.0720547594860029,0.09635939159628833
5,val,2019-12-03,esn_selected,0.17367658678052855,0.5069116983307845,0.0755852407248705,0.10547734042748735
5,val,2019-12-04,esn_selected,0.14109148852067427,0.413752071621849,0.0772295851314868,0.10143753535464152
5,val,2019-12-05,esn_selected,0.14843201134679193,0.39076950736889815,0.0781438453758929,0.09957277618980401
5,val,2019-12-06,esn_selected,-0.024530176170874374,0.2759169715290383,0.0718657821323598,0.09705204587288915
5,val,2019-12-09,esn_selected,-0.007099291059532105,0.3701037328190112,0.073455662984339,0.10711307191651032
5,val,2019-12-10,esn_selected,0.045032240469879595,0.3738336086423126,0.0771716366747151,0.10721469903582857
5,val,2019-12-11,esn_selected,0.04116868684449868,0.3195742413424953,0.0771937029272947,0.10197456708634321
5,val,2019-12-12,esn_selected,-0.06588144895340114,0.22191771996930992,0.074984609143998,0.09999118678826902
5,val,2019-12-13,esn_selected,-0.06195103376867603,0.178821611474937,0.075149836052631,0.09560800777043729
5,val,2019-12-16,esn_selected,-0.10581011607951601,0.12842148890131427,0.0715617163026701,0.090449514791236
5,val,2019-12-17,esn_selected,-0.027356807016666266,0.1352454375842239,0.0773638494393549,0.09102387680583852
5,val,2019-12-18,esn_selected,-0.017219490070216798,0.15061650612271155,0.0781459122338237,0.09242650101274305
5,val,2019-12-19,esn_selected,-0.033536685762323444,0.14190619573460658,0.0770995338400984,0.09188521324034193
5,val,2019-12-20,esn_selected,-0.07035639643042316,0.13982647770928286,0.0755209126827912,0.09318553271069135
5,val,2019-12-23,esn_selected,-0.06897515537733932,0.13616912077058016,0.0754360284280252,0.09261297657633223
5,val,2019-12-24,esn_selected,0.07343361921632918,0.15862954499106566,0.0818291414737041,0.08910623937453784
5,val,2019-12-26,esn_selected,0.23064728019412625,0.1319885112988658,0.0981374355078893,0.08891760287112571
5,val,2019-12-27,esn_selected,0.31796915878324017,0.18164182067373086,0.1048783866972864,0.09151236674758054
5,val,2019-12-30,esn_selected,0.2827411360356437,0.25025997562815805,0.1030677210487561,0.09977374750718697
5,val,2019-12-31,esn_selected,0.3606870910802253,0.22858197804091288,0.1033491921487442,0.09055961439166935
5,val,2020-01-02,esn_selected,0.4416881386051224,0.1323291056196507,0.1175600391090824,0.0862793373477803
5,val,2020-01-03,esn_selected,0.4187956505104292,0.2120497238649511,0.1173989849435858,0.0954719354413787
5,val,2020-01-06,esn_selected,0.4964820932504867,0.1999490156529068,0.1283849783064978,0.09544024219287685
5,val,2020-01-07,esn_selected,0.6254817212110391,0.22597445678724826,0.1343276498414228,0.0900868945092085
5,val,2020-01-08,esn_selected,0.5976393518528686,0.1817535504670423,0.1335293563415104,0.08809674186038043
5,val,2020-01-09,esn_selected,0.5422062868357016,0.08836174259502041,0.1327195527196908,0.08430100035384265
5,val,2020-01-10,esn_selected,0.5584585368237986,0.07780338719833989,0.1349327386730831,0.0834394544635861
5,val,2020-01-13,esn_selected,0.5720413974557973,0.0506592690300205,0.1328637648118875,0.07888113901963559
5,val,2020-01-14,esn_selected,0.5835397481569708,0.07582785726351894,0.1346964438774394,0.08106990375851926
5,val,2020-01-15,esn_selected,0.631087938440358,0.11114218902879622,0.1345112960342245,0.07997406794900944
5,val,2020-01-16,esn_selected,0.5295795301581119,0.04244178658198689,0.1313806900982833,0.08071798368140216
5,val,2020-01-17,esn_selected,0.5184259227742268,0.03175104154805353,0.1312368454892067,0.08066693713357996
5,val,2020-01-21,esn_selected,0.5387761583053433,0.09822304525934047,0.1321415098511126,0.08505688599443971
5,val,2020-01-22,esn_selected,0.5655363798087233,0.12829595564679847,0.1329463930085781,0.08585892675043887
5,val,2020-01-23,esn_selected,0.6030308780494732,0.14278077068135453,0.137870642112486,0.08701371606789325
5,val,2020-01-24,esn_selected,0.7873403513205173,0.19857642487513094,0.1798231349488632,0.09980415919759837
5,val,2020-01-27,esn_selected,0.7240071244855696,0.24719178598288064,0.2024263312072133,0.12565759217283323
5,val,2020-01-28,esn_selected,0.6427359630892527,0.10210462695555425,0.1994447827967727,0.11615274404232588
5,val,2020-01-29,esn_selected,0.9161509286847199,0.0830167835359779,0.2576332821495113,0.11198926759138962
5,val,2020-01-30,esn_selected,0.914109260277953,0.026192231236356476,0.2578099613821957,0.10609190011095855
5,val,2020-01-31,esn_selected,0.9075546013534389,0.12565349623850472,0.2913437307947697,0.13330005908895473
5,val,2020-02-03,esn_selected,0.9643130085252045,0.05689494167304603,0.3079357846208377,0.12427206104440545
5,val,2020-02-04,esn_selected,0.9638728645438713,-0.1359140803525063,0.3366036944801375,0.11206951099628314
5,val,2020-02-05,esn_selected,0.9719006425496484,-0.25400058699465045,0.3550230106333942,0.10419679560718172
5,val,2020-02-06,esn_selected,0.9910115302574289,-0.2854826282340897,0.359722493072086,0.10036752744519177
5,val,2020-02-07,esn_selected,1.2447536923205647,-0.24812831354657847,0.4608128374726579,0.10355573417617708
5,val,2020-02-10,esn_selected,1.2971143746504838,-0.2960059180466414,0.4936816108143324,0.10036068071242461
5,val,2020-02-11,esn_selected,1.3732189632631413,-0.2670159322552718,0.52455130592427,0.1017285861112573
5,val,2020-02-12,esn_selected,1.5491696361360923,-0.36258992023243924,0.6340915336687041,0.0937314484922131
5,val,2020-02-13,esn_selected,1.6461947354840352,-0.32013301445641046,0.6977374712908002,0.09766225673479496
5,val,2020-02-14,esn_selected,1.8188732687309437,-0.32439411921108663,0.8099499121239507,0.09498367368919987
5,val,2020-02-18,esn_selected,1.8457819589215314,-0.23223435542029433,0.8311295095333014,0.10403936281979168
5,val,2020-02-19,esn_selected,1.862750254259476,-0.262718517252449,0.851180021171029,0.10161131280293231
5,val,2020-02-20,esn_selected,1.8565694546237212,-0.15444670590468845,0.8510879238500145,0.1139203227719266
5,val,2020-02-21,esn_selected,1.8358969004976533,-0.08547999235494753,0.8645531380593371,0.12657510877077743
5,val,2020-02-24,esn_selected,1.5662893891241128,0.08247858511532953,0.8611452361859792,0.19528350398962335
5,val,2020-02-25,esn_selected,1.5008422318699453,0.09089599287286163,0.907976280732639,0.22168822806462793
5,val,2020-02-26,esn_selected,1.517261903496421,0.05702782701190755,0.9094129882929656,0.2111492537319196
5,val,2020-02-27,esn_selected,1.269638246549334,0.14700122446847547,0.9170623224173668,0.2984308988052793
5,val,2020-02-28,esn_selected,1.2756245194799827,0.17404738644870255,0.9232012495028388,0.3068227183613431
5,val,2020-03-02,esn_selected,1.147575001407357,-0.03272047859532934,0.917891119139974,0.2819650979044479
5,val,2020-03-03,esn_selected,1.0875419479427506,0.10658697633707291,0.9136368908040716,0.3425707638294621
5,val,2020-03-04,esn_selected,1.0017261384542095,-0.09071741284709246,0.9165644585639228,0.30741199302125555
5,val,2020-03-05,esn_selected,0.9437599923863227,0.022770461449663087,0.91227602059658,0.36319978962841676
5,val,2020-03-06,esn_selected,0.930110728613484,0.06914573846257335,0.9118209191632692,0.38547587889099966
5,val,2020-03-09,esn_selected,0.6640380051296763,0.06786377604782137,0.8951846172161024,0.4931708886687616
5,val,2020-03-10,esn_selected,0.5747263823363672,-0.0657362127616693,0.8770966391854239,0.46227251852561396
5,val,2020-03-11,esn_selected,0.502412681454753,-0.008667621559409273,0.8669279955686815,0.5200243410667789
5,val,2020-03-12,esn_selected,0.22215794840803765,0.03569033078426729,0.7918335988644885,0.6571311707827117
5,val,2020-03-13,esn_selected,0.054847702119582856,-0.027263364174834936,0.737075713182344,0.6789717709244368
5,val,2020-03-16,esn_selected,-0.2668471615514309,-0.008132728128840638,0.6202516280015581,0.8033895227814711
5,val,2020-03-17,esn_selected,-0.3318885916753405,-0.050626425002476244,0.596391325997834,0.7900997517467601
5,val,2020-03-18,esn_selected,-0.40553762517846514,0.051644524106037086,0.567412198885068,0.8962937193664869
5,val,2020-03-19,esn_selected,-0.39180019990764076,0.07894334221845228,0.5751985247258079,0.9209988464226113
5,val,2020-03-20,esn_selected,-0.43943206759814285,0.1062037280457578,0.5571200255544214,0.9614249415705587
5,test,2020-08-12,esn_selected,0.5888196284669259,0.2965743426479056,0.2062096598287469,0.15395311862540095
5,test,2020-08-13,esn_selected,0.592046432643815,0.31858030253542224,0.2061175399626652,0.15680146614764662
5,test,2020-08-14,esn_selected,0.6208903551892218,0.32903018436443443,0.2112862554316147,0.1578039916993287
5,test,2020-08-17,esn_selected,0.6505309507430055,0.29690839451005246,0.2117431226860124,0.14867330254539685
5,test,2020-08-18,esn_selected,0.6520229323635321,0.31441758065334574,0.2120747299443,0.15131040068789678
5,test,2020-08-19,esn_selected,0.6681448972947709,0.38175028866730354,0.2138683019320517,0.16060787022011355
5,test,2020-08-20,esn_selected,0.7609212167489909,0.4137976383144217,0.2175021376639198,0.15371267306302863
5,test,2020-08-21,esn_selected,0.7938532621531961,0.41568848452769536,0.2207430318613333,0.15123493605393487
5,test,2020-08-24,esn_selected,0.7640019099938176,0.38941351585904627,0.220772539093252,0.15179706687638467
5,test,2020-08-25,esn_selected,0.8462889534120824,0.3943145587867729,0.2356350366340552,0.14995117760233623
5,test,2020-08-26,esn_selected,0.8674420192240434,0.4401791109277554,0.2331506512187665,0.15208231314011733
5,test,2020-08-27,esn_selected,0.9011611560441762,0.528601564933516,0.239874637417647,0.16526609166130532
5,test,2020-08-28,esn_selected,0.9395162056477898,0.48686271323275365,0.245838649887827,0.15633825068512125
5,test,2020-08-31,esn_selected,0.9656001707639156,0.6014685744965674,0.2462650209483614,0.1711048763855114
5,test,2020-09-01,esn_selected,0.912626769074965,0.5680125590539995,0.2454750739554157,0.1739175263423318
5,test,2020-09-02,esn_selected,0.7965202561544903,0.5178612723043874,0.241196309306351,0.1825368699064594
5,test,2020-09-03,esn_selected,0.24787345754645476,0.5374904943702661,0.2094496521902897,0.27980709620920824
5,test,2020-09-04,esn_selected,0.2659591651528176,0.4866305867253019,0.2165997894316518,0.2700812349647629
5,test,2020-09-08,esn_selected,0.03521931222434578,0.38081257594345974,0.1995708518153455,0.2819592576109263
5,test,2020-09-09,esn_selected,-0.02893457549024711,0.18548490192066092,0.1968824497673217,0.24396537911739036
5,test,2020-09-10,esn_selected,-0.08495665744353068,0.20533826649258294,0.1894143152376919,0.25321316512133263
5,test,2020-09-11,esn_selected,-0.07086459340085392,0.14146399684535735,0.1920166323332445,0.23743896126845768
5,test,2020-09-14,esn_selected,-0.08156683979677058,0.0027042564704811882,0.1947364361950358,0.2118584009203843
5,test,2020-09-15,esn_selected,-0.08083254338031827,-0.061156663085837115,0.1953008736338086,0.1991816438303614
5,test,2020-09-16,esn_selected,-0.07846200038298053,-0.06551488702139947,0.1960709751733398,0.1986260329356239
5,test,2020-09-17,esn_selected,-0.09958191892380296,-0.05065399145068172,0.1935969644299481,0.20330481866577602
5,test,2020-09-18,esn_selected,-0.1394259301901049,-0.07312318661230582,0.1891958550541536,0.20216526211701197
5,test,2020-09-21,esn_selected,-0.13531610660343246,-0.03708053490648632,0.1928057425291962,0.212707660767978
5,test,2020-09-22,esn_selected,-0.15036271587048525,-0.10676253270700332,0.1899517743531854,0.1984169061981496
5,test,2020-09-23,esn_selected,-0.32149686888181295,-0.0715191360687987,0.1708502230698305,0.21937114403576363
5,test,2020-09-24,esn_selected,-0.305992522928137,-0.04737633879474364,0.1716903036109147,0.22236239872201427
5,test,2020-09-25,esn_selected,-0.38990581643166,-0.13494422256793756,0.1624240692394255,0.20959397781002398
5,test,2020-09-28,esn_selected,-0.3965075076587677,-0.22103103810041957,0.1653671111194006,0.19708682897936888
5,test,2020-09-29,esn_selected,-0.4023809507037817,-0.21626618159788588,0.1646838089872906,0.1983716110940905
5,test,2020-09-30,esn_selected,-0.18478013760413334,-0.21097568155657498,0.2040602457860821,0.19878418301798886
5,test,2020-10-01,esn_selected,-0.1580066247704715,-0.21470669353658794,0.2059440517762381,0.19459188536168107
5,test,2020-10-02,esn_selected,-0.014091822508008871,-0.05814578696698018,0.2065188237245645,0.19761834100129202
5,test,2020-10-05,esn_selected,-0.07572219380535536,-0.10570745506285995,0.200803972022007,0.194872189917417
5,test,2020-10-06,esn_selected,0.02174347330666684,0.05182306789498674,0.2039577355148469,0.21018590229075218
5,test,2020-10-07,esn_selected,0.06339024676963982,-0.019855676320708168,0.2097669380748754,0.19301177021808144
5,test,2020-10-08,esn_selected,0.14263665185745236,-0.03890351310303182,0.2184535512377401,0.18218692980582127
5,test,2020-10-09,esn_selected,0.11845396537330419,-0.094914460688971,0.2161636933787012,0.1746296654739978
5,test,2020-10-12,esn_selected,0.0908904218812253,-0.13412556380155627,0.2132654122558163,0.17029316831234695
5,test,2020-10-13,esn_selected,0.08232438646205852,-0.06672499031744285,0.2120592459432145,0.1826946757360014
5,test,2020-10-14,esn_selected,0.08049241927248532,-0.017493055856014586,0.2125057679277142,0.1926709200330785
5,test,2020-10-15,esn_selected,0.10606727012789464,0.03556843661710355,0.2152598203470748,0.20060683179234734
5,test,2020-10-16,esn_selected,0.1540800007159596,0.08253978783964724,0.2207128972204488,0.20547462283768544
5,test,2020-10-19,esn_selected,0.12461734570455632,0.15864789985734698,0.2183939435176427,0.22595391589100366
5,test,2020-10-20,esn_selected,0.141257598522094,0.17394945968399467,0.2187715028766244,0.22604174179670436
5,test,2020-10-21,esn_selected,0.265719604126987,0.27372954037959174,0.2228517803428603,0.22464397700556596
5,test,2020-10-22,esn_selected,0.25925526257736153,0.27476306718277693,0.2225045511562266,0.22598200238514268
5,test,2020-10-23,esn_selected,0.31926259164979737,0.29674429123767476,0.2235138136083847,0.21853690843331583
5,test,2020-10-26,esn_selected,0.2602977398350712,0.450546896379159,0.2145334474008538,0.25948913031470133
5,test,2020-10-27,esn_selected,0.29671869496941405,0.4812143624597766,0.2215716517186364,0.26646467646488997
5,test,2020-10-28,esn_selected,-0.10304678185177144,0.5098073555155997,0.1840796401510168,0.3397542724545484
5,test,2020-10-29,esn_selected,-0.1301253368002791,0.4377446684872876,0.1808158665875185,0.3190504392540284
5,test,2020-10-30,esn_selected,-0.1505896032437794,0.45765827463427194,0.1776476263608331,0.3263759177393193
5,test,2020-11-02,esn_selected,-0.12370661243792676,0.406867262357443,0.1774382313876873,0.30162859147637106
5,test,2020-11-03,esn_selected,-0.203673961327782,0.33918109841270755,0.1663740941717597,0.2863153689505644
5,test,2020-11-04,esn_selected,-0.357498901715529,0.15489274851527546,0.1467159191130088,0.24490976687501884
5,test,2020-11-05,esn_selected,-0.49443227158015923,-0.034163344840208096,0.1332385512739005,0.21111649010731767
5,test,2020-11-06,esn_selected,-0.48241373931246173,-0.11892782846249786,0.1334360345506455,0.19192566429357086
5,test,2020-11-09,esn_selected,-0.5239929233452574,-0.14736149002662616,0.1262854137277731,0.18404420382107417
5,test,2020-11-10,esn_selected,-0.4880443698143361,-0.15718955110717134,0.1301674017459566,0.18121354573358212
5,test,2020-11-11,esn_selected,-0.5109002510458758,-0.241705246250145,0.1274939458752156,0.1668781465880676
5,test,2020-11-12,esn_selected,-0.5614594937371248,-0.1567785214305176,0.1227790344021561,0.18402419505336728
5,test,2020-11-13,esn_selected,-0.662575345752734,-0.27723702143774287,0.1137823489293913,0.16727275238099332
5,test,2020-11-16,esn_selected,-0.6393073935992108,-0.33683059866301035,0.1152372583029632,0.15593978102849557
5,test,2020-11-17,esn_selected,-0.6538276394718958,-0.30938852022462815,0.1137724248340375,0.160555439287098
5,test,2020-11-18,esn_selected,-0.7319416107684773,-0.2654615636270023,0.107185960820625,0.1708943150353257
5,test,2020-11-19,esn_selected,-0.7312847270631588,-0.28657594413846676,0.1070892746343264,0.1670631044322534
5,test,2020-11-20,esn_selected,-0.7550650040994874,-0.26712802512342043,0.1050470362249055,0.17111659955429642
5,test,2020-11-23,esn_selected,-0.7331862277386659,-0.27214515324906785,0.1030567111514563,0.16341949845580706
5,test,2020-11-24,esn_selected,-0.9453715542924068,-0.3684118241415811,0.0860883820630122,0.15329040543924313
5,test,2020-11-25,esn_selected,-0.7493165624458101,-0.25892497222746175,0.0870125123499934,0.1420875644557141
5,test,2020-11-27,esn_selected,-0.6797397927559445,-0.23934215787507532,0.0916282297299777,0.1423283972058895
5,test,2020-11-30,esn_selected,-0.6742463502412175,-0.20680549428504175,0.090518623205566,0.1444591063943333
5,test,2020-12-01,esn_selected,-0.7715897957355049,-0.2350215505627742,0.0820257121102998,0.14027447031843207
5,test,2020-12-02,esn_selected,-0.6876771979925238,-0.16193697605713744,0.0836433255632527,0.14150030267769753
5,test,2020-12-03,esn_selected,-0.4162517923341592,-0.06047682124107576,0.0967612304012181,0.1381059815650375
5,test,2020-12-04,esn_selected,-0.338062810445688,-0.030248337413277912,0.0950191385530617,0.12926865075146118
5,test,2020-12-07,esn_selected,-0.3181692588072217,0.049451814773381265,0.097071999132684,0.1402005693877452
5,test,2020-12-08,esn_selected,-0.1398841238537411,0.09458281473758126,0.1097999868971967,0.13881295068032362
5,test,2020-12-09,esn_selected,-0.19638273260856437,0.1926837952637496,0.1069582525455936,0.1578278880379746
5,test,2020-12-10,esn_selected,-0.15110799237255712,0.24508882051534606,0.1096135378885656,0.16290345108068185
5,test,2020-12-11,esn_selected,-0.11412418589728085,0.3171164210226318,0.1095369664697352,0.16859555693731904
5,test,2020-12-14,esn_selected,-0.044847230538214586,0.42580902593647474,0.108792257918782,0.17418125101146317
5,test,2020-12-15,esn_selected,-0.15609421659814482,0.3349030429759261,0.0985830068211586,0.16107919874712437
5,test,2020-12-16,esn_selected,-0.11121737585232072,0.3590032666956013,0.1017972208806942,0.16291090340637257
5,test,2020-12-17,esn_selected,-0.03362403552611712,0.34450076943142505,0.1036418537574954,0.15126995876736038
5,test,2020-12-18,esn_selected,0.05959969563211829,0.3757914275179618,0.1136657955270098,0.15593733946878757
5,test,2020-12-21,esn_selected,0.07296898174666407,0.5844648547042927,0.1129987995997628,0.1884576039016206
5,test,2020-12-22,esn_selected,0.09687391665909187,0.5766875601309509,0.1135397898749533,0.18345455690720291
5,test,2020-12-23,esn_selected,0.28390465995310304,0.5993765194895186,0.1143517388678578,0.1567654887493676
5,test,2020-12-24,esn_selected,0.2671017930152806,0.5294180062196203,0.113653429002364,0.14774235832556903
5,test,2020-12-28,esn_selected,0.42669413219200053,0.4777757778671448,0.1403913024369397,0.1477490441502639
5,test,2020-12-29,esn_selected,0.46066978283483767,0.5615714840466393,0.1434842672997757,0.15871769085076298
5,test,2020-12-30,esn_selected,0.6703800186998865,0.5675434623466475,0.160358635560322,0.1446874968893181
5,test,2020-12-31,esn_selected,0.7079388854190324,0.5662144189633612,0.1697794971666852,0.14734489352545266
5,test,2021-01-04,esn_selected,0.5642753255687653,0.6769542588682457,0.1701230038107334,0.19041400218486448
5,test,2021-01-05,esn_selected,0.5722187839997046,0.6318889310187511,0.1683924241836795,0.1787462604476236
5,test,2021-01-06,esn_selected,0.5709206007507119,0.6397314833344642,0.1718073108409619,0.1840457642805573
5,test,2021-01-07,esn_selected,0.40260818189580977,0.44921606336801184,0.164230116158015,0.17206571591383713
5,test,2021-01-08,esn_selected,0.43336459565764246,0.4201541570489812,0.1649765249685284,0.1628114450279898
5,test,2021-01-11,esn_selected,0.398244418158886,0.4973015937117347,0.1632373547806011,0.1802351669931215
5,test,2021-01-12,esn_selected,0.3989775464779303,0.49236219469920933,0.1632429581896031,0.17922182426435854
5,test,2021-01-13,esn_selected,0.40470401811313006,0.4380388361866237,0.1630642330817135,0.16859156408650214
5,test,2021-01-14,esn_selected,0.5060741139936545,0.5118603001458494,0.1635261663117069,0.16447510186208694
5,test,2021-01-15,esn_selected,0.46138753274549166,0.5627285821303749,0.1614782303031946,0.17870052965186856
5,test,2021-01-19,esn_selected,0.42843889603591884,0.48604945458204063,0.1590756918118616,0.16850925879517328
5,test,2021-01-20,esn_selected,0.2917057341269426,0.3476999924693631,0.1521654261117945,0.16092887819946244
5,test,2021-01-21,esn_selected,0.2982147720679114,0.34075205598341957,0.1522603626586004,0.15887683058716548
5,test,2021-01-22,esn_selected,0.30606264653757265,0.35149861134206023,0.154194685199923,0.16136226950679422
5,test,2021-01-25,esn_selected,0.29520828057565424,0.4186380684098615,0.1536208275375561,0.1738020825660792
5,test,2021-01-26,esn_selected,0.3317972411092866,0.3705983484299695,0.1583726756915545,0.16463848495476086
5,test,2021-01-27,esn_selected,0.11613808272980834,0.40664830439512534,0.1576806245880092,0.21083626682117748
5,test,2021-01-28,esn_selected,0.08238567225403418,0.2518492308659622,0.1558059099901387,0.18457845888823912
5,test,2021-01-29,esn_selected,0.012212785289054007,0.22897010003077373,0.1623290688941498,0.20161962529753347
5,test,2021-02-01,esn_selected,-0.09809257850650252,0.08802673085427436,0.1539161449996253,0.18540215016156045
5,test,2021-02-02,esn_selected,-0.10528930110789093,-0.06184053376138421,0.1531216075277557,0.1599211999301828
5,test,2021-02-03,esn_selected,-0.05520018580853905,-0.1680688848072433,0.1593490259110258,0.1423413760195483
5,test,2021-02-04,esn_selected,-0.026932721652249258,-0.29708229620717824,0.1672418287585388,0.12764988806647187
5,test,2021-02-05,esn_selected,0.020303313750989288,-0.33832962591166227,0.1675986118320797,0.1170895428657924
5,test,2021-02-08,esn_selected,0.048158117368164215,-0.35459218868021913,0.1731158992808364,0.11572434213571135
5,test,2021-02-09,esn_selected,0.0666939353393546,-0.30653532003305467,0.1744955502408916,0.1201414725014171
5,test,2021-02-10,esn_selected,0.0872478062871018,-0.2601199323270859,0.178125336185922,0.12585364695744616
5,test,2021-02-11,esn_selected,0.08818573140844596,-0.2822231072479997,0.1780972808400338,0.12296762187369946
5,test,2021-02-12,esn_selected,0.0875512267465421,-0.3499263378411712,0.1784885124065209,0.11524343052445034
5,test,2021-02-16,esn_selected,0.10032050270075189,-0.2712710417900146,0.1785182504469195,0.12311258906044148
5,test,2021-02-17,esn_selected,0.11758571729751542,-0.24273989044743638,0.1789248446482307,0.12479098872866379
5,test,2021-02-18,esn_selected,0.1992667025600628,-0.1554137941697674,0.185719033912344,0.1302628672416922
5,test,2021-02-19,esn_selected,0.1986990989463769,-0.14234401186565052,0.1857294540400392,0.13205888952279982
5,test,2021-02-22,esn_selected,0.18673829115175408,-0.08498057168785082,0.1858526740322251,0.14163246419853967
5,test,2021-02-23,esn_selected,0.20146488390117084,-0.035998893014362314,0.18790796430101,0.14818900420395686
5,test,2021-02-24,esn_selected,0.15391819925130618,-0.12983818129163674,0.184725171633525,0.13908882826101207
5,test,2021-02-25,esn_selected,0.04166943586786526,0.11247028963866518,0.1643899024007383,0.17645076993510994
5,test,2021-02-26,esn_selected,0.10432661265336401,0.17565162350306932,0.1729387833753124,0.18572418362282955
5,test,2021-03-01,esn_selected,-0.07493959070678619,-0.005920516043521004,0.150608834206751,0.16137083645174258
5,test,2021-03-02,esn_selected,-0.03703937733040983,0.056279914574664275,0.148319475241089,0.1628269296937148
5,test,2021-03-03,esn_selected,-0.08037514268976959,0.18085178683650746,0.1412960427726473,0.18347606315597087
5,test,2021-03-04,esn_selected,-0.13292015817354924,0.31327492331044743,0.1395156483861502,0.21797314154250677
5,test,2021-03-05,esn_selected,-0.22494160516905587,0.1759738561597091,0.1335531113023275,0.19942030792918594
5,test,2021-03-08,esn_selected,-0.23582432813321794,0.21932770550467656,0.1323893996532325,0.20870037499466323
5,test,2021-03-09,esn_selected,-0.34567346589458325,0.12054962955867425,0.1225216614277758,0.1952949417769558
5,test,2021-03-10,esn_selected,-0.3604061281871599,0.012319439958536078,0.1216919818265343,0.1766585337116033
5,test,2021-03-11,esn_selected,-0.4024196970874863,-0.09368894927038575,0.1191124186007969,0.16219486603423547
5,test,2021-03-12,esn_selected,-0.4030081025368301,-0.15339861720296624,0.1190236032449847,0.15276966130870284
5,test,2021-03-15,esn_selected,-0.41717128641614043,-0.22918918365784532,0.1176075173501008,0.14193015341416995
5,test,2021-03-16,esn_selected,-0.41275341166634283,-0.24926575784643226,0.1181479234249601,0.13913227252527824
5,test,2021-03-17,esn_selected,-0.3707469267803845,-0.283436482382142,0.1234972549373574,0.13476457577977238
5,test,2021-03-18,esn_selected,-0.5001396109675357,-0.19577898677410216,0.1126285628797259,0.15269706242980233
5,test,2021-03-19,esn_selected,-0.4899579056736918,-0.19524759308463643,0.1137875554320671,0.15278679816783625
5,test,2021-03-22,esn_selected,-0.49514472973318885,-0.2910570636963218,0.1132739878328173,0.138919860133778
5,test,2021-03-23,esn_selected,-0.4934175634400517,-0.2222157811597102,0.1147246291691452,0.1504659044789505
5,test,2021-03-24,esn_selected,-0.4492209155552974,-0.14446410059837672,0.1178777707192447,0.1598770466220274
5,test,2021-03-25,esn_selected,-0.29554060322844045,-0.09247167916401569,0.1223273265717011,0.14987016920253626
5,test,2021-03-26,esn_selected,-0.4650647195370249,-0.1763784521518408,0.1086218907008507,0.14497469738539853
5,test,2021-03-29,esn_selected,-0.32692444806303855,0.032931259508042765,0.1086097872725094,0.1556511419050695
5,test,2021-03-30,esn_selected,-0.31534557420733633,0.05165688399603242,0.1082045037210498,0.1561825394378265
5,test,2021-03-31,esn_selected,-0.2540873406161683,0.06695670814708622,0.1095926097362695,0.15108067891664828
5,test,2021-04-01,esn_selected,-0.2806290785773594,-0.036397842379354214,0.1053773472418361,0.1345288840654447
5,test,2021-04-05,esn_selected,-0.36451226039622436,-0.0112691679800326,0.0927573529837751,0.13205652732301873
5,test,2021-04-06,esn_selected,-0.3287190993145801,0.04688893596101171,0.0952998729919548,0.13874483312808378
5,test,2021-04-07,esn_selected,-0.25212041850158384,0.06260946936383623,0.0952178499630007,0.13043790786054546
5,test,2021-04-08,esn_selected,-0.21772531154970037,0.06112062789644275,0.0978825021339009,0.12936187905892169
5,test,2021-04-09,esn_selected,-0.19622391830950445,0.06308466495615087,0.097889943587024,0.12686866357074672
5,test,2021-04-12,esn_selected,-0.1343446664262503,0.10023667701689164,0.1040609883407194,0.1315725613874711
5,test,2021-04-13,esn_selected,-0.08235936288593133,0.1040969091412088,0.1083095784293853,0.1305100017525383
5,test,2021-04-14,esn_selected,0.10999554696555366,0.14289660853548916,0.1318853486982286,0.1362966876176725
5,test,2021-04-15,esn_selected,0.07589829326531021,0.06305021734614735,0.1332353644655705,0.13153449622715596
5,test,2021-04-16,esn_selected,0.24090315293154568,0.09547907443643704,0.1433083357766902,0.1239123455304861
5,test,2021-04-19,esn_selected,0.22518519368396053,0.17020819015301847,0.1425251327979984,0.1349010236149488
5,test,2021-04-20,esn_selected,0.23614209199630992,0.268875125577596,0.1434449943416573,0.14821807672185439
5,test,2021-04-21,esn_selected,0.19772319798095575,0.21348875042909227,0.1398063045785102,0.1420278944870537
5,test,2021-04-22,esn_selected,0.18028681723385834,0.29467412312759067,0.1411657968086422,0.15827315499058023
5,test,2021-04-23,esn_selected,0.10527499529990196,0.19926201835987867,0.1359076283803007,0.1493007122227096
5,test,2021-04-26,esn_selected,0.2566265532119513,0.2518787636673275,0.1404005644987439,0.13973555208524738
5,test,2021-04-27,esn_selected,0.25829730031700626,0.25968259169746094,0.1406196638060635,0.14081459800341442
5,test,2021-04-28,esn_selected,0.26326006612139685,0.2439933559308235,0.1407919199990361,0.13810528727365648
5,test,2021-04-29,esn_selected,0.2376091227230452,0.23336330770761898,0.1389868140317397,0.13839795271250704
5,test,2021-04-30,esn_selected,0.26352479666004225,0.2904449215269094,0.1371496256469087,0.14089185534553708
5,test,2021-05-03,esn_selected,0.38978954440421526,0.3286733430771374,0.1369719992911476,0.12885146655032756
5,test,2021-05-04,esn_selected,0.350570485204398,0.4045582690090192,0.1353141298419298,0.14282023577160893
5,test,2021-05-05,esn_selected,0.3561330165335907,0.40169166243258986,0.1359518039716624,0.14228884143796042
5,test,2021-05-06,esn_selected,0.33517832588188884,0.35561103278161194,0.1368583059417793,0.1396834560358506
5,test,2021-05-07,esn_selected,0.31742188347980926,0.2722127459547839,0.1344598587394402,0.12851640594872024
5,test,2021-05-10,esn_selected,0.22054450017889482,0.3825466960041311,0.1297385995949956,0.15255479601172328
5,test,2021-05-11,esn_selected,0.15039180855406853,0.46926338937624573,0.1258870910123799,0.17316709284520726
5,test,2021-05-12,esn_selected,-0.26157975761186436,0.4939208780143619,0.101529887887338,0.2161243318945595
5,test,2021-05-13,esn_selected,-0.365501849186241,0.29696520573702495,0.0924451386296905,0.17930395306787508
5,test,2021-05-14,esn_selected,-0.6423616663183386,0.06103391034190107,0.0753871500638247,0.15232743987900468
5,test,2021-05-17,esn_selected,-0.6403532138810608,0.09636271015188211,0.0751258825686577,0.15694274617930556
5,test,2021-05-18,esn_selected,-0.6978988204776362,0.13436757703649052,0.071382506087572,0.16407427539721703
5,test,2021-05-19,esn_selected,-0.68066028966145,0.21554421365116633,0.0707814978149417,0.17343486994802657
5,test,2021-05-20,esn_selected,-0.6092720711109104,0.12159016408378502,0.0767584127142071,0.15941728965455462
5,test,2021-05-21,esn_selected,-0.3922438036124086,0.12528377898307835,0.0918109570433626,0.15404722802266882
5,test,2021-05-24,esn_selected,-0.4837554406335231,-0.016349680124104184,0.0865518859428152,0.13812372370794446
5,test,2021-05-25,esn_selected,-0.4882487122964645,-0.024242568122055573,0.0862983185113555,0.13725167136642674
5,test,2021-05-26,esn_selected,-0.4640276500635643,-0.12015020843791233,0.0885223803755579,0.1248524758678554
5,test,2021-05-27,esn_selected,-0.44133290516700685,-0.1563829670063949,0.089393337999621,0.11886591564359411
5,test,2021-05-28,esn_selected,-0.4273468595055335,-0.1812482092663557,0.0894540985501164,0.11441409490841929
5,test,2021-06-01,esn_selected,-0.42643486392962404,-0.1260263891168667,0.0894197572667985,0.1207533615520674
5,test,2021-06-02,esn_selected,-0.41564741042343883,-0.14536305562348664,0.0892955409015071,0.11700725103341408
5,test,2021-06-03,esn_selected,-0.4073571403016988,-0.11913932804264186,0.0904632146450354,0.12068225649970694
5,test,2021-06-04,esn_selected,-0.4335573605287393,-0.20457784863897957,0.0887114321767558,0.11153832778363958
5,test,2021-06-07,esn_selected,-0.413974005694558,-0.19007905906513664,0.0888804048882145,0.11118401788132458
5,test,2021-06-08,esn_selected,-0.3684366672330866,-0.12101555590686944,0.0897551122329963,0.11495101692996633
5,test,2021-06-09,esn_selected,-0.29009813612374896,-0.05732854774576201,0.0941874801852394,0.11887313766218609
5,test,2021-06-10,esn_selected,-0.014140827694552896,0.008571855293615347,0.1001042746680687,0.1024039281156713
5,test,2021-06-11,esn_selected,0.0858809216951893,0.0883072486895902,0.1007353009965807,0.10098001453415523
5,test,2021-06-14,esn_selected,0.293976086290959,0.252757196385462,0.1011508455781535,0.09706627895060896
5,test,2021-06-15,esn_selected,0.29674125661300177,0.3474739945743811,0.1010794051339696,0.10633974768596192
5,test,2021-06-16,esn_selected,0.3355929987290996,0.47836163170233453,0.0998476800534572,0.11517059434408321
5,test,2021-06-17,esn_selected,0.3817077382087936,0.5154313573899144,0.1036795999882314,0.11851375071586782
5,test,2021-06-18,esn_selected,0.32179654374188443,0.5871156436006475,0.1058962176908711,0.13807246223040023
5,test,2021-06-21,esn_selected,0.14295584163353472,0.397446255999294,0.1059203598870655,0.13661652374426903
5,test,2021-06-22,esn_selected,0.22208133420266796,0.3527808967600372,0.1080749973246468,0.12316500597690257
5,test,2021-06-23,esn_selected,0.2265884003140931,0.335202325401605,0.1082451447830828,0.12066431561036611
5,test,2021-06-24,esn_selected,0.23742046362385422,0.25985748575211737,0.1122440893674909,0.11479097793667278
5,test,2021-06-25,esn_selected,0.22433744237011136,0.23138307440536912,0.1118751595515379,0.11266617408607413
5,test,2021-06-28,esn_selected,0.2320493662754051,0.2285195209490764,0.1128178977680493,0.11242037005731227
5,test,2021-06-29,esn_selected,0.2323733751249658,0.2174606115560551,0.1128111330446339,0.11114128922894632
5,test,2021-06-30,esn_selected,0.24182650047855014,0.198300291162441,0.1137244086024812,0.10888059726736948
5,test,2021-07-01,esn_selected,0.2255183277998961,0.14808701024794355,0.1133478748106921,0.10490239121335462
5,test,2021-07-02,esn_selected,0.2180903640038762,0.12104702400094372,0.1103303592475436,0.10012664061101405
5,test,2021-07-06,esn_selected,0.24744689646866294,0.22124896501920668,0.113833698385453,0.1108902158834169
5,test,2021-07-07,esn_selected,0.24339187430906647,0.22239334217696005,0.1144887838859917,0.11210975297384358
5,test,2021-07-08,esn_selected,0.18200122700951643,0.3248613494747754,0.1129887767542113,0.1303402860420718
5,test,2021-07-09,esn_selected,0.06360306964357355,0.1937863165817851,0.1066780541442341,0.12151026028045361
5,test,2021-07-12,esn_selected,0.050563397603637705,0.17984090741721873,0.1059597910012219,0.12058286606672225
5,test,2021-07-13,esn_selected,0.04073877479568731,0.23126012248554578,0.1053566960238502,0.12746898061566886
5,test,2021-07-14,esn_selected,0.043674020735184865,0.2077341314592401,0.105591768469731,0.12441721175090288
5,test,2021-07-15,esn_selected,0.054377513054108643,0.24928354508660014,0.1054274815962836,0.12811513737719624
5,test,2021-07-16,esn_selected,-0.017712691314397348,0.3049751850169316,0.1018593238237296,0.1406508473540173
5,test,2021-07-19,esn_selected,-0.1908402765098668,0.42665542512753113,0.0874982908127199,0.16224620431225847
5,test,2021-07-20,esn_selected,-0.34298290217286476,0.3096256926263001,0.0751664199295383,0.14436043347907782
5,test,2021-07-21,esn_selected,-0.304186904527736,0.22074375404594374,0.0797294079875701,0.134769937744896
5,test,2021-07-22,esn_selected,-0.3077281231005057,0.21072130750892193,0.0795726460248617,0.13363601812304612
5,test,2021-07-23,esn_selected,-0.3875921855367126,0.13428559087563302,0.0761788361826462,0.12837574353654543
5,test,2021-07-26,esn_selected,-0.31290772476403367,0.14577493597423982,0.0818162499061473,0.12943237432101815
5,test,2021-07-27,esn_selected,-0.33887619291549276,0.2300967672265114,0.0803907244279898,0.14200634814670196
5,test,2021-07-28,esn_selected,-0.3347131060023654,0.19876459379474332,0.0807212551533059,0.1376177102174387
5,test,2021-07-29,esn_selected,-0.32573616085051604,0.13022649764674513,0.0821085286536593,0.12954192201122663
5,test,2021-07-30,esn_selected,-0.27304729179439025,0.16448934478016553,0.0862641703276117,0.13361345573960395
5,test,2021-08-02,esn_selected,-0.23365316364275895,0.23720078311393894,0.0873415214048813,0.13986531362339005
5,test,2021-08-03,esn_selected,-0.3202692838773025,0.156212701573826,0.0826379743985092,0.13308011280679624
5,test,2021-08-04,esn_selected,-0.34868706915122827,0.14461431288967772,0.080784877771463,0.1323025273030599
5,test,2021-08-05,esn_selected,-0.36576121121744315,0.09208528846376343,0.0783767464378255,0.1238874858460338
5,test,2021-08-06,esn_selected,-0.3110306222483393,0.04377262738856137,0.0781620969864281,0.11145134037110914
5,test,2021-08-09,esn_selected,-0.2918807798278267,0.06998547679125446,0.0791368721471664,0.11364109228750717
5,test,2021-08-10,esn_selected,-0.2862327102199373,0.05622782752620601,0.0791321300641785,0.11145038625454351
5,test,2021-08-11,esn_selected,-0.2762975891514042,0.013470097911660619,0.0801005586923141,0.10702372255907541
5,test,2021-08-12,esn_selected,-0.22460443405521552,-0.013452758188094618,0.0842188614830037,0.10401868850289686
5,test,2021-08-13,esn_selected,-0.1873144828173555,-0.010228308183314414,0.0844600127383233,0.10082278532265744
5,test,2021-08-16,esn_selected,-0.014794295133771741,0.1326204962462737,0.0862133436548831,0.09990700025779593
5,test,2021-08-17,esn_selected,0.15863024172261167,0.3450408522238858,0.0880878691582956,0.10613856314579252
5,test,2021-08-18,esn_selected,-0.007263427637769435,0.48532737379120144,0.0791523972766184,0.1295369119726187
5,test,2021-08-19,esn_selected,0.08079439345786553,0.5271412937791772,0.0862685223160154,0.13480262676384397
5,test,2021-08-20,esn_selected,0.28263871237663085,0.4298381199706801,0.1010608081035732,0.11708753338935624
5,test,2021-08-23,esn_selected,0.1621518832662246,0.35918793992010783,0.0962190883182684,0.11717444624401172
5,test,2021-08-24,esn_selected,0.23854474209129004,0.3649429620791647,0.102048025816322,0.1157973596347842
5,test,2021-08-25,esn_selected,0.3134356816157623,0.3390694109458745,0.1104361589580029,0.11330364472785721
5,test,2021-08-26,esn_selected,0.2794010465500816,0.41689639516655863,0.1085751911442028,0.12457878008006948
5,test,2021-08-27,esn_selected,0.19055525348749963,0.28875409552036013,0.1043728505637436,0.11514226279299723
5,test,2021-08-30,esn_selected,0.36635826969472,0.25222933110081613,0.1259876941791756,0.11239902896753184
5,test,2021-08-31,esn_selected,0.4219647538313482,0.2886540556240498,0.1260191736489601,0.11029111489044247
5,test,2021-09-01,esn_selected,0.5012028826213754,0.28265036019400935,0.1333520567676836,0.10717254994612782
5,test,2021-09-02,esn_selected,0.5755665572366966,0.31311205011447035,0.1393646443797706,0.10719389870134075
5,test,2021-09-03,esn_selected,0.6301558464086774,0.33336688157048255,0.1467808536856909,0.10908765336212058
5,test,2021-09-07,esn_selected,0.6446081948900563,0.3984513170406629,0.1507747659515767,0.11787564692691466
5,test,2021-09-08,esn_selected,0.6490043278492582,0.40538864569123095,0.1514299763285956,0.11868911949236079
5,test,2021-09-09,esn_selected,0.6519168865901527,0.441163786142677,0.1537302918798785,0.12451754318916534
5,test,2021-09-10,esn_selected,0.5857091913413992,0.5042683086879282,0.1512793451504002,0.13944736426488594
5,test,2021-09-13,esn_selected,0.5954254109103282,0.4653582887519225,0.1531937731486876,0.1345097233613692
5,test,2021-09-14,esn_selected,0.5686096448998786,0.45203703789537264,0.1522364051052528,0.13548514487155233
5,test,2021-09-15,esn_selected,0.5315593199600477,0.3506841834111862,0.1498888694852489,0.12508819054152076
5,test,2021-09-16,esn_selected,0.710412789540198,0.43678776011618325,0.1610617550491995,0.12250634612558685
5,test,2021-09-17,esn_selected,0.6149446408594376,0.49212337758726993,0.1595583083806427,0.14111683466796401
5,test,2021-09-20,esn_selected,0.3838237636609826,0.5450078745989042,0.1483458185221043,0.1742916892569001
5,test,2021-09-21,esn_selected,0.4492995408240506,0.506698674930866,0.1507959053086051,0.15970469220905545
5,test,2021-09-22,esn_selected,0.3681404267429808,0.33108545398222183,0.1474639841268091,0.1420997104983915
5,test,2021-09-23,esn_selected,0.24714154486247006,0.16445289411145586,0.1413980767484383,0.13017640616755183
5,test,2021-09-24,esn_selected,0.26362117910606064,0.11508812217347329,0.1413252707005015,0.12181835734941826
5,test,2021-09-27,esn_selected,0.30948778260333926,0.17146657711853208,0.142231693482801,0.12389521483170522
5,test,2021-09-28,esn_selected,-0.027673901144270974,0.22547427873174894,0.1225489247288219,0.15785209952393714
5,test,2021-09-29,esn_selected,-0.020889644378022872,0.1746729682860669,0.1234139834118712,0.1500707779003411
5,test,2021-09-30,esn_selected,-0.10247749819116467,0.15595862661040308,0.1203633610259919,0.15585892964037995
5,test,2021-10-01,esn_selected,-0.20925613804726062,0.04279798713506669,0.1130508481346387,0.14545864598439218
5,test,2021-10-04,esn_selected,-0.35018148415518524,0.0956665737173966,0.1034159493316717,0.1615164922925527
5,test,2021-10-05,esn_selected,-0.43364357816222643,0.010380023064897628,0.0977236433120064,0.15234796228155872
5,test,2021-10-06,esn_selected,-0.42505566071432654,-0.0012585662339829207,0.0989948328101034,0.1512395115549832
5,test,2021-10-07,esn_selected,-0.47473395956778414,-0.11195952842897168,0.0956280087790336,0.1374472472525248
5,test,2021-10-08,esn_selected,-0.4527290436750545,-0.1455070237430946,0.0961970846328135,0.13079367372965528
5,test,2021-10-11,esn_selected,-0.5020708296620928,-0.095554423093674,0.0927245046828391,0.13923305560602248
5,test,2021-10-12,esn_selected,-0.492233055851917,-0.12001875042827757,0.0930560084724757,0.13501904721150504
5,test,2021-10-13,esn_selected,-0.43998677370463835,-0.18197173902001046,0.096535167857677,0.12495109370676392
5,test,2021-10-14,esn_selected,-0.747738328105936,-0.37629065155927865,0.0762524491573331,0.11055323963905468
5,test,2021-10-15,esn_selected,-0.7394807778176781,-0.4295281165965415,0.0761670266099571,0.10384312102589068
5,test,2021-10-18,esn_selected,-0.676069772392167,-0.3707454280548585,0.0754504679545714,0.10239119593512701
5,test,2021-10-19,esn_selected,-0.7430183191131307,-0.4171366573212538,0.0717299937471361,0.09936407648389685
5,test,2021-10-20,esn_selected,-0.7323825999024742,-0.3986055502116531,0.0708951036103353,0.09898599944051481
5,test,2021-10-21,esn_selected,-0.684508413728065,-0.35670433894721454,0.0713124365692295,0.09897574428830269
5,test,2021-10-22,esn_selected,-0.6813636757950334,-0.28393679527963733,0.071500213964871,0.10639167408091642
5,test,2021-10-25,esn_selected,-0.7138864615703677,-0.2947292893072483,0.0696561441228969,0.10592465959373663
5,test,2021-10-26,esn_selected,-0.5637118048856629,-0.13416469455281163,0.0697417079297905,0.10716242147513401
5,test,2021-10-27,esn_selected,-0.5873446991918698,-0.040664111194351225,0.0685936334532971,0.11849613116188355
5,test,2021-10-28,esn_selected,-0.18766679299230288,-0.05815757334820894,0.0997680890466524,0.1135629833960452
5,test,2021-10-29,esn_selected,-0.0409777963051442,0.015423005253997518,0.1085119065434439,0.1148079470020993
5,test,2021-11-01,esn_selected,0.2198941389604989,0.11308141161891687,0.1288505670568195,0.11579722610384281
5,test,2021-11-02,esn_selected,0.3160644570162146,0.1513531497726714,0.1340493459991623,0.11369241394885708
5,test,2021-11-03,esn_selected,0.3669117208871833,0.14236352852684028,0.1428763221295497,0.11414061845253065
5,test,2021-11-04,esn_selected,0.41798920477597845,0.19084197566881428,0.1452497915738904,0.1157355366343916
5,test,2021-11-05,esn_selected,0.4485059697196963,0.2719003041380945,0.1506418283756304,0.12625445517886802
5,test,2021-11-08,esn_selected,0.5897292522771279,0.3322811900536513,0.1672286493654862,0.1292713872468086
5,test,2021-11-09,esn_selected,0.5852656599135326,0.372919456410683,0.1670790766854927,0.13511428960210226
5,test,2021-11-10,esn_selected,0.5441729060493449,0.41915040082294863,0.1663477175769234,0.14679804175331196
5,test,2021-11-11,esn_selected,0.799604726026242,0.47306638830905173,0.1696358805949914,0.12237816007244785
5,test,2021-11-12,esn_selected,0.8056582604857032,0.4366274329280456,0.170474701578054,0.117866906905124
5,test,2021-11-15,esn_selected,0.825312336827924,0.47807930186371855,0.1722227546698613,0.12169959708191246
5,test,2021-11-16,esn_selected,0.9214782404539981,0.4882172898642667,0.1802576512801097,0.11687748773674189
5,test,2021-11-17,esn_selected,0.9470563213030923,0.5399579627742845,0.1827753296850865,0.12165137029704183
5,test,2021-11-18,esn_selected,0.9602136323857234,0.5640054039622189,0.186286231620518,0.12534577797018462
5,test,2021-11-19,esn_selected,0.9773538497933215,0.5783456394585581,0.1900057418571182,0.12749103924148095
5,test,2021-11-22,esn_selected,1.053575468680745,0.6500361534060294,0.1997659396122922,0.13343401206589903
5,test,2021-11-23,esn_selected,1.0674664915234102,0.653825552670073,0.2028090756478133,0.13410513522848203
5,test,2021-11-24,esn_selected,1.0888463014623517,0.6208049615880378,0.2037810279785434,0.1276133111988299
5,test,2021-11-26,esn_selected,0.6645921271713795,0.6120208183431433,0.1939189930624821,0.18398775408317727
5,test,2021-11-29,esn_selected,0.55515379306225,0.3861639777980429,0.1890504097498097,0.1596563802722625
5,test,2021-11-30,esn_selected,0.31053426660179273,0.3806203020178899,0.1757719831137676,0.18853310975158952
5,test,2021-12-01,esn_selected,0.2465147165494631,0.4396649682187316,0.1715239149122259,0.20806966554012046
5,test,2021-12-02,esn_selected,0.1321559635064217,0.29957852262626516,0.1630627896696616,0.192781591616127
5,test,2021-12-03,esn_selected,0.10537574282893147,0.3874409315198357,0.1613911148157323,0.2139828544251417
5,test,2021-12-06,esn_selected,0.034249718327287265,0.26187001229512674,0.1558906406566241,0.19573760923789946
5,test,2021-12-07,esn_selected,-0.08154509701005899,0.0034543386975707134,0.154133165043225,0.16780731263438714
5,test,2021-12-08,esn_selected,-0.08227313646939231,-0.12747284273996126,0.1538832313720668,0.1470826054362257
5,test,2021-12-09,esn_selected,-0.08598651677864512,-0.11717778008944539,0.1526417641140425,0.14795416083077326
5,test,2021-12-10,esn_selected,-0.12943870299105836,-0.2695510101663175,0.1490401239729699,0.1295547084403529
5,test,2021-12-13,esn_selected,-0.13350974719822203,-0.2130969105699436,0.1491685926636318,0.1377568255810696
5,test,2021-12-14,esn_selected,-0.15527460766183152,-0.14736065991760197,0.1474536835358384,0.14862525404124352
5,test,2021-12-15,esn_selected,-0.2149430188492087,-0.2696233115221859,0.1453935501222145,0.13765683866444822
5,test,2021-12-16,esn_selected,-0.2527070394636124,-0.20780198956903603,0.1419607558980501,0.14848080674547
5,test,2021-12-17,esn_selected,-0.21144945761480524,-0.16875706789568454,0.1507819740447473,0.15735860399559895
5,test,2021-12-20,esn_selected,-0.2327007007727889,-0.14099962747404013,0.1505587827867352,0.16501801743757724
5,test,2021-12-21,esn_selected,-0.33735907683569444,-0.2943179893233961,0.1425634697691837,0.1488335235870439
5,test,2021-12-22,esn_selected,-0.2687390688044266,-0.42176075837766025,0.1550156304776475,0.1330206346661151
5,test,2021-12-23,esn_selected,-0.2789272913220066,-0.49188510255050555,0.1541796889777795,0.1246065187665781
5,test,2021-12-27,esn_selected,-0.24182102205935807,-0.5341716611348847,0.1522645530058541,0.11366651441894658
5,test,2021-12-28,esn_selected,-0.2148636946385624,-0.5043557867116927,0.1524977745934344,0.11416650021221623
5,test,2021-12-29,esn_selected,-0.13587994602800316,-0.46616472421900396,0.1534397003985629,0.11028003244686369
5,test,2021-12-30,esn_selected,0.026632360861727506,-0.4132511786290433,0.1761533748040734,0.1134624021902518
5,test,2021-12-31,esn_selected,0.13691404761671913,-0.36358055035318104,0.1869889243349961,0.11335843491651837
5,test,2022-01-03,esn_selected,0.14937891771501569,-0.35778074132260934,0.1873933008551939,0.11284892330626223
5,test,2022-01-04,esn_selected,0.20052657963746762,-0.27680959973297653,0.1905055484043347,0.11819610363458326
5,test,2022-01-05,esn_selected,0.24377512092992884,-0.10270633064309846,0.1966827565343722,0.13908852573444866
5,test,2022-01-06,esn_selected,0.2488266113854192,-0.04587157688284508,0.1973582664223435,0.14698381814591083
5,test,2022-01-07,esn_selected,0.2560595050788539,-0.04971944826720563,0.1971871484795639,0.14523807851231132
5,test,2022-01-10,esn_selected,0.29045444009155563,0.03700546256614379,0.1992718550429749,0.15465874130290116
5,test,2022-01-11,esn_selected,0.3096369313189116,-0.0029294472986088303,0.2033063778974384,0.14873225056545142
5,test,2022-01-12,esn_selected,0.3679287875789954,-0.013147906264325129,0.2130321097016683,0.14552766562327074
5,test,2022-01-13,esn_selected,0.40956333952266166,0.12859906683310512,0.2189859437777857,0.16534649990431052
5,test,2022-01-14,esn_selected,0.4348418405047429,0.14354592294098756,0.2192894382335852,0.163873792794165
5,test,2022-01-18,esn_selected,0.36618995230199414,0.23487875151945037,0.2174621614868185,0.19070231736800544
5,test,2022-01-19,esn_selected,0.3531145730682281,0.2965161249727946,0.2143195583005595,0.2025262922124415
5,test,2022-01-20,esn_selected,0.4525632008193604,0.4193711184237664,0.2241578527068649,0.21683971083697615
5,test,2022-01-21,esn_selected,0.3227750083050828,0.45769296160620493,0.2140695499380527,0.24499037283766514
5,test,2022-01-24,esn_selected,0.3415373641561285,0.5041922455762983,0.2169476538446357,0.2552672356473405
5,test,2022-01-25,esn_selected,0.3762162553781412,0.5790997365709221,0.2218132349189778,0.2717056265321409
5,test,2022-01-26,esn_selected,0.4017037177854,0.6521944921151039,0.2278878725432392,0.29275746309720024
5,test,2022-01-27,esn_selected,0.44755142116809926,0.6526476395273466,0.2400528433515401,0.2946992362425625
5,test,2022-01-28,esn_selected,0.23978487960936468,0.4277273901413836,0.2238866602793603,0.27017839240630015
5,test,2022-01-31,esn_selected,0.16953310409930583,0.24027550809234352,0.2215354210273024,0.2377750110967986
5,test,2022-02-01,esn_selected,0.20291403762906343,0.08904858228554385,0.2295506400462903,0.2048459439323547
5,test,2022-02-02,esn_selected,0.17817931707371792,-0.02852548418101202,0.2276616730342596,0.18514806113491467
5,test,2022-02-03,esn_selected,0.08157899128515356,0.009328205248616309,0.2134005783551809,0.1985260375418372
5,test,2022-02-04,esn_selected,0.18636661070045585,0.0048575085041474494,0.2377898496740295,0.19831926802698757
5,test,2022-02-07,esn_selected,0.19250817363530842,-0.020663360685023613,0.2390473008123195,0.19315440778460122
5,test,2022-02-08,esn_selected,0.2473060036404167,-0.11266424901743465,0.255181741186202,0.1780395557960072
5,test,2022-02-09,esn_selected,0.20846978805677432,-0.2647408498447029,0.2504311118351413,0.1560182897164155
5,test,2022-02-10,esn_selected,0.1448949620464395,-0.10561617773891824,0.2462476818417676,0.19167988718770992
5,test,2022-02-11,esn_selected,0.08037973370735826,0.005593561165087052,0.237314740195223,0.2202142872530898
5,test,2022-02-14,esn_selected,0.12822009844018425,0.011946867534348555,0.2492889315513733,0.22192497194301283
5,test,2022-02-15,esn_selected,0.15889887490011673,-0.14474190930418554,0.2549133644353149,0.18815817320184608
5,test,2022-02-16,esn_selected,0.18810454285863965,-0.12822304247639038,0.2586750671695119,0.18852773320526994
5,test,2022-02-17,esn_selected,0.10937690757916689,-0.005122022225991768,0.2500666321211058,0.2230126465924718
5,test,2022-02-18,esn_selected,0.15116524725261463,0.05556453314519942,0.2490033148891755,0.22630089217527885
5,test,2022-02-22,esn_selected,0.13972899357359614,0.10357860362685237,0.2494815816667802,0.24062379603655837
5,test,2022-02-23,esn_selected,0.10188856488391951,0.15275092447224548,0.2456049396198335,0.25842012916444485
5,test,2022-02-24,esn_selected,0.07494786721091073,0.06267494267062672,0.2456239205993391,0.2426278198230375
5,test,2022-02-25,esn_selected,-0.026700008939044246,-0.05706351198871784,0.2337282395025535,0.22673809112003607
5,test,2022-02-28,esn_selected,0.048030801357440714,0.08849370356776322,0.2349025492896603,0.2446023049310806
5,test,2022-03-01,esn_selected,0.04886084439729816,0.2158887258355298,0.2326286337424515,0.27491754514769656
5,test,2022-03-02,esn_selected,-0.022125950978754624,0.08871343113707467,0.2245273908494174,0.2508454694800555
5,test,2022-03-03,esn_selected,0.012388599882552972,0.10472161437151994,0.2304996252405558,0.2527958512819812
5,test,2022-03-04,esn_selected,0.07008836531000409,0.18401476812488704,0.2288940915740478,0.25651466005339213
5,test,2022-03-07,esn_selected,-0.148343807455678,0.24763270572106544,0.2050068701681853,0.30460626395264784
5,test,2022-03-08,esn_selected,-0.13831407266178752,0.2755823619799095,0.2081684007311473,0.31489643458735267
5,test,2022-03-09,esn_selected,-0.2993136115132596,0.06040028313785894,0.1891730851313763,0.2710697817520108
5,test,2022-03-10,esn_selected,-0.2796808033142532,0.047598068020208564,0.1893321872421801,0.2626393893305366
5,test,2022-03-11,esn_selected,-0.29113940988308695,0.0669775254681464,0.1840483429057817,0.2633056149674499
5,test,2022-03-14,esn_selected,-0.21085198426641213,0.14537774085055127,0.1921997687832155,0.27444888124955247
5,test,2022-03-15,esn_selected,-0.34528645800275776,0.0021233875350946197,0.1765009278732757,0.249818830953059
5,test,2022-03-16,esn_selected,-0.4442265665072838,-0.12066180744453105,0.163481065061836,0.22593829537395463
5,test,2022-03-17,esn_selected,-0.458307185302198,-0.20025966949149673,0.1635740056470468,0.2117302455220855
5,test,2022-03-18,esn_selected,-0.45317161381472454,-0.2718018401242683,0.1589446132221708,0.19055208527439838
5,test,2022-03-21,esn_selected,-0.38875045701916827,-0.29092469004147203,0.1688001974966222,0.18614790002090087
5,test,2022-03-22,esn_selected,-0.42139573231828154,-0.3811882440129094,0.1636924494783184,0.1704082191156805
5,test,2022-03-23,esn_selected,-0.39205558659119083,-0.3507081464470252,0.1659470434233285,0.17295235675367313
5,test,2022-03-24,esn_selected,-0.27985729196512443,-0.43984502575416096,0.1856650597069097,0.15821526814723816
5,test,2022-03-25,esn_selected,-0.22844752808829183,-0.4353121104617662,0.1859934657481593,0.15123682116728673
5,test,2022-03-28,esn_selected,-0.10371027454745799,-0.47243361120047483,0.2117614636476005,0.146457770812552
5,test,2022-03-29,esn_selected,-0.11452879848733151,-0.5341866772921369,0.2074550183126715,0.13635430175468638
5,test,2022-03-30,esn_selected,-0.000172922193468635,-0.46315716362191056,0.224488568437223,0.1412936776256784
5,test,2022-03-31,esn_selected,0.102589602385446,-0.37827233675954175,0.2554020164849392,0.15790236513230893
5,test,2022-04-01,esn_selected,0.11227718677390233,-0.39101629078483313,0.2560919606184385,0.15481689926598782
5,test,2022-04-04,esn_selected,0.21748776868783298,-0.38432733764948296,0.25481333571012,0.13959092121583297
5,test,2022-04-05,esn_selected,0.26913178042497493,-0.22660011729166404,0.272456549894522,0.16596007605618976
5,test,2022-04-06,esn_selected,0.45812375113553006,-0.09482045576015782,0.2991024453981707,0.17205977311639484
5,test,2022-04-07,esn_selected,0.45802752515405,-0.0757030084553381,0.2993251982392771,0.17552826222874
5,test,2022-04-08,esn_selected,0.5553037594921234,-0.056558696611084286,0.3206987521835104,0.17392771114028507
5,test,2022-04-11,esn_selected,0.4937595482138018,0.04253622076810553,0.3149125060739845,0.2005515887807513
5,test,2022-04-12,esn_selected,0.5941514347888404,0.14187511439119851,0.3197302169638538,0.20340544391289125
5,test,2022-04-13,esn_selected,0.6627911358703042,0.07000054877157066,0.3171859863250896,0.17533487597774083
5,test,2022-04-14,esn_selected,0.6867357439170041,0.14455394213769018,0.3250572321578501,0.18901369334463214
5,test,2022-04-18,esn_selected,0.7164200094018907,0.17053022255325093,0.325374168051906,0.18849774040461373
5,test,2022-04-19,esn_selected,0.6655837041528477,0.07226441523401249,0.3284220293968736,0.18145000612208526
5,test,2022-04-20,esn_selected,0.786516623552539,0.06685076533777605,0.3594251618913261,0.17500947660944866
5,test,2022-04-21,esn_selected,0.7635216867365096,0.18463121385816225,0.3560924573088925,0.19959692057877687
5,test,2022-04-22,esn_selected,0.611236309652218,0.27755148178064026,0.3421265185024696,0.2450582109218813
5,test,2022-04-25,esn_selected,0.6258926697924512,0.25834864655251477,0.3477918652556032,0.2408225100313713
5,test,2022-04-26,esn_selected,0.4523560539280565,0.28459710891915635,0.3328914708999532,0.28147892518153383
5,test,2022-04-27,esn_selected,0.4768370645193335,0.271879407033486,0.3342040055155219,0.2722699245762288
5,test,2022-04-28,esn_selected,0.3847314781812169,0.14169561068494932,0.3298230386011225,0.2586615360523748
5,test,2022-04-29,esn_selected,0.20519351629130003,0.2233089994017883,0.313573052500523,0.31930534469486466
5,test,2022-05-02,esn_selected,0.2022165522900078,0.23815386168565544,0.3134855145523644,0.32495621911058953
5,test,2022-05-03,esn_selected,0.2101010204199734,0.14127771332586547,0.3143893797930115,0.29347984732009336
5,test,2022-05-04,esn_selected,0.1072158832071953,-0.07886204099173115,0.3032916957518327,0.2517954648356564
5,test,2022-05-05,esn_selected,-0.06260358109524429,0.08503192364301575,0.2809516415405313,0.32564833271140115
5,test,2022-05-06,esn_selected,-0.06547565801672282,0.08347100104770579,0.2803545196440136,0.3253825616803294
5,test,2022-05-09,esn_selected,-0.21874213713778537,0.09344027106109123,0.2576907129119684,0.3521095986150172
5,test,2022-05-10,esn_selected,-0.18981843705828716,0.06561927535950932,0.2604670601636369,0.3362699019459373
5,test,2022-05-11,esn_selected,-0.17587720612284338,0.07242206224464566,0.268164436691395,0.3437448374241059
5,test,2022-05-12,esn_selected,-0.09735275690984661,0.07377411102049264,0.2877625188274092,0.3414708854604654
5,test,2022-05-13,esn_selected,-0.05501763813957465,-0.13072901160713427,0.3076564159376105,0.28522326346529864
5,test,2022-05-16,esn_selected,-0.056486431612874685,-0.14818785733327633,0.3075043934566952,0.28056009630398443
5,test,2022-05-17,esn_selected,-0.08028941749513452,-0.3029813382134136,0.3030840133390104,0.2425767410138226
5,test,2022-05-18,esn_selected,-0.2104809533006814,-0.17115216748988396,0.2912042844870798,0.3028851877049803
5,test,2022-05-19,esn_selected,-0.2036309772919481,-0.1753240545816489,0.2904871761869165,0.2988274612311388
5,test,2022-05-20,esn_selected,-0.11949302218972041,-0.08398915661662701,0.3035928770456373,0.3145652255830213
5,test,2022-05-23,esn_selected,-0.15973803364971775,-0.2355677378424825,0.2964463266216461,0.27479805285973957
5,test,2022-05-24,esn_selected,-0.11334521884742416,-0.14444023253588548,0.297219613456127,0.28811977846138703
5,test,2022-05-25,esn_selected,-0.056751892104511314,-0.14503072745015774,0.3157654557531271,0.2890850322354372
5,test,2022-05-26,esn_selected,-0.06794805748706936,-0.22579117572065058,0.3081566342544198,0.263160756856393
5,test,2022-05-27,esn_selected,-0.028289797745794144,-0.3227442936122876,0.3048264375780813,0.2270767489967759
5,test,2022-05-31,esn_selected,-0.030116665514344564,-0.2568902331397515,0.3041851274449602,0.24246634573953613
5,test,2022-06-01,esn_selected,-0.03295584868267393,-0.2526833200115551,0.3041972780890867,0.2441905738206724
5,test,2022-06-02,esn_selected,-0.013995823761466743,-0.3500656895064276,0.2990764453881688,0.21371200660957074
5,test,2022-06-03,esn_selected,0.04310924832963362,-0.2965468942657938,0.2933281090801971,0.20885404653991718
5,test,2022-06-06,esn_selected,0.04539249380715062,-0.26672964573013275,0.2933737629897562,0.2147179482228366
5,test,2022-06-07,esn_selected,0.13910399089157713,-0.277337190255119,0.2961494037935536,0.1952777469307029
5,test,2022-06-08,esn_selected,0.11977864741316047,-0.2641277527372845,0.2936107915728478,0.20000625717881912
5,test,2022-06-09,esn_selected,0.056842545719188876,-0.17802991529826248,0.2838491422634702,0.22443147950292194
5,test,2022-06-10,esn_selected,-0.07934024953862429,-0.17004529885036257,0.2658135978130592,0.24276411548542082
5,test,2022-06-13,esn_selected,-0.29825876401945417,-0.05970380725495954,0.2283146824630523,0.28982573262704425
5,test,2022-06-14,esn_selected,-0.2981508548539614,-0.04937606186125584,0.2282264915701486,0.29268979058237354
5,test,2022-06-15,esn_selected,-0.2649443606188081,-0.12040037743819096,0.23254079644233,0.2687038009933846
5,test,2022-06-16,esn_selected,-0.3674138140387204,0.004111145609799994,0.2016656676173078,0.2924039319759025
5,test,2022-06-17,esn_selected,-0.2660228250963108,0.06462581493405765,0.2226356561286464,0.30988003735698655
5,test,2022-06-21,esn_selected,-0.3895709565711079,-0.07785760243486632,0.205637853098005,0.2808526012985092
5,test,2022-06-22,esn_selected,-0.3511621233503281,-0.036212562866712344,0.2086595665014665,0.28590329263137626
5,test,2022-06-23,esn_selected,-0.3549653207258178,-0.0861528954771955,0.2084097271289021,0.2726853071752122
5,test,2022-06-24,esn_selected,-0.5823581405625233,-0.2666198821719658,0.1763801429290557,0.2418650261062892
5,test,2022-06-27,esn_selected,-0.5328877850058837,-0.25198028028610964,0.1808594881959178,0.23951784565210246
5,test,2022-06-28,esn_selected,-0.479408653656183,-0.16091198897361778,0.1887331105990739,0.2595191689174013
5,test,2022-06-29,esn_selected,-0.45066363758577216,-0.16476543198232368,0.1938283261092905,0.25797716053223907
5,test,2022-06-30,esn_selected,-0.4272918126636201,-0.13291519933624918,0.19841972680207,0.26633668265136295
5,test,2022-07-01,esn_selected,-0.42689175417769276,-0.16692557237825661,0.1951576037976559,0.2530972085698851
5,test,2022-07-05,esn_selected,-0.4008694440020487,-0.09325997741723094,0.1964528325711191,0.2672091890623158
5,test,2022-07-06,esn_selected,-0.3648127617447805,-0.08798107861035244,0.2036972200646342,0.26866529787581284
5,test,2022-07-07,esn_selected,-0.4088895680286309,-0.17191167138523075,0.1967579910069169,0.2493736559972636
5,test,2022-07-08,esn_selected,-0.39992530138330984,-0.19363669899498853,0.1968279015465187,0.24192272406284782
5,test,2022-07-11,esn_selected,-0.3878248080884431,-0.17814696769072433,0.1926005008308797,0.23753047716009626
5,test,2022-07-12,esn_selected,-0.3330218529600069,-0.08570007531509155,0.1905231005745014,0.24398218924177853
5,test,2022-07-13,esn_selected,-0.11528118258712264,0.005438504743538025,0.2034547621243354,0.22955975554575314
5,test,2022-07-14,esn_selected,-0.11579543740245064,0.06948372587883272,0.2032716135598573,0.24464844111921394
5,test,2022-07-15,esn_selected,-0.14629982112803447,-0.07163331882611583,0.200891679949985,0.21646575499259696
5,test,2022-07-18,esn_selected,-0.012003147478608958,0.07693491916390378,0.1992595144620317,0.21779323176363452
5,test,2022-07-19,esn_selected,-0.23795673763307237,-0.07277784597000711,0.1754896152259286,0.2070082733448914
5,test,2022-07-20,esn_selected,-0.15641698785139926,-0.037390644863951855,0.1758620074940471,0.19809089324827753
5,test,2022-07-21,esn_selected,-0.19057658806229766,-0.06617241585942304,0.1724534711183858,0.19529898478641033
5,test,2022-07-22,esn_selected,-0.16941393248262535,-0.027515867893924066,0.1759310314698845,0.20275332982772637
5,test,2022-07-25,esn_selected,0.08005803646539353,0.040756226854633405,0.1910814171979664,0.18371723250025102
5,test,2022-07-26,esn_selected,0.03098445073523495,0.1150309598726395,0.1865510395603663,0.20290773764032669
5,test,2022-07-27,esn_selected,-0.14506122772832228,-0.016902273254251074,0.1632483524845573,0.1855699000233043
5,test,2022-07-28,esn_selected,-0.1620640096546263,-0.04267003706407347,0.1648290441425352,0.18573163574383664
5,test,2022-07-29,esn_selected,0.001263212869207794,-0.1203588127276025,0.1986705315310008,0.1759193773111168
5,test,2022-08-01,esn_selected,0.023430126287369974,-0.02413195312814768,0.199784159845057,0.19050444042283834
5,test,2022-08-02,esn_selected,0.028982654097846863,0.029773186732252002,0.2022298696130606,0.20238980213225005
5,test,2022-08-03,esn_selected,-0.03626096021396932,-0.09010455578139431,0.1964432755761195,0.18614577813533909
5,test,2022-08-04,esn_selected,-7.539913381468263e-05,-0.09394150887441356,0.1967431561840973,0.17911588392999106
5,test,2022-08-05,esn_selected,0.017081429429270982,-0.09139052819770876,0.2002188824066753,0.17963719302165462
5,test,2022-08-08,esn_selected,0.04082291436102928,-0.06801599118408273,0.2006257062424531,0.17993615770223864
5,test,2022-08-09,esn_selected,0.09672018340202898,-0.0614091304207683,0.2098711211423826,0.179175239695554
5,test,2022-08-10,esn_selected,-0.028037909737831854,-0.241664696097118,0.1978295440517113,0.15977698272318927
5,test,2022-08-11,esn_selected,0.00972522099473131,-0.1856752294827648,0.2052581188683132,0.16882587411201316
5,test,2022-08-12,esn_selected,-0.004197896056609849,-0.26274483072136884,0.2000501251745,0.15447326300131123
5,test,2022-08-15,esn_selected,0.24421973577294,-0.22536927963271539,0.2543796417461356,0.1590532080836126
5,test,2022-08-16,esn_selected,0.37228615773627177,-0.13747974033939486,0.2546438816129741,0.15294832638697484
5,test,2022-08-17,esn_selected,0.37784383568291546,-0.07237476736031845,0.2566064209009475,0.16358371404673974
5,test,2022-08-18,esn_selected,0.4021968409068641,-0.06755127018469355,0.2578361506940325,0.16118877558065955
5,test,2022-08-19,esn_selected,0.37040267180081643,-0.014985822855779773,0.2548040257935227,0.17331421673089414
5,test,2022-08-22,esn_selected,0.2568243252802051,0.06390410096667973,0.2470334939701197,0.2036909117211334
5,test,2022-08-23,esn_selected,0.3112393945401261,0.08723591350841309,0.2546638058209657,0.20355592558293345
5,test,2022-08-24,esn_selected,0.4505564199967128,0.08668168126724929,0.2561668771879982,0.17803040626098635
5,test,2022-08-25,esn_selected,0.4493901971520945,0.029453796798190084,0.2583458103965717,0.1697560892174907
5,test,2022-08-26,esn_selected,0.1478206876597986,0.14233482837809847,0.2303197405628605,0.22905969824380362
5,test,2022-08-29,esn_selected,0.13776015597763216,0.17638710963350565,0.2292923298439402,0.23832247478619703
5,test,2022-08-30,esn_selected,0.15557194592186618,0.16781141669432753,0.2362704124885474,0.23918000692214053
5,test,2022-08-31,esn_selected,0.22650684847585878,0.14955887011244878,0.2463813562428823,0.22813386545144607
5,test,2022-09-01,esn_selected,0.2486018034265738,0.1635911064033193,0.2522702430071133,0.23171083856148905
5,test,2022-09-02,esn_selected,0.28425922810887316,0.22929536081564997,0.2660463144922483,0.2518179840356717
5,test,2022-09-06,esn_selected,0.3578304847508033,0.25352448134225825,0.2869395306153949,0.2585180443132278
5,test,2022-09-07,esn_selected,0.28834739059370085,0.10829442026070897,0.2800143982221157,0.23387529682071953
5,test,2022-09-08,esn_selected,0.35263723306137884,0.08979312125295298,0.2814748228570213,0.21641522331679083
5,test,2022-09-09,esn_selected,0.35862926022840164,-0.03186912238321286,0.2937995005508539,0.19881985851569467
5,test,2022-09-12,esn_selected,0.3802592776765224,-0.04456971494686372,0.2926060715450665,0.1913297245185469
5,test,2022-09-13,esn_selected,-0.02767345847367561,0.00204171499586722,0.2474365895160523,0.25489954303986084
5,test,2022-09-14,esn_selected,-0.029081142964491852,-0.04096125339648021,0.247345188038413,0.24442408575477817
5,test,2022-09-15,esn_selected,0.01672337224749284,-0.06286826316445754,0.2609338291746739,0.2409706668338965
5,test,2022-09-16,esn_selected,0.05387946565214854,-0.08114117546089661,0.272109286444349,0.23774130598868665
5,test,2022-09-19,esn_selected,0.1130880565020602,-0.106569533561882,0.2853118463793576,0.22904653438431202
5,test,2022-09-20,esn_selected,0.1443036945333593,-0.027073539796558643,0.2853817121662837,0.24043514618694956
5,test,2022-09-21,esn_selected,0.09342721562047654,0.02537645867009757,0.2796032075920666,0.2612089666316364
5,test,2022-09-22,esn_selected,0.08752295952222285,-0.010005969367407302,0.2795977758710039,0.25361646023767087
5,test,2022-09-23,esn_selected,0.10197303349945716,0.04565658450232621,0.2860801657383587,0.27041440679871454
5,test,2022-09-26,esn_selected,0.2205671614760678,0.18397551602065113,0.2871588885926464,0.27684119427093096
5,test,2022-09-27,esn_selected,0.24337352715317143,0.23687178031372688,0.292472681622451,0.29057726672003664
5,test,2022-09-28,esn_selected,0.18906021401694653,0.1293133492207456,0.285441521209332,0.2688867571773024
5,test,2022-09-29,esn_selected,0.11382816723866118,0.19343632909177289,0.2760849840197367,0.29896212504886766
5,test,2022-09-30,esn_selected,0.11519143892161623,0.23885815971325847,0.2830694700468309,0.32033235478228533
5,test,2022-10-03,esn_selected,0.010165117362072817,0.09469416083702903,0.26876449842646,0.2924707229240739
5,test,2022-10-04,esn_selected,-0.1520682028061483,-0.0352757619038536,0.2464608841828414,0.2769939699831908
5,test,2022-10-05,esn_selected,-0.0652596937221496,0.010910450397751553,0.2623242490440555,0.28308620836892767
5,test,2022-10-06,esn_selected,-0.07049784383934922,0.05982096398985874,0.2623147609907249,0.29882674830366046
5,test,2022-10-07,esn_selected,-0.17114886488837533,0.11375992234625332,0.2475836980764121,0.32919737211177647
5,test,2022-10-10,esn_selected,-0.1638115814050533,0.1276486446096991,0.2483938663919743,0.3324454821870862
5,test,2022-10-11,esn_selected,0.0026948967439298717,0.2625411557091813,0.2481043048833477,0.3217244715789629
5,test,2022-10-12,esn_selected,0.04453160996543045,0.25520482950143264,0.2586087995455596,0.3192548583879023
5,test,2022-10-13,esn_selected,0.16332640800865786,0.08667057527564788,0.3072289561466299,0.28455809195991194
5,test,2022-10-14,esn_selected,0.09122082321114469,0.1760342589430163,0.2980986873273247,0.32448458557702786
5,test,2022-10-17,esn_selected,0.0016447756893533064,0.06839539559099374,0.2857815065050649,0.3055086753676299
5,test,2022-10-18,esn_selected,-0.0035866728266601895,0.013633724218988851,0.2843599747482689,0.28929917182868814
5,test,2022-10-19,esn_selected,0.017497878993943138,0.02918298067090787,0.2845387253033212,0.28788309081136243
5,test,2022-10-20,esn_selected,0.012707035102493353,0.03056919237835961,0.2831733036911341,0.288276834117332
5,test,2022-10-21,esn_selected,-0.05592327864629306,-0.08955688101764789,0.2705207466293716,0.26157346744779125
5,test,2022-10-24,esn_selected,-0.07141513309389279,-0.09355046561612691,0.2673665459667721,0.26151331911938897
5,test,2022-10-25,esn_selected,-0.09616303045214389,-0.19337711284484224,0.2656575931289537,0.24104753466196505
5,test,2022-10-26,esn_selected,-0.07341443529381393,-0.19054562179059503,0.2652367287971626,0.2359197151099426
5,test,2022-10-27,esn_selected,-0.042655520918889356,-0.18260756761955216,0.2645560691555034,0.23000502668052009
5,test,2022-10-28,esn_selected,-0.09483640050528805,-0.31722976627731586,0.2574578311607262,0.20612083581388016
5,test,2022-10-31,esn_selected,-0.04771602885691435,-0.2708613837860729,0.2562412790154851,0.20499265348424045
5,test,2022-11-01,esn_selected,0.1220539527277252,-0.17687172498309514,0.2784552178472514,0.20650643436150076
5,test,2022-11-02,esn_selected,0.004273089658168088,-0.13396520443111135,0.2634475824225811,0.22943416507186776
5,test,2022-11-03,esn_selected,-0.005387424899784553,-0.13531448496366094,0.2609053598461033,0.229116515518093
5,test,2022-11-04,esn_selected,0.06387470492867799,-0.1375979804475265,0.2639140293777321,0.21575655641328081
5,test,2022-11-07,esn_selected,0.0713621200079425,-0.1747852197503957,0.2667675759673797,0.20856076498174414
5,test,2022-11-08,esn_selected,0.07021670790374882,-0.123931846362367,0.2661515676909991,0.2191852791352286
5,test,2022-11-09,esn_selected,-0.0055244929691611365,-0.10473494567246189,0.2571840561666948,0.2328935652546839
5,test,2022-11-10,esn_selected,-0.5600975446799614,-0.3910344436170105,0.1754748469551319,0.2077964119149549
5,test,2022-11-11,esn_selected,-0.5074994916891598,-0.41845554031504983,0.1794551122313835,0.19616753350218116
5,test,2022-11-14,esn_selected,-0.4684629916675464,-0.3491192055690806,0.1788888322298428,0.20156428242970983
5,test,2022-11-15,esn_selected,-0.4696140439811157,-0.32954846075004335,0.1777942367416796,0.20452546511277292
5,test,2022-11-16,esn_selected,-0.3703663525744057,-0.3662593838188837,0.1964686759715093,0.19727722589329916
5,test,2022-11-17,esn_selected,-0.3445202965348502,-0.3310005077117257,0.2006453244080643,0.20337642718864468
5,test,2022-11-18,esn_selected,-0.29073867123692687,-0.3420525451712009,0.202271351750544,0.19215382968361017
5,test,2022-11-21,esn_selected,-0.2807689361000714,-0.38144519214684713,0.2019159682656851,0.18257761241353881
5,test,2022-11-22,esn_selected,-0.2679713110831727,-0.4703833234374872,0.2032093898670545,0.1659729647694024
5,test,2022-11-23,esn_selected,-0.24153574162278352,-0.5213336990678571,0.2083224254400236,0.15747851627595277
5,test,2022-11-25,esn_selected,-0.23422031745757818,-0.556176477517394,0.2093134508053907,0.15169572919629504
5,test,2022-11-28,esn_selected,-0.2432669646351568,-0.44867126191753626,0.2018629455151254,0.16438063476655332
5,test,2022-11-29,esn_selected,-0.21535310271625316,-0.41720369868491397,0.2065962476329387,0.16883396866409262
5,test,2022-11-30,esn_selected,-0.40385456145590215,-0.5538646142879339,0.1859360295314082,0.16003501490927752
5,test,2022-12-01,esn_selected,-0.34728413428053206,-0.4837183466536364,0.1861532549367418,0.16241196048972162
5,test,2022-12-02,esn_selected,-0.3346028756600966,-0.4752554416088684,0.1867096730662759,0.16221170352875247
5,test,2022-12-05,esn_selected,-0.39748796526900676,-0.3851360369282473,0.1773518191462626,0.17955604127957864
5,test,2022-12-06,esn_selected,-0.4243315064469643,-0.3090479523525316,0.1745212081356631,0.19584623282900118
5,test,2022-12-07,esn_selected,-0.32610357601581896,-0.2972266596837714,0.1920896852877608,0.19771750908624094
5,test,2022-12-08,esn_selected,-0.30228039462330325,-0.34303274665351513,0.1900926539752712,0.18250165724354458
5,test,2022-12-09,esn_selected,0.07872564893954019,-0.10101844395882846,0.1898475457685396,0.15861458509547924
5,test,2022-12-12,esn_selected,0.04802611803558773,-0.0015671717274622155,0.1882839552439521,0.17917409551139055
5,test,2022-12-13,esn_selected,0.04336528662068961,0.04255255873652509,0.1868170602405432,0.18666529048855673
5,test,2022-12-14,esn_selected,0.044760389656470466,0.06071538307359287,0.1859331681147897,0.18892352269634602
5,test,2022-12-15,esn_selected,-0.1808336062784076,0.10787110735710158,0.1639676910313546,0.21884727588337738
5,test,2022-12-16,esn_selected,-0.17623943411455814,0.11559267885583095,0.1682244938159498,0.22523211058538198
5,test,2022-12-19,esn_selected,-0.18858866954938042,0.10186321632863589,0.1675063819770957,0.22396131538642916
5,test,2022-12-20,esn_selected,-0.1160154526980301,0.055978063167092605,0.1797983885370402,0.21354117587874852
5,test,2022-12-21,esn_selected,-0.13784049658433875,-0.07334139303011523,0.1770436704818218,0.18883913811810457
5,test,2022-12-22,esn_selected,-0.20575769631562463,0.0709953289481503,0.169580765421102,0.22365000019658304
5,test,2022-12-23,esn_selected,-0.21773192230073252,0.02276904780988337,0.1683593984267283,0.21413399006105896
5,test,2022-12-27,esn_selected,-0.1589205309474709,0.06164790997345609,0.1722020417245436,0.2146989661498926
5,test,2022-12-28,esn_selected,-0.21528299101081386,0.07812250953323109,0.1665812874233216,0.223383249413538
5,test,2022-12-29,esn_selected,-0.14735021007170584,0.03393487947176214,0.1604612494922751,0.1923540273856025
5,test,2022-12-30,esn_selected,-0.1004733506053421,0.09539544217232593,0.168358718990132,0.204786040228797
5,test,2023-01-03,esn_selected,-0.08299809581453368,0.1999422726929143,0.1718387890162545,0.2280345454581379
5,test,2023-01-04,esn_selected,-0.0006160358225788796,0.17868183843615862,0.1772425977180793,0.21204897814668675
5,test,2023-01-05,esn_selected,0.01193456721010998,0.20327115047497663,0.1766165216836836,0.21385910734980215
5,test,2023-01-06,esn_selected,-0.19086993327832563,0.07870321510221506,0.1587121906958229,0.20781860106789632
5,test,2023-01-09,esn_selected,-0.13995464320222573,0.14659144081812409,0.1652661099937541,0.2201046349330416
5,test,2023-01-10,esn_selected,-0.12231407839865714,0.06551582371930179,0.1679904749352954,0.2027020532888776
5,test,2023-01-11,esn_selected,-0.13273034760963243,0.027847742455913427,0.1648804846431692,0.19360092757273492
5,test,2023-01-12,esn_selected,-0.1267137857987875,-0.03695360353003329,0.1645831748708206,0.18003949563315352
5,test,2023-01-13,esn_selected,-0.0945457054561084,-0.06739110111638902,0.1691594214525186,0.17381581373632327
5,test,2023-01-17,esn_selected,0.030478085298989686,0.029832331423670238,0.1690420478476195,0.1689329235276483
5,test,2023-01-18,esn_selected,-0.051755764805660645,0.0985089856691142,0.1597393773034683,0.18563982018835998
5,test,2023-01-19,esn_selected,-0.014322221310048906,0.11307714879883299,0.165124416737017,0.1875599637019904
5,test,2023-01-20,esn_selected,-0.1690761847512547,-0.004601060255761703,0.1518297723799201,0.17897302554598035
5,test,2023-01-23,esn_selected,-0.08519073458340969,-0.020996044618479724,0.1625857725258886,0.17336520541695977
5,test,2023-01-24,esn_selected,-0.041945263796471455,-0.0013221993270262555,0.1626147720003063,0.16935669401336156
5,test,2023-01-25,esn_selected,-0.028088759760409598,0.04463986083418603,0.1636961901923428,0.176045209039179
5,test,2023-01-26,esn_selected,-0.051627718909410654,-0.032564897885834734,0.1635372396291447,0.16668462446539314
5,test,2023-01-27,esn_selected,-0.016962538284809512,-0.01418209725518347,0.1637794760537563,0.1642354888934109
5,test,2023-01-30,esn_selected,-0.01498234112507609,0.07429979290420075,0.1580750841219586,0.17283757318354817
5,test,2023-01-31,esn_selected,-0.11569856820907264,-0.0078147164077749,0.1499644651318289,0.16704817079724962
5,test,2023-02-01,esn_selected,-0.15086777553660624,-0.04448125332964172,0.1477747254180441,0.16436269006797158
5,test,2023-02-02,esn_selected,-0.16921471837670235,-0.060687239530986814,0.1496508156019928,0.1668061172133307
5,test,2023-02-03,esn_selected,-0.1987321702509308,-0.039019693125075014,0.1447848239973305,0.16985771991398688
5,test,2023-02-06,esn_selected,-0.03480298064724318,0.06948578026926881,0.153283547812589,0.17013261494135234
5,test,2023-02-07,esn_selected,-0.1219376806556028,0.03734960179818605,0.1462941443008337,0.17155545453432985
5,test,2023-02-08,esn_selected,-0.07585899953498264,0.05323370373169749,0.1557182495153781,0.17717553861593588
5,test,2023-02-09,esn_selected,-0.02316493061679592,0.11797945002925433,0.1611049386199123,0.1855269818108965
5,test,2023-02-10,esn_selected,-0.022185614195583844,0.09605651906811483,0.1609720022092784,0.18117666116664477
5,test,2023-02-13,esn_selected,-0.01837195840382764,0.017077917716739964,0.1660800056628619,0.17207312128006666
5,test,2023-02-14,esn_selected,-0.008815017037257901,0.014729427867569485,0.1675584877263012,0.17155036821046235
5,test,2023-02-15,esn_selected,0.10936126120013401,0.0023907305063705577,0.1781997044479166,0.1601217279724472
5,test,2023-02-16,esn_selected,0.06539675719483445,0.08419358641201138,0.1762839395152749,0.17962885705679946
5,test,2023-02-17,esn_selected,0.16634112550423188,0.14658209693792665,0.1793073011745217,0.17579913619169674
5,test,2023-02-21,esn_selected,0.048401444961128595,0.22261565512018328,0.1706487138248422,0.20312495845703638
5,test,2023-02-22,esn_selected,0.108038848541891,0.22212838895360026,0.1811676580761216,0.20306221920980974
5,test,2023-02-23,esn_selected,0.09739068727150593,0.17891061689816073,0.180440827451077,0.19576654020864714
5,test,2023-02-24,esn_selected,0.0841200802472569,0.1958307109444347,0.177889186729458,0.19891377525733334
5,test,2023-02-27,esn_selected,0.08103047749843173,0.17681255136351495,0.1776031101036707,0.19545563370772737
5,test,2023-02-28,esn_selected,0.11474841482359582,0.17470377466713066,0.1772956274552231,0.18825057305204068
5,test,2023-03-01,esn_selected,0.20476537830330133,0.19927722901068634,0.1840419545015813,0.1830346713675429
5,test,2023-03-02,esn_selected,0.21462775890810765,0.1704952190534029,0.1831520619662628,0.1752448620500951
5,test,2023-03-03,esn_selected,0.19114284801477852,0.06923979135152038,0.1811721224867674,0.16037975563237614
5,test,2023-03-06,esn_selected,0.22687588912649537,0.10711600336117282,0.1816577744721167,0.16115468355608104
5,test,2023-03-07,esn_selected,0.12852738806606231,0.137183663004257,0.1743067796094325,0.17582217640043807
5,test,2023-03-08,esn_selected,0.1760707568165212,0.1479467939247126,0.1744590491522717,0.16962092187556987
5,test,2023-03-09,esn_selected,0.039805633693866166,0.26404518179891917,0.1620417333198135,0.2027742848725889
5,test,2023-03-10,esn_selected,-0.047365356086838506,0.32676757409820184,0.1536520436610459,0.22336864416672683
5,test,2023-03-13,esn_selected,-0.04706369350469588,0.39415973148199285,0.1535715768492947,0.23874360222130417
5,test,2023-03-14,esn_selected,-0.1506373855826092,0.2368104615204497,0.1428553026640356,0.21045673458742772
5,test,2023-03-15,esn_selected,-0.11954139142919297,0.31343535128526123,0.1486792170402611,0.2292396177135208
5,test,2023-03-16,esn_selected,-0.2736916131798847,0.16249795405113474,0.1355327411607442,0.20964231372791248
5,test,2023-03-17,esn_selected,-0.3078914128968088,0.24496883722604526,0.1295678361008988,0.22521709980150711
5,test,2023-03-20,esn_selected,-0.36033105392666387,0.1491816818661256,0.1250570516394734,0.20815495578684393
5,test,2023-03-21,esn_selected,-0.38455346739686275,0.015071190478231414,0.1161698879521693,0.17324007146801582
5,test,2023-03-22,esn_selected,-0.5869046308523056,0.0574378621789512,0.1007375136737609,0.19187819169006345
5,test,2023-03-23,esn_selected,-0.5870513771672871,0.08834438434678894,0.1003186400932295,0.19710710922140537
5,test,2023-03-24,esn_selected,-0.5996157353551702,0.03427244697185523,0.0976651776775789,0.1840915626507751
5,test,2023-03-27,esn_selected,-0.45406321075018824,-0.026150285868493807,0.1127855391137513,0.1730189379423109
5,test,2023-03-28,esn_selected,-0.4459498974672707,-0.08982319243946613,0.1135074704236087,0.16206465466680325
5,test,2023-03-29,esn_selected,-0.40207905890131784,-0.2338625741179595,0.1231107905721833,0.14566379191499818
5,test,2023-03-30,esn_selected,-0.3816213766627245,-0.2826178368904486,0.1250477132968527,0.13806145479320125
5,test,2023-03-31,esn_selected,-0.45616273712410016,-0.33503182723149605,0.1148107126430651,0.1295951946782151
5,test,2023-04-03,esn_selected,-0.4074305844352678,-0.3332723286399851,0.120867387378538,0.13017142404401383
5,test,2023-04-04,esn_selected,-0.3590618403445803,-0.2734572529413844,0.1217238564679368,0.13260298582581406
5,test,2023-04-05,esn_selected,-0.3417111418914886,-0.2511409889903505,0.1239624747554156,0.13571390764563884
5,test,2023-04-06,esn_selected,-0.15094611158777294,-0.22356135648903197,0.1393387200218606,0.12957923646897812
5,test,2023-04-10,esn_selected,-0.0981013036157463,-0.1265813838202889,0.1392943452092413,0.13538319044904792
5,test,2023-04-11,esn_selected,-0.09136765547172988,-0.08800724824459621,0.1401620287432875,0.14063382250325543
5,test,2023-04-12,esn_selected,-0.01741722358526726,-0.008596652329546796,0.1403887029319691,0.14163248887683028
5,test,2023-04-13,esn_selected,-0.11528524130759571,-0.09145166588540057,0.1324898234114204,0.13568546006479673
5,test,2023-04-14,esn_selected,-0.02423921024043974,-0.022179993359901912,0.1322870302021149,0.13255971855365326
5,test,2023-04-17,esn_selected,0.020421310440291596,-0.0001011870648726476,0.1322409827862827,0.12955472617515051
5,test,2023-04-18,esn_selected,0.07164691085328673,0.03777777962192436,0.1343457844432699,0.12987180206176915
5,test,2023-04-19,esn_selected,0.1937513207006141,0.08260294907899511,0.1410063594311222,0.12617333296944075
5,test,2023-04-20,esn_selected,0.3555459823716524,0.22140919940487422,0.1437483558085993,0.12570368849383354
5,test,2023-04-21,esn_selected,0.36017498663438063,0.25390633509065347,0.1438148211441445,0.12931584932610782
5,test,2023-04-24,esn_selected,0.3867005470704344,0.2865302845007313,0.1437744312389138,0.13007033714652888
5,test,2023-04-25,esn_selected,0.20192328419769473,0.3290314998230613,0.1380217685312606,0.15672922444806217
5,test,2023-04-26,esn_selected,0.2069387933256325,0.3458694120060503,0.1396036654503653,0.16041080651832482
5,test,2023-04-27,esn_selected,0.012175593078231876,0.16246508493501496,0.1246188998936697,0.1448284257693581
5,test,2023-04-28,esn_selected,0.033065068060441745,0.0933017372445172,0.1292515413823511,0.13727649560902583
5,test,2023-05-01,esn_selected,0.11814531748811996,0.15011964763078695,0.1292088532652997,0.13340697825476927
5,test,2023-05-02,esn_selected,0.02879146210397807,0.2355548369207781,0.1243979168524704,0.1529710686043611
5,test,2023-05-03,esn_selected,0.038533918571200615,0.2662836285674097,0.1265058973193618,0.15886243454776547
5,test,2023-05-04,esn_selected,0.07809933986552667,0.3089238957044295,0.134031954337899,0.16883177290674725
5,test,2023-05-05,esn_selected,-0.17173497074774594,0.07344362636096188,0.1173513977065018,0.14995742641554866
5,test,2023-05-08,esn_selected,-0.1692892978191207,0.048300313375980126,0.1176012880026968,0.14618743489674704
5,test,2023-05-09,esn_selected,-0.17884429008601954,0.052711890010197424,0.1172085482158593,0.14774842429728324
5,test,2023-05-10,esn_selected,-0.17379287722577272,0.021240909962738915,0.1179926279697103,0.14340258218461033
5,test,2023-05-11,esn_selected,-0.11580803407788036,0.03858044529260414,0.1180015551901874,0.13770122244992025
5,test,2023-05-12,esn_selected,-0.07939903026759387,0.08552456968555111,0.1221897302631297,0.14409871748020842
5,test,2023-05-15,esn_selected,-0.06600631559526783,0.06854107509283343,0.123794083674698,0.1416227681588426
5,test,2023-05-16,esn_selected,-0.10002527066496612,0.09406985965388871,0.1215580208288314,0.14759718155090393
5,test,2023-05-17,esn_selected,-0.1457635176352525,-0.006372083975912403,0.121880550893569,0.1401107116695947
5,test,2023-05-18,esn_selected,-0.2002829446988629,-0.07094015108357529,0.1176579042144644,0.13390412926893946
5,test,2023-05-19,esn_selected,-0.18952337365415628,-0.01466059849818373,0.1189856781375594,0.14172178982750075
5,test,2023-05-22,esn_selected,-0.17770783054329037,0.01056037428888984,0.1203660830730093,0.14530078831185322
5,test,2023-05-23,esn_selected,-0.18927032140352856,0.10388301364423012,0.1142216768826389,0.15313110185307696
5,test,2023-05-24,esn_selected,-0.19839324265290123,0.1740573437959286,0.1144816106178851,0.16614564622699868
5,test,2023-05-25,esn_selected,-0.11332450771974338,0.19069351344478325,0.1112673397331122,0.15079990005902644
5,test,2023-05-26,esn_selected,-0.1741624762260841,0.1262004282140325,0.1085920241854753,0.14663710588122178
5,test,2023-05-30,esn_selected,-0.1737737403280965,0.14203265388647954,0.1085983672002145,0.1489279700554583
5,test,2023-05-31,esn_selected,-0.1441495420514473,0.19133099152740737,0.1076985254239304,0.1506284827747101
5,test,2023-06-01,esn_selected,-0.1354270264185503,0.08017451012103376,0.1104830261645152,0.13706611988888276
5,test,2023-06-02,esn_selected,-0.31198141172713195,-0.04377085857594789,0.0981107384599108,0.1282918027300968
5,test,2023-06-05,esn_selected,-0.18003513768036047,0.04125390833020686,0.0980166826323445,0.12229384827425942
5,test,2023-06-06,esn_selected,-0.1460731600727493,0.007903881280710066,0.1016186242340663,0.11853447767358527
5,test,2023-06-07,esn_selected,-0.14616096053773894,0.027039178117068196,0.1012703679749955,0.12042100642149553
5,test,2023-06-08,esn_selected,-0.17158975401019247,-0.01360287464257964,0.0993881005451452,0.11639845628330651
5,test,2023-06-09,esn_selected,-0.14855358230592558,0.012644731294758321,0.1017118913163815,0.11950312662454628
5,test,2023-06-12,esn_selected,-0.19410234186922012,0.009351341682625674,0.1006322377333368,0.12333772747221751
5,test,2023-06-13,esn_selected,-0.19527356720398856,-0.03043527810925714,0.1018342002014756,0.12008313464449093
5,test,2023-06-14,esn_selected,-0.1776709003950739,-0.02275910088405603,0.1017705516847287,0.11882271419704579
5,test,2023-06-15,esn_selected,-0.2735304189934967,-0.014596163626233345,0.092713218340906,0.12011448269473601
5,test,2023-06-16,esn_selected,-0.20758972425300606,-0.003342927207064101,0.0956017927796715,0.11726523909646747
5,test,2023-06-20,esn_selected,-0.23429925935427426,0.030532205033131594,0.0941325480554639,0.12267460218287078
5,test,2023-06-21,esn_selected,-0.23325200957583148,0.008518187674846668,0.0953243971492922,0.12139576323666681
5,test,2023-06-22,esn_selected,-0.18993823455728226,0.013992299648923987,0.0944624933299643,0.11583113456021873
5,test,2023-06-23,esn_selected,-0.21957870206655986,0.07202002454878756,0.091912358873018,0.12303073825789705
5,test,2023-06-26,esn_selected,-0.1981063983062576,0.14766791887912448,0.0912706595956608,0.12897307872777172
5,test,2023-06-27,esn_selected,-0.2728655676737571,0.11208134292877633,0.0826597177928597,0.12147145605707282
5,test,2023-06-28,esn_selected,-0.23391901992605504,0.12088491991207206,0.0859475608288838,0.12255271847542067
5,test,2023-06-29,esn_selected,-0.1620562255621402,0.12641445830812048,0.0915861140632179,0.12221115787346296
5,test,2023-06-30,esn_selected,-0.2999737247966008,0.08522500219250059,0.0818499894555952,0.12031182354465074
5,test,2023-07-03,esn_selected,-0.17477064897902597,0.14751329659266807,0.0823786396716683,0.11370531228358717
5,test,2023-07-05,esn_selected,-0.01998122793196087,0.21625639665392243,0.0960776258369543,0.12167993232502264
5,test,2023-07-06,esn_selected,-0.09403144377180411,0.28348305097119436,0.0924987734068415,0.13492376007222545
5,test,2023-07-07,esn_selected,-0.08028128295948722,0.28837018020214583,0.0934580402306125,0.13512010250793344
5,test,2023-07-10,esn_selected,-0.013984865682802765,0.28934305079311573,0.0980078451471102,0.13273775893581047
5,test,2023-07-11,esn_selected,-0.05127134969505298,0.24002146276066028,0.0966284172081981,0.12930393060306627
5,test,2023-07-12,esn_selected,-0.05374273785896379,0.15682697029263035,0.0953667440748528,0.11771890613484641
5,test,2023-07-13,esn_selected,-0.11079969596391821,0.1346460335748007,0.0911536283376591,0.11651173949179408
5,test,2023-07-14,esn_selected,-0.11021088346691497,0.14691121456811437,0.0911503100467932,0.11787585574036666
5,test,2023-07-17,esn_selected,-0.003321509185855958,0.18543547494555485,0.092405781394505,0.11160284361305149
5,test,2023-07-18,esn_selected,0.023429442520793323,0.18166954600479227,0.0978681353877588,0.11464737563510985
5,test,2023-07-19,esn_selected,0.07034389446075923,0.23413700349504912,0.1009926527544676,0.11896637358029884
5,test,2023-07-20,esn_selected,0.06645793773063197,0.26613881852138094,0.1018747094255712,0.12439034939477306
5,test,2023-07-21,esn_selected,0.07568144688486754,0.2551941885399845,0.1018890327256418,0.12192389617899167
5,test,2023-07-24,esn_selected,0.11633745142343176,0.2637278168710181,0.1032520362808725,0.11964910317737709
5,test,2023-07-25,esn_selected,0.1232988563374782,0.2536715512989522,0.1032474185613816,0.11762492080990217
5,test,2023-07-26,esn_selected,0.290089167166644,0.2833884697016226,0.1104785696326524,0.10974076083852626
5,test,2023-07-27,esn_selected,0.3233001114010867,0.3754281560743173,0.1187520212559967,0.12510651676301202
5,test,2023-07-28,esn_selected,0.23897432476203437,0.2820251635852591,0.1163094127992176,0.12142597654576733
5,test,2023-07-31,esn_selected,0.3680096894867932,0.34224716816893264,0.118261451542234,0.1152536490206722
5,test,2023-08-01,esn_selected,0.44354431582131787,0.3722714084875691,0.1283640659449643,0.11953360969583028
5,test,2023-08-02,esn_selected,0.21596280953625477,0.39369095584020125,0.119237735405843,0.14242954024908855
5,test,2023-08-03,esn_selected,0.2512166312799274,0.39653772426807404,0.1189153642455444,0.13751501459944826
5,test,2023-08-04,esn_selected,0.2332339823413218,0.44105627424189997,0.1180073074773794,0.14526633377116413
5,test,2023-08-07,esn_selected,0.15933432427709615,0.307458876530862,0.114936735656745,0.13328722745061802
5,test,2023-08-08,esn_selected,0.18599197964379718,0.34502999711390847,0.1163804832539367,0.13644244386956073
5,test,2023-08-09,esn_selected,0.18232468282041328,0.3561459595020391,0.1144404506331408,0.13616615698869144
5,test,2023-08-10,esn_selected,0.22853488348794243,0.3929401967120469,0.1145579937094751,0.13502858587862496
5,test,2023-08-11,esn_selected,0.24862759213582952,0.33951307509365086,0.1168787993345129,0.1279990673689873
5,test,2023-08-14,esn_selected,0.2349267062607753,0.29032872901842294,0.1168763165513214,0.12353422891990971
5,test,2023-08-15,esn_selected,0.11050771096642173,0.32853711647780576,0.1093035338476327,0.135932458242658
5,test,2023-08-16,esn_selected,0.08923994669494499,0.32790060720234865,0.110419606798281,0.14018295296767577
5,test,2023-08-17,esn_selected,0.12425856345263564,0.3578967233019826,0.1153536102952739,0.1457132198723322
5,test,2023-08-18,esn_selected,0.12417096413095591,0.3320159679302546,0.115359722815126,0.14201039718756156
5,test,2023-08-21,esn_selected,0.0926839894649196,0.29293466189807305,0.113279355780151,0.13839440490693805
5,test,2023-08-22,esn_selected,0.1296020451702086,0.2861460721758536,0.1175343081090465,0.1374519363084022
5,test,2023-08-23,esn_selected,0.12806295583366842,0.1487430820682945,0.1255726553320253,0.1281965514349424
5,test,2023-08-24,esn_selected,-0.026344542321526554,0.1911636083860105,0.1156644031236963,0.14376802631376065
5,test,2023-08-25,esn_selected,-0.02073687221211129,0.13429065673279644,0.1139223549647532,0.13302600673764287
5,test,2023-08-28,esn_selected,0.04276916657997432,0.06995003111719356,0.1234291159113652,0.12683003659246728
5,test,2023-08-29,esn_selected,-0.13249169173222072,-0.06327828442298629,0.1124353961344948,0.12049306596583151
5,test,2023-08-30,esn_selected,-0.05057439088562252,-0.06020724519346714,0.1133573123185738,0.11227060031663277
5,test,2023-08-31,esn_selected,-0.046027134632033354,-0.055103584483154444,0.1135660811880547,0.11253996812367077
5,test,2023-09-01,esn_selected,-0.039983324522633,-0.07457815978204764,0.1133820654513693,0.10952670387622138
5,test,2023-09-05,esn_selected,0.0604281813249129,-0.011547570242783928,0.1220962946232297,0.11361712941485151
5,test,2023-09-06,esn_selected,0.05095639247987326,0.04884922968969941,0.1224645063696119,0.1222067254072806
5,test,2023-09-07,esn_selected,0.06383939004801698,0.053606428690579334,0.1219845010325659,0.12074260332982982
5,test,2023-09-08,esn_selected,0.11770720404743501,0.019972845783067128,0.128867970287098,0.1168690451626909
5,test,2023-09-11,esn_selected,0.0967997558965658,-0.023469671220466115,0.1287583318247567,0.11416763189292481
5,test,2023-09-12,esn_selected,0.09556280175734838,0.0018837902627635832,0.1285964303848208,0.11709669452615937
5,test,2023-09-13,esn_selected,0.1683652064397107,0.013241832238766321,0.1293463813681909,0.11076053832040246
5,test,2023-09-14,esn_selected,0.1443407402073384,-0.03637389757782322,0.1275653083859597,0.10647538357664275
5,test,2023-09-15,esn_selected,0.051018690505517196,0.03600473797219276,0.1213915137841409,0.11958256110393835
5,test,2023-09-18,esn_selected,0.09560102894246057,0.06820636186859998,0.1269326079679688,0.12350252888016444
5,test,2023-09-19,esn_selected,0.1121123986535273,0.09453836401656998,0.1267186584918584,0.12451115458813733
5,test,2023-09-20,esn_selected,0.11105968481118873,0.1376859824107699,0.1313400760354207,0.13488414938120355
5,test,2023-09-21,esn_selected,-0.03401070360067337,0.19862647370652306,0.1213736512635546,0.15316426787880916
5,test,2023-09-22,esn_selected,0.10770328837631526,0.24622887947972216,0.1288174402186171,0.1479570162786331
5,test,2023-09-25,esn_selected,0.11730503059828008,0.22067260602186037,0.1281014015802397,0.14205150819035053
5,test,2023-09-26,esn_selected,-0.02953567904608815,0.2592901489351389,0.1198368640970246,0.15996534211567598
5,test,2023-09-27,esn_selected,0.14787073777993498,0.31743025345082587,0.130353440961388,0.15444052234299172
5,test,2023-09-28,esn_selected,0.17949697747594467,0.279223916711311,0.1356450928435112,0.1498700825631506
5,test,2023-09-29,esn_selected,0.1826771342981515,0.29739668785376616,0.1363277638944003,0.15289961095111207
5,test,2023-10-02,esn_selected,0.22997595917444397,0.2967267435727396,0.1426992380541914,0.15254962750539774
5,test,2023-10-03,esn_selected,0.10980197071586673,0.34849778506437107,0.1362664287567975,0.1730028068018735
5,test,2023-10-04,esn_selected,0.12670792558875288,0.26863388518099995,0.139007678090756,0.16020514164161148
5,test,2023-10-05,esn_selected,0.2361233278533295,0.2545347375503679,0.1544726910566483,0.15734309405787753
5,test,2023-10-06,esn_selected,0.165996468949879,0.15867224183331807,0.1521375221884577,0.15102730313432225
5,test,2023-10-09,esn_selected,0.15710521017262394,0.1467639420373286,0.1506625338855357,0.1491125205896485
5,test,2023-10-10,esn_selected,0.15309766188106352,0.10968377688371407,0.1498712685256031,0.1435039887236079
5,test,2023-10-11,esn_selected,0.1427253600575567,0.040378597869967066,0.1491897958182106,0.1346760857592435
5,test,2023-10-12,esn_selected,0.1633116901265933,0.08981245773259862,0.1501958555718745,0.13955250548121131
5,test,2023-10-13,esn_selected,0.26957982657295676,0.22742743128935963,0.1589517663364319,0.15239081989673087
5,test,2023-10-16,esn_selected,0.19709388360301794,0.09961182780132766,0.1545859393279643,0.1402277837885842
5,test,2023-10-17,esn_selected,0.2877175833311395,0.15743420775290187,0.1689642112836681,0.1483246643738262
5,test,2023-10-18,esn_selected,0.21159141583027136,0.2130146742856287,0.1622894347750445,0.16252057903529626
5,test,2023-10-19,esn_selected,0.2718935143909505,0.3604866167870478,0.1592965132607969,0.1740531010652698
5,test,2023-10-20,esn_selected,0.17331369604430588,0.339534605339227,0.1531947374659621,0.1808975439130947
5,test,2023-10-23,esn_selected,0.1936447036287394,0.31952990718450713,0.1554721869819683,0.17632908624359886
5,test,2023-10-24,esn_selected,0.2466874581589616,0.27210729714759607,0.1533647099777552,0.15731318844252382
5,test,2023-10-25,esn_selected,0.10766396567680063,0.297917327567599,0.1451711663145673,0.17559265730962298
5,test,2023-10-26,esn_selected,0.02261255799223971,0.2958427572925706,0.1387473178060428,0.18234210502819387
5,test,2023-10-27,esn_selected,0.011868382662879477,0.3100580276562599,0.1379553935241013,0.1858834831170218
5,test,2023-10-30,esn_selected,-0.08254334125387873,0.16438748544910162,0.1313933956958189,0.1681954456908632
5,test,2023-10-31,esn_selected,-0.050741451676945416,0.10832379046394203,0.1295245647874249,0.15185646944559322
5,test,2023-11-01,esn_selected,-0.10851605181821117,0.016868094978541005,0.1247127531180292,0.1413723605831306
5,test,2023-11-02,esn_selected,-0.3670944408608081,-0.16688302407944766,0.1070100636602508,0.13073002250469315
5,test,2023-11-03,esn_selected,-0.38294785689463806,-0.2255786536750086,0.103734734003644,0.12141400195985833
5,test,2023-11-06,esn_selected,-0.3762835959830291,-0.22429194580725986,0.1034159147707707,0.12039169053673192
5,test,2023-11-07,esn_selected,-0.3661946455782404,-0.23509819802706122,0.103915915801192,0.11847222178355793
5,test,2023-11-08,esn_selected,-0.329308855320017,-0.2505877235403841,0.107330240095116,0.11612086278579312
5,test,2023-11-09,esn_selected,-0.36005568424690304,-0.18969530609149873,0.1047822578229109,0.12424368517293623
5,test,2023-11-10,esn_selected,-0.5658265573591275,-0.301305109935979,0.0902672073741586,0.11760078256277574
5,test,2023-11-13,esn_selected,-0.5228568109939583,-0.24223171503978072,0.0916423381986303,0.12133052926617267
5,test,2023-11-14,esn_selected,-0.7708726334444879,-0.37315828897490544,0.0781643992629439,0.11634136089364112
5,test,2023-11-15,esn_selected,-0.7246265015020329,-0.334933295917259,0.0786301232925649,0.11609955776344323
5,test,2023-11-16,esn_selected,-0.7047705431514506,-0.3115191463026263,0.0787278356199521,0.11665818725404202
5,test,2023-11-17,esn_selected,-0.6361916647789053,-0.30009697681467884,0.0810866423139954,0.11347844751534078
5,test,2023-11-20,esn_selected,-0.6725328722378918,-0.33811196244190866,0.0793552003376554,0.11086961722676839
5,test,2023-11-21,esn_selected,-0.4978125083475673,-0.30872938390085775,0.0932241027843911,0.11262789566443071
5,test,2023-11-22,esn_selected,-0.3918124723966416,-0.31432950027522943,0.0981111511312397,0.10601536148640071
5,test,2023-11-24,esn_selected,-0.3441683219476154,-0.3022235407569297,0.0983454321940435,0.10255824494499538
5,test,2023-11-27,esn_selected,-0.32908384161006504,-0.25999351587337965,0.0992703122404884,0.10637141467039872
5,test,2023-11-28,esn_selected,-0.27889162167747844,-0.18874406707624833,0.0994151207229915,0.10879352030676391
5,test,2023-11-29,esn_selected,-0.26479116866759944,-0.1309276445502652,0.0993927709305954,0.11362947186589775
5,test,2023-11-30,esn_selected,-0.23144192357220672,-0.10000490867222092,0.0989456979680941,0.11284421161086727
5,test,2023-12-01,esn_selected,-0.08047711731389662,-0.014905536053944866,0.0987356192792739,0.1054268499352918
5,test,2023-12-04,esn_selected,-0.024467235104492384,0.10234641408395577,0.1012274303531644,0.11491393078960134
5,test,2023-12-05,esn_selected,-0.01505400181154172,0.1444096651940859,0.1018707510320199,0.11948233426626045
5,test,2023-12-06,esn_selected,-0.02871601128789289,0.18194767729451417,0.1009743030202914,0.12465248523923059
5,test,2023-12-07,esn_selected,0.020400268727988728,0.14666369019666278,0.1095422923504594,0.12428460380711073
5,test,2023-12-08,esn_selected,0.035901337647905034,0.137881652078485,0.1086124236948033,0.12027323515351214
5,test,2023-12-11,esn_selected,0.1938687655191109,0.21285396649720392,0.10957869949841,0.11167894685673045
5,test,2023-12-12,esn_selected,0.16783965295559974,0.2126035838936532,0.1083896955797108,0.11335187927287295
5,test,2023-12-13,esn_selected,0.21493370144527824,0.2599540846712819,0.0969066353625176,0.10136910660756038
5,test,2023-12-14,esn_selected,0.2111754408313454,0.3494240950680424,0.0971183477631206,0.11151721449572717
5,test,2023-12-15,esn_selected,0.22852429763954069,0.3765630931344412,0.0989407398251809,0.11472751462736311
5,test,2023-12-18,esn_selected,0.22832325131895298,0.3631727287574698,0.101884670530858,0.11659320195577665
5,test,2023-12-19,esn_selected,0.3161650547584269,0.3460892432538601,0.1088639607563253,0.1121708577816435
5,test,2023-12-20,esn_selected,0.04209600771475098,0.37398874676791954,0.0972322366770748,0.13550317185790023
5,test,2023-12-21,esn_selected,-0.06580133626954644,0.3003557742894728,0.091863124763516,0.13248332725397782
5,test,2023-12-22,esn_selected,-0.07030959769101898,0.2567766911395338,0.0916682885095538,0.127136687918459
5,test,2023-12-26,esn_selected,-0.07099888886134198,0.21674489196312982,0.0924666156147963,0.12329642900697418
5,test,2023-12-27,esn_selected,-0.07367181109037294,0.17722877739039983,0.092354313243516,0.11869213019187465
5,test,2023-12-28,esn_selected,-0.029575330002342304,0.16506156602827776,0.0964962409749784,0.11723036727113915
5,test,2023-12-29,esn_selected,-0.03037754171939322,0.17753388531067288,0.0959851654109754,0.11816773280473777
5,test,2024-01-02,esn_selected,0.11324349862982477,0.2179575439623425,0.1105744737195717,0.12278112633828192
5,test,2024-01-03,esn_selected,0.13821757101310533,0.24444405481958537,0.1162319010041279,0.12925844191337493
5,test,2024-01-04,esn_selected,0.1761529485856301,0.24726029134021557,0.1214931413770564,0.1304467574169384
5,test,2024-01-05,esn_selected,0.18984837915141123,0.21652486639282503,0.1220846233234554,0.12538524092769918
5,test,2024-01-08,esn_selected,0.019584013621733315,0.11966908442981873,0.1117087144753469,0.1234677255861997
5,test,2024-01-09,esn_selected,0.06068826876624047,0.12987223527866068,0.1154080453120454,0.12367510856007155
5,test,2024-01-10,esn_selected,0.036651689889764416,0.10211564711231944,0.1136694525864751,0.12135967476240318
5,test,2024-01-11,esn_selected,0.0634049539490593,0.12388340396605041,0.1154846914025857,0.12268455028305361
5,test,2024-01-12,esn_selected,0.17525442614005543,0.18644629020923004,0.1154690373447079,0.11676860986928293
5,test,2024-01-16,esn_selected,0.251138141138007,0.27263939035895624,0.1248444367149378,0.12755781403064612
5,test,2024-01-17,esn_selected,0.25265853500589397,0.3115624449352445,0.1273806207685467,0.1351092253826015
5,test,2024-01-18,esn_selected,0.21111206413646733,0.23634472964936143,0.1258327389770513,0.1290482315105182
5,test,2024-01-19,esn_selected,0.09089022986418266,0.13852848094015316,0.1192222342469219,0.12503922864522055
5,test,2024-01-22,esn_selected,0.21528743271129644,0.1927538683103587,0.1205892017129767,0.1179022837810822
5,test,2024-01-23,esn_selected,0.2687593472556636,0.1844543047832067,0.1201882233880188,0.11047110567803538
5,test,2024-01-24,esn_selected,0.4264456691872586,0.24633379430826066,0.1404177868959578,0.11727367383449437
5,test,2024-01-25,esn_selected,0.4084391791214427,0.25301548123394174,0.1391130408597811,0.11908805153150673
5,test,2024-01-26,esn_selected,0.41349679482789936,0.262750360997762,0.1396485914119358,0.12010697115034039
5,test,2024-01-29,esn_selected,0.3502672014628675,0.22996649231487737,0.1369712781655157,0.12144610040339493
5,test,2024-01-30,esn_selected,0.35596373278142884,0.2166268942623262,0.1370241770861665,0.11920212084784185
5,test,2024-01-31,esn_selected,0.1194943027506071,0.18015351078661354,0.1246093404473094,0.13240200343083944
5,test,2024-02-01,esn_selected,0.035271743318742325,0.07373339833104986,0.1204047622155905,0.12512593878574965
5,test,2024-02-02,esn_selected,-0.05853263480689264,0.02158116537490394,0.114585947753343,0.1241436020991335
5,test,2024-02-05,esn_selected,-0.023037175292063387,0.01969628722599311,0.1193042869654522,0.12451307435682328
5,test,2024-02-06,esn_selected,0.07331364109067706,0.021595722230773825,0.1202061710834544,0.11414738246504963
5,test,2024-02-07,esn_selected,0.05304170310912567,-0.02168287921315163,0.1216947392054665,0.11293260097016969
5,test,2024-02-08,esn_selected,0.08332549166687428,-0.02351928748682803,0.1235468195063519,0.11102722154459828
5,test,2024-02-09,esn_selected,0.05389864119392799,-0.040308078226385394,0.1218799593268043,0.11092229387532601
5,test,2024-02-12,esn_selected,0.10029824949633427,-0.006348116677236645,0.1276510882074324,0.1147383481270499
5,test,2024-02-13,esn_selected,-0.05716299935357331,0.03778386780120685,0.1179080940048079,0.12965179071188643
5,test,2024-02-14,esn_selected,-0.11389577568271383,-0.06828985999024004,0.113668218681114,0.11897218880786116
5,test,2024-02-15,esn_selected,-0.10157354410636556,-0.1080041815489381,0.1136791506718618,0.11295046673133716
5,test,2024-02-16,esn_selected,-0.04266648182533337,-0.03169590745476443,0.1142424317085227,0.11550263674926771
5,test,2024-02-20,esn_selected,-0.05395457876168049,0.054360157366571765,0.1142552708983269,0.12732589469620856
5,test,2024-02-21,esn_selected,-0.011668847438242248,0.07979828801193992,0.1187939161456135,0.13017208816399506
5,test,2024-02-22,esn_selected,-0.39423889203111145,-0.11004341402403973,0.0946686858653886,0.12578558572720927
5,test,2024-02-23,esn_selected,-0.3827113251126405,-0.12601848590998663,0.0948764502128778,0.12264185503592295
5,test,2024-02-26,esn_selected,-0.39063651338392635,-0.12848550715775742,0.0944898756136481,0.12281064512269209
5,test,2024-02-27,esn_selected,-0.3712978161138784,-0.13852464954696614,0.0944880564092115,0.11925291881142197
5,test,2024-02-28,esn_selected,-0.32568050935545956,-0.11293077015377466,0.0989363660188138,0.12239170708213298
5,test,2024-02-29,esn_selected,-0.23903995130754008,-0.04042719536735661,0.0981153292368613,0.11967220398896852
5,test,2024-03-01,esn_selected,-0.26316503896975413,-0.04122220383828288,0.092544910573783,0.11554232135903565
5,test,2024-03-04,esn_selected,-0.18536464967968141,0.04911970094076522,0.095198151741531,0.1203548999719397
5,test,2024-03-05,esn_selected,-0.30031287547604146,0.13153587451496146,0.0883551411075722,0.13607594340879142
5,test,2024-03-06,esn_selected,-0.2157653194361508,0.12930585228541677,0.0968770880470867,0.1367992076578967
5,test,2024-03-07,esn_selected,-0.2211100022266482,0.09054191084482202,0.0975539705803584,0.13322743193228442
5,test,2024-03-08,esn_selected,-0.26058443073883314,0.14470803484549022,0.0952053139271028,0.14278331829023982
5,test,2024-03-11,esn_selected,-0.24658663422433746,0.1842362582023339,0.0952447587435166,0.14653625593220193
5,test,2024-03-12,esn_selected,-0.3021093569293138,0.0678516150432541,0.0943669882879732,0.13661302358515034
5,test,2024-03-13,esn_selected,-0.18585599518434986,0.10460692325724782,0.0979100755940749,0.13091030314764748
5,test,2024-03-14,esn_selected,-0.03815316353218632,0.198575466889569,0.1094131057111908,0.13863704202105653
5,test,2024-03-15,esn_selected,0.017218144099892727,0.2087631055141368,0.11565344271636,0.14007011491423835
